padd,padd_name,month,model,fold,actual_stock_t1_kb,prediction_kb
1,East Coast,2008-11-01,Persistence,1,14564.0,13903.0
1,East Coast,2008-12-01,Persistence,1,13179.0,14564.0
1,East Coast,2009-01-01,Persistence,1,14751.0,13179.0
1,East Coast,2009-02-01,Persistence,1,15742.0,14751.0
1,East Coast,2009-03-01,Persistence,1,14641.0,15742.0
1,East Coast,2009-04-01,Persistence,1,12901.0,14641.0
1,East Coast,2009-05-01,Persistence,1,14309.0,12901.0
1,East Coast,2009-06-01,Persistence,1,11143.0,14309.0
1,East Coast,2009-07-01,Persistence,1,13542.0,11143.0
1,East Coast,2009-08-01,Persistence,1,14255.0,13542.0
1,East Coast,2009-09-01,Persistence,1,11767.0,14255.0
1,East Coast,2009-10-01,Persistence,1,10672.0,11767.0
1,East Coast,2009-11-01,Persistence,1,12630.0,10672.0
1,East Coast,2009-12-01,Persistence,1,14051.0,12630.0
1,East Coast,2010-01-01,Persistence,1,11478.0,14051.0
1,East Coast,2010-02-01,Persistence,1,13450.0,11478.0
1,East Coast,2010-03-01,Persistence,1,10769.0,13450.0
1,East Coast,2010-04-01,Persistence,1,11665.0,10769.0
1,East Coast,2010-05-01,Persistence,1,11864.0,11665.0
1,East Coast,2010-06-01,Persistence,1,11631.0,11864.0
1,East Coast,2010-07-01,Persistence,1,9503.0,11631.0
1,East Coast,2008-11-01,Linear regression,1,14564.0,15053.39883897232
1,East Coast,2008-12-01,Linear regression,1,13179.0,15446.53214166967
1,East Coast,2009-01-01,Linear regression,1,14751.0,14484.449953014255
1,East Coast,2009-02-01,Linear regression,1,15742.0,16359.613079167462
1,East Coast,2009-03-01,Linear regression,1,14641.0,16539.27334654959
1,East Coast,2009-04-01,Linear regression,1,12901.0,16339.271976299264
1,East Coast,2009-05-01,Linear regression,1,14309.0,14812.690544008925
1,East Coast,2009-06-01,Linear regression,1,11143.0,15150.076444133349
1,East Coast,2009-07-01,Linear regression,1,13542.0,13617.322890351363
1,East Coast,2009-08-01,Linear regression,1,14255.0,14830.28913480294
1,East Coast,2009-09-01,Linear regression,1,11767.0,15263.443501561962
1,East Coast,2009-10-01,Linear regression,1,10672.0,14083.693306396035
1,East Coast,2009-11-01,Linear regression,1,12630.0,14660.12919354514
1,East Coast,2009-12-01,Linear regression,1,14051.0,15715.859602218838
1,East Coast,2010-01-01,Linear regression,1,11478.0,16413.976217981384
1,East Coast,2010-02-01,Linear regression,1,13450.0,15260.930823159037
1,East Coast,2010-03-01,Linear regression,1,10769.0,16073.487958311454
1,East Coast,2010-04-01,Linear regression,1,11665.0,14411.616661960294
1,East Coast,2010-05-01,Linear regression,1,11864.0,14376.69276170082
1,East Coast,2010-06-01,Linear regression,1,11631.0,14700.73145993634
1,East Coast,2010-07-01,Linear regression,1,9503.0,14448.811268615911
1,East Coast,2008-11-01,Random forest,1,14564.0,14451.132977790727
1,East Coast,2008-12-01,Random forest,1,13179.0,14547.734904280904
1,East Coast,2009-01-01,Random forest,1,14751.0,14465.497376651127
1,East Coast,2009-02-01,Random forest,1,15742.0,14559.052897028898
1,East Coast,2009-03-01,Random forest,1,14641.0,14559.052897028898
1,East Coast,2009-04-01,Random forest,1,12901.0,14559.052897028898
1,East Coast,2009-05-01,Random forest,1,14309.0,14469.091373802126
1,East Coast,2009-06-01,Random forest,1,11143.0,14500.818091408595
1,East Coast,2009-07-01,Random forest,1,13542.0,14465.497376651127
1,East Coast,2009-08-01,Random forest,1,14255.0,14465.497376651127
1,East Coast,2009-09-01,Random forest,1,11767.0,14480.437264892518
1,East Coast,2009-10-01,Random forest,1,10672.0,14461.562984913237
1,East Coast,2009-11-01,Random forest,1,12630.0,14465.497376651127
1,East Coast,2009-12-01,Random forest,1,14051.0,14469.091373802126
1,East Coast,2010-01-01,Random forest,1,11478.0,14466.21481824657
1,East Coast,2010-02-01,Random forest,1,13450.0,14461.562984913237
1,East Coast,2010-03-01,Random forest,1,10769.0,14465.497376651127
1,East Coast,2010-04-01,Random forest,1,11665.0,14465.497376651127
1,East Coast,2010-05-01,Random forest,1,11864.0,14436.85884077959
1,East Coast,2010-06-01,Random forest,1,11631.0,14436.85884077959
1,East Coast,2010-07-01,Random forest,1,9503.0,14436.85884077959
1,East Coast,2008-11-01,XGBoost,1,14564.0,14259.9208984375
1,East Coast,2008-12-01,XGBoost,1,13179.0,14714.453125
1,East Coast,2009-01-01,XGBoost,1,14751.0,14259.9208984375
1,East Coast,2009-02-01,XGBoost,1,15742.0,14714.453125
1,East Coast,2009-03-01,XGBoost,1,14641.0,14714.453125
1,East Coast,2009-04-01,XGBoost,1,12901.0,14714.453125
1,East Coast,2009-05-01,XGBoost,1,14309.0,14259.9208984375
1,East Coast,2009-06-01,XGBoost,1,11143.0,14410.3603515625
1,East Coast,2009-07-01,XGBoost,1,13542.0,14259.9208984375
1,East Coast,2009-08-01,XGBoost,1,14255.0,14259.9208984375
1,East Coast,2009-09-01,XGBoost,1,11767.0,14259.9208984375
1,East Coast,2009-10-01,XGBoost,1,10672.0,14259.9208984375
1,East Coast,2009-11-01,XGBoost,1,12630.0,14259.9208984375
1,East Coast,2009-12-01,XGBoost,1,14051.0,14259.9208984375
1,East Coast,2010-01-01,XGBoost,1,11478.0,14259.9208984375
1,East Coast,2010-02-01,XGBoost,1,13450.0,14259.9208984375
1,East Coast,2010-03-01,XGBoost,1,10769.0,14259.9208984375
1,East Coast,2010-04-01,XGBoost,1,11665.0,14259.9208984375
1,East Coast,2010-05-01,XGBoost,1,11864.0,14244.9931640625
1,East Coast,2010-06-01,XGBoost,1,11631.0,14244.9931640625
1,East Coast,2010-07-01,XGBoost,1,9503.0,14244.9931640625
1,East Coast,2008-11-01,Neural network,1,14564.0,14961.74906316336
1,East Coast,2008-12-01,Neural network,1,13179.0,15637.755981368091
1,East Coast,2009-01-01,Neural network,1,14751.0,15243.648543923879
1,East Coast,2009-02-01,Neural network,1,15742.0,16575.85672423157
1,East Coast,2009-03-01,Neural network,1,14641.0,16811.941843001816
1,East Coast,2009-04-01,Neural network,1,12901.0,16680.173130529372
1,East Coast,2009-05-01,Neural network,1,14309.0,15845.252974487072
1,East Coast,2009-06-01,Neural network,1,11143.0,15424.893689371736
1,East Coast,2009-07-01,Neural network,1,13542.0,14653.417820149973
1,East Coast,2009-08-01,Neural network,1,14255.0,15514.220978410445
1,East Coast,2009-09-01,Neural network,1,11767.0,15610.970901284578
1,East Coast,2009-10-01,Neural network,1,10672.0,14713.67056975609
1,East Coast,2009-11-01,Neural network,1,12630.0,15938.937585999345
1,East Coast,2009-12-01,Neural network,1,14051.0,15750.461935869567
1,East Coast,2010-01-01,Neural network,1,11478.0,15753.649762319921
1,East Coast,2010-02-01,Neural network,1,13450.0,15391.750982914598
1,East Coast,2010-03-01,Neural network,1,10769.0,15850.121099897511
1,East Coast,2010-04-01,Neural network,1,11665.0,13790.949462350409
1,East Coast,2010-05-01,Neural network,1,11864.0,13569.451032463383
1,East Coast,2010-06-01,Neural network,1,11631.0,13787.608524408704
1,East Coast,2010-07-01,Neural network,1,9503.0,13217.92945212049
1,East Coast,2010-08-01,Persistence,2,10523.0,9503.0
1,East Coast,2010-09-01,Persistence,2,10908.0,10523.0
1,East Coast,2010-10-01,Persistence,2,9514.0,10908.0
1,East Coast,2010-11-01,Persistence,2,9028.0,9514.0
1,East Coast,2010-12-01,Persistence,2,10707.0,9028.0
1,East Coast,2011-01-01,Persistence,2,10556.0,10707.0
1,East Coast,2011-02-01,Persistence,2,11370.0,10556.0
1,East Coast,2011-03-01,Persistence,2,12684.0,11370.0
1,East Coast,2011-04-01,Persistence,2,12504.0,12684.0
1,East Coast,2011-05-01,Persistence,2,11733.0,12504.0
1,East Coast,2011-06-01,Persistence,2,12160.0,11733.0
1,East Coast,2011-07-01,Persistence,2,12382.0,12160.0
1,East Coast,2011-08-01,Persistence,2,11002.0,12382.0
1,East Coast,2011-09-01,Persistence,2,10358.0,11002.0
1,East Coast,2011-10-01,Persistence,2,10670.0,10358.0
1,East Coast,2011-11-01,Persistence,2,9794.0,10670.0
1,East Coast,2011-12-01,Persistence,2,10424.0,9794.0
1,East Coast,2012-01-01,Persistence,2,11309.0,10424.0
1,East Coast,2012-02-01,Persistence,2,12229.0,11309.0
1,East Coast,2012-03-01,Persistence,2,10923.0,12229.0
1,East Coast,2012-04-01,Persistence,2,10414.0,10923.0
1,East Coast,2010-08-01,Linear regression,2,10523.0,11106.464562491443
1,East Coast,2010-09-01,Linear regression,2,10908.0,11674.177319632632
1,East Coast,2010-10-01,Linear regression,2,9514.0,11680.95949644579
1,East Coast,2010-11-01,Linear regression,2,9028.0,10872.945280223707
1,East Coast,2010-12-01,Linear regression,2,10707.0,10679.113829315698
1,East Coast,2011-01-01,Linear regression,2,10556.0,11699.258932117242
1,East Coast,2011-02-01,Linear regression,2,11370.0,11465.975080095239
1,East Coast,2011-03-01,Linear regression,2,12684.0,12066.711624751711
1,East Coast,2011-04-01,Linear regression,2,12504.0,12658.012701277505
1,East Coast,2011-05-01,Linear regression,2,11733.0,12710.767923429892
1,East Coast,2011-06-01,Linear regression,2,12160.0,12251.692620936366
1,East Coast,2011-07-01,Linear regression,2,12382.0,12598.263848438077
1,East Coast,2011-08-01,Linear regression,2,11002.0,12753.462205518455
1,East Coast,2011-09-01,Linear regression,2,10358.0,11816.192300286948
1,East Coast,2011-10-01,Linear regression,2,10670.0,11596.927621982122
1,East Coast,2011-11-01,Linear regression,2,9794.0,11578.734469641313
1,East Coast,2011-12-01,Linear regression,2,10424.0,11014.1003928699
1,East Coast,2012-01-01,Linear regression,2,11309.0,11346.102817831603
1,East Coast,2012-02-01,Linear regression,2,12229.0,11778.156373804788
1,East Coast,2012-03-01,Linear regression,2,10923.0,12369.570450420797
1,East Coast,2012-04-01,Linear regression,2,10414.0,11575.795797681782
1,East Coast,2010-08-01,Random forest,2,10523.0,12424.122547380559
1,East Coast,2010-09-01,Random forest,2,10908.0,12411.219426505522
1,East Coast,2010-10-01,Random forest,2,9514.0,12411.219426505522
1,East Coast,2010-11-01,Random forest,2,9028.0,12411.219426505522
1,East Coast,2010-12-01,Random forest,2,10707.0,12424.122547380559
1,East Coast,2011-01-01,Random forest,2,10556.0,12425.374991825003
1,East Coast,2011-02-01,Random forest,2,11370.0,12411.86810815937
1,East Coast,2011-03-01,Random forest,2,12684.0,12411.219426505522
1,East Coast,2011-04-01,Random forest,2,12504.0,12442.609850099627
1,East Coast,2011-05-01,Random forest,2,11733.0,12431.637374220387
1,East Coast,2011-06-01,Random forest,2,12160.0,12424.122547380559
1,East Coast,2011-07-01,Random forest,2,12382.0,12462.291024853996
1,East Coast,2011-08-01,Random forest,2,11002.0,12439.283937425971
1,East Coast,2011-09-01,Random forest,2,10358.0,12424.122547380559
1,East Coast,2011-10-01,Random forest,2,10670.0,12404.554239339746
1,East Coast,2011-11-01,Random forest,2,9794.0,12421.975558744196
1,East Coast,2011-12-01,Random forest,2,10424.0,12404.554239339746
1,East Coast,2012-01-01,Random forest,2,11309.0,12420.381102936115
1,East Coast,2012-02-01,Random forest,2,12229.0,12421.975558744196
1,East Coast,2012-03-01,Random forest,2,10923.0,12425.374991825003
1,East Coast,2012-04-01,Random forest,2,10414.0,12411.219426505522
1,East Coast,2010-08-01,XGBoost,2,10523.0,12335.646484375
1,East Coast,2010-09-01,XGBoost,2,10908.0,12037.6162109375
1,East Coast,2010-10-01,XGBoost,2,9514.0,12054.658203125
1,East Coast,2010-11-01,XGBoost,2,9028.0,12054.658203125
1,East Coast,2010-12-01,XGBoost,2,10707.0,12335.646484375
1,East Coast,2011-01-01,XGBoost,2,10556.0,12332.015625
1,East Coast,2011-02-01,XGBoost,2,11370.0,12171.056640625
1,East Coast,2011-03-01,XGBoost,2,12684.0,12045.669921875
1,East Coast,2011-04-01,XGBoost,2,12504.0,12151.10546875
1,East Coast,2011-05-01,XGBoost,2,11733.0,12151.10546875
1,East Coast,2011-06-01,XGBoost,2,12160.0,12267.4130859375
1,East Coast,2011-07-01,XGBoost,2,12382.0,12349.83984375
1,East Coast,2011-08-01,XGBoost,2,11002.0,12332.015625
1,East Coast,2011-09-01,XGBoost,2,10358.0,12335.646484375
1,East Coast,2011-10-01,XGBoost,2,10670.0,12128.9970703125
1,East Coast,2011-11-01,XGBoost,2,9794.0,12191.478515625
1,East Coast,2011-12-01,XGBoost,2,10424.0,12128.9970703125
1,East Coast,2012-01-01,XGBoost,2,11309.0,12243.9833984375
1,East Coast,2012-02-01,XGBoost,2,12229.0,12151.10546875
1,East Coast,2012-03-01,XGBoost,2,10923.0,12332.015625
1,East Coast,2012-04-01,XGBoost,2,10414.0,12054.658203125
1,East Coast,2010-08-01,Neural network,2,10523.0,10239.812429499787
1,East Coast,2010-09-01,Neural network,2,10908.0,11004.16163368744
1,East Coast,2010-10-01,Neural network,2,9514.0,11054.132261643093
1,East Coast,2010-11-01,Neural network,2,9028.0,10147.296381079208
1,East Coast,2010-12-01,Neural network,2,10707.0,9873.130952179403
1,East Coast,2011-01-01,Neural network,2,10556.0,10801.013768245175
1,East Coast,2011-02-01,Neural network,2,11370.0,11140.29465094155
1,East Coast,2011-03-01,Neural network,2,12684.0,11041.509052103096
1,East Coast,2011-04-01,Neural network,2,12504.0,11642.492022989205
1,East Coast,2011-05-01,Neural network,2,11733.0,11502.501627007987
1,East Coast,2011-06-01,Neural network,2,12160.0,11356.70659097821
1,East Coast,2011-07-01,Neural network,2,12382.0,11528.196167722359
1,East Coast,2011-08-01,Neural network,2,11002.0,11565.518162504413
1,East Coast,2011-09-01,Neural network,2,10358.0,10647.560757655545
1,East Coast,2011-10-01,Neural network,2,10670.0,10520.130092316405
1,East Coast,2011-11-01,Neural network,2,9794.0,10607.910902076444
1,East Coast,2011-12-01,Neural network,2,10424.0,9934.118273576267
1,East Coast,2012-01-01,Neural network,2,11309.0,9757.691408542403
1,East Coast,2012-02-01,Neural network,2,12229.0,10558.331590486478
1,East Coast,2012-03-01,Neural network,2,10923.0,10416.302710107175
1,East Coast,2012-04-01,Neural network,2,10414.0,10090.433699471356
1,East Coast,2012-05-01,Persistence,3,9445.0,10414.0
1,East Coast,2012-06-01,Persistence,3,9937.0,9445.0
1,East Coast,2012-07-01,Persistence,3,10588.0,9937.0
1,East Coast,2012-08-01,Persistence,3,10210.0,10588.0
1,East Coast,2012-09-01,Persistence,3,9739.0,10210.0
1,East Coast,2012-10-01,Persistence,3,11056.0,9739.0
1,East Coast,2012-11-01,Persistence,3,8170.0,11056.0
1,East Coast,2012-12-01,Persistence,3,10187.0,8170.0
1,East Coast,2013-01-01,Persistence,3,11715.0,10187.0
1,East Coast,2013-02-01,Persistence,3,11514.0,11715.0
1,East Coast,2013-03-01,Persistence,3,11253.0,11514.0
1,East Coast,2013-04-01,Persistence,3,10288.0,11253.0
1,East Coast,2013-05-01,Persistence,3,9957.0,10288.0
1,East Coast,2013-06-01,Persistence,3,10447.0,9957.0
1,East Coast,2013-07-01,Persistence,3,11437.0,10447.0
1,East Coast,2013-08-01,Persistence,3,10172.0,11437.0
1,East Coast,2013-09-01,Persistence,3,11143.0,10172.0
1,East Coast,2013-10-01,Persistence,3,10738.0,11143.0
1,East Coast,2013-11-01,Persistence,3,10145.0,10738.0
1,East Coast,2013-12-01,Persistence,3,10084.0,10145.0
1,East Coast,2014-01-01,Persistence,3,10542.0,10084.0
1,East Coast,2012-05-01,Linear regression,3,9445.0,10610.15721724883
1,East Coast,2012-06-01,Linear regression,3,9937.0,10072.950254073607
1,East Coast,2012-07-01,Linear regression,3,10588.0,10319.30815584346
1,East Coast,2012-08-01,Linear regression,3,10210.0,10877.864021635147
1,East Coast,2012-09-01,Linear regression,3,9739.0,10353.808864546296
1,East Coast,2012-10-01,Linear regression,3,11056.0,10132.824809890797
1,East Coast,2012-11-01,Linear regression,3,8170.0,10924.247485250029
1,East Coast,2012-12-01,Linear regression,3,10187.0,9109.874709244023
1,East Coast,2013-01-01,Linear regression,3,11715.0,10571.155104682963
1,East Coast,2013-02-01,Linear regression,3,11514.0,10789.325597456735
1,East Coast,2013-03-01,Linear regression,3,11253.0,10939.589119816354
1,East Coast,2013-04-01,Linear regression,3,10288.0,10732.958987681637
1,East Coast,2013-05-01,Linear regression,3,9957.0,10435.014677774732
1,East Coast,2013-06-01,Linear regression,3,10447.0,9907.59790436837
1,East Coast,2013-07-01,Linear regression,3,11437.0,10276.107196693185
1,East Coast,2013-08-01,Linear regression,3,10172.0,11133.21300967907
1,East Coast,2013-09-01,Linear regression,3,11143.0,10521.930980942809
1,East Coast,2013-10-01,Linear regression,3,10738.0,10374.126802044837
1,East Coast,2013-11-01,Linear regression,3,10145.0,9989.627216702756
1,East Coast,2013-12-01,Linear regression,3,10084.0,9617.597990422091
1,East Coast,2014-01-01,Linear regression,3,10542.0,9543.243445241264
1,East Coast,2012-05-01,Random forest,3,9445.0,10766.68682269912
1,East Coast,2012-06-01,Random forest,3,9937.0,10727.08621243877
1,East Coast,2012-07-01,Random forest,3,10588.0,10772.855045309843
1,East Coast,2012-08-01,Random forest,3,10210.0,10777.17397814335
1,East Coast,2012-09-01,Random forest,3,9739.0,10777.17397814335
1,East Coast,2012-10-01,Random forest,3,11056.0,10779.05575844638
1,East Coast,2012-11-01,Random forest,3,8170.0,10912.551813748521
1,East Coast,2012-12-01,Random forest,3,10187.0,10779.05575844638
1,East Coast,2013-01-01,Random forest,3,11715.0,10779.05575844638
1,East Coast,2013-02-01,Random forest,3,11514.0,11411.426220712945
1,East Coast,2013-03-01,Random forest,3,11253.0,11380.871693517916
1,East Coast,2013-04-01,Random forest,3,10288.0,11359.651671613896
1,East Coast,2013-05-01,Random forest,3,9957.0,10906.895173895326
1,East Coast,2013-06-01,Random forest,3,10447.0,10912.484263028417
1,East Coast,2013-07-01,Random forest,3,11437.0,10902.1324418087
1,East Coast,2013-08-01,Random forest,3,10172.0,11478.12643325515
1,East Coast,2013-09-01,Random forest,3,11143.0,10728.9679927418
1,East Coast,2013-10-01,Random forest,3,10738.0,11109.797901145517
1,East Coast,2013-11-01,Random forest,3,10145.0,10809.254899867052
1,East Coast,2013-12-01,Random forest,3,10084.0,10868.32489584443
1,East Coast,2014-01-01,Random forest,3,10542.0,10779.05575844638
1,East Coast,2012-05-01,XGBoost,3,9445.0,10919.625
1,East Coast,2012-06-01,XGBoost,3,9937.0,10844.10546875
1,East Coast,2012-07-01,XGBoost,3,10588.0,10965.0693359375
1,East Coast,2012-08-01,XGBoost,3,10210.0,10935.97265625
1,East Coast,2012-09-01,XGBoost,3,9739.0,10930.947265625
1,East Coast,2012-10-01,XGBoost,3,11056.0,10925.1845703125
1,East Coast,2012-11-01,XGBoost,3,8170.0,10991.6396484375
1,East Coast,2012-12-01,XGBoost,3,10187.0,10930.947265625
1,East Coast,2013-01-01,XGBoost,3,11715.0,10925.1845703125
1,East Coast,2013-02-01,XGBoost,3,11514.0,11418.755859375
1,East Coast,2013-03-01,XGBoost,3,11253.0,11374.029296875
1,East Coast,2013-04-01,XGBoost,3,10288.0,11360.00390625
1,East Coast,2013-05-01,XGBoost,3,9957.0,10979.6123046875
1,East Coast,2013-06-01,XGBoost,3,10447.0,10972.2626953125
1,East Coast,2013-07-01,XGBoost,3,11437.0,10925.1845703125
1,East Coast,2013-08-01,XGBoost,3,10172.0,11374.029296875
1,East Coast,2013-09-01,XGBoost,3,11143.0,10844.10546875
1,East Coast,2013-10-01,XGBoost,3,10738.0,11360.00390625
1,East Coast,2013-11-01,XGBoost,3,10145.0,10925.1845703125
1,East Coast,2013-12-01,XGBoost,3,10084.0,10925.1845703125
1,East Coast,2014-01-01,XGBoost,3,10542.0,10925.1845703125
1,East Coast,2012-05-01,Neural network,3,9445.0,10209.860486732357
1,East Coast,2012-06-01,Neural network,3,9937.0,9646.440714421466
1,East Coast,2012-07-01,Neural network,3,10588.0,9598.843709078239
1,East Coast,2012-08-01,Neural network,3,10210.0,10164.577620803944
1,East Coast,2012-09-01,Neural network,3,9739.0,9971.58429289547
1,East Coast,2012-10-01,Neural network,3,11056.0,10682.92203213436
1,East Coast,2012-11-01,Neural network,3,8170.0,10305.380024385779
1,East Coast,2012-12-01,Neural network,3,10187.0,8420.855670611201
1,East Coast,2013-01-01,Neural network,3,11715.0,12000.624800800195
1,East Coast,2013-02-01,Neural network,3,11514.0,12906.336238609003
1,East Coast,2013-03-01,Neural network,3,11253.0,13680.718433011916
1,East Coast,2013-04-01,Neural network,3,10288.0,15189.30872971043
1,East Coast,2013-05-01,Neural network,3,9957.0,12505.536015542331
1,East Coast,2013-06-01,Neural network,3,10447.0,15611.15114173124
1,East Coast,2013-07-01,Neural network,3,11437.0,14381.493013481822
1,East Coast,2013-08-01,Neural network,3,10172.0,13158.149272183844
1,East Coast,2013-09-01,Neural network,3,11143.0,8936.974776099261
1,East Coast,2013-10-01,Neural network,3,10738.0,13063.0499069285
1,East Coast,2013-11-01,Neural network,3,10145.0,12045.643158474675
1,East Coast,2013-12-01,Neural network,3,10084.0,16568.982226102024
1,East Coast,2014-01-01,Neural network,3,10542.0,13546.834084182417
1,East Coast,2014-02-01,Persistence,4,10893.0,10542.0
1,East Coast,2014-03-01,Persistence,4,12302.0,10893.0
1,East Coast,2014-04-01,Persistence,4,13846.0,12302.0
1,East Coast,2014-05-01,Persistence,4,11838.0,13846.0
1,East Coast,2014-06-01,Persistence,4,9805.0,11838.0
1,East Coast,2014-07-01,Persistence,4,10256.0,9805.0
1,East Coast,2014-08-01,Persistence,4,10049.0,10256.0
1,East Coast,2014-09-01,Persistence,4,12030.0,10049.0
1,East Coast,2014-10-01,Persistence,4,12754.0,12030.0
1,East Coast,2014-11-01,Persistence,4,14890.0,12754.0
1,East Coast,2014-12-01,Persistence,4,14787.0,14890.0
1,East Coast,2015-01-01,Persistence,4,15115.0,14787.0
1,East Coast,2015-02-01,Persistence,4,15064.0,15115.0
1,East Coast,2015-03-01,Persistence,4,14823.0,15064.0
1,East Coast,2015-04-01,Persistence,4,16615.0,14823.0
1,East Coast,2015-05-01,Persistence,4,15455.0,16615.0
1,East Coast,2015-06-01,Persistence,4,14161.0,15455.0
1,East Coast,2015-07-01,Persistence,4,13910.0,14161.0
1,East Coast,2015-08-01,Persistence,4,14637.0,13910.0
1,East Coast,2015-09-01,Persistence,4,15795.0,14637.0
1,East Coast,2015-10-01,Persistence,4,14984.0,15795.0
1,East Coast,2014-02-01,Linear regression,4,10893.0,9996.765944211034
1,East Coast,2014-03-01,Linear regression,4,12302.0,10244.641675640145
1,East Coast,2014-04-01,Linear regression,4,13846.0,11249.306528245133
1,East Coast,2014-05-01,Linear regression,4,11838.0,12202.961505006337
1,East Coast,2014-06-01,Linear regression,4,9805.0,10962.511824834442
1,East Coast,2014-07-01,Linear regression,4,10256.0,9786.051510903357
1,East Coast,2014-08-01,Linear regression,4,10049.0,9801.89403309604
1,East Coast,2014-09-01,Linear regression,4,12030.0,10017.609760351566
1,East Coast,2014-10-01,Linear regression,4,12754.0,11277.725375416192
1,East Coast,2014-11-01,Linear regression,4,14890.0,11348.145786544243
1,East Coast,2014-12-01,Linear regression,4,14787.0,12628.272004291797
1,East Coast,2015-01-01,Linear regression,4,15115.0,12530.289763438052
1,East Coast,2015-02-01,Linear regression,4,15064.0,12420.748375033954
1,East Coast,2015-03-01,Linear regression,4,14823.0,12888.766727506607
1,East Coast,2015-04-01,Linear regression,4,16615.0,12453.752678903338
1,East Coast,2015-05-01,Linear regression,4,15455.0,13801.830831845376
1,East Coast,2015-06-01,Linear regression,4,14161.0,12926.560668717268
1,East Coast,2015-07-01,Linear regression,4,13910.0,12490.298333504034
1,East Coast,2015-08-01,Linear regression,4,14637.0,12477.57327055338
1,East Coast,2015-09-01,Linear regression,4,15795.0,12451.998765984345
1,East Coast,2015-10-01,Linear regression,4,14984.0,13398.006628207382
1,East Coast,2014-02-01,Random forest,4,10893.0,10296.823227151184
1,East Coast,2014-03-01,Random forest,4,12302.0,10497.04508134906
1,East Coast,2014-04-01,Random forest,4,13846.0,11110.578523149523
1,East Coast,2014-05-01,Random forest,4,11838.0,12531.40468750976
1,East Coast,2014-06-01,Random forest,4,9805.0,11095.212243343747
1,East Coast,2014-07-01,Random forest,4,10256.0,10497.003259970948
1,East Coast,2014-08-01,Random forest,4,10049.0,10495.08273537753
1,East Coast,2014-09-01,Random forest,4,12030.0,10497.003259970948
1,East Coast,2014-10-01,Random forest,4,12754.0,11118.857167596781
1,East Coast,2014-11-01,Random forest,4,14890.0,12448.376102690987
1,East Coast,2014-12-01,Random forest,4,14787.0,13106.079554576409
1,East Coast,2015-01-01,Random forest,4,15115.0,13101.102608189462
1,East Coast,2015-02-01,Random forest,4,15064.0,13085.531963360647
1,East Coast,2015-03-01,Random forest,4,14823.0,13106.079554576409
1,East Coast,2015-04-01,Random forest,4,16615.0,13113.262274856128
1,East Coast,2015-05-01,Random forest,4,15455.0,13126.289110131964
1,East Coast,2015-06-01,Random forest,4,14161.0,13118.239221243075
1,East Coast,2015-07-01,Random forest,4,13910.0,12549.702570166575
1,East Coast,2015-08-01,Random forest,4,14637.0,12542.464747200069
1,East Coast,2015-09-01,Random forest,4,15795.0,12943.264538537123
1,East Coast,2015-10-01,Random forest,4,14984.0,13118.239221243075
1,East Coast,2014-02-01,XGBoost,4,10893.0,10336.0205078125
1,East Coast,2014-03-01,XGBoost,4,12302.0,10349.677734375
1,East Coast,2014-04-01,XGBoost,4,13846.0,11007.8154296875
1,East Coast,2014-05-01,XGBoost,4,11838.0,12317.4912109375
1,East Coast,2014-06-01,XGBoost,4,9805.0,11114.326171875
1,East Coast,2014-07-01,XGBoost,4,10256.0,10560.19921875
1,East Coast,2014-08-01,XGBoost,4,10049.0,10526.572265625
1,East Coast,2014-09-01,XGBoost,4,12030.0,10560.19921875
1,East Coast,2014-10-01,XGBoost,4,12754.0,11120.9775390625
1,East Coast,2014-11-01,XGBoost,4,14890.0,12285.85546875
1,East Coast,2014-12-01,XGBoost,4,14787.0,13256.6728515625
1,East Coast,2015-01-01,XGBoost,4,15115.0,13268.5576171875
1,East Coast,2015-02-01,XGBoost,4,15064.0,13235.5556640625
1,East Coast,2015-03-01,XGBoost,4,14823.0,13256.6728515625
1,East Coast,2015-04-01,XGBoost,4,16615.0,13268.5576171875
1,East Coast,2015-05-01,XGBoost,4,15455.0,13305.7666015625
1,East Coast,2015-06-01,XGBoost,4,14161.0,13305.7666015625
1,East Coast,2015-07-01,XGBoost,4,13910.0,12434.28515625
1,East Coast,2015-08-01,XGBoost,4,14637.0,12449.6982421875
1,East Coast,2015-09-01,XGBoost,4,15795.0,13083.6748046875
1,East Coast,2015-10-01,XGBoost,4,14984.0,13305.7666015625
1,East Coast,2014-02-01,Neural network,4,10893.0,9909.285323503205
1,East Coast,2014-03-01,Neural network,4,12302.0,10142.264369799002
1,East Coast,2014-04-01,Neural network,4,13846.0,10851.096765277842
1,East Coast,2014-05-01,Neural network,4,11838.0,11425.689341301853
1,East Coast,2014-06-01,Neural network,4,9805.0,11703.358144863898
1,East Coast,2014-07-01,Neural network,4,10256.0,9918.99687578184
1,East Coast,2014-08-01,Neural network,4,10049.0,11159.281091802752
1,East Coast,2014-09-01,Neural network,4,12030.0,10899.808645543608
1,East Coast,2014-10-01,Neural network,4,12754.0,11765.055852045702
1,East Coast,2014-11-01,Neural network,4,14890.0,13116.292655594172
1,East Coast,2014-12-01,Neural network,4,14787.0,12632.902670933683
1,East Coast,2015-01-01,Neural network,4,15115.0,13032.246501359688
1,East Coast,2015-02-01,Neural network,4,15064.0,11538.87994452781
1,East Coast,2015-03-01,Neural network,4,14823.0,12530.053020415606
1,East Coast,2015-04-01,Neural network,4,16615.0,12507.630244062624
1,East Coast,2015-05-01,Neural network,4,15455.0,14970.145789319045
1,East Coast,2015-06-01,Neural network,4,14161.0,13504.006028221698
1,East Coast,2015-07-01,Neural network,4,13910.0,13903.768807637349
1,East Coast,2015-08-01,Neural network,4,14637.0,13303.288594760044
1,East Coast,2015-09-01,Neural network,4,15795.0,12193.766460928366
1,East Coast,2015-10-01,Neural network,4,14984.0,13471.69295870577
1,East Coast,2015-11-01,Persistence,5,16151.0,14984.0
1,East Coast,2015-12-01,Persistence,5,18005.0,16151.0
1,East Coast,2016-01-01,Persistence,5,20742.0,18005.0
1,East Coast,2016-02-01,Persistence,5,19278.0,20742.0
1,East Coast,2016-03-01,Persistence,5,22080.0,19278.0
1,East Coast,2016-04-01,Persistence,5,19368.0,22080.0
1,East Coast,2016-05-01,Persistence,5,18229.0,19368.0
1,East Coast,2016-06-01,Persistence,5,19348.0,18229.0
1,East Coast,2016-07-01,Persistence,5,19605.0,19348.0
1,East Coast,2016-08-01,Persistence,5,16292.0,19605.0
1,East Coast,2016-09-01,Persistence,5,19574.0,16292.0
1,East Coast,2016-10-01,Persistence,5,15731.0,19574.0
1,East Coast,2016-11-01,Persistence,5,13812.0,15731.0
1,East Coast,2016-12-01,Persistence,5,17923.0,13812.0
1,East Coast,2017-01-01,Persistence,5,16550.0,17923.0
1,East Coast,2017-02-01,Persistence,5,18812.0,16550.0
1,East Coast,2017-03-01,Persistence,5,17348.0,18812.0
1,East Coast,2017-04-01,Persistence,5,16805.0,17348.0
1,East Coast,2017-05-01,Persistence,5,15773.0,16805.0
1,East Coast,2017-06-01,Persistence,5,16155.0,15773.0
1,East Coast,2017-07-01,Persistence,5,17334.0,16155.0
1,East Coast,2015-11-01,Linear regression,5,16151.0,14518.598551745725
1,East Coast,2015-12-01,Linear regression,5,18005.0,15528.127991276158
1,East Coast,2016-01-01,Linear regression,5,20742.0,16965.58949453747
1,East Coast,2016-02-01,Linear regression,5,19278.0,19108.663709438246
1,East Coast,2016-03-01,Linear regression,5,22080.0,17930.730234824994
1,East Coast,2016-04-01,Linear regression,5,19368.0,20196.976488757486
1,East Coast,2016-05-01,Linear regression,5,18229.0,18002.920561707688
1,East Coast,2016-06-01,Linear regression,5,19348.0,17121.158357125303
1,East Coast,2016-07-01,Linear regression,5,19605.0,18101.76138843553
1,East Coast,2016-08-01,Linear regression,5,16292.0,18265.43750591414
1,East Coast,2016-09-01,Linear regression,5,19574.0,15541.188897975735
1,East Coast,2016-10-01,Linear regression,5,15731.0,18302.560848751345
1,East Coast,2016-11-01,Linear regression,5,13812.0,15166.525397702704
1,East Coast,2016-12-01,Linear regression,5,17923.0,13637.501310651289
1,East Coast,2017-01-01,Linear regression,5,16550.0,16990.032830996315
1,East Coast,2017-02-01,Linear regression,5,18812.0,15586.84959331262
1,East Coast,2017-03-01,Linear regression,5,17348.0,17528.419786496903
1,East Coast,2017-04-01,Linear regression,5,16805.0,16429.668110042792
1,East Coast,2017-05-01,Linear regression,5,15773.0,16122.35175716751
1,East Coast,2017-06-01,Linear regression,5,16155.0,15337.54554306147
1,East Coast,2017-07-01,Linear regression,5,17334.0,15679.283287088958
1,East Coast,2015-11-01,Random forest,5,16151.0,14920.032258501462
1,East Coast,2015-12-01,Random forest,5,18005.0,14949.334075852112
1,East Coast,2016-01-01,Random forest,5,20742.0,14926.170287562314
1,East Coast,2016-02-01,Random forest,5,19278.0,14662.162622380241
1,East Coast,2016-03-01,Random forest,5,22080.0,14662.162622380241
1,East Coast,2016-04-01,Random forest,5,19368.0,14876.683923175968
1,East Coast,2016-05-01,Random forest,5,18229.0,14930.179885618594
1,East Coast,2016-06-01,Random forest,5,19348.0,14876.683923175968
1,East Coast,2016-07-01,Random forest,5,19605.0,14651.614906927396
1,East Coast,2016-08-01,Random forest,5,16292.0,14876.683923175968
1,East Coast,2016-09-01,Random forest,5,19574.0,14704.233672712626
1,East Coast,2016-10-01,Random forest,5,15731.0,14868.298206906125
1,East Coast,2016-11-01,Random forest,5,13812.0,14752.286741507636
1,East Coast,2016-12-01,Random forest,5,17923.0,13199.138203346372
1,East Coast,2017-01-01,Random forest,5,16550.0,14657.014004149618
1,East Coast,2017-02-01,Random forest,5,18812.0,14495.96201567828
1,East Coast,2017-03-01,Random forest,5,17348.0,14437.896977679997
1,East Coast,2017-04-01,Random forest,5,16805.0,14583.688206533123
1,East Coast,2017-05-01,Random forest,5,15773.0,14784.994319153848
1,East Coast,2017-06-01,Random forest,5,16155.0,14692.228213421016
1,East Coast,2017-07-01,Random forest,5,17334.0,14710.54635909987
1,East Coast,2015-11-01,XGBoost,5,16151.0,14752.1923828125
1,East Coast,2015-12-01,XGBoost,5,18005.0,15007.8076171875
1,East Coast,2016-01-01,XGBoost,5,20742.0,15007.8076171875
1,East Coast,2016-02-01,XGBoost,5,19278.0,14704.3525390625
1,East Coast,2016-03-01,XGBoost,5,22080.0,14769.5068359375
1,East Coast,2016-04-01,XGBoost,5,19368.0,14709.0498046875
1,East Coast,2016-05-01,XGBoost,5,18229.0,14979.34765625
1,East Coast,2016-06-01,XGBoost,5,19348.0,14714.6025390625
1,East Coast,2016-07-01,XGBoost,5,19605.0,14691.462890625
1,East Coast,2016-08-01,XGBoost,5,16292.0,14714.6025390625
1,East Coast,2016-09-01,XGBoost,5,19574.0,14705.4111328125
1,East Coast,2016-10-01,XGBoost,5,15731.0,14714.6025390625
1,East Coast,2016-11-01,XGBoost,5,13812.0,14518.091796875
1,East Coast,2016-12-01,XGBoost,5,17923.0,13170.5712890625
1,East Coast,2017-01-01,XGBoost,5,16550.0,14691.462890625
1,East Coast,2017-02-01,XGBoost,5,18812.0,14455.3115234375
1,East Coast,2017-03-01,XGBoost,5,17348.0,14331.9306640625
1,East Coast,2017-04-01,XGBoost,5,16805.0,14525.30859375
1,East Coast,2017-05-01,XGBoost,5,15773.0,14541.2041015625
1,East Coast,2017-06-01,XGBoost,5,16155.0,14490.923828125
1,East Coast,2017-07-01,XGBoost,5,17334.0,14702.2119140625
1,East Coast,2015-11-01,Neural network,5,16151.0,13974.426735527199
1,East Coast,2015-12-01,Neural network,5,18005.0,14592.844636294352
1,East Coast,2016-01-01,Neural network,5,20742.0,17550.17170908541
1,East Coast,2016-02-01,Neural network,5,19278.0,17505.76009406168
1,East Coast,2016-03-01,Neural network,5,22080.0,18151.94754598151
1,East Coast,2016-04-01,Neural network,5,19368.0,18479.77934401566
1,East Coast,2016-05-01,Neural network,5,18229.0,19002.230299426075
1,East Coast,2016-06-01,Neural network,5,19348.0,16794.01897465926
1,East Coast,2016-07-01,Neural network,5,19605.0,18078.146923774562
1,East Coast,2016-08-01,Neural network,5,16292.0,17326.711404497048
1,East Coast,2016-09-01,Neural network,5,19574.0,15942.4491351342
1,East Coast,2016-10-01,Neural network,5,15731.0,17135.627120797784
1,East Coast,2016-11-01,Neural network,5,13812.0,13097.67557882696
1,East Coast,2016-12-01,Neural network,5,17923.0,12280.926311586401
1,East Coast,2017-01-01,Neural network,5,16550.0,13753.843596596433
1,East Coast,2017-02-01,Neural network,5,18812.0,13620.305879630254
1,East Coast,2017-03-01,Neural network,5,17348.0,13632.658513053848
1,East Coast,2017-04-01,Neural network,5,16805.0,13253.112480404685
1,East Coast,2017-05-01,Neural network,5,15773.0,13213.970203368912
1,East Coast,2017-06-01,Neural network,5,16155.0,12548.636609483694
1,East Coast,2017-07-01,Neural network,5,17334.0,12508.659960917455
1,East Coast,2017-08-01,Persistence,6,11969.0,17334.0
1,East Coast,2017-09-01,Persistence,6,13740.0,11969.0
1,East Coast,2017-10-01,Persistence,6,13016.0,13740.0
1,East Coast,2017-11-01,Persistence,6,11479.0,13016.0
1,East Coast,2017-12-01,Persistence,6,13729.0,11479.0
1,East Coast,2018-01-01,Persistence,6,12392.0,13729.0
1,East Coast,2018-02-01,Persistence,6,12309.0,12392.0
1,East Coast,2018-03-01,Persistence,6,15788.0,12309.0
1,East Coast,2018-04-01,Persistence,6,14913.0,15788.0
1,East Coast,2018-05-01,Persistence,6,16070.0,14913.0
1,East Coast,2018-06-01,Persistence,6,11942.0,16070.0
1,East Coast,2018-07-01,Persistence,6,11359.0,11942.0
1,East Coast,2018-08-01,Persistence,6,12259.0,11359.0
1,East Coast,2018-09-01,Persistence,6,10961.0,12259.0
1,East Coast,2018-10-01,Persistence,6,12290.0,10961.0
1,East Coast,2018-11-01,Persistence,6,11655.0,12290.0
1,East Coast,2018-12-01,Persistence,6,13175.0,11655.0
1,East Coast,2019-01-01,Persistence,6,11704.0,13175.0
1,East Coast,2019-02-01,Persistence,6,13873.0,11704.0
1,East Coast,2019-03-01,Persistence,6,12654.0,13873.0
1,East Coast,2019-04-01,Persistence,6,15125.0,12654.0
1,East Coast,2017-08-01,Linear regression,6,11969.0,17094.731090844893
1,East Coast,2017-09-01,Linear regression,6,13740.0,12418.838422759567
1,East Coast,2017-10-01,Linear regression,6,13016.0,14087.328810088062
1,East Coast,2017-11-01,Linear regression,6,11479.0,13440.565502568616
1,East Coast,2017-12-01,Linear regression,6,13729.0,12127.463134266985
1,East Coast,2018-01-01,Linear regression,6,12392.0,14061.513000006886
1,East Coast,2018-02-01,Linear regression,6,12309.0,12809.706097296823
1,East Coast,2018-03-01,Linear regression,6,15788.0,12842.254247235454
1,East Coast,2018-04-01,Linear regression,6,14913.0,15802.379987600632
1,East Coast,2018-05-01,Linear regression,6,16070.0,15075.840652429
1,East Coast,2018-06-01,Linear regression,6,11942.0,16056.855919897293
1,East Coast,2018-07-01,Linear regression,6,11359.0,12593.324299171622
1,East Coast,2018-08-01,Linear regression,6,12259.0,12161.586098647052
1,East Coast,2018-09-01,Linear regression,6,10961.0,12964.39966624928
1,East Coast,2018-10-01,Linear regression,6,12290.0,11923.19906558153
1,East Coast,2018-11-01,Linear regression,6,11655.0,12939.268356202329
1,East Coast,2018-12-01,Linear regression,6,13175.0,12409.346356719525
1,East Coast,2019-01-01,Linear regression,6,11704.0,13784.185706826067
1,East Coast,2019-02-01,Linear regression,6,13873.0,12313.620662588268
1,East Coast,2019-03-01,Linear regression,6,12654.0,14213.50397776225
1,East Coast,2019-04-01,Linear regression,6,15125.0,13265.126151760353
1,East Coast,2017-08-01,Random forest,6,11969.0,17035.785255174334
1,East Coast,2017-09-01,Random forest,6,13740.0,11555.62273812401
1,East Coast,2017-10-01,Random forest,6,13016.0,14138.411546794936
1,East Coast,2017-11-01,Random forest,6,11479.0,13747.992704522016
1,East Coast,2017-12-01,Random forest,6,13729.0,11241.659277603174
1,East Coast,2018-01-01,Random forest,6,12392.0,14089.914241715775
1,East Coast,2018-02-01,Random forest,6,12309.0,12111.012215684314
1,East Coast,2018-03-01,Random forest,6,15788.0,12350.131077057074
1,East Coast,2018-04-01,Random forest,6,14913.0,15655.535726370115
1,East Coast,2018-05-01,Random forest,6,16070.0,15453.63730535952
1,East Coast,2018-06-01,Random forest,6,11942.0,16044.382027452917
1,East Coast,2018-07-01,Random forest,6,11359.0,11461.23607962864
1,East Coast,2018-08-01,Random forest,6,12259.0,11231.674026472936
1,East Coast,2018-09-01,Random forest,6,10961.0,11776.04114064401
1,East Coast,2018-10-01,Random forest,6,12290.0,10510.90441260137
1,East Coast,2018-11-01,Random forest,6,11655.0,12105.548137123222
1,East Coast,2018-12-01,Random forest,6,13175.0,11277.339354616139
1,East Coast,2019-01-01,Random forest,6,11704.0,13817.177221989068
1,East Coast,2019-02-01,Random forest,6,13873.0,11144.237524577211
1,East Coast,2019-03-01,Random forest,6,12654.0,14030.21527538218
1,East Coast,2019-04-01,Random forest,6,15125.0,13439.028957228313
1,East Coast,2017-08-01,XGBoost,6,11969.0,16707.671875
1,East Coast,2017-09-01,XGBoost,6,13740.0,12039.4794921875
1,East Coast,2017-10-01,XGBoost,6,13016.0,14356.318359375
1,East Coast,2017-11-01,XGBoost,6,11479.0,13816.171875
1,East Coast,2017-12-01,XGBoost,6,13729.0,11568.201171875
1,East Coast,2018-01-01,XGBoost,6,12392.0,14167.58984375
1,East Coast,2018-02-01,XGBoost,6,12309.0,12378.5869140625
1,East Coast,2018-03-01,XGBoost,6,15788.0,12827.060546875
1,East Coast,2018-04-01,XGBoost,6,14913.0,15567.87890625
1,East Coast,2018-05-01,XGBoost,6,16070.0,15608.265625
1,East Coast,2018-06-01,XGBoost,6,11942.0,15858.158203125
1,East Coast,2018-07-01,XGBoost,6,11359.0,11322.2451171875
1,East Coast,2018-08-01,XGBoost,6,12259.0,11442.052734375
1,East Coast,2018-09-01,XGBoost,6,10961.0,12324.201171875
1,East Coast,2018-10-01,XGBoost,6,12290.0,10917.24609375
1,East Coast,2018-11-01,XGBoost,6,11655.0,12142.11328125
1,East Coast,2018-12-01,XGBoost,6,13175.0,11995.09375
1,East Coast,2019-01-01,XGBoost,6,11704.0,14315.6572265625
1,East Coast,2019-02-01,XGBoost,6,13873.0,11441.4658203125
1,East Coast,2019-03-01,XGBoost,6,12654.0,14783.677734375
1,East Coast,2019-04-01,XGBoost,6,15125.0,13942.48828125
1,East Coast,2017-08-01,Neural network,6,11969.0,15201.15550740392
1,East Coast,2017-09-01,Neural network,6,13740.0,12757.624585635986
1,East Coast,2017-10-01,Neural network,6,13016.0,14218.720664953124
1,East Coast,2017-11-01,Neural network,6,11479.0,13529.332536931188
1,East Coast,2017-12-01,Neural network,6,13729.0,12513.035862964096
1,East Coast,2018-01-01,Neural network,6,12392.0,13633.971291526617
1,East Coast,2018-02-01,Neural network,6,12309.0,12525.608323981203
1,East Coast,2018-03-01,Neural network,6,15788.0,12898.667160594847
1,East Coast,2018-04-01,Neural network,6,14913.0,14936.67191674577
1,East Coast,2018-05-01,Neural network,6,16070.0,14331.85609253681
1,East Coast,2018-06-01,Neural network,6,11942.0,15095.95968701416
1,East Coast,2018-07-01,Neural network,6,11359.0,12056.536646809027
1,East Coast,2018-08-01,Neural network,6,12259.0,11673.20117397312
1,East Coast,2018-09-01,Neural network,6,10961.0,12225.62433175558
1,East Coast,2018-10-01,Neural network,6,12290.0,11415.304491678251
1,East Coast,2018-11-01,Neural network,6,11655.0,12701.853241831714
1,East Coast,2018-12-01,Neural network,6,13175.0,12160.204784613088
1,East Coast,2019-01-01,Neural network,6,11704.0,12974.341990147057
1,East Coast,2019-02-01,Neural network,6,13873.0,12410.500968647177
1,East Coast,2019-03-01,Neural network,6,12654.0,14051.554535983578
1,East Coast,2019-04-01,Neural network,6,15125.0,12828.128448029845
1,East Coast,2019-05-01,Persistence,7,14786.0,15125.0
1,East Coast,2019-06-01,Persistence,7,10651.0,14786.0
1,East Coast,2019-07-01,Persistence,7,10412.0,10651.0
1,East Coast,2019-08-01,Persistence,7,9779.0,10412.0
1,East Coast,2019-09-01,Persistence,7,10744.0,9779.0
1,East Coast,2019-10-01,Persistence,7,10698.0,10744.0
1,East Coast,2019-11-01,Persistence,7,9646.0,10698.0
1,East Coast,2019-12-01,Persistence,7,9729.0,9646.0
1,East Coast,2020-01-01,Persistence,7,10374.0,9729.0
1,East Coast,2020-02-01,Persistence,7,11369.0,10374.0
1,East Coast,2020-03-01,Persistence,7,11968.0,11369.0
1,East Coast,2020-04-01,Persistence,7,12820.0,11968.0
1,East Coast,2020-05-01,Persistence,7,12539.0,12820.0
1,East Coast,2020-06-01,Persistence,7,11454.0,12539.0
1,East Coast,2020-07-01,Persistence,7,12065.0,11454.0
1,East Coast,2020-08-01,Persistence,7,11148.0,12065.0
1,East Coast,2020-09-01,Persistence,7,10510.0,11148.0
1,East Coast,2020-10-01,Persistence,7,9916.0,10510.0
1,East Coast,2020-11-01,Persistence,7,9876.0,9916.0
1,East Coast,2020-12-01,Persistence,7,9925.0,9876.0
1,East Coast,2021-01-01,Persistence,7,7396.0,9925.0
1,East Coast,2019-05-01,Linear regression,7,14786.0,15071.725641342171
1,East Coast,2019-06-01,Linear regression,7,10651.0,14810.355933911755
1,East Coast,2019-07-01,Linear regression,7,10412.0,11456.395781722025
1,East Coast,2019-08-01,Linear regression,7,9779.0,11284.807850527373
1,East Coast,2019-09-01,Linear regression,7,10744.0,10770.270862132014
1,East Coast,2019-10-01,Linear regression,7,10698.0,11630.236357314117
1,East Coast,2019-11-01,Linear regression,7,9646.0,11536.710311969568
1,East Coast,2019-12-01,Linear regression,7,9729.0,10662.533723301769
1,East Coast,2020-01-01,Linear regression,7,10374.0,10768.331186260119
1,East Coast,2020-02-01,Linear regression,7,11369.0,11250.657088332491
1,East Coast,2020-03-01,Linear regression,7,11968.0,12039.078127784722
1,East Coast,2020-04-01,Linear regression,7,12820.0,12462.688117313213
1,East Coast,2020-05-01,Linear regression,7,12539.0,13146.352805289916
1,East Coast,2020-06-01,Linear regression,7,11454.0,12942.92933435197
1,East Coast,2020-07-01,Linear regression,7,12065.0,12053.604651863938
1,East Coast,2020-08-01,Linear regression,7,11148.0,12633.09056294402
1,East Coast,2020-09-01,Linear regression,7,10510.0,11915.182159184855
1,East Coast,2020-10-01,Linear regression,7,9916.0,11384.730498066521
1,East Coast,2020-11-01,Linear regression,7,9876.0,10853.796082071545
1,East Coast,2020-12-01,Linear regression,7,9925.0,10846.068350070684
1,East Coast,2021-01-01,Linear regression,7,7396.0,10890.976590046614
1,East Coast,2019-05-01,Random forest,7,14786.0,15347.8574466441
1,East Coast,2019-06-01,Random forest,7,10651.0,15386.143701993073
1,East Coast,2019-07-01,Random forest,7,10412.0,10768.659800413092
1,East Coast,2019-08-01,Random forest,7,9779.0,10963.868030062533
1,East Coast,2019-09-01,Random forest,7,10744.0,10687.824779620589
1,East Coast,2019-10-01,Random forest,7,10698.0,11090.815320502737
1,East Coast,2019-11-01,Random forest,7,9646.0,11074.000769609187
1,East Coast,2019-12-01,Random forest,7,9729.0,10932.503194243101
1,East Coast,2020-01-01,Random forest,7,10374.0,11015.417528704898
1,East Coast,2020-02-01,Random forest,7,11369.0,10704.223149583215
1,East Coast,2020-03-01,Random forest,7,11968.0,11668.801575566358
1,East Coast,2020-04-01,Random forest,7,12820.0,12464.271330662208
1,East Coast,2020-05-01,Random forest,7,12539.0,13444.852027308276
1,East Coast,2020-06-01,Random forest,7,11454.0,13052.81502619238
1,East Coast,2020-07-01,Random forest,7,12065.0,11663.459553347348
1,East Coast,2020-08-01,Random forest,7,11148.0,12234.887239608388
1,East Coast,2020-09-01,Random forest,7,10510.0,11307.14380877789
1,East Coast,2020-10-01,Random forest,7,9916.0,10805.932422605623
1,East Coast,2020-11-01,Random forest,7,9876.0,10932.503194243101
1,East Coast,2020-12-01,Random forest,7,9925.0,10684.460343367027
1,East Coast,2021-01-01,Random forest,7,7396.0,10684.460343367027
1,East Coast,2019-05-01,XGBoost,7,14786.0,14936.5908203125
1,East Coast,2019-06-01,XGBoost,7,10651.0,15421.51953125
1,East Coast,2019-07-01,XGBoost,7,10412.0,10991.3525390625
1,East Coast,2019-08-01,XGBoost,7,9779.0,11922.9287109375
1,East Coast,2019-09-01,XGBoost,7,10744.0,10991.3525390625
1,East Coast,2019-10-01,XGBoost,7,10698.0,11604.267578125
1,East Coast,2019-11-01,XGBoost,7,9646.0,11747.11328125
1,East Coast,2019-12-01,XGBoost,7,9729.0,11747.11328125
1,East Coast,2020-01-01,XGBoost,7,10374.0,11972.5048828125
1,East Coast,2020-02-01,XGBoost,7,11369.0,10980.98046875
1,East Coast,2020-03-01,XGBoost,7,11968.0,11612.060546875
1,East Coast,2020-04-01,XGBoost,7,12820.0,12460.8359375
1,East Coast,2020-05-01,XGBoost,7,12539.0,13596.4326171875
1,East Coast,2020-06-01,XGBoost,7,11454.0,12877.830078125
1,East Coast,2020-07-01,XGBoost,7,12065.0,11615.048828125
1,East Coast,2020-08-01,XGBoost,7,11148.0,11949.107421875
1,East Coast,2020-09-01,XGBoost,7,10510.0,11342.05078125
1,East Coast,2020-10-01,XGBoost,7,9916.0,11028.04296875
1,East Coast,2020-11-01,XGBoost,7,9876.0,11747.11328125
1,East Coast,2020-12-01,XGBoost,7,9925.0,10977.9921875
1,East Coast,2021-01-01,XGBoost,7,7396.0,10977.9921875
1,East Coast,2019-05-01,Neural network,7,14786.0,12471.714436071532
1,East Coast,2019-06-01,Neural network,7,10651.0,12232.949979079043
1,East Coast,2019-07-01,Neural network,7,10412.0,10195.516780433802
1,East Coast,2019-08-01,Neural network,7,9779.0,10357.738095694773
1,East Coast,2019-09-01,Neural network,7,10744.0,9564.885105966301
1,East Coast,2019-10-01,Neural network,7,10698.0,10274.700589123793
1,East Coast,2019-11-01,Neural network,7,9646.0,10299.177765762908
1,East Coast,2019-12-01,Neural network,7,9729.0,9637.61966499823
1,East Coast,2020-01-01,Neural network,7,10374.0,9860.295054057515
1,East Coast,2020-02-01,Neural network,7,11369.0,10228.847244716537
1,East Coast,2020-03-01,Neural network,7,11968.0,11202.268393407536
1,East Coast,2020-04-01,Neural network,7,12820.0,12357.827325602202
1,East Coast,2020-05-01,Neural network,7,12539.0,12828.487882395228
1,East Coast,2020-06-01,Neural network,7,11454.0,12540.489351393453
1,East Coast,2020-07-01,Neural network,7,12065.0,11946.349523651978
1,East Coast,2020-08-01,Neural network,7,11148.0,11624.978010518684
1,East Coast,2020-09-01,Neural network,7,10510.0,11163.16420215647
1,East Coast,2020-10-01,Neural network,7,9916.0,10322.360840259784
1,East Coast,2020-11-01,Neural network,7,9876.0,10005.00527655485
1,East Coast,2020-12-01,Neural network,7,9925.0,9847.219194888152
1,East Coast,2021-01-01,Neural network,7,7396.0,9839.38996855409
1,East Coast,2021-02-01,Persistence,8,8357.0,7396.0
1,East Coast,2021-03-01,Persistence,8,8739.0,8357.0
1,East Coast,2021-04-01,Persistence,8,8347.0,8739.0
1,East Coast,2021-05-01,Persistence,8,7753.0,8347.0
1,East Coast,2021-06-01,Persistence,8,8102.0,7753.0
1,East Coast,2021-07-01,Persistence,8,8501.0,8102.0
1,East Coast,2021-08-01,Persistence,8,7728.0,8501.0
1,East Coast,2021-09-01,Persistence,8,7439.0,7728.0
1,East Coast,2021-10-01,Persistence,8,7418.0,7439.0
1,East Coast,2021-11-01,Persistence,8,7395.0,7418.0
1,East Coast,2021-12-01,Persistence,8,7035.0,7395.0
1,East Coast,2022-01-01,Persistence,8,7823.0,7035.0
1,East Coast,2022-02-01,Persistence,8,6984.0,7823.0
1,East Coast,2022-03-01,Persistence,8,7739.0,6984.0
1,East Coast,2022-04-01,Persistence,8,7120.0,7739.0
1,East Coast,2022-05-01,Persistence,8,8711.0,7120.0
1,East Coast,2022-06-01,Persistence,8,7451.0,8711.0
1,East Coast,2022-07-01,Persistence,8,7044.0,7451.0
1,East Coast,2022-08-01,Persistence,8,7597.0,7044.0
1,East Coast,2022-09-01,Persistence,8,8411.0,7597.0
1,East Coast,2022-10-01,Persistence,8,7340.0,8411.0
1,East Coast,2021-02-01,Linear regression,8,8357.0,8208.678988785163
1,East Coast,2021-03-01,Linear regression,8,8739.0,9025.127949502821
1,East Coast,2021-04-01,Linear regression,8,8347.0,9349.668535344805
1,East Coast,2021-05-01,Linear regression,8,7753.0,9016.63212264832
1,East Coast,2021-06-01,Linear regression,8,8102.0,8511.98000749089
1,East Coast,2021-07-01,Linear regression,8,8501.0,8808.484364713016
1,East Coast,2021-08-01,Linear regression,8,7728.0,9147.467856207653
1,East Coast,2021-09-01,Linear regression,8,7439.0,8490.740440354635
1,East Coast,2021-10-01,Linear regression,8,7418.0,8245.211044259522
1,East Coast,2021-11-01,Linear regression,8,7395.0,8227.369807865067
1,East Coast,2021-12-01,Linear regression,8,7035.0,8207.829406099714
1,East Coast,2022-01-01,Linear regression,8,7823.0,7901.979639337635
1,East Coast,2022-02-01,Linear regression,8,6984.0,8571.450795472407
1,East Coast,2022-03-01,Linear regression,8,7739.0,7858.650922379674
1,East Coast,2022-04-01,Linear regression,8,7120.0,8500.085849894589
1,East Coast,2022-05-01,Linear regression,8,8711.0,7974.194167600903
1,East Coast,2022-06-01,Linear regression,8,7451.0,9325.8802201522
1,East Coast,2022-07-01,Linear regression,8,7044.0,8255.406036484925
1,East Coast,2022-08-01,Linear regression,8,7597.0,7909.6258835066865
1,East Coast,2022-09-01,Linear regression,8,8411.0,8379.445108560656
1,East Coast,2022-10-01,Linear regression,8,7340.0,9071.005414517134
1,East Coast,2021-02-01,Random forest,8,8357.0,10174.691423043661
1,East Coast,2021-03-01,Random forest,8,8739.0,9986.042674313154
1,East Coast,2021-04-01,Random forest,8,8347.0,9991.204491614908
1,East Coast,2021-05-01,Random forest,8,7753.0,10073.829674132403
1,East Coast,2021-06-01,Random forest,8,8102.0,10079.558248365971
1,East Coast,2021-07-01,Random forest,8,8501.0,10107.174947173216
1,East Coast,2021-08-01,Random forest,8,7728.0,10035.48106124346
1,East Coast,2021-09-01,Random forest,8,7439.0,10124.311241374646
1,East Coast,2021-10-01,Random forest,8,7418.0,10226.353862068414
1,East Coast,2021-11-01,Random forest,8,7395.0,10250.126940434493
1,East Coast,2021-12-01,Random forest,8,7035.0,10134.188369690315
1,East Coast,2022-01-01,Random forest,8,7823.0,10243.9578311455
1,East Coast,2022-02-01,Random forest,8,6984.0,10218.24801671031
1,East Coast,2022-03-01,Random forest,8,7739.0,10107.47650288251
1,East Coast,2022-04-01,Random forest,8,7120.0,10208.467571569749
1,East Coast,2022-05-01,Random forest,8,8711.0,10145.627039291956
1,East Coast,2022-06-01,Random forest,8,7451.0,10149.909001311062
1,East Coast,2022-07-01,Random forest,8,7044.0,10797.200198790724
1,East Coast,2022-08-01,Random forest,8,7597.0,10376.517227585355
1,East Coast,2022-09-01,Random forest,8,8411.0,10218.24801671031
1,East Coast,2022-10-01,Random forest,8,7340.0,10253.967199094868
1,East Coast,2021-02-01,XGBoost,8,8357.0,10131.59375
1,East Coast,2021-03-01,XGBoost,8,8739.0,10065.14453125
1,East Coast,2021-04-01,XGBoost,8,8347.0,10065.14453125
1,East Coast,2021-05-01,XGBoost,8,7753.0,10537.2041015625
1,East Coast,2021-06-01,XGBoost,8,8102.0,10073.5322265625
1,East Coast,2021-07-01,XGBoost,8,8501.0,10073.5322265625
1,East Coast,2021-08-01,XGBoost,8,7728.0,10065.14453125
1,East Coast,2021-09-01,XGBoost,8,7439.0,10537.2041015625
1,East Coast,2021-10-01,XGBoost,8,7418.0,10584.328125
1,East Coast,2021-11-01,XGBoost,8,7395.0,10895.5986328125
1,East Coast,2021-12-01,XGBoost,8,7035.0,10430.4287109375
1,East Coast,2022-01-01,XGBoost,8,7823.0,10534.4033203125
1,East Coast,2022-02-01,XGBoost,8,6984.0,10522.9169921875
1,East Coast,2022-03-01,XGBoost,8,7739.0,10065.14453125
1,East Coast,2022-04-01,XGBoost,8,7120.0,10522.9169921875
1,East Coast,2022-05-01,XGBoost,8,8711.0,10413.248046875
1,East Coast,2022-06-01,XGBoost,8,7451.0,10406.9619140625
1,East Coast,2022-07-01,XGBoost,8,7044.0,11797.7294921875
1,East Coast,2022-08-01,XGBoost,8,7597.0,10541.333984375
1,East Coast,2022-09-01,XGBoost,8,8411.0,10432.5732421875
1,East Coast,2022-10-01,XGBoost,8,7340.0,10912.7802734375
1,East Coast,2021-02-01,Neural network,8,8357.0,7882.430382556739
1,East Coast,2021-03-01,Neural network,8,8739.0,8719.25933185844
1,East Coast,2021-04-01,Neural network,8,8347.0,9022.378268931545
1,East Coast,2021-05-01,Neural network,8,7753.0,8968.095368887818
1,East Coast,2021-06-01,Neural network,8,8102.0,8346.970985316217
1,East Coast,2021-07-01,Neural network,8,8501.0,8653.862866625106
1,East Coast,2021-08-01,Neural network,8,7728.0,8866.880404785705
1,East Coast,2021-09-01,Neural network,8,7439.0,8453.793156963202
1,East Coast,2021-10-01,Neural network,8,7418.0,8221.311428738925
1,East Coast,2021-11-01,Neural network,8,7395.0,8281.944311456251
1,East Coast,2021-12-01,Neural network,8,7035.0,8168.922940540775
1,East Coast,2022-01-01,Neural network,8,7823.0,7494.035095948406
1,East Coast,2022-02-01,Neural network,8,6984.0,8351.548312490355
1,East Coast,2022-03-01,Neural network,8,7739.0,7644.672971975538
1,East Coast,2022-04-01,Neural network,8,7120.0,8096.939149579257
1,East Coast,2022-05-01,Neural network,8,8711.0,7897.006555582993
1,East Coast,2022-06-01,Neural network,8,7451.0,9103.665621580232
1,East Coast,2022-07-01,Neural network,8,7044.0,8281.839584940388
1,East Coast,2022-08-01,Neural network,8,7597.0,7441.902492930801
1,East Coast,2022-09-01,Neural network,8,8411.0,8164.752432652066
1,East Coast,2022-10-01,Neural network,8,7340.0,9115.11151846141
1,East Coast,2022-11-01,Persistence,9,7612.0,7340.0
1,East Coast,2022-12-01,Persistence,9,7164.0,7612.0
1,East Coast,2023-01-01,Persistence,9,7617.0,7164.0
1,East Coast,2023-02-01,Persistence,9,7033.0,7617.0
1,East Coast,2023-03-01,Persistence,9,8147.0,7033.0
1,East Coast,2023-04-01,Persistence,9,7900.0,8147.0
1,East Coast,2023-05-01,Persistence,9,7493.0,7900.0
1,East Coast,2023-06-01,Persistence,9,7796.0,7493.0
1,East Coast,2023-07-01,Persistence,9,6905.0,7796.0
1,East Coast,2023-08-01,Persistence,9,7540.0,6905.0
1,East Coast,2023-09-01,Persistence,9,8621.0,7540.0
1,East Coast,2023-10-01,Persistence,9,8518.0,8621.0
1,East Coast,2023-11-01,Persistence,9,7201.0,8518.0
1,East Coast,2023-12-01,Persistence,9,8093.0,7201.0
1,East Coast,2024-01-01,Persistence,9,8615.0,8093.0
1,East Coast,2024-02-01,Persistence,9,8824.0,8615.0
1,East Coast,2024-03-01,Persistence,9,8943.0,8824.0
1,East Coast,2024-04-01,Persistence,9,7981.0,8943.0
1,East Coast,2024-05-01,Persistence,9,7754.0,7981.0
1,East Coast,2024-06-01,Persistence,9,8245.0,7754.0
1,East Coast,2024-07-01,Persistence,9,7460.0,8245.0
1,East Coast,2022-11-01,Linear regression,9,7612.0,7869.9494902534
1,East Coast,2022-12-01,Linear regression,9,7164.0,8112.080503415645
1,East Coast,2023-01-01,Linear regression,9,7617.0,7713.276481736653
1,East Coast,2023-02-01,Linear regression,9,7033.0,8116.531441157598
1,East Coast,2023-03-01,Linear regression,9,8147.0,7596.6619128974835
1,East Coast,2023-04-01,Linear regression,9,7900.0,8588.330841804618
1,East Coast,2023-05-01,Linear regression,9,7493.0,8368.45451735214
1,East Coast,2023-06-01,Linear regression,9,7796.0,8006.1481851571625
1,East Coast,2023-07-01,Linear regression,9,6905.0,8275.875012319517
1,East Coast,2023-08-01,Linear regression,9,7540.0,7482.717906703486
1,East Coast,2023-09-01,Linear regression,9,8621.0,8047.9869999315215
1,East Coast,2023-10-01,Linear regression,9,8518.0,9010.279739741767
1,East Coast,2023-11-01,Linear regression,9,7201.0,8918.590422257534
1,East Coast,2023-12-01,Linear regression,9,8093.0,7746.213421027105
1,East Coast,2024-01-01,Linear regression,9,8615.0,8540.260714191527
1,East Coast,2024-02-01,Linear regression,9,8824.0,9004.938614451423
1,East Coast,2024-03-01,Linear regression,9,8943.0,9190.987812065061
1,East Coast,2024-04-01,Linear regression,9,7981.0,9296.920130323542
1,East Coast,2024-05-01,Linear regression,9,7754.0,8440.55970877178
1,East Coast,2024-06-01,Linear regression,9,8245.0,8238.48713528711
1,East Coast,2024-07-01,Linear regression,9,7460.0,8675.569221546899
1,East Coast,2022-11-01,Random forest,9,7612.0,8064.395451434916
1,East Coast,2022-12-01,Random forest,9,7164.0,7852.846868724446
1,East Coast,2023-01-01,Random forest,9,7617.0,7953.473611739029
1,East Coast,2023-02-01,Random forest,9,7033.0,7915.006785430298
1,East Coast,2023-03-01,Random forest,9,8147.0,7940.986106993269
1,East Coast,2023-04-01,Random forest,9,7900.0,8044.238852182152
1,East Coast,2023-05-01,Random forest,9,7493.0,7959.526359028317
1,East Coast,2023-06-01,Random forest,9,7796.0,7940.986106993269
1,East Coast,2023-07-01,Random forest,9,6905.0,7911.395853059338
1,East Coast,2023-08-01,Random forest,9,7540.0,8097.367915365324
1,East Coast,2023-09-01,Random forest,9,8621.0,7868.212776375132
1,East Coast,2023-10-01,Random forest,9,8518.0,8034.5052179648055
1,East Coast,2023-11-01,Random forest,9,7201.0,8054.489205677601
1,East Coast,2023-12-01,Random forest,9,8093.0,7931.52358491618
1,East Coast,2024-01-01,Random forest,9,8615.0,7977.977435227736
1,East Coast,2024-02-01,Random forest,9,8824.0,8177.2381326263185
1,East Coast,2024-03-01,Random forest,9,8943.0,8266.789216220412
1,East Coast,2024-04-01,Random forest,9,7981.0,9004.887054030007
1,East Coast,2024-05-01,Random forest,9,7754.0,8284.497791019856
1,East Coast,2024-06-01,Random forest,9,8245.0,8245.708850374402
1,East Coast,2024-07-01,Random forest,9,7460.0,8468.018648303163
1,East Coast,2022-11-01,XGBoost,9,7612.0,8249.2138671875
1,East Coast,2022-12-01,XGBoost,9,7164.0,8045.033203125
1,East Coast,2023-01-01,XGBoost,9,7617.0,8225.328125
1,East Coast,2023-02-01,XGBoost,9,7033.0,8287.1767578125
1,East Coast,2023-03-01,XGBoost,9,8147.0,8252.134765625
1,East Coast,2023-04-01,XGBoost,9,7900.0,8274.2314453125
1,East Coast,2023-05-01,XGBoost,9,7493.0,8229.078125
1,East Coast,2023-06-01,XGBoost,9,7796.0,8233.0546875
1,East Coast,2023-07-01,XGBoost,9,6905.0,8225.328125
1,East Coast,2023-08-01,XGBoost,9,7540.0,8218.318359375
1,East Coast,2023-09-01,XGBoost,9,8621.0,8230.1337890625
1,East Coast,2023-10-01,XGBoost,9,8518.0,8315.9013671875
1,East Coast,2023-11-01,XGBoost,9,7201.0,8279.3681640625
1,East Coast,2023-12-01,XGBoost,9,8093.0,8230.1337890625
1,East Coast,2024-01-01,XGBoost,9,8615.0,8242.2041015625
1,East Coast,2024-02-01,XGBoost,9,8824.0,8599.84375
1,East Coast,2024-03-01,XGBoost,9,8943.0,8550.4130859375
1,East Coast,2024-04-01,XGBoost,9,7981.0,8367.046875
1,East Coast,2024-05-01,XGBoost,9,7754.0,8101.85107421875
1,East Coast,2024-06-01,XGBoost,9,8245.0,8376.03515625
1,East Coast,2024-07-01,XGBoost,9,7460.0,8447.341796875
1,East Coast,2022-11-01,Neural network,9,7612.0,7696.541707246187
1,East Coast,2022-12-01,Neural network,9,7164.0,7413.739364716587
1,East Coast,2023-01-01,Neural network,9,7617.0,7648.202967299742
1,East Coast,2023-02-01,Neural network,9,7033.0,7453.651026953724
1,East Coast,2023-03-01,Neural network,9,8147.0,7108.519998988087
1,East Coast,2023-04-01,Neural network,9,7900.0,8317.957614310344
1,East Coast,2023-05-01,Neural network,9,7493.0,8164.045642584238
1,East Coast,2023-06-01,Neural network,9,7796.0,7467.355679265055
1,East Coast,2023-07-01,Neural network,9,6905.0,7793.072797872357
1,East Coast,2023-08-01,Neural network,9,7540.0,7476.2316476098595
1,East Coast,2023-09-01,Neural network,9,8621.0,7489.457452475467
1,East Coast,2023-10-01,Neural network,9,8518.0,8309.008632826644
1,East Coast,2023-11-01,Neural network,9,7201.0,8474.263142956112
1,East Coast,2023-12-01,Neural network,9,8093.0,7599.764584054512
1,East Coast,2024-01-01,Neural network,9,8615.0,8025.5555800065895
1,East Coast,2024-02-01,Neural network,9,8824.0,8522.781103548728
1,East Coast,2024-03-01,Neural network,9,8943.0,8710.687580776499
1,East Coast,2024-04-01,Neural network,9,7981.0,8867.121906815582
1,East Coast,2024-05-01,Neural network,9,7754.0,8166.321041112767
1,East Coast,2024-06-01,Neural network,9,8245.0,7902.724221281195
1,East Coast,2024-07-01,Neural network,9,7460.0,8344.518531150083
1,East Coast,2024-08-01,Persistence,10,7911.0,7460.0
1,East Coast,2024-09-01,Persistence,10,7822.0,7911.0
1,East Coast,2024-10-01,Persistence,10,8416.0,7822.0
1,East Coast,2024-11-01,Persistence,10,7872.0,8416.0
1,East Coast,2024-12-01,Persistence,10,8666.0,7872.0
1,East Coast,2025-01-01,Persistence,10,8068.0,8666.0
1,East Coast,2025-02-01,Persistence,10,7651.0,8068.0
1,East Coast,2025-03-01,Persistence,10,8110.0,7651.0
1,East Coast,2025-04-01,Persistence,10,8824.0,8110.0
1,East Coast,2025-05-01,Persistence,10,9739.0,8824.0
1,East Coast,2025-06-01,Persistence,10,8439.0,9739.0
1,East Coast,2025-07-01,Persistence,10,7752.0,8439.0
1,East Coast,2025-08-01,Persistence,10,7395.0,7752.0
1,East Coast,2025-09-01,Persistence,10,7832.0,7395.0
1,East Coast,2025-10-01,Persistence,10,8383.0,7832.0
1,East Coast,2025-11-01,Persistence,10,6591.0,8383.0
1,East Coast,2025-12-01,Persistence,10,6482.0,6591.0
1,East Coast,2026-01-01,Persistence,10,8564.0,6482.0
1,East Coast,2026-02-01,Persistence,10,8537.0,8564.0
1,East Coast,2026-03-01,Persistence,10,8832.0,8537.0
1,East Coast,2026-04-01,Persistence,10,8707.0,8832.0
1,East Coast,2024-08-01,Linear regression,10,7911.0,7853.160754366342
1,East Coast,2024-09-01,Linear regression,10,7822.0,8262.331501406767
1,East Coast,2024-10-01,Linear regression,10,8416.0,8181.58605465156
1,East Coast,2024-11-01,Linear regression,10,7872.0,8720.493867826752
1,East Coast,2024-12-01,Linear regression,10,8666.0,8226.948665188193
1,East Coast,2025-01-01,Linear regression,10,8068.0,8947.306920509913
1,East Coast,2025-02-01,Linear regression,10,7651.0,8404.77009849179
1,East Coast,2025-03-01,Linear regression,10,8110.0,8026.445926616278
1,East Coast,2025-04-01,Linear regression,10,8824.0,8442.874691342562
1,East Coast,2025-05-01,Linear regression,10,9739.0,9090.65276980567
1,East Coast,2025-06-01,Linear regression,10,8439.0,9920.788542626042
1,East Coast,2025-07-01,Linear regression,10,7752.0,8741.360668673602
1,East Coast,2025-08-01,Linear regression,10,7395.0,8118.078399900274
1,East Coast,2025-09-01,Linear regression,10,7832.0,7794.18936066872
1,East Coast,2025-10-01,Linear regression,10,8383.0,8190.658576758887
1,East Coast,2025-11-01,Linear regression,10,6591.0,8690.554544872575
1,East Coast,2025-12-01,Linear regression,10,6482.0,7064.758583239673
1,East Coast,2026-01-01,Linear regression,10,8564.0,6965.868092269814
1,East Coast,2026-02-01,Linear regression,10,8537.0,8854.767195015183
1,East Coast,2026-03-01,Linear regression,10,8832.0,8830.271385325403
1,East Coast,2026-04-01,Linear regression,10,8707.0,9097.910787491532
1,East Coast,2024-08-01,Random forest,10,7911.0,7924.253704590712
1,East Coast,2024-09-01,Random forest,10,7822.0,7933.410597408808
1,East Coast,2024-10-01,Random forest,10,8416.0,7916.964920612982
1,East Coast,2024-11-01,Random forest,10,7872.0,8288.52851900754
1,East Coast,2024-12-01,Random forest,10,8666.0,7991.001595655021
1,East Coast,2025-01-01,Random forest,10,8068.0,8266.89239390706
1,East Coast,2025-02-01,Random forest,10,7651.0,8270.087104665743
1,East Coast,2025-03-01,Random forest,10,8110.0,8047.622748868933
1,East Coast,2025-04-01,Random forest,10,8824.0,8228.476599632017
1,East Coast,2025-05-01,Random forest,10,9739.0,8260.24960655567
1,East Coast,2025-06-01,Random forest,10,8439.0,9942.77346508976
1,East Coast,2025-07-01,Random forest,10,7752.0,8240.809245553506
1,East Coast,2025-08-01,Random forest,10,7395.0,7904.123078588368
1,East Coast,2025-09-01,Random forest,10,7832.0,7813.8469319956685
1,East Coast,2025-10-01,Random forest,10,8383.0,7931.5592871492345
1,East Coast,2025-11-01,Random forest,10,6591.0,8324.92699386916
1,East Coast,2025-12-01,Random forest,10,6482.0,8016.862455933994
1,East Coast,2026-01-01,Random forest,10,8564.0,7798.977835973498
1,East Coast,2026-02-01,Random forest,10,8537.0,8067.1507365478465
1,East Coast,2026-03-01,Random forest,10,8832.0,8237.201641457117
1,East Coast,2026-04-01,Random forest,10,8707.0,8210.187211897894
1,East Coast,2024-08-01,XGBoost,10,7911.0,8078.02001953125
1,East Coast,2024-09-01,XGBoost,10,7822.0,8242.3798828125
1,East Coast,2024-10-01,XGBoost,10,8416.0,8032.142578125
1,East Coast,2024-11-01,XGBoost,10,7872.0,8467.60546875
1,East Coast,2024-12-01,XGBoost,10,8666.0,8264.328125
1,East Coast,2025-01-01,XGBoost,10,8068.0,8495.1865234375
1,East Coast,2025-02-01,XGBoost,10,7651.0,8561.5224609375
1,East Coast,2025-03-01,XGBoost,10,8110.0,8453.3173828125
1,East Coast,2025-04-01,XGBoost,10,8824.0,8323.4384765625
1,East Coast,2025-05-01,XGBoost,10,9739.0,8288.3544921875
1,East Coast,2025-06-01,XGBoost,10,8439.0,9422.8076171875
1,East Coast,2025-07-01,XGBoost,10,7752.0,8116.2431640625
1,East Coast,2025-08-01,XGBoost,10,7395.0,7798.10009765625
1,East Coast,2025-09-01,XGBoost,10,7832.0,7798.10009765625
1,East Coast,2025-10-01,XGBoost,10,8383.0,7805.63623046875
1,East Coast,2025-11-01,XGBoost,10,6591.0,7927.423828125
1,East Coast,2025-12-01,XGBoost,10,6482.0,7853.42333984375
1,East Coast,2026-01-01,XGBoost,10,8564.0,7805.47900390625
1,East Coast,2026-02-01,XGBoost,10,8537.0,7895.55322265625
1,East Coast,2026-03-01,XGBoost,10,8832.0,7922.0302734375
1,East Coast,2026-04-01,XGBoost,10,8707.0,8272.1044921875
1,East Coast,2024-08-01,Neural network,10,7911.0,7435.590629478182
1,East Coast,2024-09-01,Neural network,10,7822.0,7926.5436580156
1,East Coast,2024-10-01,Neural network,10,8416.0,7722.848355404371
1,East Coast,2024-11-01,Neural network,10,7872.0,8316.926258928663
1,East Coast,2024-12-01,Neural network,10,8666.0,7848.688609448993
1,East Coast,2025-01-01,Neural network,10,8068.0,8589.219343290006
1,East Coast,2025-02-01,Neural network,10,7651.0,8734.572713905987
1,East Coast,2025-03-01,Neural network,10,8110.0,8290.555114948915
1,East Coast,2025-04-01,Neural network,10,8824.0,8035.571590615106
1,East Coast,2025-05-01,Neural network,10,9739.0,8664.83532026435
1,East Coast,2025-06-01,Neural network,10,8439.0,9544.146703215887
1,East Coast,2025-07-01,Neural network,10,7752.0,8306.232996896504
1,East Coast,2025-08-01,Neural network,10,7395.0,7715.419117102354
1,East Coast,2025-09-01,Neural network,10,7832.0,7400.242518657736
1,East Coast,2025-10-01,Neural network,10,8383.0,7920.3428282684345
1,East Coast,2025-11-01,Neural network,10,6591.0,8294.35710868883
1,East Coast,2025-12-01,Neural network,10,6482.0,6911.796474129132
1,East Coast,2026-01-01,Neural network,10,8564.0,6738.111546798477
1,East Coast,2026-02-01,Neural network,10,8537.0,8437.321679260644
1,East Coast,2026-03-01,Neural network,10,8832.0,8565.365974473409
1,East Coast,2026-04-01,Neural network,10,8707.0,8692.97269324508
2,Midwest,2008-11-01,Persistence,1,78375.0,69364.0
2,Midwest,2008-12-01,Persistence,1,83218.0,78375.0
2,Midwest,2009-01-01,Persistence,1,86289.0,83218.0
2,Midwest,2009-02-01,Persistence,1,83546.0,86289.0
2,Midwest,2009-03-01,Persistence,1,85164.0,83546.0
2,Midwest,2009-04-01,Persistence,1,82798.0,85164.0
2,Midwest,2009-05-01,Persistence,1,79916.0,82798.0
2,Midwest,2009-06-01,Persistence,1,83181.0,79916.0
2,Midwest,2009-07-01,Persistence,1,79596.0,83181.0
2,Midwest,2009-08-01,Persistence,1,76130.0,79596.0
2,Midwest,2009-09-01,Persistence,1,76287.0,76130.0
2,Midwest,2009-10-01,Persistence,1,85201.0,76287.0
2,Midwest,2009-11-01,Persistence,1,87868.0,85201.0
2,Midwest,2009-12-01,Persistence,1,83164.0,87868.0
2,Midwest,2010-01-01,Persistence,1,81035.0,83164.0
2,Midwest,2010-02-01,Persistence,1,84879.0,81035.0
2,Midwest,2010-03-01,Persistence,1,91220.0,84879.0
2,Midwest,2010-04-01,Persistence,1,93753.0,91220.0
2,Midwest,2010-05-01,Persistence,1,94526.0,93753.0
2,Midwest,2010-06-01,Persistence,1,96060.0,94526.0
2,Midwest,2010-07-01,Persistence,1,92541.0,96060.0
2,Midwest,2008-11-01,Linear regression,1,78375.0,70689.52884156289
2,Midwest,2008-12-01,Linear regression,1,83218.0,81137.25300436096
2,Midwest,2009-01-01,Linear regression,1,86289.0,85731.60437920595
2,Midwest,2009-02-01,Linear regression,1,83546.0,87521.35058351661
2,Midwest,2009-03-01,Linear regression,1,85164.0,86358.6116256201
2,Midwest,2009-04-01,Linear regression,1,82798.0,86760.54063837204
2,Midwest,2009-05-01,Linear regression,1,79916.0,80008.08267520196
2,Midwest,2009-06-01,Linear regression,1,83181.0,81459.89438353237
2,Midwest,2009-07-01,Linear regression,1,79596.0,84794.51338574768
2,Midwest,2009-08-01,Linear regression,1,76130.0,81577.73560484865
2,Midwest,2009-09-01,Linear regression,1,76287.0,78103.57422970637
2,Midwest,2009-10-01,Linear regression,1,85201.0,79187.5134465252
2,Midwest,2009-11-01,Linear regression,1,87868.0,90364.01697092228
2,Midwest,2009-12-01,Linear regression,1,83164.0,91224.62506019117
2,Midwest,2010-01-01,Linear regression,1,81035.0,82697.55847989972
2,Midwest,2010-02-01,Linear regression,1,84879.0,82078.00336289198
2,Midwest,2010-03-01,Linear regression,1,91220.0,87585.1765336112
2,Midwest,2010-04-01,Linear regression,1,93753.0,92535.00242933503
2,Midwest,2010-05-01,Linear regression,1,94526.0,92693.93073670001
2,Midwest,2010-06-01,Linear regression,1,96060.0,95587.49949472287
2,Midwest,2010-07-01,Linear regression,1,92541.0,95346.0183391779
2,Midwest,2008-11-01,Random forest,1,78375.0,65110.88946386021
2,Midwest,2008-12-01,Random forest,1,83218.0,65110.88946386021
2,Midwest,2009-01-01,Random forest,1,86289.0,65110.88946386021
2,Midwest,2009-02-01,Random forest,1,83546.0,65110.88946386021
2,Midwest,2009-03-01,Random forest,1,85164.0,65110.88946386021
2,Midwest,2009-04-01,Random forest,1,82798.0,65110.88946386021
2,Midwest,2009-05-01,Random forest,1,79916.0,65110.88946386021
2,Midwest,2009-06-01,Random forest,1,83181.0,65110.88946386021
2,Midwest,2009-07-01,Random forest,1,79596.0,65110.88946386021
2,Midwest,2009-08-01,Random forest,1,76130.0,65110.88946386021
2,Midwest,2009-09-01,Random forest,1,76287.0,65110.88946386021
2,Midwest,2009-10-01,Random forest,1,85201.0,65110.88946386021
2,Midwest,2009-11-01,Random forest,1,87868.0,65110.88946386021
2,Midwest,2009-12-01,Random forest,1,83164.0,65110.88946386021
2,Midwest,2010-01-01,Random forest,1,81035.0,64913.350949171174
2,Midwest,2010-02-01,Random forest,1,84879.0,65110.88946386021
2,Midwest,2010-03-01,Random forest,1,91220.0,65110.88946386021
2,Midwest,2010-04-01,Random forest,1,93753.0,65110.88946386021
2,Midwest,2010-05-01,Random forest,1,94526.0,65110.88946386021
2,Midwest,2010-06-01,Random forest,1,96060.0,65110.88946386021
2,Midwest,2010-07-01,Random forest,1,92541.0,65110.88946386021
2,Midwest,2008-11-01,XGBoost,1,78375.0,66127.4140625
2,Midwest,2008-12-01,XGBoost,1,83218.0,66127.4140625
2,Midwest,2009-01-01,XGBoost,1,86289.0,66127.4140625
2,Midwest,2009-02-01,XGBoost,1,83546.0,66127.4140625
2,Midwest,2009-03-01,XGBoost,1,85164.0,66127.4140625
2,Midwest,2009-04-01,XGBoost,1,82798.0,66127.4140625
2,Midwest,2009-05-01,XGBoost,1,79916.0,66127.4140625
2,Midwest,2009-06-01,XGBoost,1,83181.0,66127.4140625
2,Midwest,2009-07-01,XGBoost,1,79596.0,66127.4140625
2,Midwest,2009-08-01,XGBoost,1,76130.0,66127.4140625
2,Midwest,2009-09-01,XGBoost,1,76287.0,66127.4140625
2,Midwest,2009-10-01,XGBoost,1,85201.0,66127.4140625
2,Midwest,2009-11-01,XGBoost,1,87868.0,66127.4140625
2,Midwest,2009-12-01,XGBoost,1,83164.0,66127.4140625
2,Midwest,2010-01-01,XGBoost,1,81035.0,65564.4609375
2,Midwest,2010-02-01,XGBoost,1,84879.0,66127.4140625
2,Midwest,2010-03-01,XGBoost,1,91220.0,66127.4140625
2,Midwest,2010-04-01,XGBoost,1,93753.0,66127.4140625
2,Midwest,2010-05-01,XGBoost,1,94526.0,66127.4140625
2,Midwest,2010-06-01,XGBoost,1,96060.0,66127.4140625
2,Midwest,2010-07-01,XGBoost,1,92541.0,66127.4140625
2,Midwest,2008-11-01,Neural network,1,78375.0,65154.249651060265
2,Midwest,2008-12-01,Neural network,1,83218.0,67931.06924799518
2,Midwest,2009-01-01,Neural network,1,86289.0,70176.67636598782
2,Midwest,2009-02-01,Neural network,1,83546.0,74074.63856583239
2,Midwest,2009-03-01,Neural network,1,85164.0,71674.67256768787
2,Midwest,2009-04-01,Neural network,1,82798.0,73726.44662817736
2,Midwest,2009-05-01,Neural network,1,79916.0,66190.39134811485
2,Midwest,2009-06-01,Neural network,1,83181.0,67208.8260170497
2,Midwest,2009-07-01,Neural network,1,79596.0,65485.14902692974
2,Midwest,2009-08-01,Neural network,1,76130.0,66102.18326891924
2,Midwest,2009-09-01,Neural network,1,76287.0,65687.9927142618
2,Midwest,2009-10-01,Neural network,1,85201.0,65141.19696372398
2,Midwest,2009-11-01,Neural network,1,87868.0,71000.09558261294
2,Midwest,2009-12-01,Neural network,1,83164.0,69186.57053139512
2,Midwest,2010-01-01,Neural network,1,81035.0,67519.75710281424
2,Midwest,2010-02-01,Neural network,1,84879.0,67167.08348143547
2,Midwest,2010-03-01,Neural network,1,91220.0,65073.87582491429
2,Midwest,2010-04-01,Neural network,1,93753.0,66591.77136411441
2,Midwest,2010-05-01,Neural network,1,94526.0,65446.47633553348
2,Midwest,2010-06-01,Neural network,1,96060.0,65722.86856053848
2,Midwest,2010-07-01,Neural network,1,92541.0,64157.351413070326
2,Midwest,2010-08-01,Persistence,2,91083.0,92541.0
2,Midwest,2010-09-01,Persistence,2,89274.0,91083.0
2,Midwest,2010-10-01,Persistence,2,90795.0,89274.0
2,Midwest,2010-11-01,Persistence,2,96793.0,90795.0
2,Midwest,2010-12-01,Persistence,2,97198.0,96793.0
2,Midwest,2011-01-01,Persistence,2,101452.0,97198.0
2,Midwest,2011-02-01,Persistence,2,103778.0,101452.0
2,Midwest,2011-03-01,Persistence,2,101938.0,103778.0
2,Midwest,2011-04-01,Persistence,2,99563.0,101938.0
2,Midwest,2011-05-01,Persistence,2,96677.0,99563.0
2,Midwest,2011-06-01,Persistence,2,93732.0,96677.0
2,Midwest,2011-07-01,Persistence,2,93855.0,93732.0
2,Midwest,2011-08-01,Persistence,2,90055.0,93855.0
2,Midwest,2011-09-01,Persistence,2,90351.0,90055.0
2,Midwest,2011-10-01,Persistence,2,90438.0,90351.0
2,Midwest,2011-11-01,Persistence,2,90455.0,90438.0
2,Midwest,2011-12-01,Persistence,2,92203.0,90455.0
2,Midwest,2012-01-01,Persistence,2,96046.0,92203.0
2,Midwest,2012-02-01,Persistence,2,100436.0,96046.0
2,Midwest,2012-03-01,Persistence,2,103977.0,100436.0
2,Midwest,2012-04-01,Persistence,2,107733.0,103977.0
2,Midwest,2010-08-01,Linear regression,2,91083.0,91033.61979037545
2,Midwest,2010-09-01,Linear regression,2,89274.0,91516.84033681553
2,Midwest,2010-10-01,Linear regression,2,90795.0,92864.01296580254
2,Midwest,2010-11-01,Linear regression,2,96793.0,94168.73654144883
2,Midwest,2010-12-01,Linear regression,2,97198.0,98178.5890468868
2,Midwest,2011-01-01,Linear regression,2,101452.0,99381.73374644315
2,Midwest,2011-02-01,Linear regression,2,103778.0,104703.17688744582
2,Midwest,2011-03-01,Linear regression,2,101938.0,107531.25988302668
2,Midwest,2011-04-01,Linear regression,2,99563.0,104964.72485372846
2,Midwest,2011-05-01,Linear regression,2,96677.0,101504.00845628814
2,Midwest,2011-06-01,Linear regression,2,93732.0,98401.0808631368
2,Midwest,2011-07-01,Linear regression,2,93855.0,96052.72849921061
2,Midwest,2011-08-01,Linear regression,2,90055.0,99421.75812055476
2,Midwest,2011-09-01,Linear regression,2,90351.0,96879.58262759069
2,Midwest,2011-10-01,Linear regression,2,90438.0,97797.2063992091
2,Midwest,2011-11-01,Linear regression,2,90455.0,98583.47790402942
2,Midwest,2011-12-01,Linear regression,2,92203.0,98330.81085655646
2,Midwest,2012-01-01,Linear regression,2,96046.0,100894.38103963094
2,Midwest,2012-02-01,Linear regression,2,100436.0,106604.04771145424
2,Midwest,2012-03-01,Linear regression,2,103977.0,111030.33756242259
2,Midwest,2012-04-01,Linear regression,2,107733.0,113078.83375721687
2,Midwest,2010-08-01,Random forest,2,91083.0,85440.82912017853
2,Midwest,2010-09-01,Random forest,2,89274.0,85439.69486091926
2,Midwest,2010-10-01,Random forest,2,90795.0,85348.59780647761
2,Midwest,2010-11-01,Random forest,2,96793.0,85476.81273510527
2,Midwest,2010-12-01,Random forest,2,97198.0,85517.39994664372
2,Midwest,2011-01-01,Random forest,2,101452.0,85536.54190960668
2,Midwest,2011-02-01,Random forest,2,103778.0,85598.06644736523
2,Midwest,2011-03-01,Random forest,2,101938.0,85517.39994664372
2,Midwest,2011-04-01,Random forest,2,99563.0,85517.39994664372
2,Midwest,2011-05-01,Random forest,2,96677.0,85315.71471807991
2,Midwest,2011-06-01,Random forest,2,93732.0,85315.71471807991
2,Midwest,2011-07-01,Random forest,2,93855.0,85536.54190960668
2,Midwest,2011-08-01,Random forest,2,90055.0,85517.39994664372
2,Midwest,2011-09-01,Random forest,2,90351.0,85517.39994664372
2,Midwest,2011-10-01,Random forest,2,90438.0,85536.54190960668
2,Midwest,2011-11-01,Random forest,2,90455.0,85536.54190960668
2,Midwest,2011-12-01,Random forest,2,92203.0,85536.54190960668
2,Midwest,2012-01-01,Random forest,2,96046.0,85536.54190960668
2,Midwest,2012-02-01,Random forest,2,100436.0,85536.54190960668
2,Midwest,2012-03-01,Random forest,2,103977.0,85536.54190960668
2,Midwest,2012-04-01,Random forest,2,107733.0,85536.54190960668
2,Midwest,2010-08-01,XGBoost,2,91083.0,87230.3671875
2,Midwest,2010-09-01,XGBoost,2,89274.0,86722.0
2,Midwest,2010-10-01,XGBoost,2,90795.0,86870.4140625
2,Midwest,2010-11-01,XGBoost,2,96793.0,87272.9609375
2,Midwest,2010-12-01,XGBoost,2,97198.0,87225.8046875
2,Midwest,2011-01-01,XGBoost,2,101452.0,87225.8046875
2,Midwest,2011-02-01,XGBoost,2,103778.0,87457.9375
2,Midwest,2011-03-01,XGBoost,2,101938.0,87102.4921875
2,Midwest,2011-04-01,XGBoost,2,99563.0,87272.9609375
2,Midwest,2011-05-01,XGBoost,2,96677.0,87064.6640625
2,Midwest,2011-06-01,XGBoost,2,93732.0,87230.3671875
2,Midwest,2011-07-01,XGBoost,2,93855.0,87225.8046875
2,Midwest,2011-08-01,XGBoost,2,90055.0,87230.3671875
2,Midwest,2011-09-01,XGBoost,2,90351.0,87230.3671875
2,Midwest,2011-10-01,XGBoost,2,90438.0,87225.8046875
2,Midwest,2011-11-01,XGBoost,2,90455.0,87225.8046875
2,Midwest,2011-12-01,XGBoost,2,92203.0,87225.8046875
2,Midwest,2012-01-01,XGBoost,2,96046.0,87225.8046875
2,Midwest,2012-02-01,XGBoost,2,100436.0,87225.8046875
2,Midwest,2012-03-01,XGBoost,2,103977.0,87225.8046875
2,Midwest,2012-04-01,XGBoost,2,107733.0,87225.8046875
2,Midwest,2010-08-01,Neural network,2,91083.0,86740.30697246711
2,Midwest,2010-09-01,Neural network,2,89274.0,99966.35008231552
2,Midwest,2010-10-01,Neural network,2,90795.0,74796.6339358104
2,Midwest,2010-11-01,Neural network,2,96793.0,79613.16304935506
2,Midwest,2010-12-01,Neural network,2,97198.0,87267.22149504072
2,Midwest,2011-01-01,Neural network,2,101452.0,86962.73733130032
2,Midwest,2011-02-01,Neural network,2,103778.0,80120.3028649971
2,Midwest,2011-03-01,Neural network,2,101938.0,84693.3526530432
2,Midwest,2011-04-01,Neural network,2,99563.0,81972.33592579882
2,Midwest,2011-05-01,Neural network,2,96677.0,83231.38048319324
2,Midwest,2011-06-01,Neural network,2,93732.0,83001.16284619503
2,Midwest,2011-07-01,Neural network,2,93855.0,96868.19499773969
2,Midwest,2011-08-01,Neural network,2,90055.0,82367.8669508295
2,Midwest,2011-09-01,Neural network,2,90351.0,81488.74761182295
2,Midwest,2011-10-01,Neural network,2,90438.0,89053.73046397975
2,Midwest,2011-11-01,Neural network,2,90455.0,90046.72568372719
2,Midwest,2011-12-01,Neural network,2,92203.0,92999.75066725124
2,Midwest,2012-01-01,Neural network,2,96046.0,103228.49791495326
2,Midwest,2012-02-01,Neural network,2,100436.0,93229.85270825317
2,Midwest,2012-03-01,Neural network,2,103977.0,91326.97212960565
2,Midwest,2012-04-01,Neural network,2,107733.0,89506.42803733727
2,Midwest,2012-05-01,Persistence,3,107366.0,107733.0
2,Midwest,2012-06-01,Persistence,3,102315.0,107366.0
2,Midwest,2012-07-01,Persistence,3,100879.0,102315.0
2,Midwest,2012-08-01,Persistence,3,103558.0,100879.0
2,Midwest,2012-09-01,Persistence,3,102014.0,103558.0
2,Midwest,2012-10-01,Persistence,3,105330.0,102014.0
2,Midwest,2012-11-01,Persistence,3,111592.0,105330.0
2,Midwest,2012-12-01,Persistence,3,115786.0,111592.0
2,Midwest,2013-01-01,Persistence,3,113545.0,115786.0
2,Midwest,2013-02-01,Persistence,3,116269.0,113545.0
2,Midwest,2013-03-01,Persistence,3,115089.0,116269.0
2,Midwest,2013-04-01,Persistence,3,116038.0,115089.0
2,Midwest,2013-05-01,Persistence,3,112844.0,116038.0
2,Midwest,2013-06-01,Persistence,3,101869.0,112844.0
2,Midwest,2013-07-01,Persistence,3,99217.0,101869.0
2,Midwest,2013-08-01,Persistence,3,99588.0,99217.0
2,Midwest,2013-09-01,Persistence,3,104054.0,99588.0
2,Midwest,2013-10-01,Persistence,3,104988.0,104054.0
2,Midwest,2013-11-01,Persistence,3,104988.0,104988.0
2,Midwest,2013-12-01,Persistence,3,105744.0,104988.0
2,Midwest,2014-01-01,Persistence,3,97942.0,105744.0
2,Midwest,2012-05-01,Linear regression,3,107366.0,109661.01168406317
2,Midwest,2012-06-01,Linear regression,3,102315.0,110477.04397323793
2,Midwest,2012-07-01,Linear regression,3,100879.0,105206.60037248828
2,Midwest,2012-08-01,Linear regression,3,103558.0,103792.33058298008
2,Midwest,2012-09-01,Linear regression,3,102014.0,108357.55296948324
2,Midwest,2012-10-01,Linear regression,3,105330.0,106589.8335691319
2,Midwest,2012-11-01,Linear regression,3,111592.0,110496.15509287715
2,Midwest,2012-12-01,Linear regression,3,115786.0,115276.75999715582
2,Midwest,2013-01-01,Linear regression,3,113545.0,120506.67652200106
2,Midwest,2013-02-01,Linear regression,3,116269.0,120397.45308186876
2,Midwest,2013-03-01,Linear regression,3,115089.0,122328.79405473851
2,Midwest,2013-04-01,Linear regression,3,116038.0,122530.99390990192
2,Midwest,2013-05-01,Linear regression,3,112844.0,122920.27767939366
2,Midwest,2013-06-01,Linear regression,3,101869.0,118855.07698228642
2,Midwest,2013-07-01,Linear regression,3,99217.0,107173.18667254719
2,Midwest,2013-08-01,Linear regression,3,99588.0,105794.12078243094
2,Midwest,2013-09-01,Linear regression,3,104054.0,107912.53912091155
2,Midwest,2013-10-01,Linear regression,3,104988.0,111696.17328419434
2,Midwest,2013-11-01,Linear regression,3,104988.0,111668.08033878349
2,Midwest,2013-12-01,Linear regression,3,105744.0,111354.40143834127
2,Midwest,2014-01-01,Linear regression,3,97942.0,114118.50967681654
2,Midwest,2012-05-01,Random forest,3,107366.0,97814.15674207914
2,Midwest,2012-06-01,Random forest,3,102315.0,97814.15674207914
2,Midwest,2012-07-01,Random forest,3,100879.0,97814.15674207914
2,Midwest,2012-08-01,Random forest,3,103558.0,97814.15674207914
2,Midwest,2012-09-01,Random forest,3,102014.0,97885.09902454227
2,Midwest,2012-10-01,Random forest,3,105330.0,97824.031617981
2,Midwest,2012-11-01,Random forest,3,111592.0,97885.09902454227
2,Midwest,2012-12-01,Random forest,3,115786.0,97814.15674207914
2,Midwest,2013-01-01,Random forest,3,113545.0,97814.15674207914
2,Midwest,2013-02-01,Random forest,3,116269.0,97885.09902454227
2,Midwest,2013-03-01,Random forest,3,115089.0,97885.09902454227
2,Midwest,2013-04-01,Random forest,3,116038.0,97911.3534383692
2,Midwest,2013-05-01,Random forest,3,112844.0,97885.09902454227
2,Midwest,2013-06-01,Random forest,3,101869.0,97911.3534383692
2,Midwest,2013-07-01,Random forest,3,99217.0,97840.41115590605
2,Midwest,2013-08-01,Random forest,3,99588.0,97726.45844757273
2,Midwest,2013-09-01,Random forest,3,104054.0,97885.09902454227
2,Midwest,2013-10-01,Random forest,3,104988.0,97840.41115590605
2,Midwest,2013-11-01,Random forest,3,104988.0,97814.15674207914
2,Midwest,2013-12-01,Random forest,3,105744.0,97814.15674207914
2,Midwest,2014-01-01,Random forest,3,97942.0,97814.15674207914
2,Midwest,2012-05-01,XGBoost,3,107366.0,97573.5
2,Midwest,2012-06-01,XGBoost,3,102315.0,97624.0546875
2,Midwest,2012-07-01,XGBoost,3,100879.0,97573.5
2,Midwest,2012-08-01,XGBoost,3,103558.0,97573.5
2,Midwest,2012-09-01,XGBoost,3,102014.0,97975.453125
2,Midwest,2012-10-01,XGBoost,3,105330.0,97597.7265625
2,Midwest,2012-11-01,XGBoost,3,111592.0,98035.890625
2,Midwest,2012-12-01,XGBoost,3,115786.0,97573.5
2,Midwest,2013-01-01,XGBoost,3,113545.0,97573.5
2,Midwest,2013-02-01,XGBoost,3,116269.0,98153.0078125
2,Midwest,2013-03-01,XGBoost,3,115089.0,97975.453125
2,Midwest,2013-04-01,XGBoost,3,116038.0,98208.515625
2,Midwest,2013-05-01,XGBoost,3,112844.0,98153.0078125
2,Midwest,2013-06-01,XGBoost,3,101869.0,98043.046875
2,Midwest,2013-07-01,XGBoost,3,99217.0,97607.5703125
2,Midwest,2013-08-01,XGBoost,3,99588.0,97611.6015625
2,Midwest,2013-09-01,XGBoost,3,104054.0,97895.8359375
2,Midwest,2013-10-01,XGBoost,3,104988.0,97607.5703125
2,Midwest,2013-11-01,XGBoost,3,104988.0,97573.5
2,Midwest,2013-12-01,XGBoost,3,105744.0,97573.5
2,Midwest,2014-01-01,XGBoost,3,97942.0,97573.5
2,Midwest,2012-05-01,Neural network,3,107366.0,108637.08550143968
2,Midwest,2012-06-01,Neural network,3,102315.0,106029.3930113852
2,Midwest,2012-07-01,Neural network,3,100879.0,104860.6776178445
2,Midwest,2012-08-01,Neural network,3,103558.0,102052.91548897885
2,Midwest,2012-09-01,Neural network,3,102014.0,103938.25454305338
2,Midwest,2012-10-01,Neural network,3,105330.0,98780.45311598553
2,Midwest,2012-11-01,Neural network,3,111592.0,106468.32973669878
2,Midwest,2012-12-01,Neural network,3,115786.0,111956.97515539377
2,Midwest,2013-01-01,Neural network,3,113545.0,115804.79443735883
2,Midwest,2013-02-01,Neural network,3,116269.0,114241.14485136046
2,Midwest,2013-03-01,Neural network,3,115089.0,116013.58073511513
2,Midwest,2013-04-01,Neural network,3,116038.0,111072.73925977867
2,Midwest,2013-05-01,Neural network,3,112844.0,116622.81572228394
2,Midwest,2013-06-01,Neural network,3,101869.0,108520.10999097582
2,Midwest,2013-07-01,Neural network,3,99217.0,100527.81021707554
2,Midwest,2013-08-01,Neural network,3,99588.0,94177.98150654817
2,Midwest,2013-09-01,Neural network,3,104054.0,105432.04176655092
2,Midwest,2013-10-01,Neural network,3,104988.0,99018.47967931119
2,Midwest,2013-11-01,Neural network,3,104988.0,105280.25586714213
2,Midwest,2013-12-01,Neural network,3,105744.0,105859.56851877677
2,Midwest,2014-01-01,Neural network,3,97942.0,105659.02196292406
2,Midwest,2014-02-01,Persistence,4,95403.0,97942.0
2,Midwest,2014-03-01,Persistence,4,89083.0,95403.0
2,Midwest,2014-04-01,Persistence,4,86821.0,89083.0
2,Midwest,2014-05-01,Persistence,4,85805.0,86821.0
2,Midwest,2014-06-01,Persistence,4,81491.0,85805.0
2,Midwest,2014-07-01,Persistence,4,82048.0,81491.0
2,Midwest,2014-08-01,Persistence,4,86512.0,82048.0
2,Midwest,2014-09-01,Persistence,4,93374.0,86512.0
2,Midwest,2014-10-01,Persistence,4,98813.0,93374.0
2,Midwest,2014-11-01,Persistence,4,104555.0,98813.0
2,Midwest,2014-12-01,Persistence,4,116913.0,104555.0
2,Midwest,2015-01-01,Persistence,4,126655.0,116913.0
2,Midwest,2015-02-01,Persistence,4,139376.0,126655.0
2,Midwest,2015-03-01,Persistence,4,139444.0,139376.0
2,Midwest,2015-04-01,Persistence,4,135599.0,139444.0
2,Midwest,2015-05-01,Persistence,4,133942.0,135599.0
2,Midwest,2015-06-01,Persistence,4,133792.0,133942.0
2,Midwest,2015-07-01,Persistence,4,135307.0,133792.0
2,Midwest,2015-08-01,Persistence,4,127240.0,135307.0
2,Midwest,2015-09-01,Persistence,4,132906.0,127240.0
2,Midwest,2015-10-01,Persistence,4,142507.0,132906.0
2,Midwest,2014-02-01,Linear regression,4,95403.0,99214.2741807096
2,Midwest,2014-03-01,Linear regression,4,89083.0,97645.78076002195
2,Midwest,2014-04-01,Linear regression,4,86821.0,90514.59212703591
2,Midwest,2014-05-01,Linear regression,4,85805.0,87023.10272097906
2,Midwest,2014-06-01,Linear regression,4,81491.0,87077.66471603417
2,Midwest,2014-07-01,Linear regression,4,82048.0,81799.17410360152
2,Midwest,2014-08-01,Linear regression,4,86512.0,83576.58014701639
2,Midwest,2014-09-01,Linear regression,4,93374.0,88859.92261212989
2,Midwest,2014-10-01,Linear regression,4,98813.0,96356.45387583195
2,Midwest,2014-11-01,Linear regression,4,104555.0,100309.74245128948
2,Midwest,2014-12-01,Linear regression,4,116913.0,105579.65471690445
2,Midwest,2015-01-01,Linear regression,4,126655.0,118141.50242994235
2,Midwest,2015-02-01,Linear regression,4,139376.0,128127.95146317933
2,Midwest,2015-03-01,Linear regression,4,139444.0,138975.84506344257
2,Midwest,2015-04-01,Linear regression,4,135599.0,138338.1415628959
2,Midwest,2015-05-01,Linear regression,4,133942.0,133295.36922986293
2,Midwest,2015-06-01,Linear regression,4,133792.0,132302.73873782344
2,Midwest,2015-07-01,Linear regression,4,135307.0,130905.10036416768
2,Midwest,2015-08-01,Linear regression,4,127240.0,134964.7230456717
2,Midwest,2015-09-01,Linear regression,4,132906.0,128671.72402892243
2,Midwest,2015-10-01,Linear regression,4,142507.0,135324.46421231586
2,Midwest,2014-02-01,Random forest,4,95403.0,100524.55736586114
2,Midwest,2014-03-01,Random forest,4,89083.0,97460.39533930332
2,Midwest,2014-04-01,Random forest,4,86821.0,95664.5497193353
2,Midwest,2014-05-01,Random forest,4,85805.0,93415.43642066668
2,Midwest,2014-06-01,Random forest,4,81491.0,93415.43642066668
2,Midwest,2014-07-01,Random forest,4,82048.0,89527.59799625161
2,Midwest,2014-08-01,Random forest,4,86512.0,89571.71253837614
2,Midwest,2014-09-01,Random forest,4,93374.0,93415.43642066668
2,Midwest,2014-10-01,Random forest,4,98813.0,96585.56582300649
2,Midwest,2014-11-01,Random forest,4,104555.0,101486.25867352984
2,Midwest,2014-12-01,Random forest,4,116913.0,107158.86915143779
2,Midwest,2015-01-01,Random forest,4,126655.0,108245.46733929933
2,Midwest,2015-02-01,Random forest,4,139376.0,108370.23103098237
2,Midwest,2015-03-01,Random forest,4,139444.0,108194.33188244137
2,Midwest,2015-04-01,Random forest,4,135599.0,108194.33188244137
2,Midwest,2015-05-01,Random forest,4,133942.0,108194.33188244137
2,Midwest,2015-06-01,Random forest,4,133792.0,108194.33188244137
2,Midwest,2015-07-01,Random forest,4,135307.0,108194.33188244137
2,Midwest,2015-08-01,Random forest,4,127240.0,108194.33188244137
2,Midwest,2015-09-01,Random forest,4,132906.0,108273.08939485488
2,Midwest,2015-10-01,Random forest,4,142507.0,107456.77162399268
2,Midwest,2014-02-01,XGBoost,4,95403.0,102316.1328125
2,Midwest,2014-03-01,XGBoost,4,89083.0,99163.015625
2,Midwest,2014-04-01,XGBoost,4,86821.0,93796.9765625
2,Midwest,2014-05-01,XGBoost,4,85805.0,93000.03125
2,Midwest,2014-06-01,XGBoost,4,81491.0,93000.03125
2,Midwest,2014-07-01,XGBoost,4,82048.0,89541.4765625
2,Midwest,2014-08-01,XGBoost,4,86512.0,89541.4765625
2,Midwest,2014-09-01,XGBoost,4,93374.0,93047.734375
2,Midwest,2014-10-01,XGBoost,4,98813.0,96007.4453125
2,Midwest,2014-11-01,XGBoost,4,104555.0,102106.234375
2,Midwest,2014-12-01,XGBoost,4,116913.0,106363.734375
2,Midwest,2015-01-01,XGBoost,4,126655.0,107637.1015625
2,Midwest,2015-02-01,XGBoost,4,139376.0,108054.6640625
2,Midwest,2015-03-01,XGBoost,4,139444.0,106874.703125
2,Midwest,2015-04-01,XGBoost,4,135599.0,106874.703125
2,Midwest,2015-05-01,XGBoost,4,133942.0,106874.703125
2,Midwest,2015-06-01,XGBoost,4,133792.0,106874.703125
2,Midwest,2015-07-01,XGBoost,4,135307.0,106874.703125
2,Midwest,2015-08-01,XGBoost,4,127240.0,106874.703125
2,Midwest,2015-09-01,XGBoost,4,132906.0,107774.2578125
2,Midwest,2015-10-01,XGBoost,4,142507.0,107984.3046875
2,Midwest,2014-02-01,Neural network,4,95403.0,115462.4716562187
2,Midwest,2014-03-01,Neural network,4,89083.0,95235.04163879287
2,Midwest,2014-04-01,Neural network,4,86821.0,102191.25686634955
2,Midwest,2014-05-01,Neural network,4,85805.0,100119.23972973577
2,Midwest,2014-06-01,Neural network,4,81491.0,98534.31444422761
2,Midwest,2014-07-01,Neural network,4,82048.0,104319.27769985663
2,Midwest,2014-08-01,Neural network,4,86512.0,99742.58097769805
2,Midwest,2014-09-01,Neural network,4,93374.0,99181.07116679853
2,Midwest,2014-10-01,Neural network,4,98813.0,108471.58303901459
2,Midwest,2014-11-01,Neural network,4,104555.0,116546.54064724408
2,Midwest,2014-12-01,Neural network,4,116913.0,110639.99908347486
2,Midwest,2015-01-01,Neural network,4,126655.0,134877.75941869733
2,Midwest,2015-02-01,Neural network,4,139376.0,130167.64219561429
2,Midwest,2015-03-01,Neural network,4,139444.0,140549.9620927827
2,Midwest,2015-04-01,Neural network,4,135599.0,145829.4859186117
2,Midwest,2015-05-01,Neural network,4,133942.0,128029.25588965308
2,Midwest,2015-06-01,Neural network,4,133792.0,134859.53900602963
2,Midwest,2015-07-01,Neural network,4,135307.0,133166.9358297595
2,Midwest,2015-08-01,Neural network,4,127240.0,135739.9885952266
2,Midwest,2015-09-01,Neural network,4,132906.0,129338.29603637374
2,Midwest,2015-10-01,Neural network,4,142507.0,120803.04827214284
2,Midwest,2015-11-01,Persistence,5,144504.0,142507.0
2,Midwest,2015-12-01,Persistence,5,145942.0,144504.0
2,Midwest,2016-01-01,Persistence,5,148304.0,145942.0
2,Midwest,2016-02-01,Persistence,5,150319.0,148304.0
2,Midwest,2016-03-01,Persistence,5,153620.0,150319.0
2,Midwest,2016-04-01,Persistence,5,151708.0,153620.0
2,Midwest,2016-05-01,Persistence,5,145355.0,151708.0
2,Midwest,2016-06-01,Persistence,5,147655.0,145355.0
2,Midwest,2016-07-01,Persistence,5,148120.0,147655.0
2,Midwest,2016-08-01,Persistence,5,143651.0,148120.0
2,Midwest,2016-09-01,Persistence,5,141439.0,143651.0
2,Midwest,2016-10-01,Persistence,5,149205.0,141439.0
2,Midwest,2016-11-01,Persistence,5,151751.0,149205.0
2,Midwest,2016-12-01,Persistence,5,150558.0,151751.0
2,Midwest,2017-01-01,Persistence,5,152242.0,150558.0
2,Midwest,2017-02-01,Persistence,5,156144.0,152242.0
2,Midwest,2017-03-01,Persistence,5,159074.0,156144.0
2,Midwest,2017-04-01,Persistence,5,157036.0,159074.0
2,Midwest,2017-05-01,Persistence,5,149105.0,157036.0
2,Midwest,2017-06-01,Persistence,5,144641.0,149105.0
2,Midwest,2017-07-01,Persistence,5,140560.0,144641.0
2,Midwest,2015-11-01,Linear regression,5,144504.0,143654.45726952417
2,Midwest,2015-12-01,Linear regression,5,145942.0,145464.23263371421
2,Midwest,2016-01-01,Linear regression,5,148304.0,145949.4656415583
2,Midwest,2016-02-01,Linear regression,5,150319.0,151262.5478445487
2,Midwest,2016-03-01,Linear regression,5,153620.0,152686.65526584568
2,Midwest,2016-04-01,Linear regression,5,151708.0,155237.66782904603
2,Midwest,2016-05-01,Linear regression,5,145355.0,149273.426301217
2,Midwest,2016-06-01,Linear regression,5,147655.0,143147.71520653047
2,Midwest,2016-07-01,Linear regression,5,148120.0,144825.1292558542
2,Midwest,2016-08-01,Linear regression,5,143651.0,146969.54942915414
2,Midwest,2016-09-01,Linear regression,5,141439.0,144598.98882223488
2,Midwest,2016-10-01,Linear regression,5,149205.0,142242.11990493906
2,Midwest,2016-11-01,Linear regression,5,151751.0,150227.49098348053
2,Midwest,2016-12-01,Linear regression,5,150558.0,152061.92252106965
2,Midwest,2017-01-01,Linear regression,5,152242.0,151088.25755059478
2,Midwest,2017-02-01,Linear regression,5,156144.0,154960.35564350995
2,Midwest,2017-03-01,Linear regression,5,159074.0,156764.961340204
2,Midwest,2017-04-01,Linear regression,5,157036.0,158329.20761088212
2,Midwest,2017-05-01,Linear regression,5,149105.0,156494.31686842995
2,Midwest,2017-06-01,Linear regression,5,144641.0,147419.87253677688
2,Midwest,2017-07-01,Linear regression,5,140560.0,143186.18843246892
2,Midwest,2015-11-01,Random forest,5,144504.0,128768.45772992219
2,Midwest,2015-12-01,Random forest,5,145942.0,129206.88593425274
2,Midwest,2016-01-01,Random forest,5,148304.0,128868.80136628583
2,Midwest,2016-02-01,Random forest,5,150319.0,128087.73301724256
2,Midwest,2016-03-01,Random forest,5,153620.0,128687.71626960473
2,Midwest,2016-04-01,Random forest,5,151708.0,128037.57306765048
2,Midwest,2016-05-01,Random forest,5,145355.0,128240.69654938676
2,Midwest,2016-06-01,Random forest,5,147655.0,126144.5040612109
2,Midwest,2016-07-01,Random forest,5,148120.0,128144.58932493486
2,Midwest,2016-08-01,Random forest,5,143651.0,127137.27322531429
2,Midwest,2016-09-01,Random forest,5,141439.0,126972.80497480925
2,Midwest,2016-10-01,Random forest,5,149205.0,128144.58932493486
2,Midwest,2016-11-01,Random forest,5,151751.0,127137.27322531429
2,Midwest,2016-12-01,Random forest,5,150558.0,127047.54558086983
2,Midwest,2017-01-01,Random forest,5,152242.0,127137.27322531429
2,Midwest,2017-02-01,Random forest,5,156144.0,126861.00482724849
2,Midwest,2017-03-01,Random forest,5,159074.0,128144.58932493486
2,Midwest,2017-04-01,Random forest,5,157036.0,128018.32092749896
2,Midwest,2017-05-01,Random forest,5,149105.0,128144.58932493486
2,Midwest,2017-06-01,Random forest,5,144641.0,128018.32092749896
2,Midwest,2017-07-01,Random forest,5,140560.0,128581.7714419185
2,Midwest,2015-11-01,XGBoost,5,144504.0,126228.359375
2,Midwest,2015-12-01,XGBoost,5,145942.0,127801.34375
2,Midwest,2016-01-01,XGBoost,5,148304.0,126620.5703125
2,Midwest,2016-02-01,XGBoost,5,150319.0,124168.609375
2,Midwest,2016-03-01,XGBoost,5,153620.0,125457.1328125
2,Midwest,2016-04-01,XGBoost,5,151708.0,125054.609375
2,Midwest,2016-05-01,XGBoost,5,145355.0,124331.0546875
2,Midwest,2016-06-01,XGBoost,5,147655.0,122048.703125
2,Midwest,2016-07-01,XGBoost,5,148120.0,125143.0
2,Midwest,2016-08-01,XGBoost,5,143651.0,125143.0
2,Midwest,2016-09-01,XGBoost,5,141439.0,124038.3828125
2,Midwest,2016-10-01,XGBoost,5,149205.0,125143.0
2,Midwest,2016-11-01,XGBoost,5,151751.0,125143.0
2,Midwest,2016-12-01,XGBoost,5,150558.0,124514.90625
2,Midwest,2017-01-01,XGBoost,5,152242.0,124514.90625
2,Midwest,2017-02-01,XGBoost,5,156144.0,123999.4453125
2,Midwest,2017-03-01,XGBoost,5,159074.0,125143.0
2,Midwest,2017-04-01,XGBoost,5,157036.0,125143.0
2,Midwest,2017-05-01,XGBoost,5,149105.0,125143.0
2,Midwest,2017-06-01,XGBoost,5,144641.0,125143.0
2,Midwest,2017-07-01,XGBoost,5,140560.0,126761.71875
2,Midwest,2015-11-01,Neural network,5,144504.0,123296.67424889066
2,Midwest,2015-12-01,Neural network,5,145942.0,122382.32337473096
2,Midwest,2016-01-01,Neural network,5,148304.0,127368.37700287078
2,Midwest,2016-02-01,Neural network,5,150319.0,131329.56632016605
2,Midwest,2016-03-01,Neural network,5,153620.0,129273.05992292134
2,Midwest,2016-04-01,Neural network,5,151708.0,141043.07016741767
2,Midwest,2016-05-01,Neural network,5,145355.0,150978.77892803744
2,Midwest,2016-06-01,Neural network,5,147655.0,148090.0252710936
2,Midwest,2016-07-01,Neural network,5,148120.0,146736.15587068416
2,Midwest,2016-08-01,Neural network,5,143651.0,147933.87310837986
2,Midwest,2016-09-01,Neural network,5,141439.0,137527.37656741808
2,Midwest,2016-10-01,Neural network,5,149205.0,137878.26885073545
2,Midwest,2016-11-01,Neural network,5,151751.0,158539.08519559522
2,Midwest,2016-12-01,Neural network,5,150558.0,159819.0592015797
2,Midwest,2017-01-01,Neural network,5,152242.0,161143.93740547093
2,Midwest,2017-02-01,Neural network,5,156144.0,154311.5819476725
2,Midwest,2017-03-01,Neural network,5,159074.0,165079.39935998368
2,Midwest,2017-04-01,Neural network,5,157036.0,167713.14589868975
2,Midwest,2017-05-01,Neural network,5,149105.0,168045.97805342497
2,Midwest,2017-06-01,Neural network,5,144641.0,163516.72538713305
2,Midwest,2017-07-01,Neural network,5,140560.0,161113.02582429783
2,Midwest,2017-08-01,Persistence,6,149558.0,140560.0
2,Midwest,2017-09-01,Persistence,6,153828.0,149558.0
2,Midwest,2017-10-01,Persistence,6,142790.0,153828.0
2,Midwest,2017-11-01,Persistence,6,132031.0,142790.0
2,Midwest,2017-12-01,Persistence,6,118434.0,132031.0
2,Midwest,2018-01-01,Persistence,6,111232.0,118434.0
2,Midwest,2018-02-01,Persistence,6,122305.0,111232.0
2,Midwest,2018-03-01,Persistence,6,125576.0,122305.0
2,Midwest,2018-04-01,Persistence,6,123718.0,125576.0
2,Midwest,2018-05-01,Persistence,6,112849.0,123718.0
2,Midwest,2018-06-01,Persistence,6,107744.0,112849.0
2,Midwest,2018-07-01,Persistence,6,111093.0,107744.0
2,Midwest,2018-08-01,Persistence,6,113024.0,111093.0
2,Midwest,2018-09-01,Persistence,6,124368.0,113024.0
2,Midwest,2018-10-01,Persistence,6,129427.0,124368.0
2,Midwest,2018-11-01,Persistence,6,132102.0,129427.0
2,Midwest,2018-12-01,Persistence,6,133648.0,132102.0
2,Midwest,2019-01-01,Persistence,6,138140.0,133648.0
2,Midwest,2019-02-01,Persistence,6,138437.0,138140.0
2,Midwest,2019-03-01,Persistence,6,137310.0,138437.0
2,Midwest,2019-04-01,Persistence,6,143617.0,137310.0
2,Midwest,2017-08-01,Linear regression,6,149558.0,138918.28680718946
2,Midwest,2017-09-01,Linear regression,6,153828.0,149990.43961675855
2,Midwest,2017-10-01,Linear regression,6,142790.0,156123.95242350223
2,Midwest,2017-11-01,Linear regression,6,132031.0,143586.22834222612
2,Midwest,2017-12-01,Linear regression,6,118434.0,133067.85226329404
2,Midwest,2018-01-01,Linear regression,6,111232.0,121743.50960301499
2,Midwest,2018-02-01,Linear regression,6,122305.0,116957.1292555441
2,Midwest,2018-03-01,Linear regression,6,125576.0,124952.20835887782
2,Midwest,2018-04-01,Linear regression,6,123718.0,127775.33658513299
2,Midwest,2018-05-01,Linear regression,6,112849.0,123932.21940779744
2,Midwest,2018-06-01,Linear regression,6,107744.0,115980.46778334038
2,Midwest,2018-07-01,Linear regression,6,111093.0,109449.61970599006
2,Midwest,2018-08-01,Linear regression,6,113024.0,112007.99949130583
2,Midwest,2018-09-01,Linear regression,6,124368.0,117430.07821005721
2,Midwest,2018-10-01,Linear regression,6,129427.0,132641.01188559877
2,Midwest,2018-11-01,Linear regression,6,132102.0,132720.4275162486
2,Midwest,2018-12-01,Linear regression,6,133648.0,132988.2156088699
2,Midwest,2019-01-01,Linear regression,6,138140.0,135714.36705322162
2,Midwest,2019-02-01,Linear regression,6,138437.0,143318.1366847701
2,Midwest,2019-03-01,Linear regression,6,137310.0,142417.3610995222
2,Midwest,2019-04-01,Linear regression,6,143617.0,140496.2615816042
2,Midwest,2017-08-01,Random forest,6,149558.0,141992.51761058084
2,Midwest,2017-09-01,Random forest,6,153828.0,148426.03540681436
2,Midwest,2017-10-01,Random forest,6,142790.0,147254.5229207904
2,Midwest,2017-11-01,Random forest,6,132031.0,142431.9017891669
2,Midwest,2017-12-01,Random forest,6,118434.0,133898.69420850888
2,Midwest,2018-01-01,Random forest,6,111232.0,127763.58127800413
2,Midwest,2018-02-01,Random forest,6,122305.0,116494.16913585782
2,Midwest,2018-03-01,Random forest,6,125576.0,132301.48196756496
2,Midwest,2018-04-01,Random forest,6,123718.0,132883.5587774677
2,Midwest,2018-05-01,Random forest,6,112849.0,132301.48196756496
2,Midwest,2018-06-01,Random forest,6,107744.0,116496.69185377542
2,Midwest,2018-07-01,Random forest,6,111093.0,111249.01603478655
2,Midwest,2018-08-01,Random forest,6,113024.0,116074.9379652865
2,Midwest,2018-09-01,Random forest,6,124368.0,116330.34824789301
2,Midwest,2018-10-01,Random forest,6,129427.0,132274.75038844038
2,Midwest,2018-11-01,Random forest,6,132102.0,133144.8177637925
2,Midwest,2018-12-01,Random forest,6,133648.0,133898.69420850888
2,Midwest,2019-01-01,Random forest,6,138140.0,134211.6006361592
2,Midwest,2019-02-01,Random forest,6,138437.0,137078.88600542507
2,Midwest,2019-03-01,Random forest,6,137310.0,137212.68119566079
2,Midwest,2019-04-01,Random forest,6,143617.0,134625.3844415387
2,Midwest,2017-08-01,XGBoost,6,149558.0,139452.34375
2,Midwest,2017-09-01,XGBoost,6,153828.0,147909.484375
2,Midwest,2017-10-01,XGBoost,6,142790.0,147822.140625
2,Midwest,2017-11-01,XGBoost,6,132031.0,143991.484375
2,Midwest,2017-12-01,XGBoost,6,118434.0,135559.296875
2,Midwest,2018-01-01,XGBoost,6,111232.0,129036.734375
2,Midwest,2018-02-01,XGBoost,6,122305.0,115189.8828125
2,Midwest,2018-03-01,XGBoost,6,125576.0,129036.734375
2,Midwest,2018-04-01,XGBoost,6,123718.0,129036.734375
2,Midwest,2018-05-01,XGBoost,6,112849.0,129036.734375
2,Midwest,2018-06-01,XGBoost,6,107744.0,117251.0546875
2,Midwest,2018-07-01,XGBoost,6,111093.0,114602.6484375
2,Midwest,2018-08-01,XGBoost,6,113024.0,114602.6484375
2,Midwest,2018-09-01,XGBoost,6,124368.0,117226.546875
2,Midwest,2018-10-01,XGBoost,6,129427.0,129304.78125
2,Midwest,2018-11-01,XGBoost,6,132102.0,135559.296875
2,Midwest,2018-12-01,XGBoost,6,133648.0,135559.296875
2,Midwest,2019-01-01,XGBoost,6,138140.0,135936.78125
2,Midwest,2019-02-01,XGBoost,6,138437.0,136975.890625
2,Midwest,2019-03-01,XGBoost,6,137310.0,136555.9375
2,Midwest,2019-04-01,XGBoost,6,143617.0,136520.109375
2,Midwest,2017-08-01,Neural network,6,149558.0,155977.4556214659
2,Midwest,2017-09-01,Neural network,6,153828.0,149252.2015595024
2,Midwest,2017-10-01,Neural network,6,142790.0,144489.89171313553
2,Midwest,2017-11-01,Neural network,6,132031.0,146094.73008792644
2,Midwest,2017-12-01,Neural network,6,118434.0,149940.97724078386
2,Midwest,2018-01-01,Neural network,6,111232.0,140539.7426021556
2,Midwest,2018-02-01,Neural network,6,122305.0,121826.72471856937
2,Midwest,2018-03-01,Neural network,6,125576.0,138058.09964546518
2,Midwest,2018-04-01,Neural network,6,123718.0,146075.87843964793
2,Midwest,2018-05-01,Neural network,6,112849.0,151220.8313027401
2,Midwest,2018-06-01,Neural network,6,107744.0,140478.9371312972
2,Midwest,2018-07-01,Neural network,6,111093.0,136288.38411865372
2,Midwest,2018-08-01,Neural network,6,113024.0,129880.11653410361
2,Midwest,2018-09-01,Neural network,6,124368.0,122683.91980091546
2,Midwest,2018-10-01,Neural network,6,129427.0,130992.11415139775
2,Midwest,2018-11-01,Neural network,6,132102.0,143018.72958620448
2,Midwest,2018-12-01,Neural network,6,133648.0,149401.74355685065
2,Midwest,2019-01-01,Neural network,6,138140.0,151676.35608654382
2,Midwest,2019-02-01,Neural network,6,138437.0,132920.24812140438
2,Midwest,2019-03-01,Neural network,6,137310.0,143413.7449171851
2,Midwest,2019-04-01,Neural network,6,143617.0,145748.2449118415
2,Midwest,2019-05-01,Persistence,7,142220.0,143617.0
2,Midwest,2019-06-01,Persistence,7,134881.0,142220.0
2,Midwest,2019-07-01,Persistence,7,125698.0,134881.0
2,Midwest,2019-08-01,Persistence,7,128143.0,125698.0
2,Midwest,2019-09-01,Persistence,7,134781.0,128143.0
2,Midwest,2019-10-01,Persistence,7,130126.0,134781.0
2,Midwest,2019-11-01,Persistence,7,126547.0,130126.0
2,Midwest,2019-12-01,Persistence,7,127714.0,126547.0
2,Midwest,2020-01-01,Persistence,7,126836.0,127714.0
2,Midwest,2020-02-01,Persistence,7,139824.0,126836.0
2,Midwest,2020-03-01,Persistence,7,156466.0,139824.0
2,Midwest,2020-04-01,Persistence,7,140663.0,156466.0
2,Midwest,2020-05-01,Persistence,7,136483.0,140663.0
2,Midwest,2020-06-01,Persistence,7,140336.0,136483.0
2,Midwest,2020-07-01,Persistence,7,140141.0,140336.0
2,Midwest,2020-08-01,Persistence,7,140970.0,140141.0
2,Midwest,2020-09-01,Persistence,7,146472.0,140970.0
2,Midwest,2020-10-01,Persistence,7,148412.0,146472.0
2,Midwest,2020-11-01,Persistence,7,147225.0,148412.0
2,Midwest,2020-12-01,Persistence,7,136136.0,147225.0
2,Midwest,2021-01-01,Persistence,7,134483.0,136136.0
2,Midwest,2019-05-01,Linear regression,7,142220.0,145907.38238009583
2,Midwest,2019-06-01,Linear regression,7,134881.0,142446.18525707402
2,Midwest,2019-07-01,Linear regression,7,125698.0,134196.29512159378
2,Midwest,2019-08-01,Linear regression,7,128143.0,124287.27722271979
2,Midwest,2019-09-01,Linear regression,7,134781.0,129109.80710302936
2,Midwest,2019-10-01,Linear regression,7,130126.0,136612.87035527287
2,Midwest,2019-11-01,Linear regression,7,126547.0,130443.32748306837
2,Midwest,2019-12-01,Linear regression,7,127714.0,127827.843532903
2,Midwest,2020-01-01,Linear regression,7,126836.0,128633.52814742301
2,Midwest,2020-02-01,Linear regression,7,139824.0,130395.5649286526
2,Midwest,2020-03-01,Linear regression,7,156466.0,143591.68625188002
2,Midwest,2020-04-01,Linear regression,7,140663.0,162981.7105079955
2,Midwest,2020-05-01,Linear regression,7,136483.0,143406.3677227547
2,Midwest,2020-06-01,Linear regression,7,140336.0,139206.38135972666
2,Midwest,2020-07-01,Linear regression,7,140141.0,140418.9873820743
2,Midwest,2020-08-01,Linear regression,7,140970.0,139636.64449206536
2,Midwest,2020-09-01,Linear regression,7,146472.0,142043.39160188707
2,Midwest,2020-10-01,Linear regression,7,148412.0,147615.26904566737
2,Midwest,2020-11-01,Linear regression,7,147225.0,150315.67445165227
2,Midwest,2020-12-01,Linear regression,7,136136.0,149727.76035289423
2,Midwest,2021-01-01,Linear regression,7,134483.0,137433.46656559326
2,Midwest,2019-05-01,Random forest,7,142220.0,139171.45888020395
2,Midwest,2019-06-01,Random forest,7,134881.0,139021.62145576003
2,Midwest,2019-07-01,Random forest,7,125698.0,133997.31752377254
2,Midwest,2019-08-01,Random forest,7,128143.0,124151.3183254776
2,Midwest,2019-09-01,Random forest,7,134781.0,128727.0553452594
2,Midwest,2019-10-01,Random forest,7,130126.0,134191.53943085155
2,Midwest,2019-11-01,Random forest,7,126547.0,129251.34103000196
2,Midwest,2019-12-01,Random forest,7,127714.0,128219.64117309405
2,Midwest,2020-01-01,Random forest,7,126836.0,128614.91797121533
2,Midwest,2020-02-01,Random forest,7,139824.0,128390.60728285926
2,Midwest,2020-03-01,Random forest,7,156466.0,137452.28833456224
2,Midwest,2020-04-01,Random forest,7,140663.0,148780.1289549815
2,Midwest,2020-05-01,Random forest,7,136483.0,144178.54829978858
2,Midwest,2020-06-01,Random forest,7,140336.0,141519.0493611654
2,Midwest,2020-07-01,Random forest,7,140141.0,143754.70549834776
2,Midwest,2020-08-01,Random forest,7,140970.0,141147.16350528126
2,Midwest,2020-09-01,Random forest,7,146472.0,143836.97900870413
2,Midwest,2020-10-01,Random forest,7,148412.0,142847.25851324262
2,Midwest,2020-11-01,Random forest,7,147225.0,147340.72577950216
2,Midwest,2020-12-01,Random forest,7,136136.0,144474.1476205072
2,Midwest,2021-01-01,Random forest,7,134483.0,138942.32546076764
2,Midwest,2019-05-01,XGBoost,7,142220.0,140897.765625
2,Midwest,2019-06-01,XGBoost,7,134881.0,139402.578125
2,Midwest,2019-07-01,XGBoost,7,125698.0,133671.4375
2,Midwest,2019-08-01,XGBoost,7,128143.0,125265.734375
2,Midwest,2019-09-01,XGBoost,7,134781.0,129645.6015625
2,Midwest,2019-10-01,XGBoost,7,130126.0,135856.625
2,Midwest,2019-11-01,XGBoost,7,126547.0,131691.71875
2,Midwest,2019-12-01,XGBoost,7,127714.0,125265.734375
2,Midwest,2020-01-01,XGBoost,7,126836.0,128961.1484375
2,Midwest,2020-02-01,XGBoost,7,139824.0,130404.5625
2,Midwest,2020-03-01,XGBoost,7,156466.0,138898.515625
2,Midwest,2020-04-01,XGBoost,7,140663.0,148764.453125
2,Midwest,2020-05-01,XGBoost,7,136483.0,145133.84375
2,Midwest,2020-06-01,XGBoost,7,140336.0,140056.765625
2,Midwest,2020-07-01,XGBoost,7,140141.0,142509.25
2,Midwest,2020-08-01,XGBoost,7,140970.0,140446.71875
2,Midwest,2020-09-01,XGBoost,7,146472.0,144976.046875
2,Midwest,2020-10-01,XGBoost,7,148412.0,145641.3125
2,Midwest,2020-11-01,XGBoost,7,147225.0,147907.359375
2,Midwest,2020-12-01,XGBoost,7,136136.0,144882.0
2,Midwest,2021-01-01,XGBoost,7,134483.0,138355.109375
2,Midwest,2019-05-01,Neural network,7,142220.0,140346.87913269608
2,Midwest,2019-06-01,Neural network,7,134881.0,136581.4649754073
2,Midwest,2019-07-01,Neural network,7,125698.0,136139.1272529079
2,Midwest,2019-08-01,Neural network,7,128143.0,130155.69112166206
2,Midwest,2019-09-01,Neural network,7,134781.0,128684.98137508052
2,Midwest,2019-10-01,Neural network,7,130126.0,134787.14944933334
2,Midwest,2019-11-01,Neural network,7,126547.0,131058.3191213467
2,Midwest,2019-12-01,Neural network,7,127714.0,131122.95824134065
2,Midwest,2020-01-01,Neural network,7,126836.0,129599.19063147038
2,Midwest,2020-02-01,Neural network,7,139824.0,127764.80514193844
2,Midwest,2020-03-01,Neural network,7,156466.0,139254.82898751143
2,Midwest,2020-04-01,Neural network,7,140663.0,151234.98453754437
2,Midwest,2020-05-01,Neural network,7,136483.0,135271.00341736496
2,Midwest,2020-06-01,Neural network,7,140336.0,141082.1846309972
2,Midwest,2020-07-01,Neural network,7,140141.0,138038.8408051195
2,Midwest,2020-08-01,Neural network,7,140970.0,139098.52579731005
2,Midwest,2020-09-01,Neural network,7,146472.0,146749.74022190436
2,Midwest,2020-10-01,Neural network,7,148412.0,146887.0709552713
2,Midwest,2020-11-01,Neural network,7,147225.0,148524.95413755186
2,Midwest,2020-12-01,Neural network,7,136136.0,145342.38604584974
2,Midwest,2021-01-01,Neural network,7,134483.0,133278.7009402998
2,Midwest,2021-02-01,Persistence,8,127473.0,134483.0
2,Midwest,2021-03-01,Persistence,8,133881.0,127473.0
2,Midwest,2021-04-01,Persistence,8,134056.0,133881.0
2,Midwest,2021-05-01,Persistence,8,124235.0,134056.0
2,Midwest,2021-06-01,Persistence,8,119009.0,124235.0
2,Midwest,2021-07-01,Persistence,8,116402.0,119009.0
2,Midwest,2021-08-01,Persistence,8,113164.0,116402.0
2,Midwest,2021-09-01,Persistence,8,108697.0,113164.0
2,Midwest,2021-10-01,Persistence,8,114800.0,108697.0
2,Midwest,2021-11-01,Persistence,8,117519.0,114800.0
2,Midwest,2021-12-01,Persistence,8,110478.0,117519.0
2,Midwest,2022-01-01,Persistence,8,102418.0,110478.0
2,Midwest,2022-02-01,Persistence,8,106991.0,102418.0
2,Midwest,2022-03-01,Persistence,8,105393.0,106991.0
2,Midwest,2022-04-01,Persistence,8,103433.0,105393.0
2,Midwest,2022-05-01,Persistence,8,103711.0,103433.0
2,Midwest,2022-06-01,Persistence,8,108992.0,103711.0
2,Midwest,2022-07-01,Persistence,8,106416.0,108992.0
2,Midwest,2022-08-01,Persistence,8,109108.0,106416.0
2,Midwest,2022-09-01,Persistence,8,113699.0,109108.0
2,Midwest,2022-10-01,Persistence,8,106829.0,113699.0
2,Midwest,2021-02-01,Linear regression,8,127473.0,136372.87923497416
2,Midwest,2021-03-01,Linear regression,8,133881.0,127759.18770647486
2,Midwest,2021-04-01,Linear regression,8,134056.0,134637.7690668987
2,Midwest,2021-05-01,Linear regression,8,124235.0,132886.74383866752
2,Midwest,2021-06-01,Linear regression,8,119009.0,122705.194500382
2,Midwest,2021-07-01,Linear regression,8,116402.0,117752.20678631889
2,Midwest,2021-08-01,Linear regression,8,113164.0,115468.55361386022
2,Midwest,2021-09-01,Linear regression,8,108697.0,112775.83073876353
2,Midwest,2021-10-01,Linear regression,8,114800.0,109206.60538701032
2,Midwest,2021-11-01,Linear regression,8,117519.0,115319.19536392558
2,Midwest,2021-12-01,Linear regression,8,110478.0,117296.26047782763
2,Midwest,2022-01-01,Linear regression,8,102418.0,110122.71779145244
2,Midwest,2022-02-01,Linear regression,8,106991.0,103853.86282409017
2,Midwest,2022-03-01,Linear regression,8,105393.0,108337.56955704573
2,Midwest,2022-04-01,Linear regression,8,103433.0,106369.4672948044
2,Midwest,2022-05-01,Linear regression,8,103711.0,103511.56363428273
2,Midwest,2022-06-01,Linear regression,8,108992.0,103715.8167072569
2,Midwest,2022-07-01,Linear regression,8,106416.0,109117.22799920465
2,Midwest,2022-08-01,Linear regression,8,109108.0,106724.68388382718
2,Midwest,2022-09-01,Linear regression,8,113699.0,109848.55898592944
2,Midwest,2022-10-01,Linear regression,8,106829.0,113758.8060790919
2,Midwest,2021-02-01,Random forest,8,127473.0,133802.28809844438
2,Midwest,2021-03-01,Random forest,8,133881.0,132020.31930980887
2,Midwest,2021-04-01,Random forest,8,134056.0,133931.2896815519
2,Midwest,2021-05-01,Random forest,8,124235.0,132769.20244595845
2,Midwest,2021-06-01,Random forest,8,119009.0,124693.14936045892
2,Midwest,2021-07-01,Random forest,8,116402.0,121001.37721836584
2,Midwest,2021-08-01,Random forest,8,113164.0,120176.329734515
2,Midwest,2021-09-01,Random forest,8,108697.0,118037.35184319338
2,Midwest,2021-10-01,Random forest,8,114800.0,110499.07486683017
2,Midwest,2021-11-01,Random forest,8,117519.0,119974.15634613017
2,Midwest,2021-12-01,Random forest,8,110478.0,120615.92992856304
2,Midwest,2022-01-01,Random forest,8,102418.0,113379.85503037428
2,Midwest,2022-02-01,Random forest,8,106991.0,106724.11898711375
2,Midwest,2022-03-01,Random forest,8,105393.0,109348.87148048606
2,Midwest,2022-04-01,Random forest,8,103433.0,109489.90840284318
2,Midwest,2022-05-01,Random forest,8,103711.0,107054.07288876484
2,Midwest,2022-06-01,Random forest,8,108992.0,107984.68541748753
2,Midwest,2022-07-01,Random forest,8,106416.0,110704.67899399821
2,Midwest,2022-08-01,Random forest,8,109108.0,108351.39206050795
2,Midwest,2022-09-01,Random forest,8,113699.0,111664.15139458208
2,Midwest,2022-10-01,Random forest,8,106829.0,119303.60937176402
2,Midwest,2021-02-01,XGBoost,8,127473.0,136016.796875
2,Midwest,2021-03-01,XGBoost,8,133881.0,132166.390625
2,Midwest,2021-04-01,XGBoost,8,134056.0,136062.65625
2,Midwest,2021-05-01,XGBoost,8,124235.0,134267.140625
2,Midwest,2021-06-01,XGBoost,8,119009.0,119024.2421875
2,Midwest,2021-07-01,XGBoost,8,116402.0,118438.078125
2,Midwest,2021-08-01,XGBoost,8,113164.0,118438.078125
2,Midwest,2021-09-01,XGBoost,8,108697.0,118673.90625
2,Midwest,2021-10-01,XGBoost,8,114800.0,112959.390625
2,Midwest,2021-11-01,XGBoost,8,117519.0,119183.3125
2,Midwest,2021-12-01,XGBoost,8,110478.0,117129.9453125
2,Midwest,2022-01-01,XGBoost,8,102418.0,111470.328125
2,Midwest,2022-02-01,XGBoost,8,106991.0,108335.203125
2,Midwest,2022-03-01,XGBoost,8,105393.0,110413.0859375
2,Midwest,2022-04-01,XGBoost,8,103433.0,110880.125
2,Midwest,2022-05-01,XGBoost,8,103711.0,106371.1953125
2,Midwest,2022-06-01,XGBoost,8,108992.0,106442.703125
2,Midwest,2022-07-01,XGBoost,8,106416.0,112377.6953125
2,Midwest,2022-08-01,XGBoost,8,109108.0,108800.390625
2,Midwest,2022-09-01,XGBoost,8,113699.0,113247.703125
2,Midwest,2022-10-01,XGBoost,8,106829.0,117365.7734375
2,Midwest,2021-02-01,Neural network,8,127473.0,138984.85090910725
2,Midwest,2021-03-01,Neural network,8,133881.0,127069.75435339494
2,Midwest,2021-04-01,Neural network,8,134056.0,136918.71846469186
2,Midwest,2021-05-01,Neural network,8,124235.0,132248.08787334093
2,Midwest,2021-06-01,Neural network,8,119009.0,124576.84267286597
2,Midwest,2021-07-01,Neural network,8,116402.0,118756.56289339632
2,Midwest,2021-08-01,Neural network,8,113164.0,112914.4769453533
2,Midwest,2021-09-01,Neural network,8,108697.0,110623.19298946841
2,Midwest,2021-10-01,Neural network,8,114800.0,108496.9936929755
2,Midwest,2021-11-01,Neural network,8,117519.0,116393.31204039813
2,Midwest,2021-12-01,Neural network,8,110478.0,115407.64180410375
2,Midwest,2022-01-01,Neural network,8,102418.0,107154.75805664614
2,Midwest,2022-02-01,Neural network,8,106991.0,115268.82438372806
2,Midwest,2022-03-01,Neural network,8,105393.0,114862.73712066248
2,Midwest,2022-04-01,Neural network,8,103433.0,115898.3374736992
2,Midwest,2022-05-01,Neural network,8,103711.0,103632.55484130028
2,Midwest,2022-06-01,Neural network,8,108992.0,108252.38019800709
2,Midwest,2022-07-01,Neural network,8,106416.0,107475.14280507142
2,Midwest,2022-08-01,Neural network,8,109108.0,106573.61864037639
2,Midwest,2022-09-01,Neural network,8,113699.0,113613.0785950741
2,Midwest,2022-10-01,Neural network,8,106829.0,114017.5080136094
2,Midwest,2022-11-01,Persistence,9,107006.0,106829.0
2,Midwest,2022-12-01,Persistence,9,123976.0,107006.0
2,Midwest,2023-01-01,Persistence,9,127518.0,123976.0
2,Midwest,2023-02-01,Persistence,9,121224.0,127518.0
2,Midwest,2023-03-01,Persistence,9,120647.0,121224.0
2,Midwest,2023-04-01,Persistence,9,125119.0,120647.0
2,Midwest,2023-05-01,Persistence,9,126189.0,125119.0
2,Midwest,2023-06-01,Persistence,9,118771.0,126189.0
2,Midwest,2023-07-01,Persistence,9,109216.0,118771.0
2,Midwest,2023-08-01,Persistence,9,104432.0,109216.0
2,Midwest,2023-09-01,Persistence,9,105146.0,104432.0
2,Midwest,2023-10-01,Persistence,9,110776.0,105146.0
2,Midwest,2023-11-01,Persistence,9,116557.0,110776.0
2,Midwest,2023-12-01,Persistence,9,109117.0,116557.0
2,Midwest,2024-01-01,Persistence,9,117652.0,109117.0
2,Midwest,2024-02-01,Persistence,9,119599.0,117652.0
2,Midwest,2024-03-01,Persistence,9,122265.0,119599.0
2,Midwest,2024-04-01,Persistence,9,116543.0,122265.0
2,Midwest,2024-05-01,Persistence,9,114321.0,116543.0
2,Midwest,2024-06-01,Persistence,9,110115.0,114321.0
2,Midwest,2024-07-01,Persistence,9,104799.0,110115.0
2,Midwest,2022-11-01,Linear regression,9,107006.0,106959.7553319457
2,Midwest,2022-12-01,Linear regression,9,123976.0,106934.66121950526
2,Midwest,2023-01-01,Linear regression,9,127518.0,123395.05608891738
2,Midwest,2023-02-01,Linear regression,9,121224.0,127467.62097494793
2,Midwest,2023-03-01,Linear regression,9,120647.0,120784.82775760691
2,Midwest,2023-04-01,Linear regression,9,125119.0,120879.61767842348
2,Midwest,2023-05-01,Linear regression,9,126189.0,124173.93599541082
2,Midwest,2023-06-01,Linear regression,9,118771.0,124535.53320104128
2,Midwest,2023-07-01,Linear regression,9,109216.0,117011.81438132211
2,Midwest,2023-08-01,Linear regression,9,104432.0,107608.87722225257
2,Midwest,2023-09-01,Linear regression,9,105146.0,105859.61393376747
2,Midwest,2023-10-01,Linear regression,9,110776.0,106760.06666729753
2,Midwest,2023-11-01,Linear regression,9,116557.0,111803.11385232939
2,Midwest,2023-12-01,Linear regression,9,109117.0,115891.54372872565
2,Midwest,2024-01-01,Linear regression,9,117652.0,108141.98617394413
2,Midwest,2024-02-01,Linear regression,9,119599.0,119503.43483196922
2,Midwest,2024-03-01,Linear regression,9,122265.0,119416.38233857634
2,Midwest,2024-04-01,Linear regression,9,116543.0,122938.78609136924
2,Midwest,2024-05-01,Linear regression,9,114321.0,115028.02640863328
2,Midwest,2024-06-01,Linear regression,9,110115.0,113647.86427978217
2,Midwest,2024-07-01,Linear regression,9,104799.0,109732.60387668181
2,Midwest,2022-11-01,Random forest,9,107006.0,107748.26622537085
2,Midwest,2022-12-01,Random forest,9,123976.0,107328.81852764734
2,Midwest,2023-01-01,Random forest,9,127518.0,120996.39760328503
2,Midwest,2023-02-01,Random forest,9,121224.0,132917.01172415237
2,Midwest,2023-03-01,Random forest,9,120647.0,118395.30229169985
2,Midwest,2023-04-01,Random forest,9,125119.0,118933.11946070023
2,Midwest,2023-05-01,Random forest,9,126189.0,125950.41542501636
2,Midwest,2023-06-01,Random forest,9,118771.0,128131.5079128492
2,Midwest,2023-07-01,Random forest,9,109216.0,117369.10624719846
2,Midwest,2023-08-01,Random forest,9,104432.0,110620.24045315487
2,Midwest,2023-09-01,Random forest,9,105146.0,108639.39520921996
2,Midwest,2023-10-01,Random forest,9,110776.0,108171.12348366524
2,Midwest,2023-11-01,Random forest,9,116557.0,111917.22983208914
2,Midwest,2023-12-01,Random forest,9,109117.0,116713.0294650663
2,Midwest,2024-01-01,Random forest,9,117652.0,109899.1464016528
2,Midwest,2024-02-01,Random forest,9,119599.0,118154.47255306484
2,Midwest,2024-03-01,Random forest,9,122265.0,118129.81007365063
2,Midwest,2024-04-01,Random forest,9,116543.0,121616.14778229137
2,Midwest,2024-05-01,Random forest,9,114321.0,116195.67709997445
2,Midwest,2024-06-01,Random forest,9,110115.0,115367.2472637556
2,Midwest,2024-07-01,Random forest,9,104799.0,111120.73936365724
2,Midwest,2022-11-01,XGBoost,9,107006.0,107828.15625
2,Midwest,2022-12-01,XGBoost,9,123976.0,109029.7734375
2,Midwest,2023-01-01,XGBoost,9,127518.0,120992.84375
2,Midwest,2023-02-01,XGBoost,9,121224.0,131977.734375
2,Midwest,2023-03-01,XGBoost,9,120647.0,117380.203125
2,Midwest,2023-04-01,XGBoost,9,125119.0,119610.0390625
2,Midwest,2023-05-01,XGBoost,9,126189.0,124009.7734375
2,Midwest,2023-06-01,XGBoost,9,118771.0,125713.3046875
2,Midwest,2023-07-01,XGBoost,9,109216.0,114063.2890625
2,Midwest,2023-08-01,XGBoost,9,104432.0,107704.4140625
2,Midwest,2023-09-01,XGBoost,9,105146.0,109069.3828125
2,Midwest,2023-10-01,XGBoost,9,110776.0,108562.09375
2,Midwest,2023-11-01,XGBoost,9,116557.0,111073.4609375
2,Midwest,2023-12-01,XGBoost,9,109117.0,114222.078125
2,Midwest,2024-01-01,XGBoost,9,117652.0,107719.671875
2,Midwest,2024-02-01,XGBoost,9,119599.0,118312.7578125
2,Midwest,2024-03-01,XGBoost,9,122265.0,117744.65625
2,Midwest,2024-04-01,XGBoost,9,116543.0,119007.8125
2,Midwest,2024-05-01,XGBoost,9,114321.0,113505.84375
2,Midwest,2024-06-01,XGBoost,9,110115.0,113013.390625
2,Midwest,2024-07-01,XGBoost,9,104799.0,107672.4296875
2,Midwest,2022-11-01,Neural network,9,107006.0,111640.57945039672
2,Midwest,2022-12-01,Neural network,9,123976.0,112401.99657015856
2,Midwest,2023-01-01,Neural network,9,127518.0,125324.90554662928
2,Midwest,2023-02-01,Neural network,9,121224.0,128054.70354669691
2,Midwest,2023-03-01,Neural network,9,120647.0,119717.36294004391
2,Midwest,2023-04-01,Neural network,9,125119.0,121832.19717230991
2,Midwest,2023-05-01,Neural network,9,126189.0,125118.07296703689
2,Midwest,2023-06-01,Neural network,9,118771.0,119946.19260050525
2,Midwest,2023-07-01,Neural network,9,109216.0,115360.33519259086
2,Midwest,2023-08-01,Neural network,9,104432.0,110142.2063513211
2,Midwest,2023-09-01,Neural network,9,105146.0,115750.32703490824
2,Midwest,2023-10-01,Neural network,9,110776.0,114007.28447268615
2,Midwest,2023-11-01,Neural network,9,116557.0,119370.53455410345
2,Midwest,2023-12-01,Neural network,9,109117.0,117811.13967239381
2,Midwest,2024-01-01,Neural network,9,117652.0,108860.99439777467
2,Midwest,2024-02-01,Neural network,9,119599.0,123901.84274986987
2,Midwest,2024-03-01,Neural network,9,122265.0,123132.99827279062
2,Midwest,2024-04-01,Neural network,9,116543.0,123525.99462445099
2,Midwest,2024-05-01,Neural network,9,114321.0,115891.58576260683
2,Midwest,2024-06-01,Neural network,9,110115.0,115104.84417748015
2,Midwest,2024-07-01,Neural network,9,104799.0,112816.75600912652
2,Midwest,2024-08-01,Persistence,10,106571.0,104799.0
2,Midwest,2024-09-01,Persistence,10,106183.0,106571.0
2,Midwest,2024-10-01,Persistence,10,106836.0,106183.0
2,Midwest,2024-11-01,Persistence,10,103681.0,106836.0
2,Midwest,2024-12-01,Persistence,10,102928.0,103681.0
2,Midwest,2025-01-01,Persistence,10,108370.0,102928.0
2,Midwest,2025-02-01,Persistence,10,107856.0,108370.0
2,Midwest,2025-03-01,Persistence,10,108279.0,107856.0
2,Midwest,2025-04-01,Persistence,10,107003.0,108279.0
2,Midwest,2025-05-01,Persistence,10,103186.0,107003.0
2,Midwest,2025-06-01,Persistence,10,102773.0,103186.0
2,Midwest,2025-07-01,Persistence,10,105652.0,102773.0
2,Midwest,2025-08-01,Persistence,10,102148.0,105652.0
2,Midwest,2025-09-01,Persistence,10,105721.0,102148.0
2,Midwest,2025-10-01,Persistence,10,102571.0,105721.0
2,Midwest,2025-11-01,Persistence,10,105687.0,102571.0
2,Midwest,2025-12-01,Persistence,10,107268.0,105687.0
2,Midwest,2026-01-01,Persistence,10,108017.0,107268.0
2,Midwest,2026-02-01,Persistence,10,114145.0,108017.0
2,Midwest,2026-03-01,Persistence,10,110594.0,114145.0
2,Midwest,2026-04-01,Persistence,10,100616.0,110594.0
2,Midwest,2024-08-01,Linear regression,10,106571.0,103932.52344320732
2,Midwest,2024-09-01,Linear regression,10,106183.0,107579.19039170012
2,Midwest,2024-10-01,Linear regression,10,106836.0,107369.26339316735
2,Midwest,2024-11-01,Linear regression,10,103681.0,108114.97924722706
2,Midwest,2024-12-01,Linear regression,10,102928.0,103854.19569771578
2,Midwest,2025-01-01,Linear regression,10,108370.0,102903.90624262877
2,Midwest,2025-02-01,Linear regression,10,107856.0,109589.57741029012
2,Midwest,2025-03-01,Linear regression,10,108279.0,108460.59514002471
2,Midwest,2025-04-01,Linear regression,10,107003.0,110239.5288605296
2,Midwest,2025-05-01,Linear regression,10,103186.0,106475.42662366651
2,Midwest,2025-06-01,Linear regression,10,102773.0,102412.72252462487
2,Midwest,2025-07-01,Linear regression,10,105652.0,101388.88826138795
2,Midwest,2025-08-01,Linear regression,10,102148.0,104657.64789614514
2,Midwest,2025-09-01,Linear regression,10,105721.0,102397.0033921591
2,Midwest,2025-10-01,Linear regression,10,102571.0,107577.02566482131
2,Midwest,2025-11-01,Linear regression,10,105687.0,102331.99521012968
2,Midwest,2025-12-01,Linear regression,10,107268.0,104508.61357754275
2,Midwest,2026-01-01,Linear regression,10,108017.0,106090.7668161795
2,Midwest,2026-02-01,Linear regression,10,114145.0,109520.55489388903
2,Midwest,2026-03-01,Linear regression,10,110594.0,114225.15273784463
2,Midwest,2026-04-01,Linear regression,10,100616.0,112454.25481853574
2,Midwest,2024-08-01,Random forest,10,106571.0,108841.71761561467
2,Midwest,2024-09-01,Random forest,10,106183.0,109128.63792985097
2,Midwest,2024-10-01,Random forest,10,106836.0,108038.07547991829
2,Midwest,2024-11-01,Random forest,10,103681.0,109334.37786510063
2,Midwest,2024-12-01,Random forest,10,102928.0,106843.16713049951
2,Midwest,2025-01-01,Random forest,10,108370.0,106620.56836244637
2,Midwest,2025-02-01,Random forest,10,107856.0,111219.34755619909
2,Midwest,2025-03-01,Random forest,10,108279.0,110060.42840173368
2,Midwest,2025-04-01,Random forest,10,107003.0,111703.43767863786
2,Midwest,2025-05-01,Random forest,10,103186.0,109924.96492687565
2,Midwest,2025-06-01,Random forest,10,102773.0,106606.28637799594
2,Midwest,2025-07-01,Random forest,10,105652.0,106422.42014796578
2,Midwest,2025-08-01,Random forest,10,102148.0,108840.7402435827
2,Midwest,2025-09-01,Random forest,10,105721.0,105323.53479894732
2,Midwest,2025-10-01,Random forest,10,102571.0,108701.5151798801
2,Midwest,2025-11-01,Random forest,10,105687.0,105892.10283178867
2,Midwest,2025-12-01,Random forest,10,107268.0,108232.75396144872
2,Midwest,2026-01-01,Random forest,10,108017.0,109935.81233715414
2,Midwest,2026-02-01,Random forest,10,114145.0,111555.62176752905
2,Midwest,2026-03-01,Random forest,10,110594.0,113492.00933591354
2,Midwest,2026-04-01,Random forest,10,100616.0,112677.9433862776
2,Midwest,2024-08-01,XGBoost,10,106571.0,105567.9453125
2,Midwest,2024-09-01,XGBoost,10,106183.0,109375.125
2,Midwest,2024-10-01,XGBoost,10,106836.0,107220.859375
2,Midwest,2024-11-01,XGBoost,10,103681.0,108438.6640625
2,Midwest,2024-12-01,XGBoost,10,102928.0,103704.875
2,Midwest,2025-01-01,XGBoost,10,108370.0,104190.3046875
2,Midwest,2025-02-01,XGBoost,10,107856.0,112673.359375
2,Midwest,2025-03-01,XGBoost,10,108279.0,109680.515625
2,Midwest,2025-04-01,XGBoost,10,107003.0,112675.9921875
2,Midwest,2025-05-01,XGBoost,10,103186.0,106219.2890625
2,Midwest,2025-06-01,XGBoost,10,102773.0,105223.5625
2,Midwest,2025-07-01,XGBoost,10,105652.0,104448.90625
2,Midwest,2025-08-01,XGBoost,10,102148.0,106216.3515625
2,Midwest,2025-09-01,XGBoost,10,105721.0,104015.765625
2,Midwest,2025-10-01,XGBoost,10,102571.0,108320.4140625
2,Midwest,2025-11-01,XGBoost,10,105687.0,104593.28125
2,Midwest,2025-12-01,XGBoost,10,107268.0,105124.1953125
2,Midwest,2026-01-01,XGBoost,10,108017.0,108024.5390625
2,Midwest,2026-02-01,XGBoost,10,114145.0,112537.1640625
2,Midwest,2026-03-01,XGBoost,10,110594.0,113650.84375
2,Midwest,2026-04-01,XGBoost,10,100616.0,111969.0703125
2,Midwest,2024-08-01,Neural network,10,106571.0,110732.19857642215
2,Midwest,2024-09-01,Neural network,10,106183.0,113900.49889974746
2,Midwest,2024-10-01,Neural network,10,106836.0,110573.97239640978
2,Midwest,2024-11-01,Neural network,10,103681.0,114821.49664389649
2,Midwest,2024-12-01,Neural network,10,102928.0,107627.45091633637
2,Midwest,2025-01-01,Neural network,10,108370.0,111996.79662536528
2,Midwest,2025-02-01,Neural network,10,107856.0,119073.03130530668
2,Midwest,2025-03-01,Neural network,10,108279.0,109059.61970908167
2,Midwest,2025-04-01,Neural network,10,107003.0,118365.67002031027
2,Midwest,2025-05-01,Neural network,10,103186.0,107214.88303969256
2,Midwest,2025-06-01,Neural network,10,102773.0,111268.54548659734
2,Midwest,2025-07-01,Neural network,10,105652.0,112566.86747717952
2,Midwest,2025-08-01,Neural network,10,102148.0,111109.00887298732
2,Midwest,2025-09-01,Neural network,10,105721.0,106167.52837634138
2,Midwest,2025-10-01,Neural network,10,102571.0,114081.60743327724
2,Midwest,2025-11-01,Neural network,10,105687.0,107335.97333666074
2,Midwest,2025-12-01,Neural network,10,107268.0,107180.36570332166
2,Midwest,2026-01-01,Neural network,10,108017.0,106900.2626179523
2,Midwest,2026-02-01,Neural network,10,114145.0,116674.77324114752
2,Midwest,2026-03-01,Neural network,10,110594.0,117251.71006601519
2,Midwest,2026-04-01,Neural network,10,100616.0,120007.33405138175
3,Gulf Coast,2008-11-01,Persistence,1,850683.0,858049.0
3,Gulf Coast,2008-12-01,Persistence,1,871114.0,850683.0
3,Gulf Coast,2009-01-01,Persistence,1,872430.0,871114.0
3,Gulf Coast,2009-02-01,Persistence,1,889615.0,872430.0
3,Gulf Coast,2009-03-01,Persistence,1,896605.0,889615.0
3,Gulf Coast,2009-04-01,Persistence,1,894728.0,896605.0
3,Gulf Coast,2009-05-01,Persistence,1,891504.0,894728.0
3,Gulf Coast,2009-06-01,Persistence,1,890262.0,891504.0
3,Gulf Coast,2009-07-01,Persistence,1,881648.0,890262.0
3,Gulf Coast,2009-08-01,Persistence,1,885687.0,881648.0
3,Gulf Coast,2009-09-01,Persistence,1,883225.0,885687.0
3,Gulf Coast,2009-10-01,Persistence,1,879002.0,883225.0
3,Gulf Coast,2009-11-01,Persistence,1,870712.0,879002.0
3,Gulf Coast,2009-12-01,Persistence,1,884948.0,870712.0
3,Gulf Coast,2010-01-01,Persistence,1,892440.0,884948.0
3,Gulf Coast,2010-02-01,Persistence,1,900528.0,892440.0
3,Gulf Coast,2010-03-01,Persistence,1,898584.0,900528.0
3,Gulf Coast,2010-04-01,Persistence,1,890875.0,898584.0
3,Gulf Coast,2010-05-01,Persistence,1,895898.0,890875.0
3,Gulf Coast,2010-06-01,Persistence,1,891983.0,895898.0
3,Gulf Coast,2010-07-01,Persistence,1,898210.0,891983.0
3,Gulf Coast,2008-11-01,Linear regression,1,850683.0,858517.5637135436
3,Gulf Coast,2008-12-01,Linear regression,1,871114.0,848757.0458095476
3,Gulf Coast,2009-01-01,Linear regression,1,872430.0,870018.4930208405
3,Gulf Coast,2009-02-01,Linear regression,1,889615.0,867777.0782574441
3,Gulf Coast,2009-03-01,Linear regression,1,896605.0,879834.7017463801
3,Gulf Coast,2009-04-01,Linear regression,1,894728.0,882785.9161277378
3,Gulf Coast,2009-05-01,Linear regression,1,891504.0,881780.591502617
3,Gulf Coast,2009-06-01,Linear regression,1,890262.0,877052.3491270463
3,Gulf Coast,2009-07-01,Linear regression,1,881648.0,877880.6630093876
3,Gulf Coast,2009-08-01,Linear regression,1,885687.0,868074.3653309142
3,Gulf Coast,2009-09-01,Linear regression,1,883225.0,876221.9582643486
3,Gulf Coast,2009-10-01,Linear regression,1,879002.0,872060.3751178831
3,Gulf Coast,2009-11-01,Linear regression,1,870712.0,870115.4821401107
3,Gulf Coast,2009-12-01,Linear regression,1,884948.0,862676.0059065999
3,Gulf Coast,2010-01-01,Linear regression,1,892440.0,879355.9411479704
3,Gulf Coast,2010-02-01,Linear regression,1,900528.0,884600.5334180683
3,Gulf Coast,2010-03-01,Linear regression,1,898584.0,885865.567008202
3,Gulf Coast,2010-04-01,Linear regression,1,890875.0,878346.7159790047
3,Gulf Coast,2010-05-01,Linear regression,1,895898.0,874155.6990000167
3,Gulf Coast,2010-06-01,Linear regression,1,891983.0,878686.1825024212
3,Gulf Coast,2010-07-01,Linear regression,1,898210.0,873459.5706267051
3,Gulf Coast,2008-11-01,Random forest,1,850683.0,849912.450736467
3,Gulf Coast,2008-12-01,Random forest,1,871114.0,849186.6531266512
3,Gulf Coast,2009-01-01,Random forest,1,872430.0,849885.5906809114
3,Gulf Coast,2009-02-01,Random forest,1,889615.0,849666.9834781144
3,Gulf Coast,2009-03-01,Random forest,1,896605.0,850408.6993283938
3,Gulf Coast,2009-04-01,Random forest,1,894728.0,849676.9044225587
3,Gulf Coast,2009-05-01,Random forest,1,891504.0,849676.9044225587
3,Gulf Coast,2009-06-01,Random forest,1,890262.0,849676.9044225587
3,Gulf Coast,2009-07-01,Random forest,1,881648.0,849662.2738164981
3,Gulf Coast,2009-08-01,Random forest,1,885687.0,849662.2738164981
3,Gulf Coast,2009-09-01,Random forest,1,883225.0,849676.9044225587
3,Gulf Coast,2009-10-01,Random forest,1,879002.0,849676.9044225587
3,Gulf Coast,2009-11-01,Random forest,1,870712.0,849676.9044225587
3,Gulf Coast,2009-12-01,Random forest,1,884948.0,849676.9044225587
3,Gulf Coast,2010-01-01,Random forest,1,892440.0,849676.9044225587
3,Gulf Coast,2010-02-01,Random forest,1,900528.0,849676.9044225587
3,Gulf Coast,2010-03-01,Random forest,1,898584.0,849662.2738164981
3,Gulf Coast,2010-04-01,Random forest,1,890875.0,849840.3847472155
3,Gulf Coast,2010-05-01,Random forest,1,895898.0,849706.1806498314
3,Gulf Coast,2010-06-01,Random forest,1,891983.0,849662.2738164981
3,Gulf Coast,2010-07-01,Random forest,1,898210.0,850452.6732677878
3,Gulf Coast,2008-11-01,XGBoost,1,850683.0,851595.875
3,Gulf Coast,2008-12-01,XGBoost,1,871114.0,847213.875
3,Gulf Coast,2009-01-01,XGBoost,1,872430.0,851595.875
3,Gulf Coast,2009-02-01,XGBoost,1,889615.0,850139.875
3,Gulf Coast,2009-03-01,XGBoost,1,896605.0,851839.75
3,Gulf Coast,2009-04-01,XGBoost,1,894728.0,850139.875
3,Gulf Coast,2009-05-01,XGBoost,1,891504.0,850139.875
3,Gulf Coast,2009-06-01,XGBoost,1,890262.0,850139.875
3,Gulf Coast,2009-07-01,XGBoost,1,881648.0,850139.875
3,Gulf Coast,2009-08-01,XGBoost,1,885687.0,850139.875
3,Gulf Coast,2009-09-01,XGBoost,1,883225.0,850139.875
3,Gulf Coast,2009-10-01,XGBoost,1,879002.0,850139.875
3,Gulf Coast,2009-11-01,XGBoost,1,870712.0,850139.875
3,Gulf Coast,2009-12-01,XGBoost,1,884948.0,850139.875
3,Gulf Coast,2010-01-01,XGBoost,1,892440.0,850139.875
3,Gulf Coast,2010-02-01,XGBoost,1,900528.0,850139.875
3,Gulf Coast,2010-03-01,XGBoost,1,898584.0,850139.875
3,Gulf Coast,2010-04-01,XGBoost,1,890875.0,851299.9375
3,Gulf Coast,2010-05-01,XGBoost,1,895898.0,850139.875
3,Gulf Coast,2010-06-01,XGBoost,1,891983.0,850139.875
3,Gulf Coast,2010-07-01,XGBoost,1,898210.0,851839.75
3,Gulf Coast,2008-11-01,Neural network,1,850683.0,854416.4811054664
3,Gulf Coast,2008-12-01,Neural network,1,871114.0,848481.1927200082
3,Gulf Coast,2009-01-01,Neural network,1,872430.0,860910.1313801128
3,Gulf Coast,2009-02-01,Neural network,1,889615.0,859512.5515114787
3,Gulf Coast,2009-03-01,Neural network,1,896605.0,874326.3433913641
3,Gulf Coast,2009-04-01,Neural network,1,894728.0,878884.7561643572
3,Gulf Coast,2009-05-01,Neural network,1,891504.0,2275305.83758362
3,Gulf Coast,2009-06-01,Neural network,1,890262.0,876663.6077210617
3,Gulf Coast,2009-07-01,Neural network,1,881648.0,878154.5343965479
3,Gulf Coast,2009-08-01,Neural network,1,885687.0,873240.5997018606
3,Gulf Coast,2009-09-01,Neural network,1,883225.0,874066.5212889527
3,Gulf Coast,2009-10-01,Neural network,1,879002.0,871771.3231319726
3,Gulf Coast,2009-11-01,Neural network,1,870712.0,868379.5810537449
3,Gulf Coast,2009-12-01,Neural network,1,884948.0,861567.2633027338
3,Gulf Coast,2010-01-01,Neural network,1,892440.0,871689.3206149472
3,Gulf Coast,2010-02-01,Neural network,1,900528.0,871812.5337184967
3,Gulf Coast,2010-03-01,Neural network,1,898584.0,884338.4809121055
3,Gulf Coast,2010-04-01,Neural network,1,890875.0,883981.0156057151
3,Gulf Coast,2010-05-01,Neural network,1,895898.0,880875.5830841141
3,Gulf Coast,2010-06-01,Neural network,1,891983.0,881930.9906189434
3,Gulf Coast,2010-07-01,Neural network,1,898210.0,3461378.712081626
3,Gulf Coast,2010-08-01,Persistence,2,899527.0,898210.0
3,Gulf Coast,2010-09-01,Persistence,2,902612.0,899527.0
3,Gulf Coast,2010-10-01,Persistence,2,887832.0,902612.0
3,Gulf Coast,2010-11-01,Persistence,2,870269.0,887832.0
3,Gulf Coast,2010-12-01,Persistence,2,880517.0,870269.0
3,Gulf Coast,2011-01-01,Persistence,2,877115.0,880517.0
3,Gulf Coast,2011-02-01,Persistence,2,885458.0,877115.0
3,Gulf Coast,2011-03-01,Persistence,2,890157.0,885458.0
3,Gulf Coast,2011-04-01,Persistence,2,891802.0,890157.0
3,Gulf Coast,2011-05-01,Persistence,2,883598.0,891802.0
3,Gulf Coast,2011-06-01,Persistence,2,873582.0,883598.0
3,Gulf Coast,2011-07-01,Persistence,2,852770.0,873582.0
3,Gulf Coast,2011-08-01,Persistence,2,839962.0,852770.0
3,Gulf Coast,2011-09-01,Persistence,2,845276.0,839962.0
3,Gulf Coast,2011-10-01,Persistence,2,841248.0,845276.0
3,Gulf Coast,2011-11-01,Persistence,2,835742.0,841248.0
3,Gulf Coast,2011-12-01,Persistence,2,840785.0,835742.0
3,Gulf Coast,2012-01-01,Persistence,2,838594.0,840785.0
3,Gulf Coast,2012-02-01,Persistence,2,858631.0,838594.0
3,Gulf Coast,2012-03-01,Persistence,2,865460.0,858631.0
3,Gulf Coast,2012-04-01,Persistence,2,869179.0,865460.0
3,Gulf Coast,2010-08-01,Linear regression,2,899527.0,895451.0287090102
3,Gulf Coast,2010-09-01,Linear regression,2,902612.0,898868.1014413605
3,Gulf Coast,2010-10-01,Linear regression,2,887832.0,902035.5395376787
3,Gulf Coast,2010-11-01,Linear regression,2,870269.0,886413.8499374961
3,Gulf Coast,2010-12-01,Linear regression,2,880517.0,870155.0002649844
3,Gulf Coast,2011-01-01,Linear regression,2,877115.0,883076.0209984012
3,Gulf Coast,2011-02-01,Linear regression,2,885458.0,881329.3528061664
3,Gulf Coast,2011-03-01,Linear regression,2,890157.0,886113.5466172074
3,Gulf Coast,2011-04-01,Linear regression,2,891802.0,889982.3354378226
3,Gulf Coast,2011-05-01,Linear regression,2,883598.0,890956.2315477962
3,Gulf Coast,2011-06-01,Linear regression,2,873582.0,881884.5235755336
3,Gulf Coast,2011-07-01,Linear regression,2,852770.0,871641.1365225454
3,Gulf Coast,2011-08-01,Linear regression,2,839962.0,853099.6643928273
3,Gulf Coast,2011-09-01,Linear regression,2,845276.0,842586.5962954911
3,Gulf Coast,2011-10-01,Linear regression,2,841248.0,852712.804800168
3,Gulf Coast,2011-11-01,Linear regression,2,835742.0,847786.3701215556
3,Gulf Coast,2011-12-01,Linear regression,2,840785.0,844886.2391448249
3,Gulf Coast,2012-01-01,Linear regression,2,838594.0,851918.2418577977
3,Gulf Coast,2012-02-01,Linear regression,2,858631.0,848675.7051695428
3,Gulf Coast,2012-03-01,Linear regression,2,865460.0,867451.1239184903
3,Gulf Coast,2012-04-01,Linear regression,2,869179.0,872754.7122953916
3,Gulf Coast,2010-08-01,Random forest,2,899527.0,888504.2334395916
3,Gulf Coast,2010-09-01,Random forest,2,902612.0,888504.2334395916
3,Gulf Coast,2010-10-01,Random forest,2,887832.0,888476.9014951473
3,Gulf Coast,2010-11-01,Random forest,2,870269.0,887951.1295229159
3,Gulf Coast,2010-12-01,Random forest,2,880517.0,883454.4215249122
3,Gulf Coast,2011-01-01,Random forest,2,877115.0,886409.3438000305
3,Gulf Coast,2011-02-01,Random forest,2,885458.0,876476.1523912858
3,Gulf Coast,2011-03-01,Random forest,2,890157.0,887457.1969813093
3,Gulf Coast,2011-04-01,Random forest,2,891802.0,888186.1858113866
3,Gulf Coast,2011-05-01,Random forest,2,883598.0,888504.2334395916
3,Gulf Coast,2011-06-01,Random forest,2,873582.0,887052.4067559144
3,Gulf Coast,2011-07-01,Random forest,2,852770.0,883695.0425175048
3,Gulf Coast,2011-08-01,Random forest,2,839962.0,858513.6809206548
3,Gulf Coast,2011-09-01,Random forest,2,845276.0,857745.182796166
3,Gulf Coast,2011-10-01,Random forest,2,841248.0,857817.6224847182
3,Gulf Coast,2011-11-01,Random forest,2,835742.0,857771.1262810145
3,Gulf Coast,2011-12-01,Random forest,2,840785.0,857771.1262810145
3,Gulf Coast,2012-01-01,Random forest,2,838594.0,857771.1262810145
3,Gulf Coast,2012-02-01,Random forest,2,858631.0,858802.0335459665
3,Gulf Coast,2012-03-01,Random forest,2,865460.0,859422.7538740294
3,Gulf Coast,2012-04-01,Random forest,2,869179.0,878103.0902809057
3,Gulf Coast,2010-08-01,XGBoost,2,899527.0,889698.5
3,Gulf Coast,2010-09-01,XGBoost,2,902612.0,890107.125
3,Gulf Coast,2010-10-01,XGBoost,2,887832.0,890199.3125
3,Gulf Coast,2010-11-01,XGBoost,2,870269.0,888881.0625
3,Gulf Coast,2010-12-01,XGBoost,2,880517.0,876909.0
3,Gulf Coast,2011-01-01,XGBoost,2,877115.0,879220.75
3,Gulf Coast,2011-02-01,XGBoost,2,885458.0,875864.75
3,Gulf Coast,2011-03-01,XGBoost,2,890157.0,888927.5
3,Gulf Coast,2011-04-01,XGBoost,2,891802.0,890489.375
3,Gulf Coast,2011-05-01,XGBoost,2,883598.0,890245.75
3,Gulf Coast,2011-06-01,XGBoost,2,873582.0,884161.875
3,Gulf Coast,2011-07-01,XGBoost,2,852770.0,878831.25
3,Gulf Coast,2011-08-01,XGBoost,2,839962.0,855119.0625
3,Gulf Coast,2011-09-01,XGBoost,2,845276.0,853486.1875
3,Gulf Coast,2011-10-01,XGBoost,2,841248.0,853486.1875
3,Gulf Coast,2011-11-01,XGBoost,2,835742.0,853486.1875
3,Gulf Coast,2011-12-01,XGBoost,2,840785.0,853486.1875
3,Gulf Coast,2012-01-01,XGBoost,2,838594.0,853486.1875
3,Gulf Coast,2012-02-01,XGBoost,2,858631.0,856853.25
3,Gulf Coast,2012-03-01,XGBoost,2,865460.0,859900.875
3,Gulf Coast,2012-04-01,XGBoost,2,869179.0,862919.6875
3,Gulf Coast,2010-08-01,Neural network,2,899527.0,891631.6656967205
3,Gulf Coast,2010-09-01,Neural network,2,902612.0,893237.6190007891
3,Gulf Coast,2010-10-01,Neural network,2,887832.0,901415.0890301082
3,Gulf Coast,2010-11-01,Neural network,2,870269.0,891532.8855935807
3,Gulf Coast,2010-12-01,Neural network,2,880517.0,873331.130425369
3,Gulf Coast,2011-01-01,Neural network,2,877115.0,890796.749642183
3,Gulf Coast,2011-02-01,Neural network,2,885458.0,908464.9291836452
3,Gulf Coast,2011-03-01,Neural network,2,890157.0,884749.3953818051
3,Gulf Coast,2011-04-01,Neural network,2,891802.0,892649.1288405363
3,Gulf Coast,2011-05-01,Neural network,2,883598.0,891470.0821923488
3,Gulf Coast,2011-06-01,Neural network,2,873582.0,886600.6546395941
3,Gulf Coast,2011-07-01,Neural network,2,852770.0,887505.0817218674
3,Gulf Coast,2011-08-01,Neural network,2,839962.0,860443.2984298506
3,Gulf Coast,2011-09-01,Neural network,2,845276.0,842099.8597493159
3,Gulf Coast,2011-10-01,Neural network,2,841248.0,849838.8628179786
3,Gulf Coast,2011-11-01,Neural network,2,835742.0,847988.819286045
3,Gulf Coast,2011-12-01,Neural network,2,840785.0,845766.0940213786
3,Gulf Coast,2012-01-01,Neural network,2,838594.0,849232.9214528385
3,Gulf Coast,2012-02-01,Neural network,2,858631.0,847427.3998216824
3,Gulf Coast,2012-03-01,Neural network,2,865460.0,878850.0596398386
3,Gulf Coast,2012-04-01,Neural network,2,869179.0,868830.4584375222
3,Gulf Coast,2012-05-01,Persistence,3,870200.0,869179.0
3,Gulf Coast,2012-06-01,Persistence,3,862527.0,870200.0
3,Gulf Coast,2012-07-01,Persistence,3,856116.0,862527.0
3,Gulf Coast,2012-08-01,Persistence,3,857811.0,856116.0
3,Gulf Coast,2012-09-01,Persistence,3,862723.0,857811.0
3,Gulf Coast,2012-10-01,Persistence,3,861156.0,862723.0
3,Gulf Coast,2012-11-01,Persistence,3,842404.0,861156.0
3,Gulf Coast,2012-12-01,Persistence,3,847107.0,842404.0
3,Gulf Coast,2013-01-01,Persistence,3,856100.0,847107.0
3,Gulf Coast,2013-02-01,Persistence,3,860986.0,856100.0
3,Gulf Coast,2013-03-01,Persistence,3,865442.0,860986.0
3,Gulf Coast,2013-04-01,Persistence,3,864889.0,865442.0
3,Gulf Coast,2013-05-01,Persistence,3,855850.0,864889.0
3,Gulf Coast,2013-06-01,Persistence,3,857120.0,855850.0
3,Gulf Coast,2013-07-01,Persistence,3,854885.0,857120.0
3,Gulf Coast,2013-08-01,Persistence,3,862765.0,854885.0
3,Gulf Coast,2013-09-01,Persistence,3,865275.0,862765.0
3,Gulf Coast,2013-10-01,Persistence,3,858288.0,865275.0
3,Gulf Coast,2013-11-01,Persistence,3,843725.0,858288.0
3,Gulf Coast,2013-12-01,Persistence,3,849673.0,843725.0
3,Gulf Coast,2014-01-01,Persistence,3,864199.0,849673.0
3,Gulf Coast,2012-05-01,Linear regression,3,870200.0,868213.98033891
3,Gulf Coast,2012-06-01,Linear regression,3,862527.0,866174.939638018
3,Gulf Coast,2012-07-01,Linear regression,3,856116.0,859307.9929948057
3,Gulf Coast,2012-08-01,Linear regression,3,857811.0,856078.2977108287
3,Gulf Coast,2012-09-01,Linear regression,3,862723.0,861166.5180434046
3,Gulf Coast,2012-10-01,Linear regression,3,861156.0,867198.2064961118
3,Gulf Coast,2012-11-01,Linear regression,3,842404.0,864590.354265193
3,Gulf Coast,2012-12-01,Linear regression,3,847107.0,845079.7915542996
3,Gulf Coast,2013-01-01,Linear regression,3,856100.0,857013.9972699428
3,Gulf Coast,2013-02-01,Linear regression,3,860986.0,867650.84225779
3,Gulf Coast,2013-03-01,Linear regression,3,865442.0,866493.1484398573
3,Gulf Coast,2013-04-01,Linear regression,3,864889.0,871523.5154583307
3,Gulf Coast,2013-05-01,Linear regression,3,855850.0,866001.8407013023
3,Gulf Coast,2013-06-01,Linear regression,3,857120.0,855855.3266072224
3,Gulf Coast,2013-07-01,Linear regression,3,854885.0,857957.0655980323
3,Gulf Coast,2013-08-01,Linear regression,3,862765.0,858746.0935765397
3,Gulf Coast,2013-09-01,Linear regression,3,865275.0,868901.1619100855
3,Gulf Coast,2013-10-01,Linear regression,3,858288.0,873083.3472608811
3,Gulf Coast,2013-11-01,Linear regression,3,843725.0,864038.8286119207
3,Gulf Coast,2013-12-01,Linear regression,3,849673.0,849029.8137448739
3,Gulf Coast,2014-01-01,Linear regression,3,864199.0,860302.5255596854
3,Gulf Coast,2012-05-01,Random forest,3,870200.0,872117.3844631524
3,Gulf Coast,2012-06-01,Random forest,3,862527.0,871975.3952330425
3,Gulf Coast,2012-07-01,Random forest,3,856116.0,857726.8570834179
3,Gulf Coast,2012-08-01,Random forest,3,857811.0,851233.6035456259
3,Gulf Coast,2012-09-01,Random forest,3,862723.0,853041.2162853167
3,Gulf Coast,2012-10-01,Random forest,3,861156.0,857726.8570834179
3,Gulf Coast,2012-11-01,Random forest,3,842404.0,854253.8987941387
3,Gulf Coast,2012-12-01,Random forest,3,847107.0,846840.0649264683
3,Gulf Coast,2013-01-01,Random forest,3,856100.0,848942.6888122902
3,Gulf Coast,2013-02-01,Random forest,3,860986.0,853633.5520647673
3,Gulf Coast,2013-03-01,Random forest,3,865442.0,854143.7102984122
3,Gulf Coast,2013-04-01,Random forest,3,864889.0,869716.7393687326
3,Gulf Coast,2013-05-01,Random forest,3,855850.0,869716.7393687326
3,Gulf Coast,2013-06-01,Random forest,3,857120.0,851233.6035456259
3,Gulf Coast,2013-07-01,Random forest,3,854885.0,853041.2162853167
3,Gulf Coast,2013-08-01,Random forest,3,862765.0,851101.4312947905
3,Gulf Coast,2013-09-01,Random forest,3,865275.0,857726.8570834179
3,Gulf Coast,2013-10-01,Random forest,3,858288.0,869716.7393687326
3,Gulf Coast,2013-11-01,Random forest,3,843725.0,853041.2162853167
3,Gulf Coast,2013-12-01,Random forest,3,849673.0,847095.556220309
3,Gulf Coast,2014-01-01,Random forest,3,864199.0,850463.2641815246
3,Gulf Coast,2012-05-01,XGBoost,3,870200.0,870475.375
3,Gulf Coast,2012-06-01,XGBoost,3,862527.0,870054.8125
3,Gulf Coast,2012-07-01,XGBoost,3,856116.0,858102.0
3,Gulf Coast,2012-08-01,XGBoost,3,857811.0,849447.5625
3,Gulf Coast,2012-09-01,XGBoost,3,862723.0,849306.0
3,Gulf Coast,2012-10-01,XGBoost,3,861156.0,858102.0
3,Gulf Coast,2012-11-01,XGBoost,3,842404.0,856883.9375
3,Gulf Coast,2012-12-01,XGBoost,3,847107.0,844082.4375
3,Gulf Coast,2013-01-01,XGBoost,3,856100.0,846051.4375
3,Gulf Coast,2013-02-01,XGBoost,3,860986.0,856834.0625
3,Gulf Coast,2013-03-01,XGBoost,3,865442.0,856883.9375
3,Gulf Coast,2013-04-01,XGBoost,3,864889.0,858102.0
3,Gulf Coast,2013-05-01,XGBoost,3,855850.0,858102.0
3,Gulf Coast,2013-06-01,XGBoost,3,857120.0,849447.5625
3,Gulf Coast,2013-07-01,XGBoost,3,854885.0,849447.5625
3,Gulf Coast,2013-08-01,XGBoost,3,862765.0,847162.5625
3,Gulf Coast,2013-09-01,XGBoost,3,865275.0,858102.0
3,Gulf Coast,2013-10-01,XGBoost,3,858288.0,858102.0
3,Gulf Coast,2013-11-01,XGBoost,3,843725.0,853473.6875
3,Gulf Coast,2013-12-01,XGBoost,3,849673.0,844082.4375
3,Gulf Coast,2014-01-01,XGBoost,3,864199.0,846193.0
3,Gulf Coast,2012-05-01,Neural network,3,870200.0,868280.5716863327
3,Gulf Coast,2012-06-01,Neural network,3,862527.0,865298.0529886325
3,Gulf Coast,2012-07-01,Neural network,3,856116.0,858015.0340919904
3,Gulf Coast,2012-08-01,Neural network,3,857811.0,856240.5864046569
3,Gulf Coast,2012-09-01,Neural network,3,862723.0,863125.9832014969
3,Gulf Coast,2012-10-01,Neural network,3,861156.0,863474.6424918171
3,Gulf Coast,2012-11-01,Neural network,3,842404.0,860193.4790971716
3,Gulf Coast,2012-12-01,Neural network,3,847107.0,848468.9987087334
3,Gulf Coast,2013-01-01,Neural network,3,856100.0,857740.0288023234
3,Gulf Coast,2013-02-01,Neural network,3,860986.0,876356.1978916104
3,Gulf Coast,2013-03-01,Neural network,3,865442.0,867466.2492164914
3,Gulf Coast,2013-04-01,Neural network,3,864889.0,885114.7949239133
3,Gulf Coast,2013-05-01,Neural network,3,855850.0,876993.5025089027
3,Gulf Coast,2013-06-01,Neural network,3,857120.0,864517.4385123195
3,Gulf Coast,2013-07-01,Neural network,3,854885.0,867551.4123931017
3,Gulf Coast,2013-08-01,Neural network,3,862765.0,866708.4956281703
3,Gulf Coast,2013-09-01,Neural network,3,865275.0,870708.3774320715
3,Gulf Coast,2013-10-01,Neural network,3,858288.0,887613.7504389805
3,Gulf Coast,2013-11-01,Neural network,3,843725.0,910964.7593709255
3,Gulf Coast,2013-12-01,Neural network,3,849673.0,868905.5218138162
3,Gulf Coast,2014-01-01,Neural network,3,864199.0,906954.6602744547
3,Gulf Coast,2014-02-01,Persistence,4,874147.0,864199.0
3,Gulf Coast,2014-03-01,Persistence,4,884429.0,874147.0
3,Gulf Coast,2014-04-01,Persistence,4,880920.0,884429.0
3,Gulf Coast,2014-05-01,Persistence,4,874843.0,880920.0
3,Gulf Coast,2014-06-01,Persistence,4,867623.0,874843.0
3,Gulf Coast,2014-07-01,Persistence,4,863183.0,867623.0
3,Gulf Coast,2014-08-01,Persistence,4,856901.0,863183.0
3,Gulf Coast,2014-09-01,Persistence,4,866769.0,856901.0
3,Gulf Coast,2014-10-01,Persistence,4,868014.0,866769.0
3,Gulf Coast,2014-11-01,Persistence,4,867012.0,868014.0
3,Gulf Coast,2014-12-01,Persistence,4,880450.0,867012.0
3,Gulf Coast,2015-01-01,Persistence,4,893237.0,880450.0
3,Gulf Coast,2015-02-01,Persistence,4,902630.0,893237.0
3,Gulf Coast,2015-03-01,Persistence,4,912245.0,902630.0
3,Gulf Coast,2015-04-01,Persistence,4,912769.0,912245.0
3,Gulf Coast,2015-05-01,Persistence,4,909638.0,912769.0
3,Gulf Coast,2015-06-01,Persistence,4,901436.0,909638.0
3,Gulf Coast,2015-07-01,Persistence,4,903460.0,901436.0
3,Gulf Coast,2015-08-01,Persistence,4,913989.0,903460.0
3,Gulf Coast,2015-09-01,Persistence,4,927812.0,913989.0
3,Gulf Coast,2015-10-01,Persistence,4,917915.0,927812.0
3,Gulf Coast,2014-02-01,Linear regression,4,874147.0,871255.8178218234
3,Gulf Coast,2014-03-01,Linear regression,4,884429.0,875032.7341581045
3,Gulf Coast,2014-04-01,Linear regression,4,880920.0,883844.3253524639
3,Gulf Coast,2014-05-01,Linear regression,4,874843.0,877687.3439750354
3,Gulf Coast,2014-06-01,Linear regression,4,867623.0,873734.9460914707
3,Gulf Coast,2014-07-01,Linear regression,4,863183.0,864219.6476581583
3,Gulf Coast,2014-08-01,Linear regression,4,856901.0,862072.5620226797
3,Gulf Coast,2014-09-01,Linear regression,4,866769.0,860622.4073197503
3,Gulf Coast,2014-10-01,Linear regression,4,868014.0,871476.1836946458
3,Gulf Coast,2014-11-01,Linear regression,4,867012.0,870873.0609322186
3,Gulf Coast,2014-12-01,Linear regression,4,880450.0,866464.7026276328
3,Gulf Coast,2015-01-01,Linear regression,4,893237.0,882965.1787125169
3,Gulf Coast,2015-02-01,Linear regression,4,902630.0,897603.6120885494
3,Gulf Coast,2015-03-01,Linear regression,4,912245.0,903466.301414891
3,Gulf Coast,2015-04-01,Linear regression,4,912769.0,906401.7135061555
3,Gulf Coast,2015-05-01,Linear regression,4,909638.0,904658.2585109927
3,Gulf Coast,2015-06-01,Linear regression,4,901436.0,901355.4393377414
3,Gulf Coast,2015-07-01,Linear regression,4,903460.0,893928.8173129486
3,Gulf Coast,2015-08-01,Linear regression,4,913989.0,896926.1302146026
3,Gulf Coast,2015-09-01,Linear regression,4,927812.0,909013.4694789493
3,Gulf Coast,2015-10-01,Linear regression,4,917915.0,917874.1348530244
3,Gulf Coast,2014-02-01,Random forest,4,874147.0,860939.7793156119
3,Gulf Coast,2014-03-01,Random forest,4,884429.0,873151.439609366
3,Gulf Coast,2014-04-01,Random forest,4,880920.0,881558.6772027955
3,Gulf Coast,2014-05-01,Random forest,4,874843.0,878737.8122467828
3,Gulf Coast,2014-06-01,Random forest,4,867623.0,873194.5049426993
3,Gulf Coast,2014-07-01,Random forest,4,863183.0,865904.6002294734
3,Gulf Coast,2014-08-01,Random forest,4,856901.0,859661.4999447424
3,Gulf Coast,2014-09-01,Random forest,4,866769.0,857382.7739145127
3,Gulf Coast,2014-10-01,Random forest,4,868014.0,865358.4710680494
3,Gulf Coast,2014-11-01,Random forest,4,867012.0,866261.9248934946
3,Gulf Coast,2014-12-01,Random forest,4,880450.0,865358.4710680494
3,Gulf Coast,2015-01-01,Random forest,4,893237.0,878737.8122467828
3,Gulf Coast,2015-02-01,Random forest,4,902630.0,888743.6166634845
3,Gulf Coast,2015-03-01,Random forest,4,912245.0,888621.0751520135
3,Gulf Coast,2015-04-01,Random forest,4,912769.0,888621.0751520135
3,Gulf Coast,2015-05-01,Random forest,4,909638.0,888621.0751520135
3,Gulf Coast,2015-06-01,Random forest,4,901436.0,888621.0751520135
3,Gulf Coast,2015-07-01,Random forest,4,903460.0,888621.0751520135
3,Gulf Coast,2015-08-01,Random forest,4,913989.0,888621.0751520135
3,Gulf Coast,2015-09-01,Random forest,4,927812.0,888621.0751520135
3,Gulf Coast,2015-10-01,Random forest,4,917915.0,888621.0751520135
3,Gulf Coast,2014-02-01,XGBoost,4,874147.0,864777.0625
3,Gulf Coast,2014-03-01,XGBoost,4,884429.0,870573.9375
3,Gulf Coast,2014-04-01,XGBoost,4,880920.0,876368.5
3,Gulf Coast,2014-05-01,XGBoost,4,874843.0,875328.125
3,Gulf Coast,2014-06-01,XGBoost,4,867623.0,870573.9375
3,Gulf Coast,2014-07-01,XGBoost,4,863183.0,867099.3125
3,Gulf Coast,2014-08-01,XGBoost,4,856901.0,859927.875
3,Gulf Coast,2014-09-01,XGBoost,4,866769.0,856906.6875
3,Gulf Coast,2014-10-01,XGBoost,4,868014.0,867099.3125
3,Gulf Coast,2014-11-01,XGBoost,4,867012.0,867099.3125
3,Gulf Coast,2014-12-01,XGBoost,4,880450.0,867099.3125
3,Gulf Coast,2015-01-01,XGBoost,4,893237.0,873438.8125
3,Gulf Coast,2015-02-01,XGBoost,4,902630.0,886569.5
3,Gulf Coast,2015-03-01,XGBoost,4,912245.0,884555.75
3,Gulf Coast,2015-04-01,XGBoost,4,912769.0,884555.75
3,Gulf Coast,2015-05-01,XGBoost,4,909638.0,884555.75
3,Gulf Coast,2015-06-01,XGBoost,4,901436.0,884555.75
3,Gulf Coast,2015-07-01,XGBoost,4,903460.0,884555.75
3,Gulf Coast,2015-08-01,XGBoost,4,913989.0,884555.75
3,Gulf Coast,2015-09-01,XGBoost,4,927812.0,884555.75
3,Gulf Coast,2015-10-01,XGBoost,4,917915.0,884555.75
3,Gulf Coast,2014-02-01,Neural network,4,874147.0,862128.1945030491
3,Gulf Coast,2014-03-01,Neural network,4,884429.0,881436.485357186
3,Gulf Coast,2014-04-01,Neural network,4,880920.0,886335.2976626193
3,Gulf Coast,2014-05-01,Neural network,4,874843.0,892218.2114966108
3,Gulf Coast,2014-06-01,Neural network,4,867623.0,887577.9637812551
3,Gulf Coast,2014-07-01,Neural network,4,863183.0,888083.3694019289
3,Gulf Coast,2014-08-01,Neural network,4,856901.0,878099.1316033853
3,Gulf Coast,2014-09-01,Neural network,4,866769.0,865655.482660636
3,Gulf Coast,2014-10-01,Neural network,4,868014.0,875292.6175693208
3,Gulf Coast,2014-11-01,Neural network,4,867012.0,878182.8399911664
3,Gulf Coast,2014-12-01,Neural network,4,880450.0,882377.8677938966
3,Gulf Coast,2015-01-01,Neural network,4,893237.0,890642.5733877893
3,Gulf Coast,2015-02-01,Neural network,4,902630.0,892472.1823599702
3,Gulf Coast,2015-03-01,Neural network,4,912245.0,905960.3982809095
3,Gulf Coast,2015-04-01,Neural network,4,912769.0,920386.3477533039
3,Gulf Coast,2015-05-01,Neural network,4,909638.0,921885.1360412359
3,Gulf Coast,2015-06-01,Neural network,4,901436.0,915564.6676639426
3,Gulf Coast,2015-07-01,Neural network,4,903460.0,914536.5535001531
3,Gulf Coast,2015-08-01,Neural network,4,913989.0,912828.7579995516
3,Gulf Coast,2015-09-01,Neural network,4,927812.0,915599.0374557021
3,Gulf Coast,2015-10-01,Neural network,4,917915.0,939256.3612347384
3,Gulf Coast,2015-11-01,Persistence,5,909794.0,917915.0
3,Gulf Coast,2015-12-01,Persistence,5,926164.0,909794.0
3,Gulf Coast,2016-01-01,Persistence,5,941054.0,926164.0
3,Gulf Coast,2016-02-01,Persistence,5,954397.0,941054.0
3,Gulf Coast,2016-03-01,Persistence,5,954850.0,954397.0
3,Gulf Coast,2016-04-01,Persistence,5,955225.0,954850.0
3,Gulf Coast,2016-05-01,Persistence,5,953039.0,955225.0
3,Gulf Coast,2016-06-01,Persistence,5,946026.0,953039.0
3,Gulf Coast,2016-07-01,Persistence,5,942134.0,946026.0
3,Gulf Coast,2016-08-01,Persistence,5,934996.0,942134.0
3,Gulf Coast,2016-09-01,Persistence,5,950199.0,934996.0
3,Gulf Coast,2016-10-01,Persistence,5,944791.0,950199.0
3,Gulf Coast,2016-11-01,Persistence,5,939104.0,944791.0
3,Gulf Coast,2016-12-01,Persistence,5,960380.0,939104.0
3,Gulf Coast,2017-01-01,Persistence,5,972797.0,960380.0
3,Gulf Coast,2017-02-01,Persistence,5,974127.0,972797.0
3,Gulf Coast,2017-03-01,Persistence,5,958981.0,974127.0
3,Gulf Coast,2017-04-01,Persistence,5,947102.0,958981.0
3,Gulf Coast,2017-05-01,Persistence,5,938694.0,947102.0
3,Gulf Coast,2017-06-01,Persistence,5,928830.0,938694.0
3,Gulf Coast,2017-07-01,Persistence,5,910451.0,928830.0
3,Gulf Coast,2015-11-01,Linear regression,5,909794.0,914393.8069993418
3,Gulf Coast,2015-12-01,Linear regression,5,926164.0,903775.7529029793
3,Gulf Coast,2016-01-01,Linear regression,5,941054.0,927634.2845641479
3,Gulf Coast,2016-02-01,Linear regression,5,954397.0,939718.5721270542
3,Gulf Coast,2016-03-01,Linear regression,5,954850.0,948119.2263518836
3,Gulf Coast,2016-04-01,Linear regression,5,955225.0,947923.2150307368
3,Gulf Coast,2016-05-01,Linear regression,5,953039.0,946227.3449350437
3,Gulf Coast,2016-06-01,Linear regression,5,946026.0,945268.5538779424
3,Gulf Coast,2016-07-01,Linear regression,5,942134.0,940120.6781664832
3,Gulf Coast,2016-08-01,Linear regression,5,934996.0,932647.083614811
3,Gulf Coast,2016-09-01,Linear regression,5,950199.0,924538.8286360534
3,Gulf Coast,2016-10-01,Linear regression,5,944791.0,947770.3736815685
3,Gulf Coast,2016-11-01,Linear regression,5,939104.0,937863.0093752932
3,Gulf Coast,2016-12-01,Linear regression,5,960380.0,930029.7488455832
3,Gulf Coast,2017-01-01,Linear regression,5,972797.0,955118.3497761369
3,Gulf Coast,2017-02-01,Linear regression,5,974127.0,962953.014518271
3,Gulf Coast,2017-03-01,Linear regression,5,958981.0,962145.7499415185
3,Gulf Coast,2017-04-01,Linear regression,5,947102.0,940838.3099388004
3,Gulf Coast,2017-05-01,Linear regression,5,938694.0,927936.8109924115
3,Gulf Coast,2017-06-01,Linear regression,5,928830.0,923672.3898767106
3,Gulf Coast,2017-07-01,Linear regression,5,910451.0,913650.8928503316
3,Gulf Coast,2015-11-01,Random forest,5,909794.0,903264.4171254981
3,Gulf Coast,2015-12-01,Random forest,5,926164.0,902702.7012001453
3,Gulf Coast,2016-01-01,Random forest,5,941054.0,902474.7365878393
3,Gulf Coast,2016-02-01,Random forest,5,954397.0,901735.3545112365
3,Gulf Coast,2016-03-01,Random forest,5,954850.0,902446.7864388523
3,Gulf Coast,2016-04-01,Random forest,5,955225.0,903381.2777261281
3,Gulf Coast,2016-05-01,Random forest,5,953039.0,902254.6560867046
3,Gulf Coast,2016-06-01,Random forest,5,946026.0,901667.9960570661
3,Gulf Coast,2016-07-01,Random forest,5,942134.0,899916.419399253
3,Gulf Coast,2016-08-01,Random forest,5,934996.0,902656.9128762624
3,Gulf Coast,2016-09-01,Random forest,5,950199.0,902670.8135518949
3,Gulf Coast,2016-10-01,Random forest,5,944791.0,903238.6795560537
3,Gulf Coast,2016-11-01,Random forest,5,939104.0,903440.4768300242
3,Gulf Coast,2016-12-01,Random forest,5,960380.0,903961.5345835104
3,Gulf Coast,2017-01-01,Random forest,5,972797.0,902616.0950031755
3,Gulf Coast,2017-02-01,Random forest,5,974127.0,902819.9630059527
3,Gulf Coast,2017-03-01,Random forest,5,958981.0,903961.5345835104
3,Gulf Coast,2017-04-01,Random forest,5,947102.0,903769.4042313624
3,Gulf Coast,2017-05-01,Random forest,5,938694.0,902886.4308580401
3,Gulf Coast,2017-06-01,Random forest,5,928830.0,903961.5345835104
3,Gulf Coast,2017-07-01,Random forest,5,910451.0,903961.5345835104
3,Gulf Coast,2015-11-01,XGBoost,5,909794.0,905042.5625
3,Gulf Coast,2015-12-01,XGBoost,5,926164.0,903122.125
3,Gulf Coast,2016-01-01,XGBoost,5,941054.0,905260.625
3,Gulf Coast,2016-02-01,XGBoost,5,954397.0,902697.5
3,Gulf Coast,2016-03-01,XGBoost,5,954850.0,903122.125
3,Gulf Coast,2016-04-01,XGBoost,5,955225.0,903021.375
3,Gulf Coast,2016-05-01,XGBoost,5,953039.0,902942.9375
3,Gulf Coast,2016-06-01,XGBoost,5,946026.0,902322.125
3,Gulf Coast,2016-07-01,XGBoost,5,942134.0,898804.5
3,Gulf Coast,2016-08-01,XGBoost,5,934996.0,905276.4375
3,Gulf Coast,2016-09-01,XGBoost,5,950199.0,902556.5
3,Gulf Coast,2016-10-01,XGBoost,5,944791.0,905081.4375
3,Gulf Coast,2016-11-01,XGBoost,5,939104.0,903021.375
3,Gulf Coast,2016-12-01,XGBoost,5,960380.0,905614.875
3,Gulf Coast,2017-01-01,XGBoost,5,972797.0,903122.125
3,Gulf Coast,2017-02-01,XGBoost,5,974127.0,903016.375
3,Gulf Coast,2017-03-01,XGBoost,5,958981.0,905614.875
3,Gulf Coast,2017-04-01,XGBoost,5,947102.0,905614.875
3,Gulf Coast,2017-05-01,XGBoost,5,938694.0,905455.625
3,Gulf Coast,2017-06-01,XGBoost,5,928830.0,905614.875
3,Gulf Coast,2017-07-01,XGBoost,5,910451.0,905614.875
3,Gulf Coast,2015-11-01,Neural network,5,909794.0,913028.7275476726
3,Gulf Coast,2015-12-01,Neural network,5,926164.0,912397.1334600523
3,Gulf Coast,2016-01-01,Neural network,5,941054.0,913312.6233496623
3,Gulf Coast,2016-02-01,Neural network,5,954397.0,917178.1932346675
3,Gulf Coast,2016-03-01,Neural network,5,954850.0,926303.9914157744
3,Gulf Coast,2016-04-01,Neural network,5,955225.0,928822.0107906194
3,Gulf Coast,2016-05-01,Neural network,5,953039.0,935282.6843385758
3,Gulf Coast,2016-06-01,Neural network,5,946026.0,922978.2766287874
3,Gulf Coast,2016-07-01,Neural network,5,942134.0,918531.0666050494
3,Gulf Coast,2016-08-01,Neural network,5,934996.0,932055.9975349457
3,Gulf Coast,2016-09-01,Neural network,5,950199.0,923918.9828595878
3,Gulf Coast,2016-10-01,Neural network,5,944791.0,922071.8686018636
3,Gulf Coast,2016-11-01,Neural network,5,939104.0,926730.5402541166
3,Gulf Coast,2016-12-01,Neural network,5,960380.0,924551.5575954563
3,Gulf Coast,2017-01-01,Neural network,5,972797.0,938184.19330298
3,Gulf Coast,2017-02-01,Neural network,5,974127.0,941006.3414185762
3,Gulf Coast,2017-03-01,Neural network,5,958981.0,953007.1435926988
3,Gulf Coast,2017-04-01,Neural network,5,947102.0,942649.3589045837
3,Gulf Coast,2017-05-01,Neural network,5,938694.0,941883.7644034678
3,Gulf Coast,2017-06-01,Neural network,5,928830.0,934152.1206554295
3,Gulf Coast,2017-07-01,Neural network,5,910451.0,931710.469013553
3,Gulf Coast,2017-08-01,Persistence,6,912311.0,910451.0
3,Gulf Coast,2017-09-01,Persistence,6,887682.0,912311.0
3,Gulf Coast,2017-10-01,Persistence,6,881971.0,887682.0
3,Gulf Coast,2017-11-01,Persistence,6,867357.0,881971.0
3,Gulf Coast,2017-12-01,Persistence,6,881098.0,867357.0
3,Gulf Coast,2018-01-01,Persistence,6,894999.0,881098.0
3,Gulf Coast,2018-02-01,Persistence,6,883010.0,894999.0
3,Gulf Coast,2018-03-01,Persistence,6,884390.0,883010.0
3,Gulf Coast,2018-04-01,Persistence,6,877138.0,884390.0
3,Gulf Coast,2018-05-01,Persistence,6,873052.0,877138.0
3,Gulf Coast,2018-06-01,Persistence,6,879521.0,873052.0
3,Gulf Coast,2018-07-01,Persistence,6,874105.0,879521.0
3,Gulf Coast,2018-08-01,Persistence,6,880801.0,874105.0
3,Gulf Coast,2018-09-01,Persistence,6,882042.0,880801.0
3,Gulf Coast,2018-10-01,Persistence,6,887119.0,882042.0
3,Gulf Coast,2018-11-01,Persistence,6,881191.0,887119.0
3,Gulf Coast,2018-12-01,Persistence,6,881131.0,881191.0
3,Gulf Coast,2019-01-01,Persistence,6,878584.0,881131.0
3,Gulf Coast,2019-02-01,Persistence,6,883034.0,878584.0
3,Gulf Coast,2019-03-01,Persistence,6,891193.0,883034.0
3,Gulf Coast,2019-04-01,Persistence,6,889878.0,891193.0
3,Gulf Coast,2017-08-01,Linear regression,6,912311.0,906823.0158784284
3,Gulf Coast,2017-09-01,Linear regression,6,887682.0,914629.5876600154
3,Gulf Coast,2017-10-01,Linear regression,6,881971.0,875747.7826876795
3,Gulf Coast,2017-11-01,Linear regression,6,867357.0,875526.1392636909
3,Gulf Coast,2017-12-01,Linear regression,6,881098.0,857594.3399020006
3,Gulf Coast,2018-01-01,Linear regression,6,894999.0,878086.8044618232
3,Gulf Coast,2018-02-01,Linear regression,6,883010.0,896667.3388551493
3,Gulf Coast,2018-03-01,Linear regression,6,884390.0,877775.4064497483
3,Gulf Coast,2018-04-01,Linear regression,6,877138.0,880083.7814767461
3,Gulf Coast,2018-05-01,Linear regression,6,873052.0,868495.715199545
3,Gulf Coast,2018-06-01,Linear regression,6,879521.0,862894.0061489715
3,Gulf Coast,2018-07-01,Linear regression,6,874105.0,873734.3515887242
3,Gulf Coast,2018-08-01,Linear regression,6,880801.0,872860.9870498565
3,Gulf Coast,2018-09-01,Linear regression,6,882042.0,878691.3950119652
3,Gulf Coast,2018-10-01,Linear regression,6,887119.0,875395.135225439
3,Gulf Coast,2018-11-01,Linear regression,6,881191.0,882348.5332936492
3,Gulf Coast,2018-12-01,Linear regression,6,881131.0,874708.0363640141
3,Gulf Coast,2019-01-01,Linear regression,6,878584.0,876393.1548255525
3,Gulf Coast,2019-02-01,Linear regression,6,883034.0,873280.2633077685
3,Gulf Coast,2019-03-01,Linear regression,6,891193.0,881166.2512040506
3,Gulf Coast,2019-04-01,Linear regression,6,889878.0,886483.5863285065
3,Gulf Coast,2017-08-01,Random forest,6,912311.0,918164.7606182073
3,Gulf Coast,2017-09-01,Random forest,6,887682.0,918933.9250749729
3,Gulf Coast,2017-10-01,Random forest,6,881971.0,889883.304959324
3,Gulf Coast,2017-11-01,Random forest,6,867357.0,885692.1736067735
3,Gulf Coast,2017-12-01,Random forest,6,881098.0,877485.13442032
3,Gulf Coast,2018-01-01,Random forest,6,894999.0,885569.0618422234
3,Gulf Coast,2018-02-01,Random forest,6,883010.0,899986.7147489373
3,Gulf Coast,2018-03-01,Random forest,6,884390.0,885660.7406641607
3,Gulf Coast,2018-04-01,Random forest,6,877138.0,886780.9199194004
3,Gulf Coast,2018-05-01,Random forest,6,873052.0,883868.4537120607
3,Gulf Coast,2018-06-01,Random forest,6,879521.0,880830.2718488767
3,Gulf Coast,2018-07-01,Random forest,6,874105.0,884427.7726398997
3,Gulf Coast,2018-08-01,Random forest,6,880801.0,882561.9006525769
3,Gulf Coast,2018-09-01,Random forest,6,882042.0,885535.5415391931
3,Gulf Coast,2018-10-01,Random forest,6,887119.0,885620.4057496308
3,Gulf Coast,2018-11-01,Random forest,6,881191.0,888238.6533710842
3,Gulf Coast,2018-12-01,Random forest,6,881131.0,885569.0618422234
3,Gulf Coast,2019-01-01,Random forest,6,878584.0,885569.0618422234
3,Gulf Coast,2019-02-01,Random forest,6,883034.0,884542.79607599
3,Gulf Coast,2019-03-01,Random forest,6,891193.0,885732.5085213034
3,Gulf Coast,2019-04-01,Random forest,6,889878.0,896357.4307163099
3,Gulf Coast,2017-08-01,XGBoost,6,912311.0,915540.6875
3,Gulf Coast,2017-09-01,XGBoost,6,887682.0,918389.0625
3,Gulf Coast,2017-10-01,XGBoost,6,881971.0,892499.9375
3,Gulf Coast,2017-11-01,XGBoost,6,867357.0,886823.0625
3,Gulf Coast,2017-12-01,XGBoost,6,881098.0,875145.875
3,Gulf Coast,2018-01-01,XGBoost,6,894999.0,885644.1875
3,Gulf Coast,2018-02-01,XGBoost,6,883010.0,907449.875
3,Gulf Coast,2018-03-01,XGBoost,6,884390.0,886823.0625
3,Gulf Coast,2018-04-01,XGBoost,6,877138.0,886899.125
3,Gulf Coast,2018-05-01,XGBoost,6,873052.0,885009.25
3,Gulf Coast,2018-06-01,XGBoost,6,879521.0,881252.125
3,Gulf Coast,2018-07-01,XGBoost,6,874105.0,885009.25
3,Gulf Coast,2018-08-01,XGBoost,6,880801.0,881252.125
3,Gulf Coast,2018-09-01,XGBoost,6,882042.0,885587.0625
3,Gulf Coast,2018-10-01,XGBoost,6,887119.0,886823.0625
3,Gulf Coast,2018-11-01,XGBoost,6,881191.0,892499.9375
3,Gulf Coast,2018-12-01,XGBoost,6,881131.0,885644.1875
3,Gulf Coast,2019-01-01,XGBoost,6,878584.0,885644.1875
3,Gulf Coast,2019-02-01,XGBoost,6,883034.0,887241.375
3,Gulf Coast,2019-03-01,XGBoost,6,891193.0,887146.3125
3,Gulf Coast,2019-04-01,XGBoost,6,889878.0,903288.3125
3,Gulf Coast,2017-08-01,Neural network,6,912311.0,923115.6093292574
3,Gulf Coast,2017-09-01,Neural network,6,887682.0,917220.7627335718
3,Gulf Coast,2017-10-01,Neural network,6,881971.0,912711.6337317802
3,Gulf Coast,2017-11-01,Neural network,6,867357.0,907707.3788653855
3,Gulf Coast,2017-12-01,Neural network,6,881098.0,905053.8656342702
3,Gulf Coast,2018-01-01,Neural network,6,894999.0,906579.2927330395
3,Gulf Coast,2018-02-01,Neural network,6,883010.0,906956.2896128156
3,Gulf Coast,2018-03-01,Neural network,6,884390.0,908944.9803271302
3,Gulf Coast,2018-04-01,Neural network,6,877138.0,905558.4181467129
3,Gulf Coast,2018-05-01,Neural network,6,873052.0,906773.3866591102
3,Gulf Coast,2018-06-01,Neural network,6,879521.0,902807.9105929725
3,Gulf Coast,2018-07-01,Neural network,6,874105.0,907086.541333493
3,Gulf Coast,2018-08-01,Neural network,6,880801.0,907155.9958428
3,Gulf Coast,2018-09-01,Neural network,6,882042.0,907544.0865801374
3,Gulf Coast,2018-10-01,Neural network,6,887119.0,914226.2724480226
3,Gulf Coast,2018-11-01,Neural network,6,881191.0,916603.957131679
3,Gulf Coast,2018-12-01,Neural network,6,881131.0,917357.8344021837
3,Gulf Coast,2019-01-01,Neural network,6,878584.0,910931.7625491854
3,Gulf Coast,2019-02-01,Neural network,6,883034.0,903380.8212867698
3,Gulf Coast,2019-03-01,Neural network,6,891193.0,911276.1760704734
3,Gulf Coast,2019-04-01,Neural network,6,889878.0,917304.8659814618
3,Gulf Coast,2019-05-01,Persistence,7,878690.0,889878.0
3,Gulf Coast,2019-06-01,Persistence,7,871011.0,878690.0
3,Gulf Coast,2019-07-01,Persistence,7,872940.0,871011.0
3,Gulf Coast,2019-08-01,Persistence,7,865421.0,872940.0
3,Gulf Coast,2019-09-01,Persistence,7,864734.0,865421.0
3,Gulf Coast,2019-10-01,Persistence,7,863236.0,864734.0
3,Gulf Coast,2019-11-01,Persistence,7,854758.0,863236.0
3,Gulf Coast,2019-12-01,Persistence,7,862880.0,854758.0
3,Gulf Coast,2020-01-01,Persistence,7,876756.0,862880.0
3,Gulf Coast,2020-02-01,Persistence,7,886386.0,876756.0
3,Gulf Coast,2020-03-01,Persistence,7,916045.0,886386.0
3,Gulf Coast,2020-04-01,Persistence,7,934148.0,916045.0
3,Gulf Coast,2020-05-01,Persistence,7,956570.0,934148.0
3,Gulf Coast,2020-06-01,Persistence,7,944808.0,956570.0
3,Gulf Coast,2020-07-01,Persistence,7,920344.0,944808.0
3,Gulf Coast,2020-08-01,Persistence,7,912855.0,920344.0
3,Gulf Coast,2020-09-01,Persistence,7,900201.0,912855.0
3,Gulf Coast,2020-10-01,Persistence,7,909291.0,900201.0
3,Gulf Coast,2020-11-01,Persistence,7,896960.0,909291.0
3,Gulf Coast,2020-12-01,Persistence,7,896086.0,896960.0
3,Gulf Coast,2021-01-01,Persistence,7,915386.0,896086.0
3,Gulf Coast,2019-05-01,Linear regression,7,878690.0,888131.6668438922
3,Gulf Coast,2019-06-01,Linear regression,7,871011.0,875422.6839384827
3,Gulf Coast,2019-07-01,Linear regression,7,872940.0,869548.5263472138
3,Gulf Coast,2019-08-01,Linear regression,7,865421.0,875732.2904467046
3,Gulf Coast,2019-09-01,Linear regression,7,864734.0,869287.6598555134
3,Gulf Coast,2019-10-01,Linear regression,7,863236.0,867574.325402955
3,Gulf Coast,2019-11-01,Linear regression,7,854758.0,867510.6706426971
3,Gulf Coast,2019-12-01,Linear regression,7,862880.0,855740.119401114
3,Gulf Coast,2020-01-01,Linear regression,7,876756.0,868313.2391680179
3,Gulf Coast,2020-02-01,Linear regression,7,886386.0,880432.4958601122
3,Gulf Coast,2020-03-01,Linear regression,7,916045.0,888892.4105100597
3,Gulf Coast,2020-04-01,Linear regression,7,934148.0,925922.3341517249
3,Gulf Coast,2020-05-01,Linear regression,7,956570.0,930429.9232293327
3,Gulf Coast,2020-06-01,Linear regression,7,944808.0,955994.6359160228
3,Gulf Coast,2020-07-01,Linear regression,7,920344.0,939263.5959964937
3,Gulf Coast,2020-08-01,Linear regression,7,912855.0,911737.9934659535
3,Gulf Coast,2020-09-01,Linear regression,7,900201.0,914038.697795672
3,Gulf Coast,2020-10-01,Linear regression,7,909291.0,899230.0867835156
3,Gulf Coast,2020-11-01,Linear regression,7,896960.0,912103.3601184402
3,Gulf Coast,2020-12-01,Linear regression,7,896086.0,894302.7217800299
3,Gulf Coast,2021-01-01,Linear regression,7,915386.0,894017.0474359553
3,Gulf Coast,2019-05-01,Random forest,7,878690.0,888490.2596030341
3,Gulf Coast,2019-06-01,Random forest,7,871011.0,879370.3405296563
3,Gulf Coast,2019-07-01,Random forest,7,872940.0,876881.7849884386
3,Gulf Coast,2019-08-01,Random forest,7,865421.0,877216.192681823
3,Gulf Coast,2019-09-01,Random forest,7,864734.0,869796.0155938156
3,Gulf Coast,2019-10-01,Random forest,7,863236.0,868113.5886875738
3,Gulf Coast,2019-11-01,Random forest,7,854758.0,866127.6377969601
3,Gulf Coast,2019-12-01,Random forest,7,862880.0,864598.3525990583
3,Gulf Coast,2020-01-01,Random forest,7,876756.0,866115.1777043674
3,Gulf Coast,2020-02-01,Random forest,7,886386.0,879132.3712730325
3,Gulf Coast,2020-03-01,Random forest,7,916045.0,883759.520700472
3,Gulf Coast,2020-04-01,Random forest,7,934148.0,916518.6658342276
3,Gulf Coast,2020-05-01,Random forest,7,956570.0,934096.8356193239
3,Gulf Coast,2020-06-01,Random forest,7,944808.0,942488.5094605903
3,Gulf Coast,2020-07-01,Random forest,7,920344.0,941292.9783762743
3,Gulf Coast,2020-08-01,Random forest,7,912855.0,918517.2981731548
3,Gulf Coast,2020-09-01,Random forest,7,900201.0,913675.841542114
3,Gulf Coast,2020-10-01,Random forest,7,909291.0,895530.9384074543
3,Gulf Coast,2020-11-01,Random forest,7,896960.0,909643.839190304
3,Gulf Coast,2020-12-01,Random forest,7,896086.0,892866.6718264617
3,Gulf Coast,2021-01-01,Random forest,7,915386.0,892684.8219605016
3,Gulf Coast,2019-05-01,XGBoost,7,878690.0,889492.625
3,Gulf Coast,2019-06-01,XGBoost,7,871011.0,878414.1875
3,Gulf Coast,2019-07-01,XGBoost,7,872940.0,875012.5625
3,Gulf Coast,2019-08-01,XGBoost,7,865421.0,875012.5625
3,Gulf Coast,2019-09-01,XGBoost,7,864734.0,863588.25
3,Gulf Coast,2019-10-01,XGBoost,7,863236.0,863588.25
3,Gulf Coast,2019-11-01,XGBoost,7,854758.0,860276.5
3,Gulf Coast,2019-12-01,XGBoost,7,862880.0,855142.4375
3,Gulf Coast,2020-01-01,XGBoost,7,876756.0,860276.5
3,Gulf Coast,2020-02-01,XGBoost,7,886386.0,878210.375
3,Gulf Coast,2020-03-01,XGBoost,7,916045.0,882620.4375
3,Gulf Coast,2020-04-01,XGBoost,7,934148.0,911757.6875
3,Gulf Coast,2020-05-01,XGBoost,7,956570.0,916232.1875
3,Gulf Coast,2020-06-01,XGBoost,7,944808.0,935679.4375
3,Gulf Coast,2020-07-01,XGBoost,7,920344.0,936030.875
3,Gulf Coast,2020-08-01,XGBoost,7,912855.0,911227.375
3,Gulf Coast,2020-09-01,XGBoost,7,900201.0,906067.0
3,Gulf Coast,2020-10-01,XGBoost,7,909291.0,894274.125
3,Gulf Coast,2020-11-01,XGBoost,7,896960.0,901773.5625
3,Gulf Coast,2020-12-01,XGBoost,7,896086.0,893420.4375
3,Gulf Coast,2021-01-01,XGBoost,7,915386.0,892996.1875
3,Gulf Coast,2019-05-01,Neural network,7,878690.0,890511.4603204879
3,Gulf Coast,2019-06-01,Neural network,7,871011.0,882347.4466528945
3,Gulf Coast,2019-07-01,Neural network,7,872940.0,877423.3134582519
3,Gulf Coast,2019-08-01,Neural network,7,865421.0,877424.191281642
3,Gulf Coast,2019-09-01,Neural network,7,864734.0,865501.3851910965
3,Gulf Coast,2019-10-01,Neural network,7,863236.0,865460.1855810666
3,Gulf Coast,2019-11-01,Neural network,7,854758.0,865539.6159690506
3,Gulf Coast,2019-12-01,Neural network,7,862880.0,861027.0235233742
3,Gulf Coast,2020-01-01,Neural network,7,876756.0,864457.9849783465
3,Gulf Coast,2020-02-01,Neural network,7,886386.0,869905.1839212854
3,Gulf Coast,2020-03-01,Neural network,7,916045.0,880366.9897651599
3,Gulf Coast,2020-04-01,Neural network,7,934148.0,887661.9208604433
3,Gulf Coast,2020-05-01,Neural network,7,956570.0,901494.7845726486
3,Gulf Coast,2020-06-01,Neural network,7,944808.0,920002.0506318078
3,Gulf Coast,2020-07-01,Neural network,7,920344.0,916466.6196763682
3,Gulf Coast,2020-08-01,Neural network,7,912855.0,900981.0919354332
3,Gulf Coast,2020-09-01,Neural network,7,900201.0,887229.425509139
3,Gulf Coast,2020-10-01,Neural network,7,909291.0,883184.5762286405
3,Gulf Coast,2020-11-01,Neural network,7,896960.0,893287.937154554
3,Gulf Coast,2020-12-01,Neural network,7,896086.0,886394.0042501589
3,Gulf Coast,2021-01-01,Neural network,7,915386.0,888201.673606924
3,Gulf Coast,2021-02-01,Persistence,8,932466.0,915386.0
3,Gulf Coast,2021-03-01,Persistence,8,906599.0,932466.0
3,Gulf Coast,2021-04-01,Persistence,8,888487.0,906599.0
3,Gulf Coast,2021-05-01,Persistence,8,865066.0,888487.0
3,Gulf Coast,2021-06-01,Persistence,8,863624.0,865066.0
3,Gulf Coast,2021-07-01,Persistence,8,847675.0,863624.0
3,Gulf Coast,2021-08-01,Persistence,8,846108.0,847675.0
3,Gulf Coast,2021-09-01,Persistence,8,858522.0,846108.0
3,Gulf Coast,2021-10-01,Persistence,8,839483.0,858522.0
3,Gulf Coast,2021-11-01,Persistence,8,818876.0,839483.0
3,Gulf Coast,2021-12-01,Persistence,8,809576.0,818876.0
3,Gulf Coast,2022-01-01,Persistence,8,803457.0,809576.0
3,Gulf Coast,2022-02-01,Persistence,8,793798.0,803457.0
3,Gulf Coast,2022-03-01,Persistence,8,780525.0,793798.0
3,Gulf Coast,2022-04-01,Persistence,8,755399.0,780525.0
3,Gulf Coast,2022-05-01,Persistence,8,728278.0,755399.0
3,Gulf Coast,2022-06-01,Persistence,8,701873.0,728278.0
3,Gulf Coast,2022-07-01,Persistence,8,680061.0,701873.0
3,Gulf Coast,2022-08-01,Persistence,8,656779.0,680061.0
3,Gulf Coast,2022-09-01,Persistence,8,643035.0,656779.0
3,Gulf Coast,2022-10-01,Persistence,8,617247.0,643035.0
3,Gulf Coast,2021-02-01,Linear regression,8,932466.0,920953.182910188
3,Gulf Coast,2021-03-01,Linear regression,8,906599.0,937880.5528379282
3,Gulf Coast,2021-04-01,Linear regression,8,888487.0,903247.1583992133
3,Gulf Coast,2021-05-01,Linear regression,8,865066.0,889819.0742874171
3,Gulf Coast,2021-06-01,Linear regression,8,863624.0,863198.2857575847
3,Gulf Coast,2021-07-01,Linear regression,8,847675.0,870392.1349907026
3,Gulf Coast,2021-08-01,Linear regression,8,846108.0,851866.9571111075
3,Gulf Coast,2021-09-01,Linear regression,8,858522.0,854500.3954314712
3,Gulf Coast,2021-10-01,Linear regression,8,839483.0,867683.6204616881
3,Gulf Coast,2021-11-01,Linear regression,8,818876.0,844771.2951026605
3,Gulf Coast,2021-12-01,Linear regression,8,809576.0,822609.8164323354
3,Gulf Coast,2022-01-01,Linear regression,8,803457.0,815491.7326434709
3,Gulf Coast,2022-02-01,Linear regression,8,793798.0,811160.0467035428
3,Gulf Coast,2022-03-01,Linear regression,8,780525.0,802605.089501942
3,Gulf Coast,2022-04-01,Linear regression,8,755399.0,788800.2242750166
3,Gulf Coast,2022-05-01,Linear regression,8,728278.0,764070.3835832459
3,Gulf Coast,2022-06-01,Linear regression,8,701873.0,739021.0244164955
3,Gulf Coast,2022-07-01,Linear regression,8,680061.0,714441.7669459676
3,Gulf Coast,2022-08-01,Linear regression,8,656779.0,695716.6855929677
3,Gulf Coast,2022-09-01,Linear regression,8,643035.0,675786.565566069
3,Gulf Coast,2022-10-01,Linear regression,8,617247.0,663364.2908996197
3,Gulf Coast,2021-02-01,Random forest,8,932466.0,916066.994826465
3,Gulf Coast,2021-03-01,Random forest,8,906599.0,937102.624236238
3,Gulf Coast,2021-04-01,Random forest,8,888487.0,908363.7005345029
3,Gulf Coast,2021-05-01,Random forest,8,865066.0,888417.2546530023
3,Gulf Coast,2021-06-01,Random forest,8,863624.0,867162.645333506
3,Gulf Coast,2021-07-01,Random forest,8,847675.0,866485.9976282439
3,Gulf Coast,2021-08-01,Random forest,8,846108.0,861686.2302360975
3,Gulf Coast,2021-09-01,Random forest,8,858522.0,862035.8475985441
3,Gulf Coast,2021-10-01,Random forest,8,839483.0,865010.0391033234
3,Gulf Coast,2021-11-01,Random forest,8,818876.0,858775.4655868876
3,Gulf Coast,2021-12-01,Random forest,8,809576.0,858775.4655868876
3,Gulf Coast,2022-01-01,Random forest,8,803457.0,858775.4655868876
3,Gulf Coast,2022-02-01,Random forest,8,793798.0,859383.7395553099
3,Gulf Coast,2022-03-01,Random forest,8,780525.0,858647.727365197
3,Gulf Coast,2022-04-01,Random forest,8,755399.0,858775.4655868876
3,Gulf Coast,2022-05-01,Random forest,8,728278.0,858610.9002875747
3,Gulf Coast,2022-06-01,Random forest,8,701873.0,858690.3354828442
3,Gulf Coast,2022-07-01,Random forest,8,680061.0,858480.301142107
3,Gulf Coast,2022-08-01,Random forest,8,656779.0,858610.9002875747
3,Gulf Coast,2022-09-01,Random forest,8,643035.0,858775.4655868876
3,Gulf Coast,2022-10-01,Random forest,8,617247.0,858775.4655868876
3,Gulf Coast,2021-02-01,XGBoost,8,932466.0,920486.625
3,Gulf Coast,2021-03-01,XGBoost,8,906599.0,923036.0625
3,Gulf Coast,2021-04-01,XGBoost,8,888487.0,903977.375
3,Gulf Coast,2021-05-01,XGBoost,8,865066.0,890003.6875
3,Gulf Coast,2021-06-01,XGBoost,8,863624.0,866024.5625
3,Gulf Coast,2021-07-01,XGBoost,8,847675.0,864485.4375
3,Gulf Coast,2021-08-01,XGBoost,8,846108.0,856678.5625
3,Gulf Coast,2021-09-01,XGBoost,8,858522.0,854461.6875
3,Gulf Coast,2021-10-01,XGBoost,8,839483.0,861233.875
3,Gulf Coast,2021-11-01,XGBoost,8,818876.0,853691.75
3,Gulf Coast,2021-12-01,XGBoost,8,809576.0,853617.875
3,Gulf Coast,2022-01-01,XGBoost,8,803457.0,853691.75
3,Gulf Coast,2022-02-01,XGBoost,8,793798.0,853504.9375
3,Gulf Coast,2022-03-01,XGBoost,8,780525.0,853112.0625
3,Gulf Coast,2022-04-01,XGBoost,8,755399.0,853617.875
3,Gulf Coast,2022-05-01,XGBoost,8,728278.0,852282.6875
3,Gulf Coast,2022-06-01,XGBoost,8,701873.0,852964.125
3,Gulf Coast,2022-07-01,XGBoost,8,680061.0,851668.5625
3,Gulf Coast,2022-08-01,XGBoost,8,656779.0,852097.4375
3,Gulf Coast,2022-09-01,XGBoost,8,643035.0,853470.0625
3,Gulf Coast,2022-10-01,XGBoost,8,617247.0,853617.875
3,Gulf Coast,2021-02-01,Neural network,8,932466.0,912107.6630039386
3,Gulf Coast,2021-03-01,Neural network,8,906599.0,928656.4739408483
3,Gulf Coast,2021-04-01,Neural network,8,888487.0,914715.0682373097
3,Gulf Coast,2021-05-01,Neural network,8,865066.0,893035.5630330679
3,Gulf Coast,2021-06-01,Neural network,8,863624.0,872108.4555050993
3,Gulf Coast,2021-07-01,Neural network,8,847675.0,864702.4722399269
3,Gulf Coast,2021-08-01,Neural network,8,846108.0,852864.4362357396
3,Gulf Coast,2021-09-01,Neural network,8,858522.0,840649.6331058904
3,Gulf Coast,2021-10-01,Neural network,8,839483.0,858558.4542995744
3,Gulf Coast,2021-11-01,Neural network,8,818876.0,844209.2726644261
3,Gulf Coast,2021-12-01,Neural network,8,809576.0,828193.4940043939
3,Gulf Coast,2022-01-01,Neural network,8,803457.0,816317.3544847035
3,Gulf Coast,2022-02-01,Neural network,8,793798.0,801830.8596421877
3,Gulf Coast,2022-03-01,Neural network,8,780525.0,800934.4749701044
3,Gulf Coast,2022-04-01,Neural network,8,755399.0,787482.6398946429
3,Gulf Coast,2022-05-01,Neural network,8,728278.0,764511.3019792816
3,Gulf Coast,2022-06-01,Neural network,8,701873.0,735893.7419311104
3,Gulf Coast,2022-07-01,Neural network,8,680061.0,712869.8995081002
3,Gulf Coast,2022-08-01,Neural network,8,656779.0,690291.4088644397
3,Gulf Coast,2022-09-01,Neural network,8,643035.0,664978.3042957833
3,Gulf Coast,2022-10-01,Neural network,8,617247.0,653274.8564758338
3,Gulf Coast,2022-11-01,Persistence,9,615091.0,617247.0
3,Gulf Coast,2022-12-01,Persistence,9,627659.0,615091.0
3,Gulf Coast,2023-01-01,Persistence,9,634789.0,627659.0
3,Gulf Coast,2023-02-01,Persistence,9,632979.0,634789.0
3,Gulf Coast,2023-03-01,Persistence,9,616409.0,632979.0
3,Gulf Coast,2023-04-01,Persistence,9,604090.0,616409.0
3,Gulf Coast,2023-05-01,Persistence,9,593587.0,604090.0
3,Gulf Coast,2023-06-01,Persistence,9,591983.0,593587.0
3,Gulf Coast,2023-07-01,Persistence,9,582019.0,591983.0
3,Gulf Coast,2023-08-01,Persistence,9,589125.0,582019.0
3,Gulf Coast,2023-09-01,Persistence,9,595213.0,589125.0
3,Gulf Coast,2023-10-01,Persistence,9,599648.0,595213.0
3,Gulf Coast,2023-11-01,Persistence,9,582167.0,599648.0
3,Gulf Coast,2023-12-01,Persistence,9,598600.0,582167.0
3,Gulf Coast,2024-01-01,Persistence,9,608050.0,598600.0
3,Gulf Coast,2024-02-01,Persistence,9,609462.0,608050.0
3,Gulf Coast,2024-03-01,Persistence,9,629996.0,609462.0
3,Gulf Coast,2024-04-01,Persistence,9,629892.0,629996.0
3,Gulf Coast,2024-05-01,Persistence,9,624154.0,629892.0
3,Gulf Coast,2024-06-01,Persistence,9,613406.0,624154.0
3,Gulf Coast,2024-07-01,Persistence,9,614415.0,613406.0
3,Gulf Coast,2022-11-01,Linear regression,9,615091.0,599919.4837155892
3,Gulf Coast,2022-12-01,Linear regression,9,627659.0,604491.9012105693
3,Gulf Coast,2023-01-01,Linear regression,9,634789.0,621930.4970818829
3,Gulf Coast,2023-02-01,Linear regression,9,632979.0,625889.1772101199
3,Gulf Coast,2023-03-01,Linear regression,9,616409.0,619026.5860059006
3,Gulf Coast,2023-04-01,Linear regression,9,604090.0,601263.1944802226
3,Gulf Coast,2023-05-01,Linear regression,9,593587.0,589302.8756215669
3,Gulf Coast,2023-06-01,Linear regression,9,591983.0,579708.6218235274
3,Gulf Coast,2023-07-01,Linear regression,9,582019.0,577316.5945324167
3,Gulf Coast,2023-08-01,Linear regression,9,589125.0,564921.5226970239
3,Gulf Coast,2023-09-01,Linear regression,9,595213.0,576066.4601679476
3,Gulf Coast,2023-10-01,Linear regression,9,599648.0,583182.7000135792
3,Gulf Coast,2023-11-01,Linear regression,9,582167.0,588332.5906835479
3,Gulf Coast,2023-12-01,Linear regression,9,598600.0,563215.9221942619
3,Gulf Coast,2024-01-01,Linear regression,9,608050.0,586846.6323121442
3,Gulf Coast,2024-02-01,Linear regression,9,609462.0,596770.3369248586
3,Gulf Coast,2024-03-01,Linear regression,9,629996.0,595415.3614121762
3,Gulf Coast,2024-04-01,Linear regression,9,629892.0,620008.3770843258
3,Gulf Coast,2024-05-01,Linear regression,9,624154.0,616085.665345694
3,Gulf Coast,2024-06-01,Linear regression,9,613406.0,610769.4300432692
3,Gulf Coast,2024-07-01,Linear regression,9,614415.0,598851.871315643
3,Gulf Coast,2022-11-01,Random forest,9,615091.0,746899.696162544
3,Gulf Coast,2022-12-01,Random forest,9,627659.0,746899.696162544
3,Gulf Coast,2023-01-01,Random forest,9,634789.0,746899.696162544
3,Gulf Coast,2023-02-01,Random forest,9,632979.0,748261.1324247529
3,Gulf Coast,2023-03-01,Random forest,9,616409.0,746899.696162544
3,Gulf Coast,2023-04-01,Random forest,9,604090.0,746899.696162544
3,Gulf Coast,2023-05-01,Random forest,9,593587.0,746899.696162544
3,Gulf Coast,2023-06-01,Random forest,9,591983.0,747414.5394221385
3,Gulf Coast,2023-07-01,Random forest,9,582019.0,748035.9277887163
3,Gulf Coast,2023-08-01,Random forest,9,589125.0,747618.1865938556
3,Gulf Coast,2023-09-01,Random forest,9,595213.0,747414.5394221385
3,Gulf Coast,2023-10-01,Random forest,9,599648.0,746899.696162544
3,Gulf Coast,2023-11-01,Random forest,9,582167.0,746899.696162544
3,Gulf Coast,2023-12-01,Random forest,9,598600.0,747618.1865938556
3,Gulf Coast,2024-01-01,Random forest,9,608050.0,746899.696162544
3,Gulf Coast,2024-02-01,Random forest,9,609462.0,746899.696162544
3,Gulf Coast,2024-03-01,Random forest,9,629996.0,746899.696162544
3,Gulf Coast,2024-04-01,Random forest,9,629892.0,747414.5394221385
3,Gulf Coast,2024-05-01,Random forest,9,624154.0,748173.9606048082
3,Gulf Coast,2024-06-01,Random forest,9,613406.0,747414.5394221385
3,Gulf Coast,2024-07-01,Random forest,9,614415.0,747414.5394221385
3,Gulf Coast,2022-11-01,XGBoost,9,615091.0,736569.625
3,Gulf Coast,2022-12-01,XGBoost,9,627659.0,739098.0625
3,Gulf Coast,2023-01-01,XGBoost,9,634789.0,739751.4375
3,Gulf Coast,2023-02-01,XGBoost,9,632979.0,744112.6875
3,Gulf Coast,2023-03-01,XGBoost,9,616409.0,739411.1875
3,Gulf Coast,2023-04-01,XGBoost,9,604090.0,738757.8125
3,Gulf Coast,2023-05-01,XGBoost,9,593587.0,735963.25
3,Gulf Coast,2023-06-01,XGBoost,9,591983.0,741527.875
3,Gulf Coast,2023-07-01,XGBoost,9,582019.0,740104.0
3,Gulf Coast,2023-08-01,XGBoost,9,589125.0,740300.9375
3,Gulf Coast,2023-09-01,XGBoost,9,595213.0,742409.6875
3,Gulf Coast,2023-10-01,XGBoost,9,599648.0,738757.8125
3,Gulf Coast,2023-11-01,XGBoost,9,582167.0,737657.1875
3,Gulf Coast,2023-12-01,XGBoost,9,598600.0,740104.0
3,Gulf Coast,2024-01-01,XGBoost,9,608050.0,739594.0
3,Gulf Coast,2024-02-01,XGBoost,9,609462.0,740877.6875
3,Gulf Coast,2024-03-01,XGBoost,9,629996.0,735985.4375
3,Gulf Coast,2024-04-01,XGBoost,9,629892.0,742615.4375
3,Gulf Coast,2024-05-01,XGBoost,9,624154.0,741482.5625
3,Gulf Coast,2024-06-01,XGBoost,9,613406.0,740300.9375
3,Gulf Coast,2024-07-01,XGBoost,9,614415.0,740253.375
3,Gulf Coast,2022-11-01,Neural network,9,615091.0,591516.7437793327
3,Gulf Coast,2022-12-01,Neural network,9,627659.0,585156.798021802
3,Gulf Coast,2023-01-01,Neural network,9,634789.0,597033.5214998552
3,Gulf Coast,2023-02-01,Neural network,9,632979.0,615921.4641184
3,Gulf Coast,2023-03-01,Neural network,9,616409.0,607429.0981936897
3,Gulf Coast,2023-04-01,Neural network,9,604090.0,589750.1040627381
3,Gulf Coast,2023-05-01,Neural network,9,593587.0,578659.9637775905
3,Gulf Coast,2023-06-01,Neural network,9,591983.0,565701.454172831
3,Gulf Coast,2023-07-01,Neural network,9,582019.0,566820.2057387799
3,Gulf Coast,2023-08-01,Neural network,9,589125.0,556729.3299252818
3,Gulf Coast,2023-09-01,Neural network,9,595213.0,560958.8191780549
3,Gulf Coast,2023-10-01,Neural network,9,599648.0,566280.7174035192
3,Gulf Coast,2023-11-01,Neural network,9,582167.0,570691.735930765
3,Gulf Coast,2023-12-01,Neural network,9,598600.0,558550.2766425156
3,Gulf Coast,2024-01-01,Neural network,9,608050.0,568691.9956368173
3,Gulf Coast,2024-02-01,Neural network,9,609462.0,581900.3081460283
3,Gulf Coast,2024-03-01,Neural network,9,629996.0,583538.4934472259
3,Gulf Coast,2024-04-01,Neural network,9,629892.0,602555.2719866193
3,Gulf Coast,2024-05-01,Neural network,9,624154.0,607130.5663494925
3,Gulf Coast,2024-06-01,Neural network,9,613406.0,599468.3047273452
3,Gulf Coast,2024-07-01,Neural network,9,614415.0,589318.1661372016
3,Gulf Coast,2024-08-01,Persistence,10,616735.0,614415.0
3,Gulf Coast,2024-09-01,Persistence,10,628939.0,616735.0
3,Gulf Coast,2024-10-01,Persistence,10,624167.0,628939.0
3,Gulf Coast,2024-11-01,Persistence,10,621631.0,624167.0
3,Gulf Coast,2024-12-01,Persistence,10,629758.0,621631.0
3,Gulf Coast,2025-01-01,Persistence,10,636603.0,629758.0
3,Gulf Coast,2025-02-01,Persistence,10,642891.0,636603.0
3,Gulf Coast,2025-03-01,Persistence,10,644388.0,642891.0
3,Gulf Coast,2025-04-01,Persistence,10,642323.0,644388.0
3,Gulf Coast,2025-05-01,Persistence,10,632950.0,642323.0
3,Gulf Coast,2025-06-01,Persistence,10,644270.0,632950.0
3,Gulf Coast,2025-07-01,Persistence,10,640338.0,644270.0
3,Gulf Coast,2025-08-01,Persistence,10,637300.0,640338.0
3,Gulf Coast,2025-09-01,Persistence,10,644610.0,637300.0
3,Gulf Coast,2025-10-01,Persistence,10,651840.0,644610.0
3,Gulf Coast,2025-11-01,Persistence,10,641399.0,651840.0
3,Gulf Coast,2025-12-01,Persistence,10,639513.0,641399.0
3,Gulf Coast,2026-01-01,Persistence,10,665153.0,639513.0
3,Gulf Coast,2026-02-01,Persistence,10,675361.0,665153.0
3,Gulf Coast,2026-03-01,Persistence,10,653282.0,675361.0
3,Gulf Coast,2026-04-01,Persistence,10,599784.0,653282.0
3,Gulf Coast,2024-08-01,Linear regression,10,616735.0,613400.6295806842
3,Gulf Coast,2024-09-01,Linear regression,10,628939.0,618515.9129265599
3,Gulf Coast,2024-10-01,Linear regression,10,624167.0,630136.2500950369
3,Gulf Coast,2024-11-01,Linear regression,10,621631.0,619334.8297455357
3,Gulf Coast,2024-12-01,Linear regression,10,629758.0,620386.0649142814
3,Gulf Coast,2025-01-01,Linear regression,10,636603.0,632681.6546230629
3,Gulf Coast,2025-02-01,Linear regression,10,642891.0,637909.9214126174
3,Gulf Coast,2025-03-01,Linear regression,10,644388.0,641663.1565538123
3,Gulf Coast,2025-04-01,Linear regression,10,642323.0,643252.1238611302
3,Gulf Coast,2025-05-01,Linear regression,10,632950.0,642328.4362910248
3,Gulf Coast,2025-06-01,Linear regression,10,644270.0,634021.6431117568
3,Gulf Coast,2025-07-01,Linear regression,10,640338.0,649139.4380948084
3,Gulf Coast,2025-08-01,Linear regression,10,637300.0,641862.7503001501
3,Gulf Coast,2025-09-01,Linear regression,10,644610.0,638164.4870101213
3,Gulf Coast,2025-10-01,Linear regression,10,651840.0,646136.7875546264
3,Gulf Coast,2025-11-01,Linear regression,10,641399.0,653817.2149377175
3,Gulf Coast,2025-12-01,Linear regression,10,639513.0,638386.5085264356
3,Gulf Coast,2026-01-01,Linear regression,10,665153.0,640567.1174741881
3,Gulf Coast,2026-02-01,Linear regression,10,675361.0,667881.6918979126
3,Gulf Coast,2026-03-01,Linear regression,10,653282.0,676055.5452877447
3,Gulf Coast,2026-04-01,Linear regression,10,599784.0,642085.4817870107
3,Gulf Coast,2024-08-01,Random forest,10,616735.0,613395.0979044985
3,Gulf Coast,2024-09-01,Random forest,10,628939.0,623142.8302805157
3,Gulf Coast,2024-10-01,Random forest,10,624167.0,630348.4386198019
3,Gulf Coast,2024-11-01,Random forest,10,621631.0,622875.0443099133
3,Gulf Coast,2024-12-01,Random forest,10,629758.0,625515.375386241
3,Gulf Coast,2025-01-01,Random forest,10,636603.0,631566.8201439175
3,Gulf Coast,2025-02-01,Random forest,10,642891.0,638569.1793727324
3,Gulf Coast,2025-03-01,Random forest,10,644388.0,633286.6674515328
3,Gulf Coast,2025-04-01,Random forest,10,642323.0,639006.2996540423
3,Gulf Coast,2025-05-01,Random forest,10,632950.0,642491.711913703
3,Gulf Coast,2025-06-01,Random forest,10,644270.0,644892.1144240765
3,Gulf Coast,2025-07-01,Random forest,10,640338.0,659470.4735352129
3,Gulf Coast,2025-08-01,Random forest,10,637300.0,633448.5555467709
3,Gulf Coast,2025-09-01,Random forest,10,644610.0,632710.331070365
3,Gulf Coast,2025-10-01,Random forest,10,651840.0,633077.9152779065
3,Gulf Coast,2025-11-01,Random forest,10,641399.0,639137.7860642343
3,Gulf Coast,2025-12-01,Random forest,10,639513.0,633286.6674515328
3,Gulf Coast,2026-01-01,Random forest,10,665153.0,633811.2410261758
3,Gulf Coast,2026-02-01,Random forest,10,675361.0,634732.2084786193
3,Gulf Coast,2026-03-01,Random forest,10,653282.0,633606.8793061695
3,Gulf Coast,2026-04-01,Random forest,10,599784.0,633682.2109728361
3,Gulf Coast,2024-08-01,XGBoost,10,616735.0,615137.0
3,Gulf Coast,2024-09-01,XGBoost,10,628939.0,623070.625
3,Gulf Coast,2024-10-01,XGBoost,10,624167.0,615975.6875
3,Gulf Coast,2024-11-01,XGBoost,10,621631.0,615804.5
3,Gulf Coast,2024-12-01,XGBoost,10,629758.0,616497.4375
3,Gulf Coast,2025-01-01,XGBoost,10,636603.0,615975.6875
3,Gulf Coast,2025-02-01,XGBoost,10,642891.0,620687.0625
3,Gulf Coast,2025-03-01,XGBoost,10,644388.0,619599.875
3,Gulf Coast,2025-04-01,XGBoost,10,642323.0,622196.5625
3,Gulf Coast,2025-05-01,XGBoost,10,632950.0,627065.3125
3,Gulf Coast,2025-06-01,XGBoost,10,644270.0,627065.3125
3,Gulf Coast,2025-07-01,XGBoost,10,640338.0,642751.0625
3,Gulf Coast,2025-08-01,XGBoost,10,637300.0,619599.875
3,Gulf Coast,2025-09-01,XGBoost,10,644610.0,619599.875
3,Gulf Coast,2025-10-01,XGBoost,10,651840.0,621370.9375
3,Gulf Coast,2025-11-01,XGBoost,10,641399.0,622196.5625
3,Gulf Coast,2025-12-01,XGBoost,10,639513.0,619599.875
3,Gulf Coast,2026-01-01,XGBoost,10,665153.0,619599.875
3,Gulf Coast,2026-02-01,XGBoost,10,675361.0,629362.8125
3,Gulf Coast,2026-03-01,XGBoost,10,653282.0,630012.5625
3,Gulf Coast,2026-04-01,XGBoost,10,599784.0,621370.9375
3,Gulf Coast,2024-08-01,Neural network,10,616735.0,608930.0567901089
3,Gulf Coast,2024-09-01,Neural network,10,628939.0,607217.1776291793
3,Gulf Coast,2024-10-01,Neural network,10,624167.0,617207.7338129359
3,Gulf Coast,2024-11-01,Neural network,10,621631.0,620528.335243573
3,Gulf Coast,2024-12-01,Neural network,10,629758.0,618176.4019731296
3,Gulf Coast,2025-01-01,Neural network,10,636603.0,612700.9522439261
3,Gulf Coast,2025-02-01,Neural network,10,642891.0,633289.1273504343
3,Gulf Coast,2025-03-01,Neural network,10,644388.0,630705.765709586
3,Gulf Coast,2025-04-01,Neural network,10,642323.0,632897.733739762
3,Gulf Coast,2025-05-01,Neural network,10,632950.0,631927.2858894011
3,Gulf Coast,2025-06-01,Neural network,10,644270.0,622317.4579201711
3,Gulf Coast,2025-07-01,Neural network,10,640338.0,626813.4326639816
3,Gulf Coast,2025-08-01,Neural network,10,637300.0,626646.582606605
3,Gulf Coast,2025-09-01,Neural network,10,644610.0,619347.9787978554
3,Gulf Coast,2025-10-01,Neural network,10,651840.0,621971.5574061961
3,Gulf Coast,2025-11-01,Neural network,10,641399.0,632960.4979867497
3,Gulf Coast,2025-12-01,Neural network,10,639513.0,631668.9331747346
3,Gulf Coast,2026-01-01,Neural network,10,665153.0,626712.0085102126
3,Gulf Coast,2026-02-01,Neural network,10,675361.0,639060.2867242682
3,Gulf Coast,2026-03-01,Neural network,10,653282.0,664353.7382814784
3,Gulf Coast,2026-04-01,Neural network,10,599784.0,655686.1928623666
4,Rocky Mountain,2008-11-01,Persistence,1,12452.0,12967.0
4,Rocky Mountain,2008-12-01,Persistence,1,12274.0,12452.0
4,Rocky Mountain,2009-01-01,Persistence,1,12795.0,12274.0
4,Rocky Mountain,2009-02-01,Persistence,1,14186.0,12795.0
4,Rocky Mountain,2009-03-01,Persistence,1,15285.0,14186.0
4,Rocky Mountain,2009-04-01,Persistence,1,15390.0,15285.0
4,Rocky Mountain,2009-05-01,Persistence,1,14879.0,15390.0
4,Rocky Mountain,2009-06-01,Persistence,1,14399.0,14879.0
4,Rocky Mountain,2009-07-01,Persistence,1,13931.0,14399.0
4,Rocky Mountain,2009-08-01,Persistence,1,13683.0,13931.0
4,Rocky Mountain,2009-09-01,Persistence,1,13985.0,13683.0
4,Rocky Mountain,2009-10-01,Persistence,1,14250.0,13985.0
4,Rocky Mountain,2009-11-01,Persistence,1,13599.0,14250.0
4,Rocky Mountain,2009-12-01,Persistence,1,13577.0,13599.0
4,Rocky Mountain,2010-01-01,Persistence,1,13164.0,13577.0
4,Rocky Mountain,2010-02-01,Persistence,1,14424.0,13164.0
4,Rocky Mountain,2010-03-01,Persistence,1,15254.0,14424.0
4,Rocky Mountain,2010-04-01,Persistence,1,16047.0,15254.0
4,Rocky Mountain,2010-05-01,Persistence,1,14708.0,16047.0
4,Rocky Mountain,2010-06-01,Persistence,1,13983.0,14708.0
4,Rocky Mountain,2010-07-01,Persistence,1,14392.0,13983.0
4,Rocky Mountain,2008-11-01,Linear regression,1,12452.0,13049.753396717333
4,Rocky Mountain,2008-12-01,Linear regression,1,12274.0,12971.326562044029
4,Rocky Mountain,2009-01-01,Linear regression,1,12795.0,12614.606849984913
4,Rocky Mountain,2009-02-01,Linear regression,1,14186.0,12843.093888800428
4,Rocky Mountain,2009-03-01,Linear regression,1,15285.0,13595.984837095973
4,Rocky Mountain,2009-04-01,Linear regression,1,15390.0,14025.573157560091
4,Rocky Mountain,2009-05-01,Linear regression,1,14879.0,13229.062630736471
4,Rocky Mountain,2009-06-01,Linear regression,1,14399.0,12917.524412971725
4,Rocky Mountain,2009-07-01,Linear regression,1,13931.0,12670.263091962435
4,Rocky Mountain,2009-08-01,Linear regression,1,13683.0,12388.280038446137
4,Rocky Mountain,2009-09-01,Linear regression,1,13985.0,12504.243432413637
4,Rocky Mountain,2009-10-01,Linear regression,1,14250.0,12922.003440854143
4,Rocky Mountain,2009-11-01,Linear regression,1,13599.0,12969.045354367507
4,Rocky Mountain,2009-12-01,Linear regression,1,13577.0,13561.98581353066
4,Rocky Mountain,2010-01-01,Linear regression,1,13164.0,12876.629171866494
4,Rocky Mountain,2010-02-01,Linear regression,1,14424.0,13096.442362625758
4,Rocky Mountain,2010-03-01,Linear regression,1,15254.0,13896.536806831842
4,Rocky Mountain,2010-04-01,Linear regression,1,16047.0,13523.3940603992
4,Rocky Mountain,2010-05-01,Linear regression,1,14708.0,13878.983599782627
4,Rocky Mountain,2010-06-01,Linear regression,1,13983.0,12828.560114106394
4,Rocky Mountain,2010-07-01,Linear regression,1,14392.0,12510.894988791206
4,Rocky Mountain,2008-11-01,Random forest,1,12452.0,12688.794096283344
4,Rocky Mountain,2008-12-01,Random forest,1,12274.0,12649.925187571687
4,Rocky Mountain,2009-01-01,Random forest,1,12795.0,12614.672085266588
4,Rocky Mountain,2009-02-01,Random forest,1,14186.0,12674.118488733488
4,Rocky Mountain,2009-03-01,Random forest,1,15285.0,12696.272809570057
4,Rocky Mountain,2009-04-01,Random forest,1,15390.0,12674.118488733488
4,Rocky Mountain,2009-05-01,Random forest,1,14879.0,12646.360637593887
4,Rocky Mountain,2009-06-01,Random forest,1,14399.0,12637.409201502202
4,Rocky Mountain,2009-07-01,Random forest,1,13931.0,12637.409201502202
4,Rocky Mountain,2009-08-01,Random forest,1,13683.0,12637.409201502202
4,Rocky Mountain,2009-09-01,Random forest,1,13985.0,12636.687950530952
4,Rocky Mountain,2009-10-01,Random forest,1,14250.0,12636.687950530952
4,Rocky Mountain,2009-11-01,Random forest,1,13599.0,12646.59982090132
4,Rocky Mountain,2009-12-01,Random forest,1,13577.0,12674.118488733488
4,Rocky Mountain,2010-01-01,Random forest,1,13164.0,12674.118488733488
4,Rocky Mountain,2010-02-01,Random forest,1,14424.0,12674.118488733488
4,Rocky Mountain,2010-03-01,Random forest,1,15254.0,12693.610087347835
4,Rocky Mountain,2010-04-01,Random forest,1,16047.0,12674.118488733488
4,Rocky Mountain,2010-05-01,Random forest,1,14708.0,12668.75414173789
4,Rocky Mountain,2010-06-01,Random forest,1,13983.0,12636.687950530952
4,Rocky Mountain,2010-07-01,Random forest,1,14392.0,12641.357763662263
4,Rocky Mountain,2008-11-01,XGBoost,1,12452.0,12768.4375
4,Rocky Mountain,2008-12-01,XGBoost,1,12274.0,12669.669921875
4,Rocky Mountain,2009-01-01,XGBoost,1,12795.0,12541.8828125
4,Rocky Mountain,2009-02-01,XGBoost,1,14186.0,12717.5927734375
4,Rocky Mountain,2009-03-01,XGBoost,1,15285.0,12774.09765625
4,Rocky Mountain,2009-04-01,XGBoost,1,15390.0,12717.5927734375
4,Rocky Mountain,2009-05-01,XGBoost,1,14879.0,12615.9375
4,Rocky Mountain,2009-06-01,XGBoost,1,14399.0,12589.8056640625
4,Rocky Mountain,2009-07-01,XGBoost,1,13931.0,12589.8056640625
4,Rocky Mountain,2009-08-01,XGBoost,1,13683.0,12589.8056640625
4,Rocky Mountain,2009-09-01,XGBoost,1,13985.0,12589.8056640625
4,Rocky Mountain,2009-10-01,XGBoost,1,14250.0,12589.8056640625
4,Rocky Mountain,2009-11-01,XGBoost,1,13599.0,12602.01171875
4,Rocky Mountain,2009-12-01,XGBoost,1,13577.0,12717.5927734375
4,Rocky Mountain,2010-01-01,XGBoost,1,13164.0,12717.5927734375
4,Rocky Mountain,2010-02-01,XGBoost,1,14424.0,12717.5927734375
4,Rocky Mountain,2010-03-01,XGBoost,1,15254.0,12743.724609375
4,Rocky Mountain,2010-04-01,XGBoost,1,16047.0,12717.5927734375
4,Rocky Mountain,2010-05-01,XGBoost,1,14708.0,12658.5166015625
4,Rocky Mountain,2010-06-01,XGBoost,1,13983.0,12589.8056640625
4,Rocky Mountain,2010-07-01,XGBoost,1,14392.0,12589.8056640625
4,Rocky Mountain,2008-11-01,Neural network,1,12452.0,12286.288188679056
4,Rocky Mountain,2008-12-01,Neural network,1,12274.0,12306.971516564263
4,Rocky Mountain,2009-01-01,Neural network,1,12795.0,11960.033862267706
4,Rocky Mountain,2009-02-01,Neural network,1,14186.0,13049.355074001847
4,Rocky Mountain,2009-03-01,Neural network,1,15285.0,12154.029193760494
4,Rocky Mountain,2009-04-01,Neural network,1,15390.0,12899.854602820493
4,Rocky Mountain,2009-05-01,Neural network,1,14879.0,12076.241323106213
4,Rocky Mountain,2009-06-01,Neural network,1,14399.0,11904.765439200115
4,Rocky Mountain,2009-07-01,Neural network,1,13931.0,11554.467269234518
4,Rocky Mountain,2009-08-01,Neural network,1,13683.0,11752.472899304881
4,Rocky Mountain,2009-09-01,Neural network,1,13985.0,12595.653324485545
4,Rocky Mountain,2009-10-01,Neural network,1,14250.0,12265.935419505218
4,Rocky Mountain,2009-11-01,Neural network,1,13599.0,12623.902920830998
4,Rocky Mountain,2009-12-01,Neural network,1,13577.0,12997.476087586632
4,Rocky Mountain,2010-01-01,Neural network,1,13164.0,13225.192583580036
4,Rocky Mountain,2010-02-01,Neural network,1,14424.0,13424.459082370244
4,Rocky Mountain,2010-03-01,Neural network,1,15254.0,12657.567055690066
4,Rocky Mountain,2010-04-01,Neural network,1,16047.0,12322.039628138604
4,Rocky Mountain,2010-05-01,Neural network,1,14708.0,12003.819702689429
4,Rocky Mountain,2010-06-01,Neural network,1,13983.0,12169.27471707224
4,Rocky Mountain,2010-07-01,Neural network,1,14392.0,11869.502993948061
4,Rocky Mountain,2010-08-01,Persistence,2,13918.0,14392.0
4,Rocky Mountain,2010-09-01,Persistence,2,14569.0,13918.0
4,Rocky Mountain,2010-10-01,Persistence,2,14688.0,14569.0
4,Rocky Mountain,2010-11-01,Persistence,2,13986.0,14688.0
4,Rocky Mountain,2010-12-01,Persistence,2,14224.0,13986.0
4,Rocky Mountain,2011-01-01,Persistence,2,14082.0,14224.0
4,Rocky Mountain,2011-02-01,Persistence,2,13120.0,14082.0
4,Rocky Mountain,2011-03-01,Persistence,2,13940.0,13120.0
4,Rocky Mountain,2011-04-01,Persistence,2,13116.0,13940.0
4,Rocky Mountain,2011-05-01,Persistence,2,12758.0,13116.0
4,Rocky Mountain,2011-06-01,Persistence,2,12979.0,12758.0
4,Rocky Mountain,2011-07-01,Persistence,2,13366.0,12979.0
4,Rocky Mountain,2011-08-01,Persistence,2,14842.0,13366.0
4,Rocky Mountain,2011-09-01,Persistence,2,14335.0,14842.0
4,Rocky Mountain,2011-10-01,Persistence,2,13555.0,14335.0
4,Rocky Mountain,2011-11-01,Persistence,2,13699.0,13555.0
4,Rocky Mountain,2011-12-01,Persistence,2,15398.0,13699.0
4,Rocky Mountain,2012-01-01,Persistence,2,15039.0,15398.0
4,Rocky Mountain,2012-02-01,Persistence,2,14837.0,15039.0
4,Rocky Mountain,2012-03-01,Persistence,2,15510.0,14837.0
4,Rocky Mountain,2012-04-01,Persistence,2,15664.0,15510.0
4,Rocky Mountain,2010-08-01,Linear regression,2,13918.0,14151.049914174608
4,Rocky Mountain,2010-09-01,Linear regression,2,14569.0,13448.741195623714
4,Rocky Mountain,2010-10-01,Linear regression,2,14688.0,14357.996346464024
4,Rocky Mountain,2010-11-01,Linear regression,2,13986.0,14504.286071315484
4,Rocky Mountain,2010-12-01,Linear regression,2,14224.0,13981.465640295046
4,Rocky Mountain,2011-01-01,Linear regression,2,14082.0,14199.91566215321
4,Rocky Mountain,2011-02-01,Linear regression,2,13120.0,14376.105669238994
4,Rocky Mountain,2011-03-01,Linear regression,2,13940.0,10612.036900723555
4,Rocky Mountain,2011-04-01,Linear regression,2,13116.0,14426.320017476668
4,Rocky Mountain,2011-05-01,Linear regression,2,12758.0,12897.604508038405
4,Rocky Mountain,2011-06-01,Linear regression,2,12979.0,12675.69849319668
4,Rocky Mountain,2011-07-01,Linear regression,2,13366.0,13053.05672289693
4,Rocky Mountain,2011-08-01,Linear regression,2,14842.0,13245.915202127719
4,Rocky Mountain,2011-09-01,Linear regression,2,14335.0,15056.30533528511
4,Rocky Mountain,2011-10-01,Linear regression,2,13555.0,13878.646018325191
4,Rocky Mountain,2011-11-01,Linear regression,2,13699.0,13441.654333040873
4,Rocky Mountain,2011-12-01,Linear regression,2,15398.0,13431.249959858373
4,Rocky Mountain,2012-01-01,Linear regression,2,15039.0,14542.435705132544
4,Rocky Mountain,2012-02-01,Linear regression,2,14837.0,14557.22903786659
4,Rocky Mountain,2012-03-01,Linear regression,2,15510.0,14170.798666948927
4,Rocky Mountain,2012-04-01,Linear regression,2,15664.0,15307.670420790058
4,Rocky Mountain,2010-08-01,Random forest,2,13918.0,14398.587864589956
4,Rocky Mountain,2010-09-01,Random forest,2,14569.0,14118.490721291964
4,Rocky Mountain,2010-10-01,Random forest,2,14688.0,14398.587864589956
4,Rocky Mountain,2010-11-01,Random forest,2,13986.0,14414.859016391467
4,Rocky Mountain,2010-12-01,Random forest,2,14224.0,14090.985045786298
4,Rocky Mountain,2011-01-01,Random forest,2,14082.0,14406.096265227816
4,Rocky Mountain,2011-02-01,Random forest,2,13120.0,14437.16201998965
4,Rocky Mountain,2011-03-01,Random forest,2,13940.0,12946.794638381742
4,Rocky Mountain,2011-04-01,Random forest,2,13116.0,13968.730253732965
4,Rocky Mountain,2011-05-01,Random forest,2,12758.0,13026.915836776489
4,Rocky Mountain,2011-06-01,Random forest,2,12979.0,12933.35591461429
4,Rocky Mountain,2011-07-01,Random forest,2,13366.0,13234.621822292884
4,Rocky Mountain,2011-08-01,Random forest,2,14842.0,13031.227185982838
4,Rocky Mountain,2011-09-01,Random forest,2,14335.0,14441.914577899572
4,Rocky Mountain,2011-10-01,Random forest,2,13555.0,14163.939568416747
4,Rocky Mountain,2011-11-01,Random forest,2,13699.0,13058.714610166726
4,Rocky Mountain,2011-12-01,Random forest,2,15398.0,13944.971126341004
4,Rocky Mountain,2012-01-01,Random forest,2,15039.0,14398.587864589956
4,Rocky Mountain,2012-02-01,Random forest,2,14837.0,14163.939568416747
4,Rocky Mountain,2012-03-01,Random forest,2,15510.0,14398.587864589956
4,Rocky Mountain,2012-04-01,Random forest,2,15664.0,14441.914577899572
4,Rocky Mountain,2010-08-01,XGBoost,2,13918.0,14322.4794921875
4,Rocky Mountain,2010-09-01,XGBoost,2,14569.0,13746.310546875
4,Rocky Mountain,2010-10-01,XGBoost,2,14688.0,14308.658203125
4,Rocky Mountain,2010-11-01,XGBoost,2,13986.0,14429.4404296875
4,Rocky Mountain,2010-12-01,XGBoost,2,14224.0,14163.2626953125
4,Rocky Mountain,2011-01-01,XGBoost,2,14082.0,14467.2373046875
4,Rocky Mountain,2011-02-01,XGBoost,2,13120.0,14714.7880859375
4,Rocky Mountain,2011-03-01,XGBoost,2,13940.0,12846.1904296875
4,Rocky Mountain,2011-04-01,XGBoost,2,13116.0,14243.4501953125
4,Rocky Mountain,2011-05-01,XGBoost,2,12758.0,13028.7802734375
4,Rocky Mountain,2011-06-01,XGBoost,2,12979.0,12536.8720703125
4,Rocky Mountain,2011-07-01,XGBoost,2,13366.0,13215.4833984375
4,Rocky Mountain,2011-08-01,XGBoost,2,14842.0,13030.7958984375
4,Rocky Mountain,2011-09-01,XGBoost,2,14335.0,14730.0537109375
4,Rocky Mountain,2011-10-01,XGBoost,2,13555.0,14242.81640625
4,Rocky Mountain,2011-11-01,XGBoost,2,13699.0,13111.96484375
4,Rocky Mountain,2011-12-01,XGBoost,2,15398.0,13746.310546875
4,Rocky Mountain,2012-01-01,XGBoost,2,15039.0,14324.7216796875
4,Rocky Mountain,2012-02-01,XGBoost,2,14837.0,14242.81640625
4,Rocky Mountain,2012-03-01,XGBoost,2,15510.0,14322.4794921875
4,Rocky Mountain,2012-04-01,XGBoost,2,15664.0,14730.0537109375
4,Rocky Mountain,2010-08-01,Neural network,2,13918.0,13527.221220519788
4,Rocky Mountain,2010-09-01,Neural network,2,14569.0,13376.262048730105
4,Rocky Mountain,2010-10-01,Neural network,2,14688.0,13083.925063556788
4,Rocky Mountain,2010-11-01,Neural network,2,13986.0,14148.131631697568
4,Rocky Mountain,2010-12-01,Neural network,2,14224.0,13334.324878287633
4,Rocky Mountain,2011-01-01,Neural network,2,14082.0,14006.63962041935
4,Rocky Mountain,2011-02-01,Neural network,2,13120.0,14982.454032686204
4,Rocky Mountain,2011-03-01,Neural network,2,13940.0,12719.232582297998
4,Rocky Mountain,2011-04-01,Neural network,2,13116.0,14524.71574554304
4,Rocky Mountain,2011-05-01,Neural network,2,12758.0,12667.802725077336
4,Rocky Mountain,2011-06-01,Neural network,2,12979.0,12523.273957471421
4,Rocky Mountain,2011-07-01,Neural network,2,13366.0,12405.045211743063
4,Rocky Mountain,2011-08-01,Neural network,2,14842.0,12588.358472097989
4,Rocky Mountain,2011-09-01,Neural network,2,14335.0,14619.042986280438
4,Rocky Mountain,2011-10-01,Neural network,2,13555.0,13530.477846667625
4,Rocky Mountain,2011-11-01,Neural network,2,13699.0,12864.647776017682
4,Rocky Mountain,2011-12-01,Neural network,2,15398.0,12703.99925431268
4,Rocky Mountain,2012-01-01,Neural network,2,15039.0,13569.450807454105
4,Rocky Mountain,2012-02-01,Neural network,2,14837.0,14262.260417251806
4,Rocky Mountain,2012-03-01,Neural network,2,15510.0,13136.201495056854
4,Rocky Mountain,2012-04-01,Neural network,2,15664.0,14650.210507779417
4,Rocky Mountain,2012-05-01,Persistence,3,14455.0,15664.0
4,Rocky Mountain,2012-06-01,Persistence,3,13951.0,14455.0
4,Rocky Mountain,2012-07-01,Persistence,3,13499.0,13951.0
4,Rocky Mountain,2012-08-01,Persistence,3,14880.0,13499.0
4,Rocky Mountain,2012-09-01,Persistence,3,15663.0,14880.0
4,Rocky Mountain,2012-10-01,Persistence,3,15815.0,15663.0
4,Rocky Mountain,2012-11-01,Persistence,3,15042.0,15815.0
4,Rocky Mountain,2012-12-01,Persistence,3,16269.0,15042.0
4,Rocky Mountain,2013-01-01,Persistence,3,16534.0,16269.0
4,Rocky Mountain,2013-02-01,Persistence,3,15785.0,16534.0
4,Rocky Mountain,2013-03-01,Persistence,3,15428.0,15785.0
4,Rocky Mountain,2013-04-01,Persistence,3,15146.0,15428.0
4,Rocky Mountain,2013-05-01,Persistence,3,14356.0,15146.0
4,Rocky Mountain,2013-06-01,Persistence,3,14452.0,14356.0
4,Rocky Mountain,2013-07-01,Persistence,3,15558.0,14452.0
4,Rocky Mountain,2013-08-01,Persistence,3,15418.0,15558.0
4,Rocky Mountain,2013-09-01,Persistence,3,16281.0,15418.0
4,Rocky Mountain,2013-10-01,Persistence,3,15879.0,16281.0
4,Rocky Mountain,2013-11-01,Persistence,3,16160.0,15879.0
4,Rocky Mountain,2013-12-01,Persistence,3,16482.0,16160.0
4,Rocky Mountain,2014-01-01,Persistence,3,17334.0,16482.0
4,Rocky Mountain,2012-05-01,Linear regression,3,14455.0,15733.162915029656
4,Rocky Mountain,2012-06-01,Linear regression,3,13951.0,14355.142607218959
4,Rocky Mountain,2012-07-01,Linear regression,3,13499.0,14102.557099205402
4,Rocky Mountain,2012-08-01,Linear regression,3,14880.0,13867.774176976609
4,Rocky Mountain,2012-09-01,Linear regression,3,15663.0,15175.054544858465
4,Rocky Mountain,2012-10-01,Linear regression,3,15815.0,16120.560194798974
4,Rocky Mountain,2012-11-01,Linear regression,3,15042.0,16067.56916409781
4,Rocky Mountain,2012-12-01,Linear regression,3,16269.0,15303.618475096795
4,Rocky Mountain,2013-01-01,Linear regression,3,16534.0,16245.148576511534
4,Rocky Mountain,2013-02-01,Linear regression,3,15785.0,16507.51219306914
4,Rocky Mountain,2013-03-01,Linear regression,3,15428.0,16093.525169181443
4,Rocky Mountain,2013-04-01,Linear regression,3,15146.0,15928.256803296887
4,Rocky Mountain,2013-05-01,Linear regression,3,14356.0,15891.576989497069
4,Rocky Mountain,2013-06-01,Linear regression,3,14452.0,15048.250721596783
4,Rocky Mountain,2013-07-01,Linear regression,3,15558.0,15255.733562727673
4,Rocky Mountain,2013-08-01,Linear regression,3,15418.0,16124.12606162204
4,Rocky Mountain,2013-09-01,Linear regression,3,16281.0,16128.3100978891
4,Rocky Mountain,2013-10-01,Linear regression,3,15879.0,17052.331573387626
4,Rocky Mountain,2013-11-01,Linear regression,3,16160.0,16746.966605992922
4,Rocky Mountain,2013-12-01,Linear regression,3,16482.0,16828.87285353517
4,Rocky Mountain,2014-01-01,Linear regression,3,17334.0,17231.12332677494
4,Rocky Mountain,2012-05-01,Random forest,3,14455.0,14806.130250696879
4,Rocky Mountain,2012-06-01,Random forest,3,13951.0,14618.823968749064
4,Rocky Mountain,2012-07-01,Random forest,3,13499.0,14116.726241724808
4,Rocky Mountain,2012-08-01,Random forest,3,14880.0,13570.205785031174
4,Rocky Mountain,2012-09-01,Random forest,3,15663.0,14805.896028474655
4,Rocky Mountain,2012-10-01,Random forest,3,15815.0,14804.090553727181
4,Rocky Mountain,2012-11-01,Random forest,3,15042.0,14805.896028474655
4,Rocky Mountain,2012-12-01,Random forest,3,16269.0,14809.520446464076
4,Rocky Mountain,2013-01-01,Random forest,3,16534.0,14430.444238424872
4,Rocky Mountain,2013-02-01,Random forest,3,15785.0,14473.842773866629
4,Rocky Mountain,2013-03-01,Random forest,3,15428.0,14445.856235172621
4,Rocky Mountain,2013-04-01,Random forest,3,15146.0,14462.205795341886
4,Rocky Mountain,2013-05-01,Random forest,3,14356.0,14460.202462008552
4,Rocky Mountain,2013-06-01,Random forest,3,14452.0,14043.71532139841
4,Rocky Mountain,2013-07-01,Random forest,3,15558.0,14314.222617342673
4,Rocky Mountain,2013-08-01,Random forest,3,15418.0,14439.501335084786
4,Rocky Mountain,2013-09-01,Random forest,3,16281.0,14465.830213331305
4,Rocky Mountain,2013-10-01,Random forest,3,15879.0,14465.830213331305
4,Rocky Mountain,2013-11-01,Random forest,3,16160.0,14465.830213331305
4,Rocky Mountain,2013-12-01,Random forest,3,16482.0,14430.444238424872
4,Rocky Mountain,2014-01-01,Random forest,3,17334.0,14455.824304617068
4,Rocky Mountain,2012-05-01,XGBoost,3,14455.0,14842.2705078125
4,Rocky Mountain,2012-06-01,XGBoost,3,13951.0,14877.974609375
4,Rocky Mountain,2012-07-01,XGBoost,3,13499.0,14356.1240234375
4,Rocky Mountain,2012-08-01,XGBoost,3,14880.0,13810.453125
4,Rocky Mountain,2012-09-01,XGBoost,3,15663.0,14915.0859375
4,Rocky Mountain,2012-10-01,XGBoost,3,15815.0,14897.0986328125
4,Rocky Mountain,2012-11-01,XGBoost,3,15042.0,14859.3046875
4,Rocky Mountain,2012-12-01,XGBoost,3,16269.0,14867.5869140625
4,Rocky Mountain,2013-01-01,XGBoost,3,16534.0,14495.7333984375
4,Rocky Mountain,2013-02-01,XGBoost,3,15785.0,14645.1962890625
4,Rocky Mountain,2013-03-01,XGBoost,3,15428.0,14536.080078125
4,Rocky Mountain,2013-04-01,XGBoost,3,15146.0,14556.9091796875
4,Rocky Mountain,2013-05-01,XGBoost,3,14356.0,14540.4892578125
4,Rocky Mountain,2013-06-01,XGBoost,3,14452.0,14112.9013671875
4,Rocky Mountain,2013-07-01,XGBoost,3,15558.0,14517.361328125
4,Rocky Mountain,2013-08-01,XGBoost,3,15418.0,14526.359375
4,Rocky Mountain,2013-09-01,XGBoost,3,16281.0,14568.8369140625
4,Rocky Mountain,2013-10-01,XGBoost,3,15879.0,14568.8369140625
4,Rocky Mountain,2013-11-01,XGBoost,3,16160.0,14598.46875
4,Rocky Mountain,2013-12-01,XGBoost,3,16482.0,14487.640625
4,Rocky Mountain,2014-01-01,XGBoost,3,17334.0,14536.080078125
4,Rocky Mountain,2012-05-01,Neural network,3,14455.0,14166.624045330362
4,Rocky Mountain,2012-06-01,Neural network,3,13951.0,14154.222390578927
4,Rocky Mountain,2012-07-01,Neural network,3,13499.0,13653.580119829352
4,Rocky Mountain,2012-08-01,Neural network,3,14880.0,13636.416873867955
4,Rocky Mountain,2012-09-01,Neural network,3,15663.0,13618.068429747183
4,Rocky Mountain,2012-10-01,Neural network,3,15815.0,13426.845504727136
4,Rocky Mountain,2012-11-01,Neural network,3,15042.0,13851.886860148843
4,Rocky Mountain,2012-12-01,Neural network,3,16269.0,14386.813400834719
4,Rocky Mountain,2013-01-01,Neural network,3,16534.0,14730.614635215965
4,Rocky Mountain,2013-02-01,Neural network,3,15785.0,15688.509874081088
4,Rocky Mountain,2013-03-01,Neural network,3,15428.0,14766.245073320402
4,Rocky Mountain,2013-04-01,Neural network,3,15146.0,14678.54921541469
4,Rocky Mountain,2013-05-01,Neural network,3,14356.0,14669.00594385228
4,Rocky Mountain,2013-06-01,Neural network,3,14452.0,14381.808122734823
4,Rocky Mountain,2013-07-01,Neural network,3,15558.0,14379.799881289491
4,Rocky Mountain,2013-08-01,Neural network,3,15418.0,14803.116766939309
4,Rocky Mountain,2013-09-01,Neural network,3,16281.0,14613.617494407681
4,Rocky Mountain,2013-10-01,Neural network,3,15879.0,14505.24818870489
4,Rocky Mountain,2013-11-01,Neural network,3,16160.0,14464.8995410319
4,Rocky Mountain,2013-12-01,Neural network,3,16482.0,14585.82241182539
4,Rocky Mountain,2014-01-01,Neural network,3,17334.0,14457.180489338893
4,Rocky Mountain,2014-02-01,Persistence,4,17553.0,17334.0
4,Rocky Mountain,2014-03-01,Persistence,4,17417.0,17553.0
4,Rocky Mountain,2014-04-01,Persistence,4,16963.0,17417.0
4,Rocky Mountain,2014-05-01,Persistence,4,16917.0,16963.0
4,Rocky Mountain,2014-06-01,Persistence,4,16906.0,16917.0
4,Rocky Mountain,2014-07-01,Persistence,4,16470.0,16906.0
4,Rocky Mountain,2014-08-01,Persistence,4,15792.0,16470.0
4,Rocky Mountain,2014-09-01,Persistence,4,16434.0,15792.0
4,Rocky Mountain,2014-10-01,Persistence,4,16050.0,16434.0
4,Rocky Mountain,2014-11-01,Persistence,4,16412.0,16050.0
4,Rocky Mountain,2014-12-01,Persistence,4,17304.0,16412.0
4,Rocky Mountain,2015-01-01,Persistence,4,17595.0,17304.0
4,Rocky Mountain,2015-02-01,Persistence,4,19977.0,17595.0
4,Rocky Mountain,2015-03-01,Persistence,4,20717.0,19977.0
4,Rocky Mountain,2015-04-01,Persistence,4,18960.0,20717.0
4,Rocky Mountain,2015-05-01,Persistence,4,18599.0,18960.0
4,Rocky Mountain,2015-06-01,Persistence,4,18948.0,18599.0
4,Rocky Mountain,2015-07-01,Persistence,4,18041.0,18948.0
4,Rocky Mountain,2015-08-01,Persistence,4,18428.0,18041.0
4,Rocky Mountain,2015-09-01,Persistence,4,19229.0,18428.0
4,Rocky Mountain,2015-10-01,Persistence,4,19611.0,19229.0
4,Rocky Mountain,2014-02-01,Linear regression,4,17553.0,17334.52441481159
4,Rocky Mountain,2014-03-01,Linear regression,4,17417.0,17701.659471545376
4,Rocky Mountain,2014-04-01,Linear regression,4,16963.0,17565.18661260434
4,Rocky Mountain,2014-05-01,Linear regression,4,16917.0,17362.4827122352
4,Rocky Mountain,2014-06-01,Linear regression,4,16906.0,17144.60927204378
4,Rocky Mountain,2014-07-01,Linear regression,4,16470.0,16826.175756169097
4,Rocky Mountain,2014-08-01,Linear regression,4,15792.0,16998.386093167403
4,Rocky Mountain,2014-09-01,Linear regression,4,16434.0,14551.539577560701
4,Rocky Mountain,2014-10-01,Linear regression,4,16050.0,17419.334849186438
4,Rocky Mountain,2014-11-01,Linear regression,4,16412.0,15752.18114689416
4,Rocky Mountain,2014-12-01,Linear regression,4,17304.0,15184.825905032543
4,Rocky Mountain,2015-01-01,Linear regression,4,17595.0,17322.217992436592
4,Rocky Mountain,2015-02-01,Linear regression,4,19977.0,17313.642532026046
4,Rocky Mountain,2015-03-01,Linear regression,4,20717.0,19819.38793568201
4,Rocky Mountain,2015-04-01,Linear regression,4,18960.0,20128.37231793259
4,Rocky Mountain,2015-05-01,Linear regression,4,18599.0,19294.869542967623
4,Rocky Mountain,2015-06-01,Linear regression,4,18948.0,18545.891983381378
4,Rocky Mountain,2015-07-01,Linear regression,4,18041.0,18500.23227617835
4,Rocky Mountain,2015-08-01,Linear regression,4,18428.0,18773.647920206044
4,Rocky Mountain,2015-09-01,Linear regression,4,19229.0,18941.46680733085
4,Rocky Mountain,2015-10-01,Linear regression,4,19611.0,19587.658763190797
4,Rocky Mountain,2014-02-01,Random forest,4,17553.0,15654.115901163814
4,Rocky Mountain,2014-03-01,Random forest,4,17417.0,15757.950248486402
4,Rocky Mountain,2014-04-01,Random forest,4,16963.0,15660.02290493782
4,Rocky Mountain,2014-05-01,Random forest,4,16917.0,15785.397884202546
4,Rocky Mountain,2014-06-01,Random forest,4,16906.0,15662.917317636233
4,Rocky Mountain,2014-07-01,Random forest,4,16470.0,15782.213016597927
4,Rocky Mountain,2014-08-01,Random forest,4,15792.0,15783.213742788403
4,Rocky Mountain,2014-09-01,Random forest,4,16434.0,15779.318603899514
4,Rocky Mountain,2014-10-01,Random forest,4,16050.0,15746.462572158714
4,Rocky Mountain,2014-11-01,Random forest,4,16412.0,15781.510504572916
4,Rocky Mountain,2014-12-01,Random forest,4,17304.0,15772.588744738548
4,Rocky Mountain,2015-01-01,Random forest,4,17595.0,15781.510504572916
4,Rocky Mountain,2015-02-01,Random forest,4,19977.0,15684.661299311965
4,Rocky Mountain,2015-03-01,Random forest,4,20717.0,15768.242951679755
4,Rocky Mountain,2015-04-01,Random forest,4,18960.0,15781.510504572916
4,Rocky Mountain,2015-05-01,Random forest,4,18599.0,15782.213016597927
4,Rocky Mountain,2015-06-01,Random forest,4,18948.0,15779.318603899514
4,Rocky Mountain,2015-07-01,Random forest,4,18041.0,15779.318603899514
4,Rocky Mountain,2015-08-01,Random forest,4,18428.0,15737.865049384698
4,Rocky Mountain,2015-09-01,Random forest,4,19229.0,15737.865049384698
4,Rocky Mountain,2015-10-01,Random forest,4,19611.0,15728.943289550329
4,Rocky Mountain,2014-02-01,XGBoost,4,17553.0,15596.15234375
4,Rocky Mountain,2014-03-01,XGBoost,4,17417.0,15836.125
4,Rocky Mountain,2014-04-01,XGBoost,4,16963.0,15519.4814453125
4,Rocky Mountain,2014-05-01,XGBoost,4,16917.0,15897.525390625
4,Rocky Mountain,2014-06-01,XGBoost,4,16906.0,15516.3212890625
4,Rocky Mountain,2014-07-01,XGBoost,4,16470.0,15760.408203125
4,Rocky Mountain,2014-08-01,XGBoost,4,15792.0,15897.525390625
4,Rocky Mountain,2014-09-01,XGBoost,4,16434.0,15760.05078125
4,Rocky Mountain,2014-10-01,XGBoost,4,16050.0,15581.8857421875
4,Rocky Mountain,2014-11-01,XGBoost,4,16412.0,15902.5810546875
4,Rocky Mountain,2014-12-01,XGBoost,4,17304.0,15784.970703125
4,Rocky Mountain,2015-01-01,XGBoost,4,17595.0,15907.2626953125
4,Rocky Mountain,2015-02-01,XGBoost,4,19977.0,15729.572265625
4,Rocky Mountain,2015-03-01,XGBoost,4,20717.0,15749.259765625
4,Rocky Mountain,2015-04-01,XGBoost,4,18960.0,15902.5810546875
4,Rocky Mountain,2015-05-01,XGBoost,4,18599.0,15755.2177734375
4,Rocky Mountain,2015-06-01,XGBoost,4,18948.0,15755.2177734375
4,Rocky Mountain,2015-07-01,XGBoost,4,18041.0,15755.2177734375
4,Rocky Mountain,2015-08-01,XGBoost,4,18428.0,15835.8701171875
4,Rocky Mountain,2015-09-01,XGBoost,4,19229.0,15849.2236328125
4,Rocky Mountain,2015-10-01,XGBoost,4,19611.0,15711.201171875
4,Rocky Mountain,2014-02-01,Neural network,4,17553.0,15190.662904921954
4,Rocky Mountain,2014-03-01,Neural network,4,17417.0,16871.29971239881
4,Rocky Mountain,2014-04-01,Neural network,4,16963.0,16853.359064625445
4,Rocky Mountain,2014-05-01,Neural network,4,16917.0,17032.24297571014
4,Rocky Mountain,2014-06-01,Neural network,4,16906.0,18115.597305801133
4,Rocky Mountain,2014-07-01,Neural network,4,16470.0,20243.012770487454
4,Rocky Mountain,2014-08-01,Neural network,4,15792.0,19173.14034386082
4,Rocky Mountain,2014-09-01,Neural network,4,16434.0,24976.362213779477
4,Rocky Mountain,2014-10-01,Neural network,4,16050.0,17059.406333603045
4,Rocky Mountain,2014-11-01,Neural network,4,16412.0,21894.640723642224
4,Rocky Mountain,2014-12-01,Neural network,4,17304.0,26258.206583241677
4,Rocky Mountain,2015-01-01,Neural network,4,17595.0,21559.721818257276
4,Rocky Mountain,2015-02-01,Neural network,4,19977.0,20834.800855328438
4,Rocky Mountain,2015-03-01,Neural network,4,20717.0,21897.782094188573
4,Rocky Mountain,2015-04-01,Neural network,4,18960.0,22883.47841357332
4,Rocky Mountain,2015-05-01,Neural network,4,18599.0,19840.812393637203
4,Rocky Mountain,2015-06-01,Neural network,4,18948.0,21229.632560121558
4,Rocky Mountain,2015-07-01,Neural network,4,18041.0,23389.63864203256
4,Rocky Mountain,2015-08-01,Neural network,4,18428.0,17432.121093100344
4,Rocky Mountain,2015-09-01,Neural network,4,19229.0,17412.032344483785
4,Rocky Mountain,2015-10-01,Neural network,4,19611.0,18194.53763010905
4,Rocky Mountain,2015-11-01,Persistence,5,19746.0,19611.0
4,Rocky Mountain,2015-12-01,Persistence,5,20688.0,19746.0
4,Rocky Mountain,2016-01-01,Persistence,5,20769.0,20688.0
4,Rocky Mountain,2016-02-01,Persistence,5,21354.0,20769.0
4,Rocky Mountain,2016-03-01,Persistence,5,22094.0,21354.0
4,Rocky Mountain,2016-04-01,Persistence,5,21160.0,22094.0
4,Rocky Mountain,2016-05-01,Persistence,5,20849.0,21160.0
4,Rocky Mountain,2016-06-01,Persistence,5,20925.0,20849.0
4,Rocky Mountain,2016-07-01,Persistence,5,21737.0,20925.0
4,Rocky Mountain,2016-08-01,Persistence,5,21705.0,21737.0
4,Rocky Mountain,2016-09-01,Persistence,5,24299.0,21705.0
4,Rocky Mountain,2016-10-01,Persistence,5,23970.0,24299.0
4,Rocky Mountain,2016-11-01,Persistence,5,23332.0,23970.0
4,Rocky Mountain,2016-12-01,Persistence,5,23208.0,23332.0
4,Rocky Mountain,2017-01-01,Persistence,5,24658.0,23208.0
4,Rocky Mountain,2017-02-01,Persistence,5,25831.0,24658.0
4,Rocky Mountain,2017-03-01,Persistence,5,24922.0,25831.0
4,Rocky Mountain,2017-04-01,Persistence,5,23830.0,24922.0
4,Rocky Mountain,2017-05-01,Persistence,5,22902.0,23830.0
4,Rocky Mountain,2017-06-01,Persistence,5,21810.0,22902.0
4,Rocky Mountain,2017-07-01,Persistence,5,21958.0,21810.0
4,Rocky Mountain,2015-11-01,Linear regression,5,19746.0,19306.698437629828
4,Rocky Mountain,2015-12-01,Linear regression,5,20688.0,19416.101148845242
4,Rocky Mountain,2016-01-01,Linear regression,5,20769.0,20150.609926489262
4,Rocky Mountain,2016-02-01,Linear regression,5,21354.0,20040.90546179169
4,Rocky Mountain,2016-03-01,Linear regression,5,22094.0,20496.07649413598
4,Rocky Mountain,2016-04-01,Linear regression,5,21160.0,21259.215508222835
4,Rocky Mountain,2016-05-01,Linear regression,5,20849.0,20272.880000719764
4,Rocky Mountain,2016-06-01,Linear regression,5,20925.0,19747.129141404504
4,Rocky Mountain,2016-07-01,Linear regression,5,21737.0,19942.593800614835
4,Rocky Mountain,2016-08-01,Linear regression,5,21705.0,20630.014115858903
4,Rocky Mountain,2016-09-01,Linear regression,5,24299.0,20481.54857271303
4,Rocky Mountain,2016-10-01,Linear regression,5,23970.0,22671.322408667213
4,Rocky Mountain,2016-11-01,Linear regression,5,23332.0,22311.702753096368
4,Rocky Mountain,2016-12-01,Linear regression,5,23208.0,21730.564877131153
4,Rocky Mountain,2017-01-01,Linear regression,5,24658.0,21676.04446617669
4,Rocky Mountain,2017-02-01,Linear regression,5,25831.0,22735.62960652652
4,Rocky Mountain,2017-03-01,Linear regression,5,24922.0,23798.48768308266
4,Rocky Mountain,2017-04-01,Linear regression,5,23830.0,22954.977232133904
4,Rocky Mountain,2017-05-01,Linear regression,5,22902.0,22279.16743527325
4,Rocky Mountain,2017-06-01,Linear regression,5,21810.0,21583.47598268761
4,Rocky Mountain,2017-07-01,Linear regression,5,21958.0,20707.020228049543
4,Rocky Mountain,2015-11-01,Random forest,5,19746.0,18405.121457189358
4,Rocky Mountain,2015-12-01,Random forest,5,20688.0,18409.551403713423
4,Rocky Mountain,2016-01-01,Random forest,5,20769.0,18370.99348627676
4,Rocky Mountain,2016-02-01,Random forest,5,21354.0,18207.58473028978
4,Rocky Mountain,2016-03-01,Random forest,5,22094.0,18265.540752697358
4,Rocky Mountain,2016-04-01,Random forest,5,21160.0,18239.12298677249
4,Rocky Mountain,2016-05-01,Random forest,5,20849.0,18222.218782109303
4,Rocky Mountain,2016-06-01,Random forest,5,20925.0,18220.002343351982
4,Rocky Mountain,2016-07-01,Random forest,5,21737.0,18232.60145085559
4,Rocky Mountain,2016-08-01,Random forest,5,21705.0,18232.60145085559
4,Rocky Mountain,2016-09-01,Random forest,5,24299.0,18225.955065574202
4,Rocky Mountain,2016-10-01,Random forest,5,23970.0,18232.60145085559
4,Rocky Mountain,2016-11-01,Random forest,5,23332.0,18225.955065574202
4,Rocky Mountain,2016-12-01,Random forest,5,23208.0,18220.002343351982
4,Rocky Mountain,2017-01-01,Random forest,5,24658.0,18225.955065574202
4,Rocky Mountain,2017-02-01,Random forest,5,25831.0,18118.33431043357
4,Rocky Mountain,2017-03-01,Random forest,5,24922.0,18232.60145085559
4,Rocky Mountain,2017-04-01,Random forest,5,23830.0,18251.362040005635
4,Rocky Mountain,2017-05-01,Random forest,5,22902.0,18336.917470218745
4,Rocky Mountain,2017-06-01,Random forest,5,21810.0,18258.560672581396
4,Rocky Mountain,2017-07-01,Random forest,5,21958.0,18364.862204225476
4,Rocky Mountain,2015-11-01,XGBoost,5,19746.0,18259.861328125
4,Rocky Mountain,2015-12-01,XGBoost,5,20688.0,18354.634765625
4,Rocky Mountain,2016-01-01,XGBoost,5,20769.0,18341.513671875
4,Rocky Mountain,2016-02-01,XGBoost,5,21354.0,17720.34375
4,Rocky Mountain,2016-03-01,XGBoost,5,22094.0,18032.787109375
4,Rocky Mountain,2016-04-01,XGBoost,5,21160.0,18021.158203125
4,Rocky Mountain,2016-05-01,XGBoost,5,20849.0,17932.384765625
4,Rocky Mountain,2016-06-01,XGBoost,5,20925.0,17999.513671875
4,Rocky Mountain,2016-07-01,XGBoost,5,21737.0,18083.302734375
4,Rocky Mountain,2016-08-01,XGBoost,5,21705.0,18084.033203125
4,Rocky Mountain,2016-09-01,XGBoost,5,24299.0,18076.962890625
4,Rocky Mountain,2016-10-01,XGBoost,5,23970.0,18088.5703125
4,Rocky Mountain,2016-11-01,XGBoost,5,23332.0,18072.01171875
4,Rocky Mountain,2016-12-01,XGBoost,5,23208.0,18016.443359375
4,Rocky Mountain,2017-01-01,XGBoost,5,24658.0,18072.01171875
4,Rocky Mountain,2017-02-01,XGBoost,5,25831.0,17814.23046875
4,Rocky Mountain,2017-03-01,XGBoost,5,24922.0,18088.55859375
4,Rocky Mountain,2017-04-01,XGBoost,5,23830.0,18114.302734375
4,Rocky Mountain,2017-05-01,XGBoost,5,22902.0,18291.2578125
4,Rocky Mountain,2017-06-01,XGBoost,5,21810.0,18040.1796875
4,Rocky Mountain,2017-07-01,XGBoost,5,21958.0,18311.955078125
4,Rocky Mountain,2015-11-01,Neural network,5,19746.0,19250.935824475564
4,Rocky Mountain,2015-12-01,Neural network,5,20688.0,20131.37830530952
4,Rocky Mountain,2016-01-01,Neural network,5,20769.0,20536.21326681908
4,Rocky Mountain,2016-02-01,Neural network,5,21354.0,18236.593116484506
4,Rocky Mountain,2016-03-01,Neural network,5,22094.0,21110.81047782245
4,Rocky Mountain,2016-04-01,Neural network,5,21160.0,20039.85434004182
4,Rocky Mountain,2016-05-01,Neural network,5,20849.0,18873.25916377112
4,Rocky Mountain,2016-06-01,Neural network,5,20925.0,19690.699945355926
4,Rocky Mountain,2016-07-01,Neural network,5,21737.0,19675.79695625741
4,Rocky Mountain,2016-08-01,Neural network,5,21705.0,19536.57739767342
4,Rocky Mountain,2016-09-01,Neural network,5,24299.0,19608.05739802381
4,Rocky Mountain,2016-10-01,Neural network,5,23970.0,20015.181649129037
4,Rocky Mountain,2016-11-01,Neural network,5,23332.0,19874.62637034805
4,Rocky Mountain,2016-12-01,Neural network,5,23208.0,20328.89977438001
4,Rocky Mountain,2017-01-01,Neural network,5,24658.0,19549.366218958596
4,Rocky Mountain,2017-02-01,Neural network,5,25831.0,19481.189241233933
4,Rocky Mountain,2017-03-01,Neural network,5,24922.0,20963.513510384895
4,Rocky Mountain,2017-04-01,Neural network,5,23830.0,21738.51089938674
4,Rocky Mountain,2017-05-01,Neural network,5,22902.0,21291.47865106975
4,Rocky Mountain,2017-06-01,Neural network,5,21810.0,20327.77079514265
4,Rocky Mountain,2017-07-01,Neural network,5,21958.0,21057.38752638721
4,Rocky Mountain,2017-08-01,Persistence,6,21053.0,21958.0
4,Rocky Mountain,2017-09-01,Persistence,6,20934.0,21053.0
4,Rocky Mountain,2017-10-01,Persistence,6,22659.0,20934.0
4,Rocky Mountain,2017-11-01,Persistence,6,22502.0,22659.0
4,Rocky Mountain,2017-12-01,Persistence,6,21769.0,22502.0
4,Rocky Mountain,2018-01-01,Persistence,6,21673.0,21769.0
4,Rocky Mountain,2018-02-01,Persistence,6,23148.0,21673.0
4,Rocky Mountain,2018-03-01,Persistence,6,23739.0,23148.0
4,Rocky Mountain,2018-04-01,Persistence,6,23830.0,23739.0
4,Rocky Mountain,2018-05-01,Persistence,6,22056.0,23830.0
4,Rocky Mountain,2018-06-01,Persistence,6,21418.0,22056.0
4,Rocky Mountain,2018-07-01,Persistence,6,22309.0,21418.0
4,Rocky Mountain,2018-08-01,Persistence,6,21523.0,22309.0
4,Rocky Mountain,2018-09-01,Persistence,6,22068.0,21523.0
4,Rocky Mountain,2018-10-01,Persistence,6,23711.0,22068.0
4,Rocky Mountain,2018-11-01,Persistence,6,21540.0,23711.0
4,Rocky Mountain,2018-12-01,Persistence,6,20798.0,21540.0
4,Rocky Mountain,2019-01-01,Persistence,6,20715.0,20798.0
4,Rocky Mountain,2019-02-01,Persistence,6,22905.0,20715.0
4,Rocky Mountain,2019-03-01,Persistence,6,24151.0,22905.0
4,Rocky Mountain,2019-04-01,Persistence,6,25317.0,24151.0
4,Rocky Mountain,2017-08-01,Linear regression,6,21053.0,22073.52163879262
4,Rocky Mountain,2017-09-01,Linear regression,6,20934.0,21212.75820517257
4,Rocky Mountain,2017-10-01,Linear regression,6,22659.0,21209.17743628248
4,Rocky Mountain,2017-11-01,Linear regression,6,22502.0,22838.767330396135
4,Rocky Mountain,2017-12-01,Linear regression,6,21769.0,22765.42141681614
4,Rocky Mountain,2018-01-01,Linear regression,6,21673.0,22143.437341619363
4,Rocky Mountain,2018-02-01,Linear regression,6,23148.0,21788.72089713569
4,Rocky Mountain,2018-03-01,Linear regression,6,23739.0,23426.70916517316
4,Rocky Mountain,2018-04-01,Linear regression,6,23830.0,23922.89659958436
4,Rocky Mountain,2018-05-01,Linear regression,6,22056.0,24082.568058932295
4,Rocky Mountain,2018-06-01,Linear regression,6,21418.0,22327.353730901727
4,Rocky Mountain,2018-07-01,Linear regression,6,22309.0,21821.54283689404
4,Rocky Mountain,2018-08-01,Linear regression,6,21523.0,22829.664379533293
4,Rocky Mountain,2018-09-01,Linear regression,6,22068.0,22009.262785709674
4,Rocky Mountain,2018-10-01,Linear regression,6,23711.0,22620.90010302928
4,Rocky Mountain,2018-11-01,Linear regression,6,21540.0,24321.53579800635
4,Rocky Mountain,2018-12-01,Linear regression,6,20798.0,22110.87135788308
4,Rocky Mountain,2019-01-01,Linear regression,6,20715.0,21536.738466403825
4,Rocky Mountain,2019-02-01,Linear regression,6,22905.0,21132.438037256354
4,Rocky Mountain,2019-03-01,Linear regression,6,24151.0,23322.360469134233
4,Rocky Mountain,2019-04-01,Linear regression,6,25317.0,24531.14090957305
4,Rocky Mountain,2017-08-01,Random forest,6,21053.0,22258.625497222358
4,Rocky Mountain,2017-09-01,Random forest,6,20934.0,21142.432267634726
4,Rocky Mountain,2017-10-01,Random forest,6,22659.0,21089.960713707176
4,Rocky Mountain,2017-11-01,Random forest,6,22502.0,22360.81684684877
4,Rocky Mountain,2017-12-01,Random forest,6,21769.0,22342.8572981404
4,Rocky Mountain,2018-01-01,Random forest,6,21673.0,22209.734087809877
4,Rocky Mountain,2018-02-01,Random forest,6,23148.0,22175.79010309089
4,Rocky Mountain,2018-03-01,Random forest,6,23739.0,22397.887395670317
4,Rocky Mountain,2018-04-01,Random forest,6,23830.0,22378.107180182105
4,Rocky Mountain,2018-05-01,Random forest,6,22056.0,22378.107180182105
4,Rocky Mountain,2018-06-01,Random forest,6,21418.0,22287.403145681743
4,Rocky Mountain,2018-07-01,Random forest,6,22309.0,21887.9117715848
4,Rocky Mountain,2018-08-01,Random forest,6,21523.0,22287.403145681743
4,Rocky Mountain,2018-09-01,Random forest,6,22068.0,22132.077283935385
4,Rocky Mountain,2018-10-01,Random forest,6,23711.0,22287.403145681743
4,Rocky Mountain,2018-11-01,Random forest,6,21540.0,22378.107180182105
4,Rocky Mountain,2018-12-01,Random forest,6,20798.0,22195.570318579106
4,Rocky Mountain,2019-01-01,Random forest,6,20715.0,20669.25772928685
4,Rocky Mountain,2019-02-01,Random forest,6,22905.0,20108.95640278556
4,Rocky Mountain,2019-03-01,Random forest,6,24151.0,22380.597062336987
4,Rocky Mountain,2019-04-01,Random forest,6,25317.0,22378.107180182105
4,Rocky Mountain,2017-08-01,XGBoost,6,21053.0,22599.51953125
4,Rocky Mountain,2017-09-01,XGBoost,6,20934.0,21575.2109375
4,Rocky Mountain,2017-10-01,XGBoost,6,22659.0,21557.453125
4,Rocky Mountain,2017-11-01,XGBoost,6,22502.0,22523.134765625
4,Rocky Mountain,2017-12-01,XGBoost,6,21769.0,22561.080078125
4,Rocky Mountain,2018-01-01,XGBoost,6,21673.0,22533.87890625
4,Rocky Mountain,2018-02-01,XGBoost,6,23148.0,22222.02734375
4,Rocky Mountain,2018-03-01,XGBoost,6,23739.0,22599.51953125
4,Rocky Mountain,2018-04-01,XGBoost,6,23830.0,22528.34765625
4,Rocky Mountain,2018-05-01,XGBoost,6,22056.0,22540.515625
4,Rocky Mountain,2018-06-01,XGBoost,6,21418.0,22558.740234375
4,Rocky Mountain,2018-07-01,XGBoost,6,22309.0,22265.72265625
4,Rocky Mountain,2018-08-01,XGBoost,6,21523.0,22558.740234375
4,Rocky Mountain,2018-09-01,XGBoost,6,22068.0,22265.72265625
4,Rocky Mountain,2018-10-01,XGBoost,6,23711.0,22558.740234375
4,Rocky Mountain,2018-11-01,XGBoost,6,21540.0,22540.515625
4,Rocky Mountain,2018-12-01,XGBoost,6,20798.0,22265.72265625
4,Rocky Mountain,2019-01-01,XGBoost,6,20715.0,21413.220703125
4,Rocky Mountain,2019-02-01,XGBoost,6,22905.0,20460.943359375
4,Rocky Mountain,2019-03-01,XGBoost,6,24151.0,22558.740234375
4,Rocky Mountain,2019-04-01,XGBoost,6,25317.0,22540.515625
4,Rocky Mountain,2017-08-01,Neural network,6,21053.0,22431.586618115303
4,Rocky Mountain,2017-09-01,Neural network,6,20934.0,21419.626720505374
4,Rocky Mountain,2017-10-01,Neural network,6,22659.0,21222.710203980394
4,Rocky Mountain,2017-11-01,Neural network,6,22502.0,21811.373933554452
4,Rocky Mountain,2017-12-01,Neural network,6,21769.0,22260.169393827782
4,Rocky Mountain,2018-01-01,Neural network,6,21673.0,22238.87865808379
4,Rocky Mountain,2018-02-01,Neural network,6,23148.0,21384.696485477783
4,Rocky Mountain,2018-03-01,Neural network,6,23739.0,23133.41126852105
4,Rocky Mountain,2018-04-01,Neural network,6,23830.0,22490.466602197233
4,Rocky Mountain,2018-05-01,Neural network,6,22056.0,23107.446590677806
4,Rocky Mountain,2018-06-01,Neural network,6,21418.0,22135.255644786765
4,Rocky Mountain,2018-07-01,Neural network,6,22309.0,21990.7351099417
4,Rocky Mountain,2018-08-01,Neural network,6,21523.0,22508.147083311585
4,Rocky Mountain,2018-09-01,Neural network,6,22068.0,21929.63777081705
4,Rocky Mountain,2018-10-01,Neural network,6,23711.0,22564.651282615137
4,Rocky Mountain,2018-11-01,Neural network,6,21540.0,22611.04249936815
4,Rocky Mountain,2018-12-01,Neural network,6,20798.0,21140.054682203052
4,Rocky Mountain,2019-01-01,Neural network,6,20715.0,21747.653033894367
4,Rocky Mountain,2019-02-01,Neural network,6,22905.0,19311.45585619541
4,Rocky Mountain,2019-03-01,Neural network,6,24151.0,22465.515156397847
4,Rocky Mountain,2019-04-01,Neural network,6,25317.0,22889.15922203907
4,Rocky Mountain,2019-05-01,Persistence,7,21857.0,25317.0
4,Rocky Mountain,2019-06-01,Persistence,7,20832.0,21857.0
4,Rocky Mountain,2019-07-01,Persistence,7,20542.0,20832.0
4,Rocky Mountain,2019-08-01,Persistence,7,20850.0,20542.0
4,Rocky Mountain,2019-09-01,Persistence,7,23255.0,20850.0
4,Rocky Mountain,2019-10-01,Persistence,7,24381.0,23255.0
4,Rocky Mountain,2019-11-01,Persistence,7,23890.0,24381.0
4,Rocky Mountain,2019-12-01,Persistence,7,22824.0,23890.0
4,Rocky Mountain,2020-01-01,Persistence,7,21253.0,22824.0
4,Rocky Mountain,2020-02-01,Persistence,7,23655.0,21253.0
4,Rocky Mountain,2020-03-01,Persistence,7,25662.0,23655.0
4,Rocky Mountain,2020-04-01,Persistence,7,24897.0,25662.0
4,Rocky Mountain,2020-05-01,Persistence,7,26525.0,24897.0
4,Rocky Mountain,2020-06-01,Persistence,7,25529.0,26525.0
4,Rocky Mountain,2020-07-01,Persistence,7,24575.0,25529.0
4,Rocky Mountain,2020-08-01,Persistence,7,23509.0,24575.0
4,Rocky Mountain,2020-09-01,Persistence,7,24222.0,23509.0
4,Rocky Mountain,2020-10-01,Persistence,7,24528.0,24222.0
4,Rocky Mountain,2020-11-01,Persistence,7,24398.0,24528.0
4,Rocky Mountain,2020-12-01,Persistence,7,24949.0,24398.0
4,Rocky Mountain,2021-01-01,Persistence,7,22852.0,24949.0
4,Rocky Mountain,2019-05-01,Linear regression,7,21857.0,25440.318563265326
4,Rocky Mountain,2019-06-01,Linear regression,7,20832.0,22196.19821928549
4,Rocky Mountain,2019-07-01,Linear regression,7,20542.0,21288.66673577601
4,Rocky Mountain,2019-08-01,Linear regression,7,20850.0,21036.108431772813
4,Rocky Mountain,2019-09-01,Linear regression,7,23255.0,21287.459688770814
4,Rocky Mountain,2019-10-01,Linear regression,7,24381.0,23630.251722428096
4,Rocky Mountain,2019-11-01,Linear regression,7,23890.0,24641.82226560336
4,Rocky Mountain,2019-12-01,Linear regression,7,22824.0,24215.54236090709
4,Rocky Mountain,2020-01-01,Linear regression,7,21253.0,23178.89355922106
4,Rocky Mountain,2020-02-01,Linear regression,7,23655.0,21572.971893868904
4,Rocky Mountain,2020-03-01,Linear regression,7,25662.0,23897.569082100043
4,Rocky Mountain,2020-04-01,Linear regression,7,24897.0,25596.960415119192
4,Rocky Mountain,2020-05-01,Linear regression,7,26525.0,24706.55204936595
4,Rocky Mountain,2020-06-01,Linear regression,7,25529.0,26275.989423302042
4,Rocky Mountain,2020-07-01,Linear regression,7,24575.0,25450.45964783047
4,Rocky Mountain,2020-08-01,Linear regression,7,23509.0,24570.452814571257
4,Rocky Mountain,2020-09-01,Linear regression,7,24222.0,23503.804156219292
4,Rocky Mountain,2020-10-01,Linear regression,7,24528.0,24149.41213448773
4,Rocky Mountain,2020-11-01,Linear regression,7,24398.0,24387.498404085098
4,Rocky Mountain,2020-12-01,Linear regression,7,24949.0,24281.801759653987
4,Rocky Mountain,2021-01-01,Linear regression,7,22852.0,24806.773414267846
4,Rocky Mountain,2019-05-01,Random forest,7,21857.0,23357.659741836567
4,Rocky Mountain,2019-06-01,Random forest,7,20832.0,22099.89310470242
4,Rocky Mountain,2019-07-01,Random forest,7,20542.0,21086.55896683086
4,Rocky Mountain,2019-08-01,Random forest,7,20850.0,20636.75691372641
4,Rocky Mountain,2019-09-01,Random forest,7,23255.0,21098.554045938883
4,Rocky Mountain,2019-10-01,Random forest,7,24381.0,23383.032792483235
4,Rocky Mountain,2019-11-01,Random forest,7,23890.0,23415.79452176995
4,Rocky Mountain,2019-12-01,Random forest,7,22824.0,23357.659741836567
4,Rocky Mountain,2020-01-01,Random forest,7,21253.0,22732.9609974984
4,Rocky Mountain,2020-02-01,Random forest,7,23655.0,21362.671224612335
4,Rocky Mountain,2020-03-01,Random forest,7,25662.0,23388.718311001754
4,Rocky Mountain,2020-04-01,Random forest,7,24897.0,23371.06752665723
4,Rocky Mountain,2020-05-01,Random forest,7,26525.0,23377.149639624742
4,Rocky Mountain,2020-06-01,Random forest,7,25529.0,23405.755965620217
4,Rocky Mountain,2020-07-01,Random forest,7,24575.0,23397.086755957043
4,Rocky Mountain,2020-08-01,Random forest,7,23509.0,23415.79452176995
4,Rocky Mountain,2020-09-01,Random forest,7,24222.0,23378.679754852023
4,Rocky Mountain,2020-10-01,Random forest,7,24528.0,23409.28969638945
4,Rocky Mountain,2020-11-01,Random forest,7,24398.0,23375.82606196629
4,Rocky Mountain,2020-12-01,Random forest,7,24949.0,23375.82606196629
4,Rocky Mountain,2021-01-01,Random forest,7,22852.0,23397.506350235602
4,Rocky Mountain,2019-05-01,XGBoost,7,21857.0,23178.751953125
4,Rocky Mountain,2019-06-01,XGBoost,7,20832.0,22160.72265625
4,Rocky Mountain,2019-07-01,XGBoost,7,20542.0,21251.45703125
4,Rocky Mountain,2019-08-01,XGBoost,7,20850.0,20790.927734375
4,Rocky Mountain,2019-09-01,XGBoost,7,23255.0,21372.77734375
4,Rocky Mountain,2019-10-01,XGBoost,7,24381.0,23223.271484375
4,Rocky Mountain,2019-11-01,XGBoost,7,23890.0,23218.12890625
4,Rocky Mountain,2019-12-01,XGBoost,7,22824.0,23178.751953125
4,Rocky Mountain,2020-01-01,XGBoost,7,21253.0,22437.451171875
4,Rocky Mountain,2020-02-01,XGBoost,7,23655.0,21427.375
4,Rocky Mountain,2020-03-01,XGBoost,7,25662.0,23223.271484375
4,Rocky Mountain,2020-04-01,XGBoost,7,24897.0,23284.4453125
4,Rocky Mountain,2020-05-01,XGBoost,7,26525.0,23277.892578125
4,Rocky Mountain,2020-06-01,XGBoost,7,25529.0,23218.12890625
4,Rocky Mountain,2020-07-01,XGBoost,7,24575.0,23235.99609375
4,Rocky Mountain,2020-08-01,XGBoost,7,23509.0,23231.40625
4,Rocky Mountain,2020-09-01,XGBoost,7,24222.0,23218.12890625
4,Rocky Mountain,2020-10-01,XGBoost,7,24528.0,23252.6484375
4,Rocky Mountain,2020-11-01,XGBoost,7,24398.0,23223.271484375
4,Rocky Mountain,2020-12-01,XGBoost,7,24949.0,23223.271484375
4,Rocky Mountain,2021-01-01,XGBoost,7,22852.0,23218.12890625
4,Rocky Mountain,2019-05-01,Neural network,7,21857.0,25825.314668059033
4,Rocky Mountain,2019-06-01,Neural network,7,20832.0,22435.510940721157
4,Rocky Mountain,2019-07-01,Neural network,7,20542.0,22718.935472261262
4,Rocky Mountain,2019-08-01,Neural network,7,20850.0,22353.770870371674
4,Rocky Mountain,2019-09-01,Neural network,7,23255.0,21707.16754400245
4,Rocky Mountain,2019-10-01,Neural network,7,24381.0,22505.41450200267
4,Rocky Mountain,2019-11-01,Neural network,7,23890.0,23953.434173787173
4,Rocky Mountain,2019-12-01,Neural network,7,22824.0,24221.011765796076
4,Rocky Mountain,2020-01-01,Neural network,7,21253.0,22933.575357170965
4,Rocky Mountain,2020-02-01,Neural network,7,23655.0,21499.185983077048
4,Rocky Mountain,2020-03-01,Neural network,7,25662.0,23056.27773348266
4,Rocky Mountain,2020-04-01,Neural network,7,24897.0,23820.830013331102
4,Rocky Mountain,2020-05-01,Neural network,7,26525.0,23547.196126219595
4,Rocky Mountain,2020-06-01,Neural network,7,25529.0,25172.90276248244
4,Rocky Mountain,2020-07-01,Neural network,7,24575.0,25239.94643847574
4,Rocky Mountain,2020-08-01,Neural network,7,23509.0,24416.606685451938
4,Rocky Mountain,2020-09-01,Neural network,7,24222.0,22706.097196097835
4,Rocky Mountain,2020-10-01,Neural network,7,24528.0,22788.33224864462
4,Rocky Mountain,2020-11-01,Neural network,7,24398.0,23023.0463277254
4,Rocky Mountain,2020-12-01,Neural network,7,24949.0,22970.223896882962
4,Rocky Mountain,2021-01-01,Neural network,7,22852.0,23756.333484183924
4,Rocky Mountain,2021-02-01,Persistence,8,23617.0,22852.0
4,Rocky Mountain,2021-03-01,Persistence,8,25326.0,23617.0
4,Rocky Mountain,2021-04-01,Persistence,8,25379.0,25326.0
4,Rocky Mountain,2021-05-01,Persistence,8,24512.0,25379.0
4,Rocky Mountain,2021-06-01,Persistence,8,24171.0,24512.0
4,Rocky Mountain,2021-07-01,Persistence,8,23904.0,24171.0
4,Rocky Mountain,2021-08-01,Persistence,8,23216.0,23904.0
4,Rocky Mountain,2021-09-01,Persistence,8,23663.0,23216.0
4,Rocky Mountain,2021-10-01,Persistence,8,24529.0,23663.0
4,Rocky Mountain,2021-11-01,Persistence,8,24328.0,24529.0
4,Rocky Mountain,2021-12-01,Persistence,8,23746.0,24328.0
4,Rocky Mountain,2022-01-01,Persistence,8,24060.0,23746.0
4,Rocky Mountain,2022-02-01,Persistence,8,25698.0,24060.0
4,Rocky Mountain,2022-03-01,Persistence,8,23192.0,25698.0
4,Rocky Mountain,2022-04-01,Persistence,8,25732.0,23192.0
4,Rocky Mountain,2022-05-01,Persistence,8,24100.0,25732.0
4,Rocky Mountain,2022-06-01,Persistence,8,23644.0,24100.0
4,Rocky Mountain,2022-07-01,Persistence,8,22754.0,23644.0
4,Rocky Mountain,2022-08-01,Persistence,8,23471.0,22754.0
4,Rocky Mountain,2022-09-01,Persistence,8,23509.0,23471.0
4,Rocky Mountain,2022-10-01,Persistence,8,24902.0,23509.0
4,Rocky Mountain,2021-02-01,Linear regression,8,23617.0,22732.023151436228
4,Rocky Mountain,2021-03-01,Linear regression,8,25326.0,23485.982048688995
4,Rocky Mountain,2021-04-01,Linear regression,8,25379.0,25177.649665749115
4,Rocky Mountain,2021-05-01,Linear regression,8,24512.0,25211.150086852536
4,Rocky Mountain,2021-06-01,Linear regression,8,24171.0,24359.05119563034
4,Rocky Mountain,2021-07-01,Linear regression,8,23904.0,23950.820938945486
4,Rocky Mountain,2021-08-01,Linear regression,8,23216.0,23742.948069006477
4,Rocky Mountain,2021-09-01,Linear regression,8,23663.0,23126.985322975717
4,Rocky Mountain,2021-10-01,Linear regression,8,24529.0,23756.988368363232
4,Rocky Mountain,2021-11-01,Linear regression,8,24328.0,24460.714555988758
4,Rocky Mountain,2021-12-01,Linear regression,8,23746.0,24258.34957796603
4,Rocky Mountain,2022-01-01,Linear regression,8,24060.0,23664.620401064203
4,Rocky Mountain,2022-02-01,Linear regression,8,25698.0,23996.37312871856
4,Rocky Mountain,2022-03-01,Linear regression,8,23192.0,25568.39180451739
4,Rocky Mountain,2022-04-01,Linear regression,8,25732.0,23319.633161693648
4,Rocky Mountain,2022-05-01,Linear regression,8,24100.0,25822.544218852094
4,Rocky Mountain,2022-06-01,Linear regression,8,23644.0,24015.58547399514
4,Rocky Mountain,2022-07-01,Linear regression,8,22754.0,23540.54107597886
4,Rocky Mountain,2022-08-01,Linear regression,8,23471.0,22801.04182700469
4,Rocky Mountain,2022-09-01,Linear regression,8,23509.0,23468.557827842516
4,Rocky Mountain,2022-10-01,Linear regression,8,24902.0,23556.19012820427
4,Rocky Mountain,2021-02-01,Random forest,8,23617.0,22562.349987870322
4,Rocky Mountain,2021-03-01,Random forest,8,25326.0,24270.07469142138
4,Rocky Mountain,2021-04-01,Random forest,8,25379.0,24497.115689518796
4,Rocky Mountain,2021-05-01,Random forest,8,24512.0,24490.40998642559
4,Rocky Mountain,2021-06-01,Random forest,8,24171.0,24509.65717491303
4,Rocky Mountain,2021-07-01,Random forest,8,23904.0,23667.350269744155
4,Rocky Mountain,2021-08-01,Random forest,8,23216.0,23477.967638466154
4,Rocky Mountain,2021-09-01,Random forest,8,23663.0,23471.899867267355
4,Rocky Mountain,2021-10-01,Random forest,8,24529.0,24263.85435880887
4,Rocky Mountain,2021-11-01,Random forest,8,24328.0,24323.752615378773
4,Rocky Mountain,2021-12-01,Random forest,8,23746.0,23649.44432726843
4,Rocky Mountain,2022-01-01,Random forest,8,24060.0,23461.102739641497
4,Rocky Mountain,2022-02-01,Random forest,8,25698.0,24473.93335442538
4,Rocky Mountain,2022-03-01,Random forest,8,23192.0,23871.107893862063
4,Rocky Mountain,2022-04-01,Random forest,8,25732.0,24318.584214384384
4,Rocky Mountain,2022-05-01,Random forest,8,24100.0,24524.305015058606
4,Rocky Mountain,2022-06-01,Random forest,8,23644.0,23683.23808083454
4,Rocky Mountain,2022-07-01,Random forest,8,22754.0,23387.925015862074
4,Rocky Mountain,2022-08-01,Random forest,8,23471.0,22190.334633504463
4,Rocky Mountain,2022-09-01,Random forest,8,23509.0,23442.134966957812
4,Rocky Mountain,2022-10-01,Random forest,8,24902.0,23439.158380522804
4,Rocky Mountain,2021-02-01,XGBoost,8,23617.0,22696.482421875
4,Rocky Mountain,2021-03-01,XGBoost,8,25326.0,23982.953125
4,Rocky Mountain,2021-04-01,XGBoost,8,25379.0,24295.333984375
4,Rocky Mountain,2021-05-01,XGBoost,8,24512.0,24267.552734375
4,Rocky Mountain,2021-06-01,XGBoost,8,24171.0,24262.73046875
4,Rocky Mountain,2021-07-01,XGBoost,8,23904.0,23778.494140625
4,Rocky Mountain,2021-08-01,XGBoost,8,23216.0,23479.4296875
4,Rocky Mountain,2021-09-01,XGBoost,8,23663.0,23438.125
4,Rocky Mountain,2021-10-01,XGBoost,8,24529.0,23994.908203125
4,Rocky Mountain,2021-11-01,XGBoost,8,24328.0,24021.697265625
4,Rocky Mountain,2021-12-01,XGBoost,8,23746.0,23823.626953125
4,Rocky Mountain,2022-01-01,XGBoost,8,24060.0,23514.314453125
4,Rocky Mountain,2022-02-01,XGBoost,8,25698.0,24137.77734375
4,Rocky Mountain,2022-03-01,XGBoost,8,23192.0,23837.24609375
4,Rocky Mountain,2022-04-01,XGBoost,8,25732.0,23987.732421875
4,Rocky Mountain,2022-05-01,XGBoost,8,24100.0,24342.158203125
4,Rocky Mountain,2022-06-01,XGBoost,8,23644.0,23610.4453125
4,Rocky Mountain,2022-07-01,XGBoost,8,22754.0,22993.609375
4,Rocky Mountain,2022-08-01,XGBoost,8,23471.0,22182.52734375
4,Rocky Mountain,2022-09-01,XGBoost,8,23509.0,23472.810546875
4,Rocky Mountain,2022-10-01,XGBoost,8,24902.0,23409.615234375
4,Rocky Mountain,2021-02-01,Neural network,8,23617.0,23842.71354593928
4,Rocky Mountain,2021-03-01,Neural network,8,25326.0,23274.1050375908
4,Rocky Mountain,2021-04-01,Neural network,8,25379.0,25720.84161049918
4,Rocky Mountain,2021-05-01,Neural network,8,24512.0,25247.53897325377
4,Rocky Mountain,2021-06-01,Neural network,8,24171.0,24731.53773147482
4,Rocky Mountain,2021-07-01,Neural network,8,23904.0,23491.830102087813
4,Rocky Mountain,2021-08-01,Neural network,8,23216.0,23236.44447850413
4,Rocky Mountain,2021-09-01,Neural network,8,23663.0,22440.73646126494
4,Rocky Mountain,2021-10-01,Neural network,8,24529.0,23551.809347476104
4,Rocky Mountain,2021-11-01,Neural network,8,24328.0,23773.895623841465
4,Rocky Mountain,2021-12-01,Neural network,8,23746.0,23433.506447147847
4,Rocky Mountain,2022-01-01,Neural network,8,24060.0,23267.50729057724
4,Rocky Mountain,2022-02-01,Neural network,8,25698.0,24786.38179066978
4,Rocky Mountain,2022-03-01,Neural network,8,23192.0,24858.876890923646
4,Rocky Mountain,2022-04-01,Neural network,8,25732.0,23691.99754343758
4,Rocky Mountain,2022-05-01,Neural network,8,24100.0,26500.732339781473
4,Rocky Mountain,2022-06-01,Neural network,8,23644.0,23742.29297962233
4,Rocky Mountain,2022-07-01,Neural network,8,22754.0,23148.574598959058
4,Rocky Mountain,2022-08-01,Neural network,8,23471.0,22531.880126777574
4,Rocky Mountain,2022-09-01,Neural network,8,23509.0,23038.888970453965
4,Rocky Mountain,2022-10-01,Neural network,8,24902.0,22933.524348938437
4,Rocky Mountain,2022-11-01,Persistence,9,24421.0,24902.0
4,Rocky Mountain,2022-12-01,Persistence,9,23934.0,24421.0
4,Rocky Mountain,2023-01-01,Persistence,9,24737.0,23934.0
4,Rocky Mountain,2023-02-01,Persistence,9,25756.0,24737.0
4,Rocky Mountain,2023-03-01,Persistence,9,25956.0,25756.0
4,Rocky Mountain,2023-04-01,Persistence,9,26155.0,25956.0
4,Rocky Mountain,2023-05-01,Persistence,9,24830.0,26155.0
4,Rocky Mountain,2023-06-01,Persistence,9,24055.0,24830.0
4,Rocky Mountain,2023-07-01,Persistence,9,23585.0,24055.0
4,Rocky Mountain,2023-08-01,Persistence,9,24045.0,23585.0
4,Rocky Mountain,2023-09-01,Persistence,9,23932.0,24045.0
4,Rocky Mountain,2023-10-01,Persistence,9,24684.0,23932.0
4,Rocky Mountain,2023-11-01,Persistence,9,25827.0,24684.0
4,Rocky Mountain,2023-12-01,Persistence,9,24185.0,25827.0
4,Rocky Mountain,2024-01-01,Persistence,9,25631.0,24185.0
4,Rocky Mountain,2024-02-01,Persistence,9,26186.0,25631.0
4,Rocky Mountain,2024-03-01,Persistence,9,24951.0,26186.0
4,Rocky Mountain,2024-04-01,Persistence,9,24254.0,24951.0
4,Rocky Mountain,2024-05-01,Persistence,9,22935.0,24254.0
4,Rocky Mountain,2024-06-01,Persistence,9,22660.0,22935.0
4,Rocky Mountain,2024-07-01,Persistence,9,22246.0,22660.0
4,Rocky Mountain,2022-11-01,Linear regression,9,24421.0,24932.41785511392
4,Rocky Mountain,2022-12-01,Linear regression,9,23934.0,24443.966419375858
4,Rocky Mountain,2023-01-01,Linear regression,9,24737.0,24259.6485210692
4,Rocky Mountain,2023-02-01,Linear regression,9,25756.0,24836.60078486762
4,Rocky Mountain,2023-03-01,Linear regression,9,25956.0,25790.704255602483
4,Rocky Mountain,2023-04-01,Linear regression,9,26155.0,26066.554886265847
4,Rocky Mountain,2023-05-01,Linear regression,9,24830.0,26268.26450071598
4,Rocky Mountain,2023-06-01,Linear regression,9,24055.0,24850.463299366827
4,Rocky Mountain,2023-07-01,Linear regression,9,23585.0,24139.676333837775
4,Rocky Mountain,2023-08-01,Linear regression,9,24045.0,23740.063792261288
4,Rocky Mountain,2023-09-01,Linear regression,9,23932.0,24115.43326946294
4,Rocky Mountain,2023-10-01,Linear regression,9,24684.0,24035.47178499945
4,Rocky Mountain,2023-11-01,Linear regression,9,25827.0,24851.248651022925
4,Rocky Mountain,2023-12-01,Linear regression,9,24185.0,26021.38269286692
4,Rocky Mountain,2024-01-01,Linear regression,9,25631.0,24399.093415228832
4,Rocky Mountain,2024-02-01,Linear regression,9,26186.0,25840.7271801148
4,Rocky Mountain,2024-03-01,Linear regression,9,24951.0,26424.73289752967
4,Rocky Mountain,2024-04-01,Linear regression,9,24254.0,25162.502222073166
4,Rocky Mountain,2024-05-01,Linear regression,9,22935.0,24488.987706574513
4,Rocky Mountain,2024-06-01,Linear regression,9,22660.0,23154.677836149414
4,Rocky Mountain,2024-07-01,Linear regression,9,22246.0,22942.935132236664
4,Rocky Mountain,2022-11-01,Random forest,9,24421.0,23649.624972561447
4,Rocky Mountain,2022-12-01,Random forest,9,23934.0,24528.651724093506
4,Rocky Mountain,2023-01-01,Random forest,9,24737.0,24617.498707057875
4,Rocky Mountain,2023-02-01,Random forest,9,25756.0,24756.796755380547
4,Rocky Mountain,2023-03-01,Random forest,9,25956.0,24782.33909591778
4,Rocky Mountain,2023-04-01,Random forest,9,26155.0,24619.561992155017
4,Rocky Mountain,2023-05-01,Random forest,9,24830.0,24809.33589285971
4,Rocky Mountain,2023-06-01,Random forest,9,24055.0,23568.501275976
4,Rocky Mountain,2023-07-01,Random forest,9,23585.0,23587.77413160518
4,Rocky Mountain,2023-08-01,Random forest,9,24045.0,23423.30802313284
4,Rocky Mountain,2023-09-01,Random forest,9,23932.0,23466.56083027164
4,Rocky Mountain,2023-10-01,Random forest,9,24684.0,23344.211371828824
4,Rocky Mountain,2023-11-01,Random forest,9,25827.0,23492.3462161777
4,Rocky Mountain,2023-12-01,Random forest,9,24185.0,23479.95221331782
4,Rocky Mountain,2024-01-01,Random forest,9,25631.0,23472.50127507113
4,Rocky Mountain,2024-02-01,Random forest,9,26186.0,24795.135743059207
4,Rocky Mountain,2024-03-01,Random forest,9,24951.0,24792.58386716939
4,Rocky Mountain,2024-04-01,Random forest,9,24254.0,24682.788978706805
4,Rocky Mountain,2024-05-01,Random forest,9,22935.0,23530.734464024754
4,Rocky Mountain,2024-06-01,Random forest,9,22660.0,23288.907841447508
4,Rocky Mountain,2024-07-01,Random forest,9,22246.0,22363.713339894282
4,Rocky Mountain,2022-11-01,XGBoost,9,24421.0,23871.822265625
4,Rocky Mountain,2022-12-01,XGBoost,9,23934.0,24512.529296875
4,Rocky Mountain,2023-01-01,XGBoost,9,24737.0,24413.244140625
4,Rocky Mountain,2023-02-01,XGBoost,9,25756.0,24592.998046875
4,Rocky Mountain,2023-03-01,XGBoost,9,25956.0,24645.400390625
4,Rocky Mountain,2023-04-01,XGBoost,9,26155.0,24486.634765625
4,Rocky Mountain,2023-05-01,XGBoost,9,24830.0,24597.478515625
4,Rocky Mountain,2023-06-01,XGBoost,9,24055.0,23836.66015625
4,Rocky Mountain,2023-07-01,XGBoost,9,23585.0,23688.66796875
4,Rocky Mountain,2023-08-01,XGBoost,9,24045.0,23432.87109375
4,Rocky Mountain,2023-09-01,XGBoost,9,23932.0,23572.634765625
4,Rocky Mountain,2023-10-01,XGBoost,9,24684.0,23087.001953125
4,Rocky Mountain,2023-11-01,XGBoost,9,25827.0,23640.490234375
4,Rocky Mountain,2023-12-01,XGBoost,9,24185.0,23556.146484375
4,Rocky Mountain,2024-01-01,XGBoost,9,25631.0,23578.87109375
4,Rocky Mountain,2024-02-01,XGBoost,9,26186.0,24610.876953125
4,Rocky Mountain,2024-03-01,XGBoost,9,24951.0,24590.49609375
4,Rocky Mountain,2024-04-01,XGBoost,9,24254.0,24565.04296875
4,Rocky Mountain,2024-05-01,XGBoost,9,22935.0,23703.958984375
4,Rocky Mountain,2024-06-01,XGBoost,9,22660.0,23632.80078125
4,Rocky Mountain,2024-07-01,XGBoost,9,22246.0,22483.556640625
4,Rocky Mountain,2022-11-01,Neural network,9,24421.0,24386.883050821067
4,Rocky Mountain,2022-12-01,Neural network,9,23934.0,23764.63090378235
4,Rocky Mountain,2023-01-01,Neural network,9,24737.0,25962.20190735986
4,Rocky Mountain,2023-02-01,Neural network,9,25756.0,26161.56528159063
4,Rocky Mountain,2023-03-01,Neural network,9,25956.0,25222.265176279438
4,Rocky Mountain,2023-04-01,Neural network,9,26155.0,25814.094341772034
4,Rocky Mountain,2023-05-01,Neural network,9,24830.0,25872.374091328486
4,Rocky Mountain,2023-06-01,Neural network,9,24055.0,24515.65062261215
4,Rocky Mountain,2023-07-01,Neural network,9,23585.0,23765.824814867243
4,Rocky Mountain,2023-08-01,Neural network,9,24045.0,23904.881452418194
4,Rocky Mountain,2023-09-01,Neural network,9,23932.0,23883.129013202837
4,Rocky Mountain,2023-10-01,Neural network,9,24684.0,24026.280739714
4,Rocky Mountain,2023-11-01,Neural network,9,25827.0,24149.52926027986
4,Rocky Mountain,2023-12-01,Neural network,9,24185.0,24919.82554652771
4,Rocky Mountain,2024-01-01,Neural network,9,25631.0,23654.83288586465
4,Rocky Mountain,2024-02-01,Neural network,9,26186.0,26164.492583638792
4,Rocky Mountain,2024-03-01,Neural network,9,24951.0,25737.996360819514
4,Rocky Mountain,2024-04-01,Neural network,9,24254.0,24598.99935316804
4,Rocky Mountain,2024-05-01,Neural network,9,22935.0,23568.546684088866
4,Rocky Mountain,2024-06-01,Neural network,9,22660.0,22863.953227462196
4,Rocky Mountain,2024-07-01,Neural network,9,22246.0,22850.25736949958
4,Rocky Mountain,2024-08-01,Persistence,10,22265.0,22246.0
4,Rocky Mountain,2024-09-01,Persistence,10,22786.0,22265.0
4,Rocky Mountain,2024-10-01,Persistence,10,23917.0,22786.0
4,Rocky Mountain,2024-11-01,Persistence,10,24434.0,23917.0
4,Rocky Mountain,2024-12-01,Persistence,10,23927.0,24434.0
4,Rocky Mountain,2025-01-01,Persistence,10,24910.0,23927.0
4,Rocky Mountain,2025-02-01,Persistence,10,24271.0,24910.0
4,Rocky Mountain,2025-03-01,Persistence,10,24801.0,24271.0
4,Rocky Mountain,2025-04-01,Persistence,10,24909.0,24801.0
4,Rocky Mountain,2025-05-01,Persistence,10,24042.0,24909.0
4,Rocky Mountain,2025-06-01,Persistence,10,22926.0,24042.0
4,Rocky Mountain,2025-07-01,Persistence,10,22414.0,22926.0
4,Rocky Mountain,2025-08-01,Persistence,10,22582.0,22414.0
4,Rocky Mountain,2025-09-01,Persistence,10,23643.0,22582.0
4,Rocky Mountain,2025-10-01,Persistence,10,24528.0,23643.0
4,Rocky Mountain,2025-11-01,Persistence,10,24600.0,24528.0
4,Rocky Mountain,2025-12-01,Persistence,10,23734.0,24600.0
4,Rocky Mountain,2026-01-01,Persistence,10,24618.0,23734.0
4,Rocky Mountain,2026-02-01,Persistence,10,25225.0,24618.0
4,Rocky Mountain,2026-03-01,Persistence,10,25900.0,25225.0
4,Rocky Mountain,2026-04-01,Persistence,10,24106.0,25900.0
4,Rocky Mountain,2024-08-01,Linear regression,10,22265.0,22404.87994598256
4,Rocky Mountain,2024-09-01,Linear regression,10,22786.0,22573.680779957052
4,Rocky Mountain,2024-10-01,Linear regression,10,23917.0,23101.2126244733
4,Rocky Mountain,2024-11-01,Linear regression,10,24434.0,24148.30918883394
4,Rocky Mountain,2024-12-01,Linear regression,10,23927.0,24694.44287887802
4,Rocky Mountain,2025-01-01,Linear regression,10,24910.0,24161.31593575042
4,Rocky Mountain,2025-02-01,Linear regression,10,24271.0,25034.32953901687
4,Rocky Mountain,2025-03-01,Linear regression,10,24801.0,24467.712333934756
4,Rocky Mountain,2025-04-01,Linear regression,10,24909.0,24930.827922793298
4,Rocky Mountain,2025-05-01,Linear regression,10,24042.0,25002.68827305951
4,Rocky Mountain,2025-06-01,Linear regression,10,22926.0,24147.55910865256
4,Rocky Mountain,2025-07-01,Linear regression,10,22414.0,23121.83857398135
4,Rocky Mountain,2025-08-01,Linear regression,10,22582.0,22646.818836612332
4,Rocky Mountain,2025-09-01,Linear regression,10,23643.0,22786.984189819963
4,Rocky Mountain,2025-10-01,Linear regression,10,24528.0,23809.563637096773
4,Rocky Mountain,2025-11-01,Linear regression,10,24600.0,24550.91399948721
4,Rocky Mountain,2025-12-01,Linear regression,10,23734.0,24660.539988206732
4,Rocky Mountain,2026-01-01,Linear regression,10,24618.0,23815.168295245396
4,Rocky Mountain,2026-02-01,Linear regression,10,25225.0,24609.951407374563
4,Rocky Mountain,2026-03-01,Linear regression,10,25900.0,25300.752621873653
4,Rocky Mountain,2026-04-01,Linear regression,10,24106.0,26199.995193692437
4,Rocky Mountain,2024-08-01,Random forest,10,22265.0,22069.133573438685
4,Rocky Mountain,2024-09-01,Random forest,10,22786.0,22210.956072736397
4,Rocky Mountain,2024-10-01,Random forest,10,23917.0,22456.291012543366
4,Rocky Mountain,2024-11-01,Random forest,10,24434.0,23656.961703957604
4,Rocky Mountain,2024-12-01,Random forest,10,23927.0,23933.571654801337
4,Rocky Mountain,2025-01-01,Random forest,10,24910.0,23731.86912407661
4,Rocky Mountain,2025-02-01,Random forest,10,24271.0,25126.108797574936
4,Rocky Mountain,2025-03-01,Random forest,10,24801.0,23590.791193038676
4,Rocky Mountain,2025-04-01,Random forest,10,24909.0,24144.87570659241
4,Rocky Mountain,2025-05-01,Random forest,10,24042.0,23901.53759679978
4,Rocky Mountain,2025-06-01,Random forest,10,22926.0,23682.357058439073
4,Rocky Mountain,2025-07-01,Random forest,10,22414.0,23159.031266001257
4,Rocky Mountain,2025-08-01,Random forest,10,22582.0,22080.029692155615
4,Rocky Mountain,2025-09-01,Random forest,10,23643.0,22228.549810512868
4,Rocky Mountain,2025-10-01,Random forest,10,24528.0,23658.669134222684
4,Rocky Mountain,2025-11-01,Random forest,10,24600.0,23794.4613933997
4,Rocky Mountain,2025-12-01,Random forest,10,23734.0,23876.550130018022
4,Rocky Mountain,2026-01-01,Random forest,10,24618.0,23573.359004636095
4,Rocky Mountain,2026-02-01,Random forest,10,25225.0,24018.439885491218
4,Rocky Mountain,2026-03-01,Random forest,10,25900.0,23939.95617080698
4,Rocky Mountain,2026-04-01,Random forest,10,24106.0,25161.79653192341
4,Rocky Mountain,2024-08-01,XGBoost,10,22265.0,22004.6875
4,Rocky Mountain,2024-09-01,XGBoost,10,22786.0,22467.337890625
4,Rocky Mountain,2024-10-01,XGBoost,10,23917.0,22547.416015625
4,Rocky Mountain,2024-11-01,XGBoost,10,24434.0,23879.46875
4,Rocky Mountain,2024-12-01,XGBoost,10,23927.0,24077.6015625
4,Rocky Mountain,2025-01-01,XGBoost,10,24910.0,23903.2890625
4,Rocky Mountain,2025-02-01,XGBoost,10,24271.0,25042.013671875
4,Rocky Mountain,2025-03-01,XGBoost,10,24801.0,23348.671875
4,Rocky Mountain,2025-04-01,XGBoost,10,24909.0,24185.43359375
4,Rocky Mountain,2025-05-01,XGBoost,10,24042.0,24077.890625
4,Rocky Mountain,2025-06-01,XGBoost,10,22926.0,23811.990234375
4,Rocky Mountain,2025-07-01,XGBoost,10,22414.0,23094.216796875
4,Rocky Mountain,2025-08-01,XGBoost,10,22582.0,22020.087890625
4,Rocky Mountain,2025-09-01,XGBoost,10,23643.0,22169.87109375
4,Rocky Mountain,2025-10-01,XGBoost,10,24528.0,23516.859375
4,Rocky Mountain,2025-11-01,XGBoost,10,24600.0,23959.455078125
4,Rocky Mountain,2025-12-01,XGBoost,10,23734.0,23765.2734375
4,Rocky Mountain,2026-01-01,XGBoost,10,24618.0,23662.607421875
4,Rocky Mountain,2026-02-01,XGBoost,10,25225.0,23949.2734375
4,Rocky Mountain,2026-03-01,XGBoost,10,25900.0,23979.306640625
4,Rocky Mountain,2026-04-01,XGBoost,10,24106.0,25000.11328125
4,Rocky Mountain,2024-08-01,Neural network,10,22265.0,21728.588159213265
4,Rocky Mountain,2024-09-01,Neural network,10,22786.0,22337.457785882267
4,Rocky Mountain,2024-10-01,Neural network,10,23917.0,21796.79642548012
4,Rocky Mountain,2024-11-01,Neural network,10,24434.0,22949.10621988982
4,Rocky Mountain,2024-12-01,Neural network,10,23927.0,23616.946297583843
4,Rocky Mountain,2025-01-01,Neural network,10,24910.0,23201.659072552036
4,Rocky Mountain,2025-02-01,Neural network,10,24271.0,25440.592864167826
4,Rocky Mountain,2025-03-01,Neural network,10,24801.0,22466.899695498294
4,Rocky Mountain,2025-04-01,Neural network,10,24909.0,24149.7505342246
4,Rocky Mountain,2025-05-01,Neural network,10,24042.0,24021.41473924277
4,Rocky Mountain,2025-06-01,Neural network,10,22926.0,23395.410983028913
4,Rocky Mountain,2025-07-01,Neural network,10,22414.0,22466.24976837767
4,Rocky Mountain,2025-08-01,Neural network,10,22582.0,21813.59218785532
4,Rocky Mountain,2025-09-01,Neural network,10,23643.0,23321.64115147027
4,Rocky Mountain,2025-10-01,Neural network,10,24528.0,24140.760662717883
4,Rocky Mountain,2025-11-01,Neural network,10,24600.0,23729.1599208916
4,Rocky Mountain,2025-12-01,Neural network,10,23734.0,24478.206620702334
4,Rocky Mountain,2026-01-01,Neural network,10,24618.0,23003.934254244734
4,Rocky Mountain,2026-02-01,Neural network,10,25225.0,23464.8359128921
4,Rocky Mountain,2026-03-01,Neural network,10,25900.0,24261.511916758354
4,Rocky Mountain,2026-04-01,Neural network,10,24106.0,26250.729440994764
5,West Coast,2008-11-01,Persistence,1,53994.0,51556.0
5,West Coast,2008-12-01,Persistence,1,57155.0,53994.0
5,West Coast,2009-01-01,Persistence,1,58561.0,57155.0
5,West Coast,2009-02-01,Persistence,1,58139.0,58561.0
5,West Coast,2009-03-01,Persistence,1,59262.0,58139.0
5,West Coast,2009-04-01,Persistence,1,56987.0,59262.0
5,West Coast,2009-05-01,Persistence,1,52147.0,56987.0
5,West Coast,2009-06-01,Persistence,1,52323.0,52147.0
5,West Coast,2009-07-01,Persistence,1,52921.0,52323.0
5,West Coast,2009-08-01,Persistence,1,52405.0,52921.0
5,West Coast,2009-09-01,Persistence,1,54226.0,52405.0
5,West Coast,2009-10-01,Persistence,1,55850.0,54226.0
5,West Coast,2009-11-01,Persistence,1,48947.0,55850.0
5,West Coast,2009-12-01,Persistence,1,46976.0,48947.0
5,West Coast,2010-01-01,Persistence,1,50866.0,46976.0
5,West Coast,2010-02-01,Persistence,1,51765.0,50866.0
5,West Coast,2010-03-01,Persistence,1,53407.0,51765.0
5,West Coast,2010-04-01,Persistence,1,55536.0,53407.0
5,West Coast,2010-05-01,Persistence,1,54583.0,55536.0
5,West Coast,2010-06-01,Persistence,1,49946.0,54583.0
5,West Coast,2010-07-01,Persistence,1,50654.0,49946.0
5,West Coast,2008-11-01,Linear regression,1,53994.0,53018.34034770136
5,West Coast,2008-12-01,Linear regression,1,57155.0,54411.169231400825
5,West Coast,2009-01-01,Linear regression,1,58561.0,55139.173827748586
5,West Coast,2009-02-01,Linear regression,1,58139.0,54217.05416146732
5,West Coast,2009-03-01,Linear regression,1,59262.0,54113.917180489036
5,West Coast,2009-04-01,Linear regression,1,56987.0,54177.9689392572
5,West Coast,2009-05-01,Linear regression,1,52147.0,53516.82508791417
5,West Coast,2009-06-01,Linear regression,1,52323.0,50381.433801900246
5,West Coast,2009-07-01,Linear regression,1,52921.0,52150.95420496877
5,West Coast,2009-08-01,Linear regression,1,52405.0,52809.475000810366
5,West Coast,2009-09-01,Linear regression,1,54226.0,52538.514271328146
5,West Coast,2009-10-01,Linear regression,1,55850.0,54052.601223840116
5,West Coast,2009-11-01,Linear regression,1,48947.0,54471.66612166443
5,West Coast,2009-12-01,Linear regression,1,46976.0,50522.66647558889
5,West Coast,2010-01-01,Linear regression,1,50866.0,52374.473244916895
5,West Coast,2010-02-01,Linear regression,1,51765.0,54161.41693572386
5,West Coast,2010-03-01,Linear regression,1,53407.0,53128.807983914354
5,West Coast,2010-04-01,Linear regression,1,55536.0,53281.25464104905
5,West Coast,2010-05-01,Linear regression,1,54583.0,52930.63658451809
5,West Coast,2010-06-01,Linear regression,1,49946.0,51971.14861930254
5,West Coast,2010-07-01,Linear regression,1,50654.0,50831.20784589098
5,West Coast,2008-11-01,Random forest,1,53994.0,53425.013948616215
5,West Coast,2008-12-01,Random forest,1,57155.0,53513.68504886782
5,West Coast,2009-01-01,Random forest,1,58561.0,53561.70341166243
5,West Coast,2009-02-01,Random forest,1,58139.0,53547.71935610687
5,West Coast,2009-03-01,Random forest,1,59262.0,53561.70341166243
5,West Coast,2009-04-01,Random forest,1,56987.0,53547.71935610687
5,West Coast,2009-05-01,Random forest,1,52147.0,53561.70341166243
5,West Coast,2009-06-01,Random forest,1,52323.0,53411.02989306066
5,West Coast,2009-07-01,Random forest,1,52921.0,53411.02989306066
5,West Coast,2009-08-01,Random forest,1,52405.0,53411.02989306066
5,West Coast,2009-09-01,Random forest,1,54226.0,53411.02989306066
5,West Coast,2009-10-01,Random forest,1,55850.0,53524.906911791935
5,West Coast,2009-11-01,Random forest,1,48947.0,53547.71935610687
5,West Coast,2009-12-01,Random forest,1,46976.0,53411.02989306066
5,West Coast,2010-01-01,Random forest,1,50866.0,53411.02989306066
5,West Coast,2010-02-01,Random forest,1,51765.0,53406.72108964186
5,West Coast,2010-03-01,Random forest,1,53407.0,53411.02989306066
5,West Coast,2010-04-01,Random forest,1,55536.0,53401.09194291821
5,West Coast,2010-05-01,Random forest,1,54583.0,53547.71935610687
5,West Coast,2010-06-01,Random forest,1,49946.0,53537.78140596442
5,West Coast,2010-07-01,Random forest,1,50654.0,53406.72108964186
5,West Coast,2008-11-01,XGBoost,1,53994.0,53187.05078125
5,West Coast,2008-12-01,XGBoost,1,57155.0,53755.2109375
5,West Coast,2009-01-01,XGBoost,1,58561.0,53827.8046875
5,West Coast,2009-02-01,XGBoost,1,58139.0,53827.8046875
5,West Coast,2009-03-01,XGBoost,1,59262.0,53827.8046875
5,West Coast,2009-04-01,XGBoost,1,56987.0,53827.8046875
5,West Coast,2009-05-01,XGBoost,1,52147.0,53827.8046875
5,West Coast,2009-06-01,XGBoost,1,52323.0,53187.05078125
5,West Coast,2009-07-01,XGBoost,1,52921.0,53187.05078125
5,West Coast,2009-08-01,XGBoost,1,52405.0,53187.05078125
5,West Coast,2009-09-01,XGBoost,1,54226.0,53187.05078125
5,West Coast,2009-10-01,XGBoost,1,55850.0,53755.2109375
5,West Coast,2009-11-01,XGBoost,1,48947.0,53827.8046875
5,West Coast,2009-12-01,XGBoost,1,46976.0,53187.05078125
5,West Coast,2010-01-01,XGBoost,1,50866.0,53187.05078125
5,West Coast,2010-02-01,XGBoost,1,51765.0,53187.05078125
5,West Coast,2010-03-01,XGBoost,1,53407.0,53187.05078125
5,West Coast,2010-04-01,XGBoost,1,55536.0,53177.1171875
5,West Coast,2010-05-01,XGBoost,1,54583.0,53827.8046875
5,West Coast,2010-06-01,XGBoost,1,49946.0,53817.87109375
5,West Coast,2010-07-01,XGBoost,1,50654.0,53187.05078125
5,West Coast,2008-11-01,Neural network,1,53994.0,52283.07634050051
5,West Coast,2008-12-01,Neural network,1,57155.0,52973.069222691796
5,West Coast,2009-01-01,Neural network,1,58561.0,52982.78864514059
5,West Coast,2009-02-01,Neural network,1,58139.0,54570.14389614884
5,West Coast,2009-03-01,Neural network,1,59262.0,53270.92796201192
5,West Coast,2009-04-01,Neural network,1,56987.0,53827.67249676449
5,West Coast,2009-05-01,Neural network,1,52147.0,53583.95575054792
5,West Coast,2009-06-01,Neural network,1,52323.0,55354.84021550893
5,West Coast,2009-07-01,Neural network,1,52921.0,54456.40155703118
5,West Coast,2009-08-01,Neural network,1,52405.0,54661.74212172887
5,West Coast,2009-09-01,Neural network,1,54226.0,54112.13832019988
5,West Coast,2009-10-01,Neural network,1,55850.0,53532.51437417357
5,West Coast,2009-11-01,Neural network,1,48947.0,54429.44508868332
5,West Coast,2009-12-01,Neural network,1,46976.0,52238.31934969206
5,West Coast,2010-01-01,Neural network,1,50866.0,52236.677189846516
5,West Coast,2010-02-01,Neural network,1,51765.0,54282.16935380251
5,West Coast,2010-03-01,Neural network,1,53407.0,53655.21618302234
5,West Coast,2010-04-01,Neural network,1,55536.0,53730.271786537785
5,West Coast,2010-05-01,Neural network,1,54583.0,53924.50888640245
5,West Coast,2010-06-01,Neural network,1,49946.0,54364.342150627075
5,West Coast,2010-07-01,Neural network,1,50654.0,53480.79220854302
5,West Coast,2010-08-01,Persistence,2,53780.0,50654.0
5,West Coast,2010-09-01,Persistence,2,56017.0,53780.0
5,West Coast,2010-10-01,Persistence,2,55160.0,56017.0
5,West Coast,2010-11-01,Persistence,2,48551.0,55160.0
5,West Coast,2010-12-01,Persistence,2,47356.0,48551.0
5,West Coast,2011-01-01,Persistence,2,50151.0,47356.0
5,West Coast,2011-02-01,Persistence,2,51237.0,50151.0
5,West Coast,2011-03-01,Persistence,2,52236.0,51237.0
5,West Coast,2011-04-01,Persistence,2,55629.0,52236.0
5,West Coast,2011-05-01,Persistence,2,55464.0,55629.0
5,West Coast,2011-06-01,Persistence,2,50054.0,55464.0
5,West Coast,2011-07-01,Persistence,2,48900.0,50054.0
5,West Coast,2011-08-01,Persistence,2,48335.0,48900.0
5,West Coast,2011-09-01,Persistence,2,50553.0,48335.0
5,West Coast,2011-10-01,Persistence,2,54642.0,50553.0
5,West Coast,2011-11-01,Persistence,2,54482.0,54642.0
5,West Coast,2011-12-01,Persistence,2,55023.0,54482.0
5,West Coast,2012-01-01,Persistence,2,57842.0,55023.0
5,West Coast,2012-02-01,Persistence,2,57426.0,57842.0
5,West Coast,2012-03-01,Persistence,2,57126.0,57426.0
5,West Coast,2012-04-01,Persistence,2,56720.0,57126.0
5,West Coast,2010-08-01,Linear regression,2,53780.0,51704.78605894752
5,West Coast,2010-09-01,Linear regression,2,56017.0,53571.93745739116
5,West Coast,2010-10-01,Linear regression,2,55160.0,55187.86623763248
5,West Coast,2010-11-01,Linear regression,2,48551.0,53506.12223454502
5,West Coast,2010-12-01,Linear regression,2,47356.0,49844.309897854786
5,West Coast,2011-01-01,Linear regression,2,50151.0,48582.38451585622
5,West Coast,2011-02-01,Linear regression,2,51237.0,51875.32733401554
5,West Coast,2011-03-01,Linear regression,2,52236.0,52159.26125106157
5,West Coast,2011-04-01,Linear regression,2,55629.0,52500.23890031043
5,West Coast,2011-05-01,Linear regression,2,55464.0,54976.901749059034
5,West Coast,2011-06-01,Linear regression,2,50054.0,53142.654987284586
5,West Coast,2011-07-01,Linear regression,2,48900.0,48687.891142900306
5,West Coast,2011-08-01,Linear regression,2,48335.0,49253.46276529928
5,West Coast,2011-09-01,Linear regression,2,50553.0,50126.504590136654
5,West Coast,2011-10-01,Linear regression,2,54642.0,52500.742437005574
5,West Coast,2011-11-01,Linear regression,2,54482.0,53874.388320185324
5,West Coast,2011-12-01,Linear regression,2,55023.0,53633.90268557551
5,West Coast,2012-01-01,Linear regression,2,57842.0,53046.40884718408
5,West Coast,2012-02-01,Linear regression,2,57426.0,54632.08705930956
5,West Coast,2012-03-01,Linear regression,2,57126.0,54502.173604128024
5,West Coast,2012-04-01,Linear regression,2,56720.0,55024.410526613734
5,West Coast,2010-08-01,Random forest,2,53780.0,52171.38503113126
5,West Coast,2010-09-01,Random forest,2,56017.0,52943.799278802384
5,West Coast,2010-10-01,Random forest,2,55160.0,54166.938457230775
5,West Coast,2010-11-01,Random forest,2,48551.0,54283.44302008194
5,West Coast,2010-12-01,Random forest,2,47356.0,52249.28784679188
5,West Coast,2011-01-01,Random forest,2,50151.0,52327.42865127443
5,West Coast,2011-02-01,Random forest,2,51237.0,52327.42865127443
5,West Coast,2011-03-01,Random forest,2,52236.0,52013.79878567792
5,West Coast,2011-04-01,Random forest,2,55629.0,52538.636844101944
5,West Coast,2011-05-01,Random forest,2,55464.0,54155.17415898516
5,West Coast,2011-06-01,Random forest,2,50054.0,54089.46202404223
5,West Coast,2011-07-01,Random forest,2,48900.0,51991.19665695091
5,West Coast,2011-08-01,Random forest,2,48335.0,51999.1875543868
5,West Coast,2011-09-01,Random forest,2,50553.0,52013.32883469753
5,West Coast,2011-10-01,Random forest,2,54642.0,52211.26411849444
5,West Coast,2011-11-01,Random forest,2,54482.0,53893.13633754606
5,West Coast,2011-12-01,Random forest,2,55023.0,53532.22014223312
5,West Coast,2012-01-01,Random forest,2,57842.0,54026.028836862235
5,West Coast,2012-02-01,Random forest,2,57426.0,54264.65306691582
5,West Coast,2012-03-01,Random forest,2,57126.0,54251.47856371069
5,West Coast,2012-04-01,Random forest,2,56720.0,54279.37237518762
5,West Coast,2010-08-01,XGBoost,2,53780.0,52371.484375
5,West Coast,2010-09-01,XGBoost,2,56017.0,52862.203125
5,West Coast,2010-10-01,XGBoost,2,55160.0,54251.56640625
5,West Coast,2010-11-01,XGBoost,2,48551.0,54632.22265625
5,West Coast,2010-12-01,XGBoost,2,47356.0,51864.859375
5,West Coast,2011-01-01,XGBoost,2,50151.0,52453.6953125
5,West Coast,2011-02-01,XGBoost,2,51237.0,52453.6953125
5,West Coast,2011-03-01,XGBoost,2,52236.0,51782.6484375
5,West Coast,2011-04-01,XGBoost,2,55629.0,52844.20703125
5,West Coast,2011-05-01,XGBoost,2,55464.0,54251.56640625
5,West Coast,2011-06-01,XGBoost,2,50054.0,53805.51171875
5,West Coast,2011-07-01,XGBoost,2,48900.0,51324.53125
5,West Coast,2011-08-01,XGBoost,2,48335.0,51324.53125
5,West Coast,2011-09-01,XGBoost,2,50553.0,51759.96875
5,West Coast,2011-10-01,XGBoost,2,54642.0,52434.14453125
5,West Coast,2011-11-01,XGBoost,2,54482.0,54045.67578125
5,West Coast,2011-12-01,XGBoost,2,55023.0,53712.92578125
5,West Coast,2012-01-01,XGBoost,2,57842.0,54249.3515625
5,West Coast,2012-02-01,XGBoost,2,57426.0,54365.5
5,West Coast,2012-03-01,XGBoost,2,57126.0,54365.5
5,West Coast,2012-04-01,XGBoost,2,56720.0,54597.57421875
5,West Coast,2010-08-01,Neural network,2,53780.0,52297.744181952105
5,West Coast,2010-09-01,Neural network,2,56017.0,53188.489602095644
5,West Coast,2010-10-01,Neural network,2,55160.0,53474.712082244834
5,West Coast,2010-11-01,Neural network,2,48551.0,54214.108533391285
5,West Coast,2010-12-01,Neural network,2,47356.0,50544.258802651675
5,West Coast,2011-01-01,Neural network,2,50151.0,50789.49924365928
5,West Coast,2011-02-01,Neural network,2,51237.0,52170.78020999503
5,West Coast,2011-03-01,Neural network,2,52236.0,52399.78672116348
5,West Coast,2011-04-01,Neural network,2,55629.0,52877.79302647264
5,West Coast,2011-05-01,Neural network,2,55464.0,53459.157719493094
5,West Coast,2011-06-01,Neural network,2,50054.0,53076.05198629219
5,West Coast,2011-07-01,Neural network,2,48900.0,50993.629077262565
5,West Coast,2011-08-01,Neural network,2,48335.0,50778.929383346134
5,West Coast,2011-09-01,Neural network,2,50553.0,50773.90013130724
5,West Coast,2011-10-01,Neural network,2,54642.0,51826.31768861214
5,West Coast,2011-11-01,Neural network,2,54482.0,53959.99779917819
5,West Coast,2011-12-01,Neural network,2,55023.0,53334.88030339071
5,West Coast,2012-01-01,Neural network,2,57842.0,54818.33751138728
5,West Coast,2012-02-01,Neural network,2,57426.0,54966.75357836156
5,West Coast,2012-03-01,Neural network,2,57126.0,55388.381105178305
5,West Coast,2012-04-01,Neural network,2,56720.0,54301.702797530794
5,West Coast,2012-05-01,Persistence,3,56638.0,56720.0
5,West Coast,2012-06-01,Persistence,3,53897.0,56638.0
5,West Coast,2012-07-01,Persistence,3,51259.0,53897.0
5,West Coast,2012-08-01,Persistence,3,51835.0,51259.0
5,West Coast,2012-09-01,Persistence,3,54344.0,51835.0
5,West Coast,2012-10-01,Persistence,3,54006.0,54344.0
5,West Coast,2012-11-01,Persistence,3,55856.0,54006.0
5,West Coast,2012-12-01,Persistence,3,55750.0,55856.0
5,West Coast,2013-01-01,Persistence,3,54874.0,55750.0
5,West Coast,2013-02-01,Persistence,3,56036.0,54874.0
5,West Coast,2013-03-01,Persistence,3,56312.0,56036.0
5,West Coast,2013-04-01,Persistence,3,52912.0,56312.0
5,West Coast,2013-05-01,Persistence,3,51769.0,52912.0
5,West Coast,2013-06-01,Persistence,3,51472.0,51769.0
5,West Coast,2013-07-01,Persistence,3,51999.0,51472.0
5,West Coast,2013-08-01,Persistence,3,52042.0,51999.0
5,West Coast,2013-09-01,Persistence,3,51813.0,52042.0
5,West Coast,2013-10-01,Persistence,3,50248.0,51813.0
5,West Coast,2013-11-01,Persistence,3,48142.0,50248.0
5,West Coast,2013-12-01,Persistence,3,50224.0,48142.0
5,West Coast,2014-01-01,Persistence,3,51226.0,50224.0
5,West Coast,2012-05-01,Linear regression,3,56638.0,54254.64557626082
5,West Coast,2012-06-01,Linear regression,3,53897.0,53372.8491489755
5,West Coast,2012-07-01,Linear regression,3,51259.0,51655.444353093364
5,West Coast,2012-08-01,Linear regression,3,51835.0,48971.60277095309
5,West Coast,2012-09-01,Linear regression,3,54344.0,51202.41588798676
5,West Coast,2012-10-01,Linear regression,3,54006.0,54274.17307956297
5,West Coast,2012-11-01,Linear regression,3,55856.0,53274.0289693183
5,West Coast,2012-12-01,Linear regression,3,55750.0,53403.00063644156
5,West Coast,2013-01-01,Linear regression,3,54874.0,44378.28716123561
5,West Coast,2013-02-01,Linear regression,3,56036.0,52696.97042985173
5,West Coast,2013-03-01,Linear regression,3,56312.0,53160.88389953258
5,West Coast,2013-04-01,Linear regression,3,52912.0,54246.14949691754
5,West Coast,2013-05-01,Linear regression,3,51769.0,51650.44459328724
5,West Coast,2013-06-01,Linear regression,3,51472.0,49716.625092457805
5,West Coast,2013-07-01,Linear regression,3,51999.0,51048.93061862467
5,West Coast,2013-08-01,Linear regression,3,52042.0,50301.509319452525
5,West Coast,2013-09-01,Linear regression,3,51813.0,51176.21217892113
5,West Coast,2013-10-01,Linear regression,3,50248.0,51611.42215726328
5,West Coast,2013-11-01,Linear regression,3,48142.0,49920.268615150795
5,West Coast,2013-12-01,Linear regression,3,50224.0,48766.78838647217
5,West Coast,2014-01-01,Linear regression,3,51226.0,50660.40125801003
5,West Coast,2012-05-01,Random forest,3,56638.0,55008.70853690065
5,West Coast,2012-06-01,Random forest,3,53897.0,54075.11248168988
5,West Coast,2012-07-01,Random forest,3,51259.0,52746.691303961044
5,West Coast,2012-08-01,Random forest,3,51835.0,51712.28199467427
5,West Coast,2012-09-01,Random forest,3,54344.0,53200.99668783013
5,West Coast,2012-10-01,Random forest,3,54006.0,53383.720310115794
5,West Coast,2012-11-01,Random forest,3,55856.0,53842.22606589858
5,West Coast,2012-12-01,Random forest,3,55750.0,54715.35385275308
5,West Coast,2013-01-01,Random forest,3,54874.0,54685.50045866568
5,West Coast,2013-02-01,Random forest,3,56036.0,53877.82121140065
5,West Coast,2013-03-01,Random forest,3,56312.0,55013.113583320366
5,West Coast,2013-04-01,Random forest,3,52912.0,55119.932903192625
5,West Coast,2013-05-01,Random forest,3,51769.0,53343.959988128845
5,West Coast,2013-06-01,Random forest,3,51472.0,52896.07035136136
5,West Coast,2013-07-01,Random forest,3,51999.0,52329.99895335175
5,West Coast,2013-08-01,Random forest,3,52042.0,52320.82044579174
5,West Coast,2013-09-01,Random forest,3,51813.0,52930.5699756253
5,West Coast,2013-10-01,Random forest,3,50248.0,52336.626542562495
5,West Coast,2013-11-01,Random forest,3,48142.0,51176.668554619224
5,West Coast,2013-12-01,Random forest,3,50224.0,50812.76842278115
5,West Coast,2014-01-01,Random forest,3,51226.0,51292.84201127474
5,West Coast,2012-05-01,XGBoost,3,56638.0,55321.76171875
5,West Coast,2012-06-01,XGBoost,3,53897.0,53279.5625
5,West Coast,2012-07-01,XGBoost,3,51259.0,51799.6484375
5,West Coast,2012-08-01,XGBoost,3,51835.0,50934.2265625
5,West Coast,2012-09-01,XGBoost,3,54344.0,53601.3828125
5,West Coast,2012-10-01,XGBoost,3,54006.0,53300.5625
5,West Coast,2012-11-01,XGBoost,3,55856.0,53771.87890625
5,West Coast,2012-12-01,XGBoost,3,55750.0,54776.17578125
5,West Coast,2013-01-01,XGBoost,3,54874.0,54790.87109375
5,West Coast,2013-02-01,XGBoost,3,56036.0,53750.57421875
5,West Coast,2013-03-01,XGBoost,3,56312.0,55198.9375
5,West Coast,2013-04-01,XGBoost,3,52912.0,55213.6328125
5,West Coast,2013-05-01,XGBoost,3,51769.0,53433.578125
5,West Coast,2013-06-01,XGBoost,3,51472.0,52172.21875
5,West Coast,2013-07-01,XGBoost,3,51999.0,52313.25390625
5,West Coast,2013-08-01,XGBoost,3,52042.0,51376.55859375
5,West Coast,2013-09-01,XGBoost,3,51813.0,52854.578125
5,West Coast,2013-10-01,XGBoost,3,50248.0,51578.49609375
5,West Coast,2013-11-01,XGBoost,3,48142.0,51358.4765625
5,West Coast,2013-12-01,XGBoost,3,50224.0,50316.16015625
5,West Coast,2014-01-01,XGBoost,3,51226.0,51826.90625
5,West Coast,2012-05-01,Neural network,3,56638.0,53904.856864556976
5,West Coast,2012-06-01,Neural network,3,53897.0,51996.32398058444
5,West Coast,2012-07-01,Neural network,3,51259.0,50685.080323935006
5,West Coast,2012-08-01,Neural network,3,51835.0,49861.48794194485
5,West Coast,2012-09-01,Neural network,3,54344.0,51978.35692037773
5,West Coast,2012-10-01,Neural network,3,54006.0,53187.530409652645
5,West Coast,2012-11-01,Neural network,3,55856.0,54171.72411862624
5,West Coast,2012-12-01,Neural network,3,55750.0,55430.37897754461
5,West Coast,2013-01-01,Neural network,3,54874.0,46230.72147190432
5,West Coast,2013-02-01,Neural network,3,56036.0,53526.115026124295
5,West Coast,2013-03-01,Neural network,3,56312.0,53433.30105103301
5,West Coast,2013-04-01,Neural network,3,52912.0,55574.73593913177
5,West Coast,2013-05-01,Neural network,3,51769.0,52657.612925736714
5,West Coast,2013-06-01,Neural network,3,51472.0,50784.313307441305
5,West Coast,2013-07-01,Neural network,3,51999.0,51542.134400521405
5,West Coast,2013-08-01,Neural network,3,52042.0,50660.87968264441
5,West Coast,2013-09-01,Neural network,3,51813.0,52037.4002484268
5,West Coast,2013-10-01,Neural network,3,50248.0,51699.91960423466
5,West Coast,2013-11-01,Neural network,3,48142.0,50714.9604465766
5,West Coast,2013-12-01,Neural network,3,50224.0,49363.3880880348
5,West Coast,2014-01-01,Neural network,3,51226.0,50472.489226983336
5,West Coast,2014-02-01,Persistence,4,52920.0,51226.0
5,West Coast,2014-03-01,Persistence,4,55423.0,52920.0
5,West Coast,2014-04-01,Persistence,4,57882.0,55423.0
5,West Coast,2014-05-01,Persistence,4,55874.0,57882.0
5,West Coast,2014-06-01,Persistence,4,53884.0,55874.0
5,West Coast,2014-07-01,Persistence,4,50091.0,53884.0
5,West Coast,2014-08-01,Persistence,4,53870.0,50091.0
5,West Coast,2014-09-01,Persistence,4,54076.0,53870.0
5,West Coast,2014-10-01,Persistence,4,52061.0,54076.0
5,West Coast,2014-11-01,Persistence,4,48955.0,52061.0
5,West Coast,2014-12-01,Persistence,4,50715.0,48955.0
5,West Coast,2015-01-01,Persistence,4,53664.0,50715.0
5,West Coast,2015-02-01,Persistence,4,57103.0,53664.0
5,West Coast,2015-03-01,Persistence,4,56431.0,57103.0
5,West Coast,2015-04-01,Persistence,4,57363.0,56431.0
5,West Coast,2015-05-01,Persistence,4,55067.0,57363.0
5,West Coast,2015-06-01,Persistence,4,51606.0,55067.0
5,West Coast,2015-07-01,Persistence,4,50265.0,51606.0
5,West Coast,2015-08-01,Persistence,4,49963.0,50265.0
5,West Coast,2015-09-01,Persistence,4,54597.0,49963.0
5,West Coast,2015-10-01,Persistence,4,56100.0,54597.0
5,West Coast,2014-02-01,Linear regression,4,52920.0,51505.691108265586
5,West Coast,2014-03-01,Linear regression,4,55423.0,52315.39455851322
5,West Coast,2014-04-01,Linear regression,4,57882.0,53796.38924199485
5,West Coast,2014-05-01,Linear regression,4,55874.0,55015.64216994216
5,West Coast,2014-06-01,Linear regression,4,53884.0,53929.053190906416
5,West Coast,2014-07-01,Linear regression,4,50091.0,51389.48203796582
5,West Coast,2014-08-01,Linear regression,4,53870.0,49121.08070090385
5,West Coast,2014-09-01,Linear regression,4,54076.0,53019.49132513042
5,West Coast,2014-10-01,Linear regression,4,52061.0,52985.74075827889
5,West Coast,2014-11-01,Linear regression,4,48955.0,51250.0236409474
5,West Coast,2014-12-01,Linear regression,4,50715.0,48879.11740737327
5,West Coast,2015-01-01,Linear regression,4,53664.0,51134.50530499781
5,West Coast,2015-02-01,Linear regression,4,57103.0,53213.626378182016
5,West Coast,2015-03-01,Linear regression,4,56431.0,55057.32382744403
5,West Coast,2015-04-01,Linear regression,4,57363.0,54562.67194014843
5,West Coast,2015-05-01,Linear regression,4,55067.0,54690.33704794901
5,West Coast,2015-06-01,Linear regression,4,51606.0,52726.65890075998
5,West Coast,2015-07-01,Linear regression,4,50265.0,49958.67230070643
5,West Coast,2015-08-01,Linear regression,4,49963.0,48791.14154091563
5,West Coast,2015-09-01,Linear regression,4,54597.0,49431.942473681345
5,West Coast,2015-10-01,Linear regression,4,56100.0,52861.069232161666
5,West Coast,2014-02-01,Random forest,4,52920.0,52568.504471282635
5,West Coast,2014-03-01,Random forest,4,55423.0,52316.5845318462
5,West Coast,2014-04-01,Random forest,4,57882.0,53922.72505977599
5,West Coast,2014-05-01,Random forest,4,55874.0,55272.42701646649
5,West Coast,2014-06-01,Random forest,4,53884.0,54799.213987127994
5,West Coast,2014-07-01,Random forest,4,50091.0,52635.29872445452
5,West Coast,2014-08-01,Random forest,4,53870.0,50519.05774748234
5,West Coast,2014-09-01,Random forest,4,54076.0,53495.85045335829
5,West Coast,2014-10-01,Random forest,4,52061.0,53484.759538373335
5,West Coast,2014-11-01,Random forest,4,48955.0,52632.41333372191
5,West Coast,2014-12-01,Random forest,4,50715.0,50403.66376261355
5,West Coast,2015-01-01,Random forest,4,53664.0,52267.13517326783
5,West Coast,2015-02-01,Random forest,4,57103.0,53405.94492667416
5,West Coast,2015-03-01,Random forest,4,56431.0,55448.03853241573
5,West Coast,2015-04-01,Random forest,4,57363.0,55346.85909021669
5,West Coast,2015-05-01,Random forest,4,55067.0,55428.58013246785
5,West Coast,2015-06-01,Random forest,4,51606.0,53843.78115951779
5,West Coast,2015-07-01,Random forest,4,50265.0,51874.87487187352
5,West Coast,2015-08-01,Random forest,4,49963.0,50451.82954821941
5,West Coast,2015-09-01,Random forest,4,54597.0,50566.49385480013
5,West Coast,2015-10-01,Random forest,4,56100.0,53101.589318564256
5,West Coast,2014-02-01,XGBoost,4,52920.0,52479.02734375
5,West Coast,2014-03-01,XGBoost,4,55423.0,51751.5390625
5,West Coast,2014-04-01,XGBoost,4,57882.0,53782.8359375
5,West Coast,2014-05-01,XGBoost,4,55874.0,55413.03125
5,West Coast,2014-06-01,XGBoost,4,53884.0,54995.71875
5,West Coast,2014-07-01,XGBoost,4,50091.0,51834.93359375
5,West Coast,2014-08-01,XGBoost,4,53870.0,50119.69140625
5,West Coast,2014-09-01,XGBoost,4,54076.0,53654.23046875
5,West Coast,2014-10-01,XGBoost,4,52061.0,53363.80859375
5,West Coast,2014-11-01,XGBoost,4,48955.0,52471.35546875
5,West Coast,2014-12-01,XGBoost,4,50715.0,49966.7421875
5,West Coast,2015-01-01,XGBoost,4,53664.0,52312.83203125
5,West Coast,2015-02-01,XGBoost,4,57103.0,53114.28515625
5,West Coast,2015-03-01,XGBoost,4,56431.0,55359.1015625
5,West Coast,2015-04-01,XGBoost,4,57363.0,55337.19921875
5,West Coast,2015-05-01,XGBoost,4,55067.0,55298.234375
5,West Coast,2015-06-01,XGBoost,4,51606.0,53868.26953125
5,West Coast,2015-07-01,XGBoost,4,50265.0,51403.9765625
5,West Coast,2015-08-01,XGBoost,4,49963.0,49935.8984375
5,West Coast,2015-09-01,XGBoost,4,54597.0,50116.30078125
5,West Coast,2015-10-01,XGBoost,4,56100.0,52231.09765625
5,West Coast,2014-02-01,Neural network,4,52920.0,52912.589971866655
5,West Coast,2014-03-01,Neural network,4,55423.0,52704.592173377554
5,West Coast,2014-04-01,Neural network,4,57882.0,54358.32072689078
5,West Coast,2014-05-01,Neural network,4,55874.0,55932.85702786672
5,West Coast,2014-06-01,Neural network,4,53884.0,54953.29848293248
5,West Coast,2014-07-01,Neural network,4,50091.0,52127.10992717204
5,West Coast,2014-08-01,Neural network,4,53870.0,49521.31226316454
5,West Coast,2014-09-01,Neural network,4,54076.0,56646.84745504587
5,West Coast,2014-10-01,Neural network,4,52061.0,53206.071057220375
5,West Coast,2014-11-01,Neural network,4,48955.0,52386.3037175182
5,West Coast,2014-12-01,Neural network,4,50715.0,49503.14851264616
5,West Coast,2015-01-01,Neural network,4,53664.0,51774.99771089722
5,West Coast,2015-02-01,Neural network,4,57103.0,54696.52745867157
5,West Coast,2015-03-01,Neural network,4,56431.0,56378.58199508843
5,West Coast,2015-04-01,Neural network,4,57363.0,64825.0201500251
5,West Coast,2015-05-01,Neural network,4,55067.0,56504.58488923755
5,West Coast,2015-06-01,Neural network,4,51606.0,53793.42949701817
5,West Coast,2015-07-01,Neural network,4,50265.0,50558.43030358017
5,West Coast,2015-08-01,Neural network,4,49963.0,49124.08953767002
5,West Coast,2015-09-01,Neural network,4,54597.0,49896.77803961738
5,West Coast,2015-10-01,Neural network,4,56100.0,53168.07867726318
5,West Coast,2015-11-01,Persistence,5,54144.0,56100.0
5,West Coast,2015-12-01,Persistence,5,56084.0,54144.0
5,West Coast,2016-01-01,Persistence,5,56398.0,56084.0
5,West Coast,2016-02-01,Persistence,5,54575.0,56398.0
5,West Coast,2016-03-01,Persistence,5,51786.0,54575.0
5,West Coast,2016-04-01,Persistence,5,59504.0,51786.0
5,West Coast,2016-05-01,Persistence,5,58485.0,59504.0
5,West Coast,2016-06-01,Persistence,5,54600.0,58485.0
5,West Coast,2016-07-01,Persistence,5,50172.0,54600.0
5,West Coast,2016-08-01,Persistence,5,49983.0,50172.0
5,West Coast,2016-09-01,Persistence,5,50779.0,49983.0
5,West Coast,2016-10-01,Persistence,5,52121.0,50779.0
5,West Coast,2016-11-01,Persistence,5,51705.0,52121.0
5,West Coast,2016-12-01,Persistence,5,49807.0,51705.0
5,West Coast,2017-01-01,Persistence,5,53997.0,49807.0
5,West Coast,2017-02-01,Persistence,5,55191.0,53997.0
5,West Coast,2017-03-01,Persistence,5,52748.0,55191.0
5,West Coast,2017-04-01,Persistence,5,56513.0,52748.0
5,West Coast,2017-05-01,Persistence,5,54257.0,56513.0
5,West Coast,2017-06-01,Persistence,5,50858.0,54257.0
5,West Coast,2017-07-01,Persistence,5,48478.0,50858.0
5,West Coast,2015-11-01,Linear regression,5,54144.0,54232.64501466116
5,West Coast,2015-12-01,Linear regression,5,56084.0,53123.71759469832
5,West Coast,2016-01-01,Linear regression,5,56398.0,54624.89757911855
5,West Coast,2016-02-01,Linear regression,5,54575.0,55186.415647550355
5,West Coast,2016-03-01,Linear regression,5,51786.0,53140.96422870897
5,West Coast,2016-04-01,Linear regression,5,59504.0,51561.4595951862
5,West Coast,2016-05-01,Linear regression,5,58485.0,57076.11675932815
5,West Coast,2016-06-01,Linear regression,5,54600.0,55421.40345417532
5,West Coast,2016-07-01,Linear regression,5,50172.0,52574.22046122902
5,West Coast,2016-08-01,Linear regression,5,49983.0,49928.03066647789
5,West Coast,2016-09-01,Linear regression,5,50779.0,50718.94280976562
5,West Coast,2016-10-01,Linear regression,5,52121.0,52128.93563904021
5,West Coast,2016-11-01,Linear regression,5,51705.0,52900.8908280255
5,West Coast,2016-12-01,Linear regression,5,49807.0,52147.718167802464
5,West Coast,2017-01-01,Linear regression,5,53997.0,50644.9593186953
5,West Coast,2017-02-01,Linear regression,5,55191.0,54439.14872185336
5,West Coast,2017-03-01,Linear regression,5,52748.0,54055.70980341085
5,West Coast,2017-04-01,Linear regression,5,56513.0,51857.05006359548
5,West Coast,2017-05-01,Linear regression,5,54257.0,54687.667256622735
5,West Coast,2017-06-01,Linear regression,5,50858.0,53232.126489122136
5,West Coast,2017-07-01,Linear regression,5,48478.0,50252.62451157028
5,West Coast,2015-11-01,Random forest,5,54144.0,54863.80413874782
5,West Coast,2015-12-01,Random forest,5,56084.0,53935.56271355313
5,West Coast,2016-01-01,Random forest,5,56398.0,54041.229777916014
5,West Coast,2016-02-01,Random forest,5,54575.0,55727.366574983644
5,West Coast,2016-03-01,Random forest,5,51786.0,53750.38423741827
5,West Coast,2016-04-01,Random forest,5,59504.0,52605.463374475126
5,West Coast,2016-05-01,Random forest,5,58485.0,55636.56528712979
5,West Coast,2016-06-01,Random forest,5,54600.0,55682.760849525126
5,West Coast,2016-07-01,Random forest,5,50172.0,52958.29458012819
5,West Coast,2016-08-01,Random forest,5,49983.0,51008.433616636896
5,West Coast,2016-09-01,Random forest,5,50779.0,50984.85580290861
5,West Coast,2016-10-01,Random forest,5,52121.0,52389.72370025618
5,West Coast,2016-11-01,Random forest,5,51705.0,52657.22737365859
5,West Coast,2016-12-01,Random forest,5,49807.0,52538.43903485038
5,West Coast,2017-01-01,Random forest,5,53997.0,51282.14671995832
5,West Coast,2017-02-01,Random forest,5,55191.0,54406.560803981774
5,West Coast,2017-03-01,Random forest,5,52748.0,53356.30284808953
5,West Coast,2017-04-01,Random forest,5,56513.0,52404.34723646921
5,West Coast,2017-05-01,Random forest,5,54257.0,54416.47188002991
5,West Coast,2017-06-01,Random forest,5,50858.0,53635.904028567245
5,West Coast,2017-07-01,Random forest,5,48478.0,51624.85639231283
5,West Coast,2015-11-01,XGBoost,5,54144.0,55348.96484375
5,West Coast,2015-12-01,XGBoost,5,56084.0,53664.8203125
5,West Coast,2016-01-01,XGBoost,5,56398.0,53441.61328125
5,West Coast,2016-02-01,XGBoost,5,54575.0,55570.0
5,West Coast,2016-03-01,XGBoost,5,51786.0,53588.18359375
5,West Coast,2016-04-01,XGBoost,5,59504.0,52557.75390625
5,West Coast,2016-05-01,XGBoost,5,58485.0,54816.5234375
5,West Coast,2016-06-01,XGBoost,5,54600.0,54987.8046875
5,West Coast,2016-07-01,XGBoost,5,50172.0,52228.5078125
5,West Coast,2016-08-01,XGBoost,5,49983.0,50579.625
5,West Coast,2016-09-01,XGBoost,5,50779.0,50779.70703125
5,West Coast,2016-10-01,XGBoost,5,52121.0,52723.12890625
5,West Coast,2016-11-01,XGBoost,5,51705.0,52792.5390625
5,West Coast,2016-12-01,XGBoost,5,49807.0,52406.734375
5,West Coast,2017-01-01,XGBoost,5,53997.0,50956.9375
5,West Coast,2017-02-01,XGBoost,5,55191.0,54625.26171875
5,West Coast,2017-03-01,XGBoost,5,52748.0,53117.359375
5,West Coast,2017-04-01,XGBoost,5,56513.0,52460.67578125
5,West Coast,2017-05-01,XGBoost,5,54257.0,54094.44921875
5,West Coast,2017-06-01,XGBoost,5,50858.0,53232.12890625
5,West Coast,2017-07-01,XGBoost,5,48478.0,51356.7265625
5,West Coast,2015-11-01,Neural network,5,54144.0,54638.51196432668
5,West Coast,2015-12-01,Neural network,5,56084.0,54000.010407043286
5,West Coast,2016-01-01,Neural network,5,56398.0,53615.83985605786
5,West Coast,2016-02-01,Neural network,5,54575.0,55519.05137364007
5,West Coast,2016-03-01,Neural network,5,51786.0,54043.33819469991
5,West Coast,2016-04-01,Neural network,5,59504.0,52319.647351922096
5,West Coast,2016-05-01,Neural network,5,58485.0,53609.004587306925
5,West Coast,2016-06-01,Neural network,5,54600.0,54273.806618672024
5,West Coast,2016-07-01,Neural network,5,50172.0,54004.88387038357
5,West Coast,2016-08-01,Neural network,5,49983.0,52846.267031389376
5,West Coast,2016-09-01,Neural network,5,50779.0,51446.11328167878
5,West Coast,2016-10-01,Neural network,5,52121.0,52979.61405854112
5,West Coast,2016-11-01,Neural network,5,51705.0,54020.13015024236
5,West Coast,2016-12-01,Neural network,5,49807.0,52949.43258568587
5,West Coast,2017-01-01,Neural network,5,53997.0,51131.29209619634
5,West Coast,2017-02-01,Neural network,5,55191.0,55183.81055996991
5,West Coast,2017-03-01,Neural network,5,52748.0,53580.19304202993
5,West Coast,2017-04-01,Neural network,5,56513.0,52447.256615591396
5,West Coast,2017-05-01,Neural network,5,54257.0,56381.35186856049
5,West Coast,2017-06-01,Neural network,5,50858.0,53045.901479274806
5,West Coast,2017-07-01,Neural network,5,48478.0,51179.72311990712
5,West Coast,2017-08-01,Persistence,6,48337.0,48478.0
5,West Coast,2017-09-01,Persistence,6,52498.0,48337.0
5,West Coast,2017-10-01,Persistence,6,53896.0,52498.0
5,West Coast,2017-11-01,Persistence,6,51108.0,53896.0
5,West Coast,2017-12-01,Persistence,6,49964.0,51108.0
5,West Coast,2018-01-01,Persistence,6,49005.0,49964.0
5,West Coast,2018-02-01,Persistence,6,49623.0,49005.0
5,West Coast,2018-03-01,Persistence,6,51051.0,49623.0
5,West Coast,2018-04-01,Persistence,6,54765.0,51051.0
5,West Coast,2018-05-01,Persistence,6,51140.0,54765.0
5,West Coast,2018-06-01,Persistence,6,49029.0,51140.0
5,West Coast,2018-07-01,Persistence,6,48728.0,49029.0
5,West Coast,2018-08-01,Persistence,6,49086.0,48728.0
5,West Coast,2018-09-01,Persistence,6,49209.0,49086.0
5,West Coast,2018-10-01,Persistence,6,46399.0,49209.0
5,West Coast,2018-11-01,Persistence,6,45152.0,46399.0
5,West Coast,2018-12-01,Persistence,6,49359.0,45152.0
5,West Coast,2019-01-01,Persistence,6,51643.0,49359.0
5,West Coast,2019-02-01,Persistence,6,49767.0,51643.0
5,West Coast,2019-03-01,Persistence,6,53082.0,49767.0
5,West Coast,2019-04-01,Persistence,6,52006.0,53082.0
5,West Coast,2017-08-01,Linear regression,6,48337.0,49263.964835528415
5,West Coast,2017-09-01,Linear regression,6,52498.0,49633.31733597606
5,West Coast,2017-10-01,Linear regression,6,53896.0,52910.65602255109
5,West Coast,2017-11-01,Linear regression,6,51108.0,53003.83056754441
5,West Coast,2017-12-01,Linear regression,6,49964.0,51075.99062440259
5,West Coast,2018-01-01,Linear regression,6,49005.0,50832.527816150134
5,West Coast,2018-02-01,Linear regression,6,49623.0,51063.04265538525
5,West Coast,2018-03-01,Linear regression,6,51051.0,49792.82409427621
5,West Coast,2018-04-01,Linear regression,6,54765.0,52043.303970152905
5,West Coast,2018-05-01,Linear regression,6,51140.0,53780.84039126643
5,West Coast,2018-06-01,Linear regression,6,49029.0,50560.73692887192
5,West Coast,2018-07-01,Linear regression,6,48728.0,48824.73314571457
5,West Coast,2018-08-01,Linear regression,6,49086.0,49534.366546227546
5,West Coast,2018-09-01,Linear regression,6,49209.0,49528.079975442684
5,West Coast,2018-10-01,Linear regression,6,46399.0,50205.29425512316
5,West Coast,2018-11-01,Linear regression,6,45152.0,48394.822554368744
5,West Coast,2018-12-01,Linear regression,6,49359.0,47680.03109381815
5,West Coast,2019-01-01,Linear regression,6,51643.0,50546.08956279686
5,West Coast,2019-02-01,Linear regression,6,49767.0,52444.74009698433
5,West Coast,2019-03-01,Linear regression,6,53082.0,50424.53385522468
5,West Coast,2019-04-01,Linear regression,6,52006.0,53163.97496454201
5,West Coast,2017-08-01,Random forest,6,48337.0,50277.74126049476
5,West Coast,2017-09-01,Random forest,6,52498.0,50765.98995160752
5,West Coast,2017-10-01,Random forest,6,53896.0,52669.82730766781
5,West Coast,2017-11-01,Random forest,6,51108.0,54092.77215274622
5,West Coast,2017-12-01,Random forest,6,49964.0,51346.93377713338
5,West Coast,2018-01-01,Random forest,6,49005.0,50738.47594817903
5,West Coast,2018-02-01,Random forest,6,49623.0,51500.28689957212
5,West Coast,2018-03-01,Random forest,6,51051.0,50398.14449412381
5,West Coast,2018-04-01,Random forest,6,54765.0,51411.42329725443
5,West Coast,2018-05-01,Random forest,6,51140.0,53041.53179340723
5,West Coast,2018-06-01,Random forest,6,49029.0,50882.84589109106
5,West Coast,2018-07-01,Random forest,6,48728.0,50289.450882553254
5,West Coast,2018-08-01,Random forest,6,49086.0,50647.92402184261
5,West Coast,2018-09-01,Random forest,6,49209.0,51012.57490392689
5,West Coast,2018-10-01,Random forest,6,46399.0,50874.944999591775
5,West Coast,2018-11-01,Random forest,6,45152.0,51062.20260335524
5,West Coast,2018-12-01,Random forest,6,49359.0,51123.29836446779
5,West Coast,2019-01-01,Random forest,6,51643.0,50838.31134062063
5,West Coast,2019-02-01,Random forest,6,49767.0,52912.12513071
5,West Coast,2019-03-01,Random forest,6,53082.0,52114.85901537853
5,West Coast,2019-04-01,Random forest,6,52006.0,53739.53646987935
5,West Coast,2017-08-01,XGBoost,6,48337.0,50116.9453125
5,West Coast,2017-09-01,XGBoost,6,52498.0,51040.2734375
5,West Coast,2017-10-01,XGBoost,6,53896.0,53004.65625
5,West Coast,2017-11-01,XGBoost,6,51108.0,54366.8125
5,West Coast,2017-12-01,XGBoost,6,49964.0,50944.74609375
5,West Coast,2018-01-01,XGBoost,6,49005.0,50565.6875
5,West Coast,2018-02-01,XGBoost,6,49623.0,52063.93359375
5,West Coast,2018-03-01,XGBoost,6,51051.0,50079.4609375
5,West Coast,2018-04-01,XGBoost,6,54765.0,51468.38671875
5,West Coast,2018-05-01,XGBoost,6,51140.0,53059.25
5,West Coast,2018-06-01,XGBoost,6,49029.0,50465.8359375
5,West Coast,2018-07-01,XGBoost,6,48728.0,50116.01953125
5,West Coast,2018-08-01,XGBoost,6,49086.0,50572.56640625
5,West Coast,2018-09-01,XGBoost,6,49209.0,51323.2109375
5,West Coast,2018-10-01,XGBoost,6,46399.0,50898.6953125
5,West Coast,2018-11-01,XGBoost,6,45152.0,51311.17578125
5,West Coast,2018-12-01,XGBoost,6,49359.0,51479.42578125
5,West Coast,2019-01-01,XGBoost,6,51643.0,50999.0703125
5,West Coast,2019-02-01,XGBoost,6,49767.0,53497.8828125
5,West Coast,2019-03-01,XGBoost,6,53082.0,52428.35546875
5,West Coast,2019-04-01,XGBoost,6,52006.0,53961.1796875
5,West Coast,2017-08-01,Neural network,6,48337.0,49078.66124793673
5,West Coast,2017-09-01,Neural network,6,52498.0,50166.499507143875
5,West Coast,2017-10-01,Neural network,6,53896.0,53374.78790690711
5,West Coast,2017-11-01,Neural network,6,51108.0,53361.93051046663
5,West Coast,2017-12-01,Neural network,6,49964.0,51078.28978921877
5,West Coast,2018-01-01,Neural network,6,49005.0,50627.834800366065
5,West Coast,2018-02-01,Neural network,6,49623.0,51451.20495769604
5,West Coast,2018-03-01,Neural network,6,51051.0,49348.67189942568
5,West Coast,2018-04-01,Neural network,6,54765.0,51895.92605637467
5,West Coast,2018-05-01,Neural network,6,51140.0,52414.815872571315
5,West Coast,2018-06-01,Neural network,6,49029.0,50066.219098104266
5,West Coast,2018-07-01,Neural network,6,48728.0,49290.291992626946
5,West Coast,2018-08-01,Neural network,6,49086.0,49633.85953579424
5,West Coast,2018-09-01,Neural network,6,49209.0,50302.619672223154
5,West Coast,2018-10-01,Neural network,6,46399.0,50994.64535479768
5,West Coast,2018-11-01,Neural network,6,45152.0,46614.00315286049
5,West Coast,2018-12-01,Neural network,6,49359.0,48378.271341760126
5,West Coast,2019-01-01,Neural network,6,51643.0,50991.77103414061
5,West Coast,2019-02-01,Neural network,6,49767.0,52826.00534571517
5,West Coast,2019-03-01,Neural network,6,53082.0,51348.224487238105
5,West Coast,2019-04-01,Neural network,6,52006.0,52306.19940552856
5,West Coast,2019-05-01,Persistence,7,50711.0,52006.0
5,West Coast,2019-06-01,Persistence,7,49031.0,50711.0
5,West Coast,2019-07-01,Persistence,7,45344.0,49031.0
5,West Coast,2019-08-01,Persistence,7,46239.0,45344.0
5,West Coast,2019-09-01,Persistence,7,51006.0,46239.0
5,West Coast,2019-10-01,Persistence,7,52413.0,51006.0
5,West Coast,2019-11-01,Persistence,7,52898.0,52413.0
5,West Coast,2019-12-01,Persistence,7,52073.0,52898.0
5,West Coast,2020-01-01,Persistence,7,52311.0,52073.0
5,West Coast,2020-02-01,Persistence,7,57074.0,52311.0
5,West Coast,2020-03-01,Persistence,7,56720.0,57074.0
5,West Coast,2020-04-01,Persistence,7,57391.0,56720.0
5,West Coast,2020-05-01,Persistence,7,56563.0,57391.0
5,West Coast,2020-06-01,Persistence,7,54137.0,56563.0
5,West Coast,2020-07-01,Persistence,7,54804.0,54137.0
5,West Coast,2020-08-01,Persistence,7,51428.0,54804.0
5,West Coast,2020-09-01,Persistence,7,51073.0,51428.0
5,West Coast,2020-10-01,Persistence,7,46690.0,51073.0
5,West Coast,2020-11-01,Persistence,7,45098.0,46690.0
5,West Coast,2020-12-01,Persistence,7,47258.0,45098.0
5,West Coast,2021-01-01,Persistence,7,51532.0,47258.0
5,West Coast,2019-05-01,Linear regression,7,50711.0,51125.643525177715
5,West Coast,2019-06-01,Linear regression,7,49031.0,50389.44453177554
5,West Coast,2019-07-01,Linear regression,7,45344.0,48895.255621610995
5,West Coast,2019-08-01,Linear regression,7,46239.0,47012.89050290636
5,West Coast,2019-09-01,Linear regression,7,51006.0,48102.94072045808
5,West Coast,2019-10-01,Linear regression,7,52413.0,51090.15130308739
5,West Coast,2019-11-01,Linear regression,7,52898.0,51702.08189721208
5,West Coast,2019-12-01,Linear regression,7,52073.0,51818.04824003797
5,West Coast,2020-01-01,Linear regression,7,52311.0,51450.07482573237
5,West Coast,2020-02-01,Linear regression,7,57074.0,51822.96422123478
5,West Coast,2020-03-01,Linear regression,7,56720.0,54857.115840326886
5,West Coast,2020-04-01,Linear regression,7,57391.0,56357.30716989616
5,West Coast,2020-05-01,Linear regression,7,56563.0,55688.05415472115
5,West Coast,2020-06-01,Linear regression,7,54137.0,55499.409486125805
5,West Coast,2020-07-01,Linear regression,7,54804.0,54174.176059310106
5,West Coast,2020-08-01,Linear regression,7,51428.0,54111.61181627237
5,West Coast,2020-09-01,Linear regression,7,51073.0,52162.22993668867
5,West Coast,2020-10-01,Linear regression,7,46690.0,52157.65611135557
5,West Coast,2020-11-01,Linear regression,7,45098.0,49803.99507109805
5,West Coast,2020-12-01,Linear regression,7,47258.0,49472.12258420457
5,West Coast,2021-01-01,Linear regression,7,51532.0,50495.92869173466
5,West Coast,2019-05-01,Random forest,7,50711.0,52341.07548061469
5,West Coast,2019-06-01,Random forest,7,49031.0,50581.15317561097
5,West Coast,2019-07-01,Random forest,7,45344.0,49284.575196464255
5,West Coast,2019-08-01,Random forest,7,46239.0,49274.37318691914
5,West Coast,2019-09-01,Random forest,7,51006.0,49568.36311829114
5,West Coast,2019-10-01,Random forest,7,52413.0,50591.388251355886
5,West Coast,2019-11-01,Random forest,7,52898.0,52540.437986803176
5,West Coast,2019-12-01,Random forest,7,52073.0,51868.02285978046
5,West Coast,2020-01-01,Random forest,7,52311.0,52100.07964358683
5,West Coast,2020-02-01,Random forest,7,57074.0,53179.18771076176
5,West Coast,2020-03-01,Random forest,7,56720.0,55622.3523385467
5,West Coast,2020-04-01,Random forest,7,57391.0,54943.43172505496
5,West Coast,2020-05-01,Random forest,7,56563.0,55701.15475985716
5,West Coast,2020-06-01,Random forest,7,54137.0,54714.95646792515
5,West Coast,2020-07-01,Random forest,7,54804.0,53638.28878781035
5,West Coast,2020-08-01,Random forest,7,51428.0,53595.90739686756
5,West Coast,2020-09-01,Random forest,7,51073.0,51441.069552953355
5,West Coast,2020-10-01,Random forest,7,46690.0,51381.21172098691
5,West Coast,2020-11-01,Random forest,7,45098.0,49645.803067821565
5,West Coast,2020-12-01,Random forest,7,47258.0,49645.803067821565
5,West Coast,2021-01-01,Random forest,7,51532.0,49645.803067821565
5,West Coast,2019-05-01,XGBoost,7,50711.0,51476.77734375
5,West Coast,2019-06-01,XGBoost,7,49031.0,50048.328125
5,West Coast,2019-07-01,XGBoost,7,45344.0,48674.4921875
5,West Coast,2019-08-01,XGBoost,7,46239.0,48943.16015625
5,West Coast,2019-09-01,XGBoost,7,51006.0,49352.625
5,West Coast,2019-10-01,XGBoost,7,52413.0,50114.2265625
5,West Coast,2019-11-01,XGBoost,7,52898.0,51918.42578125
5,West Coast,2019-12-01,XGBoost,7,52073.0,51432.6328125
5,West Coast,2020-01-01,XGBoost,7,52311.0,51638.95703125
5,West Coast,2020-02-01,XGBoost,7,57074.0,52877.5234375
5,West Coast,2020-03-01,XGBoost,7,56720.0,54735.16796875
5,West Coast,2020-04-01,XGBoost,7,57391.0,54558.8828125
5,West Coast,2020-05-01,XGBoost,7,56563.0,55295.97265625
5,West Coast,2020-06-01,XGBoost,7,54137.0,54558.8828125
5,West Coast,2020-07-01,XGBoost,7,54804.0,53013.06640625
5,West Coast,2020-08-01,XGBoost,7,51428.0,53086.734375
5,West Coast,2020-09-01,XGBoost,7,51073.0,51323.72265625
5,West Coast,2020-10-01,XGBoost,7,46690.0,51219.125
5,West Coast,2020-11-01,XGBoost,7,45098.0,49654.79296875
5,West Coast,2020-12-01,XGBoost,7,47258.0,49654.79296875
5,West Coast,2021-01-01,XGBoost,7,51532.0,49654.79296875
5,West Coast,2019-05-01,Neural network,7,50711.0,50816.72595870772
5,West Coast,2019-06-01,Neural network,7,49031.0,49028.432200036645
5,West Coast,2019-07-01,Neural network,7,45344.0,47925.03935981188
5,West Coast,2019-08-01,Neural network,7,46239.0,47544.57463679664
5,West Coast,2019-09-01,Neural network,7,51006.0,44199.693692524925
5,West Coast,2019-10-01,Neural network,7,52413.0,51121.1115497939
5,West Coast,2019-11-01,Neural network,7,52898.0,50945.29182541932
5,West Coast,2019-12-01,Neural network,7,52073.0,52317.90636301162
5,West Coast,2020-01-01,Neural network,7,52311.0,50767.30146030319
5,West Coast,2020-02-01,Neural network,7,57074.0,52370.041546630215
5,West Coast,2020-03-01,Neural network,7,56720.0,54925.26302899348
5,West Coast,2020-04-01,Neural network,7,57391.0,53579.02036941525
5,West Coast,2020-05-01,Neural network,7,56563.0,54992.48956484492
5,West Coast,2020-06-01,Neural network,7,54137.0,53594.86341845281
5,West Coast,2020-07-01,Neural network,7,54804.0,54783.73466467049
5,West Coast,2020-08-01,Neural network,7,51428.0,52492.16076380498
5,West Coast,2020-09-01,Neural network,7,51073.0,48448.55966211508
5,West Coast,2020-10-01,Neural network,7,46690.0,47916.95774292001
5,West Coast,2020-11-01,Neural network,7,45098.0,42511.76024605942
5,West Coast,2020-12-01,Neural network,7,47258.0,43911.94179434504
5,West Coast,2021-01-01,Neural network,7,51532.0,45467.1461062001
5,West Coast,2021-02-01,Persistence,8,48325.0,51532.0
5,West Coast,2021-03-01,Persistence,8,48041.0,48325.0
5,West Coast,2021-04-01,Persistence,8,48296.0,48041.0
5,West Coast,2021-05-01,Persistence,8,47846.0,48296.0
5,West Coast,2021-06-01,Persistence,8,45141.0,47846.0
5,West Coast,2021-07-01,Persistence,8,46345.0,45141.0
5,West Coast,2021-08-01,Persistence,8,47895.0,46345.0
5,West Coast,2021-09-01,Persistence,8,48905.0,47895.0
5,West Coast,2021-10-01,Persistence,8,48624.0,48905.0
5,West Coast,2021-11-01,Persistence,8,46748.0,48624.0
5,West Coast,2021-12-01,Persistence,8,51196.0,46748.0
5,West Coast,2022-01-01,Persistence,8,49640.0,51196.0
5,West Coast,2022-02-01,Persistence,8,46797.0,49640.0
5,West Coast,2022-03-01,Persistence,8,48399.0,46797.0
5,West Coast,2022-04-01,Persistence,8,46490.0,48399.0
5,West Coast,2022-05-01,Persistence,8,46323.0,46490.0
5,West Coast,2022-06-01,Persistence,8,50121.0,46323.0
5,West Coast,2022-07-01,Persistence,8,48567.0,50121.0
5,West Coast,2022-08-01,Persistence,8,48438.0,48567.0
5,West Coast,2022-09-01,Persistence,8,49593.0,48438.0
5,West Coast,2022-10-01,Persistence,8,48722.0,49593.0
5,West Coast,2021-02-01,Linear regression,8,48325.0,52996.10774446023
5,West Coast,2021-03-01,Linear regression,8,48041.0,49593.25856554225
5,West Coast,2021-04-01,Linear regression,8,48296.0,48992.41728869305
5,West Coast,2021-05-01,Linear regression,8,47846.0,49521.864804623605
5,West Coast,2021-06-01,Linear regression,8,45141.0,49295.111195471036
5,West Coast,2021-07-01,Linear regression,8,46345.0,48036.00857805202
5,West Coast,2021-08-01,Linear regression,8,47895.0,48182.182298045416
5,West Coast,2021-09-01,Linear regression,8,48905.0,49953.55991910501
5,West Coast,2021-10-01,Linear regression,8,48624.0,50606.83624286731
5,West Coast,2021-11-01,Linear regression,8,46748.0,50717.236193113014
5,West Coast,2021-12-01,Linear regression,8,51196.0,48852.56584161121
5,West Coast,2022-01-01,Linear regression,8,49640.0,52181.779585785785
5,West Coast,2022-02-01,Linear regression,8,46797.0,50953.29526399147
5,West Coast,2022-03-01,Linear regression,8,48399.0,47998.506103156746
5,West Coast,2022-04-01,Linear regression,8,46490.0,50601.413470947955
5,West Coast,2022-05-01,Linear regression,8,46323.0,48240.50344753651
5,West Coast,2022-06-01,Linear regression,8,50121.0,48818.77747556434
5,West Coast,2022-07-01,Linear regression,8,48567.0,51300.29205336944
5,West Coast,2022-08-01,Linear regression,8,48438.0,49516.73295420209
5,West Coast,2022-09-01,Linear regression,8,49593.0,50345.770559124874
5,West Coast,2022-10-01,Linear regression,8,48722.0,50690.644578001935
5,West Coast,2021-02-01,Random forest,8,48325.0,50519.350507676965
5,West Coast,2021-03-01,Random forest,8,48041.0,48759.35892292147
5,West Coast,2021-04-01,Random forest,8,48296.0,48869.90990986195
5,West Coast,2021-05-01,Random forest,8,47846.0,48857.5563099045
5,West Coast,2021-06-01,Random forest,8,45141.0,48829.41296716386
5,West Coast,2021-07-01,Random forest,8,46345.0,49038.90606726645
5,West Coast,2021-08-01,Random forest,8,47895.0,48824.92007033846
5,West Coast,2021-09-01,Random forest,8,48905.0,49068.74461772241
5,West Coast,2021-10-01,Random forest,8,48624.0,48992.54926162734
5,West Coast,2021-11-01,Random forest,8,46748.0,49135.493682823195
5,West Coast,2021-12-01,Random forest,8,51196.0,48873.482013036555
5,West Coast,2022-01-01,Random forest,8,49640.0,51275.74108607015
5,West Coast,2022-02-01,Random forest,8,46797.0,50214.89023448777
5,West Coast,2022-03-01,Random forest,8,48399.0,48845.02413740171
5,West Coast,2022-04-01,Random forest,8,46490.0,49176.49524008094
5,West Coast,2022-05-01,Random forest,8,46323.0,49061.28064073675
5,West Coast,2022-06-01,Random forest,8,50121.0,49038.90606726645
5,West Coast,2022-07-01,Random forest,8,48567.0,50862.653323984974
5,West Coast,2022-08-01,Random forest,8,48438.0,49122.411860471526
5,West Coast,2022-09-01,Random forest,8,49593.0,49022.750046190005
5,West Coast,2022-10-01,Random forest,8,48722.0,50791.994598668345
5,West Coast,2021-02-01,XGBoost,8,48325.0,50941.5390625
5,West Coast,2021-03-01,XGBoost,8,48041.0,48761.6328125
5,West Coast,2021-04-01,XGBoost,8,48296.0,49079.640625
5,West Coast,2021-05-01,XGBoost,8,47846.0,49215.5
5,West Coast,2021-06-01,XGBoost,8,45141.0,49095.6953125
5,West Coast,2021-07-01,XGBoost,8,46345.0,49671.48046875
5,West Coast,2021-08-01,XGBoost,8,47895.0,49043.4140625
5,West Coast,2021-09-01,XGBoost,8,48905.0,49694.87109375
5,West Coast,2021-10-01,XGBoost,8,48624.0,49733.80859375
5,West Coast,2021-11-01,XGBoost,8,46748.0,49648.3984375
5,West Coast,2021-12-01,XGBoost,8,51196.0,49246.9296875
5,West Coast,2022-01-01,XGBoost,8,49640.0,51861.3125
5,West Coast,2022-02-01,XGBoost,8,46797.0,50576.31640625
5,West Coast,2022-03-01,XGBoost,8,48399.0,49014.03125
5,West Coast,2022-04-01,XGBoost,8,46490.0,49898.8046875
5,West Coast,2022-05-01,XGBoost,8,46323.0,49477.65234375
5,West Coast,2022-06-01,XGBoost,8,50121.0,49671.48046875
5,West Coast,2022-07-01,XGBoost,8,48567.0,51322.671875
5,West Coast,2022-08-01,XGBoost,8,48438.0,49898.8046875
5,West Coast,2022-09-01,XGBoost,8,49593.0,49692.734375
5,West Coast,2022-10-01,XGBoost,8,48722.0,51322.671875
5,West Coast,2021-02-01,Neural network,8,48325.0,51714.99892786526
5,West Coast,2021-03-01,Neural network,8,48041.0,49226.93812723216
5,West Coast,2021-04-01,Neural network,8,48296.0,48059.44252053271
5,West Coast,2021-05-01,Neural network,8,47846.0,49195.387137249585
5,West Coast,2021-06-01,Neural network,8,45141.0,49674.04212395091
5,West Coast,2021-07-01,Neural network,8,46345.0,48180.556283794605
5,West Coast,2021-08-01,Neural network,8,47895.0,48739.23845670951
5,West Coast,2021-09-01,Neural network,8,48905.0,50254.80790518517
5,West Coast,2021-10-01,Neural network,8,48624.0,51110.384602986225
5,West Coast,2021-11-01,Neural network,8,46748.0,51450.26203416384
5,West Coast,2021-12-01,Neural network,8,51196.0,48464.85282271322
5,West Coast,2022-01-01,Neural network,8,49640.0,52782.33382514562
5,West Coast,2022-02-01,Neural network,8,46797.0,51050.54459884008
5,West Coast,2022-03-01,Neural network,8,48399.0,47729.940720750776
5,West Coast,2022-04-01,Neural network,8,46490.0,51192.00802246986
5,West Coast,2022-05-01,Neural network,8,46323.0,48813.43811523993
5,West Coast,2022-06-01,Neural network,8,50121.0,49077.958557900674
5,West Coast,2022-07-01,Neural network,8,48567.0,51951.788914518744
5,West Coast,2022-08-01,Neural network,8,48438.0,50181.856641724284
5,West Coast,2022-09-01,Neural network,8,49593.0,50856.63385935307
5,West Coast,2022-10-01,Neural network,8,48722.0,51376.55447778007
5,West Coast,2022-11-01,Persistence,9,48002.0,48722.0
5,West Coast,2022-12-01,Persistence,9,48005.0,48002.0
5,West Coast,2023-01-01,Persistence,9,49287.0,48005.0
5,West Coast,2023-02-01,Persistence,9,49402.0,49287.0
5,West Coast,2023-03-01,Persistence,9,52191.0,49402.0
5,West Coast,2023-04-01,Persistence,9,51745.0,52191.0
5,West Coast,2023-05-01,Persistence,9,49774.0,51745.0
5,West Coast,2023-06-01,Persistence,9,44796.0,49774.0
5,West Coast,2023-07-01,Persistence,9,45906.0,44796.0
5,West Coast,2023-08-01,Persistence,9,43997.0,45906.0
5,West Coast,2023-09-01,Persistence,9,44355.0,43997.0
5,West Coast,2023-10-01,Persistence,9,50123.0,44355.0
5,West Coast,2023-11-01,Persistence,9,49423.0,50123.0
5,West Coast,2023-12-01,Persistence,9,46173.0,49423.0
5,West Coast,2024-01-01,Persistence,9,49347.0,46173.0
5,West Coast,2024-02-01,Persistence,9,47617.0,49347.0
5,West Coast,2024-03-01,Persistence,9,45362.0,47617.0
5,West Coast,2024-04-01,Persistence,9,46523.0,45362.0
5,West Coast,2024-05-01,Persistence,9,44390.0,46523.0
5,West Coast,2024-06-01,Persistence,9,48679.0,44390.0
5,West Coast,2024-07-01,Persistence,9,48397.0,48679.0
5,West Coast,2022-11-01,Linear regression,9,48002.0,49021.83455365501
5,West Coast,2022-12-01,Linear regression,9,48005.0,48217.00987619413
5,West Coast,2023-01-01,Linear regression,9,49287.0,49179.30997159556
5,West Coast,2023-02-01,Linear regression,9,49402.0,49954.12652007411
5,West Coast,2023-03-01,Linear regression,9,52191.0,49261.37007880218
5,West Coast,2023-04-01,Linear regression,9,51745.0,51661.39732352615
5,West Coast,2023-05-01,Linear regression,9,49774.0,50976.11811609172
5,West Coast,2023-06-01,Linear regression,9,44796.0,49205.84098556795
5,West Coast,2023-07-01,Linear regression,9,45906.0,46321.43165948623
5,West Coast,2023-08-01,Linear regression,9,43997.0,46983.27326188265
5,West Coast,2023-09-01,Linear regression,9,44355.0,46057.704643777
5,West Coast,2023-10-01,Linear regression,9,50123.0,46989.20446965675
5,West Coast,2023-11-01,Linear regression,9,49423.0,50516.9796085368
5,West Coast,2023-12-01,Linear regression,9,46173.0,49556.989556000495
5,West Coast,2024-01-01,Linear regression,9,49347.0,47850.91776744343
5,West Coast,2024-02-01,Linear regression,9,47617.0,49814.18635676442
5,West Coast,2024-03-01,Linear regression,9,45362.0,48598.03105289754
5,West Coast,2024-04-01,Linear regression,9,46523.0,47201.80949079634
5,West Coast,2024-05-01,Linear regression,9,44390.0,47501.95403174528
5,West Coast,2024-06-01,Linear regression,9,48679.0,45924.731358233534
5,West Coast,2024-07-01,Linear regression,9,48397.0,48993.81800028356
5,West Coast,2022-11-01,Random forest,9,48002.0,48088.9771652626
5,West Coast,2022-12-01,Random forest,9,48005.0,47889.580616102234
5,West Coast,2023-01-01,Random forest,9,49287.0,48075.537339411036
5,West Coast,2023-02-01,Random forest,9,49402.0,48489.18694383286
5,West Coast,2023-03-01,Random forest,9,52191.0,48479.41752891411
5,West Coast,2023-04-01,Random forest,9,51745.0,52136.66347432558
5,West Coast,2023-05-01,Random forest,9,49774.0,51076.26802103327
5,West Coast,2023-06-01,Random forest,9,44796.0,49093.09292828471
5,West Coast,2023-07-01,Random forest,9,45906.0,47874.56930147339
5,West Coast,2023-08-01,Random forest,9,43997.0,47943.18551809411
5,West Coast,2023-09-01,Random forest,9,44355.0,48015.25837290678
5,West Coast,2023-10-01,Random forest,9,50123.0,48137.92202283064
5,West Coast,2023-11-01,Random forest,9,49423.0,49282.37451848868
5,West Coast,2023-12-01,Random forest,9,46173.0,48636.53876444684
5,West Coast,2024-01-01,Random forest,9,49347.0,48016.382423295145
5,West Coast,2024-02-01,Random forest,9,47617.0,48581.386114816516
5,West Coast,2024-03-01,Random forest,9,45362.0,48055.40769788097
5,West Coast,2024-04-01,Random forest,9,46523.0,47963.017867107184
5,West Coast,2024-05-01,Random forest,9,44390.0,47959.342010744454
5,West Coast,2024-06-01,Random forest,9,48679.0,48020.767893493015
5,West Coast,2024-07-01,Random forest,9,48397.0,48106.17729177988
5,West Coast,2022-11-01,XGBoost,9,48002.0,48234.55078125
5,West Coast,2022-12-01,XGBoost,9,48005.0,47940.0234375
5,West Coast,2023-01-01,XGBoost,9,49287.0,48473.9375
5,West Coast,2023-02-01,XGBoost,9,49402.0,48137.96875
5,West Coast,2023-03-01,XGBoost,9,52191.0,48682.3515625
5,West Coast,2023-04-01,XGBoost,9,51745.0,51311.609375
5,West Coast,2023-05-01,XGBoost,9,49774.0,50588.1171875
5,West Coast,2023-06-01,XGBoost,9,44796.0,49338.68359375
5,West Coast,2023-07-01,XGBoost,9,45906.0,48315.546875
5,West Coast,2023-08-01,XGBoost,9,43997.0,47937.23046875
5,West Coast,2023-09-01,XGBoost,9,44355.0,48244.85546875
5,West Coast,2023-10-01,XGBoost,9,50123.0,48433.38671875
5,West Coast,2023-11-01,XGBoost,9,49423.0,49435.078125
5,West Coast,2023-12-01,XGBoost,9,46173.0,48704.01171875
5,West Coast,2024-01-01,XGBoost,9,49347.0,48386.20703125
5,West Coast,2024-02-01,XGBoost,9,47617.0,48180.1484375
5,West Coast,2024-03-01,XGBoost,9,45362.0,48064.53125
5,West Coast,2024-04-01,XGBoost,9,46523.0,48076.92578125
5,West Coast,2024-05-01,XGBoost,9,44390.0,47971.47265625
5,West Coast,2024-06-01,XGBoost,9,48679.0,48035.98828125
5,West Coast,2024-07-01,XGBoost,9,48397.0,48218.9453125
5,West Coast,2022-11-01,Neural network,9,48002.0,48940.382611841174
5,West Coast,2022-12-01,Neural network,9,48005.0,48283.92516666229
5,West Coast,2023-01-01,Neural network,9,49287.0,48652.06350744596
5,West Coast,2023-02-01,Neural network,9,49402.0,50299.93691188226
5,West Coast,2023-03-01,Neural network,9,52191.0,49037.9390924481
5,West Coast,2023-04-01,Neural network,9,51745.0,51017.44949987778
5,West Coast,2023-05-01,Neural network,9,49774.0,51759.491860886876
5,West Coast,2023-06-01,Neural network,9,44796.0,48939.45704104453
5,West Coast,2023-07-01,Neural network,9,45906.0,46160.14256416999
5,West Coast,2023-08-01,Neural network,9,43997.0,46841.282845942864
5,West Coast,2023-09-01,Neural network,9,44355.0,45442.86781180969
5,West Coast,2023-10-01,Neural network,9,50123.0,46253.38906635101
5,West Coast,2023-11-01,Neural network,9,49423.0,49736.09117263051
5,West Coast,2023-12-01,Neural network,9,46173.0,50176.82060092727
5,West Coast,2024-01-01,Neural network,9,49347.0,47215.78433292298
5,West Coast,2024-02-01,Neural network,9,47617.0,48536.49518123915
5,West Coast,2024-03-01,Neural network,9,45362.0,48461.785755857236
5,West Coast,2024-04-01,Neural network,9,46523.0,46729.38471330414
5,West Coast,2024-05-01,Neural network,9,44390.0,47128.13582564145
5,West Coast,2024-06-01,Neural network,9,48679.0,45685.444054926804
5,West Coast,2024-07-01,Neural network,9,48397.0,49405.32942155386
5,West Coast,2024-08-01,Persistence,10,44599.0,48397.0
5,West Coast,2024-09-01,Persistence,10,45253.0,44599.0
5,West Coast,2024-10-01,Persistence,10,49689.0,45253.0
5,West Coast,2024-11-01,Persistence,10,49330.0,49689.0
5,West Coast,2024-12-01,Persistence,10,48567.0,49330.0
5,West Coast,2025-01-01,Persistence,10,47148.0,48567.0
5,West Coast,2025-02-01,Persistence,10,45729.0,47148.0
5,West Coast,2025-03-01,Persistence,10,48608.0,45729.0
5,West Coast,2025-04-01,Persistence,10,49527.0,48608.0
5,West Coast,2025-05-01,Persistence,10,46992.0,49527.0
5,West Coast,2025-06-01,Persistence,10,44754.0,46992.0
5,West Coast,2025-07-01,Persistence,10,46079.0,44754.0
5,West Coast,2025-08-01,Persistence,10,45411.0,46079.0
5,West Coast,2025-09-01,Persistence,10,48782.0,45411.0
5,West Coast,2025-10-01,Persistence,10,45164.0,48782.0
5,West Coast,2025-11-01,Persistence,10,46424.0,45164.0
5,West Coast,2025-12-01,Persistence,10,44359.0,46424.0
5,West Coast,2026-01-01,Persistence,10,43997.0,44359.0
5,West Coast,2026-02-01,Persistence,10,44981.0,43997.0
5,West Coast,2026-03-01,Persistence,10,46089.0,44981.0
5,West Coast,2026-04-01,Persistence,10,47371.0,46089.0
5,West Coast,2024-08-01,Linear regression,10,44599.0,48305.19875761957
5,West Coast,2024-09-01,Linear regression,10,45253.0,45332.06121374615
5,West Coast,2024-10-01,Linear regression,10,49689.0,46693.12772985224
5,West Coast,2024-11-01,Linear regression,10,49330.0,49340.0416218834
5,West Coast,2024-12-01,Linear regression,10,48567.0,49128.99790141433
5,West Coast,2025-01-01,Linear regression,10,47148.0,48407.31254534412
5,West Coast,2025-02-01,Linear regression,10,45729.0,48007.06900061418
5,West Coast,2025-03-01,Linear regression,10,48608.0,47256.160768029906
5,West Coast,2025-04-01,Linear regression,10,49527.0,48987.14337833426
5,West Coast,2025-05-01,Linear regression,10,46992.0,49523.54183475318
5,West Coast,2025-06-01,Linear regression,10,44754.0,47484.349615433035
5,West Coast,2025-07-01,Linear regression,10,46079.0,45657.719756519975
5,West Coast,2025-08-01,Linear regression,10,45411.0,46597.28003215059
5,West Coast,2025-09-01,Linear regression,10,48782.0,46496.83599665975
5,West Coast,2025-10-01,Linear regression,10,45164.0,49116.84504314943
5,West Coast,2025-11-01,Linear regression,10,46424.0,46904.62753281438
5,West Coast,2025-12-01,Linear regression,10,44359.0,47415.92125156958
5,West Coast,2026-01-01,Linear regression,10,43997.0,46254.2536185061
5,West Coast,2026-02-01,Linear regression,10,44981.0,45983.97468613476
5,West Coast,2026-03-01,Linear regression,10,46089.0,46744.44274227931
5,West Coast,2026-04-01,Linear regression,10,47371.0,47366.51309978187
5,West Coast,2024-08-01,Random forest,10,44599.0,47491.66641971779
5,West Coast,2024-09-01,Random forest,10,45253.0,47436.34198875663
5,West Coast,2024-10-01,Random forest,10,49689.0,47516.19053337783
5,West Coast,2024-11-01,Random forest,10,49330.0,48360.803187972444
5,West Coast,2024-12-01,Random forest,10,48567.0,48225.44139122376
5,West Coast,2025-01-01,Random forest,10,47148.0,47998.23573578083
5,West Coast,2025-02-01,Random forest,10,45729.0,47724.12645831196
5,West Coast,2025-03-01,Random forest,10,48608.0,47383.38642156482
5,West Coast,2025-04-01,Random forest,10,49527.0,47939.53832823821
5,West Coast,2025-05-01,Random forest,10,46992.0,48350.92123553303
5,West Coast,2025-06-01,Random forest,10,44754.0,47786.10810421707
5,West Coast,2025-07-01,Random forest,10,46079.0,46915.6892040427
5,West Coast,2025-08-01,Random forest,10,45411.0,46870.619343623424
5,West Coast,2025-09-01,Random forest,10,48782.0,47455.294055456514
5,West Coast,2025-10-01,Random forest,10,45164.0,47928.292682449224
5,West Coast,2025-11-01,Random forest,10,46424.0,47334.86564619695
5,West Coast,2025-12-01,Random forest,10,44359.0,47366.65369240972
5,West Coast,2026-01-01,Random forest,10,43997.0,47536.67863956722
5,West Coast,2026-02-01,Random forest,10,44981.0,47295.78945925169
5,West Coast,2026-03-01,Random forest,10,46089.0,47334.86564619695
5,West Coast,2026-04-01,Random forest,10,47371.0,47337.21795493874
5,West Coast,2024-08-01,XGBoost,10,44599.0,47484.26953125
5,West Coast,2024-09-01,XGBoost,10,45253.0,47683.68359375
5,West Coast,2024-10-01,XGBoost,10,49689.0,47781.19921875
5,West Coast,2024-11-01,XGBoost,10,49330.0,48622.76171875
5,West Coast,2024-12-01,XGBoost,10,48567.0,48392.04296875
5,West Coast,2025-01-01,XGBoost,10,47148.0,47755.44140625
5,West Coast,2025-02-01,XGBoost,10,45729.0,47621.01171875
5,West Coast,2025-03-01,XGBoost,10,48608.0,47722.81640625
5,West Coast,2025-04-01,XGBoost,10,49527.0,47498.62890625
5,West Coast,2025-05-01,XGBoost,10,46992.0,49033.25390625
5,West Coast,2025-06-01,XGBoost,10,44754.0,48023.34375
5,West Coast,2025-07-01,XGBoost,10,46079.0,47305.1328125
5,West Coast,2025-08-01,XGBoost,10,45411.0,47287.55859375
5,West Coast,2025-09-01,XGBoost,10,48782.0,47929.79296875
5,West Coast,2025-10-01,XGBoost,10,45164.0,47739.421875
5,West Coast,2025-11-01,XGBoost,10,46424.0,47603.578125
5,West Coast,2025-12-01,XGBoost,10,44359.0,47336.15234375
5,West Coast,2026-01-01,XGBoost,10,43997.0,47926.609375
5,West Coast,2026-02-01,XGBoost,10,44981.0,47392.265625
5,West Coast,2026-03-01,XGBoost,10,46089.0,47470.96875
5,West Coast,2026-04-01,XGBoost,10,47371.0,47392.265625
5,West Coast,2024-08-01,Neural network,10,44599.0,48964.082948346215
5,West Coast,2024-09-01,Neural network,10,45253.0,45353.91710356172
5,West Coast,2024-10-01,Neural network,10,49689.0,46363.84694125272
5,West Coast,2024-11-01,Neural network,10,49330.0,49495.90577495118
5,West Coast,2024-12-01,Neural network,10,48567.0,49596.02463417419
5,West Coast,2025-01-01,Neural network,10,47148.0,48072.49916052974
5,West Coast,2025-02-01,Neural network,10,45729.0,47801.261987619255
5,West Coast,2025-03-01,Neural network,10,48608.0,46997.53266446806
5,West Coast,2025-04-01,Neural network,10,49527.0,47972.35082909743
5,West Coast,2025-05-01,Neural network,10,46992.0,49343.20169934841
5,West Coast,2025-06-01,Neural network,10,44754.0,47583.09916783343
5,West Coast,2025-07-01,Neural network,10,46079.0,45491.12371034954
5,West Coast,2025-08-01,Neural network,10,45411.0,46637.749517890275
5,West Coast,2025-09-01,Neural network,10,48782.0,46245.88315458499
5,West Coast,2025-10-01,Neural network,10,45164.0,50053.371738851376
5,West Coast,2025-11-01,Neural network,10,46424.0,46938.316197247565
5,West Coast,2025-12-01,Neural network,10,44359.0,47361.17381944731
5,West Coast,2026-01-01,Neural network,10,43997.0,45678.74271202797
5,West Coast,2026-02-01,Neural network,10,44981.0,46155.954739735214
5,West Coast,2026-03-01,Neural network,10,46089.0,46454.85125875416
5,West Coast,2026-04-01,Neural network,10,47371.0,47463.26446822882
