padd,padd_name,month,model,fold,actual_stock_t1_kb,prediction_kb
1,East Coast,2008-11-01,Persistence,1,14564.0,13903.0
1,East Coast,2008-12-01,Persistence,1,13179.0,14564.0
1,East Coast,2009-01-01,Persistence,1,14751.0,13179.0
1,East Coast,2009-02-01,Persistence,1,15742.0,14751.0
1,East Coast,2009-03-01,Persistence,1,14641.0,15742.0
1,East Coast,2009-04-01,Persistence,1,12901.0,14641.0
1,East Coast,2009-05-01,Persistence,1,14309.0,12901.0
1,East Coast,2009-06-01,Persistence,1,11143.0,14309.0
1,East Coast,2009-07-01,Persistence,1,13542.0,11143.0
1,East Coast,2009-08-01,Persistence,1,14255.0,13542.0
1,East Coast,2009-09-01,Persistence,1,11767.0,14255.0
1,East Coast,2009-10-01,Persistence,1,10672.0,11767.0
1,East Coast,2009-11-01,Persistence,1,12630.0,10672.0
1,East Coast,2009-12-01,Persistence,1,14051.0,12630.0
1,East Coast,2010-01-01,Persistence,1,11478.0,14051.0
1,East Coast,2010-02-01,Persistence,1,13450.0,11478.0
1,East Coast,2010-03-01,Persistence,1,10769.0,13450.0
1,East Coast,2010-04-01,Persistence,1,11665.0,10769.0
1,East Coast,2010-05-01,Persistence,1,11864.0,11665.0
1,East Coast,2010-06-01,Persistence,1,11631.0,11864.0
1,East Coast,2010-07-01,Persistence,1,9503.0,11631.0
1,East Coast,2008-11-01,Physical level MLR,1,14564.0,15028.92151405764
1,East Coast,2008-12-01,Physical level MLR,1,13179.0,15451.566537802419
1,East Coast,2009-01-01,Physical level MLR,1,14751.0,14426.59205603608
1,East Coast,2009-02-01,Physical level MLR,1,15742.0,16407.885278278605
1,East Coast,2009-03-01,Physical level MLR,1,14641.0,16592.58114031781
1,East Coast,2009-04-01,Physical level MLR,1,12901.0,16377.484019754133
1,East Coast,2009-05-01,Physical level MLR,1,14309.0,14750.536247243841
1,East Coast,2009-06-01,Physical level MLR,1,11143.0,15129.46989178216
1,East Coast,2009-07-01,Physical level MLR,1,13542.0,13475.1472215754
1,East Coast,2009-08-01,Physical level MLR,1,14255.0,14789.97448014687
1,East Coast,2009-09-01,Physical level MLR,1,11767.0,15256.070076816019
1,East Coast,2009-10-01,Physical level MLR,1,10672.0,13987.246795431955
1,East Coast,2009-11-01,Physical level MLR,1,12630.0,14557.259741821525
1,East Coast,2009-12-01,Physical level MLR,1,14051.0,15705.610359444257
1,East Coast,2010-01-01,Physical level MLR,1,11478.0,16453.555903431094
1,East Coast,2010-02-01,Physical level MLR,1,13450.0,15187.21645533565
1,East Coast,2010-03-01,Physical level MLR,1,10769.0,16087.11463339668
1,East Coast,2010-04-01,Physical level MLR,1,11665.0,14296.358209581995
1,East Coast,2010-05-01,Physical level MLR,1,11864.0,14287.825006780775
1,East Coast,2010-06-01,Physical level MLR,1,11631.0,14615.670020152174
1,East Coast,2010-07-01,Physical level MLR,1,9503.0,14358.14039068877
1,East Coast,2008-11-01,Change MLR,1,14564.0,14625.457731904267
1,East Coast,2008-12-01,Change MLR,1,13179.0,14850.58445141395
1,East Coast,2009-01-01,Change MLR,1,14751.0,12425.588370274181
1,East Coast,2009-02-01,Change MLR,1,15742.0,15008.814161505867
1,East Coast,2009-03-01,Change MLR,1,14641.0,17413.211157138376
1,East Coast,2009-04-01,Change MLR,1,12901.0,15320.019752843917
1,East Coast,2009-05-01,Change MLR,1,14309.0,13417.073441606812
1,East Coast,2009-06-01,Change MLR,1,11143.0,16067.82040559974
1,East Coast,2009-07-01,Change MLR,1,13542.0,10902.397092270632
1,East Coast,2009-08-01,Change MLR,1,14255.0,13625.539745539932
1,East Coast,2009-09-01,Change MLR,1,11767.0,14264.54146084928
1,East Coast,2009-10-01,Change MLR,1,10672.0,11921.429456306614
1,East Coast,2009-11-01,Change MLR,1,12630.0,11421.060194593425
1,East Coast,2009-12-01,Change MLR,1,14051.0,13563.255724786224
1,East Coast,2010-01-01,Change MLR,1,11478.0,15904.08624766078
1,East Coast,2010-02-01,Change MLR,1,13450.0,14403.00121230266
1,East Coast,2010-03-01,Change MLR,1,10769.0,14719.919141683651
1,East Coast,2010-04-01,Change MLR,1,11665.0,11963.914361677012
1,East Coast,2010-05-01,Change MLR,1,11864.0,12224.759819325804
1,East Coast,2010-06-01,Change MLR,1,11631.0,13268.15612883616
1,East Coast,2010-07-01,Change MLR,1,9503.0,12548.9934549851
1,East Coast,2008-11-01,Seasonal ridge MLR,1,14564.0,14648.964395014147
1,East Coast,2008-12-01,Seasonal ridge MLR,1,13179.0,15226.649856521522
1,East Coast,2009-01-01,Seasonal ridge MLR,1,14751.0,13681.138009383647
1,East Coast,2009-02-01,Seasonal ridge MLR,1,15742.0,15787.012378112513
1,East Coast,2009-03-01,Seasonal ridge MLR,1,14641.0,17118.889807422536
1,East Coast,2009-04-01,Seasonal ridge MLR,1,12901.0,15777.075843208111
1,East Coast,2009-05-01,Seasonal ridge MLR,1,14309.0,13595.227108402509
1,East Coast,2009-06-01,Seasonal ridge MLR,1,11143.0,15196.771338338456
1,East Coast,2009-07-01,Seasonal ridge MLR,1,13542.0,11289.54477234061
1,East Coast,2009-08-01,Seasonal ridge MLR,1,14255.0,13491.592829796158
1,East Coast,2009-09-01,Seasonal ridge MLR,1,11767.0,14451.335864230761
1,East Coast,2009-10-01,Seasonal ridge MLR,1,10672.0,12624.346782830495
1,East Coast,2009-11-01,Seasonal ridge MLR,1,12630.0,12025.32481704656
1,East Coast,2009-12-01,Seasonal ridge MLR,1,14051.0,13943.041932465427
1,East Coast,2010-01-01,Seasonal ridge MLR,1,11478.0,15927.746675217899
1,East Coast,2010-02-01,Seasonal ridge MLR,1,13450.0,14172.281585880999
1,East Coast,2010-03-01,Seasonal ridge MLR,1,10769.0,14643.387378432843
1,East Coast,2010-04-01,Seasonal ridge MLR,1,11665.0,11970.483260945217
1,East Coast,2010-05-01,Seasonal ridge MLR,1,11864.0,11936.152673935345
1,East Coast,2010-06-01,Seasonal ridge MLR,1,11631.0,12514.509557802487
1,East Coast,2010-07-01,Seasonal ridge MLR,1,9503.0,12030.557193596642
1,East Coast,2008-11-01,Polynomial ridge (degree 2),1,14564.0,14263.591824689587
1,East Coast,2008-12-01,Polynomial ridge (degree 2),1,13179.0,14749.814774912762
1,East Coast,2009-01-01,Polynomial ridge (degree 2),1,14751.0,13508.999463618997
1,East Coast,2009-02-01,Polynomial ridge (degree 2),1,15742.0,14787.309824915586
1,East Coast,2009-03-01,Polynomial ridge (degree 2),1,14641.0,15451.096186400213
1,East Coast,2009-04-01,Polynomial ridge (degree 2),1,12901.0,14851.561988527086
1,East Coast,2009-05-01,Polynomial ridge (degree 2),1,14309.0,13010.608681213087
1,East Coast,2009-06-01,Polynomial ridge (degree 2),1,11143.0,14683.134673056958
1,East Coast,2009-07-01,Polynomial ridge (degree 2),1,13542.0,10486.495079652801
1,East Coast,2009-08-01,Polynomial ridge (degree 2),1,14255.0,14371.704756655849
1,East Coast,2009-09-01,Polynomial ridge (degree 2),1,11767.0,14536.004701851343
1,East Coast,2009-10-01,Polynomial ridge (degree 2),1,10672.0,11791.04112378023
1,East Coast,2009-11-01,Polynomial ridge (degree 2),1,12630.0,10049.931262824515
1,East Coast,2009-12-01,Polynomial ridge (degree 2),1,14051.0,12850.5808080878
1,East Coast,2010-01-01,Polynomial ridge (degree 2),1,11478.0,14244.51120829844
1,East Coast,2010-02-01,Polynomial ridge (degree 2),1,13450.0,10897.449094299483
1,East Coast,2010-03-01,Polynomial ridge (degree 2),1,10769.0,13852.992880799506
1,East Coast,2010-04-01,Polynomial ridge (degree 2),1,11665.0,10049.688032467284
1,East Coast,2010-05-01,Polynomial ridge (degree 2),1,11864.0,11839.82679698908
1,East Coast,2010-06-01,Polynomial ridge (degree 2),1,11631.0,11925.297801348477
1,East Coast,2010-07-01,Polynomial ridge (degree 2),1,9503.0,11626.764021829753
1,East Coast,2008-11-01,Spline ridge (4 knots),1,14564.0,13987.235660126988
1,East Coast,2008-12-01,Spline ridge (4 knots),1,13179.0,14544.634568764941
1,East Coast,2009-01-01,Spline ridge (4 knots),1,14751.0,13309.205619140648
1,East Coast,2009-02-01,Spline ridge (4 knots),1,15742.0,14639.986227768939
1,East Coast,2009-03-01,Spline ridge (4 knots),1,14641.0,15587.556360475104
1,East Coast,2009-04-01,Spline ridge (4 knots),1,12901.0,14724.862502146394
1,East Coast,2009-05-01,Spline ridge (4 knots),1,14309.0,12930.275209099655
1,East Coast,2009-06-01,Spline ridge (4 knots),1,11143.0,14210.732479380724
1,East Coast,2009-07-01,Spline ridge (4 knots),1,13542.0,11098.056443737485
1,East Coast,2009-08-01,Spline ridge (4 knots),1,14255.0,13682.507668323391
1,East Coast,2009-09-01,Spline ridge (4 knots),1,11767.0,14248.755249929794
1,East Coast,2009-10-01,Spline ridge (4 knots),1,10672.0,11977.7327036686
1,East Coast,2009-11-01,Spline ridge (4 knots),1,12630.0,10828.523287001513
1,East Coast,2009-12-01,Spline ridge (4 knots),1,14051.0,12508.155127661787
1,East Coast,2010-01-01,Spline ridge (4 knots),1,11478.0,13927.450806399102
1,East Coast,2010-02-01,Spline ridge (4 knots),1,13450.0,11460.7154348934
1,East Coast,2010-03-01,Spline ridge (4 knots),1,10769.0,13331.902798174984
1,East Coast,2010-04-01,Spline ridge (4 knots),1,11665.0,10986.136999446258
1,East Coast,2010-05-01,Spline ridge (4 knots),1,11864.0,11626.268154136777
1,East Coast,2010-06-01,Spline ridge (4 knots),1,11631.0,11842.388390448588
1,East Coast,2010-07-01,Spline ridge (4 knots),1,9503.0,11687.306031255286
1,East Coast,2010-08-01,Persistence,2,10523.0,9503.0
1,East Coast,2010-09-01,Persistence,2,10908.0,10523.0
1,East Coast,2010-10-01,Persistence,2,9514.0,10908.0
1,East Coast,2010-11-01,Persistence,2,9028.0,9514.0
1,East Coast,2010-12-01,Persistence,2,10707.0,9028.0
1,East Coast,2011-01-01,Persistence,2,10556.0,10707.0
1,East Coast,2011-02-01,Persistence,2,11370.0,10556.0
1,East Coast,2011-03-01,Persistence,2,12684.0,11370.0
1,East Coast,2011-04-01,Persistence,2,12504.0,12684.0
1,East Coast,2011-05-01,Persistence,2,11733.0,12504.0
1,East Coast,2011-06-01,Persistence,2,12160.0,11733.0
1,East Coast,2011-07-01,Persistence,2,12382.0,12160.0
1,East Coast,2011-08-01,Persistence,2,11002.0,12382.0
1,East Coast,2011-09-01,Persistence,2,10358.0,11002.0
1,East Coast,2011-10-01,Persistence,2,10670.0,10358.0
1,East Coast,2011-11-01,Persistence,2,9794.0,10670.0
1,East Coast,2011-12-01,Persistence,2,10424.0,9794.0
1,East Coast,2012-01-01,Persistence,2,11309.0,10424.0
1,East Coast,2012-02-01,Persistence,2,12229.0,11309.0
1,East Coast,2012-03-01,Persistence,2,10923.0,12229.0
1,East Coast,2012-04-01,Persistence,2,10414.0,10923.0
1,East Coast,2010-08-01,Physical level MLR,2,10523.0,11060.969804829354
1,East Coast,2010-09-01,Physical level MLR,2,10908.0,11636.866469871453
1,East Coast,2010-10-01,Physical level MLR,2,9514.0,11682.693231125402
1,East Coast,2010-11-01,Physical level MLR,2,9028.0,10862.618632078353
1,East Coast,2010-12-01,Physical level MLR,2,10707.0,10653.655762937471
1,East Coast,2011-01-01,Physical level MLR,2,10556.0,11680.493516552971
1,East Coast,2011-02-01,Physical level MLR,2,11370.0,11465.25362514039
1,East Coast,2011-03-01,Physical level MLR,2,12684.0,12052.48497422141
1,East Coast,2011-04-01,Physical level MLR,2,12504.0,12691.061439086512
1,East Coast,2011-05-01,Physical level MLR,2,11733.0,12717.022720138722
1,East Coast,2011-06-01,Physical level MLR,2,12160.0,12251.000595132722
1,East Coast,2011-07-01,Physical level MLR,2,12382.0,12584.668542688976
1,East Coast,2011-08-01,Physical level MLR,2,11002.0,12735.962517335836
1,East Coast,2011-09-01,Physical level MLR,2,10358.0,11808.764450120609
1,East Coast,2011-10-01,Physical level MLR,2,10670.0,11557.235920992121
1,East Coast,2011-11-01,Physical level MLR,2,9794.0,11578.584954787955
1,East Coast,2011-12-01,Physical level MLR,2,10424.0,11010.852819619025
1,East Coast,2012-01-01,Physical level MLR,2,11309.0,11354.349462796428
1,East Coast,2012-02-01,Physical level MLR,2,12229.0,11814.012356003837
1,East Coast,2012-03-01,Physical level MLR,2,10923.0,12397.911763027616
1,East Coast,2012-04-01,Physical level MLR,2,10414.0,11595.86659022759
1,East Coast,2010-08-01,Change MLR,2,10523.0,9929.350843899156
1,East Coast,2010-09-01,Change MLR,2,10908.0,10087.064294551648
1,East Coast,2010-10-01,Change MLR,2,9514.0,10697.213344211088
1,East Coast,2010-11-01,Change MLR,2,9028.0,9821.872932083446
1,East Coast,2010-12-01,Change MLR,2,10707.0,8969.556446383787
1,East Coast,2011-01-01,Change MLR,2,10556.0,9949.901834050743
1,East Coast,2011-02-01,Change MLR,2,11370.0,10517.068416139979
1,East Coast,2011-03-01,Change MLR,2,12684.0,10934.056920352112
1,East Coast,2011-04-01,Change MLR,2,12504.0,12094.189622902513
1,East Coast,2011-05-01,Change MLR,2,11733.0,12263.435399649146
1,East Coast,2011-06-01,Change MLR,2,12160.0,11757.433340522624
1,East Coast,2011-07-01,Change MLR,2,12382.0,11691.86091700716
1,East Coast,2011-08-01,Change MLR,2,11002.0,11992.07572600853
1,East Coast,2011-09-01,Change MLR,2,10358.0,11096.871700432795
1,East Coast,2011-10-01,Change MLR,2,10670.0,10309.85567680896
1,East Coast,2011-11-01,Change MLR,2,9794.0,10282.676482925497
1,East Coast,2011-12-01,Change MLR,2,10424.0,9823.312956474947
1,East Coast,2012-01-01,Change MLR,2,11309.0,9964.687996557352
1,East Coast,2012-02-01,Change MLR,2,12229.0,10783.9023983509
1,East Coast,2012-03-01,Change MLR,2,10923.0,11584.424868880538
1,East Coast,2012-04-01,Change MLR,2,10414.0,11025.535823477729
1,East Coast,2010-08-01,Seasonal ridge MLR,2,10523.0,9461.496379349486
1,East Coast,2010-09-01,Seasonal ridge MLR,2,10908.0,9753.69578314303
1,East Coast,2010-10-01,Seasonal ridge MLR,2,9514.0,10383.8558811234
1,East Coast,2010-11-01,Seasonal ridge MLR,2,9028.0,9744.930934945603
1,East Coast,2010-12-01,Seasonal ridge MLR,2,10707.0,9212.968237594654
1,East Coast,2011-01-01,Seasonal ridge MLR,2,10556.0,10347.283674844795
1,East Coast,2011-02-01,Seasonal ridge MLR,2,11370.0,10694.664217077398
1,East Coast,2011-03-01,Seasonal ridge MLR,2,12684.0,10984.485417346767
1,East Coast,2011-04-01,Seasonal ridge MLR,2,12504.0,11900.640518812017
1,East Coast,2011-05-01,Seasonal ridge MLR,2,11733.0,12004.85293716383
1,East Coast,2011-06-01,Seasonal ridge MLR,2,12160.0,11248.71680026146
1,East Coast,2011-07-01,Seasonal ridge MLR,2,12382.0,11400.339068781443
1,East Coast,2011-08-01,Seasonal ridge MLR,2,11002.0,11626.00210209216
1,East Coast,2011-09-01,Seasonal ridge MLR,2,10358.0,10891.074343910057
1,East Coast,2011-10-01,Seasonal ridge MLR,2,10670.0,10163.614886171952
1,East Coast,2011-11-01,Seasonal ridge MLR,2,9794.0,10433.223178474136
1,East Coast,2011-12-01,Seasonal ridge MLR,2,10424.0,9980.895146769102
1,East Coast,2012-01-01,Seasonal ridge MLR,2,11309.0,10127.88687401232
1,East Coast,2012-02-01,Seasonal ridge MLR,2,12229.0,10872.94033074398
1,East Coast,2012-03-01,Seasonal ridge MLR,2,10923.0,11657.257205359823
1,East Coast,2012-04-01,Seasonal ridge MLR,2,10414.0,10821.797109015259
1,East Coast,2010-08-01,Polynomial ridge (degree 2),2,10523.0,10824.030962567407
1,East Coast,2010-09-01,Polynomial ridge (degree 2),2,10908.0,10601.853779038329
1,East Coast,2010-10-01,Polynomial ridge (degree 2),2,9514.0,10795.654123397002
1,East Coast,2010-11-01,Polynomial ridge (degree 2),2,9028.0,10389.011128924134
1,East Coast,2010-12-01,Polynomial ridge (degree 2),2,10707.0,9751.847320289993
1,East Coast,2011-01-01,Polynomial ridge (degree 2),2,10556.0,10768.393909813929
1,East Coast,2011-02-01,Polynomial ridge (degree 2),2,11370.0,10962.083233064903
1,East Coast,2011-03-01,Polynomial ridge (degree 2),2,12684.0,11319.269516279559
1,East Coast,2011-04-01,Polynomial ridge (degree 2),2,12504.0,12389.378514260421
1,East Coast,2011-05-01,Polynomial ridge (degree 2),2,11733.0,12622.724622442673
1,East Coast,2011-06-01,Polynomial ridge (degree 2),2,12160.0,12037.796571776968
1,East Coast,2011-07-01,Polynomial ridge (degree 2),2,12382.0,11947.382787829867
1,East Coast,2011-08-01,Polynomial ridge (degree 2),2,11002.0,12458.900948436061
1,East Coast,2011-09-01,Polynomial ridge (degree 2),2,10358.0,11465.42009940176
1,East Coast,2011-10-01,Polynomial ridge (degree 2),2,10670.0,10831.26347161977
1,East Coast,2011-11-01,Polynomial ridge (degree 2),2,9794.0,10942.069234167446
1,East Coast,2011-12-01,Polynomial ridge (degree 2),2,10424.0,10541.068347701887
1,East Coast,2012-01-01,Polynomial ridge (degree 2),2,11309.0,10449.729063314076
1,East Coast,2012-02-01,Polynomial ridge (degree 2),2,12229.0,11048.274402230338
1,East Coast,2012-03-01,Polynomial ridge (degree 2),2,10923.0,12235.663836126138
1,East Coast,2012-04-01,Polynomial ridge (degree 2),2,10414.0,11641.033146692902
1,East Coast,2010-08-01,Spline ridge (4 knots),2,10523.0,10012.24941381274
1,East Coast,2010-09-01,Spline ridge (4 knots),2,10908.0,10173.775874122144
1,East Coast,2010-10-01,Spline ridge (4 knots),2,9514.0,10330.530118542301
1,East Coast,2010-11-01,Spline ridge (4 knots),2,9028.0,9929.799776771366
1,East Coast,2010-12-01,Spline ridge (4 knots),2,10707.0,8915.768746905289
1,East Coast,2011-01-01,Spline ridge (4 knots),2,10556.0,10564.487803816734
1,East Coast,2011-02-01,Spline ridge (4 knots),2,11370.0,10492.00728995437
1,East Coast,2011-03-01,Spline ridge (4 knots),2,12684.0,10840.19912163478
1,East Coast,2011-04-01,Spline ridge (4 knots),2,12504.0,12041.720886738913
1,East Coast,2011-05-01,Spline ridge (4 knots),2,11733.0,12455.851335751024
1,East Coast,2011-06-01,Spline ridge (4 knots),2,12160.0,11864.700445172868
1,East Coast,2011-07-01,Spline ridge (4 knots),2,12382.0,11608.961765143424
1,East Coast,2011-08-01,Spline ridge (4 knots),2,11002.0,12232.286104524896
1,East Coast,2011-09-01,Spline ridge (4 knots),2,10358.0,10910.915939390195
1,East Coast,2011-10-01,Spline ridge (4 knots),2,10670.0,10446.0499829975
1,East Coast,2011-11-01,Spline ridge (4 knots),2,9794.0,10381.628131137732
1,East Coast,2011-12-01,Spline ridge (4 knots),2,10424.0,9872.27941336473
1,East Coast,2012-01-01,Spline ridge (4 knots),2,11309.0,9940.331117015088
1,East Coast,2012-02-01,Spline ridge (4 knots),2,12229.0,10655.121507741973
1,East Coast,2012-03-01,Spline ridge (4 knots),2,10923.0,11986.423399144423
1,East Coast,2012-04-01,Spline ridge (4 knots),2,10414.0,11136.549040482929
1,East Coast,2012-05-01,Persistence,3,9445.0,10414.0
1,East Coast,2012-06-01,Persistence,3,9937.0,9445.0
1,East Coast,2012-07-01,Persistence,3,10588.0,9937.0
1,East Coast,2012-08-01,Persistence,3,10210.0,10588.0
1,East Coast,2012-09-01,Persistence,3,9739.0,10210.0
1,East Coast,2012-10-01,Persistence,3,11056.0,9739.0
1,East Coast,2012-11-01,Persistence,3,8170.0,11056.0
1,East Coast,2012-12-01,Persistence,3,10187.0,8170.0
1,East Coast,2013-01-01,Persistence,3,11715.0,10187.0
1,East Coast,2013-02-01,Persistence,3,11514.0,11715.0
1,East Coast,2013-03-01,Persistence,3,11253.0,11514.0
1,East Coast,2013-04-01,Persistence,3,10288.0,11253.0
1,East Coast,2013-05-01,Persistence,3,9957.0,10288.0
1,East Coast,2013-06-01,Persistence,3,10447.0,9957.0
1,East Coast,2013-07-01,Persistence,3,11437.0,10447.0
1,East Coast,2013-08-01,Persistence,3,10172.0,11437.0
1,East Coast,2013-09-01,Persistence,3,11143.0,10172.0
1,East Coast,2013-10-01,Persistence,3,10738.0,11143.0
1,East Coast,2013-11-01,Persistence,3,10145.0,10738.0
1,East Coast,2013-12-01,Persistence,3,10084.0,10145.0
1,East Coast,2014-01-01,Persistence,3,10542.0,10084.0
1,East Coast,2012-05-01,Physical level MLR,3,9445.0,10624.371682607645
1,East Coast,2012-06-01,Physical level MLR,3,9937.0,10068.987504141129
1,East Coast,2012-07-01,Physical level MLR,3,10588.0,10329.103223708502
1,East Coast,2012-08-01,Physical level MLR,3,10210.0,10886.299851272583
1,East Coast,2012-09-01,Physical level MLR,3,9739.0,10388.878324783716
1,East Coast,2012-10-01,Physical level MLR,3,11056.0,10176.136291239858
1,East Coast,2012-11-01,Physical level MLR,3,8170.0,10961.802435434061
1,East Coast,2012-12-01,Physical level MLR,3,10187.0,9123.759515787217
1,East Coast,2013-01-01,Physical level MLR,3,11715.0,10619.082902214828
1,East Coast,2013-02-01,Physical level MLR,3,11514.0,10931.528526086851
1,East Coast,2013-03-01,Physical level MLR,3,11253.0,11049.314624780101
1,East Coast,2013-04-01,Physical level MLR,3,10288.0,10877.840899227174
1,East Coast,2013-05-01,Physical level MLR,3,9957.0,10497.35507820106
1,East Coast,2013-06-01,Physical level MLR,3,10447.0,10059.082472178754
1,East Coast,2013-07-01,Physical level MLR,3,11437.0,10388.67651255038
1,East Coast,2013-08-01,Physical level MLR,3,10172.0,11206.083153641543
1,East Coast,2013-09-01,Physical level MLR,3,11143.0,10524.780524251975
1,East Coast,2013-10-01,Physical level MLR,3,10738.0,10500.017298110686
1,East Coast,2013-11-01,Physical level MLR,3,10145.0,10110.900212395776
1,East Coast,2013-12-01,Physical level MLR,3,10084.0,9815.807636342479
1,East Coast,2014-01-01,Physical level MLR,3,10542.0,9692.996811550765
1,East Coast,2012-05-01,Change MLR,3,9445.0,10627.217889903754
1,East Coast,2012-06-01,Change MLR,3,9937.0,9729.603454231059
1,East Coast,2012-07-01,Change MLR,3,10588.0,9560.028351741563
1,East Coast,2012-08-01,Change MLR,3,10210.0,10265.064798913794
1,East Coast,2012-09-01,Change MLR,3,9739.0,10105.032210648551
1,East Coast,2012-10-01,Change MLR,3,11056.0,9454.014689435713
1,East Coast,2012-11-01,Change MLR,3,8170.0,10454.412016950555
1,East Coast,2012-12-01,Change MLR,3,10187.0,8638.401206668306
1,East Coast,2013-01-01,Change MLR,3,11715.0,8999.563850340923
1,East Coast,2013-02-01,Change MLR,3,11514.0,10707.416833271302
1,East Coast,2013-03-01,Change MLR,3,11253.0,10631.341393028957
1,East Coast,2013-04-01,Change MLR,3,10288.0,10351.107414299722
1,East Coast,2013-05-01,Change MLR,3,9957.0,9510.721774060003
1,East Coast,2013-06-01,Change MLR,3,10447.0,8661.028596456648
1,East Coast,2013-07-01,Change MLR,3,11437.0,8797.462827382667
1,East Coast,2013-08-01,Change MLR,3,10172.0,9826.361919684354
1,East Coast,2013-09-01,Change MLR,3,11143.0,9606.047354809367
1,East Coast,2013-10-01,Change MLR,3,10738.0,9638.18749860813
1,East Coast,2013-11-01,Change MLR,3,10145.0,9488.875308599989
1,East Coast,2013-12-01,Change MLR,3,10084.0,8503.239089014269
1,East Coast,2014-01-01,Change MLR,3,10542.0,8632.076805699695
1,East Coast,2012-05-01,Seasonal ridge MLR,3,9445.0,10210.453190612845
1,East Coast,2012-06-01,Seasonal ridge MLR,3,9937.0,9204.492489934346
1,East Coast,2012-07-01,Seasonal ridge MLR,3,10588.0,9171.387883989542
1,East Coast,2012-08-01,Seasonal ridge MLR,3,10210.0,9762.064865203936
1,East Coast,2012-09-01,Seasonal ridge MLR,3,9739.0,9832.500370991396
1,East Coast,2012-10-01,Seasonal ridge MLR,3,11056.0,9485.968359449405
1,East Coast,2012-11-01,Seasonal ridge MLR,3,8170.0,10588.014179493432
1,East Coast,2012-12-01,Seasonal ridge MLR,3,10187.0,8979.66413873635
1,East Coast,2013-01-01,Seasonal ridge MLR,3,11715.0,9599.886824482815
1,East Coast,2013-02-01,Seasonal ridge MLR,3,11514.0,11237.653985855246
1,East Coast,2013-03-01,Seasonal ridge MLR,3,11253.0,11241.200534692094
1,East Coast,2013-04-01,Seasonal ridge MLR,3,10288.0,10766.204072985809
1,East Coast,2013-05-01,Seasonal ridge MLR,3,9957.0,9751.681172948718
1,East Coast,2013-06-01,Seasonal ridge MLR,3,10447.0,8832.668800738233
1,East Coast,2013-07-01,Seasonal ridge MLR,3,11437.0,8962.349463177316
1,East Coast,2013-08-01,Seasonal ridge MLR,3,10172.0,9896.12038567719
1,East Coast,2013-09-01,Seasonal ridge MLR,3,11143.0,9583.845434422426
1,East Coast,2013-10-01,Seasonal ridge MLR,3,10738.0,10059.481721684144
1,East Coast,2013-11-01,Seasonal ridge MLR,3,10145.0,10264.214050453218
1,East Coast,2013-12-01,Seasonal ridge MLR,3,10084.0,9614.156416992239
1,East Coast,2014-01-01,Seasonal ridge MLR,3,10542.0,9718.07120883663
1,East Coast,2012-05-01,Polynomial ridge (degree 2),3,9445.0,10618.661071368342
1,East Coast,2012-06-01,Polynomial ridge (degree 2),3,9937.0,9879.977645036159
1,East Coast,2012-07-01,Polynomial ridge (degree 2),3,10588.0,9812.989995739228
1,East Coast,2012-08-01,Polynomial ridge (degree 2),3,10210.0,10741.400476013054
1,East Coast,2012-09-01,Polynomial ridge (degree 2),3,9739.0,10248.7739075042
1,East Coast,2012-10-01,Polynomial ridge (degree 2),3,11056.0,9703.166433625964
1,East Coast,2012-11-01,Polynomial ridge (degree 2),3,8170.0,11043.383330198234
1,East Coast,2012-12-01,Polynomial ridge (degree 2),3,10187.0,9360.992977754779
1,East Coast,2013-01-01,Polynomial ridge (degree 2),3,11715.0,10017.607259102668
1,East Coast,2013-02-01,Polynomial ridge (degree 2),3,11514.0,10421.204388278407
1,East Coast,2013-03-01,Polynomial ridge (degree 2),3,11253.0,9794.354370030682
1,East Coast,2013-04-01,Polynomial ridge (degree 2),3,10288.0,9361.972448632698
1,East Coast,2013-05-01,Polynomial ridge (degree 2),3,9957.0,9160.000629383318
1,East Coast,2013-06-01,Polynomial ridge (degree 2),3,10447.0,7604.623697926905
1,East Coast,2013-07-01,Polynomial ridge (degree 2),3,11437.0,7595.052337249519
1,East Coast,2013-08-01,Polynomial ridge (degree 2),3,10172.0,10037.30825475204
1,East Coast,2013-09-01,Polynomial ridge (degree 2),3,11143.0,10401.831581798031
1,East Coast,2013-10-01,Polynomial ridge (degree 2),3,10738.0,7857.862997713851
1,East Coast,2013-11-01,Polynomial ridge (degree 2),3,10145.0,5738.11817252056
1,East Coast,2013-12-01,Polynomial ridge (degree 2),3,10084.0,4217.103472504888
1,East Coast,2014-01-01,Polynomial ridge (degree 2),3,10542.0,4330.296832148206
1,East Coast,2012-05-01,Spline ridge (4 knots),3,9445.0,10382.573631004358
1,East Coast,2012-06-01,Spline ridge (4 knots),3,9937.0,9624.83159246224
1,East Coast,2012-07-01,Spline ridge (4 knots),3,10588.0,9679.756306418427
1,East Coast,2012-08-01,Spline ridge (4 knots),3,10210.0,10334.92486261579
1,East Coast,2012-09-01,Spline ridge (4 knots),3,9739.0,10075.218413137165
1,East Coast,2012-10-01,Spline ridge (4 knots),3,11056.0,9474.891943148177
1,East Coast,2012-11-01,Spline ridge (4 knots),3,8170.0,10830.97980098122
1,East Coast,2012-12-01,Spline ridge (4 knots),3,10187.0,8582.778051238203
1,East Coast,2013-01-01,Spline ridge (4 knots),3,11715.0,10011.050685814282
1,East Coast,2013-02-01,Spline ridge (4 knots),3,11514.0,10878.247513263914
1,East Coast,2013-03-01,Spline ridge (4 knots),3,11253.0,10655.709146281779
1,East Coast,2013-04-01,Spline ridge (4 knots),3,10288.0,10409.42679737098
1,East Coast,2013-05-01,Spline ridge (4 knots),3,9957.0,9655.28903987756
1,East Coast,2013-06-01,Spline ridge (4 knots),3,10447.0,9131.24327645854
1,East Coast,2013-07-01,Spline ridge (4 knots),3,11437.0,9456.043480466584
1,East Coast,2013-08-01,Spline ridge (4 knots),3,10172.0,10398.482857553312
1,East Coast,2013-09-01,Spline ridge (4 knots),3,11143.0,10111.87082998322
1,East Coast,2013-10-01,Spline ridge (4 knots),3,10738.0,10105.37041690444
1,East Coast,2013-11-01,Spline ridge (4 knots),3,10145.0,9931.834165649572
1,East Coast,2013-12-01,Spline ridge (4 knots),3,10084.0,9392.101632349475
1,East Coast,2014-01-01,Spline ridge (4 knots),3,10542.0,9193.355302407455
1,East Coast,2014-02-01,Persistence,4,10893.0,10542.0
1,East Coast,2014-03-01,Persistence,4,12302.0,10893.0
1,East Coast,2014-04-01,Persistence,4,13846.0,12302.0
1,East Coast,2014-05-01,Persistence,4,11838.0,13846.0
1,East Coast,2014-06-01,Persistence,4,9805.0,11838.0
1,East Coast,2014-07-01,Persistence,4,10256.0,9805.0
1,East Coast,2014-08-01,Persistence,4,10049.0,10256.0
1,East Coast,2014-09-01,Persistence,4,12030.0,10049.0
1,East Coast,2014-10-01,Persistence,4,12754.0,12030.0
1,East Coast,2014-11-01,Persistence,4,14890.0,12754.0
1,East Coast,2014-12-01,Persistence,4,14787.0,14890.0
1,East Coast,2015-01-01,Persistence,4,15115.0,14787.0
1,East Coast,2015-02-01,Persistence,4,15064.0,15115.0
1,East Coast,2015-03-01,Persistence,4,14823.0,15064.0
1,East Coast,2015-04-01,Persistence,4,16615.0,14823.0
1,East Coast,2015-05-01,Persistence,4,15455.0,16615.0
1,East Coast,2015-06-01,Persistence,4,14161.0,15455.0
1,East Coast,2015-07-01,Persistence,4,13910.0,14161.0
1,East Coast,2015-08-01,Persistence,4,14637.0,13910.0
1,East Coast,2015-09-01,Persistence,4,15795.0,14637.0
1,East Coast,2015-10-01,Persistence,4,14984.0,15795.0
1,East Coast,2014-02-01,Physical level MLR,4,10893.0,10027.63625051721
1,East Coast,2014-03-01,Physical level MLR,4,12302.0,10276.029939980777
1,East Coast,2014-04-01,Physical level MLR,4,13846.0,11282.347949170664
1,East Coast,2014-05-01,Physical level MLR,4,11838.0,12244.32939189348
1,East Coast,2014-06-01,Physical level MLR,4,9805.0,10993.06002022678
1,East Coast,2014-07-01,Physical level MLR,4,10256.0,9802.131335834863
1,East Coast,2014-08-01,Physical level MLR,4,10049.0,9832.028169127474
1,East Coast,2014-09-01,Physical level MLR,4,12030.0,10031.428728778861
1,East Coast,2014-10-01,Physical level MLR,4,12754.0,11300.610706190115
1,East Coast,2014-11-01,Physical level MLR,4,14890.0,11391.602620025009
1,East Coast,2014-12-01,Physical level MLR,4,14787.0,12684.981031433243
1,East Coast,2015-01-01,Physical level MLR,4,15115.0,12587.963533123615
1,East Coast,2015-02-01,Physical level MLR,4,15064.0,12493.999064693899
1,East Coast,2015-03-01,Physical level MLR,4,14823.0,12939.644647629762
1,East Coast,2015-04-01,Physical level MLR,4,16615.0,12515.990096138306
1,East Coast,2015-05-01,Physical level MLR,4,15455.0,13863.059895302944
1,East Coast,2015-06-01,Physical level MLR,4,14161.0,12988.55882000689
1,East Coast,2015-07-01,Physical level MLR,4,13910.0,12529.26070084871
1,East Coast,2015-08-01,Physical level MLR,4,14637.0,12508.886721814188
1,East Coast,2015-09-01,Physical level MLR,4,15795.0,12508.228498928134
1,East Coast,2015-10-01,Physical level MLR,4,14984.0,13450.272541279423
1,East Coast,2014-02-01,Change MLR,4,10893.0,10324.323813677769
1,East Coast,2014-03-01,Change MLR,4,12302.0,10578.48923172203
1,East Coast,2014-04-01,Change MLR,4,13846.0,11696.042439271416
1,East Coast,2014-05-01,Change MLR,4,11838.0,13082.550306095442
1,East Coast,2014-06-01,Change MLR,4,9805.0,12254.768869990314
1,East Coast,2014-07-01,Change MLR,4,10256.0,10202.436123447851
1,East Coast,2014-08-01,Change MLR,4,10049.0,9976.96995994086
1,East Coast,2014-09-01,Change MLR,4,12030.0,9959.369547851062
1,East Coast,2014-10-01,Change MLR,4,12754.0,11286.857633511334
1,East Coast,2014-11-01,Change MLR,4,14890.0,12568.028443669611
1,East Coast,2014-12-01,Change MLR,4,14787.0,14045.425956477706
1,East Coast,2015-01-01,Change MLR,4,15115.0,14680.154642235262
1,East Coast,2015-02-01,Change MLR,4,15064.0,15080.1863092985
1,East Coast,2015-03-01,Change MLR,4,14823.0,14958.246778343295
1,East Coast,2015-04-01,Change MLR,4,16615.0,14651.897851433108
1,East Coast,2015-05-01,Change MLR,4,15455.0,16037.262257006269
1,East Coast,2015-06-01,Change MLR,4,14161.0,15638.236653378002
1,East Coast,2015-07-01,Change MLR,4,13910.0,14538.607098254288
1,East Coast,2015-08-01,Change MLR,4,14637.0,13868.68008536794
1,East Coast,2015-09-01,Change MLR,4,15795.0,14248.216996611514
1,East Coast,2015-10-01,Change MLR,4,14984.0,15260.990557417852
1,East Coast,2014-02-01,Seasonal ridge MLR,4,10893.0,10752.093242259652
1,East Coast,2014-03-01,Seasonal ridge MLR,4,12302.0,11056.575577940263
1,East Coast,2014-04-01,Seasonal ridge MLR,4,13846.0,11954.048301583356
1,East Coast,2014-05-01,Seasonal ridge MLR,4,11838.0,13299.864112799574
1,East Coast,2014-06-01,Seasonal ridge MLR,4,9805.0,12118.25923053594
1,East Coast,2014-07-01,Seasonal ridge MLR,4,10256.0,10053.437695932964
1,East Coast,2014-08-01,Seasonal ridge MLR,4,10049.0,9741.27181670374
1,East Coast,2014-09-01,Seasonal ridge MLR,4,12030.0,9885.724328298511
1,East Coast,2014-10-01,Seasonal ridge MLR,4,12754.0,11408.24569184433
1,East Coast,2014-11-01,Seasonal ridge MLR,4,14890.0,12547.21424711845
1,East Coast,2014-12-01,Seasonal ridge MLR,4,14787.0,14576.500885633888
1,East Coast,2015-01-01,Seasonal ridge MLR,4,15115.0,15153.715243492852
1,East Coast,2015-02-01,Seasonal ridge MLR,4,15064.0,15317.250230977326
1,East Coast,2015-03-01,Seasonal ridge MLR,4,14823.0,15319.469868656712
1,East Coast,2015-04-01,Seasonal ridge MLR,4,16615.0,14960.759090755386
1,East Coast,2015-05-01,Seasonal ridge MLR,4,15455.0,15855.296739011206
1,East Coast,2015-06-01,Seasonal ridge MLR,4,14161.0,15482.398421876349
1,East Coast,2015-07-01,Seasonal ridge MLR,4,13910.0,14076.93578390745
1,East Coast,2015-08-01,Seasonal ridge MLR,4,14637.0,13606.412459377158
1,East Coast,2015-09-01,Seasonal ridge MLR,4,15795.0,14203.055435209058
1,East Coast,2015-10-01,Seasonal ridge MLR,4,14984.0,15401.885171541586
1,East Coast,2014-02-01,Polynomial ridge (degree 2),4,10893.0,10335.861205793028
1,East Coast,2014-03-01,Polynomial ridge (degree 2),4,12302.0,10448.59754118693
1,East Coast,2014-04-01,Polynomial ridge (degree 2),4,13846.0,11494.884295890795
1,East Coast,2014-05-01,Polynomial ridge (degree 2),4,11838.0,12444.483892716233
1,East Coast,2014-06-01,Polynomial ridge (degree 2),4,9805.0,12041.983121717067
1,East Coast,2014-07-01,Polynomial ridge (degree 2),4,10256.0,10568.011647218307
1,East Coast,2014-08-01,Polynomial ridge (degree 2),4,10049.0,9503.756654376051
1,East Coast,2014-09-01,Polynomial ridge (degree 2),4,12030.0,9947.975552161432
1,East Coast,2014-10-01,Polynomial ridge (degree 2),4,12754.0,11197.08167046928
1,East Coast,2014-11-01,Polynomial ridge (degree 2),4,14890.0,11169.78441506952
1,East Coast,2014-12-01,Polynomial ridge (degree 2),4,14787.0,12993.07493720922
1,East Coast,2015-01-01,Polynomial ridge (degree 2),4,15115.0,13153.236749201566
1,East Coast,2015-02-01,Polynomial ridge (degree 2),4,15064.0,13771.932184902818
1,East Coast,2015-03-01,Polynomial ridge (degree 2),4,14823.0,13775.378829478932
1,East Coast,2015-04-01,Polynomial ridge (degree 2),4,16615.0,13161.414771784981
1,East Coast,2015-05-01,Polynomial ridge (degree 2),4,15455.0,13885.61619039788
1,East Coast,2015-06-01,Polynomial ridge (degree 2),4,14161.0,14017.234670327216
1,East Coast,2015-07-01,Polynomial ridge (degree 2),4,13910.0,13294.700682486482
1,East Coast,2015-08-01,Polynomial ridge (degree 2),4,14637.0,12889.696727449722
1,East Coast,2015-09-01,Polynomial ridge (degree 2),4,15795.0,13080.967509744556
1,East Coast,2015-10-01,Polynomial ridge (degree 2),4,14984.0,13947.311681389874
1,East Coast,2014-02-01,Spline ridge (4 knots),4,10893.0,10296.434154572888
1,East Coast,2014-03-01,Spline ridge (4 knots),4,12302.0,10686.486014510849
1,East Coast,2014-04-01,Spline ridge (4 knots),4,13846.0,11963.951965767912
1,East Coast,2014-05-01,Spline ridge (4 knots),4,11838.0,13535.383369571582
1,East Coast,2014-06-01,Spline ridge (4 knots),4,9805.0,12388.078462508876
1,East Coast,2014-07-01,Spline ridge (4 knots),4,10256.0,10365.554610039442
1,East Coast,2014-08-01,Spline ridge (4 knots),4,10049.0,10033.30720223775
1,East Coast,2014-09-01,Spline ridge (4 knots),4,12030.0,9982.820944265259
1,East Coast,2014-10-01,Spline ridge (4 knots),4,12754.0,11760.069514610186
1,East Coast,2014-11-01,Spline ridge (4 knots),4,14890.0,12479.393238922266
1,East Coast,2014-12-01,Spline ridge (4 knots),4,14787.0,14667.163762892007
1,East Coast,2015-01-01,Spline ridge (4 knots),4,15115.0,14695.14272635506
1,East Coast,2015-02-01,Spline ridge (4 knots),4,15064.0,14902.817419364923
1,East Coast,2015-03-01,Spline ridge (4 knots),4,14823.0,14949.48083691477
1,East Coast,2015-04-01,Spline ridge (4 knots),4,16615.0,14767.619191899881
1,East Coast,2015-05-01,Spline ridge (4 knots),4,15455.0,16329.544127917548
1,East Coast,2015-06-01,Spline ridge (4 knots),4,14161.0,15682.05621850683
1,East Coast,2015-07-01,Spline ridge (4 knots),4,13910.0,14434.979892986617
1,East Coast,2015-08-01,Spline ridge (4 knots),4,14637.0,13857.322634231556
1,East Coast,2015-09-01,Spline ridge (4 knots),4,15795.0,14361.927881475542
1,East Coast,2015-10-01,Spline ridge (4 knots),4,14984.0,15478.532090238845
1,East Coast,2015-11-01,Persistence,5,16151.0,14984.0
1,East Coast,2015-12-01,Persistence,5,18005.0,16151.0
1,East Coast,2016-01-01,Persistence,5,20742.0,18005.0
1,East Coast,2016-02-01,Persistence,5,19278.0,20742.0
1,East Coast,2016-03-01,Persistence,5,22080.0,19278.0
1,East Coast,2016-04-01,Persistence,5,19368.0,22080.0
1,East Coast,2016-05-01,Persistence,5,18229.0,19368.0
1,East Coast,2016-06-01,Persistence,5,19348.0,18229.0
1,East Coast,2016-07-01,Persistence,5,19605.0,19348.0
1,East Coast,2016-08-01,Persistence,5,16292.0,19605.0
1,East Coast,2016-09-01,Persistence,5,19574.0,16292.0
1,East Coast,2016-10-01,Persistence,5,15731.0,19574.0
1,East Coast,2016-11-01,Persistence,5,13812.0,15731.0
1,East Coast,2016-12-01,Persistence,5,17923.0,13812.0
1,East Coast,2017-01-01,Persistence,5,16550.0,17923.0
1,East Coast,2017-02-01,Persistence,5,18812.0,16550.0
1,East Coast,2017-03-01,Persistence,5,17348.0,18812.0
1,East Coast,2017-04-01,Persistence,5,16805.0,17348.0
1,East Coast,2017-05-01,Persistence,5,15773.0,16805.0
1,East Coast,2017-06-01,Persistence,5,16155.0,15773.0
1,East Coast,2017-07-01,Persistence,5,17334.0,16155.0
1,East Coast,2015-11-01,Physical level MLR,5,16151.0,14524.626673888582
1,East Coast,2015-12-01,Physical level MLR,5,18005.0,15530.084693240644
1,East Coast,2016-01-01,Physical level MLR,5,20742.0,16975.442515127717
1,East Coast,2016-02-01,Physical level MLR,5,19278.0,19125.1476357894
1,East Coast,2016-03-01,Physical level MLR,5,22080.0,17948.30887243153
1,East Coast,2016-04-01,Physical level MLR,5,19368.0,20214.413844619878
1,East Coast,2016-05-01,Physical level MLR,5,18229.0,18021.466154347712
1,East Coast,2016-06-01,Physical level MLR,5,19348.0,17128.891381663045
1,East Coast,2016-07-01,Physical level MLR,5,19605.0,18099.657919436395
1,East Coast,2016-08-01,Physical level MLR,5,16292.0,18271.677627193625
1,East Coast,2016-09-01,Physical level MLR,5,19574.0,15549.177325892486
1,East Coast,2016-10-01,Physical level MLR,5,15731.0,18294.811978485573
1,East Coast,2016-11-01,Physical level MLR,5,13812.0,15163.607416692537
1,East Coast,2016-12-01,Physical level MLR,5,17923.0,13631.016859904617
1,East Coast,2017-01-01,Physical level MLR,5,16550.0,16979.516288092585
1,East Coast,2017-02-01,Physical level MLR,5,18812.0,15619.470338116655
1,East Coast,2017-03-01,Physical level MLR,5,17348.0,17546.849110225958
1,East Coast,2017-04-01,Physical level MLR,5,16805.0,16434.200093456584
1,East Coast,2017-05-01,Physical level MLR,5,15773.0,16107.75115562728
1,East Coast,2017-06-01,Physical level MLR,5,16155.0,15312.966015811342
1,East Coast,2017-07-01,Physical level MLR,5,17334.0,15656.049282851181
1,East Coast,2015-11-01,Change MLR,5,16151.0,15270.55799093604
1,East Coast,2015-12-01,Change MLR,5,18005.0,16016.291536902814
1,East Coast,2016-01-01,Change MLR,5,20742.0,17887.487608511005
1,East Coast,2016-02-01,Change MLR,5,19278.0,20357.664453619804
1,East Coast,2016-03-01,Change MLR,5,22080.0,19880.287797101908
1,East Coast,2016-04-01,Change MLR,5,19368.0,21684.1422572307
1,East Coast,2016-05-01,Change MLR,5,18229.0,20252.441835541846
1,East Coast,2016-06-01,Change MLR,5,19348.0,18656.48891522347
1,East Coast,2016-07-01,Change MLR,5,19605.0,19336.193669691726
1,East Coast,2016-08-01,Change MLR,5,16292.0,19701.886943441954
1,East Coast,2016-09-01,Change MLR,5,19574.0,17207.677898439575
1,East Coast,2016-10-01,Change MLR,5,15731.0,18991.83140347373
1,East Coast,2016-11-01,Change MLR,5,13812.0,16530.671693181794
1,East Coast,2016-12-01,Change MLR,5,17923.0,14213.732367108416
1,East Coast,2017-01-01,Change MLR,5,16550.0,17043.59560497047
1,East Coast,2017-02-01,Change MLR,5,18812.0,16981.543284316624
1,East Coast,2017-03-01,Change MLR,5,17348.0,18370.2316128467
1,East Coast,2017-04-01,Change MLR,5,16805.0,17660.06800882706
1,East Coast,2017-05-01,Change MLR,5,15773.0,16857.378188809078
1,East Coast,2017-06-01,Change MLR,5,16155.0,15850.646536972861
1,East Coast,2017-07-01,Change MLR,5,17334.0,15958.732181014944
1,East Coast,2015-11-01,Seasonal ridge MLR,5,16151.0,15608.775609140323
1,East Coast,2015-12-01,Seasonal ridge MLR,5,18005.0,16465.823187991537
1,East Coast,2016-01-01,Seasonal ridge MLR,5,20742.0,18247.468748149688
1,East Coast,2016-02-01,Seasonal ridge MLR,5,19278.0,20597.563005317617
1,East Coast,2016-03-01,Seasonal ridge MLR,5,22080.0,20024.39601887826
1,East Coast,2016-04-01,Seasonal ridge MLR,5,19368.0,21570.01158421574
1,East Coast,2016-05-01,Seasonal ridge MLR,5,18229.0,20044.082206355182
1,East Coast,2016-06-01,Seasonal ridge MLR,5,19348.0,18304.512201700643
1,East Coast,2016-07-01,Seasonal ridge MLR,5,19605.0,18900.168966216228
1,East Coast,2016-08-01,Seasonal ridge MLR,5,16292.0,19420.68108563805
1,East Coast,2016-09-01,Seasonal ridge MLR,5,19574.0,17118.218396789274
1,East Coast,2016-10-01,Seasonal ridge MLR,5,15731.0,19019.052398640095
1,East Coast,2016-11-01,Seasonal ridge MLR,5,13812.0,16985.79281599098
1,East Coast,2016-12-01,Seasonal ridge MLR,5,17923.0,14736.65348800959
1,East Coast,2017-01-01,Seasonal ridge MLR,5,16550.0,17444.075397893826
1,East Coast,2017-02-01,Seasonal ridge MLR,5,18812.0,17269.853192842584
1,East Coast,2017-03-01,Seasonal ridge MLR,5,17348.0,18490.787691144385
1,East Coast,2017-04-01,Seasonal ridge MLR,5,16805.0,17712.0215534445
1,East Coast,2017-05-01,Seasonal ridge MLR,5,15773.0,16760.93971811956
1,East Coast,2017-06-01,Seasonal ridge MLR,5,16155.0,15669.240343923064
1,East Coast,2017-07-01,Seasonal ridge MLR,5,17334.0,15741.604581126394
1,East Coast,2015-11-01,Polynomial ridge (degree 2),5,16151.0,14661.612248022151
1,East Coast,2015-12-01,Polynomial ridge (degree 2),5,18005.0,15757.736245077933
1,East Coast,2016-01-01,Polynomial ridge (degree 2),5,20742.0,17644.593131735222
1,East Coast,2016-02-01,Polynomial ridge (degree 2),5,19278.0,19603.894592918346
1,East Coast,2016-03-01,Polynomial ridge (degree 2),5,22080.0,18287.9885871027
1,East Coast,2016-04-01,Polynomial ridge (degree 2),5,19368.0,20850.231896525027
1,East Coast,2016-05-01,Polynomial ridge (degree 2),5,18229.0,18570.936501284465
1,East Coast,2016-06-01,Polynomial ridge (degree 2),5,19348.0,17352.58185551468
1,East Coast,2016-07-01,Polynomial ridge (degree 2),5,19605.0,18238.832561761606
1,East Coast,2016-08-01,Polynomial ridge (degree 2),5,16292.0,18397.01533414674
1,East Coast,2016-09-01,Polynomial ridge (degree 2),5,19574.0,16204.384128889678
1,East Coast,2016-10-01,Polynomial ridge (degree 2),5,15731.0,18630.50959796101
1,East Coast,2016-11-01,Polynomial ridge (degree 2),5,13812.0,16146.281710650796
1,East Coast,2016-12-01,Polynomial ridge (degree 2),5,17923.0,13821.170080102103
1,East Coast,2017-01-01,Polynomial ridge (degree 2),5,16550.0,17311.38607264446
1,East Coast,2017-02-01,Polynomial ridge (degree 2),5,18812.0,16013.37692586766
1,East Coast,2017-03-01,Polynomial ridge (degree 2),5,17348.0,17651.01034518907
1,East Coast,2017-04-01,Polynomial ridge (degree 2),5,16805.0,16704.939036955922
1,East Coast,2017-05-01,Polynomial ridge (degree 2),5,15773.0,16083.604271487191
1,East Coast,2017-06-01,Polynomial ridge (degree 2),5,16155.0,15376.101760046866
1,East Coast,2017-07-01,Polynomial ridge (degree 2),5,17334.0,15434.009475734822
1,East Coast,2015-11-01,Spline ridge (4 knots),5,16151.0,15255.779107470198
1,East Coast,2015-12-01,Spline ridge (4 knots),5,18005.0,16045.45396053612
1,East Coast,2016-01-01,Spline ridge (4 knots),5,20742.0,17888.147681003695
1,East Coast,2016-02-01,Spline ridge (4 knots),5,19278.0,20738.061592200098
1,East Coast,2016-03-01,Spline ridge (4 knots),5,22080.0,19540.00757874551
1,East Coast,2016-04-01,Spline ridge (4 knots),5,19368.0,22060.50567510402
1,East Coast,2016-05-01,Spline ridge (4 knots),5,18229.0,20205.533687433348
1,East Coast,2016-06-01,Spline ridge (4 knots),5,19348.0,18516.19085728296
1,East Coast,2016-07-01,Spline ridge (4 knots),5,19605.0,19269.89199417061
1,East Coast,2016-08-01,Spline ridge (4 knots),5,16292.0,19736.084248765615
1,East Coast,2016-09-01,Spline ridge (4 knots),5,19574.0,17592.73550205018
1,East Coast,2016-10-01,Spline ridge (4 knots),5,15731.0,19526.889011510048
1,East Coast,2016-11-01,Spline ridge (4 knots),5,13812.0,17015.32563397733
1,East Coast,2016-12-01,Spline ridge (4 knots),5,17923.0,14141.630945975041
1,East Coast,2017-01-01,Spline ridge (4 knots),5,16550.0,17737.944331507624
1,East Coast,2017-02-01,Spline ridge (4 knots),5,18812.0,16779.022221323146
1,East Coast,2017-03-01,Spline ridge (4 knots),5,17348.0,18601.74582220727
1,East Coast,2017-04-01,Spline ridge (4 knots),5,16805.0,17561.236631393254
1,East Coast,2017-05-01,Spline ridge (4 knots),5,15773.0,16971.14271199799
1,East Coast,2017-06-01,Spline ridge (4 knots),5,16155.0,15838.931019443344
1,East Coast,2017-07-01,Spline ridge (4 knots),5,17334.0,16073.570622735437
1,East Coast,2017-08-01,Persistence,6,11969.0,17334.0
1,East Coast,2017-09-01,Persistence,6,13740.0,11969.0
1,East Coast,2017-10-01,Persistence,6,13016.0,13740.0
1,East Coast,2017-11-01,Persistence,6,11479.0,13016.0
1,East Coast,2017-12-01,Persistence,6,13729.0,11479.0
1,East Coast,2018-01-01,Persistence,6,12392.0,13729.0
1,East Coast,2018-02-01,Persistence,6,12309.0,12392.0
1,East Coast,2018-03-01,Persistence,6,15788.0,12309.0
1,East Coast,2018-04-01,Persistence,6,14913.0,15788.0
1,East Coast,2018-05-01,Persistence,6,16070.0,14913.0
1,East Coast,2018-06-01,Persistence,6,11942.0,16070.0
1,East Coast,2018-07-01,Persistence,6,11359.0,11942.0
1,East Coast,2018-08-01,Persistence,6,12259.0,11359.0
1,East Coast,2018-09-01,Persistence,6,10961.0,12259.0
1,East Coast,2018-10-01,Persistence,6,12290.0,10961.0
1,East Coast,2018-11-01,Persistence,6,11655.0,12290.0
1,East Coast,2018-12-01,Persistence,6,13175.0,11655.0
1,East Coast,2019-01-01,Persistence,6,11704.0,13175.0
1,East Coast,2019-02-01,Persistence,6,13873.0,11704.0
1,East Coast,2019-03-01,Persistence,6,12654.0,13873.0
1,East Coast,2019-04-01,Persistence,6,15125.0,12654.0
1,East Coast,2017-08-01,Physical level MLR,6,11969.0,17063.77434757026
1,East Coast,2017-09-01,Physical level MLR,6,13740.0,12407.790319702257
1,East Coast,2017-10-01,Physical level MLR,6,13016.0,14051.849962355962
1,East Coast,2017-11-01,Physical level MLR,6,11479.0,13414.40886824216
1,East Coast,2017-12-01,Physical level MLR,6,13729.0,12104.266227701879
1,East Coast,2018-01-01,Physical level MLR,6,12392.0,14031.521788960321
1,East Coast,2018-02-01,Physical level MLR,6,12309.0,12809.783236126637
1,East Coast,2018-03-01,Physical level MLR,6,15788.0,12831.652274589791
1,East Coast,2018-04-01,Physical level MLR,6,14913.0,15786.506442791348
1,East Coast,2018-05-01,Physical level MLR,6,16070.0,15057.150965871702
1,East Coast,2018-06-01,Physical level MLR,6,11942.0,16039.814680043877
1,East Coast,2018-07-01,Physical level MLR,6,11359.0,12564.832642590396
1,East Coast,2018-08-01,Physical level MLR,6,12259.0,12138.454893462915
1,East Coast,2018-09-01,Physical level MLR,6,10961.0,12938.764203278828
1,East Coast,2018-10-01,Physical level MLR,6,12290.0,11901.478877432812
1,East Coast,2018-11-01,Physical level MLR,6,11655.0,12912.881137519978
1,East Coast,2018-12-01,Physical level MLR,6,13175.0,12384.465743388348
1,East Coast,2019-01-01,Physical level MLR,6,11704.0,13756.760114675253
1,East Coast,2019-02-01,Physical level MLR,6,13873.0,12320.061988803549
1,East Coast,2019-03-01,Physical level MLR,6,12654.0,14200.602578711052
1,East Coast,2019-04-01,Physical level MLR,6,15125.0,13242.97128213609
1,East Coast,2017-08-01,Change MLR,6,11969.0,16640.096219463354
1,East Coast,2017-09-01,Change MLR,6,13740.0,13502.226870391036
1,East Coast,2017-10-01,Change MLR,6,13016.0,12930.04207419814
1,East Coast,2017-11-01,Change MLR,6,11479.0,13079.45364313332
1,East Coast,2017-12-01,Change MLR,6,13729.0,11866.724587540688
1,East Coast,2018-01-01,Change MLR,6,12392.0,12842.859224771099
1,East Coast,2018-02-01,Change MLR,6,12309.0,12858.530400503905
1,East Coast,2018-03-01,Change MLR,6,15788.0,12289.232217466037
1,East Coast,2018-04-01,Change MLR,6,14913.0,14760.396869096734
1,East Coast,2018-05-01,Change MLR,6,16070.0,15111.834183401585
1,East Coast,2018-06-01,Change MLR,6,11942.0,15660.375818163247
1,East Coast,2018-07-01,Change MLR,6,11359.0,12916.24087536156
1,East Coast,2018-08-01,Change MLR,6,12259.0,11486.097611573543
1,East Coast,2018-09-01,Change MLR,6,10961.0,11844.806177829647
1,East Coast,2018-10-01,Change MLR,6,12290.0,11253.807911087479
1,East Coast,2018-11-01,Change MLR,6,11655.0,11749.499211649587
1,East Coast,2018-12-01,Change MLR,6,13175.0,11752.773609143862
1,East Coast,2019-01-01,Change MLR,6,11704.0,12591.012624316096
1,East Coast,2019-02-01,Change MLR,6,13873.0,12280.468106057608
1,East Coast,2019-03-01,Change MLR,6,12654.0,13225.428272082698
1,East Coast,2019-04-01,Change MLR,6,15125.0,12877.91024018346
1,East Coast,2017-08-01,Seasonal ridge MLR,6,11969.0,16579.22893903304
1,East Coast,2017-09-01,Seasonal ridge MLR,6,13740.0,13602.936041976245
1,East Coast,2017-10-01,Seasonal ridge MLR,6,13016.0,13313.463502448329
1,East Coast,2017-11-01,Seasonal ridge MLR,6,11479.0,13685.51243498984
1,East Coast,2017-12-01,Seasonal ridge MLR,6,13729.0,12604.089813725821
1,East Coast,2018-01-01,Seasonal ridge MLR,6,12392.0,13584.672144521739
1,East Coast,2018-02-01,Seasonal ridge MLR,6,12309.0,13333.532790215448
1,East Coast,2018-03-01,Seasonal ridge MLR,6,15788.0,12641.849789489259
1,East Coast,2018-04-01,Seasonal ridge MLR,6,14913.0,14778.941629800564
1,East Coast,2018-05-01,Seasonal ridge MLR,6,16070.0,15066.804543293387
1,East Coast,2018-06-01,Seasonal ridge MLR,6,11942.0,15393.337388806785
1,East Coast,2018-07-01,Seasonal ridge MLR,6,11359.0,12885.777598252644
1,East Coast,2018-08-01,Seasonal ridge MLR,6,12259.0,11383.077996452786
1,East Coast,2018-09-01,Seasonal ridge MLR,6,10961.0,11960.094871927
1,East Coast,2018-10-01,Seasonal ridge MLR,6,12290.0,11679.670414053267
1,East Coast,2018-11-01,Seasonal ridge MLR,6,11655.0,12327.924582561009
1,East Coast,2018-12-01,Seasonal ridge MLR,6,13175.0,12529.803591057163
1,East Coast,2019-01-01,Seasonal ridge MLR,6,11704.0,13396.493692838998
1,East Coast,2019-02-01,Seasonal ridge MLR,6,13873.0,12736.348906912293
1,East Coast,2019-03-01,Seasonal ridge MLR,6,12654.0,13529.541870139263
1,East Coast,2019-04-01,Seasonal ridge MLR,6,15125.0,13144.229441195877
1,East Coast,2017-08-01,Polynomial ridge (degree 2),6,11969.0,16206.248399955954
1,East Coast,2017-09-01,Polynomial ridge (degree 2),6,13740.0,12996.938185347468
1,East Coast,2017-10-01,Polynomial ridge (degree 2),6,13016.0,13282.542389783794
1,East Coast,2017-11-01,Polynomial ridge (degree 2),6,11479.0,13259.605979419139
1,East Coast,2017-12-01,Polynomial ridge (degree 2),6,13729.0,11897.246367172074
1,East Coast,2018-01-01,Polynomial ridge (degree 2),6,12392.0,13279.951346475347
1,East Coast,2018-02-01,Polynomial ridge (degree 2),6,12309.0,12786.651566352355
1,East Coast,2018-03-01,Polynomial ridge (degree 2),6,15788.0,12566.633835562088
1,East Coast,2018-04-01,Polynomial ridge (degree 2),6,14913.0,14938.18525450283
1,East Coast,2018-05-01,Polynomial ridge (degree 2),6,16070.0,15099.185313470616
1,East Coast,2018-06-01,Polynomial ridge (degree 2),6,11942.0,15576.683444510245
1,East Coast,2018-07-01,Polynomial ridge (degree 2),6,11359.0,12735.455206604258
1,East Coast,2018-08-01,Polynomial ridge (degree 2),6,12259.0,11685.130015819099
1,East Coast,2018-09-01,Polynomial ridge (degree 2),6,10961.0,12325.476515868217
1,East Coast,2018-10-01,Polynomial ridge (degree 2),6,12290.0,11343.718307302584
1,East Coast,2018-11-01,Polynomial ridge (degree 2),6,11655.0,12236.798795677123
1,East Coast,2018-12-01,Polynomial ridge (degree 2),6,13175.0,11963.901983973621
1,East Coast,2019-01-01,Polynomial ridge (degree 2),6,11704.0,13056.135291148603
1,East Coast,2019-02-01,Polynomial ridge (degree 2),6,13873.0,12116.555248076162
1,East Coast,2019-03-01,Polynomial ridge (degree 2),6,12654.0,13499.391532115744
1,East Coast,2019-04-01,Polynomial ridge (degree 2),6,15125.0,13009.11942619821
1,East Coast,2017-08-01,Spline ridge (4 knots),6,11969.0,16956.89723491826
1,East Coast,2017-09-01,Spline ridge (4 knots),6,13740.0,12381.821968915006
1,East Coast,2017-10-01,Spline ridge (4 knots),6,13016.0,13140.095238623071
1,East Coast,2017-11-01,Spline ridge (4 knots),6,11479.0,13122.094745156526
1,East Coast,2017-12-01,Spline ridge (4 knots),6,13729.0,11822.221515928033
1,East Coast,2018-01-01,Spline ridge (4 knots),6,12392.0,12974.565946485225
1,East Coast,2018-02-01,Spline ridge (4 knots),6,12309.0,12730.208467531558
1,East Coast,2018-03-01,Spline ridge (4 knots),6,15788.0,12316.303706351864
1,East Coast,2018-04-01,Spline ridge (4 knots),6,14913.0,14922.50565848153
1,East Coast,2018-05-01,Spline ridge (4 knots),6,16070.0,15092.4283823674
1,East Coast,2018-06-01,Spline ridge (4 knots),6,11942.0,15573.71749723272
1,East Coast,2018-07-01,Spline ridge (4 knots),6,11359.0,12373.257174860093
1,East Coast,2018-08-01,Spline ridge (4 knots),6,12259.0,11558.713845693623
1,East Coast,2018-09-01,Spline ridge (4 knots),6,10961.0,11848.086465440263
1,East Coast,2018-10-01,Spline ridge (4 knots),6,12290.0,11251.884939710808
1,East Coast,2018-11-01,Spline ridge (4 knots),6,11655.0,11763.433655179799
1,East Coast,2018-12-01,Spline ridge (4 knots),6,13175.0,11748.416768966983
1,East Coast,2019-01-01,Spline ridge (4 knots),6,11704.0,12550.9318014159
1,East Coast,2019-02-01,Spline ridge (4 knots),6,13873.0,12014.524765265749
1,East Coast,2019-03-01,Spline ridge (4 knots),6,12654.0,13096.360831839527
1,East Coast,2019-04-01,Spline ridge (4 knots),6,15125.0,12896.252099426667
1,East Coast,2019-05-01,Persistence,7,14786.0,15125.0
1,East Coast,2019-06-01,Persistence,7,10651.0,14786.0
1,East Coast,2019-07-01,Persistence,7,10412.0,10651.0
1,East Coast,2019-08-01,Persistence,7,9779.0,10412.0
1,East Coast,2019-09-01,Persistence,7,10744.0,9779.0
1,East Coast,2019-10-01,Persistence,7,10698.0,10744.0
1,East Coast,2019-11-01,Persistence,7,9646.0,10698.0
1,East Coast,2019-12-01,Persistence,7,9729.0,9646.0
1,East Coast,2020-01-01,Persistence,7,10374.0,9729.0
1,East Coast,2020-02-01,Persistence,7,11369.0,10374.0
1,East Coast,2020-03-01,Persistence,7,11968.0,11369.0
1,East Coast,2020-04-01,Persistence,7,12820.0,11968.0
1,East Coast,2020-05-01,Persistence,7,12539.0,12820.0
1,East Coast,2020-06-01,Persistence,7,11454.0,12539.0
1,East Coast,2020-07-01,Persistence,7,12065.0,11454.0
1,East Coast,2020-08-01,Persistence,7,11148.0,12065.0
1,East Coast,2020-09-01,Persistence,7,10510.0,11148.0
1,East Coast,2020-10-01,Persistence,7,9916.0,10510.0
1,East Coast,2020-11-01,Persistence,7,9876.0,9916.0
1,East Coast,2020-12-01,Persistence,7,9925.0,9876.0
1,East Coast,2021-01-01,Persistence,7,7396.0,9925.0
1,East Coast,2019-05-01,Physical level MLR,7,14786.0,15079.654881886461
1,East Coast,2019-06-01,Physical level MLR,7,10651.0,14819.666641325113
1,East Coast,2019-07-01,Physical level MLR,7,10412.0,11471.186765738781
1,East Coast,2019-08-01,Physical level MLR,7,9779.0,11301.44212649268
1,East Coast,2019-09-01,Physical level MLR,7,10744.0,10787.668585552914
1,East Coast,2019-10-01,Physical level MLR,7,10698.0,11651.650001005577
1,East Coast,2019-11-01,Physical level MLR,7,9646.0,11554.331328678874
1,East Coast,2019-12-01,Physical level MLR,7,9729.0,10680.1173924157
1,East Coast,2020-01-01,Physical level MLR,7,10374.0,10788.442356844436
1,East Coast,2020-02-01,Physical level MLR,7,11369.0,11267.113561465869
1,East Coast,2020-03-01,Physical level MLR,7,11968.0,12052.938209994414
1,East Coast,2020-04-01,Physical level MLR,7,12820.0,12471.487153542043
1,East Coast,2020-05-01,Physical level MLR,7,12539.0,13153.515015893572
1,East Coast,2020-06-01,Physical level MLR,7,11454.0,12952.143458638702
1,East Coast,2020-07-01,Physical level MLR,7,12065.0,12063.621641138472
1,East Coast,2020-08-01,Physical level MLR,7,11148.0,12648.04885755683
1,East Coast,2020-09-01,Physical level MLR,7,10510.0,11933.13016827478
1,East Coast,2020-10-01,Physical level MLR,7,9916.0,11402.635625188663
1,East Coast,2020-11-01,Physical level MLR,7,9876.0,10869.120389109776
1,East Coast,2020-12-01,Physical level MLR,7,9925.0,10863.140042856186
1,East Coast,2021-01-01,Physical level MLR,7,7396.0,10908.337313151338
1,East Coast,2019-05-01,Change MLR,7,14786.0,14059.001930407414
1,East Coast,2019-06-01,Change MLR,7,10651.0,14598.335694086869
1,East Coast,2019-07-01,Change MLR,7,10412.0,11868.694601577952
1,East Coast,2019-08-01,Change MLR,7,9779.0,10050.994220076365
1,East Coast,2019-09-01,Change MLR,7,10744.0,9733.216824466192
1,East Coast,2019-10-01,Change MLR,7,10698.0,10070.067916893559
1,East Coast,2019-11-01,Change MLR,7,9646.0,10579.791743752696
1,East Coast,2019-12-01,Change MLR,7,9729.0,9807.575999528504
1,East Coast,2020-01-01,Change MLR,7,10374.0,9490.82730912399
1,East Coast,2020-02-01,Change MLR,7,11369.0,10118.916503644254
1,East Coast,2020-03-01,Change MLR,7,11968.0,11056.997414274383
1,East Coast,2020-04-01,Change MLR,7,12820.0,11936.023480942627
1,East Coast,2020-05-01,Change MLR,7,12539.0,12588.00506609008
1,East Coast,2020-06-01,Change MLR,7,11454.0,12548.92524164829
1,East Coast,2020-07-01,Change MLR,7,12065.0,11858.15192622083
1,East Coast,2020-08-01,Change MLR,7,11148.0,11675.665678167274
1,East Coast,2020-09-01,Change MLR,7,10510.0,11245.367739292733
1,East Coast,2020-10-01,Change MLR,7,9916.0,10561.098578516225
1,East Coast,2020-11-01,Change MLR,7,9876.0,9948.784367496299
1,East Coast,2020-12-01,Change MLR,7,9925.0,9686.537776045474
1,East Coast,2021-01-01,Change MLR,7,7396.0,9679.385860061328
1,East Coast,2019-05-01,Seasonal ridge MLR,7,14786.0,13838.154000442792
1,East Coast,2019-06-01,Seasonal ridge MLR,7,10651.0,14232.268985708113
1,East Coast,2019-07-01,Seasonal ridge MLR,7,10412.0,11512.816128736047
1,East Coast,2019-08-01,Seasonal ridge MLR,7,9779.0,9688.659828685466
1,East Coast,2019-09-01,Seasonal ridge MLR,7,10744.0,9549.527013765335
1,East Coast,2019-10-01,Seasonal ridge MLR,7,10698.0,10120.155862171454
1,East Coast,2019-11-01,Seasonal ridge MLR,7,9646.0,10881.710978828876
1,East Coast,2019-12-01,Seasonal ridge MLR,7,9729.0,10398.150432706898
1,East Coast,2020-01-01,Seasonal ridge MLR,7,10374.0,10207.558365991019
1,East Coast,2020-02-01,Seasonal ridge MLR,7,11369.0,10561.21737182752
1,East Coast,2020-03-01,Seasonal ridge MLR,7,11968.0,11231.646185690526
1,East Coast,2020-04-01,Seasonal ridge MLR,7,12820.0,11679.191376213765
1,East Coast,2020-05-01,Seasonal ridge MLR,7,12539.0,12093.761375326756
1,East Coast,2020-06-01,Seasonal ridge MLR,7,11454.0,11948.338681417754
1,East Coast,2020-07-01,Seasonal ridge MLR,7,12065.0,11141.270835505744
1,East Coast,2020-08-01,Seasonal ridge MLR,7,11148.0,11095.929951806564
1,East Coast,2020-09-01,Seasonal ridge MLR,7,10510.0,10979.354275391801
1,East Coast,2020-10-01,Seasonal ridge MLR,7,9916.0,10517.24792507993
1,East Coast,2020-11-01,Seasonal ridge MLR,7,9876.0,10188.00165149377
1,East Coast,2020-12-01,Seasonal ridge MLR,7,9925.0,10177.45001678151
1,East Coast,2021-01-01,Seasonal ridge MLR,7,7396.0,10266.341956879727
1,East Coast,2019-05-01,Polynomial ridge (degree 2),7,14786.0,14527.221386390902
1,East Coast,2019-06-01,Polynomial ridge (degree 2),7,10651.0,14792.957199287117
1,East Coast,2019-07-01,Polynomial ridge (degree 2),7,10412.0,11448.841720219938
1,East Coast,2019-08-01,Polynomial ridge (degree 2),7,9779.0,10770.535336016057
1,East Coast,2019-09-01,Polynomial ridge (degree 2),7,10744.0,10197.442551748556
1,East Coast,2019-10-01,Polynomial ridge (degree 2),7,10698.0,10873.11880094801
1,East Coast,2019-11-01,Polynomial ridge (degree 2),7,9646.0,11042.29345613853
1,East Coast,2019-12-01,Polynomial ridge (degree 2),7,9729.0,10114.934988395646
1,East Coast,2020-01-01,Polynomial ridge (degree 2),7,10374.0,10041.491868504887
1,East Coast,2020-02-01,Polynomial ridge (degree 2),7,11369.0,10615.865503904472
1,East Coast,2020-03-01,Polynomial ridge (degree 2),7,11968.0,11510.771269555345
1,East Coast,2020-04-01,Polynomial ridge (degree 2),7,12820.0,12069.972863884364
1,East Coast,2020-05-01,Polynomial ridge (degree 2),7,12539.0,12722.455489607177
1,East Coast,2020-06-01,Polynomial ridge (degree 2),7,11454.0,12725.439490876855
1,East Coast,2020-07-01,Polynomial ridge (degree 2),7,12065.0,11933.96875084944
1,East Coast,2020-08-01,Polynomial ridge (degree 2),7,11148.0,12111.609694362664
1,East Coast,2020-09-01,Polynomial ridge (degree 2),7,10510.0,11612.212663091479
1,East Coast,2020-10-01,Polynomial ridge (degree 2),7,9916.0,10941.842115997775
1,East Coast,2020-11-01,Polynomial ridge (degree 2),7,9876.0,10358.790164224205
1,East Coast,2020-12-01,Polynomial ridge (degree 2),7,9925.0,10217.484228245494
1,East Coast,2021-01-01,Polynomial ridge (degree 2),7,7396.0,10248.73762676503
1,East Coast,2019-05-01,Spline ridge (4 knots),7,14786.0,14216.009717888288
1,East Coast,2019-06-01,Spline ridge (4 knots),7,10651.0,14981.802258986581
1,East Coast,2019-07-01,Spline ridge (4 knots),7,10412.0,11561.317711097456
1,East Coast,2019-08-01,Spline ridge (4 knots),7,9779.0,10479.836004285957
1,East Coast,2019-09-01,Spline ridge (4 knots),7,10744.0,10138.934796745974
1,East Coast,2019-10-01,Spline ridge (4 knots),7,10698.0,10264.25819242232
1,East Coast,2019-11-01,Spline ridge (4 knots),7,9646.0,10859.247759769694
1,East Coast,2019-12-01,Spline ridge (4 knots),7,9729.0,10121.354359278603
1,East Coast,2020-01-01,Spline ridge (4 knots),7,10374.0,9976.180333811531
1,East Coast,2020-02-01,Spline ridge (4 knots),7,11369.0,10189.555198519174
1,East Coast,2020-03-01,Spline ridge (4 knots),7,11968.0,10970.373802418322
1,East Coast,2020-04-01,Spline ridge (4 knots),7,12820.0,11689.664780259343
1,East Coast,2020-05-01,Spline ridge (4 knots),7,12539.0,12374.261554618253
1,East Coast,2020-06-01,Spline ridge (4 knots),7,11454.0,12614.263754189536
1,East Coast,2020-07-01,Spline ridge (4 knots),7,12065.0,11820.812950324162
1,East Coast,2020-08-01,Spline ridge (4 knots),7,11148.0,11745.853869852192
1,East Coast,2020-09-01,Spline ridge (4 knots),7,10510.0,11493.506367760838
1,East Coast,2020-10-01,Spline ridge (4 knots),7,9916.0,10732.92672383996
1,East Coast,2020-11-01,Spline ridge (4 knots),7,9876.0,10097.193647212302
1,East Coast,2020-12-01,Spline ridge (4 knots),7,9925.0,9875.869460831149
1,East Coast,2021-01-01,Spline ridge (4 knots),7,7396.0,9881.59029856381
1,East Coast,2021-02-01,Persistence,8,8357.0,7396.0
1,East Coast,2021-03-01,Persistence,8,8739.0,8357.0
1,East Coast,2021-04-01,Persistence,8,8347.0,8739.0
1,East Coast,2021-05-01,Persistence,8,7753.0,8347.0
1,East Coast,2021-06-01,Persistence,8,8102.0,7753.0
1,East Coast,2021-07-01,Persistence,8,8501.0,8102.0
1,East Coast,2021-08-01,Persistence,8,7728.0,8501.0
1,East Coast,2021-09-01,Persistence,8,7439.0,7728.0
1,East Coast,2021-10-01,Persistence,8,7418.0,7439.0
1,East Coast,2021-11-01,Persistence,8,7395.0,7418.0
1,East Coast,2021-12-01,Persistence,8,7035.0,7395.0
1,East Coast,2022-01-01,Persistence,8,7823.0,7035.0
1,East Coast,2022-02-01,Persistence,8,6984.0,7823.0
1,East Coast,2022-03-01,Persistence,8,7739.0,6984.0
1,East Coast,2022-04-01,Persistence,8,7120.0,7739.0
1,East Coast,2022-05-01,Persistence,8,8711.0,7120.0
1,East Coast,2022-06-01,Persistence,8,7451.0,8711.0
1,East Coast,2022-07-01,Persistence,8,7044.0,7451.0
1,East Coast,2022-08-01,Persistence,8,7597.0,7044.0
1,East Coast,2022-09-01,Persistence,8,8411.0,7597.0
1,East Coast,2022-10-01,Persistence,8,7340.0,8411.0
1,East Coast,2021-02-01,Physical level MLR,8,8357.0,8201.648450204193
1,East Coast,2021-03-01,Physical level MLR,8,8739.0,9018.006963295391
1,East Coast,2021-04-01,Physical level MLR,8,8347.0,9342.511595970558
1,East Coast,2021-05-01,Physical level MLR,8,7753.0,9009.512077623265
1,East Coast,2021-06-01,Physical level MLR,8,8102.0,8504.91586869905
1,East Coast,2021-07-01,Physical level MLR,8,8501.0,8801.387378656207
1,East Coast,2021-08-01,Physical level MLR,8,7728.0,9140.333316973989
1,East Coast,2021-09-01,Physical level MLR,8,7439.0,8483.678654518739
1,East Coast,2021-10-01,Physical level MLR,8,7418.0,8238.176458594331
1,East Coast,2021-11-01,Physical level MLR,8,7395.0,8220.337198682868
1,East Coast,2021-12-01,Physical level MLR,8,7035.0,8200.798961636981
1,East Coast,2022-01-01,Physical level MLR,8,7823.0,7894.983077440486
1,East Coast,2022-02-01,Physical level MLR,8,6984.0,8564.380068403923
1,East Coast,2022-03-01,Physical level MLR,8,7739.0,7851.65916051265
1,East Coast,2022-04-01,Physical level MLR,8,7120.0,8493.023028758074
1,East Coast,2022-05-01,Physical level MLR,8,8711.0,7967.189605653548
1,East Coast,2022-06-01,Physical level MLR,8,7451.0,9318.72591608861
1,East Coast,2022-07-01,Physical level MLR,8,7044.0,8248.37032140088
1,East Coast,2022-08-01,Physical level MLR,8,7597.0,7902.628474545399
1,East Coast,2022-09-01,Physical level MLR,8,8411.0,8372.395652213901
1,East Coast,2022-10-01,Physical level MLR,8,7340.0,9063.879345924865
1,East Coast,2021-02-01,Change MLR,8,8357.0,8055.587504964604
1,East Coast,2021-03-01,Change MLR,8,8739.0,7661.237292491197
1,East Coast,2021-04-01,Change MLR,8,8347.0,7918.351369586321
1,East Coast,2021-05-01,Change MLR,8,7753.0,7837.442262874893
1,East Coast,2021-06-01,Change MLR,8,8102.0,7517.892089418317
1,East Coast,2021-07-01,Change MLR,8,8501.0,7558.43327298153
1,East Coast,2021-08-01,Change MLR,8,7728.0,7907.915303002935
1,East Coast,2021-09-01,Change MLR,8,7439.0,7537.67451770911
1,East Coast,2021-10-01,Change MLR,8,7418.0,7218.724733533076
1,East Coast,2021-11-01,Change MLR,8,7395.0,7151.348724609521
1,East Coast,2021-12-01,Change MLR,8,7035.0,7013.205109935928
1,East Coast,2022-01-01,Change MLR,8,7823.0,7045.623896342688
1,East Coast,2022-02-01,Change MLR,8,6984.0,7488.615555466584
1,East Coast,2022-03-01,Change MLR,8,7739.0,7026.514589043336
1,East Coast,2022-04-01,Change MLR,8,7120.0,7295.006857353893
1,East Coast,2022-05-01,Change MLR,8,8711.0,7158.852434973183
1,East Coast,2022-06-01,Change MLR,8,7451.0,8146.957998135784
1,East Coast,2022-07-01,Change MLR,8,7044.0,7481.57541986453
1,East Coast,2022-08-01,Change MLR,8,7597.0,6952.008216142021
1,East Coast,2022-09-01,Change MLR,8,8411.0,7333.312335334582
1,East Coast,2022-10-01,Change MLR,8,7340.0,7929.2411456765485
1,East Coast,2021-02-01,Seasonal ridge MLR,8,8357.0,8575.608059807488
1,East Coast,2021-03-01,Seasonal ridge MLR,8,8739.0,8005.397753406971
1,East Coast,2021-04-01,Seasonal ridge MLR,8,8347.0,8118.65256607369
1,East Coast,2021-05-01,Seasonal ridge MLR,8,7753.0,7749.157891526824
1,East Coast,2021-06-01,Seasonal ridge MLR,8,8102.0,7141.520241967491
1,East Coast,2021-07-01,Seasonal ridge MLR,8,8501.0,7053.489164392935
1,East Coast,2021-08-01,Seasonal ridge MLR,8,7728.0,7497.040640720711
1,East Coast,2021-09-01,Seasonal ridge MLR,8,7439.0,7330.004807154897
1,East Coast,2021-10-01,Seasonal ridge MLR,8,7418.0,7201.126326959583
1,East Coast,2021-11-01,Seasonal ridge MLR,8,7395.0,7408.53569511075
1,East Coast,2021-12-01,Seasonal ridge MLR,8,7035.0,7568.287467641849
1,East Coast,2022-01-01,Seasonal ridge MLR,8,7823.0,7601.107519205344
1,East Coast,2022-02-01,Seasonal ridge MLR,8,6984.0,7888.9437839906905
1,East Coast,2022-03-01,Seasonal ridge MLR,8,7739.0,7343.4198728535575
1,East Coast,2022-04-01,Seasonal ridge MLR,8,7120.0,7290.8244140473425
1,East Coast,2022-05-01,Seasonal ridge MLR,8,8711.0,6903.059966038115
1,East Coast,2022-06-01,Seasonal ridge MLR,8,7451.0,7543.776045758493
1,East Coast,2022-07-01,Seasonal ridge MLR,8,7044.0,7134.743202388019
1,East Coast,2022-08-01,Seasonal ridge MLR,8,7597.0,6556.476945550544
1,East Coast,2022-09-01,Seasonal ridge MLR,8,8411.0,6956.694329280363
1,East Coast,2022-10-01,Seasonal ridge MLR,8,7340.0,7864.293902526807
1,East Coast,2021-02-01,Polynomial ridge (degree 2),8,8357.0,7769.895573720122
1,East Coast,2021-03-01,Polynomial ridge (degree 2),8,8739.0,8467.493946442486
1,East Coast,2021-04-01,Polynomial ridge (degree 2),8,8347.0,8939.48258947803
1,East Coast,2021-05-01,Polynomial ridge (degree 2),8,7753.0,8623.69484268684
1,East Coast,2021-06-01,Polynomial ridge (degree 2),8,8102.0,7987.739857395905
1,East Coast,2021-07-01,Polynomial ridge (degree 2),8,8501.0,8293.802272047542
1,East Coast,2021-08-01,Polynomial ridge (degree 2),8,7728.0,8671.432162459147
1,East Coast,2021-09-01,Polynomial ridge (degree 2),8,7439.0,7995.705507511422
1,East Coast,2021-10-01,Polynomial ridge (degree 2),8,7418.0,7691.037615813208
1,East Coast,2021-11-01,Polynomial ridge (degree 2),8,7395.0,7622.688819680884
1,East Coast,2021-12-01,Polynomial ridge (degree 2),8,7035.0,7616.608729270655
1,East Coast,2022-01-01,Polynomial ridge (degree 2),8,7823.0,7134.6856601829295
1,East Coast,2022-02-01,Polynomial ridge (degree 2),8,6984.0,7956.390265066559
1,East Coast,2022-03-01,Polynomial ridge (degree 2),8,7739.0,7152.757859364139
1,East Coast,2022-04-01,Polynomial ridge (degree 2),8,7120.0,7859.575427839735
1,East Coast,2022-05-01,Polynomial ridge (degree 2),8,8711.0,7233.570322465275
1,East Coast,2022-06-01,Polynomial ridge (degree 2),8,7451.0,8771.48240968483
1,East Coast,2022-07-01,Polynomial ridge (degree 2),8,7044.0,7623.640043899554
1,East Coast,2022-08-01,Polynomial ridge (degree 2),8,7597.0,7112.590020782264
1,East Coast,2022-09-01,Polynomial ridge (degree 2),8,8411.0,7714.258752420037
1,East Coast,2022-10-01,Polynomial ridge (degree 2),8,7340.0,8541.194627887144
1,East Coast,2021-02-01,Spline ridge (4 knots),8,8357.0,7870.692034886731
1,East Coast,2021-03-01,Spline ridge (4 knots),8,8739.0,7843.025082277437
1,East Coast,2021-04-01,Spline ridge (4 knots),8,8347.0,8456.212657161474
1,East Coast,2021-05-01,Spline ridge (4 knots),8,7753.0,8342.625402861537
1,East Coast,2021-06-01,Spline ridge (4 knots),8,8102.0,7841.863137232276
1,East Coast,2021-07-01,Spline ridge (4 knots),8,8501.0,7819.443905405805
1,East Coast,2021-08-01,Spline ridge (4 knots),8,7728.0,8210.890108789103
1,East Coast,2021-09-01,Spline ridge (4 knots),8,7439.0,7855.995907316356
1,East Coast,2021-10-01,Spline ridge (4 knots),8,7418.0,7397.47207191595
1,East Coast,2021-11-01,Spline ridge (4 knots),8,7395.0,7284.344391117289
1,East Coast,2021-12-01,Spline ridge (4 knots),8,7035.0,7258.983146255924
1,East Coast,2022-01-01,Spline ridge (4 knots),8,7823.0,7132.277176353359
1,East Coast,2022-02-01,Spline ridge (4 knots),8,6984.0,7349.378469788
1,East Coast,2022-03-01,Spline ridge (4 knots),8,7739.0,7169.799977728298
1,East Coast,2022-04-01,Spline ridge (4 knots),8,7120.0,7302.504603676559
1,East Coast,2022-05-01,Spline ridge (4 knots),8,8711.0,7310.86249001957
1,East Coast,2022-06-01,Spline ridge (4 knots),8,7451.0,7931.056871684412
1,East Coast,2022-07-01,Spline ridge (4 knots),8,7044.0,7829.537096055655
1,East Coast,2022-08-01,Spline ridge (4 knots),8,7597.0,7214.7131155160905
1,East Coast,2022-09-01,Spline ridge (4 knots),8,8411.0,7283.634479150027
1,East Coast,2022-10-01,Spline ridge (4 knots),8,7340.0,7926.090865827493
1,East Coast,2022-11-01,Persistence,9,7612.0,7340.0
1,East Coast,2022-12-01,Persistence,9,7164.0,7612.0
1,East Coast,2023-01-01,Persistence,9,7617.0,7164.0
1,East Coast,2023-02-01,Persistence,9,7033.0,7617.0
1,East Coast,2023-03-01,Persistence,9,8147.0,7033.0
1,East Coast,2023-04-01,Persistence,9,7900.0,8147.0
1,East Coast,2023-05-01,Persistence,9,7493.0,7900.0
1,East Coast,2023-06-01,Persistence,9,7796.0,7493.0
1,East Coast,2023-07-01,Persistence,9,6905.0,7796.0
1,East Coast,2023-08-01,Persistence,9,7540.0,6905.0
1,East Coast,2023-09-01,Persistence,9,8621.0,7540.0
1,East Coast,2023-10-01,Persistence,9,8518.0,8621.0
1,East Coast,2023-11-01,Persistence,9,7201.0,8518.0
1,East Coast,2023-12-01,Persistence,9,8093.0,7201.0
1,East Coast,2024-01-01,Persistence,9,8615.0,8093.0
1,East Coast,2024-02-01,Persistence,9,8824.0,8615.0
1,East Coast,2024-03-01,Persistence,9,8943.0,8824.0
1,East Coast,2024-04-01,Persistence,9,7981.0,8943.0
1,East Coast,2024-05-01,Persistence,9,7754.0,7981.0
1,East Coast,2024-06-01,Persistence,9,8245.0,7754.0
1,East Coast,2024-07-01,Persistence,9,7460.0,8245.0
1,East Coast,2022-11-01,Physical level MLR,9,7612.0,7865.574437983197
1,East Coast,2022-12-01,Physical level MLR,9,7164.0,8107.56433058921
1,East Coast,2023-01-01,Physical level MLR,9,7617.0,7708.992742767541
1,East Coast,2023-02-01,Physical level MLR,9,7033.0,8112.012674203292
1,East Coast,2023-03-01,Physical level MLR,9,8147.0,7592.446140078616
1,East Coast,2023-04-01,Physical level MLR,9,7900.0,8583.537097295892
1,East Coast,2023-05-01,Physical level MLR,9,7493.0,8363.788922760283
1,East Coast,2023-06-01,Physical level MLR,9,7796.0,8001.69375257408
1,East Coast,2023-07-01,Physical level MLR,9,6905.0,8271.263375587396
1,East Coast,2023-08-01,Physical level MLR,9,7540.0,7478.568543558138
1,East Coast,2023-09-01,Physical level MLR,9,8621.0,8043.508182546442
1,East Coast,2023-10-01,Physical level MLR,9,8518.0,9005.240071910783
1,East Coast,2023-11-01,Physical level MLR,9,7201.0,8913.604193460711
1,East Coast,2023-12-01,Physical level MLR,9,8093.0,7741.910485511741
1,East Coast,2024-01-01,Physical level MLR,9,8615.0,8535.494986263815
1,East Coast,2024-02-01,Physical level MLR,9,8824.0,8999.902059573884
1,East Coast,2024-03-01,Physical level MLR,9,8943.0,9185.842822642477
1,East Coast,2024-04-01,Physical level MLR,9,7981.0,9291.713400657607
1,East Coast,2024-05-01,Physical level MLR,9,7754.0,8435.852089308399
1,East Coast,2024-06-01,Physical level MLR,9,8245.0,8233.897289229113
1,East Coast,2024-07-01,Physical level MLR,9,7460.0,8670.724632131882
1,East Coast,2022-11-01,Change MLR,9,7612.0,7575.804064080231
1,East Coast,2022-12-01,Change MLR,9,7164.0,7439.4266345056485
1,East Coast,2023-01-01,Change MLR,9,7617.0,7190.694071720968
1,East Coast,2023-02-01,Change MLR,9,7033.0,7341.690023422814
1,East Coast,2023-03-01,Change MLR,9,8147.0,6971.567028674979
1,East Coast,2023-04-01,Change MLR,9,7900.0,7509.985443878313
1,East Coast,2023-05-01,Change MLR,9,7493.0,7652.966341541567
1,East Coast,2023-06-01,Change MLR,9,7796.0,7379.335336812179
1,East Coast,2023-07-01,Change MLR,9,6905.0,7478.338153910532
1,East Coast,2023-08-01,Change MLR,9,7540.0,6812.534447406919
1,East Coast,2023-09-01,Change MLR,9,8621.0,7191.746128021838
1,East Coast,2023-10-01,Change MLR,9,8518.0,7951.218543337811
1,East Coast,2023-11-01,Change MLR,9,7201.0,8120.457785550254
1,East Coast,2023-12-01,Change MLR,9,8093.0,7497.355342604194
1,East Coast,2024-01-01,Change MLR,9,8615.0,7518.279737147184
1,East Coast,2024-02-01,Change MLR,9,8824.0,8470.048570703777
1,East Coast,2024-03-01,Change MLR,9,8943.0,8725.935522322901
1,East Coast,2024-04-01,Change MLR,9,7981.0,8856.44754915803
1,East Coast,2024-05-01,Change MLR,9,7754.0,8088.431677120343
1,East Coast,2024-06-01,Change MLR,9,8245.0,7877.704212315429
1,East Coast,2024-07-01,Change MLR,9,7460.0,7898.9717367927715
1,East Coast,2022-11-01,Seasonal ridge MLR,9,7612.0,7810.728546670553
1,East Coast,2022-12-01,Seasonal ridge MLR,9,7164.0,7861.023726789242
1,East Coast,2023-01-01,Seasonal ridge MLR,9,7617.0,7703.856173177424
1,East Coast,2023-02-01,Seasonal ridge MLR,9,7033.0,7745.778244560539
1,East Coast,2023-03-01,Seasonal ridge MLR,9,8147.0,7292.228507992995
1,East Coast,2023-04-01,Seasonal ridge MLR,9,7900.0,7568.222777383876
1,East Coast,2023-05-01,Seasonal ridge MLR,9,7493.0,7515.203017884163
1,East Coast,2023-06-01,Seasonal ridge MLR,9,7796.0,6986.26381712623
1,East Coast,2023-07-01,Seasonal ridge MLR,9,6905.0,6975.021140538387
1,East Coast,2023-08-01,Seasonal ridge MLR,9,7540.0,6489.192278242919
1,East Coast,2023-09-01,Seasonal ridge MLR,9,8621.0,6862.358022804781
1,East Coast,2023-10-01,Seasonal ridge MLR,9,8518.0,7937.950413343455
1,East Coast,2023-11-01,Seasonal ridge MLR,9,7201.0,8461.975650148546
1,East Coast,2023-12-01,Seasonal ridge MLR,9,8093.0,7947.672831218535
1,East Coast,2024-01-01,Seasonal ridge MLR,9,8615.0,8040.904027127893
1,East Coast,2024-02-01,Seasonal ridge MLR,9,8824.0,8812.032673323052
1,East Coast,2024-03-01,Seasonal ridge MLR,9,8943.0,8947.419520366291
1,East Coast,2024-04-01,Seasonal ridge MLR,9,7981.0,8829.231399701912
1,East Coast,2024-05-01,Seasonal ridge MLR,9,7754.0,7925.186420904665
1,East Coast,2024-06-01,Seasonal ridge MLR,9,8245.0,7364.484773702528
1,East Coast,2024-07-01,Seasonal ridge MLR,9,7460.0,7395.821302231431
1,East Coast,2022-11-01,Polynomial ridge (degree 2),9,7612.0,7547.909210557986
1,East Coast,2022-12-01,Polynomial ridge (degree 2),9,7164.0,7643.041483615389
1,East Coast,2023-01-01,Polynomial ridge (degree 2),9,7617.0,7241.492547323259
1,East Coast,2023-02-01,Polynomial ridge (degree 2),9,7033.0,7629.298779974314
1,East Coast,2023-03-01,Polynomial ridge (degree 2),9,8147.0,7194.538248208422
1,East Coast,2023-04-01,Polynomial ridge (degree 2),9,7900.0,8058.861642491243
1,East Coast,2023-05-01,Polynomial ridge (degree 2),9,7493.0,8043.5246879887545
1,East Coast,2023-06-01,Polynomial ridge (degree 2),9,7796.0,7655.272273782182
1,East Coast,2023-07-01,Polynomial ridge (degree 2),9,6905.0,7841.7642764368
1,East Coast,2023-08-01,Polynomial ridge (degree 2),9,7540.0,7084.648811294182
1,East Coast,2023-09-01,Polynomial ridge (degree 2),9,8621.0,7515.851301215856
1,East Coast,2023-10-01,Polynomial ridge (degree 2),9,8518.0,8522.0022679549
1,East Coast,2023-11-01,Polynomial ridge (degree 2),9,7201.0,8676.06210490498
1,East Coast,2023-12-01,Polynomial ridge (degree 2),9,8093.0,7418.806858129214
1,East Coast,2024-01-01,Polynomial ridge (degree 2),9,8615.0,8032.010567878434
1,East Coast,2024-02-01,Polynomial ridge (degree 2),9,8824.0,8647.897956763554
1,East Coast,2024-03-01,Polynomial ridge (degree 2),9,8943.0,8921.78266798744
1,East Coast,2024-04-01,Polynomial ridge (degree 2),9,7981.0,9058.689391806603
1,East Coast,2024-05-01,Polynomial ridge (degree 2),9,7754.0,8242.951870143372
1,East Coast,2024-06-01,Polynomial ridge (degree 2),9,8245.0,7866.809136659778
1,East Coast,2024-07-01,Polynomial ridge (degree 2),9,7460.0,8271.179144170714
1,East Coast,2022-11-01,Spline ridge (4 knots),9,7612.0,7606.94094593716
1,East Coast,2022-12-01,Spline ridge (4 knots),9,7164.0,7452.73370156016
1,East Coast,2023-01-01,Spline ridge (4 knots),9,7617.0,7330.625629695696
1,East Coast,2023-02-01,Spline ridge (4 knots),9,7033.0,7291.873247583089
1,East Coast,2023-03-01,Spline ridge (4 knots),9,8147.0,7094.872537519523
1,East Coast,2023-04-01,Spline ridge (4 knots),9,7900.0,7511.810344598476
1,East Coast,2023-05-01,Spline ridge (4 knots),9,7493.0,7866.925183046289
1,East Coast,2023-06-01,Spline ridge (4 knots),9,7796.0,7498.8997498050185
1,East Coast,2023-07-01,Spline ridge (4 knots),9,6905.0,7538.437937239575
1,East Coast,2023-08-01,Spline ridge (4 knots),9,7540.0,7067.862149360071
1,East Coast,2023-09-01,Spline ridge (4 knots),9,8621.0,7132.651367608258
1,East Coast,2023-10-01,Spline ridge (4 knots),9,8518.0,8004.918991815418
1,East Coast,2023-11-01,Spline ridge (4 knots),9,7201.0,8428.36718873989
1,East Coast,2023-12-01,Spline ridge (4 knots),9,8093.0,7546.989237086208
1,East Coast,2024-01-01,Spline ridge (4 knots),9,8615.0,7578.639923572289
1,East Coast,2024-02-01,Spline ridge (4 knots),9,8824.0,8275.534119811029
1,East Coast,2024-03-01,Spline ridge (4 knots),9,8943.0,8642.24736308759
1,East Coast,2024-04-01,Spline ridge (4 knots),9,7981.0,8792.766970085193
1,East Coast,2024-05-01,Spline ridge (4 knots),9,7754.0,8186.05677003059
1,East Coast,2024-06-01,Spline ridge (4 knots),9,8245.0,7789.255463244594
1,East Coast,2024-07-01,Spline ridge (4 knots),9,7460.0,7903.033248905341
1,East Coast,2024-08-01,Persistence,10,7911.0,7460.0
1,East Coast,2024-09-01,Persistence,10,7822.0,7911.0
1,East Coast,2024-10-01,Persistence,10,8416.0,7822.0
1,East Coast,2024-11-01,Persistence,10,7872.0,8416.0
1,East Coast,2024-12-01,Persistence,10,8666.0,7872.0
1,East Coast,2025-01-01,Persistence,10,8068.0,8666.0
1,East Coast,2025-02-01,Persistence,10,7651.0,8068.0
1,East Coast,2025-03-01,Persistence,10,8110.0,7651.0
1,East Coast,2025-04-01,Persistence,10,8824.0,8110.0
1,East Coast,2025-05-01,Persistence,10,9739.0,8824.0
1,East Coast,2025-06-01,Persistence,10,8439.0,9739.0
1,East Coast,2025-07-01,Persistence,10,7752.0,8439.0
1,East Coast,2025-08-01,Persistence,10,7395.0,7752.0
1,East Coast,2025-09-01,Persistence,10,7832.0,7395.0
1,East Coast,2025-10-01,Persistence,10,8383.0,7832.0
1,East Coast,2025-11-01,Persistence,10,6591.0,8383.0
1,East Coast,2025-12-01,Persistence,10,6482.0,6591.0
1,East Coast,2026-01-01,Persistence,10,8564.0,6482.0
1,East Coast,2026-02-01,Persistence,10,8537.0,8564.0
1,East Coast,2026-03-01,Persistence,10,8832.0,8537.0
1,East Coast,2026-04-01,Persistence,10,8707.0,8832.0
1,East Coast,2024-08-01,Physical level MLR,10,7911.0,7849.972196292636
1,East Coast,2024-09-01,Physical level MLR,10,7822.0,8258.81791371669
1,East Coast,2024-10-01,Physical level MLR,10,8416.0,8178.136608060946
1,East Coast,2024-11-01,Physical level MLR,10,7872.0,8716.616333448725
1,East Coast,2024-12-01,Physical level MLR,10,8666.0,8223.463184272037
1,East Coast,2025-01-01,Physical level MLR,10,8068.0,8943.249214504185
1,East Coast,2025-02-01,Physical level MLR,10,7651.0,8401.14336301952
1,East Coast,2025-03-01,Physical level MLR,10,8110.0,8023.119717419009
1,East Coast,2025-04-01,Physical level MLR,10,8824.0,8439.217687036838
1,East Coast,2025-05-01,Physical level MLR,10,9739.0,9086.481195331238
1,East Coast,2025-06-01,Physical level MLR,10,8439.0,9915.95753999423
1,East Coast,2025-07-01,Physical level MLR,10,7752.0,8737.466558505825
1,East Coast,2025-08-01,Physical level MLR,10,7395.0,8114.679401365416
1,East Coast,2025-09-01,Physical level MLR,10,7832.0,7791.047647218216
1,East Coast,2025-10-01,Physical level MLR,10,8383.0,8187.201923303164
1,East Coast,2025-11-01,Physical level MLR,10,6591.0,8686.700793149403
1,East Coast,2025-12-01,Physical level MLR,10,6482.0,7062.19630174385
1,East Coast,2026-01-01,Physical level MLR,10,8564.0,6963.384365603669
1,East Coast,2026-02-01,Physical level MLR,10,8537.0,8850.782999033556
1,East Coast,2026-03-01,Physical level MLR,10,8832.0,8826.306647879566
1,East Coast,2026-04-01,Physical level MLR,10,8707.0,9093.733447525014
1,East Coast,2024-08-01,Change MLR,10,7911.0,7904.461173282992
1,East Coast,2024-09-01,Change MLR,10,7822.0,7876.558999970005
1,East Coast,2024-10-01,Change MLR,10,8416.0,7976.354273333834
1,East Coast,2024-11-01,Change MLR,10,7872.0,8442.249506698157
1,East Coast,2024-12-01,Change MLR,10,8666.0,8208.085151156432
1,East Coast,2025-01-01,Change MLR,10,8068.0,8555.311191746678
1,East Coast,2025-02-01,Change MLR,10,7651.0,8818.926402312307
1,East Coast,2025-03-01,Change MLR,10,8110.0,8215.673644739549
1,East Coast,2025-04-01,Change MLR,10,8824.0,8118.704906956405
1,East Coast,2025-05-01,Change MLR,10,9739.0,8459.59489499736
1,East Coast,2025-06-01,Change MLR,10,8439.0,9414.263975801034
1,East Coast,2025-07-01,Change MLR,10,7752.0,8858.522794960012
1,East Coast,2025-08-01,Change MLR,10,7395.0,7941.287392173025
1,East Coast,2025-09-01,Change MLR,10,7832.0,7467.605150163553
1,East Coast,2025-10-01,Change MLR,10,8383.0,7385.349121482809
1,East Coast,2025-11-01,Change MLR,10,6591.0,8239.712982091363
1,East Coast,2025-12-01,Change MLR,10,6482.0,7020.167575914589
1,East Coast,2026-01-01,Change MLR,10,8564.0,6434.973659585834
1,East Coast,2026-02-01,Change MLR,10,8537.0,7795.579474541286
1,East Coast,2026-03-01,Change MLR,10,8832.0,8320.45288493961
1,East Coast,2026-04-01,Change MLR,10,8707.0,8626.7681276716
1,East Coast,2024-08-01,Seasonal ridge MLR,10,7911.0,7361.399342506935
1,East Coast,2024-09-01,Seasonal ridge MLR,10,7822.0,7495.249683127797
1,East Coast,2024-10-01,Seasonal ridge MLR,10,8416.0,7837.043912311722
1,East Coast,2024-11-01,Seasonal ridge MLR,10,7872.0,8466.521180325828
1,East Coast,2024-12-01,Seasonal ridge MLR,10,8666.0,8479.037084154219
1,East Coast,2025-01-01,Seasonal ridge MLR,10,8068.0,8870.444791379243
1,East Coast,2025-02-01,Seasonal ridge MLR,10,7651.0,8907.790296036763
1,East Coast,2025-03-01,Seasonal ridge MLR,10,8110.0,8205.758678128288
1,East Coast,2025-04-01,Seasonal ridge MLR,10,8824.0,8001.032935255205
1,East Coast,2025-05-01,Seasonal ridge MLR,10,9739.0,8260.148293432942
1,East Coast,2025-06-01,Seasonal ridge MLR,10,8439.0,8960.160460461155
1,East Coast,2025-07-01,Seasonal ridge MLR,10,7752.0,8371.525386825986
1,East Coast,2025-08-01,Seasonal ridge MLR,10,7395.0,7519.893533152266
1,East Coast,2025-09-01,Seasonal ridge MLR,10,7832.0,7195.511628462009
1,East Coast,2025-10-01,Seasonal ridge MLR,10,8383.0,7455.142720860125
1,East Coast,2025-11-01,Seasonal ridge MLR,10,6591.0,8378.824502110552
1,East Coast,2025-12-01,Seasonal ridge MLR,10,6482.0,7495.180898615011
1,East Coast,2026-01-01,Seasonal ridge MLR,10,8564.0,6888.433984817388
1,East Coast,2026-02-01,Seasonal ridge MLR,10,8537.0,8155.710751176747
1,East Coast,2026-03-01,Seasonal ridge MLR,10,8832.0,8642.028418004678
1,East Coast,2026-04-01,Seasonal ridge MLR,10,8707.0,8646.55201861411
1,East Coast,2024-08-01,Polynomial ridge (degree 2),10,7911.0,7626.823052096741
1,East Coast,2024-09-01,Polynomial ridge (degree 2),10,7822.0,7915.873102270944
1,East Coast,2024-10-01,Polynomial ridge (degree 2),10,8416.0,7917.660599796258
1,East Coast,2024-11-01,Polynomial ridge (degree 2),10,7872.0,8419.778953283394
1,East Coast,2024-12-01,Polynomial ridge (degree 2),10,8666.0,8047.157425797777
1,East Coast,2025-01-01,Polynomial ridge (degree 2),10,8068.0,8628.751486067977
1,East Coast,2025-02-01,Polynomial ridge (degree 2),10,7651.0,8257.142525044186
1,East Coast,2025-03-01,Polynomial ridge (degree 2),10,8110.0,7789.335012339239
1,East Coast,2025-04-01,Polynomial ridge (degree 2),10,8824.0,8123.99407938806
1,East Coast,2025-05-01,Polynomial ridge (degree 2),10,9739.0,8824.45701261599
1,East Coast,2025-06-01,Polynomial ridge (degree 2),10,8439.0,9664.07123914798
1,East Coast,2025-07-01,Polynomial ridge (degree 2),10,7752.0,8779.056579948514
1,East Coast,2025-08-01,Polynomial ridge (degree 2),10,7395.0,7934.33420121358
1,East Coast,2025-09-01,Polynomial ridge (degree 2),10,7832.0,7505.552790317353
1,East Coast,2025-10-01,Polynomial ridge (degree 2),10,8383.0,7837.124318710422
1,East Coast,2025-11-01,Polynomial ridge (degree 2),10,6591.0,8416.093228151656
1,East Coast,2025-12-01,Polynomial ridge (degree 2),10,6482.0,6771.800895190386
1,East Coast,2026-01-01,Polynomial ridge (degree 2),10,8564.0,6479.092802307472
1,East Coast,2026-02-01,Polynomial ridge (degree 2),10,8537.0,8270.500665113892
1,East Coast,2026-03-01,Polynomial ridge (degree 2),10,8832.0,8658.961480657734
1,East Coast,2026-04-01,Polynomial ridge (degree 2),10,8707.0,8894.628848870758
1,East Coast,2024-08-01,Spline ridge (4 knots),10,7911.0,7722.251287709763
1,East Coast,2024-09-01,Spline ridge (4 knots),10,7822.0,7620.442647559405
1,East Coast,2024-10-01,Spline ridge (4 knots),10,8416.0,7803.741829714173
1,East Coast,2024-11-01,Spline ridge (4 knots),10,7872.0,8085.337271011761
1,East Coast,2024-12-01,Spline ridge (4 knots),10,8666.0,7991.174254120306
1,East Coast,2025-01-01,Spline ridge (4 knots),10,8068.0,8222.763823041048
1,East Coast,2025-02-01,Spline ridge (4 knots),10,7651.0,8265.610167570638
1,East Coast,2025-03-01,Spline ridge (4 knots),10,8110.0,7734.527588964249
1,East Coast,2025-04-01,Spline ridge (4 knots),10,8824.0,7827.981151082736
1,East Coast,2025-05-01,Spline ridge (4 knots),10,9739.0,8458.560622498573
1,East Coast,2025-06-01,Spline ridge (4 knots),10,8439.0,9231.487015875518
1,East Coast,2025-07-01,Spline ridge (4 knots),10,7752.0,8765.339858381472
1,East Coast,2025-08-01,Spline ridge (4 knots),10,7395.0,7957.359409951333
1,East Coast,2025-09-01,Spline ridge (4 knots),10,7832.0,7454.902318860638
1,East Coast,2025-10-01,Spline ridge (4 knots),10,8383.0,7551.803026243509
1,East Coast,2025-11-01,Spline ridge (4 knots),10,6591.0,8152.322875681037
1,East Coast,2025-12-01,Spline ridge (4 knots),10,6482.0,7125.715600979587
1,East Coast,2026-01-01,Spline ridge (4 knots),10,8564.0,6437.460762018206
1,East Coast,2026-02-01,Spline ridge (4 knots),10,8537.0,7609.285698115004
1,East Coast,2026-03-01,Spline ridge (4 knots),10,8832.0,8499.90045271716
1,East Coast,2026-04-01,Spline ridge (4 knots),10,8707.0,8620.764029397445
2,Midwest,2008-11-01,Persistence,1,78375.0,69364.0
2,Midwest,2008-12-01,Persistence,1,83218.0,78375.0
2,Midwest,2009-01-01,Persistence,1,86289.0,83218.0
2,Midwest,2009-02-01,Persistence,1,83546.0,86289.0
2,Midwest,2009-03-01,Persistence,1,85164.0,83546.0
2,Midwest,2009-04-01,Persistence,1,82798.0,85164.0
2,Midwest,2009-05-01,Persistence,1,79916.0,82798.0
2,Midwest,2009-06-01,Persistence,1,83181.0,79916.0
2,Midwest,2009-07-01,Persistence,1,79596.0,83181.0
2,Midwest,2009-08-01,Persistence,1,76130.0,79596.0
2,Midwest,2009-09-01,Persistence,1,76287.0,76130.0
2,Midwest,2009-10-01,Persistence,1,85201.0,76287.0
2,Midwest,2009-11-01,Persistence,1,87868.0,85201.0
2,Midwest,2009-12-01,Persistence,1,83164.0,87868.0
2,Midwest,2010-01-01,Persistence,1,81035.0,83164.0
2,Midwest,2010-02-01,Persistence,1,84879.0,81035.0
2,Midwest,2010-03-01,Persistence,1,91220.0,84879.0
2,Midwest,2010-04-01,Persistence,1,93753.0,91220.0
2,Midwest,2010-05-01,Persistence,1,94526.0,93753.0
2,Midwest,2010-06-01,Persistence,1,96060.0,94526.0
2,Midwest,2010-07-01,Persistence,1,92541.0,96060.0
2,Midwest,2008-11-01,Physical level MLR,1,78375.0,71617.72838000124
2,Midwest,2008-12-01,Physical level MLR,1,83218.0,81576.94582516294
2,Midwest,2009-01-01,Physical level MLR,1,86289.0,86508.98546783184
2,Midwest,2009-02-01,Physical level MLR,1,83546.0,90246.17076667194
2,Midwest,2009-03-01,Physical level MLR,1,85164.0,88538.31855950608
2,Midwest,2009-04-01,Physical level MLR,1,82798.0,88823.89341035593
2,Midwest,2009-05-01,Physical level MLR,1,79916.0,82351.41619760092
2,Midwest,2009-06-01,Physical level MLR,1,83181.0,82447.18648851366
2,Midwest,2009-07-01,Physical level MLR,1,79596.0,85576.32379739615
2,Midwest,2009-08-01,Physical level MLR,1,76130.0,82767.22187528064
2,Midwest,2009-09-01,Physical level MLR,1,76287.0,79730.46543279539
2,Midwest,2009-10-01,Physical level MLR,1,85201.0,81199.84808105076
2,Midwest,2009-11-01,Physical level MLR,1,87868.0,92310.03593531084
2,Midwest,2009-12-01,Physical level MLR,1,83164.0,91942.16876478278
2,Midwest,2010-01-01,Physical level MLR,1,81035.0,84799.23982692865
2,Midwest,2010-02-01,Physical level MLR,1,84879.0,84910.30877404257
2,Midwest,2010-03-01,Physical level MLR,1,91220.0,90219.37491919682
2,Midwest,2010-04-01,Physical level MLR,1,93753.0,96243.55288314768
2,Midwest,2010-05-01,Physical level MLR,1,94526.0,94970.57775380879
2,Midwest,2010-06-01,Physical level MLR,1,96060.0,97895.10043132381
2,Midwest,2010-07-01,Physical level MLR,1,92541.0,97742.8960142372
2,Midwest,2008-11-01,Change MLR,1,78375.0,72182.28588374582
2,Midwest,2008-12-01,Change MLR,1,83218.0,82341.6058895402
2,Midwest,2009-01-01,Change MLR,1,86289.0,86454.13655008716
2,Midwest,2009-02-01,Change MLR,1,83546.0,90054.04999851633
2,Midwest,2009-03-01,Change MLR,1,85164.0,87137.3226368419
2,Midwest,2009-04-01,Change MLR,1,82798.0,88279.94981454885
2,Midwest,2009-05-01,Change MLR,1,79916.0,81875.94282469657
2,Midwest,2009-06-01,Change MLR,1,83181.0,81278.29939408535
2,Midwest,2009-07-01,Change MLR,1,79596.0,85285.10193668182
2,Midwest,2009-08-01,Change MLR,1,76130.0,81437.48864686696
2,Midwest,2009-09-01,Change MLR,1,76287.0,78547.60681747113
2,Midwest,2009-10-01,Change MLR,1,85201.0,80510.66942202063
2,Midwest,2009-11-01,Change MLR,1,87868.0,92431.11637171471
2,Midwest,2009-12-01,Change MLR,1,83164.0,91368.0170695963
2,Midwest,2010-01-01,Change MLR,1,81035.0,83455.97175919547
2,Midwest,2010-02-01,Change MLR,1,84879.0,83895.15141871633
2,Midwest,2010-03-01,Change MLR,1,91220.0,89766.29083881175
2,Midwest,2010-04-01,Change MLR,1,93753.0,96193.90847503561
2,Midwest,2010-05-01,Change MLR,1,94526.0,94572.9705667593
2,Midwest,2010-06-01,Change MLR,1,96060.0,96827.68391586297
2,Midwest,2010-07-01,Change MLR,1,92541.0,97009.77115440424
2,Midwest,2008-11-01,Seasonal ridge MLR,1,78375.0,72427.09301295319
2,Midwest,2008-12-01,Seasonal ridge MLR,1,83218.0,82583.21107835679
2,Midwest,2009-01-01,Seasonal ridge MLR,1,86289.0,86463.38500561957
2,Midwest,2009-02-01,Seasonal ridge MLR,1,83546.0,89204.44860879498
2,Midwest,2009-03-01,Seasonal ridge MLR,1,85164.0,85257.61789799028
2,Midwest,2009-04-01,Seasonal ridge MLR,1,82798.0,86444.35459025508
2,Midwest,2009-05-01,Seasonal ridge MLR,1,79916.0,81796.74117613316
2,Midwest,2009-06-01,Seasonal ridge MLR,1,83181.0,79410.71834114939
2,Midwest,2009-07-01,Seasonal ridge MLR,1,79596.0,83760.41424597966
2,Midwest,2009-08-01,Seasonal ridge MLR,1,76130.0,79863.92383952098
2,Midwest,2009-09-01,Seasonal ridge MLR,1,76287.0,77321.98833287395
2,Midwest,2009-10-01,Seasonal ridge MLR,1,85201.0,79307.09188444162
2,Midwest,2009-11-01,Seasonal ridge MLR,1,87868.0,90573.51092137082
2,Midwest,2009-12-01,Seasonal ridge MLR,1,83164.0,91443.76277237192
2,Midwest,2010-01-01,Seasonal ridge MLR,1,81035.0,84204.12779683105
2,Midwest,2010-02-01,Seasonal ridge MLR,1,84879.0,83098.09570317669
2,Midwest,2010-03-01,Seasonal ridge MLR,1,91220.0,88061.68990862304
2,Midwest,2010-04-01,Seasonal ridge MLR,1,93753.0,94012.61726179792
2,Midwest,2010-05-01,Seasonal ridge MLR,1,94526.0,94028.43638719145
2,Midwest,2010-06-01,Seasonal ridge MLR,1,96060.0,94953.08714129365
2,Midwest,2010-07-01,Seasonal ridge MLR,1,92541.0,96243.85562896734
2,Midwest,2008-11-01,Polynomial ridge (degree 2),1,78375.0,71970.53266435872
2,Midwest,2008-12-01,Polynomial ridge (degree 2),1,83218.0,84298.55894128836
2,Midwest,2009-01-01,Polynomial ridge (degree 2),1,86289.0,86924.68189239597
2,Midwest,2009-02-01,Polynomial ridge (degree 2),1,83546.0,88476.09163533438
2,Midwest,2009-03-01,Polynomial ridge (degree 2),1,85164.0,83577.90745131041
2,Midwest,2009-04-01,Polynomial ridge (degree 2),1,82798.0,86537.8528079767
2,Midwest,2009-05-01,Polynomial ridge (degree 2),1,79916.0,78524.52251152112
2,Midwest,2009-06-01,Polynomial ridge (degree 2),1,83181.0,79017.37440888734
2,Midwest,2009-07-01,Polynomial ridge (degree 2),1,79596.0,85364.10086204793
2,Midwest,2009-08-01,Polynomial ridge (degree 2),1,76130.0,78865.70235570603
2,Midwest,2009-09-01,Polynomial ridge (degree 2),1,76287.0,75975.88466668152
2,Midwest,2009-10-01,Polynomial ridge (degree 2),1,85201.0,77955.29190824
2,Midwest,2009-11-01,Polynomial ridge (degree 2),1,87868.0,93944.86201887754
2,Midwest,2009-12-01,Polynomial ridge (degree 2),1,83164.0,90830.82934158045
2,Midwest,2010-01-01,Polynomial ridge (degree 2),1,81035.0,79693.71311828011
2,Midwest,2010-02-01,Polynomial ridge (degree 2),1,84879.0,80549.2545659517
2,Midwest,2010-03-01,Polynomial ridge (degree 2),1,91220.0,88871.74289721207
2,Midwest,2010-04-01,Polynomial ridge (degree 2),1,93753.0,96891.71049010332
2,Midwest,2010-05-01,Polynomial ridge (degree 2),1,94526.0,93274.40073633446
2,Midwest,2010-06-01,Polynomial ridge (degree 2),1,96060.0,94627.69820685267
2,Midwest,2010-07-01,Polynomial ridge (degree 2),1,92541.0,94921.76409188122
2,Midwest,2008-11-01,Spline ridge (4 knots),1,78375.0,71108.48628890482
2,Midwest,2008-12-01,Spline ridge (4 knots),1,83218.0,79932.67245186775
2,Midwest,2009-01-01,Spline ridge (4 knots),1,86289.0,84849.19558208811
2,Midwest,2009-02-01,Spline ridge (4 knots),1,83546.0,88066.06633456412
2,Midwest,2009-03-01,Spline ridge (4 knots),1,85164.0,84026.68934921823
2,Midwest,2009-04-01,Spline ridge (4 knots),1,82798.0,86569.58318045916
2,Midwest,2009-05-01,Spline ridge (4 knots),1,79916.0,81608.28165916719
2,Midwest,2009-06-01,Spline ridge (4 knots),1,83181.0,80797.4425565007
2,Midwest,2009-07-01,Spline ridge (4 knots),1,79596.0,85002.78173720423
2,Midwest,2009-08-01,Spline ridge (4 knots),1,76130.0,80204.92090260025
2,Midwest,2009-09-01,Spline ridge (4 knots),1,76287.0,76728.40732752412
2,Midwest,2009-10-01,Spline ridge (4 knots),1,85201.0,77009.17238229627
2,Midwest,2009-11-01,Spline ridge (4 knots),1,87868.0,86524.41760064986
2,Midwest,2009-12-01,Spline ridge (4 knots),1,83164.0,89178.31991606868
2,Midwest,2010-01-01,Spline ridge (4 knots),1,81035.0,83061.6994616367
2,Midwest,2010-02-01,Spline ridge (4 knots),1,84879.0,82003.8090833322
2,Midwest,2010-03-01,Spline ridge (4 knots),1,91220.0,86307.5711035019
2,Midwest,2010-04-01,Spline ridge (4 knots),1,93753.0,92607.24173233821
2,Midwest,2010-05-01,Spline ridge (4 knots),1,94526.0,94949.37562867845
2,Midwest,2010-06-01,Spline ridge (4 knots),1,96060.0,95723.12881525182
2,Midwest,2010-07-01,Spline ridge (4 knots),1,92541.0,97238.80554889992
2,Midwest,2010-08-01,Persistence,2,91083.0,92541.0
2,Midwest,2010-09-01,Persistence,2,89274.0,91083.0
2,Midwest,2010-10-01,Persistence,2,90795.0,89274.0
2,Midwest,2010-11-01,Persistence,2,96793.0,90795.0
2,Midwest,2010-12-01,Persistence,2,97198.0,96793.0
2,Midwest,2011-01-01,Persistence,2,101452.0,97198.0
2,Midwest,2011-02-01,Persistence,2,103778.0,101452.0
2,Midwest,2011-03-01,Persistence,2,101938.0,103778.0
2,Midwest,2011-04-01,Persistence,2,99563.0,101938.0
2,Midwest,2011-05-01,Persistence,2,96677.0,99563.0
2,Midwest,2011-06-01,Persistence,2,93732.0,96677.0
2,Midwest,2011-07-01,Persistence,2,93855.0,93732.0
2,Midwest,2011-08-01,Persistence,2,90055.0,93855.0
2,Midwest,2011-09-01,Persistence,2,90351.0,90055.0
2,Midwest,2011-10-01,Persistence,2,90438.0,90351.0
2,Midwest,2011-11-01,Persistence,2,90455.0,90438.0
2,Midwest,2011-12-01,Persistence,2,92203.0,90455.0
2,Midwest,2012-01-01,Persistence,2,96046.0,92203.0
2,Midwest,2012-02-01,Persistence,2,100436.0,96046.0
2,Midwest,2012-03-01,Persistence,2,103977.0,100436.0
2,Midwest,2012-04-01,Persistence,2,107733.0,103977.0
2,Midwest,2010-08-01,Physical level MLR,2,91083.0,91219.32928710611
2,Midwest,2010-09-01,Physical level MLR,2,89274.0,92234.00534139504
2,Midwest,2010-10-01,Physical level MLR,2,90795.0,93751.1220616987
2,Midwest,2010-11-01,Physical level MLR,2,96793.0,94774.88667023345
2,Midwest,2010-12-01,Physical level MLR,2,97198.0,98490.19495709606
2,Midwest,2011-01-01,Physical level MLR,2,101452.0,99413.68908809264
2,Midwest,2011-02-01,Physical level MLR,2,103778.0,104495.6306338006
2,Midwest,2011-03-01,Physical level MLR,2,101938.0,107752.05003089958
2,Midwest,2011-04-01,Physical level MLR,2,99563.0,105266.88472941166
2,Midwest,2011-05-01,Physical level MLR,2,96677.0,101931.14426123686
2,Midwest,2011-06-01,Physical level MLR,2,93732.0,98867.88473174103
2,Midwest,2011-07-01,Physical level MLR,2,93855.0,96776.55830396913
2,Midwest,2011-08-01,Physical level MLR,2,90055.0,100227.1942294269
2,Midwest,2011-09-01,Physical level MLR,2,90351.0,97631.85206838243
2,Midwest,2011-10-01,Physical level MLR,2,90438.0,99047.74106940848
2,Midwest,2011-11-01,Physical level MLR,2,90455.0,99884.40095128228
2,Midwest,2011-12-01,Physical level MLR,2,92203.0,99464.87884455292
2,Midwest,2012-01-01,Physical level MLR,2,96046.0,102258.95489449054
2,Midwest,2012-02-01,Physical level MLR,2,100436.0,107890.26095411913
2,Midwest,2012-03-01,Physical level MLR,2,103977.0,112480.5459979142
2,Midwest,2012-04-01,Physical level MLR,2,107733.0,114382.54459450976
2,Midwest,2010-08-01,Change MLR,2,91083.0,90860.3919784947
2,Midwest,2010-09-01,Change MLR,2,89274.0,90684.68628912655
2,Midwest,2010-10-01,Change MLR,2,90795.0,92230.77676368937
2,Midwest,2010-11-01,Change MLR,2,96793.0,93910.05730429877
2,Midwest,2010-12-01,Change MLR,2,97198.0,99466.50045308244
2,Midwest,2011-01-01,Change MLR,2,101452.0,98719.76243686861
2,Midwest,2011-02-01,Change MLR,2,103778.0,106511.99454318242
2,Midwest,2011-03-01,Change MLR,2,101938.0,107516.82116913264
2,Midwest,2011-04-01,Change MLR,2,99563.0,104786.03033956287
2,Midwest,2011-05-01,Change MLR,2,96677.0,100968.05897804591
2,Midwest,2011-06-01,Change MLR,2,93732.0,97449.53537847417
2,Midwest,2011-07-01,Change MLR,2,93855.0,92922.91646914824
2,Midwest,2011-08-01,Change MLR,2,90055.0,96871.83517711713
2,Midwest,2011-09-01,Change MLR,2,90351.0,92407.16730087409
2,Midwest,2011-10-01,Change MLR,2,90438.0,93413.52571556292
2,Midwest,2011-11-01,Change MLR,2,90455.0,93723.44060100774
2,Midwest,2011-12-01,Change MLR,2,92203.0,92738.86966024207
2,Midwest,2012-01-01,Change MLR,2,96046.0,94630.7118029327
2,Midwest,2012-02-01,Change MLR,2,100436.0,101948.17715689416
2,Midwest,2012-03-01,Change MLR,2,103977.0,106584.43297999278
2,Midwest,2012-04-01,Change MLR,2,107733.0,109588.00490716657
2,Midwest,2010-08-01,Seasonal ridge MLR,2,91083.0,91723.55435494344
2,Midwest,2010-09-01,Seasonal ridge MLR,2,89274.0,91989.91901508834
2,Midwest,2010-10-01,Seasonal ridge MLR,2,90795.0,92191.86806731002
2,Midwest,2010-11-01,Seasonal ridge MLR,2,96793.0,94176.86848035106
2,Midwest,2010-12-01,Seasonal ridge MLR,2,97198.0,100235.24337403775
2,Midwest,2011-01-01,Seasonal ridge MLR,2,101452.0,99184.39858159883
2,Midwest,2011-02-01,Seasonal ridge MLR,2,103778.0,104883.58865806235
2,Midwest,2011-03-01,Seasonal ridge MLR,2,101938.0,106037.37466432677
2,Midwest,2011-04-01,Seasonal ridge MLR,2,99563.0,103064.16173583428
2,Midwest,2011-05-01,Seasonal ridge MLR,2,96677.0,99696.71975905674
2,Midwest,2011-06-01,Seasonal ridge MLR,2,93732.0,96428.48744584351
2,Midwest,2011-07-01,Seasonal ridge MLR,2,93855.0,93085.72730649094
2,Midwest,2011-08-01,Seasonal ridge MLR,2,90055.0,95617.76909900134
2,Midwest,2011-09-01,Seasonal ridge MLR,2,90351.0,91632.1470232491
2,Midwest,2011-10-01,Seasonal ridge MLR,2,90438.0,93435.99193443074
2,Midwest,2011-11-01,Seasonal ridge MLR,2,90455.0,93949.84905433773
2,Midwest,2011-12-01,Seasonal ridge MLR,2,92203.0,93335.53969503424
2,Midwest,2012-01-01,Seasonal ridge MLR,2,96046.0,95217.44950273905
2,Midwest,2012-02-01,Seasonal ridge MLR,2,100436.0,100354.45636677349
2,Midwest,2012-03-01,Seasonal ridge MLR,2,103977.0,104403.71534725785
2,Midwest,2012-04-01,Seasonal ridge MLR,2,107733.0,107086.55395292815
2,Midwest,2010-08-01,Polynomial ridge (degree 2),2,91083.0,91092.95745634128
2,Midwest,2010-09-01,Polynomial ridge (degree 2),2,89274.0,90464.2612769553
2,Midwest,2010-10-01,Polynomial ridge (degree 2),2,90795.0,89626.38729259158
2,Midwest,2010-11-01,Polynomial ridge (degree 2),2,96793.0,91044.56597587827
2,Midwest,2010-12-01,Polynomial ridge (degree 2),2,97198.0,97375.94335751077
2,Midwest,2011-01-01,Polynomial ridge (degree 2),2,101452.0,96446.42176250907
2,Midwest,2011-02-01,Polynomial ridge (degree 2),2,103778.0,99345.4975531873
2,Midwest,2011-03-01,Polynomial ridge (degree 2),2,101938.0,101274.71654861131
2,Midwest,2011-04-01,Polynomial ridge (degree 2),2,99563.0,100503.69948556866
2,Midwest,2011-05-01,Polynomial ridge (degree 2),2,96677.0,98713.55698260915
2,Midwest,2011-06-01,Polynomial ridge (degree 2),2,93732.0,96203.85980850484
2,Midwest,2011-07-01,Polynomial ridge (degree 2),2,93855.0,93645.27768634494
2,Midwest,2011-08-01,Polynomial ridge (degree 2),2,90055.0,93240.42956329406
2,Midwest,2011-09-01,Polynomial ridge (degree 2),2,90351.0,90307.67058722106
2,Midwest,2011-10-01,Polynomial ridge (degree 2),2,90438.0,89844.8473939586
2,Midwest,2011-11-01,Polynomial ridge (degree 2),2,90455.0,89564.90006771122
2,Midwest,2011-12-01,Polynomial ridge (degree 2),2,92203.0,89598.3520664153
2,Midwest,2012-01-01,Polynomial ridge (degree 2),2,96046.0,90399.50762610284
2,Midwest,2012-02-01,Polynomial ridge (degree 2),2,100436.0,91098.76842376897
2,Midwest,2012-03-01,Polynomial ridge (degree 2),2,103977.0,94750.79081842858
2,Midwest,2012-04-01,Polynomial ridge (degree 2),2,107733.0,98780.58402364823
2,Midwest,2010-08-01,Spline ridge (4 knots),2,91083.0,92067.0165574603
2,Midwest,2010-09-01,Spline ridge (4 knots),2,89274.0,91998.51392024613
2,Midwest,2010-10-01,Spline ridge (4 knots),2,90795.0,91063.70946091005
2,Midwest,2010-11-01,Spline ridge (4 knots),2,96793.0,91962.73669696986
2,Midwest,2010-12-01,Spline ridge (4 knots),2,97198.0,100536.47054194429
2,Midwest,2011-01-01,Spline ridge (4 knots),2,101452.0,98212.58556355679
2,Midwest,2011-02-01,Spline ridge (4 knots),2,103778.0,103452.01391961746
2,Midwest,2011-03-01,Spline ridge (4 knots),2,101938.0,104621.00717421265
2,Midwest,2011-04-01,Spline ridge (4 knots),2,99563.0,103203.070850812
2,Midwest,2011-05-01,Spline ridge (4 knots),2,96677.0,101245.63811380399
2,Midwest,2011-06-01,Spline ridge (4 knots),2,93732.0,98154.6936407004
2,Midwest,2011-07-01,Spline ridge (4 knots),2,93855.0,95189.32880205408
2,Midwest,2011-08-01,Spline ridge (4 knots),2,90055.0,94742.92138933693
2,Midwest,2011-09-01,Spline ridge (4 knots),2,90351.0,90521.54467885169
2,Midwest,2011-10-01,Spline ridge (4 knots),2,90438.0,91182.64397355437
2,Midwest,2011-11-01,Spline ridge (4 knots),2,90455.0,91338.76243567956
2,Midwest,2011-12-01,Spline ridge (4 knots),2,92203.0,91381.8456546406
2,Midwest,2012-01-01,Spline ridge (4 knots),2,96046.0,92916.71167336927
2,Midwest,2012-02-01,Spline ridge (4 knots),2,100436.0,97705.71926437711
2,Midwest,2012-03-01,Spline ridge (4 knots),2,103977.0,102559.79152049884
2,Midwest,2012-04-01,Spline ridge (4 knots),2,107733.0,105419.01601431792
2,Midwest,2012-05-01,Persistence,3,107366.0,107733.0
2,Midwest,2012-06-01,Persistence,3,102315.0,107366.0
2,Midwest,2012-07-01,Persistence,3,100879.0,102315.0
2,Midwest,2012-08-01,Persistence,3,103558.0,100879.0
2,Midwest,2012-09-01,Persistence,3,102014.0,103558.0
2,Midwest,2012-10-01,Persistence,3,105330.0,102014.0
2,Midwest,2012-11-01,Persistence,3,111592.0,105330.0
2,Midwest,2012-12-01,Persistence,3,115786.0,111592.0
2,Midwest,2013-01-01,Persistence,3,113545.0,115786.0
2,Midwest,2013-02-01,Persistence,3,116269.0,113545.0
2,Midwest,2013-03-01,Persistence,3,115089.0,116269.0
2,Midwest,2013-04-01,Persistence,3,116038.0,115089.0
2,Midwest,2013-05-01,Persistence,3,112844.0,116038.0
2,Midwest,2013-06-01,Persistence,3,101869.0,112844.0
2,Midwest,2013-07-01,Persistence,3,99217.0,101869.0
2,Midwest,2013-08-01,Persistence,3,99588.0,99217.0
2,Midwest,2013-09-01,Persistence,3,104054.0,99588.0
2,Midwest,2013-10-01,Persistence,3,104988.0,104054.0
2,Midwest,2013-11-01,Persistence,3,104988.0,104988.0
2,Midwest,2013-12-01,Persistence,3,105744.0,104988.0
2,Midwest,2014-01-01,Persistence,3,97942.0,105744.0
2,Midwest,2012-05-01,Physical level MLR,3,107366.0,109856.67952758099
2,Midwest,2012-06-01,Physical level MLR,3,102315.0,110711.06639274374
2,Midwest,2012-07-01,Physical level MLR,3,100879.0,105411.55429001564
2,Midwest,2012-08-01,Physical level MLR,3,103558.0,104068.99783636755
2,Midwest,2012-09-01,Physical level MLR,3,102014.0,108851.10386442891
2,Midwest,2012-10-01,Physical level MLR,3,105330.0,107235.59667297796
2,Midwest,2012-11-01,Physical level MLR,3,111592.0,111112.76096490264
2,Midwest,2012-12-01,Physical level MLR,3,115786.0,115682.55853794055
2,Midwest,2013-01-01,Physical level MLR,3,113545.0,120788.81479171636
2,Midwest,2013-02-01,Physical level MLR,3,116269.0,120777.28685066834
2,Midwest,2013-03-01,Physical level MLR,3,115089.0,122890.13146777419
2,Midwest,2013-04-01,Physical level MLR,3,116038.0,123265.90135495347
2,Midwest,2013-05-01,Physical level MLR,3,112844.0,123769.3842817235
2,Midwest,2013-06-01,Physical level MLR,3,101869.0,119546.71904200786
2,Midwest,2013-07-01,Physical level MLR,3,99217.0,107707.32948345582
2,Midwest,2013-08-01,Physical level MLR,3,99588.0,106496.07390874486
2,Midwest,2013-09-01,Physical level MLR,3,104054.0,108794.39432467872
2,Midwest,2013-10-01,Physical level MLR,3,104988.0,112481.28463054898
2,Midwest,2013-11-01,Physical level MLR,3,104988.0,112444.81075239788
2,Midwest,2013-12-01,Physical level MLR,3,105744.0,111967.4075124428
2,Midwest,2014-01-01,Physical level MLR,3,97942.0,114760.32047828996
2,Midwest,2012-05-01,Change MLR,3,107366.0,110088.51853461457
2,Midwest,2012-06-01,Change MLR,3,102315.0,109421.8783059101
2,Midwest,2012-07-01,Change MLR,3,100879.0,102235.04017850543
2,Midwest,2012-08-01,Change MLR,3,103558.0,101708.29191694898
2,Midwest,2012-09-01,Change MLR,3,102014.0,107316.86455007181
2,Midwest,2012-10-01,Change MLR,3,105330.0,104125.16087363283
2,Midwest,2012-11-01,Change MLR,3,111592.0,109641.78818869186
2,Midwest,2012-12-01,Change MLR,3,115786.0,115707.00857596811
2,Midwest,2013-01-01,Change MLR,3,113545.0,120100.62898962673
2,Midwest,2013-02-01,Change MLR,3,116269.0,117854.79895505721
2,Midwest,2013-03-01,Change MLR,3,115089.0,121135.59909582099
2,Midwest,2013-04-01,Change MLR,3,116038.0,119928.64180031708
2,Midwest,2013-05-01,Change MLR,3,112844.0,121084.94599021968
2,Midwest,2013-06-01,Change MLR,3,101869.0,115856.96738147146
2,Midwest,2013-07-01,Change MLR,3,99217.0,100852.06052722147
2,Midwest,2013-08-01,Change MLR,3,99588.0,101188.07788994619
2,Midwest,2013-09-01,Change MLR,3,104054.0,103868.7724461896
2,Midwest,2013-10-01,Change MLR,3,104988.0,108977.57382363456
2,Midwest,2013-11-01,Change MLR,3,104988.0,108497.447157243
2,Midwest,2013-12-01,Change MLR,3,105744.0,107806.7832477072
2,Midwest,2014-01-01,Change MLR,3,97942.0,109948.82966295796
2,Midwest,2012-05-01,Seasonal ridge MLR,3,107366.0,108472.93330525569
2,Midwest,2012-06-01,Seasonal ridge MLR,3,102315.0,107404.7258767393
2,Midwest,2012-07-01,Seasonal ridge MLR,3,100879.0,101247.77345366853
2,Midwest,2012-08-01,Seasonal ridge MLR,3,103558.0,100937.66867188123
2,Midwest,2012-09-01,Seasonal ridge MLR,3,102014.0,106031.68069003972
2,Midwest,2012-10-01,Seasonal ridge MLR,3,105330.0,104043.75073134441
2,Midwest,2012-11-01,Seasonal ridge MLR,3,111592.0,109305.85409307714
2,Midwest,2012-12-01,Seasonal ridge MLR,3,115786.0,115812.39426211061
2,Midwest,2013-01-01,Seasonal ridge MLR,3,113545.0,119703.92932777987
2,Midwest,2013-02-01,Seasonal ridge MLR,3,116269.0,116522.95346831657
2,Midwest,2013-03-01,Seasonal ridge MLR,3,115089.0,119307.78166526358
2,Midwest,2013-04-01,Seasonal ridge MLR,3,116038.0,117104.96994023127
2,Midwest,2013-05-01,Seasonal ridge MLR,3,112844.0,118041.69782689973
2,Midwest,2013-06-01,Seasonal ridge MLR,3,101869.0,113202.90950695284
2,Midwest,2013-07-01,Seasonal ridge MLR,3,99217.0,99830.49928910146
2,Midwest,2013-08-01,Seasonal ridge MLR,3,99588.0,99691.04785881305
2,Midwest,2013-09-01,Seasonal ridge MLR,3,104054.0,102321.62879181888
2,Midwest,2013-10-01,Seasonal ridge MLR,3,104988.0,107857.943080083
2,Midwest,2013-11-01,Seasonal ridge MLR,3,104988.0,108485.33334268564
2,Midwest,2013-12-01,Seasonal ridge MLR,3,105744.0,108219.81703018
2,Midwest,2014-01-01,Seasonal ridge MLR,3,97942.0,109418.7484849724
2,Midwest,2012-05-01,Polynomial ridge (degree 2),3,107366.0,109469.77933195053
2,Midwest,2012-06-01,Polynomial ridge (degree 2),3,102315.0,108507.67051955892
2,Midwest,2012-07-01,Polynomial ridge (degree 2),3,100879.0,103301.59494483513
2,Midwest,2012-08-01,Polynomial ridge (degree 2),3,103558.0,102138.65864012172
2,Midwest,2012-09-01,Polynomial ridge (degree 2),3,102014.0,105618.48907478355
2,Midwest,2012-10-01,Polynomial ridge (degree 2),3,105330.0,103374.73885085314
2,Midwest,2012-11-01,Polynomial ridge (degree 2),3,111592.0,107473.22320241728
2,Midwest,2012-12-01,Polynomial ridge (degree 2),3,115786.0,114259.78075189576
2,Midwest,2013-01-01,Polynomial ridge (degree 2),3,113545.0,117845.31259821924
2,Midwest,2013-02-01,Polynomial ridge (degree 2),3,116269.0,114863.3136587587
2,Midwest,2013-03-01,Polynomial ridge (degree 2),3,115089.0,118044.24001018499
2,Midwest,2013-04-01,Polynomial ridge (degree 2),3,116038.0,116474.54574545246
2,Midwest,2013-05-01,Polynomial ridge (degree 2),3,112844.0,117496.75969401475
2,Midwest,2013-06-01,Polynomial ridge (degree 2),3,101869.0,114084.95889075675
2,Midwest,2013-07-01,Polynomial ridge (degree 2),3,99217.0,104180.47168349255
2,Midwest,2013-08-01,Polynomial ridge (degree 2),3,99588.0,101163.258761473
2,Midwest,2013-09-01,Polynomial ridge (degree 2),3,104054.0,101881.63017024
2,Midwest,2013-10-01,Polynomial ridge (degree 2),3,104988.0,107074.64651727882
2,Midwest,2013-11-01,Polynomial ridge (degree 2),3,104988.0,107058.23161638882
2,Midwest,2013-12-01,Polynomial ridge (degree 2),3,105744.0,106959.01678757631
2,Midwest,2014-01-01,Polynomial ridge (degree 2),3,97942.0,107957.65920335684
2,Midwest,2012-05-01,Spline ridge (4 knots),3,107366.0,109912.06543089959
2,Midwest,2012-06-01,Spline ridge (4 knots),3,102315.0,108311.50950680354
2,Midwest,2012-07-01,Spline ridge (4 knots),3,100879.0,101707.18902288108
2,Midwest,2012-08-01,Spline ridge (4 knots),3,103558.0,101725.06472966481
2,Midwest,2012-09-01,Spline ridge (4 knots),3,102014.0,105109.19849793182
2,Midwest,2012-10-01,Spline ridge (4 knots),3,105330.0,102835.02688981329
2,Midwest,2012-11-01,Spline ridge (4 knots),3,111592.0,107208.42811663725
2,Midwest,2012-12-01,Spline ridge (4 knots),3,115786.0,115114.8064415686
2,Midwest,2013-01-01,Spline ridge (4 knots),3,113545.0,118230.26401720307
2,Midwest,2013-02-01,Spline ridge (4 knots),3,116269.0,114187.33416526209
2,Midwest,2013-03-01,Spline ridge (4 knots),3,115089.0,117841.01596007364
2,Midwest,2013-04-01,Spline ridge (4 knots),3,116038.0,115972.30823537087
2,Midwest,2013-05-01,Spline ridge (4 knots),3,112844.0,117053.91126977208
2,Midwest,2013-06-01,Spline ridge (4 knots),3,101869.0,113115.63350469344
2,Midwest,2013-07-01,Spline ridge (4 knots),3,99217.0,101254.3667749176
2,Midwest,2013-08-01,Spline ridge (4 knots),3,99588.0,99717.36536276461
2,Midwest,2013-09-01,Spline ridge (4 knots),3,104054.0,100540.20582305087
2,Midwest,2013-10-01,Spline ridge (4 knots),3,104988.0,106700.38714248575
2,Midwest,2013-11-01,Spline ridge (4 knots),3,104988.0,106001.52914799363
2,Midwest,2013-12-01,Spline ridge (4 knots),3,105744.0,105929.70233616285
2,Midwest,2014-01-01,Spline ridge (4 knots),3,97942.0,106732.22630831646
2,Midwest,2014-02-01,Persistence,4,95403.0,97942.0
2,Midwest,2014-03-01,Persistence,4,89083.0,95403.0
2,Midwest,2014-04-01,Persistence,4,86821.0,89083.0
2,Midwest,2014-05-01,Persistence,4,85805.0,86821.0
2,Midwest,2014-06-01,Persistence,4,81491.0,85805.0
2,Midwest,2014-07-01,Persistence,4,82048.0,81491.0
2,Midwest,2014-08-01,Persistence,4,86512.0,82048.0
2,Midwest,2014-09-01,Persistence,4,93374.0,86512.0
2,Midwest,2014-10-01,Persistence,4,98813.0,93374.0
2,Midwest,2014-11-01,Persistence,4,104555.0,98813.0
2,Midwest,2014-12-01,Persistence,4,116913.0,104555.0
2,Midwest,2015-01-01,Persistence,4,126655.0,116913.0
2,Midwest,2015-02-01,Persistence,4,139376.0,126655.0
2,Midwest,2015-03-01,Persistence,4,139444.0,139376.0
2,Midwest,2015-04-01,Persistence,4,135599.0,139444.0
2,Midwest,2015-05-01,Persistence,4,133942.0,135599.0
2,Midwest,2015-06-01,Persistence,4,133792.0,133942.0
2,Midwest,2015-07-01,Persistence,4,135307.0,133792.0
2,Midwest,2015-08-01,Persistence,4,127240.0,135307.0
2,Midwest,2015-09-01,Persistence,4,132906.0,127240.0
2,Midwest,2015-10-01,Persistence,4,142507.0,132906.0
2,Midwest,2014-02-01,Physical level MLR,4,95403.0,99222.83835873965
2,Midwest,2014-03-01,Physical level MLR,4,89083.0,97648.94467641662
2,Midwest,2014-04-01,Physical level MLR,4,86821.0,90487.49636422501
2,Midwest,2014-05-01,Physical level MLR,4,85805.0,86965.05243693094
2,Midwest,2014-06-01,Physical level MLR,4,81491.0,87025.18931677351
2,Midwest,2014-07-01,Physical level MLR,4,82048.0,81717.74337947661
2,Midwest,2014-08-01,Physical level MLR,4,86512.0,83514.05625472956
2,Midwest,2014-09-01,Physical level MLR,4,93374.0,88820.4988616884
2,Midwest,2014-10-01,Physical level MLR,4,98813.0,96350.30237402959
2,Midwest,2014-11-01,Physical level MLR,4,104555.0,100303.57980257751
2,Midwest,2014-12-01,Physical level MLR,4,116913.0,105548.37877500316
2,Midwest,2015-01-01,Physical level MLR,4,126655.0,118162.33905219958
2,Midwest,2015-02-01,Physical level MLR,4,139376.0,128191.01562221798
2,Midwest,2015-03-01,Physical level MLR,4,139444.0,139028.43096191285
2,Midwest,2015-04-01,Physical level MLR,4,135599.0,138382.1843333629
2,Midwest,2015-05-01,Physical level MLR,4,133942.0,133319.3370168163
2,Midwest,2015-06-01,Physical level MLR,4,133792.0,132334.3644798576
2,Midwest,2015-07-01,Physical level MLR,4,135307.0,130909.21948089085
2,Midwest,2015-08-01,Physical level MLR,4,127240.0,134996.0533269134
2,Midwest,2015-09-01,Physical level MLR,4,132906.0,128719.47006657685
2,Midwest,2015-10-01,Physical level MLR,4,142507.0,135423.93162830695
2,Midwest,2014-02-01,Change MLR,4,95403.0,98203.1272470157
2,Midwest,2014-03-01,Change MLR,4,89083.0,94936.07485167461
2,Midwest,2014-04-01,Change MLR,4,86821.0,88339.39617508287
2,Midwest,2014-05-01,Change MLR,4,85805.0,85078.34738370455
2,Midwest,2014-06-01,Change MLR,4,81491.0,85266.9947452434
2,Midwest,2014-07-01,Change MLR,4,82048.0,79718.52079863429
2,Midwest,2014-08-01,Change MLR,4,86512.0,82304.52209246047
2,Midwest,2014-09-01,Change MLR,4,93374.0,88199.38501875538
2,Midwest,2014-10-01,Change MLR,4,98813.0,97079.84730955848
2,Midwest,2014-11-01,Change MLR,4,104555.0,102158.00157217083
2,Midwest,2014-12-01,Change MLR,4,116913.0,105689.05907415105
2,Midwest,2015-01-01,Change MLR,4,126655.0,122486.43017548967
2,Midwest,2015-02-01,Change MLR,4,139376.0,131331.8808956856
2,Midwest,2015-03-01,Change MLR,4,139444.0,143653.44461319587
2,Midwest,2015-04-01,Change MLR,4,135599.0,140436.60743091523
2,Midwest,2015-05-01,Change MLR,4,133942.0,132926.92835205706
2,Midwest,2015-06-01,Change MLR,4,133792.0,133156.78882016518
2,Midwest,2015-07-01,Change MLR,4,135307.0,132462.9570277932
2,Midwest,2015-08-01,Change MLR,4,127240.0,135586.54724080776
2,Midwest,2015-09-01,Change MLR,4,132906.0,125510.17152186691
2,Midwest,2015-10-01,Change MLR,4,142507.0,135033.640732657
2,Midwest,2014-02-01,Seasonal ridge MLR,4,95403.0,98315.82029677006
2,Midwest,2014-03-01,Seasonal ridge MLR,4,89083.0,94487.69987672179
2,Midwest,2014-04-01,Seasonal ridge MLR,4,86821.0,87256.93129800663
2,Midwest,2014-05-01,Seasonal ridge MLR,4,85805.0,84111.45809044401
2,Midwest,2014-06-01,Seasonal ridge MLR,4,81491.0,83605.82796983124
2,Midwest,2014-07-01,Seasonal ridge MLR,4,82048.0,78913.56619779777
2,Midwest,2014-08-01,Seasonal ridge MLR,4,86512.0,81350.52967194935
2,Midwest,2014-09-01,Seasonal ridge MLR,4,93374.0,87459.09248087912
2,Midwest,2014-10-01,Seasonal ridge MLR,4,98813.0,96283.41964698795
2,Midwest,2014-11-01,Seasonal ridge MLR,4,104555.0,102091.3950713501
2,Midwest,2014-12-01,Seasonal ridge MLR,4,116913.0,106201.90310299805
2,Midwest,2015-01-01,Seasonal ridge MLR,4,126655.0,121091.36839243636
2,Midwest,2015-02-01,Seasonal ridge MLR,4,139376.0,129627.03346660249
2,Midwest,2015-03-01,Seasonal ridge MLR,4,139444.0,141292.03949210703
2,Midwest,2015-04-01,Seasonal ridge MLR,4,135599.0,138451.35558524076
2,Midwest,2015-05-01,Seasonal ridge MLR,4,133942.0,132136.6646193594
2,Midwest,2015-06-01,Seasonal ridge MLR,4,133792.0,131566.9459446726
2,Midwest,2015-07-01,Seasonal ridge MLR,4,135307.0,131487.07463641374
2,Midwest,2015-08-01,Seasonal ridge MLR,4,127240.0,134264.78007101992
2,Midwest,2015-09-01,Seasonal ridge MLR,4,132906.0,125616.91150602399
2,Midwest,2015-10-01,Seasonal ridge MLR,4,142507.0,134800.91399619612
2,Midwest,2014-02-01,Polynomial ridge (degree 2),4,95403.0,96199.25232216158
2,Midwest,2014-03-01,Polynomial ridge (degree 2),4,89083.0,92899.88220496394
2,Midwest,2014-04-01,Polynomial ridge (degree 2),4,86821.0,87437.1226858353
2,Midwest,2014-05-01,Polynomial ridge (degree 2),4,85805.0,86129.81884463181
2,Midwest,2014-06-01,Polynomial ridge (degree 2),4,81491.0,84787.20998362427
2,Midwest,2014-07-01,Polynomial ridge (degree 2),4,82048.0,80293.3796812938
2,Midwest,2014-08-01,Polynomial ridge (degree 2),4,86512.0,81057.3103076383
2,Midwest,2014-09-01,Polynomial ridge (degree 2),4,93374.0,85475.90972567968
2,Midwest,2014-10-01,Polynomial ridge (degree 2),4,98813.0,91529.4507170722
2,Midwest,2014-11-01,Polynomial ridge (degree 2),4,104555.0,97972.39936695149
2,Midwest,2014-12-01,Polynomial ridge (degree 2),4,116913.0,101377.95507073952
2,Midwest,2015-01-01,Polynomial ridge (degree 2),4,126655.0,115853.64491121988
2,Midwest,2015-02-01,Polynomial ridge (degree 2),4,139376.0,124371.5989634546
2,Midwest,2015-03-01,Polynomial ridge (degree 2),4,139444.0,136174.16970622074
2,Midwest,2015-04-01,Polynomial ridge (degree 2),4,135599.0,132810.51714327556
2,Midwest,2015-05-01,Polynomial ridge (degree 2),4,133942.0,129188.89348023849
2,Midwest,2015-06-01,Polynomial ridge (degree 2),4,133792.0,128153.3196485514
2,Midwest,2015-07-01,Polynomial ridge (degree 2),4,135307.0,129126.334392163
2,Midwest,2015-08-01,Polynomial ridge (degree 2),4,127240.0,127800.50466781987
2,Midwest,2015-09-01,Polynomial ridge (degree 2),4,132906.0,117715.23957967648
2,Midwest,2015-10-01,Polynomial ridge (degree 2),4,142507.0,124646.39889423532
2,Midwest,2014-02-01,Spline ridge (4 knots),4,95403.0,95812.88196938735
2,Midwest,2014-03-01,Spline ridge (4 knots),4,89083.0,93939.46936888798
2,Midwest,2014-04-01,Spline ridge (4 knots),4,86821.0,86893.59440562749
2,Midwest,2014-05-01,Spline ridge (4 knots),4,85805.0,85387.97365152583
2,Midwest,2014-06-01,Spline ridge (4 knots),4,81491.0,84718.96549307105
2,Midwest,2014-07-01,Spline ridge (4 knots),4,82048.0,79588.83264660333
2,Midwest,2014-08-01,Spline ridge (4 knots),4,86512.0,81501.92211669062
2,Midwest,2014-09-01,Spline ridge (4 knots),4,93374.0,87327.17802158587
2,Midwest,2014-10-01,Spline ridge (4 knots),4,98813.0,94511.92738137465
2,Midwest,2014-11-01,Spline ridge (4 knots),4,104555.0,99817.04752804266
2,Midwest,2014-12-01,Spline ridge (4 knots),4,116913.0,105601.65398251895
2,Midwest,2015-01-01,Spline ridge (4 knots),4,126655.0,117934.1877962383
2,Midwest,2015-02-01,Spline ridge (4 knots),4,139376.0,127676.1877962383
2,Midwest,2015-03-01,Spline ridge (4 knots),4,139444.0,140397.1877962383
2,Midwest,2015-04-01,Spline ridge (4 knots),4,135599.0,138731.32918438164
2,Midwest,2015-05-01,Spline ridge (4 knots),4,133942.0,133846.24872549315
2,Midwest,2015-06-01,Spline ridge (4 knots),4,133792.0,132706.6197991197
2,Midwest,2015-07-01,Spline ridge (4 knots),4,135307.0,133007.68249741197
2,Midwest,2015-08-01,Spline ridge (4 knots),4,127240.0,135110.87455061756
2,Midwest,2015-09-01,Spline ridge (4 knots),4,132906.0,124913.12082025368
2,Midwest,2015-10-01,Spline ridge (4 knots),4,142507.0,133942.68398237822
2,Midwest,2015-11-01,Persistence,5,144504.0,142507.0
2,Midwest,2015-12-01,Persistence,5,145942.0,144504.0
2,Midwest,2016-01-01,Persistence,5,148304.0,145942.0
2,Midwest,2016-02-01,Persistence,5,150319.0,148304.0
2,Midwest,2016-03-01,Persistence,5,153620.0,150319.0
2,Midwest,2016-04-01,Persistence,5,151708.0,153620.0
2,Midwest,2016-05-01,Persistence,5,145355.0,151708.0
2,Midwest,2016-06-01,Persistence,5,147655.0,145355.0
2,Midwest,2016-07-01,Persistence,5,148120.0,147655.0
2,Midwest,2016-08-01,Persistence,5,143651.0,148120.0
2,Midwest,2016-09-01,Persistence,5,141439.0,143651.0
2,Midwest,2016-10-01,Persistence,5,149205.0,141439.0
2,Midwest,2016-11-01,Persistence,5,151751.0,149205.0
2,Midwest,2016-12-01,Persistence,5,150558.0,151751.0
2,Midwest,2017-01-01,Persistence,5,152242.0,150558.0
2,Midwest,2017-02-01,Persistence,5,156144.0,152242.0
2,Midwest,2017-03-01,Persistence,5,159074.0,156144.0
2,Midwest,2017-04-01,Persistence,5,157036.0,159074.0
2,Midwest,2017-05-01,Persistence,5,149105.0,157036.0
2,Midwest,2017-06-01,Persistence,5,144641.0,149105.0
2,Midwest,2017-07-01,Persistence,5,140560.0,144641.0
2,Midwest,2015-11-01,Physical level MLR,5,144504.0,143706.91442144988
2,Midwest,2015-12-01,Physical level MLR,5,145942.0,145503.61841116165
2,Midwest,2016-01-01,Physical level MLR,5,148304.0,145982.85047248396
2,Midwest,2016-02-01,Physical level MLR,5,150319.0,151335.04737912497
2,Midwest,2016-03-01,Physical level MLR,5,153620.0,152758.81666268868
2,Midwest,2016-04-01,Physical level MLR,5,151708.0,155324.7723216158
2,Midwest,2016-05-01,Physical level MLR,5,145355.0,149314.0890372956
2,Midwest,2016-06-01,Physical level MLR,5,147655.0,143182.13747132634
2,Midwest,2016-07-01,Physical level MLR,5,148120.0,144849.54786358954
2,Midwest,2016-08-01,Physical level MLR,5,143651.0,147000.11423474702
2,Midwest,2016-09-01,Physical level MLR,5,141439.0,144647.66676258165
2,Midwest,2016-10-01,Physical level MLR,5,149205.0,142281.79202865885
2,Midwest,2016-11-01,Physical level MLR,5,151751.0,150282.04376072134
2,Midwest,2016-12-01,Physical level MLR,5,150558.0,152106.5639400751
2,Midwest,2017-01-01,Physical level MLR,5,152242.0,151131.35139844863
2,Midwest,2017-02-01,Physical level MLR,5,156144.0,155046.2264690777
2,Midwest,2017-03-01,Physical level MLR,5,159074.0,156819.08421097134
2,Midwest,2017-04-01,Physical level MLR,5,157036.0,158383.77600875136
2,Midwest,2017-05-01,Physical level MLR,5,149105.0,156536.64337325975
2,Midwest,2017-06-01,Physical level MLR,5,144641.0,147447.13065222156
2,Midwest,2017-07-01,Physical level MLR,5,140560.0,143201.96612676198
2,Midwest,2015-11-01,Change MLR,5,144504.0,146608.3177634963
2,Midwest,2015-12-01,Change MLR,5,145942.0,144613.8512644608
2,Midwest,2016-01-01,Change MLR,5,148304.0,145673.10830930946
2,Midwest,2016-02-01,Change MLR,5,150319.0,150193.98281419592
2,Midwest,2016-03-01,Change MLR,5,153620.0,151672.9487117655
2,Midwest,2016-04-01,Change MLR,5,151708.0,157038.28713935398
2,Midwest,2016-05-01,Change MLR,5,145355.0,151740.89447342162
2,Midwest,2016-06-01,Change MLR,5,147655.0,143912.67639345984
2,Midwest,2016-07-01,Change MLR,5,148120.0,148607.98316405615
2,Midwest,2016-08-01,Change MLR,5,143651.0,148566.46405062295
2,Midwest,2016-09-01,Change MLR,5,141439.0,142725.5669282384
2,Midwest,2016-10-01,Change MLR,5,149205.0,141283.43583487815
2,Midwest,2016-11-01,Change MLR,5,151751.0,156020.22940851393
2,Midwest,2016-12-01,Change MLR,5,150558.0,154421.61127466115
2,Midwest,2017-01-01,Change MLR,5,152242.0,152811.8787550112
2,Midwest,2017-02-01,Change MLR,5,156144.0,157687.43856261505
2,Midwest,2017-03-01,Change MLR,5,159074.0,160595.47285448504
2,Midwest,2017-04-01,Change MLR,5,157036.0,163150.27567936055
2,Midwest,2017-05-01,Change MLR,5,149105.0,158196.87469897442
2,Midwest,2017-06-01,Change MLR,5,144641.0,148451.45135979375
2,Midwest,2017-07-01,Change MLR,5,140560.0,145028.09828431223
2,Midwest,2015-11-01,Seasonal ridge MLR,5,144504.0,147624.13355167164
2,Midwest,2015-12-01,Seasonal ridge MLR,5,145942.0,146541.02521239078
2,Midwest,2016-01-01,Seasonal ridge MLR,5,148304.0,147141.68985031685
2,Midwest,2016-02-01,Seasonal ridge MLR,5,150319.0,149937.53350424801
2,Midwest,2016-03-01,Seasonal ridge MLR,5,153620.0,150682.09375185447
2,Midwest,2016-04-01,Seasonal ridge MLR,5,151708.0,154760.44733159398
2,Midwest,2016-05-01,Seasonal ridge MLR,5,145355.0,150363.63233142305
2,Midwest,2016-06-01,Seasonal ridge MLR,5,147655.0,143054.7406425731
2,Midwest,2016-07-01,Seasonal ridge MLR,5,148120.0,147864.80360154377
2,Midwest,2016-08-01,Seasonal ridge MLR,5,143651.0,148751.37010875257
2,Midwest,2016-09-01,Seasonal ridge MLR,5,141439.0,143965.08275984947
2,Midwest,2016-10-01,Seasonal ridge MLR,5,149205.0,143101.98941071663
2,Midwest,2016-11-01,Seasonal ridge MLR,5,151751.0,156389.12093540773
2,Midwest,2016-12-01,Seasonal ridge MLR,5,150558.0,155714.12235969535
2,Midwest,2017-01-01,Seasonal ridge MLR,5,152242.0,153600.44061381073
2,Midwest,2017-02-01,Seasonal ridge MLR,5,156144.0,156497.57941030135
2,Midwest,2017-03-01,Seasonal ridge MLR,5,159074.0,159025.96526235176
2,Midwest,2017-04-01,Seasonal ridge MLR,5,157036.0,161009.33277557854
2,Midwest,2017-05-01,Seasonal ridge MLR,5,149105.0,156526.89122068853
2,Midwest,2017-06-01,Seasonal ridge MLR,5,144641.0,147465.09766001833
2,Midwest,2017-07-01,Seasonal ridge MLR,5,140560.0,144439.61319878072
2,Midwest,2015-11-01,Polynomial ridge (degree 2),5,144504.0,145611.95739230295
2,Midwest,2015-12-01,Polynomial ridge (degree 2),5,145942.0,144309.59934920998
2,Midwest,2016-01-01,Polynomial ridge (degree 2),5,148304.0,144977.47827476828
2,Midwest,2016-02-01,Polynomial ridge (degree 2),5,150319.0,147737.0109586971
2,Midwest,2016-03-01,Polynomial ridge (degree 2),5,153620.0,149746.20280318227
2,Midwest,2016-04-01,Polynomial ridge (degree 2),5,151708.0,151955.5351155125
2,Midwest,2016-05-01,Polynomial ridge (degree 2),5,145355.0,148770.2948944021
2,Midwest,2016-06-01,Polynomial ridge (degree 2),5,147655.0,143266.13392468216
2,Midwest,2016-07-01,Polynomial ridge (degree 2),5,148120.0,145260.26265851862
2,Midwest,2016-08-01,Polynomial ridge (degree 2),5,143651.0,145829.85670007687
2,Midwest,2016-09-01,Polynomial ridge (degree 2),5,141439.0,141778.7406816086
2,Midwest,2016-10-01,Polynomial ridge (degree 2),5,149205.0,139924.35691195808
2,Midwest,2016-11-01,Polynomial ridge (degree 2),5,151751.0,149163.6515615305
2,Midwest,2016-12-01,Polynomial ridge (degree 2),5,150558.0,149664.64548847757
2,Midwest,2017-01-01,Polynomial ridge (degree 2),5,152242.0,148129.64113465865
2,Midwest,2017-02-01,Polynomial ridge (degree 2),5,156144.0,150112.80545606514
2,Midwest,2017-03-01,Polynomial ridge (degree 2),5,159074.0,154161.0403824245
2,Midwest,2017-04-01,Polynomial ridge (degree 2),5,157036.0,155906.900166137
2,Midwest,2017-05-01,Polynomial ridge (degree 2),5,149105.0,154040.5333257887
2,Midwest,2017-06-01,Polynomial ridge (degree 2),5,144641.0,147240.55412978766
2,Midwest,2017-07-01,Polynomial ridge (degree 2),5,140560.0,142456.59743557798
2,Midwest,2015-11-01,Spline ridge (4 knots),5,144504.0,148759.38123921174
2,Midwest,2015-12-01,Spline ridge (4 knots),5,145942.0,146129.6354923266
2,Midwest,2016-01-01,Spline ridge (4 knots),5,148304.0,147144.09825463346
2,Midwest,2016-02-01,Spline ridge (4 knots),5,150319.0,150156.29095318596
2,Midwest,2016-03-01,Spline ridge (4 knots),5,153620.0,151972.06625628035
2,Midwest,2016-04-01,Spline ridge (4 knots),5,151708.0,155972.87412406236
2,Midwest,2016-05-01,Spline ridge (4 knots),5,145355.0,151017.62693195062
2,Midwest,2016-06-01,Spline ridge (4 knots),5,147655.0,144533.04387800724
2,Midwest,2016-07-01,Spline ridge (4 knots),5,148120.0,148374.44198187446
2,Midwest,2016-08-01,Spline ridge (4 knots),5,143651.0,148283.2118291585
2,Midwest,2016-09-01,Spline ridge (4 knots),5,141439.0,143498.6076073788
2,Midwest,2016-10-01,Spline ridge (4 knots),5,149205.0,141367.48924372942
2,Midwest,2016-11-01,Spline ridge (4 knots),5,151751.0,154724.4085730766
2,Midwest,2016-12-01,Spline ridge (4 knots),5,150558.0,153294.29737278805
2,Midwest,2017-01-01,Spline ridge (4 knots),5,152242.0,150439.58599468417
2,Midwest,2017-02-01,Spline ridge (4 knots),5,156144.0,153346.81625380032
2,Midwest,2017-03-01,Spline ridge (4 knots),5,159074.0,158941.36835099084
2,Midwest,2017-04-01,Spline ridge (4 knots),5,157036.0,160743.49826992519
2,Midwest,2017-05-01,Spline ridge (4 knots),5,149105.0,156854.23780787791
2,Midwest,2017-06-01,Spline ridge (4 knots),5,144641.0,148458.49599226462
2,Midwest,2017-07-01,Spline ridge (4 knots),5,140560.0,144083.699184885
2,Midwest,2017-08-01,Persistence,6,149558.0,140560.0
2,Midwest,2017-09-01,Persistence,6,153828.0,149558.0
2,Midwest,2017-10-01,Persistence,6,142790.0,153828.0
2,Midwest,2017-11-01,Persistence,6,132031.0,142790.0
2,Midwest,2017-12-01,Persistence,6,118434.0,132031.0
2,Midwest,2018-01-01,Persistence,6,111232.0,118434.0
2,Midwest,2018-02-01,Persistence,6,122305.0,111232.0
2,Midwest,2018-03-01,Persistence,6,125576.0,122305.0
2,Midwest,2018-04-01,Persistence,6,123718.0,125576.0
2,Midwest,2018-05-01,Persistence,6,112849.0,123718.0
2,Midwest,2018-06-01,Persistence,6,107744.0,112849.0
2,Midwest,2018-07-01,Persistence,6,111093.0,107744.0
2,Midwest,2018-08-01,Persistence,6,113024.0,111093.0
2,Midwest,2018-09-01,Persistence,6,124368.0,113024.0
2,Midwest,2018-10-01,Persistence,6,129427.0,124368.0
2,Midwest,2018-11-01,Persistence,6,132102.0,129427.0
2,Midwest,2018-12-01,Persistence,6,133648.0,132102.0
2,Midwest,2019-01-01,Persistence,6,138140.0,133648.0
2,Midwest,2019-02-01,Persistence,6,138437.0,138140.0
2,Midwest,2019-03-01,Persistence,6,137310.0,138437.0
2,Midwest,2019-04-01,Persistence,6,143617.0,137310.0
2,Midwest,2017-08-01,Physical level MLR,6,149558.0,138865.0451061832
2,Midwest,2017-09-01,Physical level MLR,6,153828.0,149996.05680583738
2,Midwest,2017-10-01,Physical level MLR,6,142790.0,156160.51134452544
2,Midwest,2017-11-01,Physical level MLR,6,132031.0,143593.14362756757
2,Midwest,2017-12-01,Physical level MLR,6,118434.0,133026.528067827
2,Midwest,2018-01-01,Physical level MLR,6,111232.0,121690.0827299925
2,Midwest,2018-02-01,Physical level MLR,6,122305.0,116949.84990280146
2,Midwest,2018-03-01,Physical level MLR,6,125576.0,124918.70155145608
2,Midwest,2018-04-01,Physical level MLR,6,123718.0,127728.62705314011
2,Midwest,2018-05-01,Physical level MLR,6,112849.0,123862.38400720214
2,Midwest,2018-06-01,Physical level MLR,6,107744.0,115902.29279939186
2,Midwest,2018-07-01,Physical level MLR,6,111093.0,109395.4349658767
2,Midwest,2018-08-01,Physical level MLR,6,113024.0,111950.61233402004
2,Midwest,2018-09-01,Physical level MLR,6,124368.0,117427.15980495943
2,Midwest,2018-10-01,Physical level MLR,6,129427.0,132666.75218662748
2,Midwest,2018-11-01,Physical level MLR,6,132102.0,132702.14794930135
2,Midwest,2018-12-01,Physical level MLR,6,133648.0,132963.46006883378
2,Midwest,2019-01-01,Physical level MLR,6,138140.0,135682.62902198275
2,Midwest,2019-02-01,Physical level MLR,6,138437.0,143366.65600445232
2,Midwest,2019-03-01,Physical level MLR,6,137310.0,142437.66975978747
2,Midwest,2019-04-01,Physical level MLR,6,143617.0,140501.66737588088
2,Midwest,2017-08-01,Change MLR,6,149558.0,137020.60858295194
2,Midwest,2017-09-01,Change MLR,6,153828.0,153189.26610780644
2,Midwest,2017-10-01,Change MLR,6,142790.0,156942.27374960828
2,Midwest,2017-11-01,Change MLR,6,132031.0,138872.84650671115
2,Midwest,2017-12-01,Change MLR,6,118434.0,127116.61288570325
2,Midwest,2018-01-01,Change MLR,6,111232.0,112958.56179275287
2,Midwest,2018-02-01,Change MLR,6,122305.0,110355.65746216693
2,Midwest,2018-03-01,Change MLR,6,125576.0,126434.22284739105
2,Midwest,2018-04-01,Change MLR,6,123718.0,126269.44119537216
2,Midwest,2018-05-01,Change MLR,6,112849.0,121123.13456882551
2,Midwest,2018-06-01,Change MLR,6,107744.0,107752.99419019799
2,Midwest,2018-07-01,Change MLR,6,111093.0,104841.86328225148
2,Midwest,2018-08-01,Change MLR,6,113024.0,110977.1925577854
2,Midwest,2018-09-01,Change MLR,6,124368.0,114964.53884491636
2,Midwest,2018-10-01,Change MLR,6,129427.0,131812.8171786708
2,Midwest,2018-11-01,Change MLR,6,132102.0,131703.00277741958
2,Midwest,2018-12-01,Change MLR,6,133648.0,132363.19094675037
2,Midwest,2019-01-01,Change MLR,6,138140.0,133736.49807353615
2,Midwest,2019-02-01,Change MLR,6,138437.0,142669.89606873004
2,Midwest,2019-03-01,Change MLR,6,137310.0,140001.94181664335
2,Midwest,2019-04-01,Change MLR,6,143617.0,137730.04490012757
2,Midwest,2017-08-01,Seasonal ridge MLR,6,149558.0,138193.67510265487
2,Midwest,2017-09-01,Seasonal ridge MLR,6,153828.0,153030.62542443728
2,Midwest,2017-10-01,Seasonal ridge MLR,6,142790.0,157600.65537687045
2,Midwest,2017-11-01,Seasonal ridge MLR,6,132031.0,142194.34165949118
2,Midwest,2017-12-01,Seasonal ridge MLR,6,118434.0,130681.92090162817
2,Midwest,2018-01-01,Seasonal ridge MLR,6,111232.0,116001.67872175017
2,Midwest,2018-02-01,Seasonal ridge MLR,6,122305.0,110992.69777462313
2,Midwest,2018-03-01,Seasonal ridge MLR,6,125576.0,124756.92113688121
2,Midwest,2018-04-01,Seasonal ridge MLR,6,123718.0,124811.4461557961
2,Midwest,2018-05-01,Seasonal ridge MLR,6,112849.0,120412.173012065
2,Midwest,2018-06-01,Seasonal ridge MLR,6,107744.0,107709.10349075391
2,Midwest,2018-07-01,Seasonal ridge MLR,6,111093.0,104937.42626702505
2,Midwest,2018-08-01,Seasonal ridge MLR,6,113024.0,111118.77508791642
2,Midwest,2018-09-01,Seasonal ridge MLR,6,124368.0,115204.905090715
2,Midwest,2018-10-01,Seasonal ridge MLR,6,129427.0,131035.98025088086
2,Midwest,2018-11-01,Seasonal ridge MLR,6,132102.0,133102.260173492
2,Midwest,2018-12-01,Seasonal ridge MLR,6,133648.0,134443.05615715068
2,Midwest,2019-01-01,Seasonal ridge MLR,6,138140.0,135187.5658798462
2,Midwest,2019-02-01,Seasonal ridge MLR,6,138437.0,141614.20607307964
2,Midwest,2019-03-01,Seasonal ridge MLR,6,137310.0,138943.22998356572
2,Midwest,2019-04-01,Seasonal ridge MLR,6,143617.0,136267.26671663224
2,Midwest,2017-08-01,Polynomial ridge (degree 2),6,149558.0,139444.1192327838
2,Midwest,2017-09-01,Polynomial ridge (degree 2),6,153828.0,152196.93845928521
2,Midwest,2017-10-01,Polynomial ridge (degree 2),6,142790.0,155361.1532725429
2,Midwest,2017-11-01,Polynomial ridge (degree 2),6,132031.0,142008.25387462036
2,Midwest,2017-12-01,Polynomial ridge (degree 2),6,118434.0,131251.6553710776
2,Midwest,2018-01-01,Polynomial ridge (degree 2),6,111232.0,117814.24630904711
2,Midwest,2018-02-01,Polynomial ridge (degree 2),6,122305.0,110718.11159562043
2,Midwest,2018-03-01,Polynomial ridge (degree 2),6,125576.0,129555.30549370561
2,Midwest,2018-04-01,Polynomial ridge (degree 2),6,123718.0,128059.63299111825
2,Midwest,2018-05-01,Polynomial ridge (degree 2),6,112849.0,124095.94969170383
2,Midwest,2018-06-01,Polynomial ridge (degree 2),6,107744.0,112104.4834056369
2,Midwest,2018-07-01,Polynomial ridge (degree 2),6,111093.0,107507.01177283212
2,Midwest,2018-08-01,Polynomial ridge (degree 2),6,113024.0,114278.1470912315
2,Midwest,2018-09-01,Polynomial ridge (degree 2),6,124368.0,116422.929030824
2,Midwest,2018-10-01,Polynomial ridge (degree 2),6,129427.0,135332.2110787738
2,Midwest,2018-11-01,Polynomial ridge (degree 2),6,132102.0,133808.20730515663
2,Midwest,2018-12-01,Polynomial ridge (degree 2),6,133648.0,134681.9594869313
2,Midwest,2019-01-01,Polynomial ridge (degree 2),6,138140.0,136152.79403845238
2,Midwest,2019-02-01,Polynomial ridge (degree 2),6,138437.0,141312.42231988817
2,Midwest,2019-03-01,Polynomial ridge (degree 2),6,137310.0,140826.53165741783
2,Midwest,2019-04-01,Polynomial ridge (degree 2),6,143617.0,138823.7778579737
2,Midwest,2017-08-01,Spline ridge (4 knots),6,149558.0,139752.72102963898
2,Midwest,2017-09-01,Spline ridge (4 knots),6,153828.0,154769.17073772
2,Midwest,2017-10-01,Spline ridge (4 knots),6,142790.0,156826.30138622044
2,Midwest,2017-11-01,Spline ridge (4 knots),6,132031.0,142491.40141782298
2,Midwest,2017-12-01,Spline ridge (4 knots),6,118434.0,131759.4110242516
2,Midwest,2018-01-01,Spline ridge (4 knots),6,111232.0,118365.91531370288
2,Midwest,2018-02-01,Spline ridge (4 knots),6,122305.0,110972.35060023943
2,Midwest,2018-03-01,Spline ridge (4 knots),6,125576.0,127663.83984961246
2,Midwest,2018-04-01,Spline ridge (4 knots),6,123718.0,127644.38201278108
2,Midwest,2018-05-01,Spline ridge (4 knots),6,112849.0,123409.03049688428
2,Midwest,2018-06-01,Spline ridge (4 knots),6,107744.0,112757.8857902474
2,Midwest,2018-07-01,Spline ridge (4 knots),6,111093.0,107344.71337039635
2,Midwest,2018-08-01,Spline ridge (4 knots),6,113024.0,113202.20317605056
2,Midwest,2018-09-01,Spline ridge (4 knots),6,124368.0,114409.00291350968
2,Midwest,2018-10-01,Spline ridge (4 knots),6,129427.0,129831.46919661315
2,Midwest,2018-11-01,Spline ridge (4 knots),6,132102.0,133193.24767676223
2,Midwest,2018-12-01,Spline ridge (4 knots),6,133648.0,133946.3418071265
2,Midwest,2019-01-01,Spline ridge (4 knots),6,138140.0,134818.48753677055
2,Midwest,2019-02-01,Spline ridge (4 knots),6,138437.0,141396.21626301523
2,Midwest,2019-03-01,Spline ridge (4 knots),6,137310.0,139031.74212961894
2,Midwest,2019-04-01,Spline ridge (4 knots),6,143617.0,137472.46395687663
2,Midwest,2019-05-01,Persistence,7,142220.0,143617.0
2,Midwest,2019-06-01,Persistence,7,134881.0,142220.0
2,Midwest,2019-07-01,Persistence,7,125698.0,134881.0
2,Midwest,2019-08-01,Persistence,7,128143.0,125698.0
2,Midwest,2019-09-01,Persistence,7,134781.0,128143.0
2,Midwest,2019-10-01,Persistence,7,130126.0,134781.0
2,Midwest,2019-11-01,Persistence,7,126547.0,130126.0
2,Midwest,2019-12-01,Persistence,7,127714.0,126547.0
2,Midwest,2020-01-01,Persistence,7,126836.0,127714.0
2,Midwest,2020-02-01,Persistence,7,139824.0,126836.0
2,Midwest,2020-03-01,Persistence,7,156466.0,139824.0
2,Midwest,2020-04-01,Persistence,7,140663.0,156466.0
2,Midwest,2020-05-01,Persistence,7,136483.0,140663.0
2,Midwest,2020-06-01,Persistence,7,140336.0,136483.0
2,Midwest,2020-07-01,Persistence,7,140141.0,140336.0
2,Midwest,2020-08-01,Persistence,7,140970.0,140141.0
2,Midwest,2020-09-01,Persistence,7,146472.0,140970.0
2,Midwest,2020-10-01,Persistence,7,148412.0,146472.0
2,Midwest,2020-11-01,Persistence,7,147225.0,148412.0
2,Midwest,2020-12-01,Persistence,7,136136.0,147225.0
2,Midwest,2021-01-01,Persistence,7,134483.0,136136.0
2,Midwest,2019-05-01,Physical level MLR,7,142220.0,145935.73136308626
2,Midwest,2019-06-01,Physical level MLR,7,134881.0,142445.52140570479
2,Midwest,2019-07-01,Physical level MLR,7,125698.0,134161.4040558134
2,Midwest,2019-08-01,Physical level MLR,7,128143.0,124271.49838678946
2,Midwest,2019-09-01,Physical level MLR,7,134781.0,129125.48703229992
2,Midwest,2019-10-01,Physical level MLR,7,130126.0,136658.74802783527
2,Midwest,2019-11-01,Physical level MLR,7,126547.0,130499.89481928907
2,Midwest,2019-12-01,Physical level MLR,7,127714.0,127803.51838243984
2,Midwest,2020-01-01,Physical level MLR,7,126836.0,128647.28148381009
2,Midwest,2020-02-01,Physical level MLR,7,139824.0,130393.48622070998
2,Midwest,2020-03-01,Physical level MLR,7,156466.0,143613.3647849732
2,Midwest,2020-04-01,Physical level MLR,7,140663.0,163037.908948957
2,Midwest,2020-05-01,Physical level MLR,7,136483.0,143422.3059862291
2,Midwest,2020-06-01,Physical level MLR,7,140336.0,139206.81970697254
2,Midwest,2020-07-01,Physical level MLR,7,140141.0,140411.25063682304
2,Midwest,2020-08-01,Physical level MLR,7,140970.0,139645.26233958045
2,Midwest,2020-09-01,Physical level MLR,7,146472.0,142098.32738027308
2,Midwest,2020-10-01,Physical level MLR,7,148412.0,147648.46054552117
2,Midwest,2020-11-01,Physical level MLR,7,147225.0,150337.342041603
2,Midwest,2020-12-01,Physical level MLR,7,136136.0,149718.49005674076
2,Midwest,2021-01-01,Physical level MLR,7,134483.0,137386.42408256204
2,Midwest,2019-05-01,Change MLR,7,142220.0,147331.44966310193
2,Midwest,2019-06-01,Change MLR,7,134881.0,141643.54085399827
2,Midwest,2019-07-01,Change MLR,7,125698.0,130765.73282351169
2,Midwest,2019-08-01,Change MLR,7,128143.0,121008.68534007047
2,Midwest,2019-09-01,Change MLR,7,134781.0,129448.7106260877
2,Midwest,2019-10-01,Change MLR,7,130126.0,138541.4743726742
2,Midwest,2019-11-01,Change MLR,7,126547.0,129375.30501597872
2,Midwest,2019-12-01,Change MLR,7,127714.0,124729.2913096071
2,Midwest,2020-01-01,Change MLR,7,126836.0,128372.4582345831
2,Midwest,2020-02-01,Change MLR,7,139824.0,127607.42161645132
2,Midwest,2020-03-01,Change MLR,7,156466.0,146391.1502269992
2,Midwest,2020-04-01,Change MLR,7,140663.0,166622.69646123014
2,Midwest,2020-05-01,Change MLR,7,136483.0,136473.93566575722
2,Midwest,2020-06-01,Change MLR,7,140336.0,136320.88014890414
2,Midwest,2020-07-01,Change MLR,7,140141.0,141858.11697377134
2,Midwest,2020-08-01,Change MLR,7,140970.0,140121.96085573823
2,Midwest,2020-09-01,Change MLR,7,146472.0,142817.11324939498
2,Midwest,2020-10-01,Change MLR,7,148412.0,149766.12231206975
2,Midwest,2020-11-01,Change MLR,7,147225.0,150397.57727277567
2,Midwest,2020-12-01,Change MLR,7,136136.0,147647.6636502741
2,Midwest,2021-01-01,Change MLR,7,134483.0,131640.62761329854
2,Midwest,2019-05-01,Seasonal ridge MLR,7,142220.0,145202.21848176245
2,Midwest,2019-06-01,Seasonal ridge MLR,7,134881.0,140558.45853650224
2,Midwest,2019-07-01,Seasonal ridge MLR,7,125698.0,130927.49167821836
2,Midwest,2019-08-01,Seasonal ridge MLR,7,128143.0,121904.16392916466
2,Midwest,2019-09-01,Seasonal ridge MLR,7,134781.0,129930.86377607837
2,Midwest,2019-10-01,Seasonal ridge MLR,7,130126.0,139019.56609702704
2,Midwest,2019-11-01,Seasonal ridge MLR,7,126547.0,130728.06247392378
2,Midwest,2019-12-01,Seasonal ridge MLR,7,127714.0,126325.7978870625
2,Midwest,2020-01-01,Seasonal ridge MLR,7,126836.0,128981.49068095954
2,Midwest,2020-02-01,Seasonal ridge MLR,7,139824.0,127392.22867427465
2,Midwest,2020-03-01,Seasonal ridge MLR,7,156466.0,144513.50954866534
2,Midwest,2020-04-01,Seasonal ridge MLR,7,140663.0,163438.51027865743
2,Midwest,2020-05-01,Seasonal ridge MLR,7,136483.0,135614.85283083012
2,Midwest,2020-06-01,Seasonal ridge MLR,7,140336.0,135067.56048610553
2,Midwest,2020-07-01,Seasonal ridge MLR,7,140141.0,141029.02203507524
2,Midwest,2020-08-01,Seasonal ridge MLR,7,140970.0,140208.52380346105
2,Midwest,2020-09-01,Seasonal ridge MLR,7,146472.0,143116.36412444903
2,Midwest,2020-10-01,Seasonal ridge MLR,7,148412.0,150407.48742382313
2,Midwest,2020-11-01,Seasonal ridge MLR,7,147225.0,151439.8450148328
2,Midwest,2020-12-01,Seasonal ridge MLR,7,136136.0,148800.60564006274
2,Midwest,2021-01-01,Seasonal ridge MLR,7,134483.0,133178.3624358232
2,Midwest,2019-05-01,Polynomial ridge (degree 2),7,142220.0,146553.1806344418
2,Midwest,2019-06-01,Polynomial ridge (degree 2),7,134881.0,142005.8523319987
2,Midwest,2019-07-01,Polynomial ridge (degree 2),7,125698.0,132631.69498289865
2,Midwest,2019-08-01,Polynomial ridge (degree 2),7,128143.0,122747.91873582854
2,Midwest,2019-09-01,Polynomial ridge (degree 2),7,134781.0,130289.05896953832
2,Midwest,2019-10-01,Polynomial ridge (degree 2),7,130126.0,138473.12450437743
2,Midwest,2019-11-01,Polynomial ridge (degree 2),7,126547.0,128968.783801285
2,Midwest,2019-12-01,Polynomial ridge (degree 2),7,127714.0,126732.27632762634
2,Midwest,2020-01-01,Polynomial ridge (degree 2),7,126836.0,129390.85985214308
2,Midwest,2020-02-01,Polynomial ridge (degree 2),7,139824.0,128155.41827468631
2,Midwest,2020-03-01,Polynomial ridge (degree 2),7,156466.0,145826.84675763184
2,Midwest,2020-04-01,Polynomial ridge (degree 2),7,140663.0,161826.2688069479
2,Midwest,2020-05-01,Polynomial ridge (degree 2),7,136483.0,134015.59900573498
2,Midwest,2020-06-01,Polynomial ridge (degree 2),7,140336.0,135023.65028955106
2,Midwest,2020-07-01,Polynomial ridge (degree 2),7,140141.0,141482.89678336887
2,Midwest,2020-08-01,Polynomial ridge (degree 2),7,140970.0,139900.4432813838
2,Midwest,2020-09-01,Polynomial ridge (degree 2),7,146472.0,141084.90695758752
2,Midwest,2020-10-01,Polynomial ridge (degree 2),7,148412.0,147980.515496548
2,Midwest,2020-11-01,Polynomial ridge (degree 2),7,147225.0,148835.77038326592
2,Midwest,2020-12-01,Polynomial ridge (degree 2),7,136136.0,146836.34229112614
2,Midwest,2021-01-01,Polynomial ridge (degree 2),7,134483.0,131897.90492404072
2,Midwest,2019-05-01,Spline ridge (4 knots),7,142220.0,148280.18350373165
2,Midwest,2019-06-01,Spline ridge (4 knots),7,134881.0,142966.50132064044
2,Midwest,2019-07-01,Spline ridge (4 knots),7,125698.0,135565.9513430258
2,Midwest,2019-08-01,Spline ridge (4 knots),7,128143.0,124488.28293943564
2,Midwest,2019-09-01,Spline ridge (4 knots),7,134781.0,130230.44728422322
2,Midwest,2019-10-01,Spline ridge (4 knots),7,130126.0,139579.084640069
2,Midwest,2019-11-01,Spline ridge (4 knots),7,126547.0,130669.13745252625
2,Midwest,2019-12-01,Spline ridge (4 knots),7,127714.0,127394.5965189964
2,Midwest,2020-01-01,Spline ridge (4 knots),7,126836.0,129160.0090088133
2,Midwest,2020-02-01,Spline ridge (4 knots),7,139824.0,127791.57294991086
2,Midwest,2020-03-01,Spline ridge (4 knots),7,156466.0,144555.46318465393
2,Midwest,2020-04-01,Spline ridge (4 knots),7,140663.0,161202.12414463676
2,Midwest,2020-05-01,Spline ridge (4 knots),7,136483.0,130351.63193158971
2,Midwest,2020-06-01,Spline ridge (4 knots),7,140336.0,136453.3874343773
2,Midwest,2020-07-01,Spline ridge (4 knots),7,140141.0,142422.94807461544
2,Midwest,2020-08-01,Spline ridge (4 knots),7,140970.0,140072.82799295674
2,Midwest,2020-09-01,Spline ridge (4 knots),7,146472.0,141377.7464495295
2,Midwest,2020-10-01,Spline ridge (4 knots),7,148412.0,150126.21465248024
2,Midwest,2020-11-01,Spline ridge (4 knots),7,147225.0,150073.516717395
2,Midwest,2020-12-01,Spline ridge (4 knots),7,136136.0,148051.0248986249
2,Midwest,2021-01-01,Spline ridge (4 knots),7,134483.0,132277.57915901404
2,Midwest,2021-02-01,Persistence,8,127473.0,134483.0
2,Midwest,2021-03-01,Persistence,8,133881.0,127473.0
2,Midwest,2021-04-01,Persistence,8,134056.0,133881.0
2,Midwest,2021-05-01,Persistence,8,124235.0,134056.0
2,Midwest,2021-06-01,Persistence,8,119009.0,124235.0
2,Midwest,2021-07-01,Persistence,8,116402.0,119009.0
2,Midwest,2021-08-01,Persistence,8,113164.0,116402.0
2,Midwest,2021-09-01,Persistence,8,108697.0,113164.0
2,Midwest,2021-10-01,Persistence,8,114800.0,108697.0
2,Midwest,2021-11-01,Persistence,8,117519.0,114800.0
2,Midwest,2021-12-01,Persistence,8,110478.0,117519.0
2,Midwest,2022-01-01,Persistence,8,102418.0,110478.0
2,Midwest,2022-02-01,Persistence,8,106991.0,102418.0
2,Midwest,2022-03-01,Persistence,8,105393.0,106991.0
2,Midwest,2022-04-01,Persistence,8,103433.0,105393.0
2,Midwest,2022-05-01,Persistence,8,103711.0,103433.0
2,Midwest,2022-06-01,Persistence,8,108992.0,103711.0
2,Midwest,2022-07-01,Persistence,8,106416.0,108992.0
2,Midwest,2022-08-01,Persistence,8,109108.0,106416.0
2,Midwest,2022-09-01,Persistence,8,113699.0,109108.0
2,Midwest,2022-10-01,Persistence,8,106829.0,113699.0
2,Midwest,2021-02-01,Physical level MLR,8,127473.0,136373.87100218018
2,Midwest,2021-03-01,Physical level MLR,8,133881.0,127727.75030642645
2,Midwest,2021-04-01,Physical level MLR,8,134056.0,134642.85623806377
2,Midwest,2021-05-01,Physical level MLR,8,124235.0,132877.6338280746
2,Midwest,2021-06-01,Physical level MLR,8,119009.0,122656.96225693627
2,Midwest,2021-07-01,Physical level MLR,8,116402.0,117711.36608693244
2,Midwest,2021-08-01,Physical level MLR,8,113164.0,115431.32974423945
2,Midwest,2021-09-01,Physical level MLR,8,108697.0,112738.67054712633
2,Midwest,2021-10-01,Physical level MLR,8,114800.0,109173.44962810574
2,Midwest,2021-11-01,Physical level MLR,8,117519.0,115272.58936015246
2,Midwest,2021-12-01,Physical level MLR,8,110478.0,117235.726188735
2,Midwest,2022-01-01,Physical level MLR,8,102418.0,110057.8816214989
2,Midwest,2022-02-01,Physical level MLR,8,106991.0,103811.57403982135
2,Midwest,2022-03-01,Physical level MLR,8,105393.0,108283.62989095112
2,Midwest,2022-04-01,Physical level MLR,8,103433.0,106323.7689782895
2,Midwest,2022-05-01,Physical level MLR,8,103711.0,103455.60845518309
2,Midwest,2022-06-01,Physical level MLR,8,108992.0,103662.33515401313
2,Midwest,2022-07-01,Physical level MLR,8,106416.0,109074.74215079866
2,Midwest,2022-08-01,Physical level MLR,8,109108.0,106665.43402008686
2,Midwest,2022-09-01,Physical level MLR,8,113699.0,109805.4159060065
2,Midwest,2022-10-01,Physical level MLR,8,106829.0,113716.1243361128
2,Midwest,2021-02-01,Change MLR,8,127473.0,134070.8291473553
2,Midwest,2021-03-01,Change MLR,8,133881.0,124066.61174418352
2,Midwest,2021-04-01,Change MLR,8,134056.0,136024.6095047017
2,Midwest,2021-05-01,Change MLR,8,124235.0,133740.63851276098
2,Midwest,2021-06-01,Change MLR,8,119009.0,119352.38836367111
2,Midwest,2021-07-01,Change MLR,8,116402.0,115992.64951784503
2,Midwest,2021-08-01,Change MLR,8,113164.0,114301.49577011523
2,Midwest,2021-09-01,Change MLR,8,108697.0,110926.81079742631
2,Midwest,2021-10-01,Change MLR,8,114800.0,106286.92270092067
2,Midwest,2021-11-01,Change MLR,8,117519.0,114852.89125003747
2,Midwest,2021-12-01,Change MLR,8,110478.0,115869.95567840364
2,Midwest,2022-01-01,Change MLR,8,102418.0,105778.76846008089
2,Midwest,2022-02-01,Change MLR,8,106991.0,98761.54243335877
2,Midwest,2022-03-01,Change MLR,8,105393.0,106560.69960893199
2,Midwest,2022-04-01,Change MLR,8,103433.0,103533.30327110701
2,Midwest,2022-05-01,Change MLR,8,103711.0,100932.8462039597
2,Midwest,2022-06-01,Change MLR,8,108992.0,102184.49249696442
2,Midwest,2022-07-01,Change MLR,8,106416.0,109167.75062796037
2,Midwest,2022-08-01,Change MLR,8,109108.0,103479.2257458435
2,Midwest,2022-09-01,Change MLR,8,113699.0,108521.88992247413
2,Midwest,2022-10-01,Change MLR,8,106829.0,113606.55274160409
2,Midwest,2021-02-01,Seasonal ridge MLR,8,127473.0,134611.455947295
2,Midwest,2021-03-01,Seasonal ridge MLR,8,133881.0,124632.094027793
2,Midwest,2021-04-01,Seasonal ridge MLR,8,134056.0,134590.67878955038
2,Midwest,2021-05-01,Seasonal ridge MLR,8,124235.0,132440.97294598966
2,Midwest,2021-06-01,Seasonal ridge MLR,8,119009.0,119309.4580667797
2,Midwest,2021-07-01,Seasonal ridge MLR,8,116402.0,115946.63722459962
2,Midwest,2021-08-01,Seasonal ridge MLR,8,113164.0,114827.27678701642
2,Midwest,2021-09-01,Seasonal ridge MLR,8,108697.0,112288.17436918325
2,Midwest,2021-10-01,Seasonal ridge MLR,8,114800.0,108328.12396286173
2,Midwest,2021-11-01,Seasonal ridge MLR,8,117519.0,117087.29347298748
2,Midwest,2021-12-01,Seasonal ridge MLR,8,110478.0,118514.12688606465
2,Midwest,2022-01-01,Seasonal ridge MLR,8,102418.0,108561.82456470924
2,Midwest,2022-02-01,Seasonal ridge MLR,8,106991.0,100264.54453087457
2,Midwest,2022-03-01,Seasonal ridge MLR,8,105393.0,106824.5231425394
2,Midwest,2022-04-01,Seasonal ridge MLR,8,103433.0,103275.48922451775
2,Midwest,2022-05-01,Seasonal ridge MLR,8,103711.0,100554.45707469156
2,Midwest,2022-06-01,Seasonal ridge MLR,8,108992.0,101522.84383072864
2,Midwest,2022-07-01,Seasonal ridge MLR,8,106416.0,108680.1695115675
2,Midwest,2022-08-01,Seasonal ridge MLR,8,109108.0,104443.34709550349
2,Midwest,2022-09-01,Seasonal ridge MLR,8,113699.0,109659.19527075975
2,Midwest,2022-10-01,Seasonal ridge MLR,8,106829.0,115338.33887160031
2,Midwest,2021-02-01,Polynomial ridge (degree 2),8,127473.0,134462.80860024522
2,Midwest,2021-03-01,Polynomial ridge (degree 2),8,133881.0,125902.58034408222
2,Midwest,2021-04-01,Polynomial ridge (degree 2),8,134056.0,135561.3421398578
2,Midwest,2021-05-01,Polynomial ridge (degree 2),8,124235.0,134298.0879815411
2,Midwest,2021-06-01,Polynomial ridge (degree 2),8,119009.0,121257.73290431067
2,Midwest,2021-07-01,Polynomial ridge (degree 2),8,116402.0,118197.07136070584
2,Midwest,2021-08-01,Polynomial ridge (degree 2),8,113164.0,116762.14375085502
2,Midwest,2021-09-01,Polynomial ridge (degree 2),8,108697.0,113454.72731409135
2,Midwest,2021-10-01,Polynomial ridge (degree 2),8,114800.0,108751.31252037146
2,Midwest,2021-11-01,Polynomial ridge (degree 2),8,117519.0,118620.19035926602
2,Midwest,2021-12-01,Polynomial ridge (degree 2),8,110478.0,120321.60847972943
2,Midwest,2022-01-01,Polynomial ridge (degree 2),8,102418.0,109400.72426705246
2,Midwest,2022-02-01,Polynomial ridge (degree 2),8,106991.0,100746.24406569521
2,Midwest,2022-03-01,Polynomial ridge (degree 2),8,105393.0,111312.65180405477
2,Midwest,2022-04-01,Polynomial ridge (degree 2),8,103433.0,106810.93096814102
2,Midwest,2022-05-01,Polynomial ridge (degree 2),8,103711.0,104848.8608364948
2,Midwest,2022-06-01,Polynomial ridge (degree 2),8,108992.0,105876.74775353282
2,Midwest,2022-07-01,Polynomial ridge (degree 2),8,106416.0,112584.61075719923
2,Midwest,2022-08-01,Polynomial ridge (degree 2),8,109108.0,107671.796328862
2,Midwest,2022-09-01,Polynomial ridge (degree 2),8,113699.0,112137.85789041022
2,Midwest,2022-10-01,Polynomial ridge (degree 2),8,106829.0,116920.84162511952
2,Midwest,2021-02-01,Spline ridge (4 knots),8,127473.0,134214.01104179147
2,Midwest,2021-03-01,Spline ridge (4 knots),8,133881.0,126183.78774512306
2,Midwest,2021-04-01,Spline ridge (4 knots),8,134056.0,136820.63950388937
2,Midwest,2021-05-01,Spline ridge (4 knots),8,124235.0,133968.01067710895
2,Midwest,2021-06-01,Spline ridge (4 knots),8,119009.0,121433.06693013052
2,Midwest,2021-07-01,Spline ridge (4 knots),8,116402.0,117670.71272673187
2,Midwest,2021-08-01,Spline ridge (4 knots),8,113164.0,115540.70659264275
2,Midwest,2021-09-01,Spline ridge (4 knots),8,108697.0,112205.81922165281
2,Midwest,2021-10-01,Spline ridge (4 knots),8,114800.0,107657.07706049115
2,Midwest,2021-11-01,Spline ridge (4 knots),8,117519.0,117735.27653514703
2,Midwest,2021-12-01,Spline ridge (4 knots),8,110478.0,118851.47764490527
2,Midwest,2022-01-01,Spline ridge (4 knots),8,102418.0,109095.83929066421
2,Midwest,2022-02-01,Spline ridge (4 knots),8,106991.0,100474.46055723197
2,Midwest,2022-03-01,Spline ridge (4 knots),8,105393.0,109188.46482450837
2,Midwest,2022-04-01,Spline ridge (4 knots),8,103433.0,104908.34068473933
2,Midwest,2022-05-01,Spline ridge (4 knots),8,103711.0,102910.83881354092
2,Midwest,2022-06-01,Spline ridge (4 knots),8,108992.0,103716.103254481
2,Midwest,2022-07-01,Spline ridge (4 knots),8,106416.0,111233.49503335432
2,Midwest,2022-08-01,Spline ridge (4 knots),8,109108.0,105916.08114710583
2,Midwest,2022-09-01,Spline ridge (4 knots),8,113699.0,110251.11777601019
2,Midwest,2022-10-01,Spline ridge (4 knots),8,106829.0,115707.80223100122
2,Midwest,2022-11-01,Persistence,9,107006.0,106829.0
2,Midwest,2022-12-01,Persistence,9,123976.0,107006.0
2,Midwest,2023-01-01,Persistence,9,127518.0,123976.0
2,Midwest,2023-02-01,Persistence,9,121224.0,127518.0
2,Midwest,2023-03-01,Persistence,9,120647.0,121224.0
2,Midwest,2023-04-01,Persistence,9,125119.0,120647.0
2,Midwest,2023-05-01,Persistence,9,126189.0,125119.0
2,Midwest,2023-06-01,Persistence,9,118771.0,126189.0
2,Midwest,2023-07-01,Persistence,9,109216.0,118771.0
2,Midwest,2023-08-01,Persistence,9,104432.0,109216.0
2,Midwest,2023-09-01,Persistence,9,105146.0,104432.0
2,Midwest,2023-10-01,Persistence,9,110776.0,105146.0
2,Midwest,2023-11-01,Persistence,9,116557.0,110776.0
2,Midwest,2023-12-01,Persistence,9,109117.0,116557.0
2,Midwest,2024-01-01,Persistence,9,117652.0,109117.0
2,Midwest,2024-02-01,Persistence,9,119599.0,117652.0
2,Midwest,2024-03-01,Persistence,9,122265.0,119599.0
2,Midwest,2024-04-01,Persistence,9,116543.0,122265.0
2,Midwest,2024-05-01,Persistence,9,114321.0,116543.0
2,Midwest,2024-06-01,Persistence,9,110115.0,114321.0
2,Midwest,2024-07-01,Persistence,9,104799.0,110115.0
2,Midwest,2022-11-01,Physical level MLR,9,107006.0,106945.5693484701
2,Midwest,2022-12-01,Physical level MLR,9,123976.0,106919.03265287478
2,Midwest,2023-01-01,Physical level MLR,9,127518.0,123389.58365411877
2,Midwest,2023-02-01,Physical level MLR,9,121224.0,127469.41536251774
2,Midwest,2023-03-01,Physical level MLR,9,120647.0,120778.15288958525
2,Midwest,2023-04-01,Physical level MLR,9,125119.0,120877.86587021538
2,Midwest,2023-05-01,Physical level MLR,9,126189.0,124166.46945995385
2,Midwest,2023-06-01,Physical level MLR,9,118771.0,124523.29069592986
2,Midwest,2023-07-01,Physical level MLR,9,109216.0,116992.46204551621
2,Midwest,2023-08-01,Physical level MLR,9,104432.0,107582.69235051406
2,Midwest,2023-09-01,Physical level MLR,9,105146.0,105853.76570159597
2,Midwest,2023-10-01,Physical level MLR,9,110776.0,106756.30687640005
2,Midwest,2023-11-01,Physical level MLR,9,116557.0,111799.39031125345
2,Midwest,2023-12-01,Physical level MLR,9,109117.0,115879.08106685395
2,Midwest,2024-01-01,Physical level MLR,9,117652.0,108120.84585456253
2,Midwest,2024-02-01,Physical level MLR,9,119599.0,119512.14728184104
2,Midwest,2024-03-01,Physical level MLR,9,122265.0,119410.37634422278
2,Midwest,2024-04-01,Physical level MLR,9,116543.0,122941.90821462654
2,Midwest,2024-05-01,Physical level MLR,9,114321.0,115008.75775925639
2,Midwest,2024-06-01,Physical level MLR,9,110115.0,113633.50784486011
2,Midwest,2024-07-01,Physical level MLR,9,104799.0,109717.02839256475
2,Midwest,2022-11-01,Change MLR,9,107006.0,103984.04983259871
2,Midwest,2022-12-01,Change MLR,9,123976.0,106082.44737705827
2,Midwest,2023-01-01,Change MLR,9,127518.0,127351.21003187777
2,Midwest,2023-02-01,Change MLR,9,121224.0,127819.99820700528
2,Midwest,2023-03-01,Change MLR,9,120647.0,118606.79737054117
2,Midwest,2023-04-01,Change MLR,9,125119.0,120214.05656781611
2,Midwest,2023-05-01,Change MLR,9,126189.0,125018.2414712181
2,Midwest,2023-06-01,Change MLR,9,118771.0,125492.5877148554
2,Midwest,2023-07-01,Change MLR,9,109216.0,115604.60643796863
2,Midwest,2023-08-01,Change MLR,9,104432.0,104949.36309895167
2,Midwest,2023-09-01,Change MLR,9,105146.0,102725.68351769893
2,Midwest,2023-10-01,Change MLR,9,110776.0,104830.16785236477
2,Midwest,2023-11-01,Change MLR,9,116557.0,111093.85850881925
2,Midwest,2023-12-01,Change MLR,9,109117.0,117026.16819720654
2,Midwest,2024-01-01,Change MLR,9,117652.0,105124.15928512922
2,Midwest,2024-02-01,Change MLR,9,119599.0,119846.81774374792
2,Midwest,2024-03-01,Change MLR,9,122265.0,119224.37179004251
2,Midwest,2024-04-01,Change MLR,9,116543.0,122194.30792060812
2,Midwest,2024-05-01,Change MLR,9,114321.0,113034.31350433838
2,Midwest,2024-06-01,Change MLR,9,110115.0,112628.65746350473
2,Midwest,2024-07-01,Change MLR,9,104799.0,107402.6202524855
2,Midwest,2022-11-01,Seasonal ridge MLR,9,107006.0,105966.17386643817
2,Midwest,2022-12-01,Seasonal ridge MLR,9,123976.0,107725.89013854763
2,Midwest,2023-01-01,Seasonal ridge MLR,9,127518.0,127889.34620754677
2,Midwest,2023-02-01,Seasonal ridge MLR,9,121224.0,128142.60241412732
2,Midwest,2023-03-01,Seasonal ridge MLR,9,120647.0,118651.90927044064
2,Midwest,2023-04-01,Seasonal ridge MLR,9,125119.0,119201.62805548901
2,Midwest,2023-05-01,Seasonal ridge MLR,9,126189.0,123772.40475334862
2,Midwest,2023-06-01,Seasonal ridge MLR,9,118771.0,124355.34482926408
2,Midwest,2023-07-01,Seasonal ridge MLR,9,109216.0,115309.23108825723
2,Midwest,2023-08-01,Seasonal ridge MLR,9,104432.0,105555.90121884046
2,Midwest,2023-09-01,Seasonal ridge MLR,9,105146.0,103495.71292350416
2,Midwest,2023-10-01,Seasonal ridge MLR,9,110776.0,105964.34458284294
2,Midwest,2023-11-01,Seasonal ridge MLR,9,116557.0,112544.03962267096
2,Midwest,2023-12-01,Seasonal ridge MLR,9,109117.0,118424.06059018274
2,Midwest,2024-01-01,Seasonal ridge MLR,9,117652.0,106954.2489303705
2,Midwest,2024-02-01,Seasonal ridge MLR,9,119599.0,119747.6426069124
2,Midwest,2024-03-01,Seasonal ridge MLR,9,122265.0,118949.93779551043
2,Midwest,2024-04-01,Seasonal ridge MLR,9,116543.0,121193.97501662614
2,Midwest,2024-05-01,Seasonal ridge MLR,9,114321.0,112432.25565584465
2,Midwest,2024-06-01,Seasonal ridge MLR,9,110115.0,111676.03427599045
2,Midwest,2024-07-01,Seasonal ridge MLR,9,104799.0,107067.1945318143
2,Midwest,2022-11-01,Polynomial ridge (degree 2),9,107006.0,105796.68913942936
2,Midwest,2022-12-01,Polynomial ridge (degree 2),9,123976.0,108410.33164264594
2,Midwest,2023-01-01,Polynomial ridge (degree 2),9,127518.0,127646.68544475426
2,Midwest,2023-02-01,Polynomial ridge (degree 2),9,121224.0,128763.44702324801
2,Midwest,2023-03-01,Polynomial ridge (degree 2),9,120647.0,120045.51874254867
2,Midwest,2023-04-01,Polynomial ridge (degree 2),9,125119.0,121243.76491895267
2,Midwest,2023-05-01,Polynomial ridge (degree 2),9,126189.0,126870.74820770072
2,Midwest,2023-06-01,Polynomial ridge (degree 2),9,118771.0,126777.47546780854
2,Midwest,2023-07-01,Polynomial ridge (degree 2),9,109216.0,116991.84930339153
2,Midwest,2023-08-01,Polynomial ridge (degree 2),9,104432.0,106936.01165872588
2,Midwest,2023-09-01,Polynomial ridge (degree 2),9,105146.0,104453.54993227872
2,Midwest,2023-10-01,Polynomial ridge (degree 2),9,110776.0,107391.86963408372
2,Midwest,2023-11-01,Polynomial ridge (degree 2),9,116557.0,114382.9213317838
2,Midwest,2023-12-01,Polynomial ridge (degree 2),9,109117.0,119148.68653337752
2,Midwest,2024-01-01,Polynomial ridge (degree 2),9,117652.0,108012.15431528022
2,Midwest,2024-02-01,Polynomial ridge (degree 2),9,119599.0,121027.00027681561
2,Midwest,2024-03-01,Polynomial ridge (degree 2),9,122265.0,121036.07494770455
2,Midwest,2024-04-01,Polynomial ridge (degree 2),9,116543.0,124014.58948244118
2,Midwest,2024-05-01,Polynomial ridge (degree 2),9,114321.0,115826.85480092277
2,Midwest,2024-06-01,Polynomial ridge (degree 2),9,110115.0,114685.94986244073
2,Midwest,2024-07-01,Polynomial ridge (degree 2),9,104799.0,110278.09898523132
2,Midwest,2022-11-01,Spline ridge (4 knots),9,107006.0,105622.81578674306
2,Midwest,2022-12-01,Spline ridge (4 knots),9,123976.0,106643.93559310175
2,Midwest,2023-01-01,Spline ridge (4 knots),9,127518.0,126319.78715718137
2,Midwest,2023-02-01,Spline ridge (4 knots),9,121224.0,128604.8715492888
2,Midwest,2023-03-01,Spline ridge (4 knots),9,120647.0,120259.49262294392
2,Midwest,2023-04-01,Spline ridge (4 knots),9,125119.0,120253.81274447434
2,Midwest,2023-05-01,Spline ridge (4 knots),9,126189.0,126721.47858517214
2,Midwest,2023-06-01,Spline ridge (4 knots),9,118771.0,126149.2421409363
2,Midwest,2023-07-01,Spline ridge (4 knots),9,109216.0,117281.70092716582
2,Midwest,2023-08-01,Spline ridge (4 knots),9,104432.0,106951.42431041479
2,Midwest,2023-09-01,Spline ridge (4 knots),9,105146.0,103526.88328860958
2,Midwest,2023-10-01,Spline ridge (4 knots),9,110776.0,105250.32069095575
2,Midwest,2023-11-01,Spline ridge (4 knots),9,116557.0,113097.4054966023
2,Midwest,2023-12-01,Spline ridge (4 knots),9,109117.0,118774.13499955912
2,Midwest,2024-01-01,Spline ridge (4 knots),9,117652.0,107910.82461668839
2,Midwest,2024-02-01,Spline ridge (4 knots),9,119599.0,121194.28387236578
2,Midwest,2024-03-01,Spline ridge (4 knots),9,122265.0,120026.28561361918
2,Midwest,2024-04-01,Spline ridge (4 knots),9,116543.0,123121.22577937214
2,Midwest,2024-05-01,Spline ridge (4 knots),9,114321.0,115678.95671440278
2,Midwest,2024-06-01,Spline ridge (4 knots),9,110115.0,113548.6356358953
2,Midwest,2024-07-01,Spline ridge (4 knots),9,104799.0,109318.31763322008
2,Midwest,2024-08-01,Persistence,10,106571.0,104799.0
2,Midwest,2024-09-01,Persistence,10,106183.0,106571.0
2,Midwest,2024-10-01,Persistence,10,106836.0,106183.0
2,Midwest,2024-11-01,Persistence,10,103681.0,106836.0
2,Midwest,2024-12-01,Persistence,10,102928.0,103681.0
2,Midwest,2025-01-01,Persistence,10,108370.0,102928.0
2,Midwest,2025-02-01,Persistence,10,107856.0,108370.0
2,Midwest,2025-03-01,Persistence,10,108279.0,107856.0
2,Midwest,2025-04-01,Persistence,10,107003.0,108279.0
2,Midwest,2025-05-01,Persistence,10,103186.0,107003.0
2,Midwest,2025-06-01,Persistence,10,102773.0,103186.0
2,Midwest,2025-07-01,Persistence,10,105652.0,102773.0
2,Midwest,2025-08-01,Persistence,10,102148.0,105652.0
2,Midwest,2025-09-01,Persistence,10,105721.0,102148.0
2,Midwest,2025-10-01,Persistence,10,102571.0,105721.0
2,Midwest,2025-11-01,Persistence,10,105687.0,102571.0
2,Midwest,2025-12-01,Persistence,10,107268.0,105687.0
2,Midwest,2026-01-01,Persistence,10,108017.0,107268.0
2,Midwest,2026-02-01,Persistence,10,114145.0,108017.0
2,Midwest,2026-03-01,Persistence,10,110594.0,114145.0
2,Midwest,2026-04-01,Persistence,10,100616.0,110594.0
2,Midwest,2024-08-01,Physical level MLR,10,106571.0,103914.166768802
2,Midwest,2024-09-01,Physical level MLR,10,106183.0,107571.76377808732
2,Midwest,2024-10-01,Physical level MLR,10,106836.0,107360.95070038328
2,Midwest,2024-11-01,Physical level MLR,10,103681.0,108109.14234753711
2,Midwest,2024-12-01,Physical level MLR,10,102928.0,103837.63202590815
2,Midwest,2025-01-01,Physical level MLR,10,108370.0,102885.28112555256
2,Midwest,2025-02-01,Physical level MLR,10,107856.0,109581.24472375281
2,Midwest,2025-03-01,Physical level MLR,10,108279.0,108451.85737225237
2,Midwest,2025-04-01,Physical level MLR,10,107003.0,110238.1647470781
2,Midwest,2025-05-01,Physical level MLR,10,103186.0,106458.45077540203
2,Midwest,2025-06-01,Physical level MLR,10,102773.0,102394.58054429876
2,Midwest,2025-07-01,Physical level MLR,10,105652.0,101364.73313819687
2,Midwest,2025-08-01,Physical level MLR,10,102148.0,104640.57628035835
2,Midwest,2025-09-01,Physical level MLR,10,105721.0,102380.86256525072
2,Midwest,2025-10-01,Physical level MLR,10,102571.0,107573.45919439534
2,Midwest,2025-11-01,Physical level MLR,10,105687.0,102316.46042905774
2,Midwest,2025-12-01,Physical level MLR,10,107268.0,104482.60912707922
2,Midwest,2026-01-01,Physical level MLR,10,108017.0,106069.76567401673
2,Midwest,2026-02-01,Physical level MLR,10,114145.0,109513.75283177044
2,Midwest,2026-03-01,Physical level MLR,10,110594.0,114214.83689559856
2,Midwest,2026-04-01,Physical level MLR,10,100616.0,112450.61255904644
2,Midwest,2024-08-01,Change MLR,10,106571.0,102318.05777926622
2,Midwest,2024-09-01,Change MLR,10,106183.0,106760.15405433551
2,Midwest,2024-10-01,Change MLR,10,106836.0,105932.62569761196
2,Midwest,2024-11-01,Change MLR,10,103681.0,106807.55250684315
2,Midwest,2024-12-01,Change MLR,10,102928.0,101909.53393110154
2,Midwest,2025-01-01,Change MLR,10,108370.0,101428.64658588213
2,Midwest,2025-02-01,Change MLR,10,107856.0,109597.4838183527
2,Midwest,2025-03-01,Change MLR,10,108279.0,107519.03023573705
2,Midwest,2025-04-01,Change MLR,10,107003.0,108707.94959609529
2,Midwest,2025-05-01,Change MLR,10,103186.0,105757.8305080864
2,Midwest,2025-06-01,Change MLR,10,102773.0,101114.14308951594
2,Midwest,2025-07-01,Change MLR,10,105652.0,100804.45447211634
2,Midwest,2025-08-01,Change MLR,10,102148.0,105191.40728465772
2,Midwest,2025-09-01,Change MLR,10,105721.0,100505.87945578
2,Midwest,2025-10-01,Change MLR,10,102571.0,106681.75117570578
2,Midwest,2025-11-01,Change MLR,10,105687.0,101040.92242645095
2,Midwest,2025-12-01,Change MLR,10,107268.0,104708.01602656003
2,Midwest,2026-01-01,Change MLR,10,108017.0,106453.28158028184
2,Midwest,2026-02-01,Change MLR,10,114145.0,108130.13432177805
2,Midwest,2026-03-01,Change MLR,10,110594.0,114941.87905830429
2,Midwest,2026-04-01,Change MLR,10,100616.0,109695.64733168797
2,Midwest,2024-08-01,Seasonal ridge MLR,10,106571.0,102534.4542422331
2,Midwest,2024-09-01,Seasonal ridge MLR,10,106183.0,107123.1727552782
2,Midwest,2024-10-01,Seasonal ridge MLR,10,106836.0,107079.57955343489
2,Midwest,2024-11-01,Seasonal ridge MLR,10,103681.0,108419.30393454262
2,Midwest,2024-12-01,Seasonal ridge MLR,10,102928.0,103953.19989901772
2,Midwest,2025-01-01,Seasonal ridge MLR,10,108370.0,103030.37960234146
2,Midwest,2025-02-01,Seasonal ridge MLR,10,107856.0,109732.54096853096
2,Midwest,2025-03-01,Seasonal ridge MLR,10,108279.0,107162.58389431608
2,Midwest,2025-04-01,Seasonal ridge MLR,10,107003.0,107304.43724035924
2,Midwest,2025-05-01,Seasonal ridge MLR,10,103186.0,104446.299129219
2,Midwest,2025-06-01,Seasonal ridge MLR,10,102773.0,100093.45246990288
2,Midwest,2025-07-01,Seasonal ridge MLR,10,105652.0,100203.93211599576
2,Midwest,2025-08-01,Seasonal ridge MLR,10,102148.0,105034.79542427005
2,Midwest,2025-09-01,Seasonal ridge MLR,10,105721.0,101297.13979000752
2,Midwest,2025-10-01,Seasonal ridge MLR,10,102571.0,107569.86754387134
2,Midwest,2025-11-01,Seasonal ridge MLR,10,105687.0,103156.6709822489
2,Midwest,2025-12-01,Seasonal ridge MLR,10,107268.0,106644.2682378158
2,Midwest,2026-01-01,Seasonal ridge MLR,10,108017.0,107989.53475047424
2,Midwest,2026-02-01,Seasonal ridge MLR,10,114145.0,108478.75422928057
2,Midwest,2026-03-01,Seasonal ridge MLR,10,110594.0,114334.66735927286
2,Midwest,2026-04-01,Seasonal ridge MLR,10,100616.0,108504.1802166999
2,Midwest,2024-08-01,Polynomial ridge (degree 2),10,106571.0,104311.04335359235
2,Midwest,2024-09-01,Polynomial ridge (degree 2),10,106183.0,108609.36489930814
2,Midwest,2024-10-01,Polynomial ridge (degree 2),10,106836.0,107998.97819452167
2,Midwest,2024-11-01,Polynomial ridge (degree 2),10,103681.0,108661.34562264543
2,Midwest,2024-12-01,Polynomial ridge (degree 2),10,102928.0,104656.85240918667
2,Midwest,2025-01-01,Polynomial ridge (degree 2),10,108370.0,104623.8212158962
2,Midwest,2025-02-01,Polynomial ridge (degree 2),10,107856.0,111243.24883126047
2,Midwest,2025-03-01,Polynomial ridge (degree 2),10,108279.0,109270.13350084715
2,Midwest,2025-04-01,Polynomial ridge (degree 2),10,107003.0,110011.3417984883
2,Midwest,2025-05-01,Polynomial ridge (degree 2),10,103186.0,108086.14900347394
2,Midwest,2025-06-01,Polynomial ridge (degree 2),10,102773.0,103133.18224839137
2,Midwest,2025-07-01,Polynomial ridge (degree 2),10,105652.0,104202.03531195722
2,Midwest,2025-08-01,Polynomial ridge (degree 2),10,102148.0,107726.16108511062
2,Midwest,2025-09-01,Polynomial ridge (degree 2),10,105721.0,102815.10696874319
2,Midwest,2025-10-01,Polynomial ridge (degree 2),10,102571.0,108653.37997923991
2,Midwest,2025-11-01,Polynomial ridge (degree 2),10,105687.0,102942.0949442889
2,Midwest,2025-12-01,Polynomial ridge (degree 2),10,107268.0,108422.42793076987
2,Midwest,2026-01-01,Polynomial ridge (degree 2),10,108017.0,109074.68972345005
2,Midwest,2026-02-01,Polynomial ridge (degree 2),10,114145.0,109669.4105015739
2,Midwest,2026-03-01,Polynomial ridge (degree 2),10,110594.0,116887.18112889162
2,Midwest,2026-04-01,Polynomial ridge (degree 2),10,100616.0,111128.44834420337
2,Midwest,2024-08-01,Spline ridge (4 knots),10,106571.0,103663.21972068374
2,Midwest,2024-09-01,Spline ridge (4 knots),10,106183.0,106864.81882310058
2,Midwest,2024-10-01,Spline ridge (4 knots),10,106836.0,106058.66251187195
2,Midwest,2024-11-01,Spline ridge (4 knots),10,103681.0,106868.51827294762
2,Midwest,2024-12-01,Spline ridge (4 knots),10,102928.0,103044.84034114754
2,Midwest,2025-01-01,Spline ridge (4 knots),10,108370.0,102626.91522122978
2,Midwest,2025-02-01,Spline ridge (4 knots),10,107856.0,110155.41880765278
2,Midwest,2025-03-01,Spline ridge (4 knots),10,108279.0,107603.09129014779
2,Midwest,2025-04-01,Spline ridge (4 knots),10,107003.0,108289.21146550935
2,Midwest,2025-05-01,Spline ridge (4 knots),10,103186.0,106506.14770349939
2,Midwest,2025-06-01,Spline ridge (4 knots),10,102773.0,102070.12633258368
2,Midwest,2025-07-01,Spline ridge (4 knots),10,105652.0,102323.73428707228
2,Midwest,2025-08-01,Spline ridge (4 knots),10,102148.0,106094.86777546078
2,Midwest,2025-09-01,Spline ridge (4 knots),10,105721.0,101349.27984839649
2,Midwest,2025-10-01,Spline ridge (4 knots),10,102571.0,106832.53006368126
2,Midwest,2025-11-01,Spline ridge (4 knots),10,105687.0,101568.11658754945
2,Midwest,2025-12-01,Spline ridge (4 knots),10,107268.0,106588.14921436942
2,Midwest,2026-01-01,Spline ridge (4 knots),10,108017.0,107413.29606845553
2,Midwest,2026-02-01,Spline ridge (4 knots),10,114145.0,108010.29453771618
2,Midwest,2026-03-01,Spline ridge (4 knots),10,110594.0,116402.04761765695
2,Midwest,2026-04-01,Spline ridge (4 knots),10,100616.0,109973.7553768825
3,Gulf Coast,2008-11-01,Persistence,1,850683.0,858049.0
3,Gulf Coast,2008-12-01,Persistence,1,871114.0,850683.0
3,Gulf Coast,2009-01-01,Persistence,1,872430.0,871114.0
3,Gulf Coast,2009-02-01,Persistence,1,889615.0,872430.0
3,Gulf Coast,2009-03-01,Persistence,1,896605.0,889615.0
3,Gulf Coast,2009-04-01,Persistence,1,894728.0,896605.0
3,Gulf Coast,2009-05-01,Persistence,1,891504.0,894728.0
3,Gulf Coast,2009-06-01,Persistence,1,890262.0,891504.0
3,Gulf Coast,2009-07-01,Persistence,1,881648.0,890262.0
3,Gulf Coast,2009-08-01,Persistence,1,885687.0,881648.0
3,Gulf Coast,2009-09-01,Persistence,1,883225.0,885687.0
3,Gulf Coast,2009-10-01,Persistence,1,879002.0,883225.0
3,Gulf Coast,2009-11-01,Persistence,1,870712.0,879002.0
3,Gulf Coast,2009-12-01,Persistence,1,884948.0,870712.0
3,Gulf Coast,2010-01-01,Persistence,1,892440.0,884948.0
3,Gulf Coast,2010-02-01,Persistence,1,900528.0,892440.0
3,Gulf Coast,2010-03-01,Persistence,1,898584.0,900528.0
3,Gulf Coast,2010-04-01,Persistence,1,890875.0,898584.0
3,Gulf Coast,2010-05-01,Persistence,1,895898.0,890875.0
3,Gulf Coast,2010-06-01,Persistence,1,891983.0,895898.0
3,Gulf Coast,2010-07-01,Persistence,1,898210.0,891983.0
3,Gulf Coast,2008-11-01,Physical level MLR,1,850683.0,860526.6906557443
3,Gulf Coast,2008-12-01,Physical level MLR,1,871114.0,848520.8412948241
3,Gulf Coast,2009-01-01,Physical level MLR,1,872430.0,872676.9661841461
3,Gulf Coast,2009-02-01,Physical level MLR,1,889615.0,868101.4604668565
3,Gulf Coast,2009-03-01,Physical level MLR,1,896605.0,881969.5987716691
3,Gulf Coast,2009-04-01,Physical level MLR,1,894728.0,883936.7334758688
3,Gulf Coast,2009-05-01,Physical level MLR,1,891504.0,882465.307449721
3,Gulf Coast,2009-06-01,Physical level MLR,1,890262.0,876597.1935684148
3,Gulf Coast,2009-07-01,Physical level MLR,1,881648.0,877664.7863136164
3,Gulf Coast,2009-08-01,Physical level MLR,1,885687.0,866351.2021530066
3,Gulf Coast,2009-09-01,Physical level MLR,1,883225.0,876557.7653306517
3,Gulf Coast,2009-10-01,Physical level MLR,1,879002.0,870789.4466645673
3,Gulf Coast,2009-11-01,Physical level MLR,1,870712.0,869589.801922979
3,Gulf Coast,2009-12-01,Physical level MLR,1,884948.0,860822.422433976
3,Gulf Coast,2010-01-01,Physical level MLR,1,892440.0,880628.3958614719
3,Gulf Coast,2010-02-01,Physical level MLR,1,900528.0,885321.4513631685
3,Gulf Coast,2010-03-01,Physical level MLR,1,898584.0,887068.6312954476
3,Gulf Coast,2010-04-01,Physical level MLR,1,890875.0,878065.7122988602
3,Gulf Coast,2010-05-01,Physical level MLR,1,895898.0,873919.0322013017
3,Gulf Coast,2010-06-01,Physical level MLR,1,891983.0,878871.5879578084
3,Gulf Coast,2010-07-01,Physical level MLR,1,898210.0,873256.8682113506
3,Gulf Coast,2008-11-01,Change MLR,1,850683.0,862789.9346985238
3,Gulf Coast,2008-12-01,Change MLR,1,871114.0,851208.9394422456
3,Gulf Coast,2009-01-01,Change MLR,1,872430.0,878375.864750391
3,Gulf Coast,2009-02-01,Change MLR,1,889615.0,878330.7301128171
3,Gulf Coast,2009-03-01,Change MLR,1,896605.0,893808.1541638045
3,Gulf Coast,2009-04-01,Change MLR,1,894728.0,900380.4168225623
3,Gulf Coast,2009-05-01,Change MLR,1,891504.0,901448.5027375839
3,Gulf Coast,2009-06-01,Change MLR,1,890262.0,894221.9002108172
3,Gulf Coast,2009-07-01,Change MLR,1,881648.0,896297.5791006725
3,Gulf Coast,2009-08-01,Change MLR,1,885687.0,882904.8649409148
3,Gulf Coast,2009-09-01,Change MLR,1,883225.0,892561.0301990375
3,Gulf Coast,2009-10-01,Change MLR,1,879002.0,888185.8552484114
3,Gulf Coast,2009-11-01,Change MLR,1,870712.0,884405.8753022937
3,Gulf Coast,2009-12-01,Change MLR,1,884948.0,875057.907392222
3,Gulf Coast,2010-01-01,Change MLR,1,892440.0,895673.7658515115
3,Gulf Coast,2010-02-01,Change MLR,1,900528.0,904373.8007073209
3,Gulf Coast,2010-03-01,Change MLR,1,898584.0,905893.2981441668
3,Gulf Coast,2010-04-01,Change MLR,1,890875.0,895083.3144003764
3,Gulf Coast,2010-05-01,Change MLR,1,895898.0,890656.3452107613
3,Gulf Coast,2010-06-01,Change MLR,1,891983.0,894732.6272486036
3,Gulf Coast,2010-07-01,Change MLR,1,898210.0,888218.0652337269
3,Gulf Coast,2008-11-01,Seasonal ridge MLR,1,850683.0,861101.345785697
3,Gulf Coast,2008-12-01,Seasonal ridge MLR,1,871114.0,852626.959763369
3,Gulf Coast,2009-01-01,Seasonal ridge MLR,1,872430.0,879237.0458723626
3,Gulf Coast,2009-02-01,Seasonal ridge MLR,1,889615.0,876587.4057504282
3,Gulf Coast,2009-03-01,Seasonal ridge MLR,1,896605.0,896054.5733461161
3,Gulf Coast,2009-04-01,Seasonal ridge MLR,1,894728.0,899701.4173749778
3,Gulf Coast,2009-05-01,Seasonal ridge MLR,1,891504.0,894784.148125439
3,Gulf Coast,2009-06-01,Seasonal ridge MLR,1,890262.0,889804.9794527061
3,Gulf Coast,2009-07-01,Seasonal ridge MLR,1,881648.0,888488.455787337
3,Gulf Coast,2009-08-01,Seasonal ridge MLR,1,885687.0,878409.0320115475
3,Gulf Coast,2009-09-01,Seasonal ridge MLR,1,883225.0,885913.1633867617
3,Gulf Coast,2009-10-01,Seasonal ridge MLR,1,879002.0,883492.7044607957
3,Gulf Coast,2009-11-01,Seasonal ridge MLR,1,870712.0,880440.0870852036
3,Gulf Coast,2009-12-01,Seasonal ridge MLR,1,884948.0,872617.3218026892
3,Gulf Coast,2010-01-01,Seasonal ridge MLR,1,892440.0,892038.4545009534
3,Gulf Coast,2010-02-01,Seasonal ridge MLR,1,900528.0,898050.1428905878
3,Gulf Coast,2010-03-01,Seasonal ridge MLR,1,898584.0,905367.2299062364
3,Gulf Coast,2010-04-01,Seasonal ridge MLR,1,890875.0,899762.1397955178
3,Gulf Coast,2010-05-01,Seasonal ridge MLR,1,895898.0,889640.586143471
3,Gulf Coast,2010-06-01,Seasonal ridge MLR,1,891983.0,895695.1247601011
3,Gulf Coast,2010-07-01,Seasonal ridge MLR,1,898210.0,889402.1026576135
3,Gulf Coast,2008-11-01,Polynomial ridge (degree 2),1,850683.0,859157.8357374669
3,Gulf Coast,2008-12-01,Polynomial ridge (degree 2),1,871114.0,849458.0811798684
3,Gulf Coast,2009-01-01,Polynomial ridge (degree 2),1,872430.0,874163.1366129571
3,Gulf Coast,2009-02-01,Polynomial ridge (degree 2),1,889615.0,868673.1166911096
3,Gulf Coast,2009-03-01,Polynomial ridge (degree 2),1,896605.0,887224.642782134
3,Gulf Coast,2009-04-01,Polynomial ridge (degree 2),1,894728.0,888480.4675416839
3,Gulf Coast,2009-05-01,Polynomial ridge (degree 2),1,891504.0,884354.4196205848
3,Gulf Coast,2009-06-01,Polynomial ridge (degree 2),1,890262.0,881580.2738925478
3,Gulf Coast,2009-07-01,Polynomial ridge (degree 2),1,881648.0,881232.2519744675
3,Gulf Coast,2009-08-01,Polynomial ridge (degree 2),1,885687.0,873640.8959661603
3,Gulf Coast,2009-09-01,Polynomial ridge (degree 2),1,883225.0,879446.0617026875
3,Gulf Coast,2009-10-01,Polynomial ridge (degree 2),1,879002.0,876040.1602422831
3,Gulf Coast,2009-11-01,Polynomial ridge (degree 2),1,870712.0,872306.481576275
3,Gulf Coast,2009-12-01,Polynomial ridge (degree 2),1,884948.0,865596.2728633669
3,Gulf Coast,2010-01-01,Polynomial ridge (degree 2),1,892440.0,882178.7614903349
3,Gulf Coast,2010-02-01,Polynomial ridge (degree 2),1,900528.0,885490.555013333
3,Gulf Coast,2010-03-01,Polynomial ridge (degree 2),1,898584.0,891653.5956197124
3,Gulf Coast,2010-04-01,Polynomial ridge (degree 2),1,890875.0,886822.8354079266
3,Gulf Coast,2010-05-01,Polynomial ridge (degree 2),1,895898.0,879898.9190567129
3,Gulf Coast,2010-06-01,Polynomial ridge (degree 2),1,891983.0,887037.8784292784
3,Gulf Coast,2010-07-01,Polynomial ridge (degree 2),1,898210.0,881716.6312923398
3,Gulf Coast,2008-11-01,Spline ridge (4 knots),1,850683.0,861275.8924252259
3,Gulf Coast,2008-12-01,Spline ridge (4 knots),1,871114.0,849002.5769265163
3,Gulf Coast,2009-01-01,Spline ridge (4 knots),1,872430.0,875123.398655473
3,Gulf Coast,2009-02-01,Spline ridge (4 knots),1,889615.0,873045.4259413175
3,Gulf Coast,2009-03-01,Spline ridge (4 knots),1,896605.0,893105.7279111381
3,Gulf Coast,2009-04-01,Spline ridge (4 knots),1,894728.0,899265.6956554358
3,Gulf Coast,2009-05-01,Spline ridge (4 knots),1,891504.0,894653.5502384916
3,Gulf Coast,2009-06-01,Spline ridge (4 knots),1,890262.0,890421.1339262833
3,Gulf Coast,2009-07-01,Spline ridge (4 knots),1,881648.0,889920.5102420403
3,Gulf Coast,2009-08-01,Spline ridge (4 knots),1,885687.0,879456.4115635225
3,Gulf Coast,2009-09-01,Spline ridge (4 knots),1,883225.0,887158.7042653451
3,Gulf Coast,2009-10-01,Spline ridge (4 knots),1,879002.0,882054.655757191
3,Gulf Coast,2009-11-01,Spline ridge (4 knots),1,870712.0,877678.4692885021
3,Gulf Coast,2009-12-01,Spline ridge (4 knots),1,884948.0,868522.4891492161
3,Gulf Coast,2010-01-01,Spline ridge (4 knots),1,892440.0,887525.8752723022
3,Gulf Coast,2010-02-01,Spline ridge (4 knots),1,900528.0,894930.4152708646
3,Gulf Coast,2010-03-01,Spline ridge (4 knots),1,898584.0,903453.2958765978
3,Gulf Coast,2010-04-01,Spline ridge (4 knots),1,890875.0,897871.0721051414
3,Gulf Coast,2010-05-01,Spline ridge (4 knots),1,895898.0,889116.4939726661
3,Gulf Coast,2010-06-01,Spline ridge (4 knots),1,891983.0,897454.6817876293
3,Gulf Coast,2010-07-01,Spline ridge (4 knots),1,898210.0,890739.4554240529
3,Gulf Coast,2010-08-01,Persistence,2,899527.0,898210.0
3,Gulf Coast,2010-09-01,Persistence,2,902612.0,899527.0
3,Gulf Coast,2010-10-01,Persistence,2,887832.0,902612.0
3,Gulf Coast,2010-11-01,Persistence,2,870269.0,887832.0
3,Gulf Coast,2010-12-01,Persistence,2,880517.0,870269.0
3,Gulf Coast,2011-01-01,Persistence,2,877115.0,880517.0
3,Gulf Coast,2011-02-01,Persistence,2,885458.0,877115.0
3,Gulf Coast,2011-03-01,Persistence,2,890157.0,885458.0
3,Gulf Coast,2011-04-01,Persistence,2,891802.0,890157.0
3,Gulf Coast,2011-05-01,Persistence,2,883598.0,891802.0
3,Gulf Coast,2011-06-01,Persistence,2,873582.0,883598.0
3,Gulf Coast,2011-07-01,Persistence,2,852770.0,873582.0
3,Gulf Coast,2011-08-01,Persistence,2,839962.0,852770.0
3,Gulf Coast,2011-09-01,Persistence,2,845276.0,839962.0
3,Gulf Coast,2011-10-01,Persistence,2,841248.0,845276.0
3,Gulf Coast,2011-11-01,Persistence,2,835742.0,841248.0
3,Gulf Coast,2011-12-01,Persistence,2,840785.0,835742.0
3,Gulf Coast,2012-01-01,Persistence,2,838594.0,840785.0
3,Gulf Coast,2012-02-01,Persistence,2,858631.0,838594.0
3,Gulf Coast,2012-03-01,Persistence,2,865460.0,858631.0
3,Gulf Coast,2012-04-01,Persistence,2,869179.0,865460.0
3,Gulf Coast,2010-08-01,Physical level MLR,2,899527.0,895590.0564731945
3,Gulf Coast,2010-09-01,Physical level MLR,2,902612.0,898950.4758714826
3,Gulf Coast,2010-10-01,Physical level MLR,2,887832.0,901429.9392279884
3,Gulf Coast,2010-11-01,Physical level MLR,2,870269.0,885294.4727932782
3,Gulf Coast,2010-12-01,Physical level MLR,2,880517.0,868995.6950092462
3,Gulf Coast,2011-01-01,Physical level MLR,2,877115.0,883473.7490833263
3,Gulf Coast,2011-02-01,Physical level MLR,2,885458.0,879853.8117471344
3,Gulf Coast,2011-03-01,Physical level MLR,2,890157.0,885881.4818750028
3,Gulf Coast,2011-04-01,Physical level MLR,2,891802.0,889178.9451652725
3,Gulf Coast,2011-05-01,Physical level MLR,2,883598.0,890303.5761256933
3,Gulf Coast,2011-06-01,Physical level MLR,2,873582.0,880728.7347666704
3,Gulf Coast,2011-07-01,Physical level MLR,2,852770.0,870152.8691231083
3,Gulf Coast,2011-08-01,Physical level MLR,2,839962.0,850827.8168691109
3,Gulf Coast,2011-09-01,Physical level MLR,2,845276.0,840519.3853870523
3,Gulf Coast,2011-10-01,Physical level MLR,2,841248.0,852428.458664889
3,Gulf Coast,2011-11-01,Physical level MLR,2,835742.0,846642.6964725298
3,Gulf Coast,2011-12-01,Physical level MLR,2,840785.0,844196.763152075
3,Gulf Coast,2012-01-01,Physical level MLR,2,838594.0,851799.7175064683
3,Gulf Coast,2012-02-01,Physical level MLR,2,858631.0,847474.4040704458
3,Gulf Coast,2012-03-01,Physical level MLR,2,865460.0,867374.038678535
3,Gulf Coast,2012-04-01,Physical level MLR,2,869179.0,872097.7496474278
3,Gulf Coast,2010-08-01,Change MLR,2,899527.0,897000.5898979438
3,Gulf Coast,2010-09-01,Change MLR,2,902612.0,901507.7164549426
3,Gulf Coast,2010-10-01,Change MLR,2,887832.0,901901.4457568841
3,Gulf Coast,2010-11-01,Change MLR,2,870269.0,886412.5221972117
3,Gulf Coast,2010-12-01,Change MLR,2,880517.0,866997.9008385562
3,Gulf Coast,2011-01-01,Change MLR,2,877115.0,885314.723808413
3,Gulf Coast,2011-02-01,Change MLR,2,885458.0,878187.1421169743
3,Gulf Coast,2011-03-01,Change MLR,2,890157.0,883910.7375245205
3,Gulf Coast,2011-04-01,Change MLR,2,891802.0,888071.1251881225
3,Gulf Coast,2011-05-01,Change MLR,2,883598.0,889336.2919532725
3,Gulf Coast,2011-06-01,Change MLR,2,873582.0,879963.3814040466
3,Gulf Coast,2011-07-01,Change MLR,2,852770.0,868779.081507801
3,Gulf Coast,2011-08-01,Change MLR,2,839962.0,844153.3113941653
3,Gulf Coast,2011-09-01,Change MLR,2,845276.0,832299.6486621845
3,Gulf Coast,2011-10-01,Change MLR,2,841248.0,843654.8079499176
3,Gulf Coast,2011-11-01,Change MLR,2,835742.0,837212.6393885984
3,Gulf Coast,2011-12-01,Change MLR,2,840785.0,834156.9543228913
3,Gulf Coast,2012-01-01,Change MLR,2,838594.0,841775.5088632111
3,Gulf Coast,2012-02-01,Change MLR,2,858631.0,836902.0857087106
3,Gulf Coast,2012-03-01,Change MLR,2,865460.0,859462.5426163549
3,Gulf Coast,2012-04-01,Change MLR,2,869179.0,864342.0116970184
3,Gulf Coast,2010-08-01,Seasonal ridge MLR,2,899527.0,895182.0598341975
3,Gulf Coast,2010-09-01,Seasonal ridge MLR,2,902612.0,897985.9161763025
3,Gulf Coast,2010-10-01,Seasonal ridge MLR,2,887832.0,903030.1334112146
3,Gulf Coast,2010-11-01,Seasonal ridge MLR,2,870269.0,890016.1249755318
3,Gulf Coast,2010-12-01,Seasonal ridge MLR,2,880517.0,873971.0681734569
3,Gulf Coast,2011-01-01,Seasonal ridge MLR,2,877115.0,890601.7448073529
3,Gulf Coast,2011-02-01,Seasonal ridge MLR,2,885458.0,883314.8651457764
3,Gulf Coast,2011-03-01,Seasonal ridge MLR,2,890157.0,889596.3653941335
3,Gulf Coast,2011-04-01,Seasonal ridge MLR,2,891802.0,892575.389655932
3,Gulf Coast,2011-05-01,Seasonal ridge MLR,2,883598.0,891760.7041718668
3,Gulf Coast,2011-06-01,Seasonal ridge MLR,2,873582.0,881565.4838995744
3,Gulf Coast,2011-07-01,Seasonal ridge MLR,2,852770.0,872061.0582113205
3,Gulf Coast,2011-08-01,Seasonal ridge MLR,2,839962.0,849396.1703616998
3,Gulf Coast,2011-09-01,Seasonal ridge MLR,2,845276.0,838145.7534408568
3,Gulf Coast,2011-10-01,Seasonal ridge MLR,2,841248.0,845734.1493580571
3,Gulf Coast,2011-11-01,Seasonal ridge MLR,2,835742.0,843702.4758674608
3,Gulf Coast,2011-12-01,Seasonal ridge MLR,2,840785.0,840056.4211661055
3,Gulf Coast,2012-01-01,Seasonal ridge MLR,2,838594.0,846535.7261069361
3,Gulf Coast,2012-02-01,Seasonal ridge MLR,2,858631.0,844352.679625075
3,Gulf Coast,2012-03-01,Seasonal ridge MLR,2,865460.0,866387.0400091175
3,Gulf Coast,2012-04-01,Seasonal ridge MLR,2,869179.0,868117.9833375594
3,Gulf Coast,2010-08-01,Polynomial ridge (degree 2),2,899527.0,898065.1612689537
3,Gulf Coast,2010-09-01,Polynomial ridge (degree 2),2,902612.0,898986.145512551
3,Gulf Coast,2010-10-01,Polynomial ridge (degree 2),2,887832.0,903503.7985368106
3,Gulf Coast,2010-11-01,Polynomial ridge (degree 2),2,870269.0,891682.0062677673
3,Gulf Coast,2010-12-01,Polynomial ridge (degree 2),2,880517.0,875935.5271036419
3,Gulf Coast,2011-01-01,Polynomial ridge (degree 2),2,877115.0,880991.5107663694
3,Gulf Coast,2011-02-01,Polynomial ridge (degree 2),2,885458.0,880871.9661444059
3,Gulf Coast,2011-03-01,Polynomial ridge (degree 2),2,890157.0,886046.7519130383
3,Gulf Coast,2011-04-01,Polynomial ridge (degree 2),2,891802.0,891626.4007033231
3,Gulf Coast,2011-05-01,Polynomial ridge (degree 2),2,883598.0,892976.9464551109
3,Gulf Coast,2011-06-01,Polynomial ridge (degree 2),2,873582.0,887199.0664975623
3,Gulf Coast,2011-07-01,Polynomial ridge (degree 2),2,852770.0,880143.8103997363
3,Gulf Coast,2011-08-01,Polynomial ridge (degree 2),2,839962.0,869309.7153307073
3,Gulf Coast,2011-09-01,Polynomial ridge (degree 2),2,845276.0,853056.0937112021
3,Gulf Coast,2011-10-01,Polynomial ridge (degree 2),2,841248.0,847866.6750985264
3,Gulf Coast,2011-11-01,Polynomial ridge (degree 2),2,835742.0,847495.5373758336
3,Gulf Coast,2011-12-01,Polynomial ridge (degree 2),2,840785.0,840567.8154623321
3,Gulf Coast,2012-01-01,Polynomial ridge (degree 2),2,838594.0,843379.3984522396
3,Gulf Coast,2012-02-01,Polynomial ridge (degree 2),2,858631.0,845042.0426323275
3,Gulf Coast,2012-03-01,Polynomial ridge (degree 2),2,865460.0,862089.517661134
3,Gulf Coast,2012-04-01,Polynomial ridge (degree 2),2,869179.0,867955.0201332573
3,Gulf Coast,2010-08-01,Spline ridge (4 knots),2,899527.0,899162.2572720797
3,Gulf Coast,2010-09-01,Spline ridge (4 knots),2,902612.0,899706.5161535286
3,Gulf Coast,2010-10-01,Spline ridge (4 knots),2,887832.0,902928.7204751996
3,Gulf Coast,2010-11-01,Spline ridge (4 knots),2,870269.0,892412.1097115437
3,Gulf Coast,2010-12-01,Spline ridge (4 knots),2,880517.0,874849.1097115437
3,Gulf Coast,2011-01-01,Spline ridge (4 knots),2,877115.0,883167.0339437277
3,Gulf Coast,2011-02-01,Spline ridge (4 knots),2,885458.0,880743.4724698587
3,Gulf Coast,2011-03-01,Spline ridge (4 knots),2,890157.0,886428.3802367388
3,Gulf Coast,2011-04-01,Spline ridge (4 knots),2,891802.0,892492.1841261769
3,Gulf Coast,2011-05-01,Spline ridge (4 knots),2,883598.0,893150.6662259302
3,Gulf Coast,2011-06-01,Spline ridge (4 knots),2,873582.0,887744.2715332704
3,Gulf Coast,2011-07-01,Spline ridge (4 knots),2,852770.0,877898.8714674403
3,Gulf Coast,2011-08-01,Spline ridge (4 knots),2,839962.0,857350.1097115437
3,Gulf Coast,2011-09-01,Spline ridge (4 knots),2,845276.0,844515.1516575066
3,Gulf Coast,2011-10-01,Spline ridge (4 knots),2,841248.0,847581.1548564222
3,Gulf Coast,2011-11-01,Spline ridge (4 knots),2,835742.0,844949.3808982025
3,Gulf Coast,2011-12-01,Spline ridge (4 knots),2,840785.0,839609.0874799282
3,Gulf Coast,2012-01-01,Spline ridge (4 knots),2,838594.0,842088.1290656138
3,Gulf Coast,2012-02-01,Spline ridge (4 knots),2,858631.0,842076.8295891315
3,Gulf Coast,2012-03-01,Spline ridge (4 knots),2,865460.0,862059.5099803049
3,Gulf Coast,2012-04-01,Spline ridge (4 knots),2,869179.0,869841.0040363714
3,Gulf Coast,2012-05-01,Persistence,3,870200.0,869179.0
3,Gulf Coast,2012-06-01,Persistence,3,862527.0,870200.0
3,Gulf Coast,2012-07-01,Persistence,3,856116.0,862527.0
3,Gulf Coast,2012-08-01,Persistence,3,857811.0,856116.0
3,Gulf Coast,2012-09-01,Persistence,3,862723.0,857811.0
3,Gulf Coast,2012-10-01,Persistence,3,861156.0,862723.0
3,Gulf Coast,2012-11-01,Persistence,3,842404.0,861156.0
3,Gulf Coast,2012-12-01,Persistence,3,847107.0,842404.0
3,Gulf Coast,2013-01-01,Persistence,3,856100.0,847107.0
3,Gulf Coast,2013-02-01,Persistence,3,860986.0,856100.0
3,Gulf Coast,2013-03-01,Persistence,3,865442.0,860986.0
3,Gulf Coast,2013-04-01,Persistence,3,864889.0,865442.0
3,Gulf Coast,2013-05-01,Persistence,3,855850.0,864889.0
3,Gulf Coast,2013-06-01,Persistence,3,857120.0,855850.0
3,Gulf Coast,2013-07-01,Persistence,3,854885.0,857120.0
3,Gulf Coast,2013-08-01,Persistence,3,862765.0,854885.0
3,Gulf Coast,2013-09-01,Persistence,3,865275.0,862765.0
3,Gulf Coast,2013-10-01,Persistence,3,858288.0,865275.0
3,Gulf Coast,2013-11-01,Persistence,3,843725.0,858288.0
3,Gulf Coast,2013-12-01,Persistence,3,849673.0,843725.0
3,Gulf Coast,2014-01-01,Persistence,3,864199.0,849673.0
3,Gulf Coast,2012-05-01,Physical level MLR,3,870200.0,868172.9110408989
3,Gulf Coast,2012-06-01,Physical level MLR,3,862527.0,865530.9862248506
3,Gulf Coast,2012-07-01,Physical level MLR,3,856116.0,858391.774727334
3,Gulf Coast,2012-08-01,Physical level MLR,3,857811.0,855610.7798559631
3,Gulf Coast,2012-09-01,Physical level MLR,3,862723.0,860827.0325043609
3,Gulf Coast,2012-10-01,Physical level MLR,3,861156.0,866935.934842206
3,Gulf Coast,2012-11-01,Physical level MLR,3,842404.0,864317.3119707709
3,Gulf Coast,2012-12-01,Physical level MLR,3,847107.0,844365.6067362078
3,Gulf Coast,2013-01-01,Physical level MLR,3,856100.0,856815.5238065551
3,Gulf Coast,2013-02-01,Physical level MLR,3,860986.0,866925.0523236847
3,Gulf Coast,2013-03-01,Physical level MLR,3,865442.0,865838.6903510168
3,Gulf Coast,2013-04-01,Physical level MLR,3,864889.0,871026.8175907964
3,Gulf Coast,2013-05-01,Physical level MLR,3,855850.0,865262.4230232018
3,Gulf Coast,2013-06-01,Physical level MLR,3,857120.0,854754.3513471122
3,Gulf Coast,2013-07-01,Physical level MLR,3,854885.0,857182.9933677238
3,Gulf Coast,2013-08-01,Physical level MLR,3,862765.0,858130.8150199206
3,Gulf Coast,2013-09-01,Physical level MLR,3,865275.0,868313.6377983612
3,Gulf Coast,2013-10-01,Physical level MLR,3,858288.0,872526.4081883898
3,Gulf Coast,2013-11-01,Physical level MLR,3,843725.0,863436.5654950462
3,Gulf Coast,2013-12-01,Physical level MLR,3,849673.0,848495.048075248
3,Gulf Coast,2014-01-01,Physical level MLR,3,864199.0,860122.848482967
3,Gulf Coast,2012-05-01,Change MLR,3,870200.0,867000.2720417519
3,Gulf Coast,2012-06-01,Change MLR,3,862527.0,865178.7320527607
3,Gulf Coast,2012-07-01,Change MLR,3,856116.0,856955.7023391299
3,Gulf Coast,2012-08-01,Change MLR,3,857811.0,853330.2297811075
3,Gulf Coast,2012-09-01,Change MLR,3,862723.0,858099.37098644
3,Gulf Coast,2012-10-01,Change MLR,3,861156.0,863816.2479185901
3,Gulf Coast,2012-11-01,Change MLR,3,842404.0,861472.3416191711
3,Gulf Coast,2012-12-01,Change MLR,3,847107.0,839981.4047068936
3,Gulf Coast,2013-01-01,Change MLR,3,856100.0,851250.9046906747
3,Gulf Coast,2013-02-01,Change MLR,3,860986.0,862873.8844720081
3,Gulf Coast,2013-03-01,Change MLR,3,865442.0,862165.95322557
3,Gulf Coast,2013-04-01,Change MLR,3,864889.0,867883.4938130662
3,Gulf Coast,2013-05-01,Change MLR,3,855850.0,862472.7009635484
3,Gulf Coast,2013-06-01,Change MLR,3,857120.0,851780.2159814831
3,Gulf Coast,2013-07-01,Change MLR,3,854885.0,853107.3401957867
3,Gulf Coast,2013-08-01,Change MLR,3,862765.0,853824.1059522299
3,Gulf Coast,2013-09-01,Change MLR,3,865275.0,864185.7340259026
3,Gulf Coast,2013-10-01,Change MLR,3,858288.0,868863.2367647666
3,Gulf Coast,2013-11-01,Change MLR,3,843725.0,859628.1181548259
3,Gulf Coast,2013-12-01,Change MLR,3,849673.0,842906.1026364098
3,Gulf Coast,2014-01-01,Change MLR,3,864199.0,853623.2448895051
3,Gulf Coast,2012-05-01,Seasonal ridge MLR,3,870200.0,867120.3383775515
3,Gulf Coast,2012-06-01,Seasonal ridge MLR,3,862527.0,866046.4420337112
3,Gulf Coast,2012-07-01,Seasonal ridge MLR,3,856116.0,855908.1257961865
3,Gulf Coast,2012-08-01,Seasonal ridge MLR,3,857811.0,849870.3518483266
3,Gulf Coast,2012-09-01,Seasonal ridge MLR,3,862723.0,853442.0016061997
3,Gulf Coast,2012-10-01,Seasonal ridge MLR,3,861156.0,859599.0703902093
3,Gulf Coast,2012-11-01,Seasonal ridge MLR,3,842404.0,859936.7125356273
3,Gulf Coast,2012-12-01,Seasonal ridge MLR,3,847107.0,842024.9157602463
3,Gulf Coast,2013-01-01,Seasonal ridge MLR,3,856100.0,850458.1245027181
3,Gulf Coast,2013-02-01,Seasonal ridge MLR,3,860986.0,861752.5191160003
3,Gulf Coast,2013-03-01,Seasonal ridge MLR,3,865442.0,863260.334097912
3,Gulf Coast,2013-04-01,Seasonal ridge MLR,3,864889.0,865798.7034798345
3,Gulf Coast,2013-05-01,Seasonal ridge MLR,3,855850.0,861555.9718928208
3,Gulf Coast,2013-06-01,Seasonal ridge MLR,3,857120.0,850364.665812109
3,Gulf Coast,2013-07-01,Seasonal ridge MLR,3,854885.0,849676.2123669614
3,Gulf Coast,2013-08-01,Seasonal ridge MLR,3,862765.0,847575.5116540635
3,Gulf Coast,2013-09-01,Seasonal ridge MLR,3,865275.0,857225.8511992607
3,Gulf Coast,2013-10-01,Seasonal ridge MLR,3,858288.0,861575.041631929
3,Gulf Coast,2013-11-01,Seasonal ridge MLR,3,843725.0,855366.7871154975
3,Gulf Coast,2013-12-01,Seasonal ridge MLR,3,849673.0,842251.4325117624
3,Gulf Coast,2014-01-01,Seasonal ridge MLR,3,864199.0,850720.3248124941
3,Gulf Coast,2012-05-01,Polynomial ridge (degree 2),3,870200.0,869444.9465795081
3,Gulf Coast,2012-06-01,Polynomial ridge (degree 2),3,862527.0,869258.2022513611
3,Gulf Coast,2012-07-01,Polynomial ridge (degree 2),3,856116.0,860018.2342326517
3,Gulf Coast,2012-08-01,Polynomial ridge (degree 2),3,857811.0,855459.3495406492
3,Gulf Coast,2012-09-01,Polynomial ridge (degree 2),3,862723.0,858928.5578149096
3,Gulf Coast,2012-10-01,Polynomial ridge (degree 2),3,861156.0,863975.0247719004
3,Gulf Coast,2012-11-01,Polynomial ridge (degree 2),3,842404.0,861021.1762583704
3,Gulf Coast,2012-12-01,Polynomial ridge (degree 2),3,847107.0,840746.1731488629
3,Gulf Coast,2013-01-01,Polynomial ridge (degree 2),3,856100.0,850434.7691824745
3,Gulf Coast,2013-02-01,Polynomial ridge (degree 2),3,860986.0,859538.2722231357
3,Gulf Coast,2013-03-01,Polynomial ridge (degree 2),3,865442.0,862631.0484659115
3,Gulf Coast,2013-04-01,Polynomial ridge (degree 2),3,864889.0,866199.2590264182
3,Gulf Coast,2013-05-01,Polynomial ridge (degree 2),3,855850.0,864180.025275656
3,Gulf Coast,2013-06-01,Polynomial ridge (degree 2),3,857120.0,854064.5856011554
3,Gulf Coast,2013-07-01,Polynomial ridge (degree 2),3,854885.0,858529.352373752
3,Gulf Coast,2013-08-01,Polynomial ridge (degree 2),3,862765.0,855477.1737273061
3,Gulf Coast,2013-09-01,Polynomial ridge (degree 2),3,865275.0,865075.9304790298
3,Gulf Coast,2013-10-01,Polynomial ridge (degree 2),3,858288.0,865486.4685451557
3,Gulf Coast,2013-11-01,Polynomial ridge (degree 2),3,843725.0,856813.0446847635
3,Gulf Coast,2013-12-01,Polynomial ridge (degree 2),3,849673.0,842882.8352028693
3,Gulf Coast,2014-01-01,Polynomial ridge (degree 2),3,864199.0,853438.2172952251
3,Gulf Coast,2012-05-01,Spline ridge (4 knots),3,870200.0,869821.7618351802
3,Gulf Coast,2012-06-01,Spline ridge (4 knots),3,862527.0,870245.0397191141
3,Gulf Coast,2012-07-01,Spline ridge (4 knots),3,856116.0,860515.7861839884
3,Gulf Coast,2012-08-01,Spline ridge (4 knots),3,857811.0,855947.7796167004
3,Gulf Coast,2012-09-01,Spline ridge (4 knots),3,862723.0,858507.9295365125
3,Gulf Coast,2012-10-01,Spline ridge (4 knots),3,861156.0,863979.4199162909
3,Gulf Coast,2012-11-01,Spline ridge (4 knots),3,842404.0,861483.8809445315
3,Gulf Coast,2012-12-01,Spline ridge (4 knots),3,847107.0,837071.6737202308
3,Gulf Coast,2013-01-01,Spline ridge (4 knots),3,856100.0,848281.9058202661
3,Gulf Coast,2013-02-01,Spline ridge (4 knots),3,860986.0,857832.5561419576
3,Gulf Coast,2013-03-01,Spline ridge (4 knots),3,865442.0,860711.3676951041
3,Gulf Coast,2013-04-01,Spline ridge (4 knots),3,864889.0,865995.8404111428
3,Gulf Coast,2013-05-01,Spline ridge (4 knots),3,855850.0,862924.3859150577
3,Gulf Coast,2013-06-01,Spline ridge (4 knots),3,857120.0,853820.7941134056
3,Gulf Coast,2013-07-01,Spline ridge (4 knots),3,854885.0,855349.7805469786
3,Gulf Coast,2013-08-01,Spline ridge (4 knots),3,862765.0,852808.4120163067
3,Gulf Coast,2013-09-01,Spline ridge (4 knots),3,865275.0,863107.8792226105
3,Gulf Coast,2013-10-01,Spline ridge (4 knots),3,858288.0,864872.5099562736
3,Gulf Coast,2013-11-01,Spline ridge (4 knots),3,843725.0,856244.5313012839
3,Gulf Coast,2013-12-01,Spline ridge (4 knots),3,849673.0,840500.013581639
3,Gulf Coast,2014-01-01,Spline ridge (4 knots),3,864199.0,849855.3458700243
3,Gulf Coast,2014-02-01,Persistence,4,874147.0,864199.0
3,Gulf Coast,2014-03-01,Persistence,4,884429.0,874147.0
3,Gulf Coast,2014-04-01,Persistence,4,880920.0,884429.0
3,Gulf Coast,2014-05-01,Persistence,4,874843.0,880920.0
3,Gulf Coast,2014-06-01,Persistence,4,867623.0,874843.0
3,Gulf Coast,2014-07-01,Persistence,4,863183.0,867623.0
3,Gulf Coast,2014-08-01,Persistence,4,856901.0,863183.0
3,Gulf Coast,2014-09-01,Persistence,4,866769.0,856901.0
3,Gulf Coast,2014-10-01,Persistence,4,868014.0,866769.0
3,Gulf Coast,2014-11-01,Persistence,4,867012.0,868014.0
3,Gulf Coast,2014-12-01,Persistence,4,880450.0,867012.0
3,Gulf Coast,2015-01-01,Persistence,4,893237.0,880450.0
3,Gulf Coast,2015-02-01,Persistence,4,902630.0,893237.0
3,Gulf Coast,2015-03-01,Persistence,4,912245.0,902630.0
3,Gulf Coast,2015-04-01,Persistence,4,912769.0,912245.0
3,Gulf Coast,2015-05-01,Persistence,4,909638.0,912769.0
3,Gulf Coast,2015-06-01,Persistence,4,901436.0,909638.0
3,Gulf Coast,2015-07-01,Persistence,4,903460.0,901436.0
3,Gulf Coast,2015-08-01,Persistence,4,913989.0,903460.0
3,Gulf Coast,2015-09-01,Persistence,4,927812.0,913989.0
3,Gulf Coast,2015-10-01,Persistence,4,917915.0,927812.0
3,Gulf Coast,2014-02-01,Physical level MLR,4,874147.0,871300.8466628822
3,Gulf Coast,2014-03-01,Physical level MLR,4,884429.0,875039.45516769
3,Gulf Coast,2014-04-01,Physical level MLR,4,880920.0,883756.8325090109
3,Gulf Coast,2014-05-01,Physical level MLR,4,874843.0,877367.9294796772
3,Gulf Coast,2014-06-01,Physical level MLR,4,867623.0,873326.2549866856
3,Gulf Coast,2014-07-01,Physical level MLR,4,863183.0,864188.8528170129
3,Gulf Coast,2014-08-01,Physical level MLR,4,856901.0,862200.5902729663
3,Gulf Coast,2014-09-01,Physical level MLR,4,866769.0,860697.7856277543
3,Gulf Coast,2014-10-01,Physical level MLR,4,868014.0,871725.0519383568
3,Gulf Coast,2014-11-01,Physical level MLR,4,867012.0,871151.8015405068
3,Gulf Coast,2014-12-01,Physical level MLR,4,880450.0,866364.8896226217
3,Gulf Coast,2015-01-01,Physical level MLR,4,893237.0,883132.8874881853
3,Gulf Coast,2015-02-01,Physical level MLR,4,902630.0,897476.6261825631
3,Gulf Coast,2015-03-01,Physical level MLR,4,912245.0,903671.1083036526
3,Gulf Coast,2015-04-01,Physical level MLR,4,912769.0,905880.1836418658
3,Gulf Coast,2015-05-01,Physical level MLR,4,909638.0,904149.4898851508
3,Gulf Coast,2015-06-01,Physical level MLR,4,901436.0,900583.5760596396
3,Gulf Coast,2015-07-01,Physical level MLR,4,903460.0,893377.9158113814
3,Gulf Coast,2015-08-01,Physical level MLR,4,913989.0,896366.0888855017
3,Gulf Coast,2015-09-01,Physical level MLR,4,927812.0,908298.1237616292
3,Gulf Coast,2015-10-01,Physical level MLR,4,917915.0,916967.3567776494
3,Gulf Coast,2014-02-01,Change MLR,4,874147.0,870955.0275635929
3,Gulf Coast,2014-03-01,Change MLR,4,884429.0,877028.8653547207
3,Gulf Coast,2014-04-01,Change MLR,4,880920.0,886808.2768156282
3,Gulf Coast,2014-05-01,Change MLR,4,874843.0,881684.2885599625
3,Gulf Coast,2014-06-01,Change MLR,4,867623.0,877283.921553288
3,Gulf Coast,2014-07-01,Change MLR,4,863183.0,867189.382326452
3,Gulf Coast,2014-08-01,Change MLR,4,856901.0,863797.6745130674
3,Gulf Coast,2014-09-01,Change MLR,4,866769.0,861249.6277058144
3,Gulf Coast,2014-10-01,Change MLR,4,868014.0,872917.9957475809
3,Gulf Coast,2014-11-01,Change MLR,4,867012.0,873047.8872464638
3,Gulf Coast,2014-12-01,Change MLR,4,880450.0,868763.998941727
3,Gulf Coast,2015-01-01,Change MLR,4,893237.0,886417.8529907546
3,Gulf Coast,2015-02-01,Change MLR,4,902630.0,902295.257912702
3,Gulf Coast,2015-03-01,Change MLR,4,912245.0,910070.0094618011
3,Gulf Coast,2015-04-01,Change MLR,4,912769.0,914248.7045503224
3,Gulf Coast,2015-05-01,Change MLR,4,909638.0,913034.710107109
3,Gulf Coast,2015-06-01,Change MLR,4,901436.0,909036.4129862904
3,Gulf Coast,2015-07-01,Change MLR,4,903460.0,901474.5035153815
3,Gulf Coast,2015-08-01,Change MLR,4,913989.0,903839.7794084664
3,Gulf Coast,2015-09-01,Change MLR,4,927812.0,916489.9068112498
3,Gulf Coast,2015-10-01,Change MLR,4,917915.0,927922.4733467876
3,Gulf Coast,2014-02-01,Seasonal ridge MLR,4,874147.0,870405.6559489459
3,Gulf Coast,2014-03-01,Seasonal ridge MLR,4,884429.0,877030.4331586435
3,Gulf Coast,2014-04-01,Seasonal ridge MLR,4,880920.0,885878.7445241133
3,Gulf Coast,2014-05-01,Seasonal ridge MLR,4,874843.0,878468.0801154268
3,Gulf Coast,2014-06-01,Seasonal ridge MLR,4,867623.0,870765.642231388
3,Gulf Coast,2014-07-01,Seasonal ridge MLR,4,863183.0,860469.5937188573
3,Gulf Coast,2014-08-01,Seasonal ridge MLR,4,856901.0,856505.3524948407
3,Gulf Coast,2014-09-01,Seasonal ridge MLR,4,866769.0,852585.5863139546
3,Gulf Coast,2014-10-01,Seasonal ridge MLR,4,868014.0,864478.9487944213
3,Gulf Coast,2014-11-01,Seasonal ridge MLR,4,867012.0,866902.7362792991
3,Gulf Coast,2014-12-01,Seasonal ridge MLR,4,880450.0,866935.4229633019
3,Gulf Coast,2015-01-01,Seasonal ridge MLR,4,893237.0,883128.6521945157
3,Gulf Coast,2015-02-01,Seasonal ridge MLR,4,902630.0,898031.1214765413
3,Gulf Coast,2015-03-01,Seasonal ridge MLR,4,912245.0,904689.9005651035
3,Gulf Coast,2015-04-01,Seasonal ridge MLR,4,912769.0,911805.3662769141
3,Gulf Coast,2015-05-01,Seasonal ridge MLR,4,909638.0,909235.337891233
3,Gulf Coast,2015-06-01,Seasonal ridge MLR,4,901436.0,904648.1288494457
3,Gulf Coast,2015-07-01,Seasonal ridge MLR,4,903460.0,893967.7881991608
3,Gulf Coast,2015-08-01,Seasonal ridge MLR,4,913989.0,896554.4346289684
3,Gulf Coast,2015-09-01,Seasonal ridge MLR,4,927812.0,909284.7713937209
3,Gulf Coast,2015-10-01,Seasonal ridge MLR,4,917915.0,923041.1456682422
3,Gulf Coast,2014-02-01,Polynomial ridge (degree 2),4,874147.0,867488.0859338294
3,Gulf Coast,2014-03-01,Polynomial ridge (degree 2),4,884429.0,874055.3301423738
3,Gulf Coast,2014-04-01,Polynomial ridge (degree 2),4,880920.0,882744.6504336081
3,Gulf Coast,2014-05-01,Polynomial ridge (degree 2),4,874843.0,874813.0054418722
3,Gulf Coast,2014-06-01,Polynomial ridge (degree 2),4,867623.0,869314.5239031542
3,Gulf Coast,2014-07-01,Polynomial ridge (degree 2),4,863183.0,863509.4486967868
3,Gulf Coast,2014-08-01,Polynomial ridge (degree 2),4,856901.0,860717.9814449167
3,Gulf Coast,2014-09-01,Polynomial ridge (degree 2),4,866769.0,855525.0138955568
3,Gulf Coast,2014-10-01,Polynomial ridge (degree 2),4,868014.0,867979.481784457
3,Gulf Coast,2014-11-01,Polynomial ridge (degree 2),4,867012.0,866236.5691666993
3,Gulf Coast,2014-12-01,Polynomial ridge (degree 2),4,880450.0,864391.946815219
3,Gulf Coast,2015-01-01,Polynomial ridge (degree 2),4,893237.0,880691.6119321514
3,Gulf Coast,2015-02-01,Polynomial ridge (degree 2),4,902630.0,891666.2909234493
3,Gulf Coast,2015-03-01,Polynomial ridge (degree 2),4,912245.0,898926.3061744454
3,Gulf Coast,2015-04-01,Polynomial ridge (degree 2),4,912769.0,905408.5600754141
3,Gulf Coast,2015-05-01,Polynomial ridge (degree 2),4,909638.0,902119.3496998104
3,Gulf Coast,2015-06-01,Polynomial ridge (degree 2),4,901436.0,897349.4679610779
3,Gulf Coast,2015-07-01,Polynomial ridge (degree 2),4,903460.0,889211.1039735363
3,Gulf Coast,2015-08-01,Polynomial ridge (degree 2),4,913989.0,893931.7094927223
3,Gulf Coast,2015-09-01,Polynomial ridge (degree 2),4,927812.0,906610.9488970517
3,Gulf Coast,2015-10-01,Polynomial ridge (degree 2),4,917915.0,920226.6134906985
3,Gulf Coast,2014-02-01,Spline ridge (4 knots),4,874147.0,867637.8206363479
3,Gulf Coast,2014-03-01,Spline ridge (4 knots),4,884429.0,876790.7083700164
3,Gulf Coast,2014-04-01,Spline ridge (4 knots),4,880920.0,887190.4136226814
3,Gulf Coast,2014-05-01,Spline ridge (4 knots),4,874843.0,879731.356078261
3,Gulf Coast,2014-06-01,Spline ridge (4 knots),4,867623.0,873785.8575323302
3,Gulf Coast,2014-07-01,Spline ridge (4 knots),4,863183.0,866703.9735445814
3,Gulf Coast,2014-08-01,Spline ridge (4 knots),4,856901.0,861986.013112106
3,Gulf Coast,2014-09-01,Spline ridge (4 knots),4,866769.0,855829.9128645719
3,Gulf Coast,2014-10-01,Spline ridge (4 knots),4,868014.0,869409.4719582713
3,Gulf Coast,2014-11-01,Spline ridge (4 knots),4,867012.0,867307.2321764132
3,Gulf Coast,2014-12-01,Spline ridge (4 knots),4,880450.0,866076.3755578031
3,Gulf Coast,2015-01-01,Spline ridge (4 knots),4,893237.0,883863.7558902343
3,Gulf Coast,2015-02-01,Spline ridge (4 knots),4,902630.0,896518.749175322
3,Gulf Coast,2015-03-01,Spline ridge (4 knots),4,912245.0,905036.0353115352
3,Gulf Coast,2015-04-01,Spline ridge (4 knots),4,912769.0,914908.6373709508
3,Gulf Coast,2015-05-01,Spline ridge (4 knots),4,909638.0,912056.1868398228
3,Gulf Coast,2015-06-01,Spline ridge (4 knots),4,901436.0,908527.209793509
3,Gulf Coast,2015-07-01,Spline ridge (4 knots),4,903460.0,900725.8265600543
3,Gulf Coast,2015-08-01,Spline ridge (4 knots),4,913989.0,903146.3625988355
3,Gulf Coast,2015-09-01,Spline ridge (4 knots),4,927812.0,917001.3801321051
3,Gulf Coast,2015-10-01,Spline ridge (4 knots),4,917915.0,931461.6370900745
3,Gulf Coast,2015-11-01,Persistence,5,909794.0,917915.0
3,Gulf Coast,2015-12-01,Persistence,5,926164.0,909794.0
3,Gulf Coast,2016-01-01,Persistence,5,941054.0,926164.0
3,Gulf Coast,2016-02-01,Persistence,5,954397.0,941054.0
3,Gulf Coast,2016-03-01,Persistence,5,954850.0,954397.0
3,Gulf Coast,2016-04-01,Persistence,5,955225.0,954850.0
3,Gulf Coast,2016-05-01,Persistence,5,953039.0,955225.0
3,Gulf Coast,2016-06-01,Persistence,5,946026.0,953039.0
3,Gulf Coast,2016-07-01,Persistence,5,942134.0,946026.0
3,Gulf Coast,2016-08-01,Persistence,5,934996.0,942134.0
3,Gulf Coast,2016-09-01,Persistence,5,950199.0,934996.0
3,Gulf Coast,2016-10-01,Persistence,5,944791.0,950199.0
3,Gulf Coast,2016-11-01,Persistence,5,939104.0,944791.0
3,Gulf Coast,2016-12-01,Persistence,5,960380.0,939104.0
3,Gulf Coast,2017-01-01,Persistence,5,972797.0,960380.0
3,Gulf Coast,2017-02-01,Persistence,5,974127.0,972797.0
3,Gulf Coast,2017-03-01,Persistence,5,958981.0,974127.0
3,Gulf Coast,2017-04-01,Persistence,5,947102.0,958981.0
3,Gulf Coast,2017-05-01,Persistence,5,938694.0,947102.0
3,Gulf Coast,2017-06-01,Persistence,5,928830.0,938694.0
3,Gulf Coast,2017-07-01,Persistence,5,910451.0,928830.0
3,Gulf Coast,2015-11-01,Physical level MLR,5,909794.0,913812.1523874223
3,Gulf Coast,2015-12-01,Physical level MLR,5,926164.0,903512.5743693041
3,Gulf Coast,2016-01-01,Physical level MLR,5,941054.0,927389.4272819124
3,Gulf Coast,2016-02-01,Physical level MLR,5,954397.0,939094.2827344976
3,Gulf Coast,2016-03-01,Physical level MLR,5,954850.0,947850.064448081
3,Gulf Coast,2016-04-01,Physical level MLR,5,955225.0,947213.135063318
3,Gulf Coast,2016-05-01,Physical level MLR,5,953039.0,945873.5352105566
3,Gulf Coast,2016-06-01,Physical level MLR,5,946026.0,944359.5858815
3,Gulf Coast,2016-07-01,Physical level MLR,5,942134.0,939653.269531131
3,Gulf Coast,2016-08-01,Physical level MLR,5,934996.0,932162.3507993507
3,Gulf Coast,2016-09-01,Physical level MLR,5,950199.0,923857.962419569
3,Gulf Coast,2016-10-01,Physical level MLR,5,944791.0,947280.7665599454
3,Gulf Coast,2016-11-01,Physical level MLR,5,939104.0,937327.889690817
3,Gulf Coast,2016-12-01,Physical level MLR,5,960380.0,929366.9570007595
3,Gulf Coast,2017-01-01,Physical level MLR,5,972797.0,955049.3197072349
3,Gulf Coast,2017-02-01,Physical level MLR,5,974127.0,962487.6133825603
3,Gulf Coast,2017-03-01,Physical level MLR,5,958981.0,961826.2144129634
3,Gulf Coast,2017-04-01,Physical level MLR,5,947102.0,940268.3604916111
3,Gulf Coast,2017-05-01,Physical level MLR,5,938694.0,927417.2899698559
3,Gulf Coast,2017-06-01,Physical level MLR,5,928830.0,922888.5798860283
3,Gulf Coast,2017-07-01,Physical level MLR,5,910451.0,913181.0962378435
3,Gulf Coast,2015-11-01,Change MLR,5,909794.0,918157.0502925558
3,Gulf Coast,2015-12-01,Change MLR,5,926164.0,905754.8792106606
3,Gulf Coast,2016-01-01,Change MLR,5,941054.0,931744.4711871974
3,Gulf Coast,2016-02-01,Change MLR,5,954397.0,945110.9476106436
3,Gulf Coast,2016-03-01,Change MLR,5,954850.0,953818.8687625616
3,Gulf Coast,2016-04-01,Change MLR,5,955225.0,954129.4291207438
3,Gulf Coast,2016-05-01,Change MLR,5,953039.0,950941.138410096
3,Gulf Coast,2016-06-01,Change MLR,5,946026.0,952874.4800263273
3,Gulf Coast,2016-07-01,Change MLR,5,942134.0,948400.356953429
3,Gulf Coast,2016-08-01,Change MLR,5,934996.0,935903.0753362626
3,Gulf Coast,2016-09-01,Change MLR,5,950199.0,925884.703554047
3,Gulf Coast,2016-10-01,Change MLR,5,944791.0,954081.0328392558
3,Gulf Coast,2016-11-01,Change MLR,5,939104.0,942944.9217378325
3,Gulf Coast,2016-12-01,Change MLR,5,960380.0,934875.4453349427
3,Gulf Coast,2017-01-01,Change MLR,5,972797.0,959321.1243961852
3,Gulf Coast,2017-02-01,Change MLR,5,974127.0,962883.2005564735
3,Gulf Coast,2017-03-01,Change MLR,5,958981.0,964438.0788710716
3,Gulf Coast,2017-04-01,Change MLR,5,947102.0,939730.6225152913
3,Gulf Coast,2017-05-01,Change MLR,5,938694.0,926288.5412681237
3,Gulf Coast,2017-06-01,Change MLR,5,928830.0,923876.4629749676
3,Gulf Coast,2017-07-01,Change MLR,5,910451.0,911128.7128736768
3,Gulf Coast,2015-11-01,Seasonal ridge MLR,5,909794.0,919916.0685994957
3,Gulf Coast,2015-12-01,Seasonal ridge MLR,5,926164.0,912702.3471411214
3,Gulf Coast,2016-01-01,Seasonal ridge MLR,5,941054.0,933718.7509491788
3,Gulf Coast,2016-02-01,Seasonal ridge MLR,5,954397.0,948758.079129643
3,Gulf Coast,2016-03-01,Seasonal ridge MLR,5,954850.0,959637.6667492031
3,Gulf Coast,2016-04-01,Seasonal ridge MLR,5,955225.0,957938.9469940449
3,Gulf Coast,2016-05-01,Seasonal ridge MLR,5,953039.0,955541.43101459
3,Gulf Coast,2016-06-01,Seasonal ridge MLR,5,946026.0,951830.561766454
3,Gulf Coast,2016-07-01,Seasonal ridge MLR,5,942134.0,942735.3781640296
3,Gulf Coast,2016-08-01,Seasonal ridge MLR,5,934996.0,939181.3720056872
3,Gulf Coast,2016-09-01,Seasonal ridge MLR,5,950199.0,933072.7902512152
3,Gulf Coast,2016-10-01,Seasonal ridge MLR,5,944791.0,952568.5265722345
3,Gulf Coast,2016-11-01,Seasonal ridge MLR,5,939104.0,946866.0148859319
3,Gulf Coast,2016-12-01,Seasonal ridge MLR,5,960380.0,942472.123454113
3,Gulf Coast,2017-01-01,Seasonal ridge MLR,5,972797.0,967564.3233234382
3,Gulf Coast,2017-02-01,Seasonal ridge MLR,5,974127.0,980438.9107544274
3,Gulf Coast,2017-03-01,Seasonal ridge MLR,5,958981.0,978747.0868838631
3,Gulf Coast,2017-04-01,Seasonal ridge MLR,5,947102.0,959892.7885170984
3,Gulf Coast,2017-05-01,Seasonal ridge MLR,5,938694.0,945535.8251371012
3,Gulf Coast,2017-06-01,Seasonal ridge MLR,5,928830.0,936276.1157480917
3,Gulf Coast,2017-07-01,Seasonal ridge MLR,5,910451.0,924956.2880222675
3,Gulf Coast,2015-11-01,Polynomial ridge (degree 2),5,909794.0,912231.555876179
3,Gulf Coast,2015-12-01,Polynomial ridge (degree 2),5,926164.0,905113.5393284061
3,Gulf Coast,2016-01-01,Polynomial ridge (degree 2),5,941054.0,931221.8957343157
3,Gulf Coast,2016-02-01,Polynomial ridge (degree 2),5,954397.0,945618.2609272155
3,Gulf Coast,2016-03-01,Polynomial ridge (degree 2),5,954850.0,958248.6817349562
3,Gulf Coast,2016-04-01,Polynomial ridge (degree 2),5,955225.0,952425.976193343
3,Gulf Coast,2016-05-01,Polynomial ridge (degree 2),5,953039.0,952599.5445284892
3,Gulf Coast,2016-06-01,Polynomial ridge (degree 2),5,946026.0,949533.7922957606
3,Gulf Coast,2016-07-01,Polynomial ridge (degree 2),5,942134.0,940331.8414602607
3,Gulf Coast,2016-08-01,Polynomial ridge (degree 2),5,934996.0,937921.1971384565
3,Gulf Coast,2016-09-01,Polynomial ridge (degree 2),5,950199.0,929946.2660094886
3,Gulf Coast,2016-10-01,Polynomial ridge (degree 2),5,944791.0,955060.4055625659
3,Gulf Coast,2016-11-01,Polynomial ridge (degree 2),5,939104.0,939748.6369027396
3,Gulf Coast,2016-12-01,Polynomial ridge (degree 2),5,960380.0,934550.7493364379
3,Gulf Coast,2017-01-01,Polynomial ridge (degree 2),5,972797.0,969184.0076638551
3,Gulf Coast,2017-02-01,Polynomial ridge (degree 2),5,974127.0,977661.4758657723
3,Gulf Coast,2017-03-01,Polynomial ridge (degree 2),5,958981.0,973005.8991653223
3,Gulf Coast,2017-04-01,Polynomial ridge (degree 2),5,947102.0,951148.5472971251
3,Gulf Coast,2017-05-01,Polynomial ridge (degree 2),5,938694.0,941221.6048222686
3,Gulf Coast,2017-06-01,Polynomial ridge (degree 2),5,928830.0,934422.9611364445
3,Gulf Coast,2017-07-01,Polynomial ridge (degree 2),5,910451.0,924622.1316599773
3,Gulf Coast,2015-11-01,Spline ridge (4 knots),5,909794.0,918027.8468637114
3,Gulf Coast,2015-12-01,Spline ridge (4 knots),5,926164.0,909784.113143002
3,Gulf Coast,2016-01-01,Spline ridge (4 knots),5,941054.0,931034.6330005103
3,Gulf Coast,2016-02-01,Spline ridge (4 knots),5,954397.0,946006.4937034748
3,Gulf Coast,2016-03-01,Spline ridge (4 knots),5,954850.0,959113.0826817333
3,Gulf Coast,2016-04-01,Spline ridge (4 knots),5,955225.0,954827.5421953817
3,Gulf Coast,2016-05-01,Spline ridge (4 knots),5,953039.0,954937.1596297455
3,Gulf Coast,2016-06-01,Spline ridge (4 knots),5,946026.0,952739.6799897022
3,Gulf Coast,2016-07-01,Spline ridge (4 knots),5,942134.0,945140.8068839713
3,Gulf Coast,2016-08-01,Spline ridge (4 knots),5,934996.0,941821.7638546438
3,Gulf Coast,2016-09-01,Spline ridge (4 knots),5,950199.0,934868.4735070962
3,Gulf Coast,2016-10-01,Spline ridge (4 knots),5,944791.0,955100.4346538818
3,Gulf Coast,2016-11-01,Spline ridge (4 knots),5,939104.0,944128.4940823981
3,Gulf Coast,2016-12-01,Spline ridge (4 knots),5,960380.0,938823.9313864786
3,Gulf Coast,2017-01-01,Spline ridge (4 knots),5,972797.0,964377.2438708607
3,Gulf Coast,2017-02-01,Spline ridge (4 knots),5,974127.0,977687.3063276705
3,Gulf Coast,2017-03-01,Spline ridge (4 knots),5,958981.0,974580.5617951568
3,Gulf Coast,2017-04-01,Spline ridge (4 knots),5,947102.0,958780.7535300204
3,Gulf Coast,2017-05-01,Spline ridge (4 knots),5,938694.0,947215.3022608783
3,Gulf Coast,2017-06-01,Spline ridge (4 knots),5,928830.0,938711.7791935818
3,Gulf Coast,2017-07-01,Spline ridge (4 knots),5,910451.0,928941.6205533738
3,Gulf Coast,2017-08-01,Persistence,6,912311.0,910451.0
3,Gulf Coast,2017-09-01,Persistence,6,887682.0,912311.0
3,Gulf Coast,2017-10-01,Persistence,6,881971.0,887682.0
3,Gulf Coast,2017-11-01,Persistence,6,867357.0,881971.0
3,Gulf Coast,2017-12-01,Persistence,6,881098.0,867357.0
3,Gulf Coast,2018-01-01,Persistence,6,894999.0,881098.0
3,Gulf Coast,2018-02-01,Persistence,6,883010.0,894999.0
3,Gulf Coast,2018-03-01,Persistence,6,884390.0,883010.0
3,Gulf Coast,2018-04-01,Persistence,6,877138.0,884390.0
3,Gulf Coast,2018-05-01,Persistence,6,873052.0,877138.0
3,Gulf Coast,2018-06-01,Persistence,6,879521.0,873052.0
3,Gulf Coast,2018-07-01,Persistence,6,874105.0,879521.0
3,Gulf Coast,2018-08-01,Persistence,6,880801.0,874105.0
3,Gulf Coast,2018-09-01,Persistence,6,882042.0,880801.0
3,Gulf Coast,2018-10-01,Persistence,6,887119.0,882042.0
3,Gulf Coast,2018-11-01,Persistence,6,881191.0,887119.0
3,Gulf Coast,2018-12-01,Persistence,6,881131.0,881191.0
3,Gulf Coast,2019-01-01,Persistence,6,878584.0,881131.0
3,Gulf Coast,2019-02-01,Persistence,6,883034.0,878584.0
3,Gulf Coast,2019-03-01,Persistence,6,891193.0,883034.0
3,Gulf Coast,2019-04-01,Persistence,6,889878.0,891193.0
3,Gulf Coast,2017-08-01,Physical level MLR,6,912311.0,906603.7526689206
3,Gulf Coast,2017-09-01,Physical level MLR,6,887682.0,915299.5242543665
3,Gulf Coast,2017-10-01,Physical level MLR,6,881971.0,876365.5784866624
3,Gulf Coast,2017-11-01,Physical level MLR,6,867357.0,876177.1403637753
3,Gulf Coast,2017-12-01,Physical level MLR,6,881098.0,858131.893383448
3,Gulf Coast,2018-01-01,Physical level MLR,6,894999.0,878804.3925157321
3,Gulf Coast,2018-02-01,Physical level MLR,6,883010.0,897453.0848298899
3,Gulf Coast,2018-03-01,Physical level MLR,6,884390.0,879052.0881419576
3,Gulf Coast,2018-04-01,Physical level MLR,6,877138.0,881418.6352117195
3,Gulf Coast,2018-05-01,Physical level MLR,6,873052.0,869673.6386467885
3,Gulf Coast,2018-06-01,Physical level MLR,6,879521.0,864352.1710940239
3,Gulf Coast,2018-07-01,Physical level MLR,6,874105.0,875561.1102528429
3,Gulf Coast,2018-08-01,Physical level MLR,6,880801.0,874546.0619884615
3,Gulf Coast,2018-09-01,Physical level MLR,6,882042.0,880358.0830613069
3,Gulf Coast,2018-10-01,Physical level MLR,6,887119.0,877052.8775022692
3,Gulf Coast,2018-11-01,Physical level MLR,6,881191.0,884084.6122762464
3,Gulf Coast,2018-12-01,Physical level MLR,6,881131.0,876465.7422028966
3,Gulf Coast,2019-01-01,Physical level MLR,6,878584.0,878572.171772998
3,Gulf Coast,2019-02-01,Physical level MLR,6,883034.0,874957.9855422778
3,Gulf Coast,2019-03-01,Physical level MLR,6,891193.0,883404.7312135604
3,Gulf Coast,2019-04-01,Physical level MLR,6,889878.0,888662.7075214515
3,Gulf Coast,2017-08-01,Change MLR,6,912311.0,904429.3948709638
3,Gulf Coast,2017-09-01,Change MLR,6,887682.0,907917.5874346925
3,Gulf Coast,2017-10-01,Change MLR,6,881971.0,865872.2274461098
3,Gulf Coast,2017-11-01,Change MLR,6,867357.0,867327.1113274292
3,Gulf Coast,2017-12-01,Change MLR,6,881098.0,848723.822429222
3,Gulf Coast,2018-01-01,Change MLR,6,894999.0,871461.2358402339
3,Gulf Coast,2018-02-01,Change MLR,6,883010.0,889318.3069731153
3,Gulf Coast,2018-03-01,Change MLR,6,884390.0,866773.572358012
3,Gulf Coast,2018-04-01,Change MLR,6,877138.0,869706.9915965454
3,Gulf Coast,2018-05-01,Change MLR,6,873052.0,856614.2459190837
3,Gulf Coast,2018-06-01,Change MLR,6,879521.0,849784.4527093642
3,Gulf Coast,2018-07-01,Change MLR,6,874105.0,860650.2585207864
3,Gulf Coast,2018-08-01,Change MLR,6,880801.0,860877.3091836201
3,Gulf Coast,2018-09-01,Change MLR,6,882042.0,866519.3550350936
3,Gulf Coast,2018-10-01,Change MLR,6,887119.0,861934.485414937
3,Gulf Coast,2018-11-01,Change MLR,6,881191.0,868536.0590125705
3,Gulf Coast,2018-12-01,Change MLR,6,881131.0,859848.9146462909
3,Gulf Coast,2019-01-01,Change MLR,6,878584.0,859714.1974424326
3,Gulf Coast,2019-02-01,Change MLR,6,883034.0,856716.1869618192
3,Gulf Coast,2019-03-01,Change MLR,6,891193.0,864037.601275136
3,Gulf Coast,2019-04-01,Change MLR,6,889878.0,869475.8012072908
3,Gulf Coast,2017-08-01,Seasonal ridge MLR,6,912311.0,902120.7489682072
3,Gulf Coast,2017-09-01,Seasonal ridge MLR,6,887682.0,901926.5336193031
3,Gulf Coast,2017-10-01,Seasonal ridge MLR,6,881971.0,871485.449519914
3,Gulf Coast,2017-11-01,Seasonal ridge MLR,6,867357.0,873393.2751360456
3,Gulf Coast,2017-12-01,Seasonal ridge MLR,6,881098.0,859355.206786711
3,Gulf Coast,2018-01-01,Seasonal ridge MLR,6,894999.0,879563.9912779114
3,Gulf Coast,2018-02-01,Seasonal ridge MLR,6,883010.0,892272.698146479
3,Gulf Coast,2018-03-01,Seasonal ridge MLR,6,884390.0,871480.4247411663
3,Gulf Coast,2018-04-01,Seasonal ridge MLR,6,877138.0,872321.6197637267
3,Gulf Coast,2018-05-01,Seasonal ridge MLR,6,873052.0,859980.035823639
3,Gulf Coast,2018-06-01,Seasonal ridge MLR,6,879521.0,852314.2578396983
3,Gulf Coast,2018-07-01,Seasonal ridge MLR,6,874105.0,859514.15634196
3,Gulf Coast,2018-08-01,Seasonal ridge MLR,6,880801.0,856887.2101440876
3,Gulf Coast,2018-09-01,Seasonal ridge MLR,6,882042.0,864805.5146251539
3,Gulf Coast,2018-10-01,Seasonal ridge MLR,6,887119.0,865204.7618285047
3,Gulf Coast,2018-11-01,Seasonal ridge MLR,6,881191.0,872610.2624958901
3,Gulf Coast,2018-12-01,Seasonal ridge MLR,6,881131.0,866553.0401254841
3,Gulf Coast,2019-01-01,Seasonal ridge MLR,6,878584.0,865386.5371524342
3,Gulf Coast,2019-02-01,Seasonal ridge MLR,6,883034.0,862331.7144457704
3,Gulf Coast,2019-03-01,Seasonal ridge MLR,6,891193.0,866052.5235788756
3,Gulf Coast,2019-04-01,Seasonal ridge MLR,6,889878.0,871255.3734175536
3,Gulf Coast,2017-08-01,Polynomial ridge (degree 2),6,912311.0,905137.8110634458
3,Gulf Coast,2017-09-01,Polynomial ridge (degree 2),6,887682.0,912162.5500566349
3,Gulf Coast,2017-10-01,Polynomial ridge (degree 2),6,881971.0,882650.1627340948
3,Gulf Coast,2017-11-01,Polynomial ridge (degree 2),6,867357.0,881229.7525302839
3,Gulf Coast,2017-12-01,Polynomial ridge (degree 2),6,881098.0,865088.3785484706
3,Gulf Coast,2018-01-01,Polynomial ridge (degree 2),6,894999.0,889136.7003453191
3,Gulf Coast,2018-02-01,Polynomial ridge (degree 2),6,883010.0,901693.0292167605
3,Gulf Coast,2018-03-01,Polynomial ridge (degree 2),6,884390.0,880376.4222378432
3,Gulf Coast,2018-04-01,Polynomial ridge (degree 2),6,877138.0,885798.2271906881
3,Gulf Coast,2018-05-01,Polynomial ridge (degree 2),6,873052.0,876341.4269132047
3,Gulf Coast,2018-06-01,Polynomial ridge (degree 2),6,879521.0,873576.0063486329
3,Gulf Coast,2018-07-01,Polynomial ridge (degree 2),6,874105.0,883925.7658372694
3,Gulf Coast,2018-08-01,Polynomial ridge (degree 2),6,880801.0,873615.7510553998
3,Gulf Coast,2018-09-01,Polynomial ridge (degree 2),6,882042.0,884992.6108952159
3,Gulf Coast,2018-10-01,Polynomial ridge (degree 2),6,887119.0,884443.0170470276
3,Gulf Coast,2018-11-01,Polynomial ridge (degree 2),6,881191.0,891097.8875807907
3,Gulf Coast,2018-12-01,Polynomial ridge (degree 2),6,881131.0,880852.1269552979
3,Gulf Coast,2019-01-01,Polynomial ridge (degree 2),6,878584.0,882822.6478341987
3,Gulf Coast,2019-02-01,Polynomial ridge (degree 2),6,883034.0,879574.0129329201
3,Gulf Coast,2019-03-01,Polynomial ridge (degree 2),6,891193.0,886658.8787758796
3,Gulf Coast,2019-04-01,Polynomial ridge (degree 2),6,889878.0,896921.3186167295
3,Gulf Coast,2017-08-01,Spline ridge (4 knots),6,912311.0,899397.7607634641
3,Gulf Coast,2017-09-01,Spline ridge (4 knots),6,887682.0,911252.5431084541
3,Gulf Coast,2017-10-01,Spline ridge (4 knots),6,881971.0,874822.5615692593
3,Gulf Coast,2017-11-01,Spline ridge (4 knots),6,867357.0,872431.5977790118
3,Gulf Coast,2017-12-01,Spline ridge (4 knots),6,881098.0,857702.1845516233
3,Gulf Coast,2018-01-01,Spline ridge (4 knots),6,894999.0,878991.3142399681
3,Gulf Coast,2018-02-01,Spline ridge (4 knots),6,883010.0,898223.5805793547
3,Gulf Coast,2018-03-01,Spline ridge (4 knots),6,884390.0,873926.561462726
3,Gulf Coast,2018-04-01,Spline ridge (4 knots),6,877138.0,877886.433565288
3,Gulf Coast,2018-05-01,Spline ridge (4 knots),6,873052.0,867902.3458299832
3,Gulf Coast,2018-06-01,Spline ridge (4 knots),6,879521.0,863334.3917971107
3,Gulf Coast,2018-07-01,Spline ridge (4 knots),6,874105.0,872570.894415189
3,Gulf Coast,2018-08-01,Spline ridge (4 knots),6,880801.0,865758.9153285399
3,Gulf Coast,2018-09-01,Spline ridge (4 knots),6,882042.0,874763.7110569997
3,Gulf Coast,2018-10-01,Spline ridge (4 knots),6,887119.0,872870.8565047098
3,Gulf Coast,2018-11-01,Spline ridge (4 knots),6,881191.0,879414.4990051477
3,Gulf Coast,2018-12-01,Spline ridge (4 knots),6,881131.0,871687.5986651926
3,Gulf Coast,2019-01-01,Spline ridge (4 knots),6,878584.0,871666.4804826636
3,Gulf Coast,2019-02-01,Spline ridge (4 knots),6,883034.0,868846.2829134887
3,Gulf Coast,2019-03-01,Spline ridge (4 knots),6,891193.0,875028.3450636703
3,Gulf Coast,2019-04-01,Spline ridge (4 knots),6,889878.0,885265.4759328718
3,Gulf Coast,2019-05-01,Persistence,7,878690.0,889878.0
3,Gulf Coast,2019-06-01,Persistence,7,871011.0,878690.0
3,Gulf Coast,2019-07-01,Persistence,7,872940.0,871011.0
3,Gulf Coast,2019-08-01,Persistence,7,865421.0,872940.0
3,Gulf Coast,2019-09-01,Persistence,7,864734.0,865421.0
3,Gulf Coast,2019-10-01,Persistence,7,863236.0,864734.0
3,Gulf Coast,2019-11-01,Persistence,7,854758.0,863236.0
3,Gulf Coast,2019-12-01,Persistence,7,862880.0,854758.0
3,Gulf Coast,2020-01-01,Persistence,7,876756.0,862880.0
3,Gulf Coast,2020-02-01,Persistence,7,886386.0,876756.0
3,Gulf Coast,2020-03-01,Persistence,7,916045.0,886386.0
3,Gulf Coast,2020-04-01,Persistence,7,934148.0,916045.0
3,Gulf Coast,2020-05-01,Persistence,7,956570.0,934148.0
3,Gulf Coast,2020-06-01,Persistence,7,944808.0,956570.0
3,Gulf Coast,2020-07-01,Persistence,7,920344.0,944808.0
3,Gulf Coast,2020-08-01,Persistence,7,912855.0,920344.0
3,Gulf Coast,2020-09-01,Persistence,7,900201.0,912855.0
3,Gulf Coast,2020-10-01,Persistence,7,909291.0,900201.0
3,Gulf Coast,2020-11-01,Persistence,7,896960.0,909291.0
3,Gulf Coast,2020-12-01,Persistence,7,896086.0,896960.0
3,Gulf Coast,2021-01-01,Persistence,7,915386.0,896086.0
3,Gulf Coast,2019-05-01,Physical level MLR,7,878690.0,888351.2290978525
3,Gulf Coast,2019-06-01,Physical level MLR,7,871011.0,875357.0094891657
3,Gulf Coast,2019-07-01,Physical level MLR,7,872940.0,869456.6411015148
3,Gulf Coast,2019-08-01,Physical level MLR,7,865421.0,875984.5955740934
3,Gulf Coast,2019-09-01,Physical level MLR,7,864734.0,869443.2737706128
3,Gulf Coast,2019-10-01,Physical level MLR,7,863236.0,867760.037642241
3,Gulf Coast,2019-11-01,Physical level MLR,7,854758.0,867668.910406487
3,Gulf Coast,2019-12-01,Physical level MLR,7,862880.0,856008.8197773698
3,Gulf Coast,2020-01-01,Physical level MLR,7,876756.0,868754.8076886933
3,Gulf Coast,2020-02-01,Physical level MLR,7,886386.0,880666.5406905715
3,Gulf Coast,2020-03-01,Physical level MLR,7,916045.0,889322.8020183445
3,Gulf Coast,2020-04-01,Physical level MLR,7,934148.0,926457.6172977106
3,Gulf Coast,2020-05-01,Physical level MLR,7,956570.0,930520.6981451173
3,Gulf Coast,2020-06-01,Physical level MLR,7,944808.0,956229.3619559457
3,Gulf Coast,2020-07-01,Physical level MLR,7,920344.0,939327.898175796
3,Gulf Coast,2020-08-01,Physical level MLR,7,912855.0,911203.1939854408
3,Gulf Coast,2020-09-01,Physical level MLR,7,900201.0,913924.4174891128
3,Gulf Coast,2020-10-01,Physical level MLR,7,909291.0,898949.9220937903
3,Gulf Coast,2020-11-01,Physical level MLR,7,896960.0,912050.4289346441
3,Gulf Coast,2020-12-01,Physical level MLR,7,896086.0,894128.5009390652
3,Gulf Coast,2021-01-01,Physical level MLR,7,915386.0,893875.2625160988
3,Gulf Coast,2019-05-01,Change MLR,7,878690.0,887825.5945641858
3,Gulf Coast,2019-06-01,Change MLR,7,871011.0,874485.9154202028
3,Gulf Coast,2019-07-01,Change MLR,7,872940.0,867711.351425454
3,Gulf Coast,2019-08-01,Change MLR,7,865421.0,873029.1618598334
3,Gulf Coast,2019-09-01,Change MLR,7,864734.0,865491.0469335817
3,Gulf Coast,2019-10-01,Change MLR,7,863236.0,864785.804417346
3,Gulf Coast,2019-11-01,Change MLR,7,854758.0,863828.4269602997
3,Gulf Coast,2019-12-01,Change MLR,7,862880.0,852087.6916878353
3,Gulf Coast,2020-01-01,Change MLR,7,876756.0,864860.3570713624
3,Gulf Coast,2020-02-01,Change MLR,7,886386.0,879534.1054950482
3,Gulf Coast,2020-03-01,Change MLR,7,916045.0,888069.0285464065
3,Gulf Coast,2020-04-01,Change MLR,7,934148.0,926364.5519169072
3,Gulf Coast,2020-05-01,Change MLR,7,956570.0,936154.9244934045
3,Gulf Coast,2020-06-01,Change MLR,7,944808.0,961757.4092028671
3,Gulf Coast,2020-07-01,Change MLR,7,920344.0,943024.9318393399
3,Gulf Coast,2020-08-01,Change MLR,7,912855.0,914719.7016894948
3,Gulf Coast,2020-09-01,Change MLR,7,900201.0,914727.0443918292
3,Gulf Coast,2020-10-01,Change MLR,7,909291.0,899553.2354850853
3,Gulf Coast,2020-11-01,Change MLR,7,896960.0,912972.5960995511
3,Gulf Coast,2020-12-01,Change MLR,7,896086.0,894614.1295794619
3,Gulf Coast,2021-01-01,Change MLR,7,915386.0,894933.8181461405
3,Gulf Coast,2019-05-01,Seasonal ridge MLR,7,878690.0,885046.1221767473
3,Gulf Coast,2019-06-01,Seasonal ridge MLR,7,871011.0,870721.8873681101
3,Gulf Coast,2019-07-01,Seasonal ridge MLR,7,872940.0,863414.4567101568
3,Gulf Coast,2019-08-01,Seasonal ridge MLR,7,865421.0,866710.3537999656
3,Gulf Coast,2019-09-01,Seasonal ridge MLR,7,864734.0,859124.2486542088
3,Gulf Coast,2019-10-01,Seasonal ridge MLR,7,863236.0,860351.94943421
3,Gulf Coast,2019-11-01,Seasonal ridge MLR,7,854758.0,862039.6767401267
3,Gulf Coast,2019-12-01,Seasonal ridge MLR,7,862880.0,853745.6865533537
3,Gulf Coast,2020-01-01,Seasonal ridge MLR,7,876756.0,865132.011447114
3,Gulf Coast,2020-02-01,Seasonal ridge MLR,7,886386.0,878384.8511468522
3,Gulf Coast,2020-03-01,Seasonal ridge MLR,7,916045.0,885877.5669717354
3,Gulf Coast,2020-04-01,Seasonal ridge MLR,7,934148.0,916309.4150858165
3,Gulf Coast,2020-05-01,Seasonal ridge MLR,7,956570.0,929883.7704274693
3,Gulf Coast,2020-06-01,Seasonal ridge MLR,7,944808.0,951897.5446956086
3,Gulf Coast,2020-07-01,Seasonal ridge MLR,7,920344.0,934689.9849107845
3,Gulf Coast,2020-08-01,Seasonal ridge MLR,7,912855.0,908936.1962972971
3,Gulf Coast,2020-09-01,Seasonal ridge MLR,7,900201.0,905391.1380113283
3,Gulf Coast,2020-10-01,Seasonal ridge MLR,7,909291.0,894567.9693873196
3,Gulf Coast,2020-11-01,Seasonal ridge MLR,7,896960.0,909066.4930925891
3,Gulf Coast,2020-12-01,Seasonal ridge MLR,7,896086.0,895096.7064843545
3,Gulf Coast,2021-01-01,Seasonal ridge MLR,7,915386.0,896608.1101358172
3,Gulf Coast,2019-05-01,Polynomial ridge (degree 2),7,878690.0,889202.7038364746
3,Gulf Coast,2019-06-01,Polynomial ridge (degree 2),7,871011.0,878848.3210548426
3,Gulf Coast,2019-07-01,Polynomial ridge (degree 2),7,872940.0,871986.056767436
3,Gulf Coast,2019-08-01,Polynomial ridge (degree 2),7,865421.0,874321.8264462241
3,Gulf Coast,2019-09-01,Polynomial ridge (degree 2),7,864734.0,866492.4003221432
3,Gulf Coast,2019-10-01,Polynomial ridge (degree 2),7,863236.0,866729.2064973493
3,Gulf Coast,2019-11-01,Polynomial ridge (degree 2),7,854758.0,865188.7292520031
3,Gulf Coast,2019-12-01,Polynomial ridge (degree 2),7,862880.0,857812.0654881061
3,Gulf Coast,2020-01-01,Polynomial ridge (degree 2),7,876756.0,866477.1012865535
3,Gulf Coast,2020-02-01,Polynomial ridge (degree 2),7,886386.0,880970.5364780714
3,Gulf Coast,2020-03-01,Polynomial ridge (degree 2),7,916045.0,888498.4712076782
3,Gulf Coast,2020-04-01,Polynomial ridge (degree 2),7,934148.0,927396.3630143679
3,Gulf Coast,2020-05-01,Polynomial ridge (degree 2),7,956570.0,937920.3964721528
3,Gulf Coast,2020-06-01,Polynomial ridge (degree 2),7,944808.0,963406.5039116602
3,Gulf Coast,2020-07-01,Polynomial ridge (degree 2),7,920344.0,939197.1877637531
3,Gulf Coast,2020-08-01,Polynomial ridge (degree 2),7,912855.0,917420.5038918256
3,Gulf Coast,2020-09-01,Polynomial ridge (degree 2),7,900201.0,909376.9221740253
3,Gulf Coast,2020-10-01,Polynomial ridge (degree 2),7,909291.0,897600.976508334
3,Gulf Coast,2020-11-01,Polynomial ridge (degree 2),7,896960.0,909767.7222968219
3,Gulf Coast,2020-12-01,Polynomial ridge (degree 2),7,896086.0,895029.1020828095
3,Gulf Coast,2021-01-01,Polynomial ridge (degree 2),7,915386.0,895110.0141676532
3,Gulf Coast,2019-05-01,Spline ridge (4 knots),7,878690.0,890954.983411581
3,Gulf Coast,2019-06-01,Spline ridge (4 knots),7,871011.0,881180.3130646428
3,Gulf Coast,2019-07-01,Spline ridge (4 knots),7,872940.0,872686.3758334141
3,Gulf Coast,2019-08-01,Spline ridge (4 knots),7,865421.0,874387.7297477628
3,Gulf Coast,2019-09-01,Spline ridge (4 knots),7,864734.0,865561.1770427207
3,Gulf Coast,2019-10-01,Spline ridge (4 knots),7,863236.0,866370.7392738706
3,Gulf Coast,2019-11-01,Spline ridge (4 knots),7,854758.0,864700.1861517199
3,Gulf Coast,2019-12-01,Spline ridge (4 knots),7,862880.0,856611.8523857929
3,Gulf Coast,2020-01-01,Spline ridge (4 knots),7,876756.0,865904.4794461499
3,Gulf Coast,2020-02-01,Spline ridge (4 knots),7,886386.0,881084.8379994525
3,Gulf Coast,2020-03-01,Spline ridge (4 knots),7,916045.0,890552.0555183899
3,Gulf Coast,2020-04-01,Spline ridge (4 knots),7,934148.0,919711.3889935091
3,Gulf Coast,2020-05-01,Spline ridge (4 knots),7,956570.0,936674.0682510961
3,Gulf Coast,2020-06-01,Spline ridge (4 knots),7,944808.0,959228.0312424301
3,Gulf Coast,2020-07-01,Spline ridge (4 knots),7,920344.0,944805.3814305516
3,Gulf Coast,2020-08-01,Spline ridge (4 knots),7,912855.0,917733.6862064963
3,Gulf Coast,2020-09-01,Spline ridge (4 knots),7,900201.0,910317.9628731292
3,Gulf Coast,2020-10-01,Spline ridge (4 knots),7,909291.0,900886.6124526307
3,Gulf Coast,2020-11-01,Spline ridge (4 knots),7,896960.0,910766.407947285
3,Gulf Coast,2020-12-01,Spline ridge (4 knots),7,896086.0,899563.8704509512
3,Gulf Coast,2021-01-01,Spline ridge (4 knots),7,915386.0,897688.1904458224
3,Gulf Coast,2021-02-01,Persistence,8,932466.0,915386.0
3,Gulf Coast,2021-03-01,Persistence,8,906599.0,932466.0
3,Gulf Coast,2021-04-01,Persistence,8,888487.0,906599.0
3,Gulf Coast,2021-05-01,Persistence,8,865066.0,888487.0
3,Gulf Coast,2021-06-01,Persistence,8,863624.0,865066.0
3,Gulf Coast,2021-07-01,Persistence,8,847675.0,863624.0
3,Gulf Coast,2021-08-01,Persistence,8,846108.0,847675.0
3,Gulf Coast,2021-09-01,Persistence,8,858522.0,846108.0
3,Gulf Coast,2021-10-01,Persistence,8,839483.0,858522.0
3,Gulf Coast,2021-11-01,Persistence,8,818876.0,839483.0
3,Gulf Coast,2021-12-01,Persistence,8,809576.0,818876.0
3,Gulf Coast,2022-01-01,Persistence,8,803457.0,809576.0
3,Gulf Coast,2022-02-01,Persistence,8,793798.0,803457.0
3,Gulf Coast,2022-03-01,Persistence,8,780525.0,793798.0
3,Gulf Coast,2022-04-01,Persistence,8,755399.0,780525.0
3,Gulf Coast,2022-05-01,Persistence,8,728278.0,755399.0
3,Gulf Coast,2022-06-01,Persistence,8,701873.0,728278.0
3,Gulf Coast,2022-07-01,Persistence,8,680061.0,701873.0
3,Gulf Coast,2022-08-01,Persistence,8,656779.0,680061.0
3,Gulf Coast,2022-09-01,Persistence,8,643035.0,656779.0
3,Gulf Coast,2022-10-01,Persistence,8,617247.0,643035.0
3,Gulf Coast,2021-02-01,Physical level MLR,8,932466.0,920611.3375067728
3,Gulf Coast,2021-03-01,Physical level MLR,8,906599.0,937972.8545311958
3,Gulf Coast,2021-04-01,Physical level MLR,8,888487.0,902973.98132152
3,Gulf Coast,2021-05-01,Physical level MLR,8,865066.0,889730.0664949187
3,Gulf Coast,2021-06-01,Physical level MLR,8,863624.0,862997.5279246931
3,Gulf Coast,2021-07-01,Physical level MLR,8,847675.0,870559.4632546181
3,Gulf Coast,2021-08-01,Physical level MLR,8,846108.0,851856.9401042624
3,Gulf Coast,2021-09-01,Physical level MLR,8,858522.0,854557.5738150236
3,Gulf Coast,2021-10-01,Physical level MLR,8,839483.0,867868.4686913636
3,Gulf Coast,2021-11-01,Physical level MLR,8,818876.0,844755.5767453599
3,Gulf Coast,2021-12-01,Physical level MLR,8,809576.0,822536.3017313478
3,Gulf Coast,2022-01-01,Physical level MLR,8,803457.0,815545.1693400409
3,Gulf Coast,2022-02-01,Physical level MLR,8,793798.0,811026.8177758938
3,Gulf Coast,2022-03-01,Physical level MLR,8,780525.0,802745.3340588743
3,Gulf Coast,2022-04-01,Physical level MLR,8,755399.0,788872.8395677363
3,Gulf Coast,2022-05-01,Physical level MLR,8,728278.0,764211.9752723647
3,Gulf Coast,2022-06-01,Physical level MLR,8,701873.0,739116.2079559638
3,Gulf Coast,2022-07-01,Physical level MLR,8,680061.0,714771.4178430082
3,Gulf Coast,2022-08-01,Physical level MLR,8,656779.0,695973.0463836448
3,Gulf Coast,2022-09-01,Physical level MLR,8,643035.0,676097.6310926568
3,Gulf Coast,2022-10-01,Physical level MLR,8,617247.0,663793.4440259181
3,Gulf Coast,2021-02-01,Change MLR,8,932466.0,923441.4131561527
3,Gulf Coast,2021-03-01,Change MLR,8,906599.0,939515.3157109735
3,Gulf Coast,2021-04-01,Change MLR,8,888487.0,901412.8700736017
3,Gulf Coast,2021-05-01,Change MLR,8,865066.0,885769.8030262935
3,Gulf Coast,2021-06-01,Change MLR,8,863624.0,859648.3203984328
3,Gulf Coast,2021-07-01,Change MLR,8,847675.0,865275.700760842
3,Gulf Coast,2021-08-01,Change MLR,8,846108.0,845324.8543401258
3,Gulf Coast,2021-09-01,Change MLR,8,858522.0,848296.828515514
3,Gulf Coast,2021-10-01,Change MLR,8,839483.0,863737.4224351967
3,Gulf Coast,2021-11-01,Change MLR,8,818876.0,836781.6739347532
3,Gulf Coast,2021-12-01,Change MLR,8,809576.0,814634.0770379852
3,Gulf Coast,2022-01-01,Change MLR,8,803457.0,808093.9925149359
3,Gulf Coast,2022-02-01,Change MLR,8,793798.0,803451.5010877128
3,Gulf Coast,2022-03-01,Change MLR,8,780525.0,792629.8421936055
3,Gulf Coast,2022-04-01,Change MLR,8,755399.0,778257.2385439208
3,Gulf Coast,2022-05-01,Change MLR,8,728278.0,750087.0447651695
3,Gulf Coast,2022-06-01,Change MLR,8,701873.0,722685.6552437526
3,Gulf Coast,2022-07-01,Change MLR,8,680061.0,696144.6838807024
3,Gulf Coast,2022-08-01,Change MLR,8,656779.0,675753.8806634151
3,Gulf Coast,2022-09-01,Change MLR,8,643035.0,652931.820788907
3,Gulf Coast,2022-10-01,Change MLR,8,617247.0,641114.7230329822
3,Gulf Coast,2021-02-01,Seasonal ridge MLR,8,932466.0,922997.9439429675
3,Gulf Coast,2021-03-01,Seasonal ridge MLR,8,906599.0,938802.3433157072
3,Gulf Coast,2021-04-01,Seasonal ridge MLR,8,888487.0,904297.2079106156
3,Gulf Coast,2021-05-01,Seasonal ridge MLR,8,865066.0,884935.4228019486
3,Gulf Coast,2021-06-01,Seasonal ridge MLR,8,863624.0,858405.1454572616
3,Gulf Coast,2021-07-01,Seasonal ridge MLR,8,847675.0,859304.8114114185
3,Gulf Coast,2021-08-01,Seasonal ridge MLR,8,846108.0,841273.6417448288
3,Gulf Coast,2021-09-01,Seasonal ridge MLR,8,858522.0,843136.5972518218
3,Gulf Coast,2021-10-01,Seasonal ridge MLR,8,839483.0,859992.0821516399
3,Gulf Coast,2021-11-01,Seasonal ridge MLR,8,818876.0,838851.7551994139
3,Gulf Coast,2021-12-01,Seasonal ridge MLR,8,809576.0,820089.8873174649
3,Gulf Coast,2022-01-01,Seasonal ridge MLR,8,803457.0,813515.4263592212
3,Gulf Coast,2022-02-01,Seasonal ridge MLR,8,793798.0,807592.9326398545
3,Gulf Coast,2022-03-01,Seasonal ridge MLR,8,780525.0,796283.6611586749
3,Gulf Coast,2022-04-01,Seasonal ridge MLR,8,755399.0,780094.9565069211
3,Gulf Coast,2022-05-01,Seasonal ridge MLR,8,728278.0,750779.7678862475
3,Gulf Coast,2022-06-01,Seasonal ridge MLR,8,701873.0,721213.5909573559
3,Gulf Coast,2022-07-01,Seasonal ridge MLR,8,680061.0,693804.3460688314
3,Gulf Coast,2022-08-01,Seasonal ridge MLR,8,656779.0,672867.9359737361
3,Gulf Coast,2022-09-01,Seasonal ridge MLR,8,643035.0,650738.3221238847
3,Gulf Coast,2022-10-01,Seasonal ridge MLR,8,617247.0,640600.7129801749
3,Gulf Coast,2021-02-01,Polynomial ridge (degree 2),8,932466.0,922161.0603142768
3,Gulf Coast,2021-03-01,Polynomial ridge (degree 2),8,906599.0,937143.7788211181
3,Gulf Coast,2021-04-01,Polynomial ridge (degree 2),8,888487.0,902961.0378675502
3,Gulf Coast,2021-05-01,Polynomial ridge (degree 2),8,865066.0,886095.7172586811
3,Gulf Coast,2021-06-01,Polynomial ridge (degree 2),8,863624.0,866302.18070434
3,Gulf Coast,2021-07-01,Polynomial ridge (degree 2),8,847675.0,865491.246301617
3,Gulf Coast,2021-08-01,Polynomial ridge (degree 2),8,846108.0,850110.0283142381
3,Gulf Coast,2021-09-01,Polynomial ridge (degree 2),8,858522.0,849234.8262499113
3,Gulf Coast,2021-10-01,Polynomial ridge (degree 2),8,839483.0,866473.9896472488
3,Gulf Coast,2021-11-01,Polynomial ridge (degree 2),8,818876.0,843191.0038147086
3,Gulf Coast,2021-12-01,Polynomial ridge (degree 2),8,809576.0,826566.9089727744
3,Gulf Coast,2022-01-01,Polynomial ridge (degree 2),8,803457.0,818027.6426605046
3,Gulf Coast,2022-02-01,Polynomial ridge (degree 2),8,793798.0,812462.1071794817
3,Gulf Coast,2022-03-01,Polynomial ridge (degree 2),8,780525.0,804342.3454080184
3,Gulf Coast,2022-04-01,Polynomial ridge (degree 2),8,755399.0,793451.7080388777
3,Gulf Coast,2022-05-01,Polynomial ridge (degree 2),8,728278.0,773999.5289314652
3,Gulf Coast,2022-06-01,Polynomial ridge (degree 2),8,701873.0,752587.0486502195
3,Gulf Coast,2022-07-01,Polynomial ridge (degree 2),8,680061.0,731105.6963775852
3,Gulf Coast,2022-08-01,Polynomial ridge (degree 2),8,656779.0,713378.2014594346
3,Gulf Coast,2022-09-01,Polynomial ridge (degree 2),8,643035.0,694472.123026795
3,Gulf Coast,2022-10-01,Polynomial ridge (degree 2),8,617247.0,682830.9604868641
3,Gulf Coast,2021-02-01,Spline ridge (4 knots),8,932466.0,922131.1555838563
3,Gulf Coast,2021-03-01,Spline ridge (4 knots),8,906599.0,938372.5395753073
3,Gulf Coast,2021-04-01,Spline ridge (4 knots),8,888487.0,904141.2807518438
3,Gulf Coast,2021-05-01,Spline ridge (4 knots),8,865066.0,886990.1289597723
3,Gulf Coast,2021-06-01,Spline ridge (4 knots),8,863624.0,864408.2435076538
3,Gulf Coast,2021-07-01,Spline ridge (4 knots),8,847675.0,862028.1614849035
3,Gulf Coast,2021-08-01,Spline ridge (4 knots),8,846108.0,846704.5778439922
3,Gulf Coast,2021-09-01,Spline ridge (4 knots),8,858522.0,844083.7453977945
3,Gulf Coast,2021-10-01,Spline ridge (4 knots),8,839483.0,862410.5680179202
3,Gulf Coast,2021-11-01,Spline ridge (4 knots),8,818876.0,837874.8876624479
3,Gulf Coast,2021-12-01,Spline ridge (4 knots),8,809576.0,819596.1521507906
3,Gulf Coast,2022-01-01,Spline ridge (4 knots),8,803457.0,810642.3675301722
3,Gulf Coast,2022-02-01,Spline ridge (4 knots),8,793798.0,802911.4986315288
3,Gulf Coast,2022-03-01,Spline ridge (4 knots),8,780525.0,794416.7085308185
3,Gulf Coast,2022-04-01,Spline ridge (4 knots),8,755399.0,781912.7453166664
3,Gulf Coast,2022-05-01,Spline ridge (4 knots),8,728278.0,753332.4520855056
3,Gulf Coast,2022-06-01,Spline ridge (4 knots),8,701873.0,726519.0224867044
3,Gulf Coast,2022-07-01,Spline ridge (4 knots),8,680061.0,699744.3861055113
3,Gulf Coast,2022-08-01,Spline ridge (4 knots),8,656779.0,680208.9122769109
3,Gulf Coast,2022-09-01,Spline ridge (4 knots),8,643035.0,654693.9237320361
3,Gulf Coast,2022-10-01,Spline ridge (4 knots),8,617247.0,644648.8609695042
3,Gulf Coast,2022-11-01,Persistence,9,615091.0,617247.0
3,Gulf Coast,2022-12-01,Persistence,9,627659.0,615091.0
3,Gulf Coast,2023-01-01,Persistence,9,634789.0,627659.0
3,Gulf Coast,2023-02-01,Persistence,9,632979.0,634789.0
3,Gulf Coast,2023-03-01,Persistence,9,616409.0,632979.0
3,Gulf Coast,2023-04-01,Persistence,9,604090.0,616409.0
3,Gulf Coast,2023-05-01,Persistence,9,593587.0,604090.0
3,Gulf Coast,2023-06-01,Persistence,9,591983.0,593587.0
3,Gulf Coast,2023-07-01,Persistence,9,582019.0,591983.0
3,Gulf Coast,2023-08-01,Persistence,9,589125.0,582019.0
3,Gulf Coast,2023-09-01,Persistence,9,595213.0,589125.0
3,Gulf Coast,2023-10-01,Persistence,9,599648.0,595213.0
3,Gulf Coast,2023-11-01,Persistence,9,582167.0,599648.0
3,Gulf Coast,2023-12-01,Persistence,9,598600.0,582167.0
3,Gulf Coast,2024-01-01,Persistence,9,608050.0,598600.0
3,Gulf Coast,2024-02-01,Persistence,9,609462.0,608050.0
3,Gulf Coast,2024-03-01,Persistence,9,629996.0,609462.0
3,Gulf Coast,2024-04-01,Persistence,9,629892.0,629996.0
3,Gulf Coast,2024-05-01,Persistence,9,624154.0,629892.0
3,Gulf Coast,2024-06-01,Persistence,9,613406.0,624154.0
3,Gulf Coast,2024-07-01,Persistence,9,614415.0,613406.0
3,Gulf Coast,2022-11-01,Physical level MLR,9,615091.0,599908.1755681676
3,Gulf Coast,2022-12-01,Physical level MLR,9,627659.0,604773.9315424995
3,Gulf Coast,2023-01-01,Physical level MLR,9,634789.0,622435.9055653837
3,Gulf Coast,2023-02-01,Physical level MLR,9,632979.0,626150.1190140471
3,Gulf Coast,2023-03-01,Physical level MLR,9,616409.0,619381.9797952108
3,Gulf Coast,2023-04-01,Physical level MLR,9,604090.0,601440.3142323165
3,Gulf Coast,2023-05-01,Physical level MLR,9,593587.0,589546.284622564
3,Gulf Coast,2023-06-01,Physical level MLR,9,591983.0,579968.1191987945
3,Gulf Coast,2023-07-01,Physical level MLR,9,582019.0,577683.7120658689
3,Gulf Coast,2023-08-01,Physical level MLR,9,589125.0,565274.125366662
3,Gulf Coast,2023-09-01,Physical level MLR,9,595213.0,576452.1338247012
3,Gulf Coast,2023-10-01,Physical level MLR,9,599648.0,583591.0172177778
3,Gulf Coast,2023-11-01,Physical level MLR,9,582167.0,588686.361806228
3,Gulf Coast,2023-12-01,Physical level MLR,9,598600.0,563550.8822727065
3,Gulf Coast,2024-01-01,Physical level MLR,9,608050.0,587190.393209582
3,Gulf Coast,2024-02-01,Physical level MLR,9,609462.0,597140.6980978426
3,Gulf Coast,2024-03-01,Physical level MLR,9,629996.0,595776.1612892868
3,Gulf Coast,2024-04-01,Physical level MLR,9,629892.0,620435.1439086862
3,Gulf Coast,2024-05-01,Physical level MLR,9,624154.0,616540.9856251485
3,Gulf Coast,2024-06-01,Physical level MLR,9,613406.0,611125.2154756037
3,Gulf Coast,2024-07-01,Physical level MLR,9,614415.0,599245.5210010925
3,Gulf Coast,2022-11-01,Change MLR,9,615091.0,602620.5913945949
3,Gulf Coast,2022-12-01,Change MLR,9,627659.0,607324.9817935962
3,Gulf Coast,2023-01-01,Change MLR,9,634789.0,623803.5330982291
3,Gulf Coast,2023-02-01,Change MLR,9,632979.0,631420.8199984769
3,Gulf Coast,2023-03-01,Change MLR,9,616409.0,624227.0751674786
3,Gulf Coast,2023-04-01,Change MLR,9,604090.0,603687.2526252798
3,Gulf Coast,2023-05-01,Change MLR,9,593587.0,592616.6750662116
3,Gulf Coast,2023-06-01,Change MLR,9,591983.0,582884.2316871168
3,Gulf Coast,2023-07-01,Change MLR,9,582019.0,583773.5083878938
3,Gulf Coast,2023-08-01,Change MLR,9,589125.0,570221.3345772243
3,Gulf Coast,2023-09-01,Change MLR,9,595213.0,584342.9123675696
3,Gulf Coast,2023-10-01,Change MLR,9,599648.0,589315.0845391836
3,Gulf Coast,2023-11-01,Change MLR,9,582167.0,593895.3530993095
3,Gulf Coast,2023-12-01,Change MLR,9,598600.0,567255.645036938
3,Gulf Coast,2024-01-01,Change MLR,9,608050.0,597988.2119167715
3,Gulf Coast,2024-02-01,Change MLR,9,609462.0,604083.4587446586
3,Gulf Coast,2024-03-01,Change MLR,9,629996.0,602060.194150736
3,Gulf Coast,2024-04-01,Change MLR,9,629892.0,630189.8121964906
3,Gulf Coast,2024-05-01,Change MLR,9,624154.0,621109.81814804
3,Gulf Coast,2024-06-01,Change MLR,9,613406.0,614088.6075813491
3,Gulf Coast,2024-07-01,Change MLR,9,614415.0,600596.8291799126
3,Gulf Coast,2022-11-01,Seasonal ridge MLR,9,615091.0,607081.5135604206
3,Gulf Coast,2022-12-01,Seasonal ridge MLR,9,627659.0,612617.9013724505
3,Gulf Coast,2023-01-01,Seasonal ridge MLR,9,634789.0,629842.3790929797
3,Gulf Coast,2023-02-01,Seasonal ridge MLR,9,632979.0,634520.9488254576
3,Gulf Coast,2023-03-01,Seasonal ridge MLR,9,616409.0,627870.3232267213
3,Gulf Coast,2023-04-01,Seasonal ridge MLR,9,604090.0,606030.435277631
3,Gulf Coast,2023-05-01,Seasonal ridge MLR,9,593587.0,593094.304577856
3,Gulf Coast,2023-06-01,Seasonal ridge MLR,9,591983.0,581441.3904702228
3,Gulf Coast,2023-07-01,Seasonal ridge MLR,9,582019.0,581398.7757197714
3,Gulf Coast,2023-08-01,Seasonal ridge MLR,9,589125.0,569040.2876909116
3,Gulf Coast,2023-09-01,Seasonal ridge MLR,9,595213.0,582804.0794232609
3,Gulf Coast,2023-10-01,Seasonal ridge MLR,9,599648.0,590407.3136157756
3,Gulf Coast,2023-11-01,Seasonal ridge MLR,9,582167.0,597240.0596108756
3,Gulf Coast,2023-12-01,Seasonal ridge MLR,9,598600.0,574551.1748129925
3,Gulf Coast,2024-01-01,Seasonal ridge MLR,9,608050.0,601212.5856349524
3,Gulf Coast,2024-02-01,Seasonal ridge MLR,9,609462.0,607424.8453831456
3,Gulf Coast,2024-03-01,Seasonal ridge MLR,9,629996.0,605550.0821933983
3,Gulf Coast,2024-04-01,Seasonal ridge MLR,9,629892.0,629433.3315913641
3,Gulf Coast,2024-05-01,Seasonal ridge MLR,9,624154.0,621367.6742546747
3,Gulf Coast,2024-06-01,Seasonal ridge MLR,9,613406.0,612867.5049950349
3,Gulf Coast,2024-07-01,Seasonal ridge MLR,9,614415.0,599789.5522069841
3,Gulf Coast,2022-11-01,Polynomial ridge (degree 2),9,615091.0,579790.2466534296
3,Gulf Coast,2022-12-01,Polynomial ridge (degree 2),9,627659.0,592214.957796875
3,Gulf Coast,2023-01-01,Polynomial ridge (degree 2),9,634789.0,616614.7225198586
3,Gulf Coast,2023-02-01,Polynomial ridge (degree 2),9,632979.0,620428.7741176293
3,Gulf Coast,2023-03-01,Polynomial ridge (degree 2),9,616409.0,610428.5634229692
3,Gulf Coast,2023-04-01,Polynomial ridge (degree 2),9,604090.0,584931.4731058461
3,Gulf Coast,2023-05-01,Polynomial ridge (degree 2),9,593587.0,572384.7620771211
3,Gulf Coast,2023-06-01,Polynomial ridge (degree 2),9,591983.0,562425.3693504807
3,Gulf Coast,2023-07-01,Polynomial ridge (degree 2),9,582019.0,563074.7768964681
3,Gulf Coast,2023-08-01,Polynomial ridge (degree 2),9,589125.0,546369.5480414516
3,Gulf Coast,2023-09-01,Polynomial ridge (degree 2),9,595213.0,565026.8979871218
3,Gulf Coast,2023-10-01,Polynomial ridge (degree 2),9,599648.0,571782.7131459094
3,Gulf Coast,2023-11-01,Polynomial ridge (degree 2),9,582167.0,576649.4068757821
3,Gulf Coast,2023-12-01,Polynomial ridge (degree 2),9,598600.0,542032.2033734311
3,Gulf Coast,2024-01-01,Polynomial ridge (degree 2),9,608050.0,580863.6084316866
3,Gulf Coast,2024-02-01,Polynomial ridge (degree 2),9,609462.0,589461.8294980251
3,Gulf Coast,2024-03-01,Polynomial ridge (degree 2),9,629996.0,584300.12120697
3,Gulf Coast,2024-04-01,Polynomial ridge (degree 2),9,629892.0,620151.0680584435
3,Gulf Coast,2024-05-01,Polynomial ridge (degree 2),9,624154.0,608246.5049477192
3,Gulf Coast,2024-06-01,Polynomial ridge (degree 2),9,613406.0,599390.0963160241
3,Gulf Coast,2024-07-01,Polynomial ridge (degree 2),9,614415.0,584269.7537071953
3,Gulf Coast,2022-11-01,Spline ridge (4 knots),9,615091.0,600287.6227607988
3,Gulf Coast,2022-12-01,Spline ridge (4 knots),9,627659.0,611768.6800576921
3,Gulf Coast,2023-01-01,Spline ridge (4 knots),9,634789.0,630526.3604638902
3,Gulf Coast,2023-02-01,Spline ridge (4 knots),9,632979.0,634897.447573939
3,Gulf Coast,2023-03-01,Spline ridge (4 knots),9,616409.0,628412.2131233552
3,Gulf Coast,2023-04-01,Spline ridge (4 knots),9,604090.0,607330.6457326044
3,Gulf Coast,2023-05-01,Spline ridge (4 knots),9,593587.0,597223.9021721556
3,Gulf Coast,2023-06-01,Spline ridge (4 knots),9,591983.0,588099.5959540511
3,Gulf Coast,2023-07-01,Spline ridge (4 knots),9,582019.0,587671.2821130855
3,Gulf Coast,2023-08-01,Spline ridge (4 knots),9,589125.0,575434.820291716
3,Gulf Coast,2023-09-01,Spline ridge (4 knots),9,595213.0,588090.2603263875
3,Gulf Coast,2023-10-01,Spline ridge (4 knots),9,599648.0,593857.6258069181
3,Gulf Coast,2023-11-01,Spline ridge (4 knots),9,582167.0,597935.9114707602
3,Gulf Coast,2023-12-01,Spline ridge (4 knots),9,598600.0,572015.5820063599
3,Gulf Coast,2024-01-01,Spline ridge (4 knots),9,608050.0,600819.4250490717
3,Gulf Coast,2024-02-01,Spline ridge (4 knots),9,609462.0,608482.6900844575
3,Gulf Coast,2024-03-01,Spline ridge (4 knots),9,629996.0,605605.8404050058
3,Gulf Coast,2024-04-01,Spline ridge (4 knots),9,629892.0,633149.552832627
3,Gulf Coast,2024-05-01,Spline ridge (4 knots),9,624154.0,626108.5362696429
3,Gulf Coast,2024-06-01,Spline ridge (4 knots),9,613406.0,619223.7298555209
3,Gulf Coast,2024-07-01,Spline ridge (4 knots),9,614415.0,607231.9950916967
3,Gulf Coast,2024-08-01,Persistence,10,616735.0,614415.0
3,Gulf Coast,2024-09-01,Persistence,10,628939.0,616735.0
3,Gulf Coast,2024-10-01,Persistence,10,624167.0,628939.0
3,Gulf Coast,2024-11-01,Persistence,10,621631.0,624167.0
3,Gulf Coast,2024-12-01,Persistence,10,629758.0,621631.0
3,Gulf Coast,2025-01-01,Persistence,10,636603.0,629758.0
3,Gulf Coast,2025-02-01,Persistence,10,642891.0,636603.0
3,Gulf Coast,2025-03-01,Persistence,10,644388.0,642891.0
3,Gulf Coast,2025-04-01,Persistence,10,642323.0,644388.0
3,Gulf Coast,2025-05-01,Persistence,10,632950.0,642323.0
3,Gulf Coast,2025-06-01,Persistence,10,644270.0,632950.0
3,Gulf Coast,2025-07-01,Persistence,10,640338.0,644270.0
3,Gulf Coast,2025-08-01,Persistence,10,637300.0,640338.0
3,Gulf Coast,2025-09-01,Persistence,10,644610.0,637300.0
3,Gulf Coast,2025-10-01,Persistence,10,651840.0,644610.0
3,Gulf Coast,2025-11-01,Persistence,10,641399.0,651840.0
3,Gulf Coast,2025-12-01,Persistence,10,639513.0,641399.0
3,Gulf Coast,2026-01-01,Persistence,10,665153.0,639513.0
3,Gulf Coast,2026-02-01,Persistence,10,675361.0,665153.0
3,Gulf Coast,2026-03-01,Persistence,10,653282.0,675361.0
3,Gulf Coast,2026-04-01,Persistence,10,599784.0,653282.0
3,Gulf Coast,2024-08-01,Physical level MLR,10,616735.0,613549.7163038533
3,Gulf Coast,2024-09-01,Physical level MLR,10,628939.0,618646.3862819894
3,Gulf Coast,2024-10-01,Physical level MLR,10,624167.0,630367.1933822435
3,Gulf Coast,2024-11-01,Physical level MLR,10,621631.0,619396.8670097576
3,Gulf Coast,2024-12-01,Physical level MLR,10,629758.0,620514.0791751441
3,Gulf Coast,2025-01-01,Physical level MLR,10,636603.0,632896.8273157448
3,Gulf Coast,2025-02-01,Physical level MLR,10,642891.0,637957.480888958
3,Gulf Coast,2025-03-01,Physical level MLR,10,644388.0,641843.5543183507
3,Gulf Coast,2025-04-01,Physical level MLR,10,642323.0,643337.5416253692
3,Gulf Coast,2025-05-01,Physical level MLR,10,632950.0,642456.6475694848
3,Gulf Coast,2025-06-01,Physical level MLR,10,644270.0,634152.113813403
3,Gulf Coast,2025-07-01,Physical level MLR,10,640338.0,649382.5491492726
3,Gulf Coast,2025-08-01,Physical level MLR,10,637300.0,642141.5554747817
3,Gulf Coast,2025-09-01,Physical level MLR,10,644610.0,638396.072895259
3,Gulf Coast,2025-10-01,Physical level MLR,10,651840.0,646411.758894126
3,Gulf Coast,2025-11-01,Physical level MLR,10,641399.0,654001.1362461948
3,Gulf Coast,2025-12-01,Physical level MLR,10,639513.0,638497.420438837
3,Gulf Coast,2026-01-01,Physical level MLR,10,665153.0,640826.3273130843
3,Gulf Coast,2026-02-01,Physical level MLR,10,675361.0,668093.5296427972
3,Gulf Coast,2026-03-01,Physical level MLR,10,653282.0,676420.907430842
3,Gulf Coast,2026-04-01,Physical level MLR,10,599784.0,642219.4030024221
3,Gulf Coast,2024-08-01,Change MLR,10,616735.0,611008.7074643566
3,Gulf Coast,2024-09-01,Change MLR,10,628939.0,614002.2627476009
3,Gulf Coast,2024-10-01,Change MLR,10,624167.0,629376.4855214411
3,Gulf Coast,2024-11-01,Change MLR,10,621631.0,619308.090038133
3,Gulf Coast,2024-12-01,Change MLR,10,629758.0,617048.6525316369
3,Gulf Coast,2025-01-01,Change MLR,10,636603.0,628714.7467800182
3,Gulf Coast,2025-02-01,Change MLR,10,642891.0,636020.9476144589
3,Gulf Coast,2025-03-01,Change MLR,10,644388.0,641415.8541551555
3,Gulf Coast,2025-04-01,Change MLR,10,642323.0,641573.1259255883
3,Gulf Coast,2025-05-01,Change MLR,10,632950.0,637820.7206092477
3,Gulf Coast,2025-06-01,Change MLR,10,644270.0,625667.0397335485
3,Gulf Coast,2025-07-01,Change MLR,10,640338.0,644041.7111498736
3,Gulf Coast,2025-08-01,Change MLR,10,637300.0,634325.5784079231
3,Gulf Coast,2025-09-01,Change MLR,10,644610.0,631903.5514398259
3,Gulf Coast,2025-10-01,Change MLR,10,651840.0,642744.6148526728
3,Gulf Coast,2025-11-01,Change MLR,10,641399.0,650514.5716728874
3,Gulf Coast,2025-12-01,Change MLR,10,639513.0,633757.9299685385
3,Gulf Coast,2026-01-01,Change MLR,10,665153.0,634560.3751469413
3,Gulf Coast,2026-02-01,Change MLR,10,675361.0,670963.4785502569
3,Gulf Coast,2026-03-01,Change MLR,10,653282.0,674592.343113856
3,Gulf Coast,2026-04-01,Change MLR,10,599784.0,641564.6081941293
3,Gulf Coast,2024-08-01,Seasonal ridge MLR,10,616735.0,608279.2316474486
3,Gulf Coast,2024-09-01,Seasonal ridge MLR,10,628939.0,612515.1988370516
3,Gulf Coast,2024-10-01,Seasonal ridge MLR,10,624167.0,629695.6155697511
3,Gulf Coast,2024-11-01,Seasonal ridge MLR,10,621631.0,622667.9469465477
3,Gulf Coast,2024-12-01,Seasonal ridge MLR,10,629758.0,622715.4576827011
3,Gulf Coast,2025-01-01,Seasonal ridge MLR,10,636603.0,633163.336212157
3,Gulf Coast,2025-02-01,Seasonal ridge MLR,10,642891.0,638243.5432447734
3,Gulf Coast,2025-03-01,Seasonal ridge MLR,10,644388.0,643597.9147542123
3,Gulf Coast,2025-04-01,Seasonal ridge MLR,10,642323.0,641759.8236093484
3,Gulf Coast,2025-05-01,Seasonal ridge MLR,10,632950.0,636812.7212201589
3,Gulf Coast,2025-06-01,Seasonal ridge MLR,10,644270.0,623806.1757517811
3,Gulf Coast,2025-07-01,Seasonal ridge MLR,10,640338.0,640227.111516697
3,Gulf Coast,2025-08-01,Seasonal ridge MLR,10,637300.0,632799.5503652811
3,Gulf Coast,2025-09-01,Seasonal ridge MLR,10,644610.0,631230.456613776
3,Gulf Coast,2025-10-01,Seasonal ridge MLR,10,651840.0,643288.5910011556
3,Gulf Coast,2025-11-01,Seasonal ridge MLR,10,641399.0,653450.4609190031
3,Gulf Coast,2025-12-01,Seasonal ridge MLR,10,639513.0,640078.1491225453
3,Gulf Coast,2026-01-01,Seasonal ridge MLR,10,665153.0,640683.1588815192
3,Gulf Coast,2026-02-01,Seasonal ridge MLR,10,675361.0,672113.1384757545
3,Gulf Coast,2026-03-01,Seasonal ridge MLR,10,653282.0,677377.8102522559
3,Gulf Coast,2026-04-01,Seasonal ridge MLR,10,599784.0,643616.731382062
3,Gulf Coast,2024-08-01,Polynomial ridge (degree 2),10,616735.0,613890.6790486466
3,Gulf Coast,2024-09-01,Polynomial ridge (degree 2),10,628939.0,617894.8889091146
3,Gulf Coast,2024-10-01,Polynomial ridge (degree 2),10,624167.0,632891.664872936
3,Gulf Coast,2024-11-01,Polynomial ridge (degree 2),10,621631.0,620486.3288129225
3,Gulf Coast,2024-12-01,Polynomial ridge (degree 2),10,629758.0,619681.5350964805
3,Gulf Coast,2025-01-01,Polynomial ridge (degree 2),10,636603.0,632897.9760659734
3,Gulf Coast,2025-02-01,Polynomial ridge (degree 2),10,642891.0,638961.2865164172
3,Gulf Coast,2025-03-01,Polynomial ridge (degree 2),10,644388.0,644044.7889860789
3,Gulf Coast,2025-04-01,Polynomial ridge (degree 2),10,642323.0,643750.7997107089
3,Gulf Coast,2025-05-01,Polynomial ridge (degree 2),10,632950.0,640577.1440879686
3,Gulf Coast,2025-06-01,Polynomial ridge (degree 2),10,644270.0,629324.2610218973
3,Gulf Coast,2025-07-01,Polynomial ridge (degree 2),10,640338.0,648247.1697424437
3,Gulf Coast,2025-08-01,Polynomial ridge (degree 2),10,637300.0,638637.7250074272
3,Gulf Coast,2025-09-01,Polynomial ridge (degree 2),10,644610.0,635887.0590347847
3,Gulf Coast,2025-10-01,Polynomial ridge (degree 2),10,651840.0,646609.4880024878
3,Gulf Coast,2025-11-01,Polynomial ridge (degree 2),10,641399.0,653850.0108323535
3,Gulf Coast,2025-12-01,Polynomial ridge (degree 2),10,639513.0,635279.7704802301
3,Gulf Coast,2026-01-01,Polynomial ridge (degree 2),10,665153.0,638710.0339829164
3,Gulf Coast,2026-02-01,Polynomial ridge (degree 2),10,675361.0,673573.1986959655
3,Gulf Coast,2026-03-01,Polynomial ridge (degree 2),10,653282.0,678224.4849451976
3,Gulf Coast,2026-04-01,Polynomial ridge (degree 2),10,599784.0,639699.6399475208
3,Gulf Coast,2024-08-01,Spline ridge (4 knots),10,616735.0,612299.9090332458
3,Gulf Coast,2024-09-01,Spline ridge (4 knots),10,628939.0,614844.0282164516
3,Gulf Coast,2024-10-01,Spline ridge (4 knots),10,624167.0,630597.8420741144
3,Gulf Coast,2024-11-01,Spline ridge (4 knots),10,621631.0,621682.9529757742
3,Gulf Coast,2024-12-01,Spline ridge (4 knots),10,629758.0,618740.5469793923
3,Gulf Coast,2025-01-01,Spline ridge (4 knots),10,636603.0,630016.3668777719
3,Gulf Coast,2025-02-01,Spline ridge (4 knots),10,642891.0,636194.8446456925
3,Gulf Coast,2025-03-01,Spline ridge (4 knots),10,644388.0,642381.3735145967
3,Gulf Coast,2025-04-01,Spline ridge (4 knots),10,642323.0,642403.557795109
3,Gulf Coast,2025-05-01,Spline ridge (4 knots),10,632950.0,639393.0606976647
3,Gulf Coast,2025-06-01,Spline ridge (4 knots),10,644270.0,628761.0738317865
3,Gulf Coast,2025-07-01,Spline ridge (4 knots),10,640338.0,645873.5991599523
3,Gulf Coast,2025-08-01,Spline ridge (4 knots),10,637300.0,636898.9679212326
3,Gulf Coast,2025-09-01,Spline ridge (4 knots),10,644610.0,634025.3920907552
3,Gulf Coast,2025-10-01,Spline ridge (4 knots),10,651840.0,644276.3439416522
3,Gulf Coast,2025-11-01,Spline ridge (4 knots),10,641399.0,651480.5680911017
3,Gulf Coast,2025-12-01,Spline ridge (4 knots),10,639513.0,638260.1235083012
3,Gulf Coast,2026-01-01,Spline ridge (4 knots),10,665153.0,636493.030578929
3,Gulf Coast,2026-02-01,Spline ridge (4 knots),10,675361.0,668634.5310091915
3,Gulf Coast,2026-03-01,Spline ridge (4 knots),10,653282.0,676209.5265249826
3,Gulf Coast,2026-04-01,Spline ridge (4 knots),10,599784.0,645504.5218579066
4,Rocky Mountain,2008-11-01,Persistence,1,12452.0,12967.0
4,Rocky Mountain,2008-12-01,Persistence,1,12274.0,12452.0
4,Rocky Mountain,2009-01-01,Persistence,1,12795.0,12274.0
4,Rocky Mountain,2009-02-01,Persistence,1,14186.0,12795.0
4,Rocky Mountain,2009-03-01,Persistence,1,15285.0,14186.0
4,Rocky Mountain,2009-04-01,Persistence,1,15390.0,15285.0
4,Rocky Mountain,2009-05-01,Persistence,1,14879.0,15390.0
4,Rocky Mountain,2009-06-01,Persistence,1,14399.0,14879.0
4,Rocky Mountain,2009-07-01,Persistence,1,13931.0,14399.0
4,Rocky Mountain,2009-08-01,Persistence,1,13683.0,13931.0
4,Rocky Mountain,2009-09-01,Persistence,1,13985.0,13683.0
4,Rocky Mountain,2009-10-01,Persistence,1,14250.0,13985.0
4,Rocky Mountain,2009-11-01,Persistence,1,13599.0,14250.0
4,Rocky Mountain,2009-12-01,Persistence,1,13577.0,13599.0
4,Rocky Mountain,2010-01-01,Persistence,1,13164.0,13577.0
4,Rocky Mountain,2010-02-01,Persistence,1,14424.0,13164.0
4,Rocky Mountain,2010-03-01,Persistence,1,15254.0,14424.0
4,Rocky Mountain,2010-04-01,Persistence,1,16047.0,15254.0
4,Rocky Mountain,2010-05-01,Persistence,1,14708.0,16047.0
4,Rocky Mountain,2010-06-01,Persistence,1,13983.0,14708.0
4,Rocky Mountain,2010-07-01,Persistence,1,14392.0,13983.0
4,Rocky Mountain,2008-11-01,Physical level MLR,1,12452.0,13022.220713806928
4,Rocky Mountain,2008-12-01,Physical level MLR,1,12274.0,12959.721084026969
4,Rocky Mountain,2009-01-01,Physical level MLR,1,12795.0,12584.124346158436
4,Rocky Mountain,2009-02-01,Physical level MLR,1,14186.0,12878.670388270159
4,Rocky Mountain,2009-03-01,Physical level MLR,1,15285.0,13576.950514598866
4,Rocky Mountain,2009-04-01,Physical level MLR,1,15390.0,13992.694617881654
4,Rocky Mountain,2009-05-01,Physical level MLR,1,14879.0,13247.614160887939
4,Rocky Mountain,2009-06-01,Physical level MLR,1,14399.0,12996.647768426159
4,Rocky Mountain,2009-07-01,Physical level MLR,1,13931.0,12776.975460691652
4,Rocky Mountain,2009-08-01,Physical level MLR,1,13683.0,12478.100628878914
4,Rocky Mountain,2009-09-01,Physical level MLR,1,13985.0,12562.162742830387
4,Rocky Mountain,2009-10-01,Physical level MLR,1,14250.0,12963.676742754527
4,Rocky Mountain,2009-11-01,Physical level MLR,1,13599.0,13003.736089356655
4,Rocky Mountain,2009-12-01,Physical level MLR,1,13577.0,13556.137022373834
4,Rocky Mountain,2010-01-01,Physical level MLR,1,13164.0,12869.741097791326
4,Rocky Mountain,2010-02-01,Physical level MLR,1,14424.0,13129.727633273676
4,Rocky Mountain,2010-03-01,Physical level MLR,1,15254.0,13846.581316545205
4,Rocky Mountain,2010-04-01,Physical level MLR,1,16047.0,13542.5501885509
4,Rocky Mountain,2010-05-01,Physical level MLR,1,14708.0,13869.505921192413
4,Rocky Mountain,2010-06-01,Physical level MLR,1,13983.0,12882.059346505961
4,Rocky Mountain,2010-07-01,Physical level MLR,1,14392.0,12546.755451597903
4,Rocky Mountain,2008-11-01,Change MLR,1,12452.0,13160.457732931172
4,Rocky Mountain,2008-12-01,Change MLR,1,12274.0,12570.125958960325
4,Rocky Mountain,2009-01-01,Change MLR,1,12795.0,12471.559572713832
4,Rocky Mountain,2009-02-01,Change MLR,1,14186.0,13550.887976992726
4,Rocky Mountain,2009-03-01,Change MLR,1,15285.0,14563.157154420187
4,Rocky Mountain,2009-04-01,Change MLR,1,15390.0,16213.709873552329
4,Rocky Mountain,2009-05-01,Change MLR,1,14879.0,15638.460907516439
4,Rocky Mountain,2009-06-01,Change MLR,1,14399.0,15030.312934010717
4,Rocky Mountain,2009-07-01,Change MLR,1,13931.0,14311.766431713568
4,Rocky Mountain,2009-08-01,Change MLR,1,13683.0,14005.145660300845
4,Rocky Mountain,2009-09-01,Change MLR,1,13985.0,14184.949730889664
4,Rocky Mountain,2009-10-01,Change MLR,1,14250.0,14331.91363048441
4,Rocky Mountain,2009-11-01,Change MLR,1,13599.0,14844.417932478176
4,Rocky Mountain,2009-12-01,Change MLR,1,13577.0,14313.565469253215
4,Rocky Mountain,2010-01-01,Change MLR,1,13164.0,14288.5978209623
4,Rocky Mountain,2010-02-01,Change MLR,1,14424.0,14209.670700900646
4,Rocky Mountain,2010-03-01,Change MLR,1,15254.0,15038.45399322086
4,Rocky Mountain,2010-04-01,Change MLR,1,16047.0,15823.395640486404
4,Rocky Mountain,2010-05-01,Change MLR,1,14708.0,16405.166681310104
4,Rocky Mountain,2010-06-01,Change MLR,1,13983.0,14885.010946129558
4,Rocky Mountain,2010-07-01,Change MLR,1,14392.0,14027.40484840733
4,Rocky Mountain,2008-11-01,Seasonal ridge MLR,1,12452.0,12929.502248623763
4,Rocky Mountain,2008-12-01,Seasonal ridge MLR,1,12274.0,12408.036419078264
4,Rocky Mountain,2009-01-01,Seasonal ridge MLR,1,12795.0,12160.67733521323
4,Rocky Mountain,2009-02-01,Seasonal ridge MLR,1,14186.0,13247.625663541801
4,Rocky Mountain,2009-03-01,Seasonal ridge MLR,1,15285.0,14354.308095773704
4,Rocky Mountain,2009-04-01,Seasonal ridge MLR,1,15390.0,16005.477500962721
4,Rocky Mountain,2009-05-01,Seasonal ridge MLR,1,14879.0,15567.739839117228
4,Rocky Mountain,2009-06-01,Seasonal ridge MLR,1,14399.0,15117.98097683279
4,Rocky Mountain,2009-07-01,Seasonal ridge MLR,1,13931.0,14438.38564510661
4,Rocky Mountain,2009-08-01,Seasonal ridge MLR,1,13683.0,13964.425958191408
4,Rocky Mountain,2009-09-01,Seasonal ridge MLR,1,13985.0,13946.85025389481
4,Rocky Mountain,2009-10-01,Seasonal ridge MLR,1,14250.0,14054.506132520326
4,Rocky Mountain,2009-11-01,Seasonal ridge MLR,1,13599.0,14420.373228586312
4,Rocky Mountain,2009-12-01,Seasonal ridge MLR,1,13577.0,14097.089939203614
4,Rocky Mountain,2010-01-01,Seasonal ridge MLR,1,13164.0,13837.563394674507
4,Rocky Mountain,2010-02-01,Seasonal ridge MLR,1,14424.0,13980.220747755306
4,Rocky Mountain,2010-03-01,Seasonal ridge MLR,1,15254.0,14822.664916212
4,Rocky Mountain,2010-04-01,Seasonal ridge MLR,1,16047.0,15650.005878403794
4,Rocky Mountain,2010-05-01,Seasonal ridge MLR,1,14708.0,16335.260595078915
4,Rocky Mountain,2010-06-01,Seasonal ridge MLR,1,13983.0,14991.369978031278
4,Rocky Mountain,2010-07-01,Seasonal ridge MLR,1,14392.0,14031.34581555699
4,Rocky Mountain,2008-11-01,Polynomial ridge (degree 2),1,12452.0,12947.004903286237
4,Rocky Mountain,2008-12-01,Polynomial ridge (degree 2),1,12274.0,12615.869937270474
4,Rocky Mountain,2009-01-01,Polynomial ridge (degree 2),1,12795.0,12449.735390843194
4,Rocky Mountain,2009-02-01,Polynomial ridge (degree 2),1,14186.0,12889.658291013047
4,Rocky Mountain,2009-03-01,Polynomial ridge (degree 2),1,15285.0,13828.305558118
4,Rocky Mountain,2009-04-01,Polynomial ridge (degree 2),1,15390.0,14034.603953178697
4,Rocky Mountain,2009-05-01,Polynomial ridge (degree 2),1,14879.0,13515.126722767014
4,Rocky Mountain,2009-06-01,Polynomial ridge (degree 2),1,14399.0,13325.837591043477
4,Rocky Mountain,2009-07-01,Polynomial ridge (degree 2),1,13931.0,13373.784877820392
4,Rocky Mountain,2009-08-01,Polynomial ridge (degree 2),1,13683.0,13227.983579711688
4,Rocky Mountain,2009-09-01,Polynomial ridge (degree 2),1,13985.0,13148.65056379366
4,Rocky Mountain,2009-10-01,Polynomial ridge (degree 2),1,14250.0,13490.441343059505
4,Rocky Mountain,2009-11-01,Polynomial ridge (degree 2),1,13599.0,13514.626744585776
4,Rocky Mountain,2009-12-01,Polynomial ridge (degree 2),1,13577.0,13175.875096311594
4,Rocky Mountain,2010-01-01,Polynomial ridge (degree 2),1,13164.0,13157.639063418012
4,Rocky Mountain,2010-02-01,Polynomial ridge (degree 2),1,14424.0,12976.61991794048
4,Rocky Mountain,2010-03-01,Polynomial ridge (degree 2),1,15254.0,13909.576620715046
4,Rocky Mountain,2010-04-01,Polynomial ridge (degree 2),1,16047.0,13910.841442347304
4,Rocky Mountain,2010-05-01,Polynomial ridge (degree 2),1,14708.0,13824.490294163732
4,Rocky Mountain,2010-06-01,Polynomial ridge (degree 2),1,13983.0,12893.433208314598
4,Rocky Mountain,2010-07-01,Polynomial ridge (degree 2),1,14392.0,13098.530485519546
4,Rocky Mountain,2008-11-01,Spline ridge (4 knots),1,12452.0,13049.644363399524
4,Rocky Mountain,2008-12-01,Spline ridge (4 knots),1,12274.0,12630.573957144079
4,Rocky Mountain,2009-01-01,Spline ridge (4 knots),1,12795.0,12260.113747348503
4,Rocky Mountain,2009-02-01,Spline ridge (4 knots),1,14186.0,12762.997565799402
4,Rocky Mountain,2009-03-01,Spline ridge (4 knots),1,15285.0,14293.399719075274
4,Rocky Mountain,2009-04-01,Spline ridge (4 knots),1,15390.0,15247.411423748781
4,Rocky Mountain,2009-05-01,Spline ridge (4 knots),1,14879.0,15368.379796701603
4,Rocky Mountain,2009-06-01,Spline ridge (4 knots),1,14399.0,14899.600344554
4,Rocky Mountain,2009-07-01,Spline ridge (4 knots),1,13931.0,14514.65286843451
4,Rocky Mountain,2009-08-01,Spline ridge (4 knots),1,13683.0,13937.28557741673
4,Rocky Mountain,2009-09-01,Spline ridge (4 knots),1,13985.0,13775.877112388507
4,Rocky Mountain,2009-10-01,Spline ridge (4 knots),1,14250.0,13932.954138542165
4,Rocky Mountain,2009-11-01,Spline ridge (4 knots),1,13599.0,14209.363786363452
4,Rocky Mountain,2009-12-01,Spline ridge (4 knots),1,13577.0,13780.469622269125
4,Rocky Mountain,2010-01-01,Spline ridge (4 knots),1,13164.0,13642.46196977345
4,Rocky Mountain,2010-02-01,Spline ridge (4 knots),1,14424.0,13158.823325629905
4,Rocky Mountain,2010-03-01,Spline ridge (4 knots),1,15254.0,14496.663627467875
4,Rocky Mountain,2010-04-01,Spline ridge (4 knots),1,16047.0,15186.381340293345
4,Rocky Mountain,2010-05-01,Spline ridge (4 knots),1,14708.0,16006.257579723291
4,Rocky Mountain,2010-06-01,Spline ridge (4 knots),1,13983.0,14864.587409220627
4,Rocky Mountain,2010-07-01,Spline ridge (4 knots),1,14392.0,14137.283718650304
4,Rocky Mountain,2010-08-01,Persistence,2,13918.0,14392.0
4,Rocky Mountain,2010-09-01,Persistence,2,14569.0,13918.0
4,Rocky Mountain,2010-10-01,Persistence,2,14688.0,14569.0
4,Rocky Mountain,2010-11-01,Persistence,2,13986.0,14688.0
4,Rocky Mountain,2010-12-01,Persistence,2,14224.0,13986.0
4,Rocky Mountain,2011-01-01,Persistence,2,14082.0,14224.0
4,Rocky Mountain,2011-02-01,Persistence,2,13120.0,14082.0
4,Rocky Mountain,2011-03-01,Persistence,2,13940.0,13120.0
4,Rocky Mountain,2011-04-01,Persistence,2,13116.0,13940.0
4,Rocky Mountain,2011-05-01,Persistence,2,12758.0,13116.0
4,Rocky Mountain,2011-06-01,Persistence,2,12979.0,12758.0
4,Rocky Mountain,2011-07-01,Persistence,2,13366.0,12979.0
4,Rocky Mountain,2011-08-01,Persistence,2,14842.0,13366.0
4,Rocky Mountain,2011-09-01,Persistence,2,14335.0,14842.0
4,Rocky Mountain,2011-10-01,Persistence,2,13555.0,14335.0
4,Rocky Mountain,2011-11-01,Persistence,2,13699.0,13555.0
4,Rocky Mountain,2011-12-01,Persistence,2,15398.0,13699.0
4,Rocky Mountain,2012-01-01,Persistence,2,15039.0,15398.0
4,Rocky Mountain,2012-02-01,Persistence,2,14837.0,15039.0
4,Rocky Mountain,2012-03-01,Persistence,2,15510.0,14837.0
4,Rocky Mountain,2012-04-01,Persistence,2,15664.0,15510.0
4,Rocky Mountain,2010-08-01,Physical level MLR,2,13918.0,14152.223671808448
4,Rocky Mountain,2010-09-01,Physical level MLR,2,14569.0,13461.571227528506
4,Rocky Mountain,2010-10-01,Physical level MLR,2,14688.0,14356.568692773715
4,Rocky Mountain,2010-11-01,Physical level MLR,2,13986.0,14500.928740072986
4,Rocky Mountain,2010-12-01,Physical level MLR,2,14224.0,13982.801479025919
4,Rocky Mountain,2011-01-01,Physical level MLR,2,14082.0,14198.314325566
4,Rocky Mountain,2011-02-01,Physical level MLR,2,13120.0,14367.000197222034
4,Rocky Mountain,2011-03-01,Physical level MLR,2,13940.0,10838.51791630198
4,Rocky Mountain,2011-04-01,Physical level MLR,2,13116.0,14417.639989058756
4,Rocky Mountain,2011-05-01,Physical level MLR,2,12758.0,12915.30978371927
4,Rocky Mountain,2011-06-01,Physical level MLR,2,12979.0,12696.548428218633
4,Rocky Mountain,2011-07-01,Physical level MLR,2,13366.0,13061.956255449568
4,Rocky Mountain,2011-08-01,Physical level MLR,2,14842.0,13258.531742974836
4,Rocky Mountain,2011-09-01,Physical level MLR,2,14335.0,15041.291970304586
4,Rocky Mountain,2011-10-01,Physical level MLR,2,13555.0,13889.652075801847
4,Rocky Mountain,2011-11-01,Physical level MLR,2,13699.0,13450.230981393364
4,Rocky Mountain,2011-12-01,Physical level MLR,2,15398.0,13441.274657223381
4,Rocky Mountain,2012-01-01,Physical level MLR,2,15039.0,14548.641889283615
4,Rocky Mountain,2012-02-01,Physical level MLR,2,14837.0,14561.537738278887
4,Rocky Mountain,2012-03-01,Physical level MLR,2,15510.0,14178.071553996986
4,Rocky Mountain,2012-04-01,Physical level MLR,2,15664.0,15296.213842903071
4,Rocky Mountain,2010-08-01,Change MLR,2,13918.0,14224.68962794263
4,Rocky Mountain,2010-09-01,Change MLR,2,14569.0,13424.743016798355
4,Rocky Mountain,2010-10-01,Change MLR,2,14688.0,14192.112103421554
4,Rocky Mountain,2010-11-01,Change MLR,2,13986.0,14648.9269729356
4,Rocky Mountain,2010-12-01,Change MLR,2,14224.0,13783.256562352668
4,Rocky Mountain,2011-01-01,Change MLR,2,14082.0,14287.34467937376
4,Rocky Mountain,2011-02-01,Change MLR,2,13120.0,14603.111519518436
4,Rocky Mountain,2011-03-01,Change MLR,2,13940.0,12067.666802896343
4,Rocky Mountain,2011-04-01,Change MLR,2,13116.0,14305.459999429291
4,Rocky Mountain,2011-05-01,Change MLR,2,12758.0,12449.251808270437
4,Rocky Mountain,2011-06-01,Change MLR,2,12979.0,12273.62452549141
4,Rocky Mountain,2011-07-01,Change MLR,2,13366.0,12567.009981497482
4,Rocky Mountain,2011-08-01,Change MLR,2,14842.0,12860.434350947777
4,Rocky Mountain,2011-09-01,Change MLR,2,14335.0,15097.419219777901
4,Rocky Mountain,2011-10-01,Change MLR,2,13555.0,13532.946965259256
4,Rocky Mountain,2011-11-01,Change MLR,2,13699.0,12887.432009306794
4,Rocky Mountain,2011-12-01,Change MLR,2,15398.0,12997.54096913824
4,Rocky Mountain,2012-01-01,Change MLR,2,15039.0,14716.945992752411
4,Rocky Mountain,2012-02-01,Change MLR,2,14837.0,14543.750688715509
4,Rocky Mountain,2012-03-01,Change MLR,2,15510.0,13800.87910229344
4,Rocky Mountain,2012-04-01,Change MLR,2,15664.0,15198.784738809298
4,Rocky Mountain,2010-08-01,Seasonal ridge MLR,2,13918.0,14185.785596622938
4,Rocky Mountain,2010-09-01,Seasonal ridge MLR,2,14569.0,13426.33633749877
4,Rocky Mountain,2010-10-01,Seasonal ridge MLR,2,14688.0,14117.50087966517
4,Rocky Mountain,2010-11-01,Seasonal ridge MLR,2,13986.0,14550.235437820469
4,Rocky Mountain,2010-12-01,Seasonal ridge MLR,2,14224.0,13765.833587616255
4,Rocky Mountain,2011-01-01,Seasonal ridge MLR,2,14082.0,14267.012714553744
4,Rocky Mountain,2011-02-01,Seasonal ridge MLR,2,13120.0,14576.453828362877
4,Rocky Mountain,2011-03-01,Seasonal ridge MLR,2,13940.0,12441.211617085448
4,Rocky Mountain,2011-04-01,Seasonal ridge MLR,2,13116.0,14336.074940639975
4,Rocky Mountain,2011-05-01,Seasonal ridge MLR,2,12758.0,12691.239006907173
4,Rocky Mountain,2011-06-01,Seasonal ridge MLR,2,12979.0,12433.821891687594
4,Rocky Mountain,2011-07-01,Seasonal ridge MLR,2,13366.0,12638.910683268561
4,Rocky Mountain,2011-08-01,Seasonal ridge MLR,2,14842.0,12889.735702598444
4,Rocky Mountain,2011-09-01,Seasonal ridge MLR,2,14335.0,14920.854937114289
4,Rocky Mountain,2011-10-01,Seasonal ridge MLR,2,13555.0,13577.563438615933
4,Rocky Mountain,2011-11-01,Seasonal ridge MLR,2,13699.0,12924.488976918723
4,Rocky Mountain,2011-12-01,Seasonal ridge MLR,2,15398.0,13053.874203211051
4,Rocky Mountain,2012-01-01,Seasonal ridge MLR,2,15039.0,14797.134790758593
4,Rocky Mountain,2012-02-01,Seasonal ridge MLR,2,14837.0,14698.393052762312
4,Rocky Mountain,2012-03-01,Seasonal ridge MLR,2,15510.0,14074.978577103308
4,Rocky Mountain,2012-04-01,Seasonal ridge MLR,2,15664.0,15356.937642759232
4,Rocky Mountain,2010-08-01,Polynomial ridge (degree 2),2,13918.0,14382.313105505378
4,Rocky Mountain,2010-09-01,Polynomial ridge (degree 2),2,14569.0,13761.3342040704
4,Rocky Mountain,2010-10-01,Polynomial ridge (degree 2),2,14688.0,14410.171293978321
4,Rocky Mountain,2010-11-01,Polynomial ridge (degree 2),2,13986.0,14543.610248791789
4,Rocky Mountain,2010-12-01,Polynomial ridge (degree 2),2,14224.0,13789.003491335538
4,Rocky Mountain,2011-01-01,Polynomial ridge (degree 2),2,14082.0,14210.25770603203
4,Rocky Mountain,2011-02-01,Polynomial ridge (degree 2),2,13120.0,13904.369231503657
4,Rocky Mountain,2011-03-01,Polynomial ridge (degree 2),2,13940.0,13163.639867357642
4,Rocky Mountain,2011-04-01,Polynomial ridge (degree 2),2,13116.0,14076.382350358735
4,Rocky Mountain,2011-05-01,Polynomial ridge (degree 2),2,12758.0,13098.583145099283
4,Rocky Mountain,2011-06-01,Polynomial ridge (degree 2),2,12979.0,12818.446208480858
4,Rocky Mountain,2011-07-01,Polynomial ridge (degree 2),2,13366.0,13140.494426418249
4,Rocky Mountain,2011-08-01,Polynomial ridge (degree 2),2,14842.0,13498.220658458678
4,Rocky Mountain,2011-09-01,Polynomial ridge (degree 2),2,14335.0,15142.517478228001
4,Rocky Mountain,2011-10-01,Polynomial ridge (degree 2),2,13555.0,14017.228686462293
4,Rocky Mountain,2011-11-01,Polynomial ridge (degree 2),2,13699.0,13478.807160385419
4,Rocky Mountain,2011-12-01,Polynomial ridge (degree 2),2,15398.0,13745.525827462678
4,Rocky Mountain,2012-01-01,Polynomial ridge (degree 2),2,15039.0,15720.8155397833
4,Rocky Mountain,2012-02-01,Polynomial ridge (degree 2),2,14837.0,14650.07422141242
4,Rocky Mountain,2012-03-01,Polynomial ridge (degree 2),2,15510.0,14428.193305803714
4,Rocky Mountain,2012-04-01,Polynomial ridge (degree 2),2,15664.0,15330.210926071504
4,Rocky Mountain,2010-08-01,Spline ridge (4 knots),2,13918.0,14514.827037685356
4,Rocky Mountain,2010-09-01,Spline ridge (4 knots),2,14569.0,13877.428059742928
4,Rocky Mountain,2010-10-01,Spline ridge (4 knots),2,14688.0,14720.349142901268
4,Rocky Mountain,2010-11-01,Spline ridge (4 knots),2,13986.0,14717.404026578435
4,Rocky Mountain,2010-12-01,Spline ridge (4 knots),2,14224.0,14070.790011759482
4,Rocky Mountain,2011-01-01,Spline ridge (4 knots),2,14082.0,14283.33596800696
4,Rocky Mountain,2011-02-01,Spline ridge (4 knots),2,13120.0,14050.831812829421
4,Rocky Mountain,2011-03-01,Spline ridge (4 knots),2,13940.0,13106.326292890448
4,Rocky Mountain,2011-04-01,Spline ridge (4 knots),2,13116.0,14159.869944468215
4,Rocky Mountain,2011-05-01,Spline ridge (4 knots),2,12758.0,13108.301424212004
4,Rocky Mountain,2011-06-01,Spline ridge (4 knots),2,12979.0,12716.520075187365
4,Rocky Mountain,2011-07-01,Spline ridge (4 knots),2,13366.0,12996.126998708696
4,Rocky Mountain,2011-08-01,Spline ridge (4 knots),2,14842.0,13404.39396829704
4,Rocky Mountain,2011-09-01,Spline ridge (4 knots),2,14335.0,15098.144179604877
4,Rocky Mountain,2011-10-01,Spline ridge (4 knots),2,13555.0,14305.245751294331
4,Rocky Mountain,2011-11-01,Spline ridge (4 knots),2,13699.0,13531.29115727045
4,Rocky Mountain,2011-12-01,Spline ridge (4 knots),2,15398.0,13777.162803659394
4,Rocky Mountain,2012-01-01,Spline ridge (4 knots),2,15039.0,15638.16821512206
4,Rocky Mountain,2012-02-01,Spline ridge (4 knots),2,14837.0,14991.305460558213
4,Rocky Mountain,2012-03-01,Spline ridge (4 knots),2,15510.0,14917.487989393028
4,Rocky Mountain,2012-04-01,Spline ridge (4 knots),2,15664.0,15623.373570261905
4,Rocky Mountain,2012-05-01,Persistence,3,14455.0,15664.0
4,Rocky Mountain,2012-06-01,Persistence,3,13951.0,14455.0
4,Rocky Mountain,2012-07-01,Persistence,3,13499.0,13951.0
4,Rocky Mountain,2012-08-01,Persistence,3,14880.0,13499.0
4,Rocky Mountain,2012-09-01,Persistence,3,15663.0,14880.0
4,Rocky Mountain,2012-10-01,Persistence,3,15815.0,15663.0
4,Rocky Mountain,2012-11-01,Persistence,3,15042.0,15815.0
4,Rocky Mountain,2012-12-01,Persistence,3,16269.0,15042.0
4,Rocky Mountain,2013-01-01,Persistence,3,16534.0,16269.0
4,Rocky Mountain,2013-02-01,Persistence,3,15785.0,16534.0
4,Rocky Mountain,2013-03-01,Persistence,3,15428.0,15785.0
4,Rocky Mountain,2013-04-01,Persistence,3,15146.0,15428.0
4,Rocky Mountain,2013-05-01,Persistence,3,14356.0,15146.0
4,Rocky Mountain,2013-06-01,Persistence,3,14452.0,14356.0
4,Rocky Mountain,2013-07-01,Persistence,3,15558.0,14452.0
4,Rocky Mountain,2013-08-01,Persistence,3,15418.0,15558.0
4,Rocky Mountain,2013-09-01,Persistence,3,16281.0,15418.0
4,Rocky Mountain,2013-10-01,Persistence,3,15879.0,16281.0
4,Rocky Mountain,2013-11-01,Persistence,3,16160.0,15879.0
4,Rocky Mountain,2013-12-01,Persistence,3,16482.0,16160.0
4,Rocky Mountain,2014-01-01,Persistence,3,17334.0,16482.0
4,Rocky Mountain,2012-05-01,Physical level MLR,3,14455.0,15685.08557630005
4,Rocky Mountain,2012-06-01,Physical level MLR,3,13951.0,14354.080921503499
4,Rocky Mountain,2012-07-01,Physical level MLR,3,13499.0,14093.997893294165
4,Rocky Mountain,2012-08-01,Physical level MLR,3,14880.0,13853.270114508061
4,Rocky Mountain,2012-09-01,Physical level MLR,3,15663.0,15129.308862449345
4,Rocky Mountain,2012-10-01,Physical level MLR,3,15815.0,16039.804776282994
4,Rocky Mountain,2012-11-01,Physical level MLR,3,15042.0,15999.859934568824
4,Rocky Mountain,2012-12-01,Physical level MLR,3,16269.0,15256.013579385644
4,Rocky Mountain,2013-01-01,Physical level MLR,3,16534.0,16200.655075124161
4,Rocky Mountain,2013-02-01,Physical level MLR,3,15785.0,16457.886100620774
4,Rocky Mountain,2013-03-01,Physical level MLR,3,15428.0,16035.828252925165
4,Rocky Mountain,2013-04-01,Physical level MLR,3,15146.0,15867.828841809252
4,Rocky Mountain,2013-05-01,Physical level MLR,3,14356.0,15816.014759292351
4,Rocky Mountain,2013-06-01,Physical level MLR,3,14452.0,14993.228416547232
4,Rocky Mountain,2013-07-01,Physical level MLR,3,15558.0,15189.973688883962
4,Rocky Mountain,2013-08-01,Physical level MLR,3,15418.0,16044.544238237422
4,Rocky Mountain,2013-09-01,Physical level MLR,3,16281.0,16048.448190423158
4,Rocky Mountain,2013-10-01,Physical level MLR,3,15879.0,16936.97133756584
4,Rocky Mountain,2013-11-01,Physical level MLR,3,16160.0,16642.879339387247
4,Rocky Mountain,2013-12-01,Physical level MLR,3,16482.0,16733.839041873864
4,Rocky Mountain,2014-01-01,Physical level MLR,3,17334.0,17114.872449759376
4,Rocky Mountain,2012-05-01,Change MLR,3,14455.0,15872.438728002537
4,Rocky Mountain,2012-06-01,Change MLR,3,13951.0,14381.704930096603
4,Rocky Mountain,2012-07-01,Change MLR,3,13499.0,13918.844719912342
4,Rocky Mountain,2012-08-01,Change MLR,3,14880.0,13503.610424940125
4,Rocky Mountain,2012-09-01,Change MLR,3,15663.0,15089.397437983465
4,Rocky Mountain,2012-10-01,Change MLR,3,15815.0,16042.442871909836
4,Rocky Mountain,2012-11-01,Change MLR,3,15042.0,16088.412087785067
4,Rocky Mountain,2012-12-01,Change MLR,3,16269.0,15127.293675478764
4,Rocky Mountain,2013-01-01,Change MLR,3,16534.0,16567.699879581658
4,Rocky Mountain,2013-02-01,Change MLR,3,15785.0,16969.185055776
4,Rocky Mountain,2013-03-01,Change MLR,3,15428.0,16172.924070617155
4,Rocky Mountain,2013-04-01,Change MLR,3,15146.0,15965.9597788329
4,Rocky Mountain,2013-05-01,Change MLR,3,14356.0,15717.74346137663
4,Rocky Mountain,2013-06-01,Change MLR,3,14452.0,14711.55492565312
4,Rocky Mountain,2013-07-01,Change MLR,3,15558.0,14856.960967112907
4,Rocky Mountain,2013-08-01,Change MLR,3,15418.0,15874.849546767819
4,Rocky Mountain,2013-09-01,Change MLR,3,16281.0,15954.23919476627
4,Rocky Mountain,2013-10-01,Change MLR,3,15879.0,16829.224704926502
4,Rocky Mountain,2013-11-01,Change MLR,3,16160.0,16566.69979749303
4,Rocky Mountain,2013-12-01,Change MLR,3,16482.0,16783.162263266895
4,Rocky Mountain,2014-01-01,Change MLR,3,17334.0,17097.182113015573
4,Rocky Mountain,2012-05-01,Seasonal ridge MLR,3,14455.0,15866.083824829844
4,Rocky Mountain,2012-06-01,Seasonal ridge MLR,3,13951.0,14433.675476796127
4,Rocky Mountain,2012-07-01,Seasonal ridge MLR,3,13499.0,13923.876738631961
4,Rocky Mountain,2012-08-01,Seasonal ridge MLR,3,14880.0,13449.002917586635
4,Rocky Mountain,2012-09-01,Seasonal ridge MLR,3,15663.0,14935.615602995462
4,Rocky Mountain,2012-10-01,Seasonal ridge MLR,3,15815.0,15837.161740024982
4,Rocky Mountain,2012-11-01,Seasonal ridge MLR,3,15042.0,15967.777439545618
4,Rocky Mountain,2012-12-01,Seasonal ridge MLR,3,16269.0,15147.600254346982
4,Rocky Mountain,2013-01-01,Seasonal ridge MLR,3,16534.0,16595.102156153793
4,Rocky Mountain,2013-02-01,Seasonal ridge MLR,3,15785.0,16938.250423370053
4,Rocky Mountain,2013-03-01,Seasonal ridge MLR,3,15428.0,16204.674950653205
4,Rocky Mountain,2013-04-01,Seasonal ridge MLR,3,15146.0,15909.348302236784
4,Rocky Mountain,2013-05-01,Seasonal ridge MLR,3,14356.0,15597.629511378316
4,Rocky Mountain,2013-06-01,Seasonal ridge MLR,3,14452.0,14609.206334421313
4,Rocky Mountain,2013-07-01,Seasonal ridge MLR,3,15558.0,14706.801125772385
4,Rocky Mountain,2013-08-01,Seasonal ridge MLR,3,15418.0,15742.771785536665
4,Rocky Mountain,2013-09-01,Seasonal ridge MLR,3,16281.0,15700.893868014251
4,Rocky Mountain,2013-10-01,Seasonal ridge MLR,3,15879.0,16598.83013716474
4,Rocky Mountain,2013-11-01,Seasonal ridge MLR,3,16160.0,16327.007592832459
4,Rocky Mountain,2013-12-01,Seasonal ridge MLR,3,16482.0,16641.997263528076
4,Rocky Mountain,2014-01-01,Seasonal ridge MLR,3,17334.0,17002.850189654444
4,Rocky Mountain,2012-05-01,Polynomial ridge (degree 2),3,14455.0,15478.375867594741
4,Rocky Mountain,2012-06-01,Polynomial ridge (degree 2),3,13951.0,14226.45646850735
4,Rocky Mountain,2012-07-01,Polynomial ridge (degree 2),3,13499.0,13914.439278991726
4,Rocky Mountain,2012-08-01,Polynomial ridge (degree 2),3,14880.0,13602.399841630122
4,Rocky Mountain,2012-09-01,Polynomial ridge (degree 2),3,15663.0,14803.796407851074
4,Rocky Mountain,2012-10-01,Polynomial ridge (degree 2),3,15815.0,15107.906127527105
4,Rocky Mountain,2012-11-01,Polynomial ridge (degree 2),3,15042.0,15529.360701833224
4,Rocky Mountain,2012-12-01,Polynomial ridge (degree 2),3,16269.0,14882.32126090971
4,Rocky Mountain,2013-01-01,Polynomial ridge (degree 2),3,16534.0,15892.810897064452
4,Rocky Mountain,2013-02-01,Polynomial ridge (degree 2),3,15785.0,16156.595145954012
4,Rocky Mountain,2013-03-01,Polynomial ridge (degree 2),3,15428.0,15453.19217220305
4,Rocky Mountain,2013-04-01,Polynomial ridge (degree 2),3,15146.0,15098.150080104011
4,Rocky Mountain,2013-05-01,Polynomial ridge (degree 2),3,14356.0,14913.35584370915
4,Rocky Mountain,2013-06-01,Polynomial ridge (degree 2),3,14452.0,14332.059014246839
4,Rocky Mountain,2013-07-01,Polynomial ridge (degree 2),3,15558.0,14237.389278163564
4,Rocky Mountain,2013-08-01,Polynomial ridge (degree 2),3,15418.0,15111.038731932396
4,Rocky Mountain,2013-09-01,Polynomial ridge (degree 2),3,16281.0,15094.358370320344
4,Rocky Mountain,2013-10-01,Polynomial ridge (degree 2),3,15879.0,15516.044400691342
4,Rocky Mountain,2013-11-01,Polynomial ridge (degree 2),3,16160.0,14724.5655518301
4,Rocky Mountain,2013-12-01,Polynomial ridge (degree 2),3,16482.0,14613.048295178722
4,Rocky Mountain,2014-01-01,Polynomial ridge (degree 2),3,17334.0,15178.587474192822
4,Rocky Mountain,2012-05-01,Spline ridge (4 knots),3,14455.0,15714.253787784823
4,Rocky Mountain,2012-06-01,Spline ridge (4 knots),3,13951.0,14560.945311697518
4,Rocky Mountain,2012-07-01,Spline ridge (4 knots),3,13499.0,14015.85114797113
4,Rocky Mountain,2012-08-01,Spline ridge (4 knots),3,14880.0,13582.31230888189
4,Rocky Mountain,2012-09-01,Spline ridge (4 knots),3,15663.0,14975.278469717035
4,Rocky Mountain,2012-10-01,Spline ridge (4 knots),3,15815.0,15736.116850526416
4,Rocky Mountain,2012-11-01,Spline ridge (4 knots),3,15042.0,15843.07661509887
4,Rocky Mountain,2012-12-01,Spline ridge (4 knots),3,16269.0,15179.77898428779
4,Rocky Mountain,2013-01-01,Spline ridge (4 knots),3,16534.0,16359.399030603661
4,Rocky Mountain,2013-02-01,Spline ridge (4 knots),3,15785.0,16599.71913751404
4,Rocky Mountain,2013-03-01,Spline ridge (4 knots),3,15428.0,15867.505639553474
4,Rocky Mountain,2013-04-01,Spline ridge (4 knots),3,15146.0,15467.432453401418
4,Rocky Mountain,2013-05-01,Spline ridge (4 knots),3,14356.0,15180.514491340782
4,Rocky Mountain,2013-06-01,Spline ridge (4 knots),3,14452.0,14490.489051184415
4,Rocky Mountain,2013-07-01,Spline ridge (4 knots),3,15558.0,14478.797203915303
4,Rocky Mountain,2013-08-01,Spline ridge (4 knots),3,15418.0,15645.980112881449
4,Rocky Mountain,2013-09-01,Spline ridge (4 knots),3,16281.0,15446.274803852364
4,Rocky Mountain,2013-10-01,Spline ridge (4 knots),3,15879.0,16358.937637226783
4,Rocky Mountain,2013-11-01,Spline ridge (4 knots),3,16160.0,15921.921522702136
4,Rocky Mountain,2013-12-01,Spline ridge (4 knots),3,16482.0,16193.402782019952
4,Rocky Mountain,2014-01-01,Spline ridge (4 knots),3,17334.0,16517.79039026017
4,Rocky Mountain,2014-02-01,Persistence,4,17553.0,17334.0
4,Rocky Mountain,2014-03-01,Persistence,4,17417.0,17553.0
4,Rocky Mountain,2014-04-01,Persistence,4,16963.0,17417.0
4,Rocky Mountain,2014-05-01,Persistence,4,16917.0,16963.0
4,Rocky Mountain,2014-06-01,Persistence,4,16906.0,16917.0
4,Rocky Mountain,2014-07-01,Persistence,4,16470.0,16906.0
4,Rocky Mountain,2014-08-01,Persistence,4,15792.0,16470.0
4,Rocky Mountain,2014-09-01,Persistence,4,16434.0,15792.0
4,Rocky Mountain,2014-10-01,Persistence,4,16050.0,16434.0
4,Rocky Mountain,2014-11-01,Persistence,4,16412.0,16050.0
4,Rocky Mountain,2014-12-01,Persistence,4,17304.0,16412.0
4,Rocky Mountain,2015-01-01,Persistence,4,17595.0,17304.0
4,Rocky Mountain,2015-02-01,Persistence,4,19977.0,17595.0
4,Rocky Mountain,2015-03-01,Persistence,4,20717.0,19977.0
4,Rocky Mountain,2015-04-01,Persistence,4,18960.0,20717.0
4,Rocky Mountain,2015-05-01,Persistence,4,18599.0,18960.0
4,Rocky Mountain,2015-06-01,Persistence,4,18948.0,18599.0
4,Rocky Mountain,2015-07-01,Persistence,4,18041.0,18948.0
4,Rocky Mountain,2015-08-01,Persistence,4,18428.0,18041.0
4,Rocky Mountain,2015-09-01,Persistence,4,19229.0,18428.0
4,Rocky Mountain,2015-10-01,Persistence,4,19611.0,19229.0
4,Rocky Mountain,2014-02-01,Physical level MLR,4,17553.0,17286.260958385
4,Rocky Mountain,2014-03-01,Physical level MLR,4,17417.0,17661.869990063286
4,Rocky Mountain,2014-04-01,Physical level MLR,4,16963.0,17534.339842907037
4,Rocky Mountain,2014-05-01,Physical level MLR,4,16917.0,17335.73274913816
4,Rocky Mountain,2014-06-01,Physical level MLR,4,16906.0,17163.145810781087
4,Rocky Mountain,2014-07-01,Physical level MLR,4,16470.0,16918.66763299152
4,Rocky Mountain,2014-08-01,Physical level MLR,4,15792.0,17009.315656714887
4,Rocky Mountain,2014-09-01,Physical level MLR,4,16434.0,14915.680145241757
4,Rocky Mountain,2014-10-01,Physical level MLR,4,16050.0,17390.76932838578
4,Rocky Mountain,2014-11-01,Physical level MLR,4,16412.0,15947.48912968923
4,Rocky Mountain,2014-12-01,Physical level MLR,4,17304.0,15564.800703012826
4,Rocky Mountain,2015-01-01,Physical level MLR,4,17595.0,17433.40622305433
4,Rocky Mountain,2015-02-01,Physical level MLR,4,19977.0,17414.09603285686
4,Rocky Mountain,2015-03-01,Physical level MLR,4,20717.0,19830.223790055818
4,Rocky Mountain,2015-04-01,Physical level MLR,4,18960.0,20154.629404993226
4,Rocky Mountain,2015-05-01,Physical level MLR,4,18599.0,19264.44388322453
4,Rocky Mountain,2015-06-01,Physical level MLR,4,18948.0,18575.309491950095
4,Rocky Mountain,2015-07-01,Physical level MLR,4,18041.0,18597.287444205962
4,Rocky Mountain,2015-08-01,Physical level MLR,4,18428.0,18711.50174885585
4,Rocky Mountain,2015-09-01,Physical level MLR,4,19229.0,18873.810666305497
4,Rocky Mountain,2015-10-01,Physical level MLR,4,19611.0,19516.222164835763
4,Rocky Mountain,2014-02-01,Change MLR,4,17553.0,17521.35879554911
4,Rocky Mountain,2014-03-01,Change MLR,4,17417.0,17741.846167440544
4,Rocky Mountain,2014-04-01,Change MLR,4,16963.0,17635.03544878294
4,Rocky Mountain,2014-05-01,Change MLR,4,16917.0,17165.945837967232
4,Rocky Mountain,2014-06-01,Change MLR,4,16906.0,17353.838865927744
4,Rocky Mountain,2014-07-01,Change MLR,4,16470.0,17638.578212073542
4,Rocky Mountain,2014-08-01,Change MLR,4,15792.0,16815.244085837585
4,Rocky Mountain,2014-09-01,Change MLR,4,16434.0,17472.064540307216
4,Rocky Mountain,2014-10-01,Change MLR,4,16050.0,16789.48609123481
4,Rocky Mountain,2014-11-01,Change MLR,4,16412.0,17144.062604422143
4,Rocky Mountain,2014-12-01,Change MLR,4,17304.0,18303.34772485841
4,Rocky Mountain,2015-01-01,Change MLR,4,17595.0,18247.644924652363
4,Rocky Mountain,2015-02-01,Change MLR,4,19977.0,18422.93195866579
4,Rocky Mountain,2015-03-01,Change MLR,4,20717.0,20727.272961104347
4,Rocky Mountain,2015-04-01,Change MLR,4,18960.0,21422.362539581904
4,Rocky Mountain,2015-05-01,Change MLR,4,18599.0,19265.94204534654
4,Rocky Mountain,2015-06-01,Change MLR,4,18948.0,19156.089937932535
4,Rocky Mountain,2015-07-01,Change MLR,4,18041.0,19810.361936125082
4,Rocky Mountain,2015-08-01,Change MLR,4,18428.0,18221.926722424752
4,Rocky Mountain,2015-09-01,Change MLR,4,19229.0,18653.320524648636
4,Rocky Mountain,2015-10-01,Change MLR,4,19611.0,19495.39817083965
4,Rocky Mountain,2014-02-01,Seasonal ridge MLR,4,17553.0,17490.609961279257
4,Rocky Mountain,2014-03-01,Seasonal ridge MLR,4,17417.0,17738.496583233285
4,Rocky Mountain,2014-04-01,Seasonal ridge MLR,4,16963.0,17564.140574244753
4,Rocky Mountain,2014-05-01,Seasonal ridge MLR,4,16917.0,17088.73798294393
4,Rocky Mountain,2014-06-01,Seasonal ridge MLR,4,16906.0,17181.946241781512
4,Rocky Mountain,2014-07-01,Seasonal ridge MLR,4,16470.0,17423.062323105376
4,Rocky Mountain,2014-08-01,Seasonal ridge MLR,4,15792.0,16731.35423163143
4,Rocky Mountain,2014-09-01,Seasonal ridge MLR,4,16434.0,17164.6651099082
4,Rocky Mountain,2014-10-01,Seasonal ridge MLR,4,16050.0,16723.634392494332
4,Rocky Mountain,2014-11-01,Seasonal ridge MLR,4,16412.0,17002.812422481795
4,Rocky Mountain,2014-12-01,Seasonal ridge MLR,4,17304.0,18055.66469129784
4,Rocky Mountain,2015-01-01,Seasonal ridge MLR,4,17595.0,18151.659214941013
4,Rocky Mountain,2015-02-01,Seasonal ridge MLR,4,19977.0,18319.745175140044
4,Rocky Mountain,2015-03-01,Seasonal ridge MLR,4,20717.0,20609.421584431904
4,Rocky Mountain,2015-04-01,Seasonal ridge MLR,4,18960.0,21275.107211439812
4,Rocky Mountain,2015-05-01,Seasonal ridge MLR,4,18599.0,19146.95722513456
4,Rocky Mountain,2015-06-01,Seasonal ridge MLR,4,18948.0,18982.91018215551
4,Rocky Mountain,2015-07-01,Seasonal ridge MLR,4,18041.0,19605.63641592883
4,Rocky Mountain,2015-08-01,Seasonal ridge MLR,4,18428.0,18128.998818192355
4,Rocky Mountain,2015-09-01,Seasonal ridge MLR,4,19229.0,18579.800397630068
4,Rocky Mountain,2015-10-01,Seasonal ridge MLR,4,19611.0,19467.002557791307
4,Rocky Mountain,2014-02-01,Polynomial ridge (degree 2),4,17553.0,17687.41203671877
4,Rocky Mountain,2014-03-01,Polynomial ridge (degree 2),4,17417.0,18080.906350854424
4,Rocky Mountain,2014-04-01,Polynomial ridge (degree 2),4,16963.0,18053.46172799565
4,Rocky Mountain,2014-05-01,Polynomial ridge (degree 2),4,16917.0,17657.969208043385
4,Rocky Mountain,2014-06-01,Polynomial ridge (degree 2),4,16906.0,17292.639494700972
4,Rocky Mountain,2014-07-01,Polynomial ridge (degree 2),4,16470.0,17632.48727996235
4,Rocky Mountain,2014-08-01,Polynomial ridge (degree 2),4,15792.0,17093.229708020608
4,Rocky Mountain,2014-09-01,Polynomial ridge (degree 2),4,16434.0,16306.424879863884
4,Rocky Mountain,2014-10-01,Polynomial ridge (degree 2),4,16050.0,17382.119672435638
4,Rocky Mountain,2014-11-01,Polynomial ridge (degree 2),4,16412.0,16992.010140249484
4,Rocky Mountain,2014-12-01,Polynomial ridge (degree 2),4,17304.0,17523.238334323734
4,Rocky Mountain,2015-01-01,Polynomial ridge (degree 2),4,17595.0,18784.983832755803
4,Rocky Mountain,2015-02-01,Polynomial ridge (degree 2),4,19977.0,18806.977479780853
4,Rocky Mountain,2015-03-01,Polynomial ridge (degree 2),4,20717.0,22477.399888534514
4,Rocky Mountain,2015-04-01,Polynomial ridge (degree 2),4,18960.0,22945.559088511964
4,Rocky Mountain,2015-05-01,Polynomial ridge (degree 2),4,18599.0,21206.51587585808
4,Rocky Mountain,2015-06-01,Polynomial ridge (degree 2),4,18948.0,19962.310684099106
4,Rocky Mountain,2015-07-01,Polynomial ridge (degree 2),4,18041.0,20075.96971960938
4,Rocky Mountain,2015-08-01,Polynomial ridge (degree 2),4,18428.0,20160.026637144823
4,Rocky Mountain,2015-09-01,Polynomial ridge (degree 2),4,19229.0,19909.566056768817
4,Rocky Mountain,2015-10-01,Polynomial ridge (degree 2),4,19611.0,21422.221802121727
4,Rocky Mountain,2014-02-01,Spline ridge (4 knots),4,17553.0,17548.825314634356
4,Rocky Mountain,2014-03-01,Spline ridge (4 knots),4,17417.0,17710.11732868184
4,Rocky Mountain,2014-04-01,Spline ridge (4 knots),4,16963.0,17573.25860923365
4,Rocky Mountain,2014-05-01,Spline ridge (4 knots),4,16917.0,17145.248676973377
4,Rocky Mountain,2014-06-01,Spline ridge (4 knots),4,16906.0,17075.9645432124
4,Rocky Mountain,2014-07-01,Spline ridge (4 knots),4,16470.0,17058.96621275853
4,Rocky Mountain,2014-08-01,Spline ridge (4 knots),4,15792.0,16650.1023508938
4,Rocky Mountain,2014-09-01,Spline ridge (4 knots),4,16434.0,16007.736421653226
4,Rocky Mountain,2014-10-01,Spline ridge (4 knots),4,16050.0,16629.735381448198
4,Rocky Mountain,2014-11-01,Spline ridge (4 knots),4,16412.0,16224.356981519095
4,Rocky Mountain,2014-12-01,Spline ridge (4 knots),4,17304.0,16578.367493305966
4,Rocky Mountain,2015-01-01,Spline ridge (4 knots),4,17595.0,17521.924462945906
4,Rocky Mountain,2015-02-01,Spline ridge (4 knots),4,19977.0,17756.13557419946
4,Rocky Mountain,2015-03-01,Spline ridge (4 knots),4,20717.0,20220.742260645693
4,Rocky Mountain,2015-04-01,Spline ridge (4 knots),4,18960.0,20922.23346044643
4,Rocky Mountain,2015-05-01,Spline ridge (4 knots),4,18599.0,19012.968330775595
4,Rocky Mountain,2015-06-01,Spline ridge (4 knots),4,18948.0,18771.031446198194
4,Rocky Mountain,2015-07-01,Spline ridge (4 knots),4,18041.0,19113.31525973313
4,Rocky Mountain,2015-08-01,Spline ridge (4 knots),4,18428.0,18284.323159061318
4,Rocky Mountain,2015-09-01,Spline ridge (4 knots),4,19229.0,18596.50980286337
4,Rocky Mountain,2015-10-01,Spline ridge (4 knots),4,19611.0,19439.624665174862
4,Rocky Mountain,2015-11-01,Persistence,5,19746.0,19611.0
4,Rocky Mountain,2015-12-01,Persistence,5,20688.0,19746.0
4,Rocky Mountain,2016-01-01,Persistence,5,20769.0,20688.0
4,Rocky Mountain,2016-02-01,Persistence,5,21354.0,20769.0
4,Rocky Mountain,2016-03-01,Persistence,5,22094.0,21354.0
4,Rocky Mountain,2016-04-01,Persistence,5,21160.0,22094.0
4,Rocky Mountain,2016-05-01,Persistence,5,20849.0,21160.0
4,Rocky Mountain,2016-06-01,Persistence,5,20925.0,20849.0
4,Rocky Mountain,2016-07-01,Persistence,5,21737.0,20925.0
4,Rocky Mountain,2016-08-01,Persistence,5,21705.0,21737.0
4,Rocky Mountain,2016-09-01,Persistence,5,24299.0,21705.0
4,Rocky Mountain,2016-10-01,Persistence,5,23970.0,24299.0
4,Rocky Mountain,2016-11-01,Persistence,5,23332.0,23970.0
4,Rocky Mountain,2016-12-01,Persistence,5,23208.0,23332.0
4,Rocky Mountain,2017-01-01,Persistence,5,24658.0,23208.0
4,Rocky Mountain,2017-02-01,Persistence,5,25831.0,24658.0
4,Rocky Mountain,2017-03-01,Persistence,5,24922.0,25831.0
4,Rocky Mountain,2017-04-01,Persistence,5,23830.0,24922.0
4,Rocky Mountain,2017-05-01,Persistence,5,22902.0,23830.0
4,Rocky Mountain,2017-06-01,Persistence,5,21810.0,22902.0
4,Rocky Mountain,2017-07-01,Persistence,5,21958.0,21810.0
4,Rocky Mountain,2015-11-01,Physical level MLR,5,19746.0,19284.679807477223
4,Rocky Mountain,2015-12-01,Physical level MLR,5,20688.0,19399.445157659953
4,Rocky Mountain,2016-01-01,Physical level MLR,5,20769.0,20126.455932424582
4,Rocky Mountain,2016-02-01,Physical level MLR,5,21354.0,20000.916018673117
4,Rocky Mountain,2016-03-01,Physical level MLR,5,22094.0,20461.695542264555
4,Rocky Mountain,2016-04-01,Physical level MLR,5,21160.0,21222.069714680572
4,Rocky Mountain,2016-05-01,Physical level MLR,5,20849.0,20236.346500090836
4,Rocky Mountain,2016-06-01,Physical level MLR,5,20925.0,19713.448646659563
4,Rocky Mountain,2016-07-01,Physical level MLR,5,21737.0,19915.350678101287
4,Rocky Mountain,2016-08-01,Physical level MLR,5,21705.0,20602.02819960834
4,Rocky Mountain,2016-09-01,Physical level MLR,5,24299.0,20456.337577523544
4,Rocky Mountain,2016-10-01,Physical level MLR,5,23970.0,22634.450397762193
4,Rocky Mountain,2016-11-01,Physical level MLR,5,23332.0,22284.788576667877
4,Rocky Mountain,2016-12-01,Physical level MLR,5,23208.0,21680.14009553346
4,Rocky Mountain,2017-01-01,Physical level MLR,5,24658.0,21654.985090908733
4,Rocky Mountain,2017-02-01,Physical level MLR,5,25831.0,22679.203484620342
4,Rocky Mountain,2017-03-01,Physical level MLR,5,24922.0,23756.069595850524
4,Rocky Mountain,2017-04-01,Physical level MLR,5,23830.0,22900.30207165109
4,Rocky Mountain,2017-05-01,Physical level MLR,5,22902.0,22229.215982769747
4,Rocky Mountain,2017-06-01,Physical level MLR,5,21810.0,21539.487590061763
4,Rocky Mountain,2017-07-01,Physical level MLR,5,21958.0,20670.992210397235
4,Rocky Mountain,2015-11-01,Change MLR,5,19746.0,19694.95708078273
4,Rocky Mountain,2015-12-01,Change MLR,5,20688.0,20001.521578601245
4,Rocky Mountain,2016-01-01,Change MLR,5,20769.0,21504.089567716732
4,Rocky Mountain,2016-02-01,Change MLR,5,21354.0,20757.005426890308
4,Rocky Mountain,2016-03-01,Change MLR,5,22094.0,21839.97654407414
4,Rocky Mountain,2016-04-01,Change MLR,5,21160.0,23337.29060326525
4,Rocky Mountain,2016-05-01,Change MLR,5,20849.0,21086.55943181642
4,Rocky Mountain,2016-06-01,Change MLR,5,20925.0,20782.960859941413
4,Rocky Mountain,2016-07-01,Change MLR,5,21737.0,20891.62594783546
4,Rocky Mountain,2016-08-01,Change MLR,5,21705.0,21771.244777117507
4,Rocky Mountain,2016-09-01,Change MLR,5,24299.0,21719.362482488574
4,Rocky Mountain,2016-10-01,Change MLR,5,23970.0,24459.51788890486
4,Rocky Mountain,2016-11-01,Change MLR,5,23332.0,24052.473500808846
4,Rocky Mountain,2016-12-01,Change MLR,5,23208.0,23272.6875321199
4,Rocky Mountain,2017-01-01,Change MLR,5,24658.0,23286.28202157295
4,Rocky Mountain,2017-02-01,Change MLR,5,25831.0,24797.3938435444
4,Rocky Mountain,2017-03-01,Change MLR,5,24922.0,25966.91730164791
4,Rocky Mountain,2017-04-01,Change MLR,5,23830.0,24908.943935987092
4,Rocky Mountain,2017-05-01,Change MLR,5,22902.0,23798.60351482988
4,Rocky Mountain,2017-06-01,Change MLR,5,21810.0,22900.952326996936
4,Rocky Mountain,2017-07-01,Change MLR,5,21958.0,21734.329148717323
4,Rocky Mountain,2015-11-01,Seasonal ridge MLR,5,19746.0,19829.971997689947
4,Rocky Mountain,2015-12-01,Seasonal ridge MLR,5,20688.0,20135.913910924195
4,Rocky Mountain,2016-01-01,Seasonal ridge MLR,5,20769.0,21476.025497511146
4,Rocky Mountain,2016-02-01,Seasonal ridge MLR,5,21354.0,20862.60451940528
4,Rocky Mountain,2016-03-01,Seasonal ridge MLR,5,22094.0,21793.107342875806
4,Rocky Mountain,2016-04-01,Seasonal ridge MLR,5,21160.0,22946.730430111682
4,Rocky Mountain,2016-05-01,Seasonal ridge MLR,5,20849.0,21026.610122066686
4,Rocky Mountain,2016-06-01,Seasonal ridge MLR,5,20925.0,20741.903028410423
4,Rocky Mountain,2016-07-01,Seasonal ridge MLR,5,21737.0,20850.98489107471
4,Rocky Mountain,2016-08-01,Seasonal ridge MLR,5,21705.0,21739.944003958986
4,Rocky Mountain,2016-09-01,Seasonal ridge MLR,5,24299.0,21764.430308586456
4,Rocky Mountain,2016-10-01,Seasonal ridge MLR,5,23970.0,24528.617008572422
4,Rocky Mountain,2016-11-01,Seasonal ridge MLR,5,23332.0,24190.963464125867
4,Rocky Mountain,2016-12-01,Seasonal ridge MLR,5,23208.0,23487.688007632547
4,Rocky Mountain,2017-01-01,Seasonal ridge MLR,5,24658.0,23462.432454943206
4,Rocky Mountain,2017-02-01,Seasonal ridge MLR,5,25831.0,24866.73316528187
4,Rocky Mountain,2017-03-01,Seasonal ridge MLR,5,24922.0,26021.58847215065
4,Rocky Mountain,2017-04-01,Seasonal ridge MLR,5,23830.0,24940.045786678205
4,Rocky Mountain,2017-05-01,Seasonal ridge MLR,5,22902.0,23761.460792759804
4,Rocky Mountain,2017-06-01,Seasonal ridge MLR,5,21810.0,22802.23764631285
4,Rocky Mountain,2017-07-01,Seasonal ridge MLR,5,21958.0,21712.17511179052
4,Rocky Mountain,2015-11-01,Polynomial ridge (degree 2),5,19746.0,19232.960610609316
4,Rocky Mountain,2015-12-01,Polynomial ridge (degree 2),5,20688.0,19324.69786276645
4,Rocky Mountain,2016-01-01,Polynomial ridge (degree 2),5,20769.0,19952.820838488748
4,Rocky Mountain,2016-02-01,Polynomial ridge (degree 2),5,21354.0,19875.092478728522
4,Rocky Mountain,2016-03-01,Polynomial ridge (degree 2),5,22094.0,20236.53445902461
4,Rocky Mountain,2016-04-01,Polynomial ridge (degree 2),5,21160.0,20835.35250028737
4,Rocky Mountain,2016-05-01,Polynomial ridge (degree 2),5,20849.0,20073.18554848024
4,Rocky Mountain,2016-06-01,Polynomial ridge (degree 2),5,20925.0,19601.827956034947
4,Rocky Mountain,2016-07-01,Polynomial ridge (degree 2),5,21737.0,19828.50453428107
4,Rocky Mountain,2016-08-01,Polynomial ridge (degree 2),5,21705.0,20517.001682955244
4,Rocky Mountain,2016-09-01,Polynomial ridge (degree 2),5,24299.0,20339.657279350853
4,Rocky Mountain,2016-10-01,Polynomial ridge (degree 2),5,23970.0,22401.174052689472
4,Rocky Mountain,2016-11-01,Polynomial ridge (degree 2),5,23332.0,21923.017700041924
4,Rocky Mountain,2016-12-01,Polynomial ridge (degree 2),5,23208.0,21199.114661201646
4,Rocky Mountain,2017-01-01,Polynomial ridge (degree 2),5,24658.0,21435.118160132923
4,Rocky Mountain,2017-02-01,Polynomial ridge (degree 2),5,25831.0,22087.54182792105
4,Rocky Mountain,2017-03-01,Polynomial ridge (degree 2),5,24922.0,23013.73622698256
4,Rocky Mountain,2017-04-01,Polynomial ridge (degree 2),5,23830.0,22076.33496615248
4,Rocky Mountain,2017-05-01,Polynomial ridge (degree 2),5,22902.0,21662.26745276137
4,Rocky Mountain,2017-06-01,Polynomial ridge (degree 2),5,21810.0,21160.733770826326
4,Rocky Mountain,2017-07-01,Polynomial ridge (degree 2),5,21958.0,20409.67096707999
4,Rocky Mountain,2015-11-01,Spline ridge (4 knots),5,19746.0,19722.601083026544
4,Rocky Mountain,2015-12-01,Spline ridge (4 knots),5,20688.0,19858.39037067575
4,Rocky Mountain,2016-01-01,Spline ridge (4 knots),5,20769.0,20837.322809084377
4,Rocky Mountain,2016-02-01,Spline ridge (4 knots),5,21354.0,20824.948560090717
4,Rocky Mountain,2016-03-01,Spline ridge (4 knots),5,22094.0,21412.752290135
4,Rocky Mountain,2016-04-01,Spline ridge (4 knots),5,21160.0,22211.37545442052
4,Rocky Mountain,2016-05-01,Spline ridge (4 knots),5,20849.0,21280.33835052191
4,Rocky Mountain,2016-06-01,Spline ridge (4 knots),5,20925.0,20887.542250566006
4,Rocky Mountain,2016-07-01,Spline ridge (4 knots),5,21737.0,20944.45774251151
4,Rocky Mountain,2016-08-01,Spline ridge (4 knots),5,21705.0,21831.545897164266
4,Rocky Mountain,2016-09-01,Spline ridge (4 knots),5,24299.0,21734.594013237667
4,Rocky Mountain,2016-10-01,Spline ridge (4 knots),5,23970.0,24605.916988094
4,Rocky Mountain,2016-11-01,Spline ridge (4 knots),5,23332.0,24114.6536632611
4,Rocky Mountain,2016-12-01,Spline ridge (4 knots),5,23208.0,23425.642220662685
4,Rocky Mountain,2017-01-01,Spline ridge (4 knots),5,24658.0,23302.465773456235
4,Rocky Mountain,2017-02-01,Spline ridge (4 knots),5,25831.0,24833.577505190005
4,Rocky Mountain,2017-03-01,Spline ridge (4 knots),5,24922.0,26079.714872333876
4,Rocky Mountain,2017-04-01,Spline ridge (4 knots),5,23830.0,25023.777012578033
4,Rocky Mountain,2017-05-01,Spline ridge (4 knots),5,22902.0,23931.71365954348
4,Rocky Mountain,2017-06-01,Spline ridge (4 knots),5,21810.0,23031.665655164696
4,Rocky Mountain,2017-07-01,Spline ridge (4 knots),5,21958.0,21887.386440839637
4,Rocky Mountain,2017-08-01,Persistence,6,21053.0,21958.0
4,Rocky Mountain,2017-09-01,Persistence,6,20934.0,21053.0
4,Rocky Mountain,2017-10-01,Persistence,6,22659.0,20934.0
4,Rocky Mountain,2017-11-01,Persistence,6,22502.0,22659.0
4,Rocky Mountain,2017-12-01,Persistence,6,21769.0,22502.0
4,Rocky Mountain,2018-01-01,Persistence,6,21673.0,21769.0
4,Rocky Mountain,2018-02-01,Persistence,6,23148.0,21673.0
4,Rocky Mountain,2018-03-01,Persistence,6,23739.0,23148.0
4,Rocky Mountain,2018-04-01,Persistence,6,23830.0,23739.0
4,Rocky Mountain,2018-05-01,Persistence,6,22056.0,23830.0
4,Rocky Mountain,2018-06-01,Persistence,6,21418.0,22056.0
4,Rocky Mountain,2018-07-01,Persistence,6,22309.0,21418.0
4,Rocky Mountain,2018-08-01,Persistence,6,21523.0,22309.0
4,Rocky Mountain,2018-09-01,Persistence,6,22068.0,21523.0
4,Rocky Mountain,2018-10-01,Persistence,6,23711.0,22068.0
4,Rocky Mountain,2018-11-01,Persistence,6,21540.0,23711.0
4,Rocky Mountain,2018-12-01,Persistence,6,20798.0,21540.0
4,Rocky Mountain,2019-01-01,Persistence,6,20715.0,20798.0
4,Rocky Mountain,2019-02-01,Persistence,6,22905.0,20715.0
4,Rocky Mountain,2019-03-01,Persistence,6,24151.0,22905.0
4,Rocky Mountain,2019-04-01,Persistence,6,25317.0,24151.0
4,Rocky Mountain,2017-08-01,Physical level MLR,6,21053.0,22079.712298455855
4,Rocky Mountain,2017-09-01,Physical level MLR,6,20934.0,21214.805989488614
4,Rocky Mountain,2017-10-01,Physical level MLR,6,22659.0,21211.781630715683
4,Rocky Mountain,2017-11-01,Physical level MLR,6,22502.0,22835.583610876216
4,Rocky Mountain,2017-12-01,Physical level MLR,6,21769.0,22766.660141078544
4,Rocky Mountain,2018-01-01,Physical level MLR,6,21673.0,22157.91925611222
4,Rocky Mountain,2018-02-01,Physical level MLR,6,23148.0,21785.65970676618
4,Rocky Mountain,2018-03-01,Physical level MLR,6,23739.0,23433.59822858214
4,Rocky Mountain,2018-04-01,Physical level MLR,6,23830.0,23917.44857683743
4,Rocky Mountain,2018-05-01,Physical level MLR,6,22056.0,24085.13567329535
4,Rocky Mountain,2018-06-01,Physical level MLR,6,21418.0,22337.626075827087
4,Rocky Mountain,2018-07-01,Physical level MLR,6,22309.0,21833.54237722349
4,Rocky Mountain,2018-08-01,Physical level MLR,6,21523.0,22841.825111195056
4,Rocky Mountain,2018-09-01,Physical level MLR,6,22068.0,22016.647895551523
4,Rocky Mountain,2018-10-01,Physical level MLR,6,23711.0,22632.01957178901
4,Rocky Mountain,2018-11-01,Physical level MLR,6,21540.0,24341.815751568738
4,Rocky Mountain,2018-12-01,Physical level MLR,6,20798.0,22110.49840586702
4,Rocky Mountain,2019-01-01,Physical level MLR,6,20715.0,21558.57606197276
4,Rocky Mountain,2019-02-01,Physical level MLR,6,22905.0,21127.546323493116
4,Rocky Mountain,2019-03-01,Physical level MLR,6,24151.0,23322.518263944366
4,Rocky Mountain,2019-04-01,Physical level MLR,6,25317.0,24526.09153042115
4,Rocky Mountain,2017-08-01,Change MLR,6,21053.0,22146.1019044015
4,Rocky Mountain,2017-09-01,Change MLR,6,20934.0,21130.013211709447
4,Rocky Mountain,2017-10-01,Change MLR,6,22659.0,21070.313458061766
4,Rocky Mountain,2017-11-01,Change MLR,6,22502.0,22917.973786865965
4,Rocky Mountain,2017-12-01,Change MLR,6,21769.0,22632.120238319545
4,Rocky Mountain,2018-01-01,Change MLR,6,21673.0,21901.833269973096
4,Rocky Mountain,2018-02-01,Change MLR,6,23148.0,21780.133024298782
4,Rocky Mountain,2018-03-01,Change MLR,6,23739.0,23447.675390014396
4,Rocky Mountain,2018-04-01,Change MLR,6,23830.0,23901.217670476708
4,Rocky Mountain,2018-05-01,Change MLR,6,22056.0,23990.808184378573
4,Rocky Mountain,2018-06-01,Change MLR,6,21418.0,22086.094712487127
4,Rocky Mountain,2018-07-01,Change MLR,6,22309.0,21555.34281649229
4,Rocky Mountain,2018-08-01,Change MLR,6,21523.0,22573.000969107805
4,Rocky Mountain,2018-09-01,Change MLR,6,22068.0,21635.402195759536
4,Rocky Mountain,2018-10-01,Change MLR,6,23711.0,22311.880461540182
4,Rocky Mountain,2018-11-01,Change MLR,6,21540.0,24054.758543700544
4,Rocky Mountain,2018-12-01,Change MLR,6,20798.0,21505.2582588675
4,Rocky Mountain,2019-01-01,Change MLR,6,20715.0,20957.92394764258
4,Rocky Mountain,2019-02-01,Change MLR,6,22905.0,20798.64951919506
4,Rocky Mountain,2019-03-01,Change MLR,6,24151.0,23245.672254496916
4,Rocky Mountain,2019-04-01,Change MLR,6,25317.0,24378.879057862825
4,Rocky Mountain,2017-08-01,Seasonal ridge MLR,6,21053.0,22077.97200683416
4,Rocky Mountain,2017-09-01,Seasonal ridge MLR,6,20934.0,21192.944270492244
4,Rocky Mountain,2017-10-01,Seasonal ridge MLR,6,22659.0,21187.441923052782
4,Rocky Mountain,2017-11-01,Seasonal ridge MLR,6,22502.0,23021.89721022106
4,Rocky Mountain,2017-12-01,Seasonal ridge MLR,6,21769.0,22809.79390819155
4,Rocky Mountain,2018-01-01,Seasonal ridge MLR,6,21673.0,22058.49007543427
4,Rocky Mountain,2018-02-01,Seasonal ridge MLR,6,23148.0,21874.01340310658
4,Rocky Mountain,2018-03-01,Seasonal ridge MLR,6,23739.0,23380.520355338806
4,Rocky Mountain,2018-04-01,Seasonal ridge MLR,6,23830.0,23728.26654172625
4,Rocky Mountain,2018-05-01,Seasonal ridge MLR,6,22056.0,23759.0007491997
4,Rocky Mountain,2018-06-01,Seasonal ridge MLR,6,21418.0,21903.130327759427
4,Rocky Mountain,2018-07-01,Seasonal ridge MLR,6,22309.0,21385.85394209644
4,Rocky Mountain,2018-08-01,Seasonal ridge MLR,6,21523.0,22404.071465944522
4,Rocky Mountain,2018-09-01,Seasonal ridge MLR,6,22068.0,21643.36998989749
4,Rocky Mountain,2018-10-01,Seasonal ridge MLR,6,23711.0,22376.343115249554
4,Rocky Mountain,2018-11-01,Seasonal ridge MLR,6,21540.0,24063.970572111382
4,Rocky Mountain,2018-12-01,Seasonal ridge MLR,6,20798.0,21724.34068369107
4,Rocky Mountain,2019-01-01,Seasonal ridge MLR,6,20715.0,21084.28096612828
4,Rocky Mountain,2019-02-01,Seasonal ridge MLR,6,22905.0,20843.724613145318
4,Rocky Mountain,2019-03-01,Seasonal ridge MLR,6,24151.0,23165.801942741593
4,Rocky Mountain,2019-04-01,Seasonal ridge MLR,6,25317.0,24169.604962257534
4,Rocky Mountain,2017-08-01,Polynomial ridge (degree 2),6,21053.0,22029.322264014463
4,Rocky Mountain,2017-09-01,Polynomial ridge (degree 2),6,20934.0,20937.30407138683
4,Rocky Mountain,2017-10-01,Polynomial ridge (degree 2),6,22659.0,21048.75614574166
4,Rocky Mountain,2017-11-01,Polynomial ridge (degree 2),6,22502.0,22876.935407745004
4,Rocky Mountain,2017-12-01,Polynomial ridge (degree 2),6,21769.0,22590.00065638993
4,Rocky Mountain,2018-01-01,Polynomial ridge (degree 2),6,21673.0,21764.255074587072
4,Rocky Mountain,2018-02-01,Polynomial ridge (degree 2),6,23148.0,21733.701632430428
4,Rocky Mountain,2018-03-01,Polynomial ridge (degree 2),6,23739.0,23389.380408371464
4,Rocky Mountain,2018-04-01,Polynomial ridge (degree 2),6,23830.0,23920.42089778586
4,Rocky Mountain,2018-05-01,Polynomial ridge (degree 2),6,22056.0,23942.71934603137
4,Rocky Mountain,2018-06-01,Polynomial ridge (degree 2),6,21418.0,21660.332077358442
4,Rocky Mountain,2018-07-01,Polynomial ridge (degree 2),6,22309.0,21454.935509278494
4,Rocky Mountain,2018-08-01,Polynomial ridge (degree 2),6,21523.0,22623.878848441618
4,Rocky Mountain,2018-09-01,Polynomial ridge (degree 2),6,22068.0,21559.921670098247
4,Rocky Mountain,2018-10-01,Polynomial ridge (degree 2),6,23711.0,22360.97730763329
4,Rocky Mountain,2018-11-01,Polynomial ridge (degree 2),6,21540.0,24088.17318825835
4,Rocky Mountain,2018-12-01,Polynomial ridge (degree 2),6,20798.0,21138.666008549004
4,Rocky Mountain,2019-01-01,Polynomial ridge (degree 2),6,20715.0,20970.958851065894
4,Rocky Mountain,2019-02-01,Polynomial ridge (degree 2),6,22905.0,20934.9219681053
4,Rocky Mountain,2019-03-01,Polynomial ridge (degree 2),6,24151.0,23165.479238415344
4,Rocky Mountain,2019-04-01,Polynomial ridge (degree 2),6,25317.0,24455.193154241904
4,Rocky Mountain,2017-08-01,Spline ridge (4 knots),6,21053.0,22113.76530222854
4,Rocky Mountain,2017-09-01,Spline ridge (4 knots),6,20934.0,21060.60947978134
4,Rocky Mountain,2017-10-01,Spline ridge (4 knots),6,22659.0,21070.422925923423
4,Rocky Mountain,2017-11-01,Spline ridge (4 knots),6,22502.0,22790.99890515614
4,Rocky Mountain,2017-12-01,Spline ridge (4 knots),6,21769.0,22637.944898628884
4,Rocky Mountain,2018-01-01,Spline ridge (4 knots),6,21673.0,21821.09675012251
4,Rocky Mountain,2018-02-01,Spline ridge (4 knots),6,23148.0,21810.543274450207
4,Rocky Mountain,2018-03-01,Spline ridge (4 knots),6,23739.0,23292.076411068465
4,Rocky Mountain,2018-04-01,Spline ridge (4 knots),6,23830.0,23914.26130880997
4,Rocky Mountain,2018-05-01,Spline ridge (4 knots),6,22056.0,23986.512816583403
4,Rocky Mountain,2018-06-01,Spline ridge (4 knots),6,21418.0,21750.170309552912
4,Rocky Mountain,2018-07-01,Spline ridge (4 knots),6,22309.0,21489.039373047177
4,Rocky Mountain,2018-08-01,Spline ridge (4 knots),6,21523.0,22480.931312619938
4,Rocky Mountain,2018-09-01,Spline ridge (4 knots),6,22068.0,21563.54379183471
4,Rocky Mountain,2018-10-01,Spline ridge (4 knots),6,23711.0,22242.805071472743
4,Rocky Mountain,2018-11-01,Spline ridge (4 knots),6,21540.0,23847.389558380244
4,Rocky Mountain,2018-12-01,Spline ridge (4 knots),6,20798.0,21176.987202316603
4,Rocky Mountain,2019-01-01,Spline ridge (4 knots),6,20715.0,20848.18465261467
4,Rocky Mountain,2019-02-01,Spline ridge (4 knots),6,22905.0,20857.86426821439
4,Rocky Mountain,2019-03-01,Spline ridge (4 knots),6,24151.0,23020.03967604009
4,Rocky Mountain,2019-04-01,Spline ridge (4 knots),6,25317.0,24306.409313974764
4,Rocky Mountain,2019-05-01,Persistence,7,21857.0,25317.0
4,Rocky Mountain,2019-06-01,Persistence,7,20832.0,21857.0
4,Rocky Mountain,2019-07-01,Persistence,7,20542.0,20832.0
4,Rocky Mountain,2019-08-01,Persistence,7,20850.0,20542.0
4,Rocky Mountain,2019-09-01,Persistence,7,23255.0,20850.0
4,Rocky Mountain,2019-10-01,Persistence,7,24381.0,23255.0
4,Rocky Mountain,2019-11-01,Persistence,7,23890.0,24381.0
4,Rocky Mountain,2019-12-01,Persistence,7,22824.0,23890.0
4,Rocky Mountain,2020-01-01,Persistence,7,21253.0,22824.0
4,Rocky Mountain,2020-02-01,Persistence,7,23655.0,21253.0
4,Rocky Mountain,2020-03-01,Persistence,7,25662.0,23655.0
4,Rocky Mountain,2020-04-01,Persistence,7,24897.0,25662.0
4,Rocky Mountain,2020-05-01,Persistence,7,26525.0,24897.0
4,Rocky Mountain,2020-06-01,Persistence,7,25529.0,26525.0
4,Rocky Mountain,2020-07-01,Persistence,7,24575.0,25529.0
4,Rocky Mountain,2020-08-01,Persistence,7,23509.0,24575.0
4,Rocky Mountain,2020-09-01,Persistence,7,24222.0,23509.0
4,Rocky Mountain,2020-10-01,Persistence,7,24528.0,24222.0
4,Rocky Mountain,2020-11-01,Persistence,7,24398.0,24528.0
4,Rocky Mountain,2020-12-01,Persistence,7,24949.0,24398.0
4,Rocky Mountain,2021-01-01,Persistence,7,22852.0,24949.0
4,Rocky Mountain,2019-05-01,Physical level MLR,7,21857.0,25431.493351316556
4,Rocky Mountain,2019-06-01,Physical level MLR,7,20832.0,22192.077414302465
4,Rocky Mountain,2019-07-01,Physical level MLR,7,20542.0,21285.660527830743
4,Rocky Mountain,2019-08-01,Physical level MLR,7,20850.0,21033.39563803749
4,Rocky Mountain,2019-09-01,Physical level MLR,7,23255.0,21284.523303131497
4,Rocky Mountain,2019-10-01,Physical level MLR,7,24381.0,23623.58730079325
4,Rocky Mountain,2019-11-01,Physical level MLR,7,23890.0,24633.85721585696
4,Rocky Mountain,2019-12-01,Physical level MLR,7,22824.0,24208.067170088074
4,Rocky Mountain,2020-01-01,Physical level MLR,7,21253.0,23173.060809528874
4,Rocky Mountain,2020-02-01,Physical level MLR,7,23655.0,21569.816098447263
4,Rocky Mountain,2020-03-01,Physical level MLR,7,25662.0,23890.922516204166
4,Rocky Mountain,2020-04-01,Physical level MLR,7,24897.0,25588.536044936387
4,Rocky Mountain,2020-05-01,Physical level MLR,7,26525.0,24700.070622006453
4,Rocky Mountain,2020-06-01,Physical level MLR,7,25529.0,26267.070191992247
4,Rocky Mountain,2020-07-01,Physical level MLR,7,24575.0,25442.3297794856
4,Rocky Mountain,2020-08-01,Physical level MLR,7,23509.0,24563.544604235918
4,Rocky Mountain,2020-09-01,Physical level MLR,7,24222.0,23498.69553150641
4,Rocky Mountain,2020-10-01,Physical level MLR,7,24528.0,24143.453514593617
4,Rocky Mountain,2020-11-01,Physical level MLR,7,24398.0,24381.378301818735
4,Rocky Mountain,2020-12-01,Physical level MLR,7,24949.0,24275.77398045979
4,Rocky Mountain,2021-01-01,Physical level MLR,7,22852.0,24799.95292434433
4,Rocky Mountain,2019-05-01,Change MLR,7,21857.0,25576.752511411887
4,Rocky Mountain,2019-06-01,Change MLR,7,20832.0,21597.92189525889
4,Rocky Mountain,2019-07-01,Change MLR,7,20542.0,20807.123758787333
4,Rocky Mountain,2019-08-01,Change MLR,7,20850.0,20650.666191560595
4,Rocky Mountain,2019-09-01,Change MLR,7,23255.0,20956.31108419994
4,Rocky Mountain,2019-10-01,Change MLR,7,24381.0,23487.894657742723
4,Rocky Mountain,2019-11-01,Change MLR,7,23890.0,24526.837995966504
4,Rocky Mountain,2019-12-01,Change MLR,7,22824.0,23925.941149189548
4,Rocky Mountain,2020-01-01,Change MLR,7,21253.0,22745.511060531357
4,Rocky Mountain,2020-02-01,Change MLR,7,23655.0,21079.037406331194
4,Rocky Mountain,2020-03-01,Change MLR,7,25662.0,23934.289080758776
4,Rocky Mountain,2020-04-01,Change MLR,7,24897.0,25755.772665422024
4,Rocky Mountain,2020-05-01,Change MLR,7,26525.0,24739.81795318961
4,Rocky Mountain,2020-06-01,Change MLR,7,25529.0,26717.90081259035
4,Rocky Mountain,2020-07-01,Change MLR,7,24575.0,25452.648352811884
4,Rocky Mountain,2020-08-01,Change MLR,7,23509.0,24543.3100666968
4,Rocky Mountain,2020-09-01,Change MLR,7,24222.0,23376.58576336783
4,Rocky Mountain,2020-10-01,Change MLR,7,24528.0,24296.991131603423
4,Rocky Mountain,2020-11-01,Change MLR,7,24398.0,24517.107999542848
4,Rocky Mountain,2020-12-01,Change MLR,7,24949.0,24325.802043170526
4,Rocky Mountain,2021-01-01,Change MLR,7,22852.0,24967.566449204416
4,Rocky Mountain,2019-05-01,Seasonal ridge MLR,7,21857.0,25403.78076048526
4,Rocky Mountain,2019-06-01,Seasonal ridge MLR,7,20832.0,21465.728921473226
4,Rocky Mountain,2019-07-01,Seasonal ridge MLR,7,20542.0,20629.851346507905
4,Rocky Mountain,2019-08-01,Seasonal ridge MLR,7,20850.0,20536.575767391765
4,Rocky Mountain,2019-09-01,Seasonal ridge MLR,7,23255.0,20870.3485537562
4,Rocky Mountain,2019-10-01,Seasonal ridge MLR,7,24381.0,23386.333565533263
4,Rocky Mountain,2019-11-01,Seasonal ridge MLR,7,23890.0,24582.200190520427
4,Rocky Mountain,2019-12-01,Seasonal ridge MLR,7,22824.0,24126.767828455384
4,Rocky Mountain,2020-01-01,Seasonal ridge MLR,7,21253.0,22929.30029022184
4,Rocky Mountain,2020-02-01,Seasonal ridge MLR,7,23655.0,21189.011351700927
4,Rocky Mountain,2020-03-01,Seasonal ridge MLR,7,25662.0,23847.262678219377
4,Rocky Mountain,2020-04-01,Seasonal ridge MLR,7,24897.0,25466.010661688135
4,Rocky Mountain,2020-05-01,Seasonal ridge MLR,7,26525.0,24478.090465239788
4,Rocky Mountain,2020-06-01,Seasonal ridge MLR,7,25529.0,26415.773786271264
4,Rocky Mountain,2020-07-01,Seasonal ridge MLR,7,24575.0,25233.7775731494
4,Rocky Mountain,2020-08-01,Seasonal ridge MLR,7,23509.0,24387.739094513217
4,Rocky Mountain,2020-09-01,Seasonal ridge MLR,7,24222.0,23284.924726610738
4,Rocky Mountain,2020-10-01,Seasonal ridge MLR,7,24528.0,24267.38868266612
4,Rocky Mountain,2020-11-01,Seasonal ridge MLR,7,24398.0,24582.395649636514
4,Rocky Mountain,2020-12-01,Seasonal ridge MLR,7,24949.0,24453.724135110755
4,Rocky Mountain,2021-01-01,Seasonal ridge MLR,7,22852.0,25088.212818259944
4,Rocky Mountain,2019-05-01,Polynomial ridge (degree 2),7,21857.0,25337.221856648892
4,Rocky Mountain,2019-06-01,Polynomial ridge (degree 2),7,20832.0,20671.63971645916
4,Rocky Mountain,2019-07-01,Polynomial ridge (degree 2),7,20542.0,20802.621841067004
4,Rocky Mountain,2019-08-01,Polynomial ridge (degree 2),7,20850.0,20675.765930578837
4,Rocky Mountain,2019-09-01,Polynomial ridge (degree 2),7,23255.0,21008.853011368985
4,Rocky Mountain,2019-10-01,Polynomial ridge (degree 2),7,24381.0,22988.467253774026
4,Rocky Mountain,2019-11-01,Polynomial ridge (degree 2),7,23890.0,24328.265568766554
4,Rocky Mountain,2019-12-01,Polynomial ridge (degree 2),7,22824.0,23728.35000420636
4,Rocky Mountain,2020-01-01,Polynomial ridge (degree 2),7,21253.0,22601.707573195396
4,Rocky Mountain,2020-02-01,Polynomial ridge (degree 2),7,23655.0,21040.233506454904
4,Rocky Mountain,2020-03-01,Polynomial ridge (degree 2),7,25662.0,23520.53702650954
4,Rocky Mountain,2020-04-01,Polynomial ridge (degree 2),7,24897.0,25576.539690378064
4,Rocky Mountain,2020-05-01,Polynomial ridge (degree 2),7,26525.0,24662.76183296091
4,Rocky Mountain,2020-06-01,Polynomial ridge (degree 2),7,25529.0,26580.325266233664
4,Rocky Mountain,2020-07-01,Polynomial ridge (degree 2),7,24575.0,25163.18872889281
4,Rocky Mountain,2020-08-01,Polynomial ridge (degree 2),7,23509.0,24304.17255660834
4,Rocky Mountain,2020-09-01,Polynomial ridge (degree 2),7,24222.0,23285.050454516888
4,Rocky Mountain,2020-10-01,Polynomial ridge (degree 2),7,24528.0,24315.77262802125
4,Rocky Mountain,2020-11-01,Polynomial ridge (degree 2),7,24398.0,24561.823178865845
4,Rocky Mountain,2020-12-01,Polynomial ridge (degree 2),7,24949.0,24357.65690336911
4,Rocky Mountain,2021-01-01,Polynomial ridge (degree 2),7,22852.0,24987.280236707244
4,Rocky Mountain,2019-05-01,Spline ridge (4 knots),7,21857.0,25552.470325183785
4,Rocky Mountain,2019-06-01,Spline ridge (4 knots),7,20832.0,21308.489725735064
4,Rocky Mountain,2019-07-01,Spline ridge (4 knots),7,20542.0,20922.231152234002
4,Rocky Mountain,2019-08-01,Spline ridge (4 knots),7,20850.0,20829.069147963717
4,Rocky Mountain,2019-09-01,Spline ridge (4 knots),7,23255.0,21158.657446473382
4,Rocky Mountain,2019-10-01,Spline ridge (4 knots),7,24381.0,23311.039182961744
4,Rocky Mountain,2019-11-01,Spline ridge (4 knots),7,23890.0,24522.948914301858
4,Rocky Mountain,2019-12-01,Spline ridge (4 knots),7,22824.0,24057.549961249366
4,Rocky Mountain,2020-01-01,Spline ridge (4 knots),7,21253.0,22829.482443503624
4,Rocky Mountain,2020-02-01,Spline ridge (4 knots),7,23655.0,21101.202607512918
4,Rocky Mountain,2020-03-01,Spline ridge (4 knots),7,25662.0,23729.439309017594
4,Rocky Mountain,2020-04-01,Spline ridge (4 knots),7,24897.0,25757.56758094022
4,Rocky Mountain,2020-05-01,Spline ridge (4 knots),7,26525.0,25095.36863528558
4,Rocky Mountain,2020-06-01,Spline ridge (4 knots),7,25529.0,26710.068855034944
4,Rocky Mountain,2020-07-01,Spline ridge (4 knots),7,24575.0,25663.869545590213
4,Rocky Mountain,2020-08-01,Spline ridge (4 knots),7,23509.0,24718.051767047516
4,Rocky Mountain,2020-09-01,Spline ridge (4 knots),7,24222.0,23613.873013094515
4,Rocky Mountain,2020-10-01,Spline ridge (4 knots),7,24528.0,24534.806768418453
4,Rocky Mountain,2020-11-01,Spline ridge (4 knots),7,24398.0,24862.876851780846
4,Rocky Mountain,2020-12-01,Spline ridge (4 knots),7,24949.0,24718.755309887507
4,Rocky Mountain,2021-01-01,Spline ridge (4 knots),7,22852.0,25281.709500777364
4,Rocky Mountain,2021-02-01,Persistence,8,23617.0,22852.0
4,Rocky Mountain,2021-03-01,Persistence,8,25326.0,23617.0
4,Rocky Mountain,2021-04-01,Persistence,8,25379.0,25326.0
4,Rocky Mountain,2021-05-01,Persistence,8,24512.0,25379.0
4,Rocky Mountain,2021-06-01,Persistence,8,24171.0,24512.0
4,Rocky Mountain,2021-07-01,Persistence,8,23904.0,24171.0
4,Rocky Mountain,2021-08-01,Persistence,8,23216.0,23904.0
4,Rocky Mountain,2021-09-01,Persistence,8,23663.0,23216.0
4,Rocky Mountain,2021-10-01,Persistence,8,24529.0,23663.0
4,Rocky Mountain,2021-11-01,Persistence,8,24328.0,24529.0
4,Rocky Mountain,2021-12-01,Persistence,8,23746.0,24328.0
4,Rocky Mountain,2022-01-01,Persistence,8,24060.0,23746.0
4,Rocky Mountain,2022-02-01,Persistence,8,25698.0,24060.0
4,Rocky Mountain,2022-03-01,Persistence,8,23192.0,25698.0
4,Rocky Mountain,2022-04-01,Persistence,8,25732.0,23192.0
4,Rocky Mountain,2022-05-01,Persistence,8,24100.0,25732.0
4,Rocky Mountain,2022-06-01,Persistence,8,23644.0,24100.0
4,Rocky Mountain,2022-07-01,Persistence,8,22754.0,23644.0
4,Rocky Mountain,2022-08-01,Persistence,8,23471.0,22754.0
4,Rocky Mountain,2022-09-01,Persistence,8,23509.0,23471.0
4,Rocky Mountain,2022-10-01,Persistence,8,24902.0,23509.0
4,Rocky Mountain,2021-02-01,Physical level MLR,8,23617.0,22729.295342467005
4,Rocky Mountain,2021-03-01,Physical level MLR,8,25326.0,23482.44230193841
4,Rocky Mountain,2021-04-01,Physical level MLR,8,25379.0,25170.950252341758
4,Rocky Mountain,2021-05-01,Physical level MLR,8,24512.0,25204.73620275075
4,Rocky Mountain,2021-06-01,Physical level MLR,8,24171.0,24353.946055980894
4,Rocky Mountain,2021-07-01,Physical level MLR,8,23904.0,23947.410635291897
4,Rocky Mountain,2021-08-01,Physical level MLR,8,23216.0,23739.569394340004
4,Rocky Mountain,2021-09-01,Physical level MLR,8,23663.0,23124.170538169357
4,Rocky Mountain,2021-10-01,Physical level MLR,8,24529.0,23751.92032321186
4,Rocky Mountain,2021-11-01,Physical level MLR,8,24328.0,24455.34196698242
4,Rocky Mountain,2021-12-01,Physical level MLR,8,23746.0,24253.58357331435
4,Rocky Mountain,2022-01-01,Physical level MLR,8,24060.0,23660.918168043194
4,Rocky Mountain,2022-02-01,Physical level MLR,8,25698.0,23991.278300937738
4,Rocky Mountain,2022-03-01,Physical level MLR,8,23192.0,25561.530916711585
4,Rocky Mountain,2022-04-01,Physical level MLR,8,25732.0,23314.990978439924
4,Rocky Mountain,2022-05-01,Physical level MLR,8,24100.0,25813.362311474524
4,Rocky Mountain,2022-06-01,Physical level MLR,8,23644.0,24011.31800118456
4,Rocky Mountain,2022-07-01,Physical level MLR,8,22754.0,23537.621576783305
4,Rocky Mountain,2022-08-01,Physical level MLR,8,23471.0,22798.557156874478
4,Rocky Mountain,2022-09-01,Physical level MLR,8,23509.0,23464.86213216396
4,Rocky Mountain,2022-10-01,Physical level MLR,8,24902.0,23552.291376103625
4,Rocky Mountain,2021-02-01,Change MLR,8,23617.0,22812.56938399002
4,Rocky Mountain,2021-03-01,Change MLR,8,25326.0,23666.196796002565
4,Rocky Mountain,2021-04-01,Change MLR,8,25379.0,25448.7867526734
4,Rocky Mountain,2021-05-01,Change MLR,8,24512.0,25346.258814314133
4,Rocky Mountain,2021-06-01,Change MLR,8,24171.0,24410.582705513174
4,Rocky Mountain,2021-07-01,Change MLR,8,23904.0,24058.894518890476
4,Rocky Mountain,2021-08-01,Change MLR,8,23216.0,23805.32304415243
4,Rocky Mountain,2021-09-01,Change MLR,8,23663.0,23061.173645479277
4,Rocky Mountain,2021-10-01,Change MLR,8,24529.0,23707.583401567594
4,Rocky Mountain,2021-11-01,Change MLR,8,24328.0,24516.550796769483
4,Rocky Mountain,2021-12-01,Change MLR,8,23746.0,24181.178957423934
4,Rocky Mountain,2022-01-01,Change MLR,8,24060.0,23688.92973456931
4,Rocky Mountain,2022-02-01,Change MLR,8,25698.0,24145.945107041684
4,Rocky Mountain,2022-03-01,Change MLR,8,23192.0,25714.22574101634
4,Rocky Mountain,2022-04-01,Change MLR,8,25732.0,23105.51125851947
4,Rocky Mountain,2022-05-01,Change MLR,8,24100.0,26056.110904744433
4,Rocky Mountain,2022-06-01,Change MLR,8,23644.0,24008.909143955734
4,Rocky Mountain,2022-07-01,Change MLR,8,22754.0,23525.655624028183
4,Rocky Mountain,2022-08-01,Change MLR,8,23471.0,22633.223570953993
4,Rocky Mountain,2022-09-01,Change MLR,8,23509.0,23496.029915497606
4,Rocky Mountain,2022-10-01,Change MLR,8,24902.0,23433.730758317135
4,Rocky Mountain,2021-02-01,Seasonal ridge MLR,8,23617.0,22889.328812603297
4,Rocky Mountain,2021-03-01,Seasonal ridge MLR,8,25326.0,23592.25821244109
4,Rocky Mountain,2021-04-01,Seasonal ridge MLR,8,25379.0,25229.586828960186
4,Rocky Mountain,2021-05-01,Seasonal ridge MLR,8,24512.0,25086.421073733454
4,Rocky Mountain,2021-06-01,Seasonal ridge MLR,8,24171.0,24148.45784664357
4,Rocky Mountain,2021-07-01,Seasonal ridge MLR,8,23904.0,23869.503480161275
4,Rocky Mountain,2021-08-01,Seasonal ridge MLR,8,23216.0,23696.06439036654
4,Rocky Mountain,2021-09-01,Seasonal ridge MLR,8,23663.0,23046.275336242456
4,Rocky Mountain,2021-10-01,Seasonal ridge MLR,8,24529.0,23770.294770339337
4,Rocky Mountain,2021-11-01,Seasonal ridge MLR,8,24328.0,24630.751978330612
4,Rocky Mountain,2021-12-01,Seasonal ridge MLR,8,23746.0,24323.49253864474
4,Rocky Mountain,2022-01-01,Seasonal ridge MLR,8,24060.0,23834.423741354934
4,Rocky Mountain,2022-02-01,Seasonal ridge MLR,8,25698.0,24168.53008816631
4,Rocky Mountain,2022-03-01,Seasonal ridge MLR,8,23192.0,25597.417412767147
4,Rocky Mountain,2022-04-01,Seasonal ridge MLR,8,25732.0,22965.668349355325
4,Rocky Mountain,2022-05-01,Seasonal ridge MLR,8,24100.0,25758.762552273864
4,Rocky Mountain,2022-06-01,Seasonal ridge MLR,8,23644.0,23806.198186750116
4,Rocky Mountain,2022-07-01,Seasonal ridge MLR,8,22754.0,23353.198181992313
4,Rocky Mountain,2022-08-01,Seasonal ridge MLR,8,23471.0,22545.348675462585
4,Rocky Mountain,2022-09-01,Seasonal ridge MLR,8,23509.0,23483.328825693145
4,Rocky Mountain,2022-10-01,Seasonal ridge MLR,8,24902.0,23519.098112436037
4,Rocky Mountain,2021-02-01,Polynomial ridge (degree 2),8,23617.0,22537.70807769321
4,Rocky Mountain,2021-03-01,Polynomial ridge (degree 2),8,25326.0,23547.07434334203
4,Rocky Mountain,2021-04-01,Polynomial ridge (degree 2),8,25379.0,25097.78860241467
4,Rocky Mountain,2021-05-01,Polynomial ridge (degree 2),8,24512.0,24951.530880102426
4,Rocky Mountain,2021-06-01,Polynomial ridge (degree 2),8,24171.0,24098.87178662235
4,Rocky Mountain,2021-07-01,Polynomial ridge (degree 2),8,23904.0,23894.381196043734
4,Rocky Mountain,2021-08-01,Polynomial ridge (degree 2),8,23216.0,23674.15583470222
4,Rocky Mountain,2021-09-01,Polynomial ridge (degree 2),8,23663.0,23021.24376764587
4,Rocky Mountain,2021-10-01,Polynomial ridge (degree 2),8,24529.0,23570.03510701794
4,Rocky Mountain,2021-11-01,Polynomial ridge (degree 2),8,24328.0,24351.660404987146
4,Rocky Mountain,2021-12-01,Polynomial ridge (degree 2),8,23746.0,24028.59277746896
4,Rocky Mountain,2022-01-01,Polynomial ridge (degree 2),8,24060.0,23494.0888487092
4,Rocky Mountain,2022-02-01,Polynomial ridge (degree 2),8,25698.0,23881.685666599187
4,Rocky Mountain,2022-03-01,Polynomial ridge (degree 2),8,23192.0,25414.36144283216
4,Rocky Mountain,2022-04-01,Polynomial ridge (degree 2),8,25732.0,22661.876155436963
4,Rocky Mountain,2022-05-01,Polynomial ridge (degree 2),8,24100.0,25531.61832196391
4,Rocky Mountain,2022-06-01,Polynomial ridge (degree 2),8,23644.0,23629.62535215551
4,Rocky Mountain,2022-07-01,Polynomial ridge (degree 2),8,22754.0,23422.36432719677
4,Rocky Mountain,2022-08-01,Polynomial ridge (degree 2),8,23471.0,22588.64375014881
4,Rocky Mountain,2022-09-01,Polynomial ridge (degree 2),8,23509.0,23434.14672082572
4,Rocky Mountain,2022-10-01,Polynomial ridge (degree 2),8,24902.0,23381.238294257728
4,Rocky Mountain,2021-02-01,Spline ridge (4 knots),8,23617.0,22551.42210728893
4,Rocky Mountain,2021-03-01,Spline ridge (4 knots),8,25326.0,23707.956706447192
4,Rocky Mountain,2021-04-01,Spline ridge (4 knots),8,25379.0,25323.76210497768
4,Rocky Mountain,2021-05-01,Spline ridge (4 knots),8,24512.0,25480.27328221598
4,Rocky Mountain,2021-06-01,Spline ridge (4 knots),8,24171.0,24545.525222961598
4,Rocky Mountain,2021-07-01,Spline ridge (4 knots),8,23904.0,24305.73344498227
4,Rocky Mountain,2021-08-01,Spline ridge (4 knots),8,23216.0,24032.277243467248
4,Rocky Mountain,2021-09-01,Spline ridge (4 knots),8,23663.0,23280.24969529713
4,Rocky Mountain,2021-10-01,Spline ridge (4 knots),8,24529.0,23719.22727870823
4,Rocky Mountain,2021-11-01,Spline ridge (4 knots),8,24328.0,24529.36224442101
4,Rocky Mountain,2021-12-01,Spline ridge (4 knots),8,23746.0,24400.949471591215
4,Rocky Mountain,2022-01-01,Spline ridge (4 knots),8,24060.0,23840.033561580745
4,Rocky Mountain,2022-02-01,Spline ridge (4 knots),8,25698.0,24193.225939231335
4,Rocky Mountain,2022-03-01,Spline ridge (4 knots),8,23192.0,25652.877532417326
4,Rocky Mountain,2022-04-01,Spline ridge (4 knots),8,25732.0,22641.409335140892
4,Rocky Mountain,2022-05-01,Spline ridge (4 knots),8,24100.0,25781.946622719253
4,Rocky Mountain,2022-06-01,Spline ridge (4 knots),8,23644.0,23909.186516077338
4,Rocky Mountain,2022-07-01,Spline ridge (4 knots),8,22754.0,23738.568193916683
4,Rocky Mountain,2022-08-01,Spline ridge (4 knots),8,23471.0,22760.782064050505
4,Rocky Mountain,2022-09-01,Spline ridge (4 knots),8,23509.0,23512.771199848237
4,Rocky Mountain,2022-10-01,Spline ridge (4 knots),8,24902.0,23587.313083667006
4,Rocky Mountain,2022-11-01,Persistence,9,24421.0,24902.0
4,Rocky Mountain,2022-12-01,Persistence,9,23934.0,24421.0
4,Rocky Mountain,2023-01-01,Persistence,9,24737.0,23934.0
4,Rocky Mountain,2023-02-01,Persistence,9,25756.0,24737.0
4,Rocky Mountain,2023-03-01,Persistence,9,25956.0,25756.0
4,Rocky Mountain,2023-04-01,Persistence,9,26155.0,25956.0
4,Rocky Mountain,2023-05-01,Persistence,9,24830.0,26155.0
4,Rocky Mountain,2023-06-01,Persistence,9,24055.0,24830.0
4,Rocky Mountain,2023-07-01,Persistence,9,23585.0,24055.0
4,Rocky Mountain,2023-08-01,Persistence,9,24045.0,23585.0
4,Rocky Mountain,2023-09-01,Persistence,9,23932.0,24045.0
4,Rocky Mountain,2023-10-01,Persistence,9,24684.0,23932.0
4,Rocky Mountain,2023-11-01,Persistence,9,25827.0,24684.0
4,Rocky Mountain,2023-12-01,Persistence,9,24185.0,25827.0
4,Rocky Mountain,2024-01-01,Persistence,9,25631.0,24185.0
4,Rocky Mountain,2024-02-01,Persistence,9,26186.0,25631.0
4,Rocky Mountain,2024-03-01,Persistence,9,24951.0,26186.0
4,Rocky Mountain,2024-04-01,Persistence,9,24254.0,24951.0
4,Rocky Mountain,2024-05-01,Persistence,9,22935.0,24254.0
4,Rocky Mountain,2024-06-01,Persistence,9,22660.0,22935.0
4,Rocky Mountain,2024-07-01,Persistence,9,22246.0,22660.0
4,Rocky Mountain,2022-11-01,Physical level MLR,9,24421.0,24927.87429168872
4,Rocky Mountain,2022-12-01,Physical level MLR,9,23934.0,24440.14634269439
4,Rocky Mountain,2023-01-01,Physical level MLR,9,24737.0,24254.954321158133
4,Rocky Mountain,2023-02-01,Physical level MLR,9,25756.0,24831.929394645602
4,Rocky Mountain,2023-03-01,Physical level MLR,9,25956.0,25784.9205639859
4,Rocky Mountain,2023-04-01,Physical level MLR,9,26155.0,26060.091969040994
4,Rocky Mountain,2023-05-01,Physical level MLR,9,24830.0,26261.505940748204
4,Rocky Mountain,2023-06-01,Physical level MLR,9,24055.0,24846.07535953063
4,Rocky Mountain,2023-07-01,Physical level MLR,9,23585.0,24136.06205623524
4,Rocky Mountain,2023-08-01,Physical level MLR,9,24045.0,23736.756412789946
4,Rocky Mountain,2023-09-01,Physical level MLR,9,23932.0,24111.907198463086
4,Rocky Mountain,2023-10-01,Physical level MLR,9,24684.0,24031.93755877902
4,Rocky Mountain,2023-11-01,Physical level MLR,9,25827.0,24846.311002595656
4,Rocky Mountain,2023-12-01,Physical level MLR,9,24185.0,26014.67545044438
4,Rocky Mountain,2024-01-01,Physical level MLR,9,25631.0,24394.623460426024
4,Rocky Mountain,2024-02-01,Physical level MLR,9,26186.0,25834.21587195954
4,Rocky Mountain,2024-03-01,Physical level MLR,9,24951.0,26417.282438277143
4,Rocky Mountain,2024-04-01,Physical level MLR,9,24254.0,25156.953353628123
4,Rocky Mountain,2024-05-01,Physical level MLR,9,22935.0,24484.31410333031
4,Rocky Mountain,2024-06-01,Physical level MLR,9,22660.0,23151.963025929297
4,Rocky Mountain,2024-07-01,Physical level MLR,9,22246.0,22940.285397580497
4,Rocky Mountain,2022-11-01,Change MLR,9,24421.0,24927.26168108435
4,Rocky Mountain,2022-12-01,Change MLR,9,23934.0,24471.676702022516
4,Rocky Mountain,2023-01-01,Change MLR,9,24737.0,24115.311512150576
4,Rocky Mountain,2023-02-01,Change MLR,9,25756.0,24886.76170696557
4,Rocky Mountain,2023-03-01,Change MLR,9,25956.0,25844.421606468062
4,Rocky Mountain,2023-04-01,Change MLR,9,26155.0,26289.592643033968
4,Rocky Mountain,2023-05-01,Change MLR,9,24830.0,26366.426360381036
4,Rocky Mountain,2023-06-01,Change MLR,9,24055.0,24978.099778480115
4,Rocky Mountain,2023-07-01,Change MLR,9,23585.0,24148.266632815456
4,Rocky Mountain,2023-08-01,Change MLR,9,24045.0,23510.827318008836
4,Rocky Mountain,2023-09-01,Change MLR,9,23932.0,23992.939895810738
4,Rocky Mountain,2023-10-01,Change MLR,9,24684.0,23871.043647499984
4,Rocky Mountain,2023-11-01,Change MLR,9,25827.0,24673.307627271715
4,Rocky Mountain,2023-12-01,Change MLR,9,24185.0,25753.69317046594
4,Rocky Mountain,2024-01-01,Change MLR,9,25631.0,24284.90967098425
4,Rocky Mountain,2024-02-01,Change MLR,9,26186.0,25784.244294081665
4,Rocky Mountain,2024-03-01,Change MLR,9,24951.0,26342.716439958476
4,Rocky Mountain,2024-04-01,Change MLR,9,24254.0,25132.60721993965
4,Rocky Mountain,2024-05-01,Change MLR,9,22935.0,24442.00488456295
4,Rocky Mountain,2024-06-01,Change MLR,9,22660.0,23007.02031225149
4,Rocky Mountain,2024-07-01,Change MLR,9,22246.0,22673.11475282473
4,Rocky Mountain,2022-11-01,Seasonal ridge MLR,9,24421.0,25110.15828103787
4,Rocky Mountain,2022-12-01,Seasonal ridge MLR,9,23934.0,24682.278623882674
4,Rocky Mountain,2023-01-01,Seasonal ridge MLR,9,24737.0,24224.43623501279
4,Rocky Mountain,2023-02-01,Seasonal ridge MLR,9,25756.0,24892.655315445536
4,Rocky Mountain,2023-03-01,Seasonal ridge MLR,9,25956.0,25766.909228451954
4,Rocky Mountain,2023-04-01,Seasonal ridge MLR,9,26155.0,26101.771652794672
4,Rocky Mountain,2023-05-01,Seasonal ridge MLR,9,24830.0,26102.010187776206
4,Rocky Mountain,2023-06-01,Seasonal ridge MLR,9,24055.0,24747.681599788033
4,Rocky Mountain,2023-07-01,Seasonal ridge MLR,9,23585.0,23967.066183776395
4,Rocky Mountain,2023-08-01,Seasonal ridge MLR,9,24045.0,23406.44828644625
4,Rocky Mountain,2023-09-01,Seasonal ridge MLR,9,23932.0,24012.211595659865
4,Rocky Mountain,2023-10-01,Seasonal ridge MLR,9,24684.0,24023.418488565694
4,Rocky Mountain,2023-11-01,Seasonal ridge MLR,9,25827.0,24867.91130093981
4,Rocky Mountain,2023-12-01,Seasonal ridge MLR,9,24185.0,25933.859237183347
4,Rocky Mountain,2024-01-01,Seasonal ridge MLR,9,25631.0,24460.2908252535
4,Rocky Mountain,2024-02-01,Seasonal ridge MLR,9,26186.0,25806.79748668528
4,Rocky Mountain,2024-03-01,Seasonal ridge MLR,9,24951.0,26256.0088230464
4,Rocky Mountain,2024-04-01,Seasonal ridge MLR,9,24254.0,24965.38228483747
4,Rocky Mountain,2024-05-01,Seasonal ridge MLR,9,22935.0,24241.78629958132
4,Rocky Mountain,2024-06-01,Seasonal ridge MLR,9,22660.0,22786.093234712058
4,Rocky Mountain,2024-07-01,Seasonal ridge MLR,9,22246.0,22482.299494563074
4,Rocky Mountain,2022-11-01,Polynomial ridge (degree 2),9,24421.0,24629.646528519326
4,Rocky Mountain,2022-12-01,Polynomial ridge (degree 2),9,23934.0,24260.476327905264
4,Rocky Mountain,2023-01-01,Polynomial ridge (degree 2),9,24737.0,23821.100947153045
4,Rocky Mountain,2023-02-01,Polynomial ridge (degree 2),9,25756.0,24504.290127287084
4,Rocky Mountain,2023-03-01,Polynomial ridge (degree 2),9,25956.0,25340.716240801346
4,Rocky Mountain,2023-04-01,Polynomial ridge (degree 2),9,26155.0,25543.328600299654
4,Rocky Mountain,2023-05-01,Polynomial ridge (degree 2),9,24830.0,25686.93787005915
4,Rocky Mountain,2023-06-01,Polynomial ridge (degree 2),9,24055.0,24636.174476893622
4,Rocky Mountain,2023-07-01,Polynomial ridge (degree 2),9,23585.0,23950.239842784333
4,Rocky Mountain,2023-08-01,Polynomial ridge (degree 2),9,24045.0,23527.74246276523
4,Rocky Mountain,2023-09-01,Polynomial ridge (degree 2),9,23932.0,23924.469424631126
4,Rocky Mountain,2023-10-01,Polynomial ridge (degree 2),9,24684.0,23829.44920124841
4,Rocky Mountain,2023-11-01,Polynomial ridge (degree 2),9,25827.0,24451.44089382454
4,Rocky Mountain,2023-12-01,Polynomial ridge (degree 2),9,24185.0,25356.393729376327
4,Rocky Mountain,2024-01-01,Polynomial ridge (degree 2),9,25631.0,24038.40815322543
4,Rocky Mountain,2024-02-01,Polynomial ridge (degree 2),9,26186.0,25216.784649622565
4,Rocky Mountain,2024-03-01,Polynomial ridge (degree 2),9,24951.0,25667.932845085106
4,Rocky Mountain,2024-04-01,Polynomial ridge (degree 2),9,24254.0,24696.457584386444
4,Rocky Mountain,2024-05-01,Polynomial ridge (degree 2),9,22935.0,24110.593419446213
4,Rocky Mountain,2024-06-01,Polynomial ridge (degree 2),9,22660.0,22963.380458186308
4,Rocky Mountain,2024-07-01,Polynomial ridge (degree 2),9,22246.0,22731.711234379633
4,Rocky Mountain,2022-11-01,Spline ridge (4 knots),9,24421.0,24788.306794683045
4,Rocky Mountain,2022-12-01,Spline ridge (4 knots),9,23934.0,24426.176513780792
4,Rocky Mountain,2023-01-01,Spline ridge (4 knots),9,24737.0,23892.96305283715
4,Rocky Mountain,2023-02-01,Spline ridge (4 knots),9,25756.0,24654.965991147452
4,Rocky Mountain,2023-03-01,Spline ridge (4 knots),9,25956.0,25638.754867708445
4,Rocky Mountain,2023-04-01,Spline ridge (4 knots),9,26155.0,25938.78743643155
4,Rocky Mountain,2023-05-01,Spline ridge (4 knots),9,24830.0,26098.380148163258
4,Rocky Mountain,2023-06-01,Spline ridge (4 knots),9,24055.0,24809.697308411603
4,Rocky Mountain,2023-07-01,Spline ridge (4 knots),9,23585.0,24064.111797507023
4,Rocky Mountain,2023-08-01,Spline ridge (4 knots),9,24045.0,23546.949794255885
4,Rocky Mountain,2023-09-01,Spline ridge (4 knots),9,23932.0,23986.40628727041
4,Rocky Mountain,2023-10-01,Spline ridge (4 knots),9,24684.0,23898.282610780785
4,Rocky Mountain,2023-11-01,Spline ridge (4 knots),9,25827.0,24569.664632177246
4,Rocky Mountain,2023-12-01,Spline ridge (4 knots),9,24185.0,25706.268710869448
4,Rocky Mountain,2024-01-01,Spline ridge (4 knots),9,25631.0,24067.811338824085
4,Rocky Mountain,2024-02-01,Spline ridge (4 knots),9,26186.0,25475.18903207043
4,Rocky Mountain,2024-03-01,Spline ridge (4 knots),9,24951.0,26105.247598851256
4,Rocky Mountain,2024-04-01,Spline ridge (4 knots),9,24254.0,24876.455136678156
4,Rocky Mountain,2024-05-01,Spline ridge (4 knots),9,22935.0,24226.783614855613
4,Rocky Mountain,2024-06-01,Spline ridge (4 knots),9,22660.0,22879.509127105084
4,Rocky Mountain,2024-07-01,Spline ridge (4 knots),9,22246.0,22627.73035247898
4,Rocky Mountain,2024-08-01,Persistence,10,22265.0,22246.0
4,Rocky Mountain,2024-09-01,Persistence,10,22786.0,22265.0
4,Rocky Mountain,2024-10-01,Persistence,10,23917.0,22786.0
4,Rocky Mountain,2024-11-01,Persistence,10,24434.0,23917.0
4,Rocky Mountain,2024-12-01,Persistence,10,23927.0,24434.0
4,Rocky Mountain,2025-01-01,Persistence,10,24910.0,23927.0
4,Rocky Mountain,2025-02-01,Persistence,10,24271.0,24910.0
4,Rocky Mountain,2025-03-01,Persistence,10,24801.0,24271.0
4,Rocky Mountain,2025-04-01,Persistence,10,24909.0,24801.0
4,Rocky Mountain,2025-05-01,Persistence,10,24042.0,24909.0
4,Rocky Mountain,2025-06-01,Persistence,10,22926.0,24042.0
4,Rocky Mountain,2025-07-01,Persistence,10,22414.0,22926.0
4,Rocky Mountain,2025-08-01,Persistence,10,22582.0,22414.0
4,Rocky Mountain,2025-09-01,Persistence,10,23643.0,22582.0
4,Rocky Mountain,2025-10-01,Persistence,10,24528.0,23643.0
4,Rocky Mountain,2025-11-01,Persistence,10,24600.0,24528.0
4,Rocky Mountain,2025-12-01,Persistence,10,23734.0,24600.0
4,Rocky Mountain,2026-01-01,Persistence,10,24618.0,23734.0
4,Rocky Mountain,2026-02-01,Persistence,10,25225.0,24618.0
4,Rocky Mountain,2026-03-01,Persistence,10,25900.0,25225.0
4,Rocky Mountain,2026-04-01,Persistence,10,24106.0,25900.0
4,Rocky Mountain,2024-08-01,Physical level MLR,10,22265.0,22403.864505855363
4,Rocky Mountain,2024-09-01,Physical level MLR,10,22786.0,22572.541408446734
4,Rocky Mountain,2024-10-01,Physical level MLR,10,23917.0,23099.233442715806
4,Rocky Mountain,2024-11-01,Physical level MLR,10,24434.0,24145.195691284465
4,Rocky Mountain,2024-12-01,Physical level MLR,10,23927.0,24690.69188041763
4,Rocky Mountain,2025-01-01,Physical level MLR,10,24910.0,24158.294841145485
4,Rocky Mountain,2025-02-01,Physical level MLR,10,24271.0,25030.790562892114
4,Rocky Mountain,2025-03-01,Physical level MLR,10,24801.0,24464.324776861948
4,Rocky Mountain,2025-04-01,Physical level MLR,10,24909.0,24927.13521774095
4,Rocky Mountain,2025-05-01,Physical level MLR,10,24042.0,24998.737446970885
4,Rocky Mountain,2025-06-01,Physical level MLR,10,22926.0,24144.61752213265
4,Rocky Mountain,2025-07-01,Physical level MLR,10,22414.0,23119.91050702071
4,Rocky Mountain,2025-08-01,Physical level MLR,10,22582.0,22645.41687413466
4,Rocky Mountain,2025-09-01,Physical level MLR,10,23643.0,22785.5827693131
4,Rocky Mountain,2025-10-01,Physical level MLR,10,24528.0,23806.928240197987
4,Rocky Mountain,2025-11-01,Physical level MLR,10,24600.0,24547.71325635913
4,Rocky Mountain,2025-12-01,Physical level MLR,10,23734.0,24657.06082910258
4,Rocky Mountain,2026-01-01,Physical level MLR,10,24618.0,23812.71764959681
4,Rocky Mountain,2026-02-01,Physical level MLR,10,25225.0,24606.96256482818
4,Rocky Mountain,2026-03-01,Physical level MLR,10,25900.0,25296.49041580992
4,Rocky Mountain,2026-04-01,Physical level MLR,10,24106.0,26194.859186893496
4,Rocky Mountain,2024-08-01,Change MLR,10,22265.0,22174.538067962712
4,Rocky Mountain,2024-09-01,Change MLR,10,22786.0,22261.22975149119
4,Rocky Mountain,2024-10-01,Change MLR,10,23917.0,22802.86107157721
4,Rocky Mountain,2024-11-01,Change MLR,10,24434.0,23900.142333844695
4,Rocky Mountain,2024-12-01,Change MLR,10,23927.0,24456.70282037636
4,Rocky Mountain,2025-01-01,Change MLR,10,24910.0,23993.17381898009
4,Rocky Mountain,2025-02-01,Change MLR,10,24271.0,25013.318320594808
4,Rocky Mountain,2025-03-01,Change MLR,10,24801.0,24435.564672278902
4,Rocky Mountain,2025-04-01,Change MLR,10,24909.0,24820.0343726148
4,Rocky Mountain,2025-05-01,Change MLR,10,24042.0,24875.244177909168
4,Rocky Mountain,2025-06-01,Change MLR,10,22926.0,24051.079204708545
4,Rocky Mountain,2025-07-01,Change MLR,10,22414.0,22905.11177810574
4,Rocky Mountain,2025-08-01,Change MLR,10,22582.0,22382.279199686644
4,Rocky Mountain,2025-09-01,Change MLR,10,23643.0,22468.997386389496
4,Rocky Mountain,2025-10-01,Change MLR,10,24528.0,23509.299939057615
4,Rocky Mountain,2025-11-01,Change MLR,10,24600.0,24504.711173618623
4,Rocky Mountain,2025-12-01,Change MLR,10,23734.0,24497.4651935214
4,Rocky Mountain,2026-01-01,Change MLR,10,24618.0,23752.575441476856
4,Rocky Mountain,2026-02-01,Change MLR,10,25225.0,24556.454494155634
4,Rocky Mountain,2026-03-01,Change MLR,10,25900.0,25150.75377096943
4,Rocky Mountain,2026-04-01,Change MLR,10,24106.0,26095.7361058975
4,Rocky Mountain,2024-08-01,Seasonal ridge MLR,10,22265.0,22136.39170318126
4,Rocky Mountain,2024-09-01,Seasonal ridge MLR,10,22786.0,22302.690808713338
4,Rocky Mountain,2024-10-01,Seasonal ridge MLR,10,23917.0,23021.338459719238
4,Rocky Mountain,2024-11-01,Seasonal ridge MLR,10,24434.0,24170.55750282766
4,Rocky Mountain,2024-12-01,Seasonal ridge MLR,10,23927.0,24729.159430250227
4,Rocky Mountain,2025-01-01,Seasonal ridge MLR,10,24910.0,24242.186169442557
4,Rocky Mountain,2025-02-01,Seasonal ridge MLR,10,24271.0,25087.89676668599
4,Rocky Mountain,2025-03-01,Seasonal ridge MLR,10,24801.0,24504.37337321764
4,Rocky Mountain,2025-04-01,Seasonal ridge MLR,10,24909.0,24629.06227222081
4,Rocky Mountain,2025-05-01,Seasonal ridge MLR,10,24042.0,24622.31603725482
4,Rocky Mountain,2025-06-01,Seasonal ridge MLR,10,22926.0,23830.215940454804
4,Rocky Mountain,2025-07-01,Seasonal ridge MLR,10,22414.0,22752.16886133081
4,Rocky Mountain,2025-08-01,Seasonal ridge MLR,10,22582.0,22343.7313493178
4,Rocky Mountain,2025-09-01,Seasonal ridge MLR,10,23643.0,22492.42035342079
4,Rocky Mountain,2025-10-01,Seasonal ridge MLR,10,24528.0,23646.589506000644
4,Rocky Mountain,2025-11-01,Seasonal ridge MLR,10,24600.0,24781.93323777514
4,Rocky Mountain,2025-12-01,Seasonal ridge MLR,10,23734.0,24744.187369807252
4,Rocky Mountain,2026-01-01,Seasonal ridge MLR,10,24618.0,24028.35190835622
4,Rocky Mountain,2026-02-01,Seasonal ridge MLR,10,25225.0,24599.080105781017
4,Rocky Mountain,2026-03-01,Seasonal ridge MLR,10,25900.0,25079.27857219242
4,Rocky Mountain,2026-04-01,Seasonal ridge MLR,10,24106.0,25869.330736967844
4,Rocky Mountain,2024-08-01,Polynomial ridge (degree 2),10,22265.0,22372.956945734142
4,Rocky Mountain,2024-09-01,Polynomial ridge (degree 2),10,22786.0,22391.877058369362
4,Rocky Mountain,2024-10-01,Polynomial ridge (degree 2),10,23917.0,22856.205144086358
4,Rocky Mountain,2024-11-01,Polynomial ridge (degree 2),10,24434.0,23829.39495239953
4,Rocky Mountain,2024-12-01,Polynomial ridge (degree 2),10,23927.0,24254.6196664605
4,Rocky Mountain,2025-01-01,Polynomial ridge (degree 2),10,24910.0,23837.640898551388
4,Rocky Mountain,2025-02-01,Polynomial ridge (degree 2),10,24271.0,24684.280570908773
4,Rocky Mountain,2025-03-01,Polynomial ridge (degree 2),10,24801.0,24161.48418669081
4,Rocky Mountain,2025-04-01,Polynomial ridge (degree 2),10,24909.0,24582.69444193248
4,Rocky Mountain,2025-05-01,Polynomial ridge (degree 2),10,24042.0,24673.7819272536
4,Rocky Mountain,2025-06-01,Polynomial ridge (degree 2),10,22926.0,23951.01762449458
4,Rocky Mountain,2025-07-01,Polynomial ridge (degree 2),10,22414.0,22964.10264740557
4,Rocky Mountain,2025-08-01,Polynomial ridge (degree 2),10,22582.0,22518.8859352927
4,Rocky Mountain,2025-09-01,Polynomial ridge (degree 2),10,23643.0,22670.752179333613
4,Rocky Mountain,2025-10-01,Polynomial ridge (degree 2),10,24528.0,23590.294896879863
4,Rocky Mountain,2025-11-01,Polynomial ridge (degree 2),10,24600.0,24367.726601142975
4,Rocky Mountain,2025-12-01,Polynomial ridge (degree 2),10,23734.0,24406.170409440496
4,Rocky Mountain,2026-01-01,Polynomial ridge (degree 2),10,24618.0,23690.53710127545
4,Rocky Mountain,2026-02-01,Polynomial ridge (degree 2),10,25225.0,24436.57040344947
4,Rocky Mountain,2026-03-01,Polynomial ridge (degree 2),10,25900.0,24924.605900430666
4,Rocky Mountain,2026-04-01,Polynomial ridge (degree 2),10,24106.0,25464.396157673033
4,Rocky Mountain,2024-08-01,Spline ridge (4 knots),10,22265.0,22215.364917489358
4,Rocky Mountain,2024-09-01,Spline ridge (4 knots),10,22786.0,22164.776022574533
4,Rocky Mountain,2024-10-01,Spline ridge (4 knots),10,23917.0,22665.73211751681
4,Rocky Mountain,2024-11-01,Spline ridge (4 knots),10,24434.0,23750.986274194925
4,Rocky Mountain,2024-12-01,Spline ridge (4 knots),10,23927.0,24293.341702223115
4,Rocky Mountain,2025-01-01,Spline ridge (4 knots),10,24910.0,23833.80545578296
4,Rocky Mountain,2025-02-01,Spline ridge (4 knots),10,24271.0,24779.562810369272
4,Rocky Mountain,2025-03-01,Spline ridge (4 knots),10,24801.0,24243.574968940862
4,Rocky Mountain,2025-04-01,Spline ridge (4 knots),10,24909.0,24668.58449947206
4,Rocky Mountain,2025-05-01,Spline ridge (4 knots),10,24042.0,24796.24101384968
4,Rocky Mountain,2025-06-01,Spline ridge (4 knots),10,22926.0,23971.24733830777
4,Rocky Mountain,2025-07-01,Spline ridge (4 knots),10,22414.0,22840.242606895874
4,Rocky Mountain,2025-08-01,Spline ridge (4 knots),10,22582.0,22348.88438256948
4,Rocky Mountain,2025-09-01,Spline ridge (4 knots),10,23643.0,22469.75874017202
4,Rocky Mountain,2025-10-01,Spline ridge (4 knots),10,24528.0,23472.31537460489
4,Rocky Mountain,2025-11-01,Spline ridge (4 knots),10,24600.0,24436.540012412494
4,Rocky Mountain,2025-12-01,Spline ridge (4 knots),10,23734.0,24485.650426271408
4,Rocky Mountain,2026-01-01,Spline ridge (4 knots),10,24618.0,23700.564337147825
4,Rocky Mountain,2026-02-01,Spline ridge (4 knots),10,25225.0,24489.19885363124
4,Rocky Mountain,2026-03-01,Spline ridge (4 knots),10,25900.0,25078.114756870196
4,Rocky Mountain,2026-04-01,Spline ridge (4 knots),10,24106.0,25754.625587362272
5,West Coast,2008-11-01,Persistence,1,53994.0,51556.0
5,West Coast,2008-12-01,Persistence,1,57155.0,53994.0
5,West Coast,2009-01-01,Persistence,1,58561.0,57155.0
5,West Coast,2009-02-01,Persistence,1,58139.0,58561.0
5,West Coast,2009-03-01,Persistence,1,59262.0,58139.0
5,West Coast,2009-04-01,Persistence,1,56987.0,59262.0
5,West Coast,2009-05-01,Persistence,1,52147.0,56987.0
5,West Coast,2009-06-01,Persistence,1,52323.0,52147.0
5,West Coast,2009-07-01,Persistence,1,52921.0,52323.0
5,West Coast,2009-08-01,Persistence,1,52405.0,52921.0
5,West Coast,2009-09-01,Persistence,1,54226.0,52405.0
5,West Coast,2009-10-01,Persistence,1,55850.0,54226.0
5,West Coast,2009-11-01,Persistence,1,48947.0,55850.0
5,West Coast,2009-12-01,Persistence,1,46976.0,48947.0
5,West Coast,2010-01-01,Persistence,1,50866.0,46976.0
5,West Coast,2010-02-01,Persistence,1,51765.0,50866.0
5,West Coast,2010-03-01,Persistence,1,53407.0,51765.0
5,West Coast,2010-04-01,Persistence,1,55536.0,53407.0
5,West Coast,2010-05-01,Persistence,1,54583.0,55536.0
5,West Coast,2010-06-01,Persistence,1,49946.0,54583.0
5,West Coast,2010-07-01,Persistence,1,50654.0,49946.0
5,West Coast,2008-11-01,Physical level MLR,1,53994.0,53255.698292897854
5,West Coast,2008-12-01,Physical level MLR,1,57155.0,54544.25487648223
5,West Coast,2009-01-01,Physical level MLR,1,58561.0,54918.83371682417
5,West Coast,2009-02-01,Physical level MLR,1,58139.0,53471.48430926129
5,West Coast,2009-03-01,Physical level MLR,1,59262.0,53647.29571627847
5,West Coast,2009-04-01,Physical level MLR,1,56987.0,53414.53183498373
5,West Coast,2009-05-01,Physical level MLR,1,52147.0,53089.68952929957
5,West Coast,2009-06-01,Physical level MLR,1,52323.0,49872.87917848814
5,West Coast,2009-07-01,Physical level MLR,1,52921.0,51867.14264182643
5,West Coast,2009-08-01,Physical level MLR,1,52405.0,52560.2699652154
5,West Coast,2009-09-01,Physical level MLR,1,54226.0,52402.72449493339
5,West Coast,2009-10-01,Physical level MLR,1,55850.0,53967.77568396664
5,West Coast,2009-11-01,Physical level MLR,1,48947.0,54142.65471580525
5,West Coast,2009-12-01,Physical level MLR,1,46976.0,50611.77367439975
5,West Coast,2010-01-01,Physical level MLR,1,50866.0,52896.38167852529
5,West Coast,2010-02-01,Physical level MLR,1,51765.0,54166.67143765981
5,West Coast,2010-03-01,Physical level MLR,1,53407.0,53196.0239245191
5,West Coast,2010-04-01,Physical level MLR,1,55536.0,53071.82609459859
5,West Coast,2010-05-01,Physical level MLR,1,54583.0,52355.36107811864
5,West Coast,2010-06-01,Physical level MLR,1,49946.0,51241.826243933705
5,West Coast,2010-07-01,Physical level MLR,1,50654.0,50627.57776248412
5,West Coast,2008-11-01,Change MLR,1,53994.0,51587.95634428018
5,West Coast,2008-12-01,Change MLR,1,57155.0,54054.816273824465
5,West Coast,2009-01-01,Change MLR,1,58561.0,57464.89319011636
5,West Coast,2009-02-01,Change MLR,1,58139.0,59469.5562934926
5,West Coast,2009-03-01,Change MLR,1,59262.0,58202.380157313266
5,West Coast,2009-04-01,Change MLR,1,56987.0,59844.70273662436
5,West Coast,2009-05-01,Change MLR,1,52147.0,57119.36814557618
5,West Coast,2009-06-01,Change MLR,1,52323.0,52689.41039226118
5,West Coast,2009-07-01,Change MLR,1,52921.0,53123.11471938032
5,West Coast,2009-08-01,Change MLR,1,52405.0,53795.15785818987
5,West Coast,2009-09-01,Change MLR,1,54226.0,52919.07109970144
5,West Coast,2009-10-01,Change MLR,1,55850.0,54713.77198886593
5,West Coast,2009-11-01,Change MLR,1,48947.0,56810.10261577838
5,West Coast,2009-12-01,Change MLR,1,46976.0,49058.53645908754
5,West Coast,2010-01-01,Change MLR,1,50866.0,47834.77543225943
5,West Coast,2010-02-01,Change MLR,1,51765.0,52812.95311738164
5,West Coast,2010-03-01,Change MLR,1,53407.0,52284.02410972227
5,West Coast,2010-04-01,Change MLR,1,55536.0,54213.91612189547
5,West Coast,2010-05-01,Change MLR,1,54583.0,56252.74316812874
5,West Coast,2010-06-01,Change MLR,1,49946.0,55818.70536914326
5,West Coast,2010-07-01,Change MLR,1,50654.0,50880.11731866693
5,West Coast,2008-11-01,Seasonal ridge MLR,1,53994.0,51908.44526703884
5,West Coast,2008-12-01,Seasonal ridge MLR,1,57155.0,54446.079485893686
5,West Coast,2009-01-01,Seasonal ridge MLR,1,58561.0,57724.332783450496
5,West Coast,2009-02-01,Seasonal ridge MLR,1,58139.0,59446.05861509412
5,West Coast,2009-03-01,Seasonal ridge MLR,1,59262.0,58296.52244709103
5,West Coast,2009-04-01,Seasonal ridge MLR,1,56987.0,59507.219339006086
5,West Coast,2009-05-01,Seasonal ridge MLR,1,52147.0,56716.37597991525
5,West Coast,2009-06-01,Seasonal ridge MLR,1,52323.0,52280.17382656048
5,West Coast,2009-07-01,Seasonal ridge MLR,1,52921.0,52473.665727815955
5,West Coast,2009-08-01,Seasonal ridge MLR,1,52405.0,53154.08559839458
5,West Coast,2009-09-01,Seasonal ridge MLR,1,54226.0,52657.37595897516
5,West Coast,2009-10-01,Seasonal ridge MLR,1,55850.0,54593.045616779986
5,West Coast,2009-11-01,Seasonal ridge MLR,1,48947.0,56672.586246229796
5,West Coast,2009-12-01,Seasonal ridge MLR,1,46976.0,49604.82976339265
5,West Coast,2010-01-01,Seasonal ridge MLR,1,50866.0,47867.378756848986
5,West Coast,2010-02-01,Seasonal ridge MLR,1,51765.0,52208.88356532727
5,West Coast,2010-03-01,Seasonal ridge MLR,1,53407.0,52205.31781075669
5,West Coast,2010-04-01,Seasonal ridge MLR,1,55536.0,53800.242758535394
5,West Coast,2010-05-01,Seasonal ridge MLR,1,54583.0,55758.19244509908
5,West Coast,2010-06-01,Seasonal ridge MLR,1,49946.0,55035.12651022575
5,West Coast,2010-07-01,Seasonal ridge MLR,1,50654.0,50197.368227084655
5,West Coast,2008-11-01,Polynomial ridge (degree 2),1,53994.0,51752.00599448091
5,West Coast,2008-12-01,Polynomial ridge (degree 2),1,57155.0,53714.72819105709
5,West Coast,2009-01-01,Polynomial ridge (degree 2),1,58561.0,57480.99058751363
5,West Coast,2009-02-01,Polynomial ridge (degree 2),1,58139.0,59588.96723669149
5,West Coast,2009-03-01,Polynomial ridge (degree 2),1,59262.0,58507.10690743661
5,West Coast,2009-04-01,Polynomial ridge (degree 2),1,56987.0,60717.45241689833
5,West Coast,2009-05-01,Polynomial ridge (degree 2),1,52147.0,56286.246693654975
5,West Coast,2009-06-01,Polynomial ridge (degree 2),1,52323.0,49692.101221847464
5,West Coast,2009-07-01,Polynomial ridge (degree 2),1,52921.0,52408.07958822214
5,West Coast,2009-08-01,Polynomial ridge (degree 2),1,52405.0,52846.88990912263
5,West Coast,2009-09-01,Polynomial ridge (degree 2),1,54226.0,52361.61574836081
5,West Coast,2009-10-01,Polynomial ridge (degree 2),1,55850.0,53975.60768687284
5,West Coast,2009-11-01,Polynomial ridge (degree 2),1,48947.0,55796.19380413831
5,West Coast,2009-12-01,Polynomial ridge (degree 2),1,46976.0,47980.188803842495
5,West Coast,2010-01-01,Polynomial ridge (degree 2),1,50866.0,51375.27487237133
5,West Coast,2010-02-01,Polynomial ridge (degree 2),1,51765.0,50126.378354282606
5,West Coast,2010-03-01,Polynomial ridge (degree 2),1,53407.0,52169.2038327518
5,West Coast,2010-04-01,Polynomial ridge (degree 2),1,55536.0,53237.13535680376
5,West Coast,2010-05-01,Polynomial ridge (degree 2),1,54583.0,55304.792805616526
5,West Coast,2010-06-01,Polynomial ridge (degree 2),1,49946.0,54058.58323030854
5,West Coast,2010-07-01,Polynomial ridge (degree 2),1,50654.0,50368.27773337237
5,West Coast,2008-11-01,Spline ridge (4 knots),1,53994.0,51087.35250536744
5,West Coast,2008-12-01,Spline ridge (4 knots),1,57155.0,54355.20233752719
5,West Coast,2009-01-01,Spline ridge (4 knots),1,58561.0,57568.89228808367
5,West Coast,2009-02-01,Spline ridge (4 knots),1,58139.0,58943.685041369885
5,West Coast,2009-03-01,Spline ridge (4 knots),1,59262.0,58013.897789208604
5,West Coast,2009-04-01,Spline ridge (4 knots),1,56987.0,59650.99957366859
5,West Coast,2009-05-01,Spline ridge (4 knots),1,52147.0,56579.98987803895
5,West Coast,2009-06-01,Spline ridge (4 knots),1,52323.0,51848.85974760888
5,West Coast,2009-07-01,Spline ridge (4 knots),1,52921.0,52391.28683963067
5,West Coast,2009-08-01,Spline ridge (4 knots),1,52405.0,53112.954562778046
5,West Coast,2009-09-01,Spline ridge (4 knots),1,54226.0,52235.47438637238
5,West Coast,2009-10-01,Spline ridge (4 knots),1,55850.0,54496.6884523566
5,West Coast,2009-11-01,Spline ridge (4 knots),1,48947.0,56080.53105691631
5,West Coast,2009-12-01,Spline ridge (4 knots),1,46976.0,49531.98277254314
5,West Coast,2010-01-01,Spline ridge (4 knots),1,50866.0,46448.79137357736
5,West Coast,2010-02-01,Spline ridge (4 knots),1,51765.0,51097.339497851164
5,West Coast,2010-03-01,Spline ridge (4 knots),1,53407.0,51930.649570794194
5,West Coast,2010-04-01,Spline ridge (4 knots),1,55536.0,53633.69716414646
5,West Coast,2010-05-01,Spline ridge (4 knots),1,54583.0,56215.246814500024
5,West Coast,2010-06-01,Spline ridge (4 knots),1,49946.0,54216.847277873494
5,West Coast,2010-07-01,Spline ridge (4 knots),1,50654.0,50103.014259817835
5,West Coast,2010-08-01,Persistence,2,53780.0,50654.0
5,West Coast,2010-09-01,Persistence,2,56017.0,53780.0
5,West Coast,2010-10-01,Persistence,2,55160.0,56017.0
5,West Coast,2010-11-01,Persistence,2,48551.0,55160.0
5,West Coast,2010-12-01,Persistence,2,47356.0,48551.0
5,West Coast,2011-01-01,Persistence,2,50151.0,47356.0
5,West Coast,2011-02-01,Persistence,2,51237.0,50151.0
5,West Coast,2011-03-01,Persistence,2,52236.0,51237.0
5,West Coast,2011-04-01,Persistence,2,55629.0,52236.0
5,West Coast,2011-05-01,Persistence,2,55464.0,55629.0
5,West Coast,2011-06-01,Persistence,2,50054.0,55464.0
5,West Coast,2011-07-01,Persistence,2,48900.0,50054.0
5,West Coast,2011-08-01,Persistence,2,48335.0,48900.0
5,West Coast,2011-09-01,Persistence,2,50553.0,48335.0
5,West Coast,2011-10-01,Persistence,2,54642.0,50553.0
5,West Coast,2011-11-01,Persistence,2,54482.0,54642.0
5,West Coast,2011-12-01,Persistence,2,55023.0,54482.0
5,West Coast,2012-01-01,Persistence,2,57842.0,55023.0
5,West Coast,2012-02-01,Persistence,2,57426.0,57842.0
5,West Coast,2012-03-01,Persistence,2,57126.0,57426.0
5,West Coast,2012-04-01,Persistence,2,56720.0,57126.0
5,West Coast,2010-08-01,Physical level MLR,2,53780.0,51704.89672887947
5,West Coast,2010-09-01,Physical level MLR,2,56017.0,53572.51706447904
5,West Coast,2010-10-01,Physical level MLR,2,55160.0,55188.67407891265
5,West Coast,2010-11-01,Physical level MLR,2,48551.0,53507.92878981153
5,West Coast,2010-12-01,Physical level MLR,2,47356.0,49843.58816478513
5,West Coast,2011-01-01,Physical level MLR,2,50151.0,48583.1043579145
5,West Coast,2011-02-01,Physical level MLR,2,51237.0,51875.10754330414
5,West Coast,2011-03-01,Physical level MLR,2,52236.0,52158.9218708295
5,West Coast,2011-04-01,Physical level MLR,2,55629.0,52500.62451022277
5,West Coast,2011-05-01,Physical level MLR,2,55464.0,54977.80628925516
5,West Coast,2011-06-01,Physical level MLR,2,50054.0,53145.77177372103
5,West Coast,2011-07-01,Physical level MLR,2,48900.0,48691.39357077868
5,West Coast,2011-08-01,Physical level MLR,2,48335.0,49254.70025898647
5,West Coast,2011-09-01,Physical level MLR,2,50553.0,50126.35729212803
5,West Coast,2011-10-01,Physical level MLR,2,54642.0,52499.92688844031
5,West Coast,2011-11-01,Physical level MLR,2,54482.0,53875.63437491896
5,West Coast,2011-12-01,Physical level MLR,2,55023.0,53635.08582806283
5,West Coast,2012-01-01,Physical level MLR,2,57842.0,53048.33444102974
5,West Coast,2012-02-01,Physical level MLR,2,57426.0,54635.66041509479
5,West Coast,2012-03-01,Physical level MLR,2,57126.0,54505.17053019574
5,West Coast,2012-04-01,Physical level MLR,2,56720.0,55027.08483228975
5,West Coast,2010-08-01,Change MLR,2,53780.0,50587.02499219439
5,West Coast,2010-09-01,Change MLR,2,56017.0,53652.60795391777
5,West Coast,2010-10-01,Change MLR,2,55160.0,56368.71493736835
5,West Coast,2010-11-01,Change MLR,2,48551.0,54921.14849379541
5,West Coast,2010-12-01,Change MLR,2,47356.0,48263.55162101863
5,West Coast,2011-01-01,Change MLR,2,50151.0,46390.898932065546
5,West Coast,2011-02-01,Change MLR,2,51237.0,50070.726188517954
5,West Coast,2011-03-01,Change MLR,2,52236.0,51128.04297123567
5,West Coast,2011-04-01,Change MLR,2,55629.0,52013.717327697814
5,West Coast,2011-05-01,Change MLR,2,55464.0,55869.420684061035
5,West Coast,2011-06-01,Change MLR,2,50054.0,55093.46146998174
5,West Coast,2011-07-01,Change MLR,2,48900.0,49098.41316966956
5,West Coast,2011-08-01,Change MLR,2,48335.0,48072.15329162969
5,West Coast,2011-09-01,Change MLR,2,50553.0,48120.48262626755
5,West Coast,2011-10-01,Change MLR,2,54642.0,50792.668387475365
5,West Coast,2011-11-01,Change MLR,2,54482.0,54360.12241907948
5,West Coast,2011-12-01,Change MLR,2,55023.0,54530.587373481016
5,West Coast,2012-01-01,Change MLR,2,57842.0,54321.42195501903
5,West Coast,2012-02-01,Change MLR,2,57426.0,57319.98347161352
5,West Coast,2012-03-01,Change MLR,2,57126.0,57113.99143412202
5,West Coast,2012-04-01,Change MLR,2,56720.0,57371.64436924555
5,West Coast,2010-08-01,Seasonal ridge MLR,2,53780.0,50258.80739866814
5,West Coast,2010-09-01,Seasonal ridge MLR,2,56017.0,53670.20920421658
5,West Coast,2010-10-01,Seasonal ridge MLR,2,55160.0,56495.2210683452
5,West Coast,2010-11-01,Seasonal ridge MLR,2,48551.0,55676.03175912362
5,West Coast,2010-12-01,Seasonal ridge MLR,2,47356.0,49067.70277989378
5,West Coast,2011-01-01,Seasonal ridge MLR,2,50151.0,47887.06724590335
5,West Coast,2011-02-01,Seasonal ridge MLR,2,51237.0,50542.98544666477
5,West Coast,2011-03-01,Seasonal ridge MLR,2,52236.0,51685.866158125944
5,West Coast,2011-04-01,Seasonal ridge MLR,2,55629.0,51904.378200455176
5,West Coast,2011-05-01,Seasonal ridge MLR,2,55464.0,55197.14992568989
5,West Coast,2011-06-01,Seasonal ridge MLR,2,50054.0,54901.05048217957
5,West Coast,2011-07-01,Seasonal ridge MLR,2,48900.0,49626.18753527082
5,West Coast,2011-08-01,Seasonal ridge MLR,2,48335.0,48672.33661824533
5,West Coast,2011-09-01,Seasonal ridge MLR,2,50553.0,48435.176624178355
5,West Coast,2011-10-01,Seasonal ridge MLR,2,54642.0,50798.4468320359
5,West Coast,2011-11-01,Seasonal ridge MLR,2,54482.0,55142.62270997994
5,West Coast,2011-12-01,Seasonal ridge MLR,2,55023.0,55463.30758755681
5,West Coast,2012-01-01,Seasonal ridge MLR,2,57842.0,55674.15581107932
5,West Coast,2012-02-01,Seasonal ridge MLR,2,57426.0,58329.4968545032
5,West Coast,2012-03-01,Seasonal ridge MLR,2,57126.0,57338.94652153992
5,West Coast,2012-04-01,Seasonal ridge MLR,2,56720.0,56783.4155378084
5,West Coast,2010-08-01,Polynomial ridge (degree 2),2,53780.0,51794.696735229954
5,West Coast,2010-09-01,Polynomial ridge (degree 2),2,56017.0,53879.534393230526
5,West Coast,2010-10-01,Polynomial ridge (degree 2),2,55160.0,55720.98460209142
5,West Coast,2010-11-01,Polynomial ridge (degree 2),2,48551.0,54463.87414332669
5,West Coast,2010-12-01,Polynomial ridge (degree 2),2,47356.0,49260.30429331486
5,West Coast,2011-01-01,Polynomial ridge (degree 2),2,50151.0,50034.56087024787
5,West Coast,2011-02-01,Polynomial ridge (degree 2),2,51237.0,51540.35888205658
5,West Coast,2011-03-01,Polynomial ridge (degree 2),2,52236.0,52110.70592899509
5,West Coast,2011-04-01,Polynomial ridge (degree 2),2,55629.0,52700.935848833644
5,West Coast,2011-05-01,Polynomial ridge (degree 2),2,55464.0,55396.93879233018
5,West Coast,2011-06-01,Polynomial ridge (degree 2),2,50054.0,54856.35755243987
5,West Coast,2011-07-01,Polynomial ridge (degree 2),2,48900.0,49964.45508997511
5,West Coast,2011-08-01,Polynomial ridge (degree 2),2,48335.0,50527.2465928892
5,West Coast,2011-09-01,Polynomial ridge (degree 2),2,50553.0,50665.169483010315
5,West Coast,2011-10-01,Polynomial ridge (degree 2),2,54642.0,51733.42237062515
5,West Coast,2011-11-01,Polynomial ridge (degree 2),2,54482.0,54566.09475894494
5,West Coast,2011-12-01,Polynomial ridge (degree 2),2,55023.0,54185.80768607208
5,West Coast,2012-01-01,Polynomial ridge (degree 2),2,57842.0,54316.24642264102
5,West Coast,2012-02-01,Polynomial ridge (degree 2),2,57426.0,57374.65136125519
5,West Coast,2012-03-01,Polynomial ridge (degree 2),2,57126.0,56514.596749987555
5,West Coast,2012-04-01,Polynomial ridge (degree 2),2,56720.0,56529.56906072569
5,West Coast,2010-08-01,Spline ridge (4 knots),2,53780.0,50692.03266088809
5,West Coast,2010-09-01,Spline ridge (4 knots),2,56017.0,54144.868304066054
5,West Coast,2010-10-01,Spline ridge (4 knots),2,55160.0,56337.81269041453
5,West Coast,2010-11-01,Spline ridge (4 knots),2,48551.0,54777.996005122164
5,West Coast,2010-12-01,Spline ridge (4 knots),2,47356.0,48874.929940892616
5,West Coast,2011-01-01,Spline ridge (4 knots),2,50151.0,46771.871405144695
5,West Coast,2011-02-01,Spline ridge (4 knots),2,51237.0,50511.018834774666
5,West Coast,2011-03-01,Spline ridge (4 knots),2,52236.0,51365.71026338552
5,West Coast,2011-04-01,Spline ridge (4 knots),2,55629.0,52343.90865526933
5,West Coast,2011-05-01,Spline ridge (4 knots),2,55464.0,55969.18842402865
5,West Coast,2011-06-01,Spline ridge (4 knots),2,50054.0,55213.6219346355
5,West Coast,2011-07-01,Spline ridge (4 knots),2,48900.0,50251.29999278656
5,West Coast,2011-08-01,Spline ridge (4 knots),2,48335.0,48323.64924831103
5,West Coast,2011-09-01,Spline ridge (4 knots),2,50553.0,48018.87921351654
5,West Coast,2011-10-01,Spline ridge (4 knots),2,54642.0,50868.09857226999
5,West Coast,2011-11-01,Spline ridge (4 knots),2,54482.0,54950.84677472276
5,West Coast,2011-12-01,Spline ridge (4 knots),2,55023.0,54260.01749259795
5,West Coast,2012-01-01,Spline ridge (4 knots),2,57842.0,54852.00231515313
5,West Coast,2012-02-01,Spline ridge (4 knots),2,57426.0,58192.70122496063
5,West Coast,2012-03-01,Spline ridge (4 knots),2,57126.0,57116.32528264663
5,West Coast,2012-04-01,Spline ridge (4 knots),2,56720.0,56870.967624132376
5,West Coast,2012-05-01,Persistence,3,56638.0,56720.0
5,West Coast,2012-06-01,Persistence,3,53897.0,56638.0
5,West Coast,2012-07-01,Persistence,3,51259.0,53897.0
5,West Coast,2012-08-01,Persistence,3,51835.0,51259.0
5,West Coast,2012-09-01,Persistence,3,54344.0,51835.0
5,West Coast,2012-10-01,Persistence,3,54006.0,54344.0
5,West Coast,2012-11-01,Persistence,3,55856.0,54006.0
5,West Coast,2012-12-01,Persistence,3,55750.0,55856.0
5,West Coast,2013-01-01,Persistence,3,54874.0,55750.0
5,West Coast,2013-02-01,Persistence,3,56036.0,54874.0
5,West Coast,2013-03-01,Persistence,3,56312.0,56036.0
5,West Coast,2013-04-01,Persistence,3,52912.0,56312.0
5,West Coast,2013-05-01,Persistence,3,51769.0,52912.0
5,West Coast,2013-06-01,Persistence,3,51472.0,51769.0
5,West Coast,2013-07-01,Persistence,3,51999.0,51472.0
5,West Coast,2013-08-01,Persistence,3,52042.0,51999.0
5,West Coast,2013-09-01,Persistence,3,51813.0,52042.0
5,West Coast,2013-10-01,Persistence,3,50248.0,51813.0
5,West Coast,2013-11-01,Persistence,3,48142.0,50248.0
5,West Coast,2013-12-01,Persistence,3,50224.0,48142.0
5,West Coast,2014-01-01,Persistence,3,51226.0,50224.0
5,West Coast,2012-05-01,Physical level MLR,3,56638.0,54278.730680405184
5,West Coast,2012-06-01,Physical level MLR,3,53897.0,53412.141554878726
5,West Coast,2012-07-01,Physical level MLR,3,51259.0,51691.804856224706
5,West Coast,2012-08-01,Physical level MLR,3,51835.0,49009.72225268188
5,West Coast,2012-09-01,Physical level MLR,3,54344.0,51221.10091925692
5,West Coast,2012-10-01,Physical level MLR,3,54006.0,54279.65336692678
5,West Coast,2012-11-01,Physical level MLR,3,55856.0,53287.12195373798
5,West Coast,2012-12-01,Physical level MLR,3,55750.0,53426.61022176203
5,West Coast,2013-01-01,Physical level MLR,3,54874.0,44583.81274972549
5,West Coast,2013-02-01,Physical level MLR,3,56036.0,52732.38596812927
5,West Coast,2013-03-01,Physical level MLR,3,56312.0,53197.77468887564
5,West Coast,2013-04-01,Physical level MLR,3,52912.0,54271.35847230946
5,West Coast,2013-05-01,Physical level MLR,3,51769.0,51668.30550601136
5,West Coast,2013-06-01,Physical level MLR,3,51472.0,49747.44211169889
5,West Coast,2013-07-01,Physical level MLR,3,51999.0,51063.55805221417
5,West Coast,2013-08-01,Physical level MLR,3,52042.0,50332.299640520236
5,West Coast,2013-09-01,Physical level MLR,3,51813.0,51195.135958648185
5,West Coast,2013-10-01,Physical level MLR,3,50248.0,51622.24976900365
5,West Coast,2013-11-01,Physical level MLR,3,48142.0,49932.9823921418
5,West Coast,2013-12-01,Physical level MLR,3,50224.0,48771.51660733571
5,West Coast,2014-01-01,Physical level MLR,3,51226.0,50664.80923297837
5,West Coast,2012-05-01,Change MLR,3,56638.0,56702.735573342296
5,West Coast,2012-06-01,Change MLR,3,53897.0,56643.03890980519
5,West Coast,2012-07-01,Change MLR,3,51259.0,53683.05270788071
5,West Coast,2012-08-01,Change MLR,3,51835.0,50664.791413204926
5,West Coast,2012-09-01,Change MLR,3,54344.0,51829.73150894727
5,West Coast,2012-10-01,Change MLR,3,54006.0,54826.79167210785
5,West Coast,2012-11-01,Change MLR,3,55856.0,54026.39325418315
5,West Coast,2012-12-01,Change MLR,3,55750.0,55842.322746051155
5,West Coast,2013-01-01,Change MLR,3,54874.0,48667.52855900103
5,West Coast,2013-02-01,Change MLR,3,56036.0,54584.69589272073
5,West Coast,2013-03-01,Change MLR,3,56312.0,55515.375901630316
5,West Coast,2013-04-01,Change MLR,3,52912.0,56383.768719467895
5,West Coast,2013-05-01,Change MLR,3,51769.0,52467.25538744212
5,West Coast,2013-06-01,Change MLR,3,51472.0,51287.2742671603
5,West Coast,2013-07-01,Change MLR,3,51999.0,51330.10250430911
5,West Coast,2013-08-01,Change MLR,3,52042.0,51828.850545247216
5,West Coast,2013-09-01,Change MLR,3,51813.0,51953.18881654846
5,West Coast,2013-10-01,Change MLR,3,50248.0,51761.59181330173
5,West Coast,2013-11-01,Change MLR,3,48142.0,49791.31008656578
5,West Coast,2013-12-01,Change MLR,3,50224.0,47510.498524781106
5,West Coast,2014-01-01,Change MLR,3,51226.0,50152.328363038694
5,West Coast,2012-05-01,Seasonal ridge MLR,3,56638.0,56376.66920708444
5,West Coast,2012-06-01,Seasonal ridge MLR,3,53897.0,56594.74122881299
5,West Coast,2012-07-01,Seasonal ridge MLR,3,51259.0,53842.47284533055
5,West Coast,2012-08-01,Seasonal ridge MLR,3,51835.0,50923.87937284012
5,West Coast,2012-09-01,Seasonal ridge MLR,3,54344.0,51957.35662423566
5,West Coast,2012-10-01,Seasonal ridge MLR,3,54006.0,55068.10905718663
5,West Coast,2012-11-01,Seasonal ridge MLR,3,55856.0,54394.493657727704
5,West Coast,2012-12-01,Seasonal ridge MLR,3,55750.0,56480.49581701877
5,West Coast,2013-01-01,Seasonal ridge MLR,3,54874.0,44300.31301295899
5,West Coast,2013-02-01,Seasonal ridge MLR,3,56036.0,54812.49346150271
5,West Coast,2013-03-01,Seasonal ridge MLR,3,56312.0,55220.97743097089
5,West Coast,2013-04-01,Seasonal ridge MLR,3,52912.0,56076.337312680225
5,West Coast,2013-05-01,Seasonal ridge MLR,3,51769.0,52107.361268879366
5,West Coast,2013-06-01,Seasonal ridge MLR,3,51472.0,51040.54268411754
5,West Coast,2013-07-01,Seasonal ridge MLR,3,51999.0,50926.48105312064
5,West Coast,2013-08-01,Seasonal ridge MLR,3,52042.0,51923.93782580541
5,West Coast,2013-09-01,Seasonal ridge MLR,3,51813.0,52131.7218231849
5,West Coast,2013-10-01,Seasonal ridge MLR,3,50248.0,52251.578754319235
5,West Coast,2013-11-01,Seasonal ridge MLR,3,48142.0,50356.0126445735
5,West Coast,2013-12-01,Seasonal ridge MLR,3,50224.0,48361.17017454776
5,West Coast,2014-01-01,Seasonal ridge MLR,3,51226.0,50857.59893005107
5,West Coast,2012-05-01,Polynomial ridge (degree 2),3,56638.0,55649.39499155198
5,West Coast,2012-06-01,Polynomial ridge (degree 2),3,53897.0,55683.829120460745
5,West Coast,2012-07-01,Polynomial ridge (degree 2),3,51259.0,52983.728086421965
5,West Coast,2012-08-01,Polynomial ridge (degree 2),3,51835.0,50864.58470068951
5,West Coast,2012-09-01,Polynomial ridge (degree 2),3,54344.0,52269.01116085721
5,West Coast,2012-10-01,Polynomial ridge (degree 2),3,54006.0,54529.62576701049
5,West Coast,2012-11-01,Polynomial ridge (degree 2),3,55856.0,53596.7041077123
5,West Coast,2012-12-01,Polynomial ridge (degree 2),3,55750.0,55331.67652415626
5,West Coast,2013-01-01,Polynomial ridge (degree 2),3,54874.0,54959.48737915472
5,West Coast,2013-02-01,Polynomial ridge (degree 2),3,56036.0,53956.06749972947
5,West Coast,2013-03-01,Polynomial ridge (degree 2),3,56312.0,55389.177631291845
5,West Coast,2013-04-01,Polynomial ridge (degree 2),3,52912.0,55465.66099311815
5,West Coast,2013-05-01,Polynomial ridge (degree 2),3,51769.0,51785.42381504348
5,West Coast,2013-06-01,Polynomial ridge (degree 2),3,51472.0,51591.704696108965
5,West Coast,2013-07-01,Polynomial ridge (degree 2),3,51999.0,51911.863204244066
5,West Coast,2013-08-01,Polynomial ridge (degree 2),3,52042.0,52262.75798012786
5,West Coast,2013-09-01,Polynomial ridge (degree 2),3,51813.0,52278.531935177074
5,West Coast,2013-10-01,Polynomial ridge (degree 2),3,50248.0,52250.60070145629
5,West Coast,2013-11-01,Polynomial ridge (degree 2),3,48142.0,50704.31126182134
5,West Coast,2013-12-01,Polynomial ridge (degree 2),3,50224.0,49698.26574838736
5,West Coast,2014-01-01,Polynomial ridge (degree 2),3,51226.0,51460.903573605894
5,West Coast,2012-05-01,Spline ridge (4 knots),3,56638.0,56347.003510289884
5,West Coast,2012-06-01,Spline ridge (4 knots),3,53897.0,56376.483030093834
5,West Coast,2012-07-01,Spline ridge (4 knots),3,51259.0,53293.43627422611
5,West Coast,2012-08-01,Spline ridge (4 knots),3,51835.0,50610.068664248465
5,West Coast,2012-09-01,Spline ridge (4 knots),3,54344.0,51964.43602482223
5,West Coast,2012-10-01,Spline ridge (4 knots),3,54006.0,55141.93846380035
5,West Coast,2012-11-01,Spline ridge (4 knots),3,55856.0,53663.30561248273
5,West Coast,2012-12-01,Spline ridge (4 knots),3,55750.0,56622.66170001078
5,West Coast,2013-01-01,Spline ridge (4 knots),3,54874.0,55480.69403262344
5,West Coast,2013-02-01,Spline ridge (4 knots),3,56036.0,54553.39526786792
5,West Coast,2013-03-01,Spline ridge (4 knots),3,56312.0,56383.92647631773
5,West Coast,2013-04-01,Spline ridge (4 knots),3,52912.0,56219.909524682116
5,West Coast,2013-05-01,Spline ridge (4 knots),3,51769.0,52750.345725094594
5,West Coast,2013-06-01,Spline ridge (4 knots),3,51472.0,51001.864398921934
5,West Coast,2013-07-01,Spline ridge (4 knots),3,51999.0,51223.519415052026
5,West Coast,2013-08-01,Spline ridge (4 knots),3,52042.0,52327.931012438545
5,West Coast,2013-09-01,Spline ridge (4 knots),3,51813.0,51977.91719272715
5,West Coast,2013-10-01,Spline ridge (4 knots),3,50248.0,51497.180267647374
5,West Coast,2013-11-01,Spline ridge (4 knots),3,48142.0,49822.255548952846
5,West Coast,2013-12-01,Spline ridge (4 knots),3,50224.0,47812.79222167213
5,West Coast,2014-01-01,Spline ridge (4 knots),3,51226.0,50841.28766927992
5,West Coast,2014-02-01,Persistence,4,52920.0,51226.0
5,West Coast,2014-03-01,Persistence,4,55423.0,52920.0
5,West Coast,2014-04-01,Persistence,4,57882.0,55423.0
5,West Coast,2014-05-01,Persistence,4,55874.0,57882.0
5,West Coast,2014-06-01,Persistence,4,53884.0,55874.0
5,West Coast,2014-07-01,Persistence,4,50091.0,53884.0
5,West Coast,2014-08-01,Persistence,4,53870.0,50091.0
5,West Coast,2014-09-01,Persistence,4,54076.0,53870.0
5,West Coast,2014-10-01,Persistence,4,52061.0,54076.0
5,West Coast,2014-11-01,Persistence,4,48955.0,52061.0
5,West Coast,2014-12-01,Persistence,4,50715.0,48955.0
5,West Coast,2015-01-01,Persistence,4,53664.0,50715.0
5,West Coast,2015-02-01,Persistence,4,57103.0,53664.0
5,West Coast,2015-03-01,Persistence,4,56431.0,57103.0
5,West Coast,2015-04-01,Persistence,4,57363.0,56431.0
5,West Coast,2015-05-01,Persistence,4,55067.0,57363.0
5,West Coast,2015-06-01,Persistence,4,51606.0,55067.0
5,West Coast,2015-07-01,Persistence,4,50265.0,51606.0
5,West Coast,2015-08-01,Persistence,4,49963.0,50265.0
5,West Coast,2015-09-01,Persistence,4,54597.0,49963.0
5,West Coast,2015-10-01,Persistence,4,56100.0,54597.0
5,West Coast,2014-02-01,Physical level MLR,4,52920.0,51535.636456699074
5,West Coast,2014-03-01,Physical level MLR,4,55423.0,52331.392506363576
5,West Coast,2014-04-01,Physical level MLR,4,57882.0,53837.47582546585
5,West Coast,2014-05-01,Physical level MLR,4,55874.0,55073.983412876696
5,West Coast,2014-06-01,Physical level MLR,4,53884.0,53988.20250733257
5,West Coast,2014-07-01,Physical level MLR,4,50091.0,51461.10036919506
5,West Coast,2014-08-01,Physical level MLR,4,53870.0,49168.584505611536
5,West Coast,2014-09-01,Physical level MLR,4,54076.0,53055.328074319754
5,West Coast,2014-10-01,Physical level MLR,4,52061.0,53012.90783902329
5,West Coast,2014-11-01,Physical level MLR,4,48955.0,51279.334067965254
5,West Coast,2014-12-01,Physical level MLR,4,50715.0,48885.98847316568
5,West Coast,2015-01-01,Physical level MLR,4,53664.0,51133.69915761304
5,West Coast,2015-02-01,Physical level MLR,4,57103.0,53260.435132852246
5,West Coast,2015-03-01,Physical level MLR,4,56431.0,55104.812786967654
5,West Coast,2015-04-01,Physical level MLR,4,57363.0,54617.973096103124
5,West Coast,2015-05-01,Physical level MLR,4,55067.0,54759.495110926015
5,West Coast,2015-06-01,Physical level MLR,4,51606.0,52808.322155921094
5,West Coast,2015-07-01,Physical level MLR,4,50265.0,50018.70197036075
5,West Coast,2015-08-01,Physical level MLR,4,49963.0,48856.15225196947
5,West Coast,2015-09-01,Physical level MLR,4,54597.0,49473.534651369984
5,West Coast,2015-10-01,Physical level MLR,4,56100.0,52913.18919072805
5,West Coast,2014-02-01,Change MLR,4,52920.0,51487.35290117788
5,West Coast,2014-03-01,Change MLR,4,55423.0,53048.172108024904
5,West Coast,2014-04-01,Change MLR,4,57882.0,55727.16555364952
5,West Coast,2014-05-01,Change MLR,4,55874.0,58190.877362118306
5,West Coast,2014-06-01,Change MLR,4,53884.0,55565.15191029287
5,West Coast,2014-07-01,Change MLR,4,50091.0,53401.03686665358
5,West Coast,2014-08-01,Change MLR,4,53870.0,49416.198102733935
5,West Coast,2014-09-01,Change MLR,4,54076.0,51562.5062794894
5,West Coast,2014-10-01,Change MLR,4,52061.0,53993.895744986046
5,West Coast,2014-11-01,Change MLR,4,48955.0,51753.07180367003
5,West Coast,2014-12-01,Change MLR,4,50715.0,48512.20481375728
5,West Coast,2015-01-01,Change MLR,4,53664.0,50939.812144633834
5,West Coast,2015-02-01,Change MLR,4,57103.0,54190.15787832056
5,West Coast,2015-03-01,Change MLR,4,56431.0,56558.93754015915
5,West Coast,2015-04-01,Change MLR,4,57363.0,48966.44997123577
5,West Coast,2015-05-01,Change MLR,4,55067.0,56850.322170114305
5,West Coast,2015-06-01,Change MLR,4,51606.0,54609.46567840607
5,West Coast,2015-07-01,Change MLR,4,50265.0,50897.22857075835
5,West Coast,2015-08-01,Change MLR,4,49963.0,49804.70837760745
5,West Coast,2015-09-01,Change MLR,4,54597.0,49759.50768053012
5,West Coast,2015-10-01,Change MLR,4,56100.0,55099.6787991214
5,West Coast,2014-02-01,Seasonal ridge MLR,4,52920.0,51602.05142121593
5,West Coast,2014-03-01,Seasonal ridge MLR,4,55423.0,53178.334123210254
5,West Coast,2014-04-01,Seasonal ridge MLR,4,57882.0,55383.93565982447
5,West Coast,2014-05-01,Seasonal ridge MLR,4,55874.0,57551.55690559731
5,West Coast,2014-06-01,Seasonal ridge MLR,4,53884.0,54937.27188730874
5,West Coast,2014-07-01,Seasonal ridge MLR,4,50091.0,53127.826983061364
5,West Coast,2014-08-01,Seasonal ridge MLR,4,53870.0,49317.14927537341
5,West Coast,2014-09-01,Seasonal ridge MLR,4,54076.0,50315.65823086701
5,West Coast,2014-10-01,Seasonal ridge MLR,4,52061.0,54322.02248605837
5,West Coast,2014-11-01,Seasonal ridge MLR,4,48955.0,52240.87326761417
5,West Coast,2014-12-01,Seasonal ridge MLR,4,50715.0,49252.39095563572
5,West Coast,2015-01-01,Seasonal ridge MLR,4,53664.0,51483.77526803374
5,West Coast,2015-02-01,Seasonal ridge MLR,4,57103.0,54255.3300579481
5,West Coast,2015-03-01,Seasonal ridge MLR,4,56431.0,56181.067813713256
5,West Coast,2015-04-01,Seasonal ridge MLR,4,57363.0,45541.771615734615
5,West Coast,2015-05-01,Seasonal ridge MLR,4,55067.0,55981.16342142831
5,West Coast,2015-06-01,Seasonal ridge MLR,4,51606.0,54170.27493783515
5,West Coast,2015-07-01,Seasonal ridge MLR,4,50265.0,50716.31404413787
5,West Coast,2015-08-01,Seasonal ridge MLR,4,49963.0,49848.257958544345
5,West Coast,2015-09-01,Seasonal ridge MLR,4,54597.0,49924.99887860347
5,West Coast,2015-10-01,Seasonal ridge MLR,4,56100.0,55414.85680546935
5,West Coast,2014-02-01,Polynomial ridge (degree 2),4,52920.0,51708.37086906725
5,West Coast,2014-03-01,Polynomial ridge (degree 2),4,55423.0,53097.15897705421
5,West Coast,2014-04-01,Polynomial ridge (degree 2),4,57882.0,55216.414611685264
5,West Coast,2014-05-01,Polynomial ridge (degree 2),4,55874.0,57569.09742451684
5,West Coast,2014-06-01,Polynomial ridge (degree 2),4,53884.0,54400.93301880771
5,West Coast,2014-07-01,Polynomial ridge (degree 2),4,50091.0,52891.05422141523
5,West Coast,2014-08-01,Polynomial ridge (degree 2),4,53870.0,49627.70707426213
5,West Coast,2014-09-01,Polynomial ridge (degree 2),4,54076.0,53990.9148470239
5,West Coast,2014-10-01,Polynomial ridge (degree 2),4,52061.0,53700.42414217773
5,West Coast,2014-11-01,Polynomial ridge (degree 2),4,48955.0,51559.1931811487
5,West Coast,2014-12-01,Polynomial ridge (degree 2),4,50715.0,49157.47675463112
5,West Coast,2015-01-01,Polynomial ridge (degree 2),4,53664.0,51510.02480161683
5,West Coast,2015-02-01,Polynomial ridge (degree 2),4,57103.0,53778.421169056
5,West Coast,2015-03-01,Polynomial ridge (degree 2),4,56431.0,56835.891781222716
5,West Coast,2015-04-01,Polynomial ridge (degree 2),4,57363.0,55424.679211667324
5,West Coast,2015-05-01,Polynomial ridge (degree 2),4,55067.0,56705.46944118473
5,West Coast,2015-06-01,Polynomial ridge (degree 2),4,51606.0,53679.44467839764
5,West Coast,2015-07-01,Polynomial ridge (degree 2),4,50265.0,50747.286485043805
5,West Coast,2015-08-01,Polynomial ridge (degree 2),4,49963.0,50425.4229988172
5,West Coast,2015-09-01,Polynomial ridge (degree 2),4,54597.0,50552.07415544169
5,West Coast,2015-10-01,Polynomial ridge (degree 2),4,56100.0,54647.91542588296
5,West Coast,2014-02-01,Spline ridge (4 knots),4,52920.0,51942.69334857477
5,West Coast,2014-03-01,Spline ridge (4 knots),4,55423.0,53502.86566811801
5,West Coast,2014-04-01,Spline ridge (4 knots),4,57882.0,56120.244720508104
5,West Coast,2014-05-01,Spline ridge (4 knots),4,55874.0,58737.523252591935
5,West Coast,2014-06-01,Spline ridge (4 knots),4,53884.0,55567.61965947133
5,West Coast,2014-07-01,Spline ridge (4 knots),4,50091.0,53268.210017466656
5,West Coast,2014-08-01,Spline ridge (4 knots),4,53870.0,49256.65722118293
5,West Coast,2014-09-01,Spline ridge (4 knots),4,54076.0,54422.875437896495
5,West Coast,2014-10-01,Spline ridge (4 knots),4,52061.0,54160.87764032812
5,West Coast,2014-11-01,Spline ridge (4 knots),4,48955.0,51563.79262267071
5,West Coast,2014-12-01,Spline ridge (4 knots),4,50715.0,48035.18381988609
5,West Coast,2015-01-01,Spline ridge (4 knots),4,53664.0,51534.0549426674
5,West Coast,2015-02-01,Spline ridge (4 knots),4,57103.0,54357.78125362597
5,West Coast,2015-03-01,Spline ridge (4 knots),4,56431.0,57473.011836823
5,West Coast,2015-04-01,Spline ridge (4 knots),4,57363.0,56462.20246612004
5,West Coast,2015-05-01,Spline ridge (4 knots),4,55067.0,57990.62897970727
5,West Coast,2015-06-01,Spline ridge (4 knots),4,51606.0,54868.80520884941
5,West Coast,2015-07-01,Spline ridge (4 knots),4,50265.0,50848.9607827865
5,West Coast,2015-08-01,Spline ridge (4 knots),4,49963.0,49386.26189242372
5,West Coast,2015-09-01,Spline ridge (4 knots),4,54597.0,49796.508551106366
5,West Coast,2015-10-01,Spline ridge (4 knots),4,56100.0,55146.480410048825
5,West Coast,2015-11-01,Persistence,5,54144.0,56100.0
5,West Coast,2015-12-01,Persistence,5,56084.0,54144.0
5,West Coast,2016-01-01,Persistence,5,56398.0,56084.0
5,West Coast,2016-02-01,Persistence,5,54575.0,56398.0
5,West Coast,2016-03-01,Persistence,5,51786.0,54575.0
5,West Coast,2016-04-01,Persistence,5,59504.0,51786.0
5,West Coast,2016-05-01,Persistence,5,58485.0,59504.0
5,West Coast,2016-06-01,Persistence,5,54600.0,58485.0
5,West Coast,2016-07-01,Persistence,5,50172.0,54600.0
5,West Coast,2016-08-01,Persistence,5,49983.0,50172.0
5,West Coast,2016-09-01,Persistence,5,50779.0,49983.0
5,West Coast,2016-10-01,Persistence,5,52121.0,50779.0
5,West Coast,2016-11-01,Persistence,5,51705.0,52121.0
5,West Coast,2016-12-01,Persistence,5,49807.0,51705.0
5,West Coast,2017-01-01,Persistence,5,53997.0,49807.0
5,West Coast,2017-02-01,Persistence,5,55191.0,53997.0
5,West Coast,2017-03-01,Persistence,5,52748.0,55191.0
5,West Coast,2017-04-01,Persistence,5,56513.0,52748.0
5,West Coast,2017-05-01,Persistence,5,54257.0,56513.0
5,West Coast,2017-06-01,Persistence,5,50858.0,54257.0
5,West Coast,2017-07-01,Persistence,5,48478.0,50858.0
5,West Coast,2015-11-01,Physical level MLR,5,54144.0,54291.911516048734
5,West Coast,2015-12-01,Physical level MLR,5,56084.0,53157.51076291231
5,West Coast,2016-01-01,Physical level MLR,5,56398.0,54669.45765563991
5,West Coast,2016-02-01,Physical level MLR,5,54575.0,55255.48966915252
5,West Coast,2016-03-01,Physical level MLR,5,51786.0,53189.12417904069
5,West Coast,2016-04-01,Physical level MLR,5,59504.0,51602.52578800354
5,West Coast,2016-05-01,Physical level MLR,5,58485.0,57153.52014166234
5,West Coast,2016-06-01,Physical level MLR,5,54600.0,55536.619315717326
5,West Coast,2016-07-01,Physical level MLR,5,50172.0,52657.672643922764
5,West Coast,2016-08-01,Physical level MLR,5,49983.0,49966.472738234974
5,West Coast,2016-09-01,Physical level MLR,5,50779.0,50751.59082952414
5,West Coast,2016-10-01,Physical level MLR,5,52121.0,52138.55792625855
5,West Coast,2016-11-01,Physical level MLR,5,51705.0,52926.73700917096
5,West Coast,2016-12-01,Physical level MLR,5,49807.0,52170.42493256075
5,West Coast,2017-01-01,Physical level MLR,5,53997.0,50656.59866137186
5,West Coast,2017-02-01,Physical level MLR,5,55191.0,54493.666713046536
5,West Coast,2017-03-01,Physical level MLR,5,52748.0,54107.27808753351
5,West Coast,2017-04-01,Physical level MLR,5,56513.0,51910.254974822594
5,West Coast,2017-05-01,Physical level MLR,5,54257.0,54758.30168237323
5,West Coast,2017-06-01,Physical level MLR,5,50858.0,53310.08591230714
5,West Coast,2017-07-01,Physical level MLR,5,48478.0,50316.27654444688
5,West Coast,2015-11-01,Change MLR,5,54144.0,56685.021751369684
5,West Coast,2015-12-01,Change MLR,5,56084.0,54069.974910713965
5,West Coast,2016-01-01,Change MLR,5,56398.0,56360.10075081364
5,West Coast,2016-02-01,Change MLR,5,54575.0,56543.66650269825
5,West Coast,2016-03-01,Change MLR,5,51786.0,54558.87253477967
5,West Coast,2016-04-01,Change MLR,5,59504.0,51457.65548006407
5,West Coast,2016-05-01,Change MLR,5,58485.0,60594.28937447772
5,West Coast,2016-06-01,Change MLR,5,54600.0,58288.551331697934
5,West Coast,2016-07-01,Change MLR,5,50172.0,53941.694517136464
5,West Coast,2016-08-01,Change MLR,5,49983.0,49579.740303572245
5,West Coast,2016-09-01,Change MLR,5,50779.0,49867.5503564183
5,West Coast,2016-10-01,Change MLR,5,52121.0,51392.56117039159
5,West Coast,2016-11-01,Change MLR,5,51705.0,52687.74094074548
5,West Coast,2016-12-01,Change MLR,5,49807.0,51833.17293810586
5,West Coast,2017-01-01,Change MLR,5,53997.0,49741.34123317147
5,West Coast,2017-02-01,Change MLR,5,55191.0,54873.49750829989
5,West Coast,2017-03-01,Change MLR,5,52748.0,55276.1074371237
5,West Coast,2017-04-01,Change MLR,5,56513.0,52436.151759864486
5,West Coast,2017-05-01,Change MLR,5,54257.0,57125.98685465239
5,West Coast,2017-06-01,Change MLR,5,50858.0,53718.05774682253
5,West Coast,2017-07-01,Change MLR,5,48478.0,50408.514920560614
5,West Coast,2015-11-01,Seasonal ridge MLR,5,54144.0,57183.16584763942
5,West Coast,2015-12-01,Seasonal ridge MLR,5,56084.0,54879.87107840082
5,West Coast,2016-01-01,Seasonal ridge MLR,5,56398.0,57396.5727025734
5,West Coast,2016-02-01,Seasonal ridge MLR,5,54575.0,57058.80773852123
5,West Coast,2016-03-01,Seasonal ridge MLR,5,51786.0,54766.099846069184
5,West Coast,2016-04-01,Seasonal ridge MLR,5,59504.0,51482.65340949009
5,West Coast,2016-05-01,Seasonal ridge MLR,5,58485.0,60407.666389136575
5,West Coast,2016-06-01,Seasonal ridge MLR,5,54600.0,58063.879301709596
5,West Coast,2016-07-01,Seasonal ridge MLR,5,50172.0,54000.949949239286
5,West Coast,2016-08-01,Seasonal ridge MLR,5,49983.0,49752.68318261474
5,West Coast,2016-09-01,Seasonal ridge MLR,5,50779.0,50233.60845485347
5,West Coast,2016-10-01,Seasonal ridge MLR,5,52121.0,51084.499371102334
5,West Coast,2016-11-01,Seasonal ridge MLR,5,51705.0,52921.869567535316
5,West Coast,2016-12-01,Seasonal ridge MLR,5,49807.0,52632.527008429686
5,West Coast,2017-01-01,Seasonal ridge MLR,5,53997.0,50618.50707206893
5,West Coast,2017-02-01,Seasonal ridge MLR,5,55191.0,55127.802081244
5,West Coast,2017-03-01,Seasonal ridge MLR,5,52748.0,55828.88586254179
5,West Coast,2017-04-01,Seasonal ridge MLR,5,56513.0,52592.63900712497
5,West Coast,2017-05-01,Seasonal ridge MLR,5,54257.0,57259.360349371294
5,West Coast,2017-06-01,Seasonal ridge MLR,5,50858.0,53525.7965292949
5,West Coast,2017-07-01,Seasonal ridge MLR,5,48478.0,50214.99070729904
5,West Coast,2015-11-01,Polynomial ridge (degree 2),5,54144.0,55781.74972809288
5,West Coast,2015-12-01,Polynomial ridge (degree 2),5,56084.0,53022.426194865344
5,West Coast,2016-01-01,Polynomial ridge (degree 2),5,56398.0,55675.14650237836
5,West Coast,2016-02-01,Polynomial ridge (degree 2),5,54575.0,55417.40080951654
5,West Coast,2016-03-01,Polynomial ridge (degree 2),5,51786.0,53404.65596905538
5,West Coast,2016-04-01,Polynomial ridge (degree 2),5,59504.0,51328.406132133096
5,West Coast,2016-05-01,Polynomial ridge (degree 2),5,58485.0,59704.321358585286
5,West Coast,2016-06-01,Polynomial ridge (degree 2),5,54600.0,56597.03584872644
5,West Coast,2016-07-01,Polynomial ridge (degree 2),5,50172.0,52393.343225164725
5,West Coast,2016-08-01,Polynomial ridge (degree 2),5,49983.0,49952.33598878753
5,West Coast,2016-09-01,Polynomial ridge (degree 2),5,50779.0,51319.2635921893
5,West Coast,2016-10-01,Polynomial ridge (degree 2),5,52121.0,52040.915804195
5,West Coast,2016-11-01,Polynomial ridge (degree 2),5,51705.0,52867.27818259992
5,West Coast,2016-12-01,Polynomial ridge (degree 2),5,49807.0,52140.130359211624
5,West Coast,2017-01-01,Polynomial ridge (degree 2),5,53997.0,50771.27848218275
5,West Coast,2017-02-01,Polynomial ridge (degree 2),5,55191.0,54547.639766460925
5,West Coast,2017-03-01,Polynomial ridge (degree 2),5,52748.0,54793.06992323436
5,West Coast,2017-04-01,Polynomial ridge (degree 2),5,56513.0,51993.672711016705
5,West Coast,2017-05-01,Polynomial ridge (degree 2),5,54257.0,56607.65428577017
5,West Coast,2017-06-01,Polynomial ridge (degree 2),5,50858.0,52920.34475721232
5,West Coast,2017-07-01,Polynomial ridge (degree 2),5,48478.0,50699.41270852432
5,West Coast,2015-11-01,Spline ridge (4 knots),5,54144.0,56769.00285899489
5,West Coast,2015-12-01,Spline ridge (4 knots),5,56084.0,53741.295584012674
5,West Coast,2016-01-01,Spline ridge (4 knots),5,56398.0,56731.0284374986
5,West Coast,2016-02-01,Spline ridge (4 knots),5,54575.0,56312.326318391046
5,West Coast,2016-03-01,Spline ridge (4 knots),5,51786.0,54357.085913642666
5,West Coast,2016-04-01,Spline ridge (4 knots),5,59504.0,51514.06295986575
5,West Coast,2016-05-01,Spline ridge (4 knots),5,58485.0,59986.13383850448
5,West Coast,2016-06-01,Spline ridge (4 knots),5,54600.0,58013.42614263939
5,West Coast,2016-07-01,Spline ridge (4 knots),5,50172.0,54837.88475202254
5,West Coast,2016-08-01,Spline ridge (4 knots),5,49983.0,50932.93595109758
5,West Coast,2016-09-01,Spline ridge (4 knots),5,50779.0,49712.68953927232
5,West Coast,2016-10-01,Spline ridge (4 knots),5,52121.0,51100.56210506174
5,West Coast,2016-11-01,Spline ridge (4 knots),5,51705.0,52629.74699484738
5,West Coast,2016-12-01,Spline ridge (4 knots),5,49807.0,51393.136226318966
5,West Coast,2017-01-01,Spline ridge (4 knots),5,53997.0,49527.14985221852
5,West Coast,2017-02-01,Spline ridge (4 knots),5,55191.0,54655.78932300731
5,West Coast,2017-03-01,Spline ridge (4 knots),5,52748.0,55550.36132955289
5,West Coast,2017-04-01,Spline ridge (4 knots),5,56513.0,52447.62420841277
5,West Coast,2017-05-01,Spline ridge (4 knots),5,54257.0,57330.54626476254
5,West Coast,2017-06-01,Spline ridge (4 knots),5,50858.0,53572.53443112803
5,West Coast,2017-07-01,Spline ridge (4 knots),5,48478.0,51362.504035117054
5,West Coast,2017-08-01,Persistence,6,48337.0,48478.0
5,West Coast,2017-09-01,Persistence,6,52498.0,48337.0
5,West Coast,2017-10-01,Persistence,6,53896.0,52498.0
5,West Coast,2017-11-01,Persistence,6,51108.0,53896.0
5,West Coast,2017-12-01,Persistence,6,49964.0,51108.0
5,West Coast,2018-01-01,Persistence,6,49005.0,49964.0
5,West Coast,2018-02-01,Persistence,6,49623.0,49005.0
5,West Coast,2018-03-01,Persistence,6,51051.0,49623.0
5,West Coast,2018-04-01,Persistence,6,54765.0,51051.0
5,West Coast,2018-05-01,Persistence,6,51140.0,54765.0
5,West Coast,2018-06-01,Persistence,6,49029.0,51140.0
5,West Coast,2018-07-01,Persistence,6,48728.0,49029.0
5,West Coast,2018-08-01,Persistence,6,49086.0,48728.0
5,West Coast,2018-09-01,Persistence,6,49209.0,49086.0
5,West Coast,2018-10-01,Persistence,6,46399.0,49209.0
5,West Coast,2018-11-01,Persistence,6,45152.0,46399.0
5,West Coast,2018-12-01,Persistence,6,49359.0,45152.0
5,West Coast,2019-01-01,Persistence,6,51643.0,49359.0
5,West Coast,2019-02-01,Persistence,6,49767.0,51643.0
5,West Coast,2019-03-01,Persistence,6,53082.0,49767.0
5,West Coast,2019-04-01,Persistence,6,52006.0,53082.0
5,West Coast,2017-08-01,Physical level MLR,6,48337.0,49266.68515754835
5,West Coast,2017-09-01,Physical level MLR,6,52498.0,49634.99539533417
5,West Coast,2017-10-01,Physical level MLR,6,53896.0,52919.81134101021
5,West Coast,2017-11-01,Physical level MLR,6,51108.0,53040.87377824818
5,West Coast,2017-12-01,Physical level MLR,6,49964.0,51086.87536962254
5,West Coast,2018-01-01,Physical level MLR,6,49005.0,50837.158843973855
5,West Coast,2018-02-01,Physical level MLR,6,49623.0,51070.825916852125
5,West Coast,2018-03-01,Physical level MLR,6,51051.0,49809.06364136238
5,West Coast,2018-04-01,Physical level MLR,6,54765.0,52056.23507050121
5,West Coast,2018-05-01,Physical level MLR,6,51140.0,53819.362179615535
5,West Coast,2018-06-01,Physical level MLR,6,49029.0,50596.23479004009
5,West Coast,2018-07-01,Physical level MLR,6,48728.0,48866.560154552324
5,West Coast,2018-08-01,Physical level MLR,6,49086.0,49540.50812152325
5,West Coast,2018-09-01,Physical level MLR,6,49209.0,49554.60186996122
5,West Coast,2018-10-01,Physical level MLR,6,46399.0,50220.26087928143
5,West Coast,2018-11-01,Physical level MLR,6,45152.0,48395.47956855903
5,West Coast,2018-12-01,Physical level MLR,6,49359.0,47672.52932046739
5,West Coast,2019-01-01,Physical level MLR,6,51643.0,50548.495371465004
5,West Coast,2019-02-01,Physical level MLR,6,49767.0,52480.842389880665
5,West Coast,2019-03-01,Physical level MLR,6,53082.0,50449.05355557482
5,West Coast,2019-04-01,Physical level MLR,6,52006.0,53204.33795553504
5,West Coast,2017-08-01,Change MLR,6,48337.0,47486.30678051437
5,West Coast,2017-09-01,Change MLR,6,52498.0,48059.85728021805
5,West Coast,2017-10-01,Change MLR,6,53896.0,52862.22655539761
5,West Coast,2017-11-01,Change MLR,6,51108.0,54250.11080594523
5,West Coast,2017-12-01,Change MLR,6,49964.0,50194.15552111005
5,West Coast,2018-01-01,Change MLR,6,49005.0,49445.31601259479
5,West Coast,2018-02-01,Change MLR,6,49623.0,48351.25462631373
5,West Coast,2018-03-01,Change MLR,6,51051.0,49746.26012894745
5,West Coast,2018-04-01,Change MLR,6,54765.0,50661.94371590505
5,West Coast,2018-05-01,Change MLR,6,51140.0,54059.89193664861
5,West Coast,2018-06-01,Change MLR,6,49029.0,49242.75586293897
5,West Coast,2018-07-01,Change MLR,6,48728.0,48990.05610709997
5,West Coast,2018-08-01,Change MLR,6,49086.0,47633.91763029568
5,West Coast,2018-09-01,Change MLR,6,49209.0,49549.858855039005
5,West Coast,2018-10-01,Change MLR,6,46399.0,49234.038896222555
5,West Coast,2018-11-01,Change MLR,6,45152.0,45160.95549183818
5,West Coast,2018-12-01,Change MLR,6,49359.0,45222.50531850203
5,West Coast,2019-01-01,Change MLR,6,51643.0,49830.87982353759
5,West Coast,2019-02-01,Change MLR,6,49767.0,51788.67924330157
5,West Coast,2019-03-01,Change MLR,6,53082.0,49685.06538996495
5,West Coast,2019-04-01,Change MLR,6,52006.0,53042.98539837779
5,West Coast,2017-08-01,Seasonal ridge MLR,6,48337.0,47810.176961679346
5,West Coast,2017-09-01,Seasonal ridge MLR,6,52498.0,48312.37750182946
5,West Coast,2017-10-01,Seasonal ridge MLR,6,53896.0,53055.02703298043
5,West Coast,2017-11-01,Seasonal ridge MLR,6,51108.0,54763.5517125992
5,West Coast,2017-12-01,Seasonal ridge MLR,6,49964.0,51825.64265938938
5,West Coast,2018-01-01,Seasonal ridge MLR,6,49005.0,50666.5472748873
5,West Coast,2018-02-01,Seasonal ridge MLR,6,49623.0,49285.427736084705
5,West Coast,2018-03-01,Seasonal ridge MLR,6,51051.0,50224.75995411719
5,West Coast,2018-04-01,Seasonal ridge MLR,6,54765.0,50814.956040785204
5,West Coast,2018-05-01,Seasonal ridge MLR,6,51140.0,54037.77186382021
5,West Coast,2018-06-01,Seasonal ridge MLR,6,49029.0,49654.225325018066
5,West Coast,2018-07-01,Seasonal ridge MLR,6,48728.0,48617.343441971825
5,West Coast,2018-08-01,Seasonal ridge MLR,6,49086.0,48306.719373988315
5,West Coast,2018-09-01,Seasonal ridge MLR,6,49209.0,49322.92845491031
5,West Coast,2018-10-01,Seasonal ridge MLR,6,46399.0,49633.02426258619
5,West Coast,2018-11-01,Seasonal ridge MLR,6,45152.0,46279.35755638249
5,West Coast,2018-12-01,Seasonal ridge MLR,6,49359.0,46183.94711815803
5,West Coast,2019-01-01,Seasonal ridge MLR,6,51643.0,50752.29378005489
5,West Coast,2019-02-01,Seasonal ridge MLR,6,49767.0,52431.726108114985
5,West Coast,2019-03-01,Seasonal ridge MLR,6,53082.0,50110.553855745784
5,West Coast,2019-04-01,Seasonal ridge MLR,6,52006.0,52777.187990541206
5,West Coast,2017-08-01,Polynomial ridge (degree 2),6,48337.0,50294.673462362654
5,West Coast,2017-09-01,Polynomial ridge (degree 2),6,52498.0,50737.96685076616
5,West Coast,2017-10-01,Polynomial ridge (degree 2),6,53896.0,53307.583237859384
5,West Coast,2017-11-01,Polynomial ridge (degree 2),6,51108.0,53970.69325475999
5,West Coast,2017-12-01,Polynomial ridge (degree 2),6,49964.0,51207.48778573883
5,West Coast,2018-01-01,Polynomial ridge (degree 2),6,49005.0,51243.07916886374
5,West Coast,2018-02-01,Polynomial ridge (degree 2),6,49623.0,50826.950477684055
5,West Coast,2018-03-01,Polynomial ridge (degree 2),6,51051.0,51730.97352300987
5,West Coast,2018-04-01,Polynomial ridge (degree 2),6,54765.0,52267.35514011718
5,West Coast,2018-05-01,Polynomial ridge (degree 2),6,51140.0,54822.36917058025
5,West Coast,2018-06-01,Polynomial ridge (degree 2),6,49029.0,50989.22927907774
5,West Coast,2018-07-01,Polynomial ridge (degree 2),6,48728.0,51101.25082187959
5,West Coast,2018-08-01,Polynomial ridge (degree 2),6,49086.0,50838.47488826406
5,West Coast,2018-09-01,Polynomial ridge (degree 2),6,49209.0,51526.00466598559
5,West Coast,2018-10-01,Polynomial ridge (degree 2),6,46399.0,51228.906782365244
5,West Coast,2018-11-01,Polynomial ridge (degree 2),6,45152.0,49732.615369607236
5,West Coast,2018-12-01,Polynomial ridge (degree 2),6,49359.0,49609.48607799041
5,West Coast,2019-01-01,Polynomial ridge (degree 2),6,51643.0,51402.993151384464
5,West Coast,2019-02-01,Polynomial ridge (degree 2),6,49767.0,52692.84796355551
5,West Coast,2019-03-01,Polynomial ridge (degree 2),6,53082.0,51078.14857571627
5,West Coast,2019-04-01,Polynomial ridge (degree 2),6,52006.0,53693.58477825181
5,West Coast,2017-08-01,Spline ridge (4 knots),6,48337.0,48285.97967307118
5,West Coast,2017-09-01,Spline ridge (4 knots),6,52498.0,48440.1181551565
5,West Coast,2017-10-01,Spline ridge (4 knots),6,53896.0,52828.39127422857
5,West Coast,2017-11-01,Spline ridge (4 knots),6,51108.0,54332.7821247356
5,West Coast,2017-12-01,Spline ridge (4 knots),6,49964.0,50458.71647435052
5,West Coast,2018-01-01,Spline ridge (4 knots),6,49005.0,49854.634950078675
5,West Coast,2018-02-01,Spline ridge (4 knots),6,49623.0,48590.69543213948
5,West Coast,2018-03-01,Spline ridge (4 knots),6,51051.0,50471.957214743976
5,West Coast,2018-04-01,Spline ridge (4 knots),6,54765.0,51038.31773167103
5,West Coast,2018-05-01,Spline ridge (4 knots),6,51140.0,55050.97606973664
5,West Coast,2018-06-01,Spline ridge (4 knots),6,49029.0,51017.874307127255
5,West Coast,2018-07-01,Spline ridge (4 knots),6,48728.0,49381.10235991077
5,West Coast,2018-08-01,Spline ridge (4 knots),6,49086.0,48396.650559252295
5,West Coast,2018-09-01,Spline ridge (4 knots),6,49209.0,49960.6858005729
5,West Coast,2018-10-01,Spline ridge (4 knots),6,46399.0,49575.53142092177
5,West Coast,2018-11-01,Spline ridge (4 knots),6,45152.0,46584.428195127286
5,West Coast,2018-12-01,Spline ridge (4 knots),6,49359.0,45598.67202165695
5,West Coast,2019-01-01,Spline ridge (4 knots),6,51643.0,49766.70753444962
5,West Coast,2019-02-01,Spline ridge (4 knots),6,49767.0,51789.45473327403
5,West Coast,2019-03-01,Spline ridge (4 knots),6,53082.0,49954.87193121702
5,West Coast,2019-04-01,Spline ridge (4 knots),6,52006.0,53603.52118644936
5,West Coast,2019-05-01,Persistence,7,50711.0,52006.0
5,West Coast,2019-06-01,Persistence,7,49031.0,50711.0
5,West Coast,2019-07-01,Persistence,7,45344.0,49031.0
5,West Coast,2019-08-01,Persistence,7,46239.0,45344.0
5,West Coast,2019-09-01,Persistence,7,51006.0,46239.0
5,West Coast,2019-10-01,Persistence,7,52413.0,51006.0
5,West Coast,2019-11-01,Persistence,7,52898.0,52413.0
5,West Coast,2019-12-01,Persistence,7,52073.0,52898.0
5,West Coast,2020-01-01,Persistence,7,52311.0,52073.0
5,West Coast,2020-02-01,Persistence,7,57074.0,52311.0
5,West Coast,2020-03-01,Persistence,7,56720.0,57074.0
5,West Coast,2020-04-01,Persistence,7,57391.0,56720.0
5,West Coast,2020-05-01,Persistence,7,56563.0,57391.0
5,West Coast,2020-06-01,Persistence,7,54137.0,56563.0
5,West Coast,2020-07-01,Persistence,7,54804.0,54137.0
5,West Coast,2020-08-01,Persistence,7,51428.0,54804.0
5,West Coast,2020-09-01,Persistence,7,51073.0,51428.0
5,West Coast,2020-10-01,Persistence,7,46690.0,51073.0
5,West Coast,2020-11-01,Persistence,7,45098.0,46690.0
5,West Coast,2020-12-01,Persistence,7,47258.0,45098.0
5,West Coast,2021-01-01,Persistence,7,51532.0,47258.0
5,West Coast,2019-05-01,Physical level MLR,7,50711.0,51137.46684355382
5,West Coast,2019-06-01,Physical level MLR,7,49031.0,50393.45961492874
5,West Coast,2019-07-01,Physical level MLR,7,45344.0,48898.68669253397
5,West Coast,2019-08-01,Physical level MLR,7,46239.0,47017.66100133437
5,West Coast,2019-09-01,Physical level MLR,7,51006.0,48041.21383171056
5,West Coast,2019-10-01,Physical level MLR,7,52413.0,51105.118378650644
5,West Coast,2019-11-01,Physical level MLR,7,52898.0,51735.9053086701
5,West Coast,2019-12-01,Physical level MLR,7,52073.0,51859.679091285834
5,West Coast,2020-01-01,Physical level MLR,7,52311.0,51430.70781440902
5,West Coast,2020-02-01,Physical level MLR,7,57074.0,51870.29965896255
5,West Coast,2020-03-01,Physical level MLR,7,56720.0,54931.84719141631
5,West Coast,2020-04-01,Physical level MLR,7,57391.0,56392.34212428128
5,West Coast,2020-05-01,Physical level MLR,7,56563.0,55690.834787487525
5,West Coast,2020-06-01,Physical level MLR,7,54137.0,55557.42145818007
5,West Coast,2020-07-01,Physical level MLR,7,54804.0,54230.11108775923
5,West Coast,2020-08-01,Physical level MLR,7,51428.0,54141.68745691326
5,West Coast,2020-09-01,Physical level MLR,7,51073.0,52146.140089639644
5,West Coast,2020-10-01,Physical level MLR,7,46690.0,52139.07812037833
5,West Coast,2020-11-01,Physical level MLR,7,45098.0,49760.552464231616
5,West Coast,2020-12-01,Physical level MLR,7,47258.0,49429.625758011316
5,West Coast,2021-01-01,Physical level MLR,7,51532.0,50472.367491077865
5,West Coast,2019-05-01,Change MLR,7,50711.0,51190.575621808886
5,West Coast,2019-06-01,Change MLR,7,49031.0,49355.99613798286
5,West Coast,2019-07-01,Change MLR,7,45344.0,48425.40096953702
5,West Coast,2019-08-01,Change MLR,7,46239.0,44943.39405921833
5,West Coast,2019-09-01,Change MLR,7,51006.0,43499.56503161762
5,West Coast,2019-10-01,Change MLR,7,52413.0,51687.65840678768
5,West Coast,2019-11-01,Change MLR,7,52898.0,52753.66548099844
5,West Coast,2019-12-01,Change MLR,7,52073.0,53311.759270020455
5,West Coast,2020-01-01,Change MLR,7,52311.0,49374.91014124302
5,West Coast,2020-02-01,Change MLR,7,57074.0,52899.613914607435
5,West Coast,2020-03-01,Change MLR,7,56720.0,58249.622443554916
5,West Coast,2020-04-01,Change MLR,7,57391.0,55412.56430091018
5,West Coast,2020-05-01,Change MLR,7,56563.0,53607.578860216396
5,West Coast,2020-06-01,Change MLR,7,54137.0,55140.62108344384
5,West Coast,2020-07-01,Change MLR,7,54804.0,54310.43386960978
5,West Coast,2020-08-01,Change MLR,7,51428.0,53673.41539106173
5,West Coast,2020-09-01,Change MLR,7,51073.0,48210.426042874366
5,West Coast,2020-10-01,Change MLR,7,46690.0,48815.44698326792
5,West Coast,2020-11-01,Change MLR,7,45098.0,43984.895458620136
5,West Coast,2020-12-01,Change MLR,7,47258.0,43863.39298877996
5,West Coast,2021-01-01,Change MLR,7,51532.0,46697.47311181501
5,West Coast,2019-05-01,Seasonal ridge MLR,7,50711.0,50881.1104247615
5,West Coast,2019-06-01,Seasonal ridge MLR,7,49031.0,49206.00471470054
5,West Coast,2019-07-01,Seasonal ridge MLR,7,45344.0,47854.22867930023
5,West Coast,2019-08-01,Seasonal ridge MLR,7,46239.0,44918.0070022046
5,West Coast,2019-09-01,Seasonal ridge MLR,7,51006.0,43905.73085773042
5,West Coast,2019-10-01,Seasonal ridge MLR,7,52413.0,51751.29592161343
5,West Coast,2019-11-01,Seasonal ridge MLR,7,52898.0,53072.09901864588
5,West Coast,2019-12-01,Seasonal ridge MLR,7,52073.0,54033.26410295226
5,West Coast,2020-01-01,Seasonal ridge MLR,7,52311.0,50843.08398003054
5,West Coast,2020-02-01,Seasonal ridge MLR,7,57074.0,53236.677935557025
5,West Coast,2020-03-01,Seasonal ridge MLR,7,56720.0,57968.380169895885
5,West Coast,2020-04-01,Seasonal ridge MLR,7,57391.0,54828.4585010421
5,West Coast,2020-05-01,Seasonal ridge MLR,7,56563.0,53295.058680067064
5,West Coast,2020-06-01,Seasonal ridge MLR,7,54137.0,54190.24360656311
5,West Coast,2020-07-01,Seasonal ridge MLR,7,54804.0,52854.64078105614
5,West Coast,2020-08-01,Seasonal ridge MLR,7,51428.0,52871.220244304684
5,West Coast,2020-09-01,Seasonal ridge MLR,7,51073.0,48359.51745902465
5,West Coast,2020-10-01,Seasonal ridge MLR,7,46690.0,48944.55253429358
5,West Coast,2020-11-01,Seasonal ridge MLR,7,45098.0,44561.046277613175
5,West Coast,2020-12-01,Seasonal ridge MLR,7,47258.0,44369.220946178495
5,West Coast,2021-01-01,Seasonal ridge MLR,7,51532.0,46994.568035523225
5,West Coast,2019-05-01,Polynomial ridge (degree 2),7,50711.0,51877.21191984889
5,West Coast,2019-06-01,Polynomial ridge (degree 2),7,49031.0,51152.16898529449
5,West Coast,2019-07-01,Polynomial ridge (degree 2),7,45344.0,49758.49747519571
5,West Coast,2019-08-01,Polynomial ridge (degree 2),7,46239.0,47632.931769733186
5,West Coast,2019-09-01,Polynomial ridge (degree 2),7,51006.0,48632.33122075017
5,West Coast,2019-10-01,Polynomial ridge (degree 2),7,52413.0,51817.95531361718
5,West Coast,2019-11-01,Polynomial ridge (degree 2),7,52898.0,52586.238025535386
5,West Coast,2019-12-01,Polynomial ridge (degree 2),7,52073.0,52844.55799271495
5,West Coast,2020-01-01,Polynomial ridge (degree 2),7,52311.0,52108.34827738769
5,West Coast,2020-02-01,Polynomial ridge (degree 2),7,57074.0,52369.99700139586
5,West Coast,2020-03-01,Polynomial ridge (degree 2),7,56720.0,56296.74337034122
5,West Coast,2020-04-01,Polynomial ridge (degree 2),7,57391.0,55268.953063260364
5,West Coast,2020-05-01,Polynomial ridge (degree 2),7,56563.0,55999.43075927122
5,West Coast,2020-06-01,Polynomial ridge (degree 2),7,54137.0,54999.11698522677
5,West Coast,2020-07-01,Polynomial ridge (degree 2),7,54804.0,52913.44535901715
5,West Coast,2020-08-01,Polynomial ridge (degree 2),7,51428.0,54236.35931848559
5,West Coast,2020-09-01,Polynomial ridge (degree 2),7,51073.0,51048.26961130353
5,West Coast,2020-10-01,Polynomial ridge (degree 2),7,46690.0,51640.90635677661
5,West Coast,2020-11-01,Polynomial ridge (degree 2),7,45098.0,48212.47178844815
5,West Coast,2020-12-01,Polynomial ridge (degree 2),7,47258.0,48252.32169198481
5,West Coast,2021-01-01,Polynomial ridge (degree 2),7,51532.0,49492.79975884188
5,West Coast,2019-05-01,Spline ridge (4 knots),7,50711.0,52563.90939346346
5,West Coast,2019-06-01,Spline ridge (4 knots),7,49031.0,50989.96734542076
5,West Coast,2019-07-01,Spline ridge (4 knots),7,45344.0,49163.472685903245
5,West Coast,2019-08-01,Spline ridge (4 knots),7,46239.0,45245.096575072064
5,West Coast,2019-09-01,Spline ridge (4 knots),7,51006.0,46876.818332416544
5,West Coast,2019-10-01,Spline ridge (4 knots),7,52413.0,51161.41593807099
5,West Coast,2019-11-01,Spline ridge (4 knots),7,52898.0,53215.654909850884
5,West Coast,2019-12-01,Spline ridge (4 knots),7,52073.0,53503.219970121034
5,West Coast,2020-01-01,Spline ridge (4 knots),7,52311.0,52337.40165125624
5,West Coast,2020-02-01,Spline ridge (4 knots),7,57074.0,53034.45552106512
5,West Coast,2020-03-01,Spline ridge (4 knots),7,56720.0,57447.138805972776
5,West Coast,2020-04-01,Spline ridge (4 knots),7,57391.0,56449.299583667336
5,West Coast,2020-05-01,Spline ridge (4 knots),7,56563.0,57732.21232115204
5,West Coast,2020-06-01,Spline ridge (4 knots),7,54137.0,56360.35342099079
5,West Coast,2020-07-01,Spline ridge (4 knots),7,54804.0,54015.994753956526
5,West Coast,2020-08-01,Spline ridge (4 knots),7,51428.0,54981.46270908259
5,West Coast,2020-09-01,Spline ridge (4 knots),7,51073.0,50818.72742210642
5,West Coast,2020-10-01,Spline ridge (4 knots),7,46690.0,51161.5816046189
5,West Coast,2020-11-01,Spline ridge (4 knots),7,45098.0,46391.42916055824
5,West Coast,2020-12-01,Spline ridge (4 knots),7,47258.0,44669.784831653014
5,West Coast,2021-01-01,Spline ridge (4 knots),7,51532.0,47481.700691901424
5,West Coast,2021-02-01,Persistence,8,48325.0,51532.0
5,West Coast,2021-03-01,Persistence,8,48041.0,48325.0
5,West Coast,2021-04-01,Persistence,8,48296.0,48041.0
5,West Coast,2021-05-01,Persistence,8,47846.0,48296.0
5,West Coast,2021-06-01,Persistence,8,45141.0,47846.0
5,West Coast,2021-07-01,Persistence,8,46345.0,45141.0
5,West Coast,2021-08-01,Persistence,8,47895.0,46345.0
5,West Coast,2021-09-01,Persistence,8,48905.0,47895.0
5,West Coast,2021-10-01,Persistence,8,48624.0,48905.0
5,West Coast,2021-11-01,Persistence,8,46748.0,48624.0
5,West Coast,2021-12-01,Persistence,8,51196.0,46748.0
5,West Coast,2022-01-01,Persistence,8,49640.0,51196.0
5,West Coast,2022-02-01,Persistence,8,46797.0,49640.0
5,West Coast,2022-03-01,Persistence,8,48399.0,46797.0
5,West Coast,2022-04-01,Persistence,8,46490.0,48399.0
5,West Coast,2022-05-01,Persistence,8,46323.0,46490.0
5,West Coast,2022-06-01,Persistence,8,50121.0,46323.0
5,West Coast,2022-07-01,Persistence,8,48567.0,50121.0
5,West Coast,2022-08-01,Persistence,8,48438.0,48567.0
5,West Coast,2022-09-01,Persistence,8,49593.0,48438.0
5,West Coast,2022-10-01,Persistence,8,48722.0,49593.0
5,West Coast,2021-02-01,Physical level MLR,8,48325.0,53006.98342111415
5,West Coast,2021-03-01,Physical level MLR,8,48041.0,49593.206681184005
5,West Coast,2021-04-01,Physical level MLR,8,48296.0,48966.88971407091
5,West Coast,2021-05-01,Physical level MLR,8,47846.0,49518.15787413597
5,West Coast,2021-06-01,Physical level MLR,8,45141.0,49290.092522920924
5,West Coast,2021-07-01,Physical level MLR,8,46345.0,48040.306845530446
5,West Coast,2021-08-01,Physical level MLR,8,47895.0,48165.62529447691
5,West Coast,2021-09-01,Physical level MLR,8,48905.0,49966.93665706618
5,West Coast,2021-10-01,Physical level MLR,8,48624.0,50624.42405537223
5,West Coast,2021-11-01,Physical level MLR,8,46748.0,50732.88127128119
5,West Coast,2021-12-01,Physical level MLR,8,51196.0,48837.38154949725
5,West Coast,2022-01-01,Physical level MLR,8,49640.0,52212.382008580564
5,West Coast,2022-02-01,Physical level MLR,8,46797.0,50978.827104062984
5,West Coast,2022-03-01,Physical level MLR,8,48399.0,47999.25811709718
5,West Coast,2022-04-01,Physical level MLR,8,46490.0,50617.78303942243
5,West Coast,2022-05-01,Physical level MLR,8,46323.0,48263.37682098945
5,West Coast,2022-06-01,Physical level MLR,8,50121.0,48836.421290703525
5,West Coast,2022-07-01,Physical level MLR,8,48567.0,51328.86893678322
5,West Coast,2022-08-01,Physical level MLR,8,48438.0,49556.23207161202
5,West Coast,2022-09-01,Physical level MLR,8,49593.0,50369.20724779226
5,West Coast,2022-10-01,Physical level MLR,8,48722.0,50729.1490240629
5,West Coast,2021-02-01,Change MLR,8,48325.0,51559.00629775674
5,West Coast,2021-03-01,Change MLR,8,48041.0,47973.0992514136
5,West Coast,2021-04-01,Change MLR,8,48296.0,46808.9319131067
5,West Coast,2021-05-01,Change MLR,8,47846.0,47972.310989345366
5,West Coast,2021-06-01,Change MLR,8,45141.0,47097.994284172964
5,West Coast,2021-07-01,Change MLR,8,46345.0,44847.23779744853
5,West Coast,2021-08-01,Change MLR,8,47895.0,45658.68910751377
5,West Coast,2021-09-01,Change MLR,8,48905.0,48128.95855140553
5,West Coast,2021-10-01,Change MLR,8,48624.0,49160.5697681854
5,West Coast,2021-11-01,Change MLR,8,46748.0,48833.940024832205
5,West Coast,2021-12-01,Change MLR,8,51196.0,46082.16541521079
5,West Coast,2022-01-01,Change MLR,8,49640.0,52042.8455922337
5,West Coast,2022-02-01,Change MLR,8,46797.0,49417.212347862514
5,West Coast,2022-03-01,Change MLR,8,48399.0,46201.172149139995
5,West Coast,2022-04-01,Change MLR,8,46490.0,48789.597088190305
5,West Coast,2022-05-01,Change MLR,8,46323.0,47064.3296096364
5,West Coast,2022-06-01,Change MLR,8,50121.0,46425.68037185232
5,West Coast,2022-07-01,Change MLR,8,48567.0,50838.93751350898
5,West Coast,2022-08-01,Change MLR,8,48438.0,48902.486786406036
5,West Coast,2022-09-01,Change MLR,8,49593.0,48470.985629145594
5,West Coast,2022-10-01,Change MLR,8,48722.0,50004.51301008325
5,West Coast,2021-02-01,Seasonal ridge MLR,8,48325.0,52066.43216018138
5,West Coast,2021-03-01,Seasonal ridge MLR,8,48041.0,48222.27728448402
5,West Coast,2021-04-01,Seasonal ridge MLR,8,48296.0,47143.54941106395
5,West Coast,2021-05-01,Seasonal ridge MLR,8,47846.0,47592.89995926214
5,West Coast,2021-06-01,Seasonal ridge MLR,8,45141.0,46819.55310693383
5,West Coast,2021-07-01,Seasonal ridge MLR,8,46345.0,44367.952272860246
5,West Coast,2021-08-01,Seasonal ridge MLR,8,47895.0,45537.61036858571
5,West Coast,2021-09-01,Seasonal ridge MLR,8,48905.0,47928.947003180365
5,West Coast,2021-10-01,Seasonal ridge MLR,8,48624.0,49321.95707690367
5,West Coast,2021-11-01,Seasonal ridge MLR,8,46748.0,49300.23112556454
5,West Coast,2021-12-01,Seasonal ridge MLR,8,51196.0,47188.17623887167
5,West Coast,2022-01-01,Seasonal ridge MLR,8,49640.0,52542.57050157529
5,West Coast,2022-02-01,Seasonal ridge MLR,8,46797.0,50129.20408265846
5,West Coast,2022-03-01,Seasonal ridge MLR,8,48399.0,46874.38064835635
5,West Coast,2022-04-01,Seasonal ridge MLR,8,46490.0,48538.152299040536
5,West Coast,2022-05-01,Seasonal ridge MLR,8,46323.0,46214.722990203634
5,West Coast,2022-06-01,Seasonal ridge MLR,8,50121.0,45789.53500874553
5,West Coast,2022-07-01,Seasonal ridge MLR,8,48567.0,49785.30340616948
5,West Coast,2022-08-01,Seasonal ridge MLR,8,48438.0,48189.91907226063
5,West Coast,2022-09-01,Seasonal ridge MLR,8,49593.0,48340.16736129629
5,West Coast,2022-10-01,Seasonal ridge MLR,8,48722.0,50110.62224159683
5,West Coast,2021-02-01,Polynomial ridge (degree 2),8,48325.0,53189.76279831263
5,West Coast,2021-03-01,Polynomial ridge (degree 2),8,48041.0,48793.80176425049
5,West Coast,2021-04-01,Polynomial ridge (degree 2),8,48296.0,49769.967677342895
5,West Coast,2021-05-01,Polynomial ridge (degree 2),8,47846.0,49971.46441334812
5,West Coast,2021-06-01,Polynomial ridge (degree 2),8,45141.0,49826.0990141051
5,West Coast,2021-07-01,Polynomial ridge (degree 2),8,46345.0,47650.84230818701
5,West Coast,2021-08-01,Polynomial ridge (degree 2),8,47895.0,49360.871520573884
5,West Coast,2021-09-01,Polynomial ridge (degree 2),8,48905.0,50351.084697210055
5,West Coast,2021-10-01,Polynomial ridge (degree 2),8,48624.0,50749.68006878939
5,West Coast,2021-11-01,Polynomial ridge (degree 2),8,46748.0,50308.655483188246
5,West Coast,2021-12-01,Polynomial ridge (degree 2),8,51196.0,48721.011869224676
5,West Coast,2022-01-01,Polynomial ridge (degree 2),8,49640.0,52631.2220803214
5,West Coast,2022-02-01,Polynomial ridge (degree 2),8,46797.0,50443.93520308137
5,West Coast,2022-03-01,Polynomial ridge (degree 2),8,48399.0,47933.24551376772
5,West Coast,2022-04-01,Polynomial ridge (degree 2),8,46490.0,50662.330880024565
5,West Coast,2022-05-01,Polynomial ridge (degree 2),8,46323.0,47581.86952739781
5,West Coast,2022-06-01,Polynomial ridge (degree 2),8,50121.0,48955.71615274791
5,West Coast,2022-07-01,Polynomial ridge (degree 2),8,48567.0,51848.67394271906
5,West Coast,2022-08-01,Polynomial ridge (degree 2),8,48438.0,49277.429267379775
5,West Coast,2022-09-01,Polynomial ridge (degree 2),8,49593.0,50285.846085749305
5,West Coast,2022-10-01,Polynomial ridge (degree 2),8,48722.0,50962.001003739286
5,West Coast,2021-02-01,Spline ridge (4 knots),8,48325.0,52148.00416108561
5,West Coast,2021-03-01,Spline ridge (4 knots),8,48041.0,48224.84394297297
5,West Coast,2021-04-01,Spline ridge (4 knots),8,48296.0,48067.81771643183
5,West Coast,2021-05-01,Spline ridge (4 knots),8,47846.0,48520.253134739054
5,West Coast,2021-06-01,Spline ridge (4 knots),8,45141.0,47564.38400059542
5,West Coast,2021-07-01,Spline ridge (4 knots),8,46345.0,44577.393310082
5,West Coast,2021-08-01,Spline ridge (4 knots),8,47895.0,46362.36706139174
5,West Coast,2021-09-01,Spline ridge (4 knots),8,48905.0,47899.57248638864
5,West Coast,2021-10-01,Spline ridge (4 knots),8,48624.0,48857.97283688863
5,West Coast,2021-11-01,Spline ridge (4 knots),8,46748.0,48359.327409534526
5,West Coast,2021-12-01,Spline ridge (4 knots),8,51196.0,46359.16391492804
5,West Coast,2022-01-01,Spline ridge (4 knots),8,49640.0,51429.28297421268
5,West Coast,2022-02-01,Spline ridge (4 knots),8,46797.0,49298.3314943745
5,West Coast,2022-03-01,Spline ridge (4 knots),8,48399.0,46737.90566963602
5,West Coast,2022-04-01,Spline ridge (4 knots),8,46490.0,48401.48136944267
5,West Coast,2022-05-01,Spline ridge (4 knots),8,46323.0,45940.85959798995
5,West Coast,2022-06-01,Spline ridge (4 knots),8,50121.0,46228.61938549654
5,West Coast,2022-07-01,Spline ridge (4 knots),8,48567.0,50374.715582188954
5,West Coast,2022-08-01,Spline ridge (4 knots),8,48438.0,48788.82822849981
5,West Coast,2022-09-01,Spline ridge (4 knots),8,49593.0,48168.97764883387
5,West Coast,2022-10-01,Spline ridge (4 knots),8,48722.0,49836.48556821989
5,West Coast,2022-11-01,Persistence,9,48002.0,48722.0
5,West Coast,2022-12-01,Persistence,9,48005.0,48002.0
5,West Coast,2023-01-01,Persistence,9,49287.0,48005.0
5,West Coast,2023-02-01,Persistence,9,49402.0,49287.0
5,West Coast,2023-03-01,Persistence,9,52191.0,49402.0
5,West Coast,2023-04-01,Persistence,9,51745.0,52191.0
5,West Coast,2023-05-01,Persistence,9,49774.0,51745.0
5,West Coast,2023-06-01,Persistence,9,44796.0,49774.0
5,West Coast,2023-07-01,Persistence,9,45906.0,44796.0
5,West Coast,2023-08-01,Persistence,9,43997.0,45906.0
5,West Coast,2023-09-01,Persistence,9,44355.0,43997.0
5,West Coast,2023-10-01,Persistence,9,50123.0,44355.0
5,West Coast,2023-11-01,Persistence,9,49423.0,50123.0
5,West Coast,2023-12-01,Persistence,9,46173.0,49423.0
5,West Coast,2024-01-01,Persistence,9,49347.0,46173.0
5,West Coast,2024-02-01,Persistence,9,47617.0,49347.0
5,West Coast,2024-03-01,Persistence,9,45362.0,47617.0
5,West Coast,2024-04-01,Persistence,9,46523.0,45362.0
5,West Coast,2024-05-01,Persistence,9,44390.0,46523.0
5,West Coast,2024-06-01,Persistence,9,48679.0,44390.0
5,West Coast,2024-07-01,Persistence,9,48397.0,48679.0
5,West Coast,2022-11-01,Physical level MLR,9,48002.0,49043.466653456606
5,West Coast,2022-12-01,Physical level MLR,9,48005.0,48226.33249216806
5,West Coast,2023-01-01,Physical level MLR,9,49287.0,49185.50408538177
5,West Coast,2023-02-01,Physical level MLR,9,49402.0,49975.831920241595
5,West Coast,2023-03-01,Physical level MLR,9,52191.0,49272.27192916797
5,West Coast,2023-04-01,Physical level MLR,9,51745.0,51691.77941271085
5,West Coast,2023-05-01,Physical level MLR,9,49774.0,51013.900389005044
5,West Coast,2023-06-01,Physical level MLR,9,44796.0,49219.848847812435
5,West Coast,2023-07-01,Physical level MLR,9,45906.0,46331.71512333394
5,West Coast,2023-08-01,Physical level MLR,9,43997.0,46978.09432528411
5,West Coast,2023-09-01,Physical level MLR,9,44355.0,46052.65701072112
5,West Coast,2023-10-01,Physical level MLR,9,50123.0,46969.2993902886
5,West Coast,2023-11-01,Physical level MLR,9,49423.0,50533.28466947991
5,West Coast,2023-12-01,Physical level MLR,9,46173.0,49585.78272621267
5,West Coast,2024-01-01,Physical level MLR,9,49347.0,47851.72910032896
5,West Coast,2024-02-01,Physical level MLR,9,47617.0,49820.06319285113
5,West Coast,2024-03-01,Physical level MLR,9,45362.0,48612.65448398788
5,West Coast,2024-04-01,Physical level MLR,9,46523.0,47206.73636194714
5,West Coast,2024-05-01,Physical level MLR,9,44390.0,47503.24201251401
5,West Coast,2024-06-01,Physical level MLR,9,48679.0,45918.68039716928
5,West Coast,2024-07-01,Physical level MLR,9,48397.0,49009.6720437451
5,West Coast,2022-11-01,Change MLR,9,48002.0,48597.52986468743
5,West Coast,2022-12-01,Change MLR,9,48005.0,47735.60739099821
5,West Coast,2023-01-01,Change MLR,9,49287.0,47987.38593563861
5,West Coast,2023-02-01,Change MLR,9,49402.0,49448.2242439501
5,West Coast,2023-03-01,Change MLR,9,52191.0,48991.0776955735
5,West Coast,2023-04-01,Change MLR,9,51745.0,52265.044829730454
5,West Coast,2023-05-01,Change MLR,9,49774.0,51955.75224306606
5,West Coast,2023-06-01,Change MLR,9,44796.0,48863.01599850095
5,West Coast,2023-07-01,Change MLR,9,45906.0,44703.58853618166
5,West Coast,2023-08-01,Change MLR,9,43997.0,45371.23935710684
5,West Coast,2023-09-01,Change MLR,9,44355.0,43657.065935119754
5,West Coast,2023-10-01,Change MLR,9,50123.0,44374.14883533636
5,West Coast,2023-11-01,Change MLR,9,49423.0,50485.72742721501
5,West Coast,2023-12-01,Change MLR,9,46173.0,49890.62047531067
5,West Coast,2024-01-01,Change MLR,9,49347.0,45739.1145294949
5,West Coast,2024-02-01,Change MLR,9,47617.0,49021.289731986886
5,West Coast,2024-03-01,Change MLR,9,45362.0,47732.99142148284
5,West Coast,2024-04-01,Change MLR,9,46523.0,45351.258000557755
5,West Coast,2024-05-01,Change MLR,9,44390.0,46366.17623864928
5,West Coast,2024-06-01,Change MLR,9,48679.0,43624.350923586535
5,West Coast,2024-07-01,Change MLR,9,48397.0,48655.4952897619
5,West Coast,2022-11-01,Seasonal ridge MLR,9,48002.0,49431.275286891636
5,West Coast,2022-12-01,Seasonal ridge MLR,9,48005.0,48718.74791285237
5,West Coast,2023-01-01,Seasonal ridge MLR,9,49287.0,48788.316001999636
5,West Coast,2023-02-01,Seasonal ridge MLR,9,49402.0,49889.93894263943
5,West Coast,2023-03-01,Seasonal ridge MLR,9,52191.0,49547.62313047563
5,West Coast,2023-04-01,Seasonal ridge MLR,9,51745.0,52191.99283354583
5,West Coast,2023-05-01,Seasonal ridge MLR,9,49774.0,51442.09963571986
5,West Coast,2023-06-01,Seasonal ridge MLR,9,44796.0,48806.337256736675
5,West Coast,2023-07-01,Seasonal ridge MLR,9,45906.0,44154.250284877715
5,West Coast,2023-08-01,Seasonal ridge MLR,9,43997.0,45394.671679760686
5,West Coast,2023-09-01,Seasonal ridge MLR,9,44355.0,43897.8159677815
5,West Coast,2023-10-01,Seasonal ridge MLR,9,50123.0,44559.95356043848
5,West Coast,2023-11-01,Seasonal ridge MLR,9,49423.0,50888.11697108285
5,West Coast,2023-12-01,Seasonal ridge MLR,9,46173.0,50378.29689571648
5,West Coast,2024-01-01,Seasonal ridge MLR,9,49347.0,46852.870785850864
5,West Coast,2024-02-01,Seasonal ridge MLR,9,47617.0,49688.15809005049
5,West Coast,2024-03-01,Seasonal ridge MLR,9,45362.0,47939.779912112375
5,West Coast,2024-04-01,Seasonal ridge MLR,9,46523.0,45218.18483077538
5,West Coast,2024-05-01,Seasonal ridge MLR,9,44390.0,46043.92062058661
5,West Coast,2024-06-01,Seasonal ridge MLR,9,48679.0,43471.53275126795
5,West Coast,2024-07-01,Seasonal ridge MLR,9,48397.0,48316.163788695965
5,West Coast,2022-11-01,Polynomial ridge (degree 2),9,48002.0,49646.30911733925
5,West Coast,2022-12-01,Polynomial ridge (degree 2),9,48005.0,48877.47308766414
5,West Coast,2023-01-01,Polynomial ridge (degree 2),9,49287.0,49395.615256128476
5,West Coast,2023-02-01,Polynomial ridge (degree 2),9,49402.0,50349.33688276338
5,West Coast,2023-03-01,Polynomial ridge (degree 2),9,52191.0,50162.35071299111
5,West Coast,2023-04-01,Polynomial ridge (degree 2),9,51745.0,52669.63423343086
5,West Coast,2023-05-01,Polynomial ridge (degree 2),9,49774.0,51732.32777839755
5,West Coast,2023-06-01,Polynomial ridge (degree 2),9,44796.0,50177.08773567044
5,West Coast,2023-07-01,Polynomial ridge (degree 2),9,45906.0,45809.179103680974
5,West Coast,2023-08-01,Polynomial ridge (degree 2),9,43997.0,47861.67029336024
5,West Coast,2023-09-01,Polynomial ridge (degree 2),9,44355.0,46431.74066588015
5,West Coast,2023-10-01,Polynomial ridge (degree 2),9,50123.0,46795.36245749149
5,West Coast,2023-11-01,Polynomial ridge (degree 2),9,49423.0,50786.25778613141
5,West Coast,2023-12-01,Polynomial ridge (degree 2),9,46173.0,49861.88249580351
5,West Coast,2024-01-01,Polynomial ridge (degree 2),9,49347.0,47848.67097466689
5,West Coast,2024-02-01,Polynomial ridge (degree 2),9,47617.0,50518.071577087714
5,West Coast,2024-03-01,Polynomial ridge (degree 2),9,45362.0,48585.46310397671
5,West Coast,2024-04-01,Polynomial ridge (degree 2),9,46523.0,47049.07940112569
5,West Coast,2024-05-01,Polynomial ridge (degree 2),9,44390.0,47994.37203174553
5,West Coast,2024-06-01,Polynomial ridge (degree 2),9,48679.0,46551.98862863
5,West Coast,2024-07-01,Polynomial ridge (degree 2),9,48397.0,49868.26926767602
5,West Coast,2022-11-01,Spline ridge (4 knots),9,48002.0,48689.83556394538
5,West Coast,2022-12-01,Spline ridge (4 knots),9,48005.0,48580.98900478323
5,West Coast,2023-01-01,Spline ridge (4 knots),9,49287.0,47819.07969109437
5,West Coast,2023-02-01,Spline ridge (4 knots),9,49402.0,49236.486463091656
5,West Coast,2023-03-01,Spline ridge (4 knots),9,52191.0,49684.93251436385
5,West Coast,2023-04-01,Spline ridge (4 knots),9,51745.0,52215.78749238558
5,West Coast,2023-05-01,Spline ridge (4 knots),9,49774.0,52314.60757097607
5,West Coast,2023-06-01,Spline ridge (4 knots),9,44796.0,49588.56578106304
5,West Coast,2023-07-01,Spline ridge (4 knots),9,45906.0,43950.39049139317
5,West Coast,2023-08-01,Spline ridge (4 knots),9,43997.0,45840.67916400522
5,West Coast,2023-09-01,Spline ridge (4 knots),9,44355.0,43631.69796483849
5,West Coast,2023-10-01,Spline ridge (4 knots),9,50123.0,44213.44865318784
5,West Coast,2023-11-01,Spline ridge (4 knots),9,49423.0,50191.66541309644
5,West Coast,2023-12-01,Spline ridge (4 knots),9,46173.0,49837.81331595812
5,West Coast,2024-01-01,Spline ridge (4 knots),9,49347.0,45377.75226064659
5,West Coast,2024-02-01,Spline ridge (4 knots),9,47617.0,49412.70326405247
5,West Coast,2024-03-01,Spline ridge (4 knots),9,45362.0,47919.61058591223
5,West Coast,2024-04-01,Spline ridge (4 knots),9,46523.0,45424.73703375048
5,West Coast,2024-05-01,Spline ridge (4 knots),9,44390.0,46888.92311808965
5,West Coast,2024-06-01,Spline ridge (4 knots),9,48679.0,44175.7579964073
5,West Coast,2024-07-01,Spline ridge (4 knots),9,48397.0,48773.26225235783
5,West Coast,2024-08-01,Persistence,10,44599.0,48397.0
5,West Coast,2024-09-01,Persistence,10,45253.0,44599.0
5,West Coast,2024-10-01,Persistence,10,49689.0,45253.0
5,West Coast,2024-11-01,Persistence,10,49330.0,49689.0
5,West Coast,2024-12-01,Persistence,10,48567.0,49330.0
5,West Coast,2025-01-01,Persistence,10,47148.0,48567.0
5,West Coast,2025-02-01,Persistence,10,45729.0,47148.0
5,West Coast,2025-03-01,Persistence,10,48608.0,45729.0
5,West Coast,2025-04-01,Persistence,10,49527.0,48608.0
5,West Coast,2025-05-01,Persistence,10,46992.0,49527.0
5,West Coast,2025-06-01,Persistence,10,44754.0,46992.0
5,West Coast,2025-07-01,Persistence,10,46079.0,44754.0
5,West Coast,2025-08-01,Persistence,10,45411.0,46079.0
5,West Coast,2025-09-01,Persistence,10,48782.0,45411.0
5,West Coast,2025-10-01,Persistence,10,45164.0,48782.0
5,West Coast,2025-11-01,Persistence,10,46424.0,45164.0
5,West Coast,2025-12-01,Persistence,10,44359.0,46424.0
5,West Coast,2026-01-01,Persistence,10,43997.0,44359.0
5,West Coast,2026-02-01,Persistence,10,44981.0,43997.0
5,West Coast,2026-03-01,Persistence,10,46089.0,44981.0
5,West Coast,2026-04-01,Persistence,10,47371.0,46089.0
5,West Coast,2024-08-01,Physical level MLR,10,44599.0,48320.318845536916
5,West Coast,2024-09-01,Physical level MLR,10,45253.0,45325.37094354652
5,West Coast,2024-10-01,Physical level MLR,10,49689.0,46692.96878920683
5,West Coast,2024-11-01,Physical level MLR,10,49330.0,49359.56530676271
5,West Coast,2024-12-01,Physical level MLR,10,48567.0,49151.245999539344
5,West Coast,2025-01-01,Physical level MLR,10,47148.0,48412.09708414483
5,West Coast,2025-02-01,Physical level MLR,10,45729.0,48021.65232136474
5,West Coast,2025-03-01,Physical level MLR,10,48608.0,47257.03981568171
5,West Coast,2025-04-01,Physical level MLR,10,49527.0,48992.72787318894
5,West Coast,2025-05-01,Physical level MLR,10,46992.0,49542.861861592304
5,West Coast,2025-06-01,Physical level MLR,10,44754.0,47502.99532290091
5,West Coast,2025-07-01,Physical level MLR,10,46079.0,45672.587086425316
5,West Coast,2025-08-01,Physical level MLR,10,45411.0,46611.72924703879
5,West Coast,2025-09-01,Physical level MLR,10,48782.0,46509.13849966579
5,West Coast,2025-10-01,Physical level MLR,10,45164.0,49137.913732004235
5,West Coast,2025-11-01,Physical level MLR,10,46424.0,46911.48156511078
5,West Coast,2025-12-01,Physical level MLR,10,44359.0,47427.76466069327
5,West Coast,2026-01-01,Physical level MLR,10,43997.0,46250.457400266685
5,West Coast,2026-02-01,Physical level MLR,10,44981.0,45984.63644779891
5,West Coast,2026-03-01,Physical level MLR,10,46089.0,46748.318559250285
5,West Coast,2026-04-01,Physical level MLR,10,47371.0,47369.44765882408
5,West Coast,2024-08-01,Change MLR,10,44599.0,48298.794131294446
5,West Coast,2024-09-01,Change MLR,10,45253.0,43565.1694012006
5,West Coast,2024-10-01,Change MLR,10,49689.0,45415.16489888282
5,West Coast,2024-11-01,Change MLR,10,49330.0,49986.10033515224
5,West Coast,2024-12-01,Change MLR,10,48567.0,49547.014513924325
5,West Coast,2025-01-01,Change MLR,10,47148.0,47902.987610032746
5,West Coast,2025-02-01,Change MLR,10,45729.0,47312.46716982516
5,West Coast,2025-03-01,Change MLR,10,48608.0,45826.79232764449
5,West Coast,2025-04-01,Change MLR,10,49527.0,48543.890771901475
5,West Coast,2025-05-01,Change MLR,10,46992.0,49793.055469418876
5,West Coast,2025-06-01,Change MLR,10,44754.0,47140.592469958036
5,West Coast,2025-07-01,Change MLR,10,46079.0,44822.035390758756
5,West Coast,2025-08-01,Change MLR,10,45411.0,46250.410376510095
5,West Coast,2025-09-01,Change MLR,10,48782.0,45710.76483547773
5,West Coast,2025-10-01,Change MLR,10,45164.0,49491.219732074445
5,West Coast,2025-11-01,Change MLR,10,46424.0,45366.46899679193
5,West Coast,2025-12-01,Change MLR,10,44359.0,46906.210950247936
5,West Coast,2026-01-01,Change MLR,10,43997.0,44289.13998027842
5,West Coast,2026-02-01,Change MLR,10,44981.0,44134.89876306449
5,West Coast,2026-03-01,Change MLR,10,46089.0,45477.025810427156
5,West Coast,2026-04-01,Change MLR,10,47371.0,46243.08834512668
5,West Coast,2024-08-01,Seasonal ridge MLR,10,44599.0,48106.348742658614
5,West Coast,2024-09-01,Seasonal ridge MLR,10,45253.0,43937.14393507377
5,West Coast,2024-10-01,Seasonal ridge MLR,10,49689.0,45612.04186822073
5,West Coast,2024-11-01,Seasonal ridge MLR,10,49330.0,50446.27929888204
5,West Coast,2024-12-01,Seasonal ridge MLR,10,48567.0,50215.17022515278
5,West Coast,2025-01-01,Seasonal ridge MLR,10,47148.0,49104.063404556495
5,West Coast,2025-02-01,Seasonal ridge MLR,10,45729.0,47716.01497882339
5,West Coast,2025-03-01,Seasonal ridge MLR,10,48608.0,45958.117065090475
5,West Coast,2025-04-01,Seasonal ridge MLR,10,49527.0,48117.22475795251
5,West Coast,2025-05-01,Seasonal ridge MLR,10,46992.0,49110.24682259554
5,West Coast,2025-06-01,Seasonal ridge MLR,10,44754.0,46433.8220978676
5,West Coast,2025-07-01,Seasonal ridge MLR,10,46079.0,44261.93654895469
5,West Coast,2025-08-01,Seasonal ridge MLR,10,45411.0,45848.681342353404
5,West Coast,2025-09-01,Seasonal ridge MLR,10,48782.0,45379.09971287589
5,West Coast,2025-10-01,Seasonal ridge MLR,10,45164.0,49081.31452118694
5,West Coast,2025-11-01,Seasonal ridge MLR,10,46424.0,45666.257752569734
5,West Coast,2025-12-01,Seasonal ridge MLR,10,44359.0,47265.67612866733
5,West Coast,2026-01-01,Seasonal ridge MLR,10,43997.0,45154.56835686239
5,West Coast,2026-02-01,Seasonal ridge MLR,10,44981.0,44283.194780841906
5,West Coast,2026-03-01,Seasonal ridge MLR,10,46089.0,45269.563730761314
5,West Coast,2026-04-01,Seasonal ridge MLR,10,47371.0,45694.544480940625
5,West Coast,2024-08-01,Polynomial ridge (degree 2),10,44599.0,49368.60276989855
5,West Coast,2024-09-01,Polynomial ridge (degree 2),10,45253.0,45964.63732514775
5,West Coast,2024-10-01,Polynomial ridge (degree 2),10,49689.0,46685.08823178439
5,West Coast,2024-11-01,Polynomial ridge (degree 2),10,49330.0,49869.53181822034
5,West Coast,2024-12-01,Polynomial ridge (degree 2),10,48567.0,49775.70861290353
5,West Coast,2025-01-01,Polynomial ridge (degree 2),10,47148.0,49638.90990805235
5,West Coast,2025-02-01,Polynomial ridge (degree 2),10,45729.0,48367.531911320715
5,West Coast,2025-03-01,Polynomial ridge (degree 2),10,48608.0,47357.24913662162
5,West Coast,2025-04-01,Polynomial ridge (degree 2),10,49527.0,49172.82306314784
5,West Coast,2025-05-01,Polynomial ridge (degree 2),10,46992.0,50115.2595009416
5,West Coast,2025-06-01,Polynomial ridge (degree 2),10,44754.0,47757.71415954158
5,West Coast,2025-07-01,Polynomial ridge (degree 2),10,46079.0,46045.38980494374
5,West Coast,2025-08-01,Polynomial ridge (degree 2),10,45411.0,47006.498816506675
5,West Coast,2025-09-01,Polynomial ridge (degree 2),10,48782.0,46479.81243901014
5,West Coast,2025-10-01,Polynomial ridge (degree 2),10,45164.0,48944.69421663245
5,West Coast,2025-11-01,Polynomial ridge (degree 2),10,46424.0,46634.75090042325
5,West Coast,2025-12-01,Polynomial ridge (degree 2),10,44359.0,47095.18239622556
5,West Coast,2026-01-01,Polynomial ridge (degree 2),10,43997.0,46771.6648743477
5,West Coast,2026-02-01,Polynomial ridge (degree 2),10,44981.0,45478.70841531412
5,West Coast,2026-03-01,Polynomial ridge (degree 2),10,46089.0,46040.07888065386
5,West Coast,2026-04-01,Polynomial ridge (degree 2),10,47371.0,46996.77259547362
5,West Coast,2024-08-01,Spline ridge (4 knots),10,44599.0,48315.35850046356
5,West Coast,2024-09-01,Spline ridge (4 knots),10,45253.0,44458.40591200146
5,West Coast,2024-10-01,Spline ridge (4 knots),10,49689.0,45350.685091845386
5,West Coast,2024-11-01,Spline ridge (4 knots),10,49330.0,49681.76994965458
5,West Coast,2024-12-01,Spline ridge (4 knots),10,48567.0,49630.51799951375
5,West Coast,2025-01-01,Spline ridge (4 knots),10,47148.0,48364.63172206701
5,West Coast,2025-02-01,Spline ridge (4 knots),10,45729.0,47035.69168334477
5,West Coast,2025-03-01,Spline ridge (4 knots),10,48608.0,45623.91500366914
5,West Coast,2025-04-01,Spline ridge (4 knots),10,49527.0,48673.934907033225
5,West Coast,2025-05-01,Spline ridge (4 knots),10,46992.0,49607.910344020056
5,West Coast,2025-06-01,Spline ridge (4 knots),10,44754.0,47058.79258321981
5,West Coast,2025-07-01,Spline ridge (4 knots),10,46079.0,44799.29935065664
5,West Coast,2025-08-01,Spline ridge (4 knots),10,45411.0,46449.02313385804
5,West Coast,2025-09-01,Spline ridge (4 knots),10,48782.0,45720.74414329
5,West Coast,2025-10-01,Spline ridge (4 knots),10,45164.0,49308.42742260363
5,West Coast,2025-11-01,Spline ridge (4 knots),10,46424.0,45093.19838705244
5,West Coast,2025-12-01,Spline ridge (4 knots),10,44359.0,46924.525316514715
5,West Coast,2026-01-01,Spline ridge (4 knots),10,43997.0,44010.389067849086
5,West Coast,2026-02-01,Spline ridge (4 knots),10,44981.0,44360.212017583115
5,West Coast,2026-03-01,Spline ridge (4 knots),10,46089.0,45432.758942221706
5,West Coast,2026-04-01,Spline ridge (4 knots),10,47371.0,46521.862974420284
