padd,model,fold,train_end,test_start,test_end,train_mae_kb,mae_kb,rmse_kb,r2,n
1,persistence,1,2014-06-01,2014-07-01,2015-06-01,1039.4871794871794,933.9166666666666,1229.0277661631571,0.7109586115908738,12
1,persistence,2,2015-06-01,2015-07-01,2016-06-01,1025.411111111111,1509.6666666666667,1712.741223886434,0.5687396317476922,12
1,persistence,3,2016-06-01,2016-07-01,2017-06-01,1082.3823529411766,2043.1666666666667,2396.5630946559004,-0.9071863658300605,12
1,persistence,4,2017-06-01,2017-07-01,2018-06-01,1183.517543859649,1678.25,2187.2137717501078,-0.3986921108923309,12
1,persistence,5,2018-06-01,2018-07-01,2019-06-01,1230.6349206349207,1505.1666666666667,1801.158608599846,-0.9814204955842281,12
1,persistence,6,2019-06-01,2019-07-01,2020-06-01,1254.5072463768115,877.0833333333334,1359.3100271829087,-0.7632010467337549,12
1,persistence,7,2020-06-01,2020-07-01,2021-06-01,1224.3133333333333,732.6666666666666,962.9426254974903,0.5573626363892632,12
1,persistence,8,2021-06-01,2021-07-01,2022-06-01,1187.8950617283951,567.1666666666666,701.3055682083238,-0.7559892322091459,12
1,persistence,9,2022-06-01,2022-07-01,2023-06-01,1145.0862068965516,635.8333333333334,716.3159219227226,-2.1469348980066854,12
1,persistence,10,2023-06-01,2023-07-01,2024-06-01,1112.231182795699,605.0833333333334,724.8871751291139,-0.3391979284021973,12
1,seasonal_naive,1,2014-06-01,2014-07-01,2015-06-01,1344.5384615384614,2662.3333333333335,3118.778794122255,-0.8612546286393636,12
1,seasonal_naive,2,2015-06-01,2015-07-01,2016-06-01,1520.2444444444445,3808.0833333333335,4101.10782797364,-1.4726259558250945,12
1,seasonal_naive,3,2016-06-01,2016-07-01,2017-06-01,1789.4019607843138,2824.4166666666665,3356.290896709243,-2.7405424602011763,12
1,seasonal_naive,4,2017-06-01,2017-07-01,2018-06-01,1898.3508771929824,3272.75,3698.645822009275,-2.9996791432254306,12
1,seasonal_naive,5,2018-06-01,2018-07-01,2019-06-01,2029.2460317460318,1799.5833333333333,2525.8150334759935,-2.8965102438806865,12
1,seasonal_naive,6,2019-06-01,2019-07-01,2020-06-01,2009.2753623188405,1754.5,1959.5489702139791,-2.6641819944938248,12
1,seasonal_naive,7,2020-06-01,2020-07-01,2021-06-01,1988.8933333333334,1978.75,2537.87261631995,-2.0745877099688785,12
1,seasonal_naive,8,2021-06-01,2021-07-01,2022-06-01,1988.141975308642,2188.4166666666665,2437.6159288671106,-20.214745812850165,12
1,seasonal_naive,9,2022-06-01,2022-07-01,2023-06-01,2001.9540229885058,524.6666666666666,700.0972551486449,-2.0060437659063424,12
1,seasonal_naive,10,2023-06-01,2023-07-01,2024-06-01,1906.6451612903227,599.6666666666666,791.481943361102,-0.5965626286751025,12
1,seasonal_change,1,2014-06-01,2014-07-01,2015-06-01,1184.201923076923,1022.8333333333335,1354.725600752172,0.6488122801015712,12
1,seasonal_change,2,2015-06-01,2015-07-01,2016-06-01,1162.6861111111114,1388.45,1634.6984910578058,0.6071458265858741,12
1,seasonal_change,3,2016-06-01,2016-07-01,2017-06-01,1189.246568627451,1957.8666666666668,2298.712094485374,-0.754626000752654,12
1,seasonal_change,4,2017-06-01,2017-07-01,2018-06-01,1270.1539473684213,1377.5166666666667,1875.000647999888,-0.027880213633257878,12
1,seasonal_change,5,2018-06-01,2018-07-01,2019-06-01,1280.3789682539684,1911.983333333333,2216.3433751715156,-2.0001766494617126,12
1,seasonal_change,6,2019-06-01,2019-07-01,2020-06-01,1335.3010869565217,866.5833333333334,1153.4714777574695,-0.26963391216654853,12
1,seasonal_change,7,2020-06-01,2020-07-01,2021-06-01,1297.8036666666667,825.2000000000002,1099.541489288452,0.4228741992810432,12
1,seasonal_change,8,2021-06-01,2021-07-01,2022-06-01,1262.7959876543212,1269.3333333333333,1421.9179699734207,-6.218656224865963,12
1,seasonal_change,9,2022-06-01,2022-07-01,2023-06-01,1263.24683908046,911.0999999999999,1003.1225049813207,-5.1714398037244385,12
1,seasonal_change,10,2023-06-01,2023-07-01,2024-06-01,1240.527688172043,835.6333333333332,1034.340720781439,-1.7266612226635782,12
1,forecast_flow_identity,1,2014-06-01,2014-07-01,2015-06-01,1246.245360903432,1070.0807613563113,1374.577444772876,0.63844441686869,12
1,forecast_flow_identity,2,2015-06-01,2015-07-01,2016-06-01,1222.7567476304823,1456.1814199419132,1704.3978218520413,0.5729310583893032,12
1,forecast_flow_identity,3,2016-06-01,2016-07-01,2017-06-01,1250.218473784768,2043.327946412017,2386.2447033505155,-0.8907989557659892,12
1,forecast_flow_identity,4,2017-06-01,2017-07-01,2018-06-01,1333.703681429742,1440.935095956486,1961.6297380779229,-0.1250549512420236,12
1,forecast_flow_identity,5,2018-06-01,2018-07-01,2019-06-01,1343.9161970989555,1956.740312682081,2281.7627769011888,-2.179901860848015,12
1,forecast_flow_identity,6,2019-06-01,2019-07-01,2020-06-01,1397.205250627923,1398.7321235400443,1526.261467412593,-1.2229140655425912,12
1,forecast_flow_identity,7,2020-06-01,2020-07-01,2021-06-01,1397.327400460893,1228.4916482654905,1595.7579173565036,-0.21557361030618338,12
1,forecast_flow_identity,8,2021-06-01,2021-07-01,2022-06-01,1384.8210484464187,1255.3229177536325,1451.415470652563,-6.521262912239564,12
1,forecast_flow_identity,9,2022-06-01,2022-07-01,2023-06-01,1375.8901428813986,950.4643954868307,1017.8594865577786,-5.354102361090374,12
1,forecast_flow_identity,10,2023-06-01,2023-07-01,2024-06-01,1348.4433204688457,893.4940874671141,1045.9926879212571,-1.788439547975158,12
1,legacy_constrained_level,1,2014-06-01,2014-07-01,2015-06-01,934.3718921014347,1742.1360543629119,2032.495053557993,0.20951134707371788,12
1,legacy_constrained_level,2,2015-06-01,2015-07-01,2016-06-01,967.3472838044052,1440.095208208192,2010.143669458892,0.4059674473491405,12
1,legacy_constrained_level,3,2016-06-01,2016-07-01,2017-06-01,1030.1182607429655,1936.8530918686695,2284.8106895508063,-0.7334680555719895,12
1,legacy_constrained_level,4,2017-06-01,2017-07-01,2018-06-01,1125.97414437234,1650.5143432383156,2046.1333631834245,-0.2240736111368351,12
1,legacy_constrained_level,5,2018-06-01,2018-07-01,2019-06-01,1168.888621504069,1429.6157748286485,1736.3774273804152,-0.8414545218094205,12
1,legacy_constrained_level,6,2019-06-01,2019-07-01,2020-06-01,1181.357777959447,1042.2209395167363,1522.2848183974584,-1.2113456242132372,12
1,legacy_constrained_level,7,2020-06-01,2020-07-01,2021-06-01,1149.892281692866,1003.808433237754,1256.11006674848,0.24681330483600128,12
1,legacy_constrained_level,8,2021-06-01,2021-07-01,2022-06-01,1134.1500590631056,763.0927905285972,908.711109515695,-1.9482136282835905,12
1,legacy_constrained_level,9,2022-06-01,2022-07-01,2023-06-01,1107.6534411713867,772.0746868235555,923.4134166338274,-4.229629358656175,12
1,legacy_constrained_level,10,2023-06-01,2023-07-01,2024-06-01,1081.7933943992505,587.6316982880525,779.4872780002217,-0.5485384718080291,12
1,constrained_level,1,2014-06-01,2014-07-01,2015-06-01,926.297708532544,1788.7219028748084,2071.018985782459,0.17926150028828647,12
1,constrained_level,2,2015-06-01,2015-07-01,2016-06-01,963.774431804138,1474.5892834860324,2061.980619342113,0.37493496534950366,12
1,constrained_level,3,2016-06-01,2016-07-01,2017-06-01,1028.8648929756937,1849.2466381953652,2347.4742211007865,-0.8298566237194904,12
1,constrained_level,4,2017-06-01,2017-07-01,2018-06-01,1122.9787926329193,1613.6024254329434,1962.755593123147,-0.12634674679114255,12
1,constrained_level,5,2018-06-01,2018-07-01,2019-06-01,1174.079508034961,1372.3962041611223,1661.7132920487645,-0.6864944732410583,12
1,constrained_level,6,2019-06-01,2019-07-01,2020-06-01,1184.9156531704903,830.2938405107743,1234.9641427653899,-0.4553702395679686,12
1,constrained_level,7,2020-06-01,2020-07-01,2021-06-01,1155.3112018263043,912.6789121402949,1170.1996856861085,0.34631698342431394,12
1,constrained_level,8,2021-06-01,2021-07-01,2022-06-01,1123.3344076851865,752.0226241940604,869.9630371593539,-1.70214640481902,12
1,constrained_level,9,2022-06-01,2022-07-01,2023-06-01,1088.9916386946309,788.4964887848282,936.4155191021615,-4.377937548468395,12
1,constrained_level,10,2023-06-01,2023-07-01,2024-06-01,1062.1250044923302,480.8517514507796,571.4616673476343,0.16770335409584192,12
1,ridge_change,1,2014-06-01,2014-07-01,2015-06-01,974.8216316443564,1002.4425588534727,1319.7666841209832,0.6667033354996021,12
1,ridge_change,2,2015-06-01,2015-07-01,2016-06-01,975.5435259463316,1429.487149548989,1653.8094962118096,0.5979065391495162,12
1,ridge_change,3,2016-06-01,2016-07-01,2017-06-01,1035.1357550877037,1931.584036572968,2212.74321854201,-0.6258386210421922,12
1,ridge_change,4,2017-06-01,2017-07-01,2018-06-01,1121.4362387156214,1439.3613986713797,1932.9710697250814,-0.09242182972978408,12
1,ridge_change,5,2018-06-01,2018-07-01,2019-06-01,1140.8858474135054,1319.433792286323,1615.8254526353164,-0.594636220817087,12
1,ridge_change,6,2019-06-01,2019-07-01,2020-06-01,1150.507965906955,884.4206590277798,1325.4417193707052,-0.6764324796123782,12
1,ridge_change,7,2020-06-01,2020-07-01,2021-06-01,1124.9691644349373,688.7380545036386,968.8619872365799,0.5519039854058898,12
1,ridge_change,8,2021-06-01,2021-07-01,2022-06-01,1087.8588236573337,521.9813069788989,621.7232264198619,-0.38007109051933985,12
1,ridge_change,9,2022-06-01,2022-07-01,2023-06-01,1049.4345965858927,560.5153841195219,669.3921031683861,-1.748145475818276,12
1,ridge_change,10,2023-06-01,2023-07-01,2024-06-01,1018.5841774898499,631.2400975626492,702.0203365618249,-0.2560395740219217,12
1,seasonal_ridge_change,1,2014-06-01,2014-07-01,2015-06-01,958.2558773162757,961.1572625047917,1304.1398212609329,0.674549489042513,12
1,seasonal_ridge_change,2,2015-06-01,2015-07-01,2016-06-01,953.4056167923808,1372.9565306686673,1586.5035633247353,0.6299689641782766,12
1,seasonal_ridge_change,3,2016-06-01,2016-07-01,2017-06-01,1010.0333579426508,1931.7143578251464,2183.6916642540778,-0.5834269468442037,12
1,seasonal_ridge_change,4,2017-06-01,2017-07-01,2018-06-01,1097.1109365410828,1504.908698549439,1922.5464725530442,-0.080670645710891,12
1,seasonal_ridge_change,5,2018-06-01,2018-07-01,2019-06-01,1127.9389974080725,1296.851740866402,1535.714975801368,-0.44043602182783026,12
1,seasonal_ridge_change,6,2019-06-01,2019-07-01,2020-06-01,1135.7866759138203,821.2111986210301,1244.9262617659383,-0.47894509332101154,12
1,seasonal_ridge_change,7,2020-06-01,2020-07-01,2021-06-01,1107.106637397294,670.3884298878702,985.060310954433,0.536795371941525,12
1,seasonal_ridge_change,8,2021-06-01,2021-07-01,2022-06-01,1066.3429852801007,550.3807940257868,668.003800938964,-0.593181084476649,12
1,seasonal_ridge_change,9,2022-06-01,2022-07-01,2023-06-01,1031.4620235419334,541.130292949737,627.4317669397606,-1.4144129734968627,12
1,seasonal_ridge_change,10,2023-06-01,2023-07-01,2024-06-01,999.8596189834627,592.3431528078794,718.7642697037924,-0.316669866143946,12
1,polynomial_ridge_change,1,2014-06-01,2014-07-01,2015-06-01,1001.7824579378293,989.3316491422943,1237.8141221338096,0.706811108157275,12
1,polynomial_ridge_change,2,2015-06-01,2015-07-01,2016-06-01,995.3476180378416,1415.5888770315426,1638.0879932177147,0.6055149930421333,12
1,polynomial_ridge_change,3,2016-06-01,2016-07-01,2017-06-01,1040.0914711303794,1910.4714570036256,2299.3421091643654,-0.7555879234091329,12
1,polynomial_ridge_change,4,2017-06-01,2017-07-01,2018-06-01,1128.6644633947562,1621.4376601165798,2080.1824752686643,-0.26515148147991763,12
1,polynomial_ridge_change,5,2018-06-01,2018-07-01,2019-06-01,1170.8080469678816,1464.1763083801677,1740.5438999074665,-0.850302338599026,12
1,polynomial_ridge_change,6,2019-06-01,2019-07-01,2020-06-01,1188.5603043611766,811.7274945199061,1317.0427353339758,-0.6552535507888562,12
1,polynomial_ridge_change,7,2020-06-01,2020-07-01,2021-06-01,1155.8176611236308,751.2494546501116,965.3123804250042,0.5551813376422747,12
1,polynomial_ridge_change,8,2021-06-01,2021-07-01,2022-06-01,1125.3806864305236,655.0821938152096,829.7167339782103,-1.4579156372466366,12
1,polynomial_ridge_change,9,2022-06-01,2022-07-01,2023-06-01,1086.1201314621296,784.6522813457867,889.5924008367376,-3.853563078448331,12
1,polynomial_ridge_change,10,2023-06-01,2023-07-01,2024-06-01,1059.4968228265395,670.361038063466,826.3215187411422,-0.740211609874782,12
1,spline_ridge_change,1,2014-06-01,2014-07-01,2015-06-01,851.796840517119,1119.7673097641673,1491.6846697261117,0.5742146658265321,12
1,spline_ridge_change,2,2015-06-01,2015-07-01,2016-06-01,867.2244450666548,1308.9630978496623,1500.2620192535455,0.669104944810545,12
1,spline_ridge_change,3,2016-06-01,2016-07-01,2017-06-01,926.6572307068162,1748.1162892977547,2245.873697357829,-0.6748891020823435,12
1,spline_ridge_change,4,2017-06-01,2017-07-01,2018-06-01,987.6845125432783,1489.6264949791232,1912.6915251677328,-0.06962003471172817,12
1,spline_ridge_change,5,2018-06-01,2018-07-01,2019-06-01,1027.2967492220637,1266.9286461981887,1532.881633050908,-0.4351258123940429,12
1,spline_ridge_change,6,2019-06-01,2019-07-01,2020-06-01,1043.5546782955964,931.926915872547,1329.4795612256794,-0.6866622467520183,12
1,spline_ridge_change,7,2020-06-01,2020-07-01,2021-06-01,1018.4201460588149,842.0740343159614,1173.6061439545408,0.34250569381888973,12
1,spline_ridge_change,8,2021-06-01,2021-07-01,2022-06-01,982.5864856737007,560.7065988668379,800.0312916502949,-1.2851842494499048,12
1,spline_ridge_change,9,2022-06-01,2022-07-01,2023-06-01,951.9207028171134,541.2762798069107,635.5279554989303,-1.4771246865485033,12
1,spline_ridge_change,10,2023-06-01,2023-07-01,2024-06-01,919.1853054337341,653.4994916254299,835.7734903152617,-0.7802505146009557,12
1,random_forest_change,1,2014-06-01,2014-07-01,2015-06-01,897.4806261211189,996.221049610854,1302.8299775072742,0.6752029086146535,12
1,random_forest_change,2,2015-06-01,2015-07-01,2016-06-01,881.9316941836553,1493.294870101341,1741.7924208705972,0.5539856410403039,12
1,random_forest_change,3,2016-06-01,2016-07-01,2017-06-01,934.5191365116557,1936.0191294246267,2248.745759196047,-0.6791755950231584,12
1,random_forest_change,4,2017-06-01,2017-07-01,2018-06-01,997.6712169950113,1601.5101009816162,1982.8343355972527,-0.14950939001471952,12
1,random_forest_change,5,2018-06-01,2018-07-01,2019-06-01,1037.1651004400205,1281.6007394179971,1518.3223635021834,-0.40799370259877565,12
1,random_forest_change,6,2019-06-01,2019-07-01,2020-06-01,1024.8760019564083,916.6601830796694,1453.7112644159442,-1.016606233240637,12
1,random_forest_change,7,2020-06-01,2020-07-01,2021-06-01,997.6614568508475,769.9495021274432,1068.024073447735,0.4554856479694245,12
1,random_forest_change,8,2021-06-01,2021-07-01,2022-06-01,969.2545847001595,589.1522658511925,698.4176112914129,-0.7415567796400169,12
1,random_forest_change,9,2022-06-01,2022-07-01,2023-06-01,934.9287981947258,513.7809930686268,597.7108108776164,-1.1910927990352662,12
1,random_forest_change,10,2023-06-01,2023-07-01,2024-06-01,903.9369456492659,568.0925656965499,657.9925145633789,-0.10343268095418878,12
1,xgboost_change,1,2014-06-01,2014-07-01,2015-06-01,846.0917593149038,1045.9744466145833,1355.5549631071794,0.6483821545773294,12
1,xgboost_change,2,2015-06-01,2015-07-01,2016-06-01,851.3327473958333,1490.5297037760417,1733.014613503007,0.5584697151897199,12
1,xgboost_change,3,2016-06-01,2016-07-01,2017-06-01,921.6972177542892,1921.7972819010417,2213.7276729640544,-0.6272856213573328,12
1,xgboost_change,4,2017-06-01,2017-07-01,2018-06-01,984.7703450520834,1667.7813313802083,2027.3783860976143,-0.20173659422775048,12
1,xgboost_change,5,2018-06-01,2018-07-01,2019-06-01,1031.1228918650793,1276.00634765625,1515.6261778008777,-0.4029976069256478,12
1,xgboost_change,6,2019-06-01,2019-07-01,2020-06-01,1028.9439538043478,837.3976236979166,1335.573965532335,-0.7021611865804576,12
1,xgboost_change,7,2020-06-01,2020-07-01,2021-06-01,1006.5954752604167,728.4300537109375,1023.1384602311334,0.5002922695620147,12
1,xgboost_change,8,2021-06-01,2021-07-01,2022-06-01,980.7210165895061,627.8341064453125,735.4998796158557,-0.9314011524190919,12
1,xgboost_change,9,2022-06-01,2022-07-01,2023-06-01,955.8216454516883,520.9501139322916,610.9531524071991,-1.2892560442802488,12
1,xgboost_change,10,2023-06-01,2023-07-01,2024-06-01,924.7662156628024,592.1985677083334,683.1021830087986,-0.18925581307478634,12
1,neural_network_change,1,2014-06-01,2014-07-01,2015-06-01,862.9401049421177,1282.1536217606351,1574.3458644037632,0.5257176742351555,12
1,neural_network_change,2,2015-06-01,2015-07-01,2016-06-01,898.5138533492233,1276.567934548312,1571.2571613354955,0.6370468350111099,12
1,neural_network_change,3,2016-06-01,2016-07-01,2017-06-01,925.2055797768857,1781.564119589483,1984.4439535721276,-0.3076546856284055,12
1,neural_network_change,4,2017-06-01,2017-07-01,2018-06-01,997.2728207254962,1407.9088908408721,1777.726508768103,0.07600513264312769,12
1,neural_network_change,5,2018-06-01,2018-07-01,2019-06-01,1012.4659929701623,1235.5150438906362,1444.7988379342585,-0.2749334098516918,12
1,neural_network_change,6,2019-06-01,2019-07-01,2020-06-01,1024.9586697311165,768.5516327859006,1062.4929683643215,-0.07725104231801794,12
1,neural_network_change,7,2020-06-01,2020-07-01,2021-06-01,993.5458168590648,665.9273901314806,1014.302864847706,0.5088857318938269,12
1,neural_network_change,8,2021-06-01,2021-07-01,2022-06-01,962.3901168522791,547.1667484324054,668.5176974135973,-0.5956333012660391,12
1,neural_network_change,9,2022-06-01,2022-07-01,2023-06-01,926.7051599664314,505.5836613460219,632.5609966407744,-1.4540497884129726,12
1,neural_network_change,10,2023-06-01,2023-07-01,2024-06-01,900.2139301240489,672.1576343414632,842.4047994941512,-0.8086128058143864,12
1,rolling_ridge_change,1,2014-06-01,2014-07-01,2015-06-01,969.6527256658683,1084.5022902122146,1387.6893334552767,0.6315138697700139,12
1,rolling_ridge_change,2,2015-06-01,2015-07-01,2016-06-01,971.5591734916118,1407.4707871401922,1588.537059521603,0.6290197839166787,12
1,rolling_ridge_change,3,2016-06-01,2016-07-01,2017-06-01,1029.4642072121237,2033.258970249937,2302.8547538996845,-0.760955951984184,12
1,rolling_ridge_change,4,2017-06-01,2017-07-01,2018-06-01,1132.7381020417656,1542.0983482485026,1972.3243680558262,-0.1373557896672073,12
1,rolling_ridge_change,5,2018-06-01,2018-07-01,2019-06-01,1205.9605418609556,1283.4150874803568,1544.6350598226861,-0.45721794583784225,12
1,rolling_ridge_change,6,2019-06-01,2019-07-01,2020-06-01,1231.5813291616817,981.2434173785495,1389.0037716978923,-0.8410756917192959,12
1,rolling_ridge_change,7,2020-06-01,2020-07-01,2021-06-01,1180.0390107882683,771.9969647005179,1064.7196991263643,0.4588497965495435,12
1,rolling_ridge_change,8,2021-06-01,2021-07-01,2022-06-01,1142.2839154862393,516.5138799244627,651.3163027953952,-0.514576353642908,12
1,rolling_ridge_change,9,2022-06-01,2022-07-01,2023-06-01,1101.1091492201297,555.2524928611737,645.5409351592023,-1.5557956318055202,12
1,rolling_ridge_change,10,2023-06-01,2023-07-01,2024-06-01,1095.5536881071184,614.8290747652635,712.237720645767,-0.2928670807456,12
1,damped_ridge_change,1,2014-06-01,2014-07-01,2015-06-01,994.9371627009351,929.8922526725474,1250.381095180339,0.7008276565880907,12
1,damped_ridge_change,2,2015-06-01,2015-07-01,2016-06-01,983.9589055522129,1441.3115986676667,1642.6383168007396,0.6033203275730026,12
1,damped_ridge_change,3,2016-06-01,2016-07-01,2017-06-01,1039.9387479156699,1987.4405122459073,2284.5049283975873,-0.7330041294102807,12
1,damped_ridge_change,4,2017-06-01,2017-07-01,2018-06-01,1132.8750928553566,1591.579349274719,2040.441763856671,-0.21727322664225368,12
1,damped_ridge_change,5,2018-06-01,2018-07-01,2019-06-01,1170.2969320353986,1382.3116690681072,1659.0207843265196,-0.6810335786826758,12
1,damped_ridge_change,6,2019-06-01,2019-07-01,2020-06-01,1182.7480985074776,827.6795904036097,1281.6233626557566,-0.5674208697388397,12
1,damped_ridge_change,7,2020-06-01,2020-07-01,2021-06-01,1152.1586178260625,677.2871481421652,945.5475295860964,0.5732102545672666,12
1,damped_ridge_change,8,2021-06-01,2021-07-01,2022-06-01,1114.2991191976082,558.7737303462267,669.1199151728842,-0.5985093702917936,12
1,damped_ridge_change,9,2022-06-01,2022-07-01,2023-06-01,1076.632174772219,568.5435905030192,654.8360215734151,-1.6299268686400614,12
1,damped_ridge_change,10,2023-06-01,2023-07-01,2024-06-01,1043.8930099270665,590.1299097372729,701.0284686832963,-0.2524928243217066,12
1,ensemble_change,1,2014-06-01,2014-07-01,2015-06-01,896.5105319129865,1001.1175753096826,1317.886331279636,0.6676523954776785,12
1,ensemble_change,2,2015-06-01,2015-07-01,2016-06-01,890.4925213991676,1440.8313664603977,1682.0024171499588,0.5840805033682175,12
1,ensemble_change,3,2016-06-01,2016-07-01,2017-06-01,954.0600547505173,1929.8436074923677,2211.643938181419,-0.6242236044407674,12
1,ensemble_change,4,2017-06-01,2017-07-01,2018-06-01,1025.104707876031,1588.0924717537507,1972.9037322113124,-0.1380240772658372,12
1,ensemble_change,5,2018-06-01,2018-07-01,2019-06-01,1064.5814279314206,1284.8196775542453,1518.045292661625,-0.4074798744248542,12
1,ensemble_change,6,2019-06-01,2019-07-01,2020-06-01,1060.0394872586692,842.1566123455021,1336.0362306507602,-0.7033396850147151,12
1,ensemble_change,7,2020-06-01,2020-07-01,2021-06-01,1034.1587780834254,709.4846085262583,1016.7958790598422,0.506468585025915,12
1,ensemble_change,8,2021-06-01,2021-07-01,2022-06-01,1003.3452625404652,566.6793451646193,684.1042726361701,-0.6709054669184118,12
1,ensemble_change,9,2022-06-01,2022-07-01,2023-06-01,970.148550575564,511.46469636623107,604.5115463574164,-1.2412368287909978,12
1,ensemble_change,10,2023-06-01,2023-07-01,2024-06-01,939.4721704092711,584.2114374663569,681.2373356963086,-0.182771414907974,12
2,persistence,1,2014-06-01,2014-07-01,2015-06-01,2821.7948717948716,5647.416666666667,6925.035120247887,0.9013143862455878,12
2,persistence,2,2015-06-01,2015-07-01,2016-06-01,3198.5444444444443,3698.0833333333335,4675.156387758596,0.6635523933912658,12
2,persistence,3,2016-06-01,2016-07-01,2017-06-01,3257.3137254901962,3286.3333333333335,4002.9969606117197,0.357074118800094,12
2,persistence,4,2017-06-01,2017-07-01,2018-06-01,3260.3684210526317,7623.333333333333,8490.276762273419,0.6266166047193791,12
2,persistence,5,2018-06-01,2018-07-01,2019-06-01,3675.8888888888887,3719.0833333333335,4726.674350604944,0.8432028697002758,12
2,persistence,6,2019-06-01,2019-07-01,2020-06-01,3679.644927536232,7124.75,8839.739980150245,-0.09645376513546866,12
2,persistence,7,2020-06-01,2020-07-01,2021-06-01,3955.2533333333336,4138.5,5503.021957676225,0.42537328824510234,12
2,persistence,8,2021-06-01,2021-07-01,2022-06-01,3968.8271604938273,3989.1666666666665,4574.475616577999,0.34566600862136343,12
2,persistence,9,2022-06-01,2022-07-01,2023-06-01,3970.229885057471,4592.666666666667,6269.601422738131,0.40218947427903706,12
2,persistence,10,2023-06-01,2023-07-01,2024-06-01,4010.3870967741937,5201.166666666667,5856.725621027504,-0.09808411546891405,12
2,seasonal_naive,1,2014-06-01,2014-07-01,2015-06-01,10649.923076923076,24920.166666666668,30480.734035343266,-0.9118804346320757,12
2,seasonal_naive,2,2015-06-01,2015-07-01,2016-06-01,12552.622222222222,31065.166666666668,34545.114999567355,-17.369546842493985,12
2,seasonal_naive,3,2016-06-01,2016-07-01,2017-06-01,14730.56862745098,7873.0,8845.022545665632,-2.1389780338373243,12
2,seasonal_naive,4,2017-06-01,2017-07-01,2018-06-01,14008.719298245614,22087.5,25965.041324827504,-2.4921214715415068,12
2,seasonal_naive,5,2018-06-01,2018-07-01,2019-06-01,14778.126984126984,22087.5,24533.909435038408,-3.224353575909796,12
2,seasonal_naive,6,2019-06-01,2019-07-01,2020-06-01,15413.72463768116,10000.0,12555.18588738003,-1.211860008594086,12
2,seasonal_naive,7,2020-06-01,2020-07-01,2021-06-01,14980.626666666667,12770.0,13805.88110190726,-2.6166924272001175,12
2,seasonal_naive,8,2021-06-01,2021-07-01,2022-06-01,14816.876543209877,27650.416666666668,28147.375030068673,-23.77380112078183,12
2,seasonal_naive,9,2022-06-01,2022-07-01,2023-06-01,15701.948275862069,13316.166666666666,14828.473522247663,-2.3440794335526256,12
2,seasonal_naive,10,2023-06-01,2023-07-01,2024-06-01,15548.02688172043,7309.833333333333,8381.883350417136,-1.2491016147591885,12
2,seasonal_change,1,2014-06-01,2014-07-01,2015-06-01,2904.637606837606,4947.300000000002,6333.250031381993,0.9174602491068373,12
2,seasonal_change,2,2015-06-01,2015-07-01,2016-06-01,3176.992592592593,3656.516666666668,4312.092625396634,0.7137791154964844,12
2,seasonal_change,3,2016-06-01,2016-07-01,2017-06-01,3233.4071895424845,3050.8333333333358,3820.6717297703917,0.4143072637857048,12
2,seasonal_change,4,2017-06-01,2017-07-01,2018-06-01,3214.18888888889,7457.716666666664,9374.066978105075,0.544836518941542,12
2,seasonal_change,5,2018-06-01,2018-07-01,2019-06-01,3618.3343915343917,3863.9666666666694,4481.611829836823,0.8590402173530653,12
2,seasonal_change,6,2019-06-01,2019-07-01,2020-06-01,3639.6937198067635,6048.899999999998,7726.468430876636,0.1623291336489986,12
2,seasonal_change,7,2020-06-01,2020-07-01,2021-06-01,3832.4302222222223,3511.283333333334,5237.7321087788905,0.47944109140309876,12
2,seasonal_change,8,2021-06-01,2021-07-01,2022-06-01,3808.641563786008,4557.066666666668,5431.993036323471,0.07735367411253402,12
2,seasonal_change,9,2022-06-01,2022-07-01,2023-06-01,3860.257088122605,6367.266666666667,8728.121892671605,-0.15857805559549165,12
2,seasonal_change,10,2023-06-01,2023-07-01,2024-06-01,4021.999641577061,4812.200000000002,5466.835897177332,0.04325119752758011,12
2,forecast_flow_identity,1,2014-06-01,2014-07-01,2015-06-01,3042.2387005638125,5758.290387848278,6940.875499723611,0.9008624014104106,12
2,forecast_flow_identity,2,2015-06-01,2015-07-01,2016-06-01,3404.3789255350744,3848.223415501348,4612.597465440949,0.6724962558738161,12
2,forecast_flow_identity,3,2016-06-01,2016-07-01,2017-06-01,3456.5959243546354,3366.8130375461237,4122.006788568124,0.3182772402336661,12
2,forecast_flow_identity,4,2017-06-01,2017-07-01,2018-06-01,3447.145094164266,7716.771514232081,9524.075429413046,0.5301524589400155,12
2,forecast_flow_identity,5,2018-06-01,2018-07-01,2019-06-01,3853.776181789772,5023.858391179805,5986.152296776295,0.7485091034053573,12
2,forecast_flow_identity,6,2019-06-01,2019-07-01,2020-06-01,3955.5224608671665,5978.422515658934,7566.134343292928,0.1967339001576056,12
2,forecast_flow_identity,7,2020-06-01,2020-07-01,2021-06-01,4117.354465250508,3709.0722579872745,5638.601235219899,0.3967100600586061,12
2,forecast_flow_identity,8,2021-06-01,2021-07-01,2022-06-01,4087.1113387865644,4832.882260635717,5668.476151342024,-0.004730289783237529,12
2,forecast_flow_identity,9,2022-06-01,2022-07-01,2023-06-01,4138.543816155472,6713.666972523479,9105.318737500123,-0.2608807057814617,12
2,forecast_flow_identity,10,2023-06-01,2023-07-01,2024-06-01,4304.680793985665,4550.019878414281,5303.247295008297,0.09965364526248299,12
2,legacy_constrained_level,1,2014-06-01,2014-07-01,2015-06-01,2749.4743695247835,5606.805183812158,7023.028052426608,0.8985017177767045,12
2,legacy_constrained_level,2,2015-06-01,2015-07-01,2016-06-01,2902.4044325152727,3004.382081675343,3811.0247744582803,0.7764324840941035,12
2,legacy_constrained_level,3,2016-06-01,2016-07-01,2017-06-01,2909.5214856610733,3223.5042995154195,3837.3543383455976,0.4091813512852702,12
2,legacy_constrained_level,4,2017-06-01,2017-07-01,2018-06-01,2933.3322295119233,7589.180830811551,8926.164671590765,0.5872937035162648,12
2,legacy_constrained_level,5,2018-06-01,2018-07-01,2019-06-01,3386.4632002840026,3786.9027982251014,4266.386452606767,0.8722540533559255,12
2,legacy_constrained_level,6,2019-06-01,2019-07-01,2020-06-01,3402.5516761683157,7386.707417736553,9213.068033650687,-0.19102231549336945,12
2,legacy_constrained_level,7,2020-06-01,2020-07-01,2021-06-01,3752.3311912790873,4380.515213332554,5724.279181661842,0.37823691655720393,12
2,legacy_constrained_level,8,2021-06-01,2021-07-01,2022-06-01,3813.07542697761,3678.2306656533947,4257.740123171699,0.4331408673128806,12
2,legacy_constrained_level,9,2022-06-01,2022-07-01,2023-06-01,3788.380367177443,4653.020890954809,6304.614061597625,0.3954938752819479,12
2,legacy_constrained_level,10,2023-06-01,2023-07-01,2024-06-01,3844.148843958671,4492.230988145492,5286.120925708186,0.10545943371257405,12
2,constrained_level,1,2014-06-01,2014-07-01,2015-06-01,2524.691326307717,3998.477798296956,5079.607882478599,0.9469029659047694,12
2,constrained_level,2,2015-06-01,2015-07-01,2016-06-01,2655.367210784288,4187.037134942649,5012.943794947106,0.6131783011220241,12
2,constrained_level,3,2016-06-01,2016-07-01,2017-06-01,2703.016995160209,3207.8976708425566,4195.373992521072,0.29379343360003096,12
2,constrained_level,4,2017-06-01,2017-07-01,2018-06-01,2732.0892992236118,6465.783832579401,7825.233903455565,0.6828198782565547,12
2,constrained_level,5,2018-06-01,2018-07-01,2019-06-01,3084.680630576807,3335.861305326245,4090.924189390998,0.8825455140042012,12
2,constrained_level,6,2019-06-01,2019-07-01,2020-06-01,3097.7141642749675,7205.902569838517,9490.379506438992,-0.263800437633233,12
2,constrained_level,7,2020-06-01,2020-07-01,2021-06-01,3434.1922352950974,4450.084771382928,5535.324747700702,0.418607360052652,12
2,constrained_level,8,2021-06-01,2021-07-01,2022-06-01,3508.378684249269,3486.133313013978,4310.068887742527,0.4191215422387028,12
2,constrained_level,9,2022-06-01,2022-07-01,2023-06-01,3497.019038207494,4902.064510912153,6503.923971159354,0.356668814251906,12
2,constrained_level,10,2023-06-01,2023-07-01,2024-06-01,3584.0673903549728,4966.035086035398,5785.538500540697,-0.07155243696591285,12
2,ridge_change,1,2014-06-01,2014-07-01,2015-06-01,2587.3063020674117,5226.021767002251,6425.236751401625,0.9150451542812423,12
2,ridge_change,2,2015-06-01,2015-07-01,2016-06-01,2796.256448667373,3466.7079099223324,4613.049356946999,0.6724320823096601,12
2,ridge_change,3,2016-06-01,2016-07-01,2017-06-01,2877.3180969217483,3019.898108490903,3965.363989580108,0.369105843681514,12
2,ridge_change,4,2017-06-01,2017-07-01,2018-06-01,2901.8945898472866,6738.822475755962,7980.747722134741,0.670087727738335,12
2,ridge_change,5,2018-06-01,2018-07-01,2019-06-01,3250.7216753638795,3457.1922529192293,4407.550144038211,0.8636606342002329,12
2,ridge_change,6,2019-06-01,2019-07-01,2020-06-01,3240.291473768531,7055.86941995498,9049.714645940725,-0.14916162006149825,12
2,ridge_change,7,2020-06-01,2020-07-01,2021-06-01,3586.8145185271915,4260.7927463740925,5599.04138700669,0.40514560517017595,12
2,ridge_change,8,2021-06-01,2021-07-01,2022-06-01,3636.2692014116933,3736.270113136308,4401.145667885581,0.39431288684231847,12
2,ridge_change,9,2022-06-01,2022-07-01,2023-06-01,3641.6565776488346,4514.603310470866,6290.245686532318,0.398246105029482,12
2,ridge_change,10,2023-06-01,2023-07-01,2024-06-01,3700.9714346336086,4933.928410643569,5779.044911991327,-0.06914840292803937,12
2,seasonal_ridge_change,1,2014-06-01,2014-07-01,2015-06-01,2463.6884552698316,5081.19308728874,6281.370210038545,0.918806985320904,12
2,seasonal_ridge_change,2,2015-06-01,2015-07-01,2016-06-01,2623.1466976789598,3178.415917256123,4286.904634118771,0.7171131224562053,12
2,seasonal_ridge_change,3,2016-06-01,2016-07-01,2017-06-01,2677.373619500442,3064.2918140032657,3751.443706173022,0.43533969838886555,12
2,seasonal_ridge_change,4,2017-06-01,2017-07-01,2018-06-01,2718.6055117625715,6934.789832080146,8325.616769922171,0.640958922657255,12
2,seasonal_ridge_change,5,2018-06-01,2018-07-01,2019-06-01,3106.464164704823,3148.147561240517,4357.517337279739,0.8667384092627896,12
2,seasonal_ridge_change,6,2019-06-01,2019-07-01,2020-06-01,3076.9274600837875,6911.008649936327,8837.845054155403,-0.09598373410424155,12
2,seasonal_ridge_change,7,2020-06-01,2020-07-01,2021-06-01,3407.0010629703306,4319.6442310076745,5791.236305873117,0.36360627079083496,12
2,seasonal_ridge_change,8,2021-06-01,2021-07-01,2022-06-01,3478.09650817269,3595.1339349896807,4450.4569917957815,0.3806643712303359,12
2,seasonal_ridge_change,9,2022-06-01,2022-07-01,2023-06-01,3483.641729026066,4577.651618808185,6171.718389818747,0.42071018141746475,12
2,seasonal_ridge_change,10,2023-06-01,2023-07-01,2024-06-01,3563.641680928056,4666.225319535581,5485.145996920683,0.03683157814575344,12
2,polynomial_ridge_change,1,2014-06-01,2014-07-01,2015-06-01,2616.310438108436,6286.812278131758,7841.157703081561,0.8734767721470774,12
2,polynomial_ridge_change,2,2015-06-01,2015-07-01,2016-06-01,2952.6363084676386,3274.610974737438,4611.483292637032,0.6726544538077736,12
2,polynomial_ridge_change,3,2016-06-01,2016-07-01,2017-06-01,2982.3272840633877,3050.1780793413564,3710.617516823642,0.44756298630206903,12
2,polynomial_ridge_change,4,2017-06-01,2017-07-01,2018-06-01,3018.735176060311,7617.85442014044,8785.399641820792,0.6002077695478929,12
2,polynomial_ridge_change,5,2018-06-01,2018-07-01,2019-06-01,3400.7019115727967,3911.1213447278265,4809.10148215273,0.8376865050660377,12
2,polynomial_ridge_change,6,2019-06-01,2019-07-01,2020-06-01,3401.3477723641477,7184.353834554425,8766.24978338095,-0.07829855844866307,12
2,polynomial_ridge_change,7,2020-06-01,2020-07-01,2021-06-01,3700.7623506519067,4145.16296692723,5603.887473387532,0.40411544193073534,12
2,polynomial_ridge_change,8,2021-06-01,2021-07-01,2022-06-01,3707.961023005721,4044.0812755140832,4615.022448392706,0.3340149452639669,12
2,polynomial_ridge_change,9,2022-06-01,2022-07-01,2023-06-01,3717.0648251466,4927.105329282047,6419.9682193455865,0.3731704681615301,12
2,polynomial_ridge_change,10,2023-06-01,2023-07-01,2024-06-01,3782.717318481021,4853.0018810976835,5690.359878289055,-0.03658595333750725,12
2,spline_ridge_change,1,2014-06-01,2014-07-01,2015-06-01,2117.029805489122,7787.693304040091,9115.599870072394,0.8290061884796416,12
2,spline_ridge_change,2,2015-06-01,2015-07-01,2016-06-01,2248.1589716476205,7677.017508963257,9619.642445874439,-0.4244362496248686,12
2,spline_ridge_change,3,2016-06-01,2016-07-01,2017-06-01,2390.2980312639183,3025.4065706548427,3706.2973509203216,0.4488486107044959,12
2,spline_ridge_change,4,2017-06-01,2017-07-01,2018-06-01,2475.566933947652,7877.356147744067,9480.876002047124,0.534405073872426,12
2,spline_ridge_change,5,2018-06-01,2018-07-01,2019-06-01,2826.653045009083,4101.426825838731,5269.385028924959,0.8051292699744927,12
2,spline_ridge_change,6,2019-06-01,2019-07-01,2020-06-01,2797.68461091776,7453.9636882574005,8769.602328548955,-0.07912348038814065,12
2,spline_ridge_change,7,2020-06-01,2020-07-01,2021-06-01,3129.9556410092277,4268.143944024744,5648.531575358081,0.39458323837862586,12
2,spline_ridge_change,8,2021-06-01,2021-07-01,2022-06-01,3195.212685745933,3468.604925474261,4287.371267934949,0.4252234596650125,12
2,spline_ridge_change,9,2022-06-01,2022-07-01,2023-06-01,3169.6242733311005,7592.2307014190665,10440.940584850883,-0.6579175986581114,12
2,spline_ridge_change,10,2023-06-01,2023-07-01,2024-06-01,3306.209153758301,5035.924644936894,5677.356100316526,-0.03185369317784503,12
2,random_forest_change,1,2014-06-01,2014-07-01,2015-06-01,2214.787571932827,5059.782779075205,6255.420205978013,0.9194764592692085,12
2,random_forest_change,2,2015-06-01,2015-07-01,2016-06-01,2370.3848883792602,3476.6533659972642,4002.567459206555,0.7533946593184915,12
2,random_forest_change,3,2016-06-01,2016-07-01,2017-06-01,2437.390958853819,2884.2498566753106,3471.028464948432,0.5165998971135697,12
2,random_forest_change,4,2017-06-01,2017-07-01,2018-06-01,2437.4557781526205,7219.433880867166,9093.69239852084,0.5716568508730743,12
2,random_forest_change,5,2018-06-01,2018-07-01,2019-06-01,2821.5750363515313,4240.097536370071,5465.300661121058,0.7903693103836851,12
2,random_forest_change,6,2019-06-01,2019-07-01,2020-06-01,2865.1745212732853,6922.271970822808,8621.486605297576,-0.042979225034355695,12
2,random_forest_change,7,2020-06-01,2020-07-01,2021-06-01,3065.114789732167,4561.8448674523215,5804.227953262051,0.36074778731905055,12
2,random_forest_change,8,2021-06-01,2021-07-01,2022-06-01,3165.0996526662293,3770.0567114317323,4566.1903215486755,0.34803412293335445,12
2,random_forest_change,9,2022-06-01,2022-07-01,2023-06-01,3155.295131135968,5175.661432070446,6819.898446789764,0.2926416112448571,12
2,random_forest_change,10,2023-06-01,2023-07-01,2024-06-01,3252.0005170613545,4451.184120944047,5516.672222565399,0.025728016785683372,12
2,xgboost_change,1,2014-06-01,2014-07-01,2015-06-01,2173.59430088141,5021.4375,6250.621259389055,0.9195999617458117,12
2,xgboost_change,2,2015-06-01,2015-07-01,2016-06-01,2322.1344184027776,3251.173828125,3932.7389969527435,0.7619241154342441,12
2,xgboost_change,3,2016-06-01,2016-07-01,2017-06-01,2379.4831878063724,2874.7447916666665,3456.7219192763255,0.5205765474436168,12
2,xgboost_change,4,2017-06-01,2017-07-01,2018-06-01,2404.7597313596493,7439.495442708333,9099.370204219013,0.5711217968350746,12
2,xgboost_change,5,2018-06-01,2018-07-01,2019-06-01,2879.7306237599205,4010.9010416666665,5212.5834158795815,0.8093078648042555,12
2,xgboost_change,6,2019-06-01,2019-07-01,2020-06-01,2894.1719599184785,6968.336588541667,8617.208069879203,-0.04194429533172239,12
2,xgboost_change,7,2020-06-01,2020-07-01,2021-06-01,3111.574739583333,4286.649739583333,5636.19633765502,0.3972245639395181,12
2,xgboost_change,8,2021-06-01,2021-07-01,2022-06-01,3186.3338638117284,3902.4283854166665,4730.6359145785955,0.3002290702942487,12
2,xgboost_change,9,2022-06-01,2022-07-01,2023-06-01,3230.8295168821837,5141.124348958333,6763.784261715249,0.3042340252171929,12
2,xgboost_change,10,2023-06-01,2023-07-01,2024-06-01,3362.321719590054,4405.341145833333,5440.656286876568,0.05239262336607131,12
2,neural_network_change,1,2014-06-01,2014-07-01,2015-06-01,2338.899385835344,4891.96238742357,6048.923466712664,0.9247050125388815,12
2,neural_network_change,2,2015-06-01,2015-07-01,2016-06-01,2429.9222020060192,3476.0399876025826,4309.1308471315915,0.7141721644114437,12
2,neural_network_change,3,2016-06-01,2016-07-01,2017-06-01,2462.421156171667,3076.973752726643,3643.710314675611,0.4673056725098108,12
2,neural_network_change,4,2017-06-01,2017-07-01,2018-06-01,2549.766953020597,6708.289692687994,8389.532157942707,0.6354250777171229,12
2,neural_network_change,5,2018-06-01,2018-07-01,2019-06-01,2839.393785626785,3302.365423958174,4440.715868753029,0.8616010743922473,12
2,neural_network_change,6,2019-06-01,2019-07-01,2020-06-01,2881.6068868913194,6919.213725715657,9119.322206706493,-0.16690758680334605,12
2,neural_network_change,7,2020-06-01,2020-07-01,2021-06-01,3128.632792020072,4393.613061037838,5784.065438671936,0.3651812953130016,12
2,neural_network_change,8,2021-06-01,2021-07-01,2022-06-01,3212.678661541957,3469.398174651302,4353.209910454857,0.4074349046911645,12
2,neural_network_change,9,2022-06-01,2022-07-01,2023-06-01,3173.764052423776,4977.985588280535,6404.372268953324,0.37621226761843596,12
2,neural_network_change,10,2023-06-01,2023-07-01,2024-06-01,3259.1493983462015,4005.9889421614994,4692.218997814221,0.2951732157450664,12
2,rolling_ridge_change,1,2014-06-01,2014-07-01,2015-06-01,2519.296036760595,5344.078905482854,6636.973867405705,0.9093536959379974,12
2,rolling_ridge_change,2,2015-06-01,2015-07-01,2016-06-01,2659.7205984779703,3148.750274614516,4332.855343738871,0.7110161735896502,12
2,rolling_ridge_change,3,2016-06-01,2016-07-01,2017-06-01,2730.2746722307834,3068.5503679944836,3803.2976572256134,0.41962189534865524,12
2,rolling_ridge_change,4,2017-06-01,2017-07-01,2018-06-01,2955.834393953163,7396.721587774478,8741.87697188857,0.604159081117175,12
2,rolling_ridge_change,5,2018-06-01,2018-07-01,2019-06-01,3184.656599705893,3314.786142500794,4390.81032227931,0.8646942980453473,12
2,rolling_ridge_change,6,2019-06-01,2019-07-01,2020-06-01,3979.3082221074933,7174.582855510908,8846.618829754958,-0.09816089117986282,12
2,rolling_ridge_change,7,2020-06-01,2020-07-01,2021-06-01,4307.71065410868,4356.954163707561,5706.513876508963,0.38209021239359864,12
2,rolling_ridge_change,8,2021-06-01,2021-07-01,2022-06-01,3946.0287444380165,3946.37386940023,4521.7821114435155,0.36065376734183086,12
2,rolling_ridge_change,9,2022-06-01,2022-07-01,2023-06-01,3763.052034928858,4726.615477272135,6288.809881165225,0.398520785195266,12
2,rolling_ridge_change,10,2023-06-01,2023-07-01,2024-06-01,3835.2087673281158,4908.104393313882,5706.487661758303,-0.04247012419705709,12
2,damped_ridge_change,1,2014-06-01,2014-07-01,2015-06-01,2605.330851540611,5278.8403439049325,6578.352194608512,0.9109479075787498,12
2,damped_ridge_change,2,2015-06-01,2015-07-01,2016-06-01,2865.9427224458964,3318.535821525648,4430.358192223155,0.6978637479456486,12
2,damped_ridge_change,3,2016-06-01,2016-07-01,2017-06-01,2904.7886045623386,3077.721968734016,3794.0553595819856,0.4224391924304708,12
2,damped_ridge_change,4,2017-06-01,2017-07-01,2018-06-01,2924.957583634151,7279.061582706739,8373.13595449258,0.6368487097476274,12
2,damped_ridge_change,5,2018-06-01,2018-07-01,2019-06-01,3343.3367145166226,3408.865447286924,4445.251401976137,0.8613182220316972,12
2,damped_ridge_change,6,2019-06-01,2019-07-01,2020-06-01,3334.3991660531133,7017.879324968162,8768.928427333793,-0.07895763599617367,12
2,damped_ridge_change,7,2020-06-01,2020-07-01,2021-06-01,3640.7320181401697,4205.880385839515,5621.997181855296,0.4002578582684333,12
2,damped_ridge_change,8,2021-06-01,2021-07-01,2022-06-01,3688.8522916933575,3792.150300828174,4461.415716202352,0.3776105344067122,12
2,damped_ridge_change,9,2022-06-01,2022-07-01,2023-06-01,3696.627116794615,4516.063782272832,6169.765868788323,0.42107665848761433,12
2,damped_ridge_change,10,2023-06-01,2023-07-01,2024-06-01,3753.672922881978,4723.934664258572,5589.064787364502,-9.533064113220746e-06,12
2,ensemble_change,1,2014-06-01,2014-07-01,2015-06-01,2266.133502287454,5009.126301284352,6256.349603944931,0.9194525299496322,12
2,ensemble_change,2,2015-06-01,2015-07-01,2016-06-01,2403.8256391942728,3281.7422702506337,4036.044362355653,0.7492522644931003,12
2,ensemble_change,3,2016-06-01,2016-07-01,2017-06-01,2472.5653078419086,2941.095161927578,3532.2736472632046,0.4993905188133385,12
2,ensemble_change,4,2017-06-01,2017-07-01,2018-06-01,2506.2650910397424,7197.26545463235,8824.124309198553,0.5966755587208401,12
2,ensemble_change,5,2018-06-01,2018-07-01,2019-06-01,2907.796605194491,3732.481949799847,4979.550513390848,0.825976848124055,12
2,ensemble_change,6,2019-06-01,2019-07-01,2020-06-01,2930.4715737183137,6933.872517117329,8676.586774883961,-0.05635324640634587,12
2,ensemble_change,7,2020-06-01,2020-07-01,2021-06-01,3181.7298856068683,4371.397525752244,5731.824406273967,0.3765967331134731,12
2,ensemble_change,8,2021-06-01,2021-07-01,2022-06-01,3260.3746759173255,3729.3162204605237,4563.920746151802,0.3486820670088956,12
2,ensemble_change,9,2022-06-01,2022-07-01,2023-06-01,3277.069310398992,4906.992172623856,6565.398552014286,0.3444499076635904,12
2,ensemble_change,10,2023-06-01,2023-07-01,2024-06-01,3382.7913534448203,4460.800189982339,5453.236011333018,0.048005497866194125,12
3,persistence,1,2014-06-01,2014-07-01,2015-06-01,6899.641025641025,6578.75,7884.99947685477,0.8507837216987889,12
3,persistence,2,2015-06-01,2015-07-01,2016-06-01,6856.855555555556,8351.083333333334,10041.807933999402,0.750628502097658,12
3,persistence,3,2016-06-01,2016-07-01,2017-06-01,7032.64705882353,9566.416666666666,11022.04573041381,0.2195246529366749,12
3,persistence,4,2017-06-01,2017-07-01,2018-06-01,7299.359649122807,10617.166666666666,12544.249007679442,0.48168293327758205,12
3,persistence,5,2018-06-01,2018-07-01,2019-06-01,7615.341269841269,4878.833333333333,5760.770969815296,-0.49210502409677237,12
3,persistence,6,2019-06-01,2019-07-01,2020-06-01,7377.384057971014,10800.166666666666,13708.829375017158,0.8052889222804593,12
3,persistence,7,2020-06-01,2020-07-01,2021-06-01,7651.206666666667,15203.666666666666,16828.52783222585,0.28177444436355326,12
3,persistence,8,2021-06-01,2021-07-01,2022-06-01,8210.648148148148,13468.0,15706.713819255765,0.8495859299574927,12
3,persistence,9,2022-06-01,2022-07-01,2023-06-01,8573.224137931034,14507.25,16639.083015098317,0.6931160279003397,12
3,persistence,10,2023-06-01,2023-07-01,2024-06-01,8956.064516129032,8362.416666666666,10530.068166129473,0.5898952206565904,12
3,seasonal_naive,1,2014-06-01,2014-07-01,2015-06-01,18103.384615384617,20160.833333333332,23189.722820680716,-0.2906366140605747,12
3,seasonal_naive,2,2015-06-01,2015-07-01,2016-06-01,18377.71111111111,46555.333333333336,47106.842171104334,-4.487707778999713,12
3,seasonal_naive,3,2016-06-01,2016-07-01,2017-06-01,21692.725490196077,24594.333333333332,27178.831514618138,-3.745656885066868,12
3,seasonal_naive,4,2017-06-01,2017-07-01,2018-06-01,21998.157894736843,60586.833333333336,64694.54290870805,-12.786101575754907,12
3,seasonal_naive,5,2018-06-01,2018-07-01,2019-06-01,25673.26984126984,15286.666666666666,21418.07978476751,-19.62525078940311,12
3,seasonal_naive,6,2019-06-01,2019-07-01,2020-06-01,24770.08695652174,21926.0,30096.25594100812,0.061541955560848516,12
3,seasonal_naive,7,2020-06-01,2020-07-01,2021-06-01,24542.56,46407.166666666664,50306.16122636802,-5.418166213503076,12
3,seasonal_naive,8,2021-06-01,2021-07-01,2022-06-01,26162.16049382716,95269.0,100246.82701379298,-5.1271578926124395,12
3,seasonal_naive,9,2022-06-01,2022-07-01,2023-06-01,30928.149425287356,176810.16666666666,178612.87342088943,-34.362335819950054,12
3,seasonal_naive,10,2023-06-01,2023-07-01,2024-06-01,40339.89247311828,43600.166666666664,53105.953836018554,-9.430830605406223,12
3,seasonal_change,1,2014-06-01,2014-07-01,2015-06-01,6268.629700854703,4923.733333333337,5942.163586887643,0.915257343620104,12
3,seasonal_change,2,2015-06-01,2015-07-01,2016-06-01,6089.310185185187,5735.749999999981,6653.451915359405,0.890524474622598,12
3,seasonal_change,3,2016-06-01,2016-07-01,2017-06-01,6047.714869281045,7201.733333333337,9237.682031043643,0.45177253226662006,12
3,seasonal_change,4,2017-06-01,2017-07-01,2018-06-01,6169.190497076023,7408.033333333316,12396.64590685721,0.4938088251205097,12
3,seasonal_change,5,2018-06-01,2018-07-01,2019-06-01,6287.1755291005275,6686.766666666653,8533.00318957711,-2.2737234542218308,12
3,seasonal_change,6,2019-06-01,2019-07-01,2020-06-01,6321.92258454106,9957.850000000006,13986.66638016366,0.7973165209869536,12
3,seasonal_change,7,2020-06-01,2020-07-01,2021-06-01,6612.796777777776,14257.06666666666,15983.706857922536,0.3520766741767942,12
3,seasonal_change,8,2021-06-01,2021-07-01,2022-06-01,7179.038991769546,13665.783333333335,15132.579360549655,0.8603812576609804,12
3,seasonal_change,9,2022-06-01,2022-07-01,2023-06-01,7626.400670498082,11130.283333333316,13478.772258753137,0.7986201094261831,12
3,seasonal_change,10,2023-06-01,2023-07-01,2024-06-01,7852.4576164874525,8889.533333333335,10700.451359327486,0.5765163381312637,12
3,forecast_flow_identity,1,2014-06-01,2014-07-01,2015-06-01,6929.5492404265615,4499.0902341501305,5311.598695648194,0.9322883530551017,12
3,forecast_flow_identity,2,2015-06-01,2015-07-01,2016-06-01,6605.488039589704,4930.860347023602,5848.690487064746,0.9154058616669509,12
3,forecast_flow_identity,3,2016-06-01,2016-07-01,2017-06-01,6408.473016934869,7576.661404785089,9780.925840818358,0.3853969593314621,12
3,forecast_flow_identity,4,2017-06-01,2017-07-01,2018-06-01,6531.4402156559445,8053.261118499174,12013.201085024546,0.5246388667360624,12
3,forecast_flow_identity,5,2018-06-01,2018-07-01,2019-06-01,6676.375539736252,8545.003169609749,9783.33438135021,-3.303402508693173,12
3,forecast_flow_identity,6,2019-06-01,2019-07-01,2020-06-01,6838.864898855687,10781.049383916436,14904.76873331451,0.7698344071721761,12
3,forecast_flow_identity,7,2020-06-01,2020-07-01,2021-06-01,7154.239657660546,15252.447532774473,17197.55879656223,0.24992928586778873,12
3,forecast_flow_identity,8,2021-06-01,2021-07-01,2022-06-01,7754.106907668986,13186.733216426559,14525.157211658836,0.8713649011631937,12
3,forecast_flow_identity,9,2022-06-01,2022-07-01,2023-06-01,8128.770791031577,10690.834095655213,12727.294137407192,0.8204490977078244,12
3,forecast_flow_identity,10,2023-06-01,2023-07-01,2024-06-01,8294.065197781489,14887.230190522552,16995.216624171222,-0.0682819106464565,12
3,legacy_constrained_level,1,2014-06-01,2014-07-01,2015-06-01,6158.943708537266,6375.794089631944,6889.088542092623,0.8860966757189876,12
3,legacy_constrained_level,2,2015-06-01,2015-07-01,2016-06-01,6112.228110702954,11162.27202681516,12930.72170019985,0.5865066566308252,12
3,legacy_constrained_level,3,2016-06-01,2016-07-01,2017-06-01,6433.893421709104,7797.222763371935,10927.791939914876,0.23281587487302247,12
3,legacy_constrained_level,4,2017-06-01,2017-07-01,2018-06-01,6603.125114483355,10467.149872987813,13537.54578341297,0.39634882081346257,12
3,legacy_constrained_level,5,2018-06-01,2018-07-01,2019-06-01,6949.44196368479,5988.612251603656,7232.967606932053,-1.352183580981054,12
3,legacy_constrained_level,6,2019-06-01,2019-07-01,2020-06-01,6730.075837041002,10559.551742932419,13457.330715528862,0.8123676278488721,12
3,legacy_constrained_level,7,2020-06-01,2020-07-01,2021-06-01,6991.307182762781,15979.070220034482,18525.10557277605,0.12965791007803285,12
3,legacy_constrained_level,8,2021-06-01,2021-07-01,2022-06-01,7547.685107234046,17473.099774434046,20368.29659044,0.7470543460683201,12
3,legacy_constrained_level,9,2022-06-01,2022-07-01,2023-06-01,8173.364283464832,12121.259464842218,14058.059731579346,0.7809384288173319,12
3,legacy_constrained_level,10,2023-06-01,2023-07-01,2024-06-01,8342.381367341723,12598.533417583958,15496.751723340167,0.11179376860159662,12
3,constrained_level,1,2014-06-01,2014-07-01,2015-06-01,6167.674688442545,6347.624993162249,6918.846414097483,0.8851105246039822,12
3,constrained_level,2,2015-06-01,2015-07-01,2016-06-01,6119.346317665523,10712.517110531617,12391.425702344543,0.6202781855640367,12
3,constrained_level,3,2016-06-01,2016-07-01,2017-06-01,6389.102949474373,7801.46545585406,10607.059251916115,0.277188985187218,12
3,constrained_level,4,2017-06-01,2017-07-01,2018-06-01,6557.453219331212,10444.32202658586,12843.634898052711,0.45664698711134055,12
3,constrained_level,5,2018-06-01,2018-07-01,2019-06-01,6912.508581054444,6551.083316061238,7828.088299166674,-1.75517764151295,12
3,constrained_level,6,2019-06-01,2019-07-01,2020-06-01,6746.756090927245,10707.684446637335,14068.633033112565,0.7949339709635931,12
3,constrained_level,7,2020-06-01,2020-07-01,2021-06-01,6966.812037341329,14790.835348837087,17286.869296340727,0.2421185104499285,12
3,constrained_level,8,2021-06-01,2021-07-01,2022-06-01,7484.719742254986,14725.973535821462,17245.47775013106,0.8186705845730002,12
3,constrained_level,9,2022-06-01,2022-07-01,2023-06-01,7836.891169056546,10082.861239470163,11252.370160219894,0.8596528976617444,12
3,constrained_level,10,2023-06-01,2023-07-01,2024-06-01,7890.187663368723,10780.922112364662,13837.819674583649,0.2917806325239187,12
3,ridge_change,1,2014-06-01,2014-07-01,2015-06-01,6509.303091119591,6185.78960363433,7695.817670792464,0.8578580052651466,12
3,ridge_change,2,2015-06-01,2015-07-01,2016-06-01,6436.6825502684405,8392.446339689855,10008.969529195954,0.7522568089931599,12
3,ridge_change,3,2016-06-01,2016-07-01,2017-06-01,6687.5446067903285,9900.709057959486,11099.000062219908,0.20858827528598012,12
3,ridge_change,4,2017-06-01,2017-07-01,2018-06-01,6910.153289262356,10638.635260686618,12654.8053157458,0.4725064992497894,12
3,ridge_change,5,2018-06-01,2018-07-01,2019-06-01,7196.461961260966,5249.549154180364,6244.696927241452,-0.7533188635233172,12
3,ridge_change,6,2019-06-01,2019-07-01,2020-06-01,7032.430995606812,10279.062276799998,13123.787898522742,0.8215533808683761,12
3,ridge_change,7,2020-06-01,2020-07-01,2021-06-01,7232.947609021456,15241.154407037733,17014.217014822316,0.2658369227261458,12
3,ridge_change,8,2021-06-01,2021-07-01,2022-06-01,7684.863261469378,13950.30894771555,16366.75738033875,0.8366786014162663,12
3,ridge_change,9,2022-06-01,2022-07-01,2023-06-01,7923.877876669276,9226.246560965723,9978.161794804235,0.8896387748359106,12
3,ridge_change,10,2023-06-01,2023-07-01,2024-06-01,8007.7482344936525,10383.847333942724,13170.388005464076,0.3584513363068944,12
3,seasonal_ridge_change,1,2014-06-01,2014-07-01,2015-06-01,6222.079268856039,5736.858443287725,7252.131403229625,0.8737753441571361,12
3,seasonal_ridge_change,2,2015-06-01,2015-07-01,2016-06-01,6050.178527473637,8085.8539208575485,9670.5052832291,0.768728921329068,12
3,seasonal_ridge_change,3,2016-06-01,2016-07-01,2017-06-01,6304.511404509009,9607.28362874418,10937.603007984133,0.2314376871162701,12
3,seasonal_ridge_change,4,2017-06-01,2017-07-01,2018-06-01,6489.285178646396,9855.530879651022,11789.658884678222,0.5421653523068568,12
3,seasonal_ridge_change,5,2018-06-01,2018-07-01,2019-06-01,6656.124345766565,5450.435335006846,6669.30347626304,-0.9998578793108874,12
3,seasonal_ridge_change,6,2019-06-01,2019-07-01,2020-06-01,6605.140489468405,10073.420419059878,13188.019623587175,0.8198023645723664,12
3,seasonal_ridge_change,7,2020-06-01,2020-07-01,2021-06-01,6814.710448699875,14561.960281320984,16325.347612006657,0.3240828311134677,12
3,seasonal_ridge_change,8,2021-06-01,2021-07-01,2022-06-01,7206.492795833625,14853.137208193793,16596.141276585873,0.8320685462567294,12
3,seasonal_ridge_change,9,2022-06-01,2022-07-01,2023-06-01,7463.368540618368,8126.153542921432,8768.93983776657,0.9147666397129515,12
3,seasonal_ridge_change,10,2023-06-01,2023-07-01,2024-06-01,7482.996100538144,10648.759697470834,13345.733850726769,0.3412549199557118,12
3,polynomial_ridge_change,1,2014-06-01,2014-07-01,2015-06-01,6339.904228161099,5666.252395649896,6735.7394424842,0.8911111467232065,12
3,polynomial_ridge_change,2,2015-06-01,2015-07-01,2016-06-01,6241.769763580196,7822.400091771376,8812.913802958868,0.8079288937485565,12
3,polynomial_ridge_change,3,2016-06-01,2016-07-01,2017-06-01,6403.957277491021,9681.977604996433,10660.60856081808,0.26987239869489854,12
3,polynomial_ridge_change,4,2017-06-01,2017-07-01,2018-06-01,6581.315988532261,10081.112490709347,12170.093636435631,0.5121413429845867,12
3,polynomial_ridge_change,5,2018-06-01,2018-07-01,2019-06-01,6901.209277971395,5158.139946708757,6054.471562551337,-0.648126951200749,12
3,polynomial_ridge_change,6,2019-06-01,2019-07-01,2020-06-01,6741.445610036842,10993.475330497216,14378.051076418596,0.7858145512554158,12
3,polynomial_ridge_change,7,2020-06-01,2020-07-01,2021-06-01,6870.708903901997,15641.985161064105,17630.009797036506,0.21173233766818522,12
3,polynomial_ridge_change,8,2021-06-01,2021-07-01,2022-06-01,7363.930509368251,14477.045087509605,16372.323306775208,0.8365674994503792,12
3,polynomial_ridge_change,9,2022-06-01,2022-07-01,2023-06-01,7464.195141189487,12615.522502995484,16189.987765184833,0.7094583016672661,12
3,polynomial_ridge_change,10,2023-06-01,2023-07-01,2024-06-01,7631.1972558549705,14082.252450920108,16718.156005705005,-0.033734980208177445,12
3,spline_ridge_change,1,2014-06-01,2014-07-01,2015-06-01,4978.664694002761,5780.210097020569,6720.210775107929,0.8916126357392696,12
3,spline_ridge_change,2,2015-06-01,2015-07-01,2016-06-01,4808.175538837658,7766.985501223651,8358.816682811068,0.8272123911687863,12
3,spline_ridge_change,3,2016-06-01,2016-07-01,2017-06-01,4895.989122564161,10116.596825662904,12095.429975138071,0.060109206904876866,12
3,spline_ridge_change,4,2017-06-01,2017-07-01,2018-06-01,5039.092757299149,9091.651769151309,10726.237276925234,0.6210333643679378,12
3,spline_ridge_change,5,2018-06-01,2018-07-01,2019-06-01,5265.901239322225,8170.651163879967,9654.42076902516,-3.1907390553113038,12
3,spline_ridge_change,6,2019-06-01,2019-07-01,2020-06-01,5288.042733953576,12378.823629052544,16560.023704059942,0.7158734443231187,12
3,spline_ridge_change,7,2020-06-01,2020-07-01,2021-06-01,5523.749605509446,13885.642039179433,15680.781586778698,0.3764030036650101,12
3,spline_ridge_change,8,2021-06-01,2021-07-01,2022-06-01,5793.187408671441,18209.23081737879,20543.33105769751,0.742688301784363,12
3,spline_ridge_change,9,2022-06-01,2022-07-01,2023-06-01,5877.748834170724,30129.15290433924,34396.93796418793,-0.31145983996473836,12
3,spline_ridge_change,10,2023-06-01,2023-07-01,2024-06-01,6085.375587479122,18323.36617145025,20331.25676632912,-0.528836053047532,12
3,random_forest_change,1,2014-06-01,2014-07-01,2015-06-01,5239.958901817959,4744.385499057855,5813.024347262084,0.9189006917225473,12
3,random_forest_change,2,2015-06-01,2015-07-01,2016-06-01,4983.354476918782,7075.472999006616,8224.080974277103,0.8327378217103827,12
3,random_forest_change,3,2016-06-01,2016-07-01,2017-06-01,4944.078142024308,7969.918713475247,10201.137600738097,0.33145293927651087,12
3,random_forest_change,4,2017-06-01,2017-07-01,2018-06-01,5075.366147670526,8709.77825175994,11608.076802700974,0.5561597109115398,12
3,random_forest_change,5,2018-06-01,2018-07-01,2019-06-01,5257.900589378067,6199.820048550755,7351.246254709491,-1.4297417501982004,12
3,random_forest_change,6,2019-06-01,2019-07-01,2020-06-01,5263.131296855577,8613.700798666192,12790.983164506259,0.8304890440511626,12
3,random_forest_change,7,2020-06-01,2020-07-01,2021-06-01,5512.871881040717,14211.80594305603,15672.931243115434,0.37702723598215926,12
3,random_forest_change,8,2021-06-01,2021-07-01,2022-06-01,5896.234469634801,14425.052218534402,15649.888605526594,0.8506723252589741,12
3,random_forest_change,9,2022-06-01,2022-07-01,2023-06-01,6230.5245318882535,10567.46648098183,12032.145267429289,0.8395271510235736,12
3,random_forest_change,10,2023-06-01,2023-07-01,2024-06-01,6264.331498648353,10138.825020395685,12530.812213229421,0.41924773967179596,12
3,xgboost_change,1,2014-06-01,2014-07-01,2015-06-01,5089.266826923077,4957.1875,5962.463452674504,0.9146773518560594,12
3,xgboost_change,2,2015-06-01,2015-07-01,2016-06-01,4838.595833333334,6890.765625,8124.282199643246,0.8367726260446269,12
3,xgboost_change,3,2016-06-01,2016-07-01,2017-06-01,4858.2787990196075,8289.703125,9870.952053164496,0.3740309552433675,12
3,xgboost_change,4,2017-06-01,2017-07-01,2018-06-01,5066.997258771929,9097.880208333334,11949.44071908905,0.5296714581620361,12
3,xgboost_change,5,2018-06-01,2018-07-01,2019-06-01,5338.988591269841,5708.635416666667,6793.155561716299,-1.0748241475514049,12
3,xgboost_change,6,2019-06-01,2019-07-01,2020-06-01,5409.178894927536,9110.880208333334,12913.18051491352,0.8272347620384901,12
3,xgboost_change,7,2020-06-01,2020-07-01,2021-06-01,5643.0225,14451.104166666666,15947.686256370878,0.35499368090701,12
3,xgboost_change,8,2021-06-01,2021-07-01,2022-06-01,6085.086805555556,13859.260416666666,15396.032822448837,0.8554775025592702,12
3,xgboost_change,9,2022-06-01,2022-07-01,2023-06-01,6457.964439655172,10916.8125,12509.347288955692,0.8265458363832121,12
3,xgboost_change,10,2023-06-01,2023-07-01,2024-06-01,6607.039650537635,9139.9375,11451.015861390311,0.5150237201057923,12
3,neural_network_change,1,2014-06-01,2014-07-01,2015-06-01,5489.319179537682,6110.481773054412,7463.404953185535,0.8663137075957386,12
3,neural_network_change,2,2015-06-01,2015-07-01,2016-06-01,5050.195698547518,7891.279621397029,9400.152837869538,0.7814791794160746,12
3,neural_network_change,3,2016-06-01,2016-07-01,2017-06-01,5355.8761618004955,10510.224444970014,12713.187838432725,-0.03834983903614497,12
3,neural_network_change,4,2017-06-01,2017-07-01,2018-06-01,5293.469484850786,9248.74337980421,11232.770061111476,0.5843958130551339,12
3,neural_network_change,5,2018-06-01,2018-07-01,2019-06-01,5652.437940191013,7085.250916388701,8734.012579679476,-2.429776340440667,12
3,neural_network_change,6,2019-06-01,2019-07-01,2020-06-01,5685.382356839754,10891.962504991787,14672.84929744622,0.7769414717310452,12
3,neural_network_change,7,2020-06-01,2020-07-01,2021-06-01,6087.771304701039,13775.786768962376,16341.496129172812,0.32274497801776003,12
3,neural_network_change,8,2021-06-01,2021-07-01,2022-06-01,6390.02090487416,14463.103782618127,15714.504447138024,0.8494366803211313,12
3,neural_network_change,9,2022-06-01,2022-07-01,2023-06-01,6665.748119362209,7302.664168362661,8270.785110296149,0.9241756136604702,12
3,neural_network_change,10,2023-06-01,2023-07-01,2024-06-01,6513.543419835501,10549.203644239073,13027.410704793228,0.3723049910445031,12
3,rolling_ridge_change,1,2014-06-01,2014-07-01,2015-06-01,6300.942139000066,5442.560257904115,6957.2272396064955,0.8838323394353256,12
3,rolling_ridge_change,2,2015-06-01,2015-07-01,2016-06-01,6194.661837991449,7819.918677237176,9264.601800534014,0.787735919638132,12
3,rolling_ridge_change,3,2016-06-01,2016-07-01,2017-06-01,6639.127361980755,9834.852054919213,11008.322009340563,0.2214670070144391,12
3,rolling_ridge_change,4,2017-06-01,2017-07-01,2018-06-01,7125.156869827475,10199.966919952538,12323.780759406587,0.4997419294731885,12
3,rolling_ridge_change,5,2018-06-01,2018-07-01,2019-06-01,6893.46179448899,5473.6840178148805,6521.428618547519,-0.9121575117482987,12
3,rolling_ridge_change,6,2019-06-01,2019-07-01,2020-06-01,6804.057719315072,10678.300521624275,14022.95759271673,0.7962633505107759,12
3,rolling_ridge_change,7,2020-06-01,2020-07-01,2021-06-01,7025.085079185435,15127.242301314924,16838.06695893744,0.2809599718868472,12
3,rolling_ridge_change,8,2021-06-01,2021-07-01,2022-06-01,7421.110500124989,14309.480000178572,16083.780104854652,0.8422773537521747,12
3,rolling_ridge_change,9,2022-06-01,2022-07-01,2023-06-01,8718.319060080048,8765.238162237385,10069.01016119906,0.8876200102958491,12
3,rolling_ridge_change,10,2023-06-01,2023-07-01,2024-06-01,7812.242054070897,11555.575577526344,14102.400399728265,0.264439248781315,12
3,damped_ridge_change,1,2014-06-01,2014-07-01,2015-06-01,6528.591168292507,6083.194184322017,7506.671978356694,0.8647591961125418,12
3,damped_ridge_change,2,2015-06-01,2015-07-01,2016-06-01,6402.555568908213,8214.005447932674,9814.972672281963,0.7617674044608997,12
3,damped_ridge_change,3,2016-06-01,2016-07-01,2017-06-01,6606.783900135832,9476.016814372075,10878.119268859176,0.23977454942709275,12
3,damped_ridge_change,4,2017-06-01,2017-07-01,2018-06-01,6828.876616509015,10236.348773158854,12112.611973221474,0.5167389577309899,12
3,damped_ridge_change,5,2018-06-01,2018-07-01,2019-06-01,7089.724397786161,5090.24456611491,6042.352704726743,-0.6415356488147106,12
3,damped_ridge_change,6,2019-06-01,2019-07-01,2020-06-01,6947.298662508343,10379.543542863277,13403.269214898766,0.8138721331538429,12
3,damped_ridge_change,7,2020-06-01,2020-07-01,2021-06-01,7179.699481185761,14882.813473993816,16470.950074248674,0.31197232920843987,12
3,damped_ridge_change,8,2021-06-01,2021-07-01,2022-06-01,7638.410285806102,13909.818604096896,16087.065853465489,0.8422129049848287,12
3,damped_ridge_change,9,2022-06-01,2022-07-01,2023-06-01,7928.898573668493,10656.10980504762,11870.61950298022,0.8438067726389131,12
3,damped_ridge_change,10,2023-06-01,2023-07-01,2024-06-01,8112.04747988092,9132.364694651982,11356.897228127105,0.5229632287661148,12
3,ensemble_change,1,2014-06-01,2014-07-01,2015-06-01,5471.579632399049,4990.065724938632,6231.211708055465,0.9068124530169256,12
3,ensemble_change,2,2015-06-01,2015-07-01,2016-06-01,5180.293873904623,7222.644143739705,8584.773956311063,0.8177444670439672,12
3,ensemble_change,3,2016-06-01,2016-07-01,2017-06-01,5235.590240524541,8622.303746709338,10243.59919487321,0.3258757858623986,12
3,ensemble_change,4,2017-06-01,2017-07-01,2018-06-01,5428.001900998139,9130.952588883045,11685.2602270029,0.5502377991835727,12
3,ensemble_change,5,2018-06-01,2018-07-01,2019-06-01,5652.800962532664,5516.579145495382,6695.04539271192,-1.0153256189941509,12
3,ensemble_change,6,2019-06-01,2019-07-01,2020-06-01,5643.810876353554,9219.429028031902,12898.209937714597,0.8276351120672694,12
3,ensemble_change,7,2020-06-01,2020-07-01,2021-06-01,5873.723344446451,14408.291889029293,15922.218793209116,0.35705210596225745,12
3,ensemble_change,8,2021-06-01,2021-07-01,2022-06-01,6301.47938561314,14379.154068519041,15820.79277885669,0.8473930594922222,12
3,ensemble_change,9,2022-06-01,2022-07-01,2023-06-01,6626.966395700319,9549.528671255306,10622.804742549328,0.8749182849796995,12
3,ensemble_change,10,2023-06-01,2023-07-01,2024-06-01,6688.305042500072,9848.829605368956,12383.520044553386,0.43282028728647814,12
4,persistence,1,2014-06-01,2014-07-01,2015-06-01,541.2179487179487,744.6666666666666,985.7232539274568,0.590910462431453,12
4,persistence,2,2015-06-01,2015-07-01,2016-06-01,568.3444444444444,546.1666666666666,622.6821018786392,0.7342023546173782,12
4,persistence,3,2016-06-01,2016-07-01,2017-06-01,565.7352941176471,846.4166666666666,1091.0239456583893,0.3831957335571631,12
4,persistence,4,2017-06-01,2017-07-01,2018-06-01,595.280701754386,742.1666666666666,969.3037019771805,-0.1510874052155522,12
4,persistence,5,2018-06-01,2018-07-01,2019-06-01,609.2698412698413,1296.75,1574.9513484549293,-0.3640941039813952,12
4,persistence,6,2019-06-01,2019-07-01,2020-06-01,669.0507246376811,1257.0,1447.993726966154,0.4307970675337195,12
4,persistence,7,2020-06-01,2020-07-01,2021-06-01,716.0866666666667,850.5833333333334,1025.4595311371386,-0.7388767282582422,12
4,persistence,8,2021-06-01,2021-07-01,2022-06-01,726.0493827160494,1001.8333333333334,1296.357203860109,-1.7579238040819405,12
4,persistence,9,2022-06-01,2022-07-01,2023-06-01,745.0689655172414,667.3333333333334,787.5565588155135,0.4235434696357099,12
4,persistence,10,2023-06-01,2023-07-01,2024-06-01,740.0537634408602,883.9166666666666,990.1071911666938,-0.14347320250243656,12
4,seasonal_naive,1,2014-06-01,2014-07-01,2015-06-01,994.2948717948718,1233.5,1618.5539842711457,-0.10296757930798295,12
4,seasonal_naive,2,2015-06-01,2015-07-01,2016-06-01,1026.1888888888889,2475.0833333333335,2588.678765316392,-3.593827533514162,12
4,seasonal_naive,3,2016-06-01,2016-07-01,2017-06-01,1196.6470588235295,3366.8333333333335,3496.812763074397,-5.336122443341765,12
4,seasonal_naive,4,2017-06-01,2017-07-01,2018-06-01,1425.0877192982457,1366.6666666666667,1714.7073608442151,-2.602206318004914,12
4,seasonal_naive,5,2018-06-01,2018-07-01,2019-06-01,1419.5238095238096,719.25,824.4208573295559,0.6262269471000792,12
4,seasonal_naive,6,2019-06-01,2019-07-01,2020-06-01,1358.6304347826087,1428.8333333333333,1837.238598186601,0.08364260333998574,12
4,seasonal_naive,7,2020-06-01,2020-07-01,2021-06-01,1364.2466666666667,1633.6666666666667,2200.060605225835,-7.00388854372439,12
4,seasonal_naive,8,2021-06-01,2021-07-01,2022-06-01,1384.2037037037037,861.9166666666666,1109.916625997947,-1.0216855474475617,12
4,seasonal_naive,9,2022-06-01,2022-07-01,2023-06-01,1348.183908045977,616.0,943.6326085929842,0.1724219974694352,12
4,seasonal_naive,10,2023-06-01,2023-07-01,2024-06-01,1300.9462365591398,853.25,1026.8980394047567,-0.23003143646904523,12
4,seasonal_change,1,2014-06-01,2014-07-01,2015-06-01,599.8775641025642,705.9666666666673,974.5913126365674,0.6000981251314824,12
4,seasonal_change,2,2015-06-01,2015-07-01,2016-06-01,614.022777777778,374.5833333333333,467.58733587070816,0.8501199448038681,12
4,seasonal_change,3,2016-06-01,2016-07-01,2017-06-01,585.8534313725492,788.0666666666666,957.9998990953321,0.5244351684380665,12
4,seasonal_change,4,2017-06-01,2017-07-01,2018-06-01,607.1390350877193,925.9166666666666,1052.444204380134,-0.35702147664894657,12
4,seasonal_change,5,2018-06-01,2018-07-01,2019-06-01,637.4988095238095,1186.6166666666666,1391.2016616340468,-0.06436411025063493,12
4,seasonal_change,6,2019-06-01,2019-07-01,2020-06-01,685.2481884057972,1044.2999999999995,1313.8027629747166,0.5314088201079311,12
4,seasonal_change,7,2020-06-01,2020-07-01,2021-06-01,713.9723333333334,777.4833333333336,907.246594555931,-0.3610761899363635,12
4,seasonal_change,8,2021-06-01,2021-07-01,2022-06-01,718.676851851852,827.0833333333336,1322.7978618569557,-1.8715729987463092,12
4,seasonal_change,9,2022-06-01,2022-07-01,2023-06-01,726.1531609195404,567.9000000000002,726.1623923062939,0.5099159544761658,12
4,seasonal_change,10,2023-06-01,2023-07-01,2024-06-01,715.9432795698925,966.4166666666661,1165.3239764117097,-0.5839990831799375,12
4,forecast_flow_identity,1,2014-06-01,2014-07-01,2015-06-01,617.2970077894265,699.9254100731426,1025.056277403343,0.5576115418520604,12
4,forecast_flow_identity,2,2015-06-01,2015-07-01,2016-06-01,628.3141280939219,345.8629604211904,469.56357102093807,0.8488503459745356,12
4,forecast_flow_identity,3,2016-06-01,2016-07-01,2017-06-01,595.0845789559535,835.729482427565,965.2053529244713,0.5172544850196843,12
4,forecast_flow_identity,4,2017-06-01,2017-07-01,2018-06-01,620.4156214266495,972.8936039713466,1094.7521522532147,-0.4683181750926799,12
4,forecast_flow_identity,5,2018-06-01,2018-07-01,2019-06-01,653.9849530975729,1189.072179295338,1430.862577168651,-0.12591575709783198,12
4,forecast_flow_identity,6,2019-06-01,2019-07-01,2020-06-01,700.5142771147699,1123.6738951954978,1446.3939849308117,0.4320540824475281,12
4,forecast_flow_identity,7,2020-06-01,2020-07-01,2021-06-01,734.3670465612282,751.0585324467642,890.6147835826536,-0.3116306086715208,12
4,forecast_flow_identity,8,2021-06-01,2021-07-01,2022-06-01,735.6034529231198,880.3690909376816,1387.9169542059183,-2.161257366923508,12
4,forecast_flow_identity,9,2022-06-01,2022-07-01,2023-06-01,745.5872900275722,600.8152081512529,752.5401124613422,0.47366486000619523,12
4,forecast_flow_identity,10,2023-06-01,2023-07-01,2024-06-01,736.247155712971,946.4086775098436,1176.235372604117,-0.6138011961606848,12
4,legacy_constrained_level,1,2014-06-01,2014-07-01,2015-06-01,507.28798739897877,740.0979392856729,949.8933127462033,0.6201098534789449,12
4,legacy_constrained_level,2,2015-06-01,2015-07-01,2016-06-01,526.2509195135262,758.6987551757311,896.468432734862,0.44908021833316514,12
4,legacy_constrained_level,3,2016-06-01,2016-07-01,2017-06-01,537.9079567376651,978.5286310844864,1390.7373715510075,-0.0022338208689034467,12
4,legacy_constrained_level,4,2017-06-01,2017-07-01,2018-06-01,575.6546701048611,799.2173009467746,990.561911341284,-0.2021310329047965,12
4,legacy_constrained_level,5,2018-06-01,2018-07-01,2019-06-01,589.7071949010714,1329.6822665072225,1615.6097356084388,-0.4354331433905301,12
4,legacy_constrained_level,6,2019-06-01,2019-07-01,2020-06-01,650.9325030054446,1249.4173315146938,1433.7989217694249,0.44190225601747724,12
4,legacy_constrained_level,7,2020-06-01,2020-07-01,2021-06-01,696.4591870680931,806.5917962901725,976.4684985535395,-0.5766969147144345,12
4,legacy_constrained_level,8,2021-06-01,2021-07-01,2022-06-01,704.53206222744,952.1872328666359,1258.5546831551537,-1.5994236899156786,12
4,legacy_constrained_level,9,2022-06-01,2022-07-01,2023-06-01,721.4917459827161,614.5000666578229,745.3875408999871,0.4836224928286823,12
4,legacy_constrained_level,10,2023-06-01,2023-07-01,2024-06-01,714.4904945845565,890.6097253859103,1017.2966845620224,-0.20713771761481325,12
4,constrained_level,1,2014-06-01,2014-07-01,2015-06-01,486.56476969166016,699.5469197593926,934.6855512423068,0.6321765385376907,12
4,constrained_level,2,2015-06-01,2015-07-01,2016-06-01,505.22643465121814,829.188572773331,948.2845626390839,0.3835530258560662,12
4,constrained_level,3,2016-06-01,2016-07-01,2017-06-01,521.3516027740945,1030.6972547795228,1439.23762360093,-0.07335605620408714,12
4,constrained_level,4,2017-06-01,2017-07-01,2018-06-01,563.235231830702,766.8345016173589,963.1793882313597,-0.13658761586510204,12
4,constrained_level,5,2018-06-01,2018-07-01,2019-06-01,574.8770890997728,1277.9428160168675,1580.2225778598083,-0.3732404003148724,12
4,constrained_level,6,2019-06-01,2019-07-01,2020-06-01,633.1626729369294,1209.4933964939053,1436.2277726155526,0.4400098228539455,12
4,constrained_level,7,2020-06-01,2020-07-01,2021-06-01,676.2076528142868,828.8828921694776,999.9601402753028,-0.6534730505591764,12
4,constrained_level,8,2021-06-01,2021-07-01,2022-06-01,688.476196315978,997.6402338113954,1328.401852985104,-1.8959551923805047,12
4,constrained_level,9,2022-06-01,2022-07-01,2023-06-01,714.5847059002837,648.9419022581102,765.415655311053,0.4555001811852999,12
4,constrained_level,10,2023-06-01,2023-07-01,2024-06-01,708.7372852907176,961.3794343258136,1125.5094575835096,-0.47761012745170506,12
4,ridge_change,1,2014-06-01,2014-07-01,2015-06-01,521.0815808562295,691.5316566973679,905.7041994466998,0.6546327667535046,12
4,ridge_change,2,2015-06-01,2015-07-01,2016-06-01,533.9088062419949,585.7571668709185,695.0578818096317,0.668822892322419,12
4,ridge_change,3,2016-06-01,2016-07-01,2017-06-01,542.833853203425,856.4573360730013,1067.6400567578066,0.4093522914788241,12
4,ridge_change,4,2017-06-01,2017-07-01,2018-06-01,580.8709766300556,784.2835465737062,981.8356055532937,-0.18104409914170994,12
4,ridge_change,5,2018-06-01,2018-07-01,2019-06-01,595.8220424668501,1280.3781970262687,1574.4163332057476,-0.3631674884535563,12
4,ridge_change,6,2019-06-01,2019-07-01,2020-06-01,652.0838155008718,1218.8660697954253,1431.2616812736728,0.44387572004840525,12
4,ridge_change,7,2020-06-01,2020-07-01,2021-06-01,696.8488082025457,836.8163172849063,1007.0495128306625,-0.6770012668693688,12
4,ridge_change,8,2021-06-01,2021-07-01,2022-06-01,704.4700300281894,1011.9282953391303,1311.1918444142839,-1.821404606328656,12
4,ridge_change,9,2022-06-01,2022-07-01,2023-06-01,728.5308079469922,722.6439702730619,840.9021470067651,0.3428054084168092,12
4,ridge_change,10,2023-06-01,2023-07-01,2024-06-01,723.408369200987,889.8556321120874,994.2116325784209,-0.15297327839388775,12
4,seasonal_ridge_change,1,2014-06-01,2014-07-01,2015-06-01,519.256592030822,681.3301745852438,892.4580592572975,0.6646610500403405,12
4,seasonal_ridge_change,2,2015-06-01,2015-07-01,2016-06-01,531.5779741616428,564.4593347720933,664.3182275819286,0.6974684297798671,12
4,seasonal_ridge_change,3,2016-06-01,2016-07-01,2017-06-01,535.5560399579203,866.1227153712653,1059.739696806984,0.41806133988612193,12
4,seasonal_ridge_change,4,2017-06-01,2017-07-01,2018-06-01,573.664402858137,778.390668256717,949.5833986978832,-0.10472653574109181,12
4,seasonal_ridge_change,5,2018-06-01,2018-07-01,2019-06-01,590.3289844603565,1288.6985940596476,1557.0660272569978,-0.333288413096541,12
4,seasonal_ridge_change,6,2019-06-01,2019-07-01,2020-06-01,646.0563720486863,1234.3550247463643,1458.7704506543544,0.4222929292159935,12
4,seasonal_ridge_change,7,2020-06-01,2020-07-01,2021-06-01,692.7334948081793,787.4010571211411,986.0745263269239,-0.6078710752699452,12
4,seasonal_ridge_change,8,2021-06-01,2021-07-01,2022-06-01,696.9420676220523,971.4406239447717,1289.0974022738344,-1.7271206944895328,12
4,seasonal_ridge_change,9,2022-06-01,2022-07-01,2023-06-01,719.0507741389446,701.3219669608221,802.1939518681025,0.4019164952352493,12
4,seasonal_ridge_change,10,2023-06-01,2023-07-01,2024-06-01,713.6326911518598,832.1208110364811,947.800500541147,-0.04784110026111521,12
4,polynomial_ridge_change,1,2014-06-01,2014-07-01,2015-06-01,509.5918434224922,910.5012682597957,1104.921760469248,0.4859901730397762,12
4,polynomial_ridge_change,2,2015-06-01,2015-07-01,2016-06-01,523.8032727745635,538.7780789599323,659.3220029169917,0.7020018949295859,12
4,polynomial_ridge_change,3,2016-06-01,2016-07-01,2017-06-01,520.8893629937312,902.2467005254863,1054.515160110322,0.42378513296156395,12
4,polynomial_ridge_change,4,2017-06-01,2017-07-01,2018-06-01,554.804681979144,783.5140782558761,937.1778054294169,-0.07605024102692215,12
4,polynomial_ridge_change,5,2018-06-01,2018-07-01,2019-06-01,571.9254411699649,1206.3913286984605,1454.0048000609465,-0.1626305405723989,12
4,polynomial_ridge_change,6,2019-06-01,2019-07-01,2020-06-01,620.6414358139992,1240.0961830328326,1461.785918915945,0.41990206934463525,12
4,polynomial_ridge_change,7,2020-06-01,2020-07-01,2021-06-01,666.6566239950971,774.0529101395641,970.2219686402677,-0.5565889798607957,12
4,polynomial_ridge_change,8,2021-06-01,2021-07-01,2022-06-01,671.3527131596666,897.8224691868967,1217.4729512099427,-1.4324926401601008,12
4,polynomial_ridge_change,9,2022-06-01,2022-07-01,2023-06-01,683.025558308887,669.7258427112683,818.5151970068241,0.37733199243200977,12
4,polynomial_ridge_change,10,2023-06-01,2023-07-01,2024-06-01,677.1187958173605,749.9445758455444,818.4203525552065,0.21870615404588545,12
4,spline_ridge_change,1,2014-06-01,2014-07-01,2015-06-01,443.0412416555322,664.969912141265,934.7630021993546,0.6321155780159606,12
4,spline_ridge_change,2,2015-06-01,2015-07-01,2016-06-01,465.6958922189557,604.4101162871872,706.6947131211117,0.6576407640083642,12
4,spline_ridge_change,3,2016-06-01,2016-07-01,2017-06-01,457.81580583253685,627.1470763323281,976.7214210041484,0.5056662878183684,12
4,spline_ridge_change,4,2017-06-01,2017-07-01,2018-06-01,487.0735881484223,810.5286116021167,973.5527451859563,-0.16120134630248995,12
4,spline_ridge_change,5,2018-06-01,2018-07-01,2019-06-01,490.4342940855063,1064.232071571271,1301.0029382297832,0.06917808139607506,12
4,spline_ridge_change,6,2019-06-01,2019-07-01,2020-06-01,515.1168595671772,1416.8135448007797,1623.033199690788,0.28486410843296217,12
4,spline_ridge_change,7,2020-06-01,2020-07-01,2021-06-01,570.2200685775392,616.7054552973887,840.2183607039542,-0.1673902951172741,12
4,spline_ridge_change,8,2021-06-01,2021-07-01,2022-06-01,567.7801704569056,811.2574668000867,1077.2651482675803,-0.9044874363849138,12
4,spline_ridge_change,9,2022-06-01,2022-07-01,2023-06-01,569.755266165317,2588.094301358111,3139.5333893128877,-8.160797232393454,12
4,spline_ridge_change,10,2023-06-01,2023-07-01,2024-06-01,582.1721896312332,689.9724456323884,815.9806048494304,0.2233573548336345,12
4,random_forest_change,1,2014-06-01,2014-07-01,2015-06-01,476.76386942603636,707.8764909926587,954.9893635103055,0.6160227997566676,12
4,random_forest_change,2,2015-06-01,2015-07-01,2016-06-01,495.29502836160725,447.4425732554646,537.1824616225953,0.8021837275590302,12
4,random_forest_change,3,2016-06-01,2016-07-01,2017-06-01,481.4213158592821,866.4743725535949,1007.4260468767555,0.47409759776943783,12
4,random_forest_change,4,2017-06-01,2017-07-01,2018-06-01,513.1586191255249,778.2809830098258,904.7545532867179,-0.002882640917813095,12
4,random_forest_change,5,2018-06-01,2018-07-01,2019-06-01,521.8577157781392,1233.5619614350044,1473.779453922346,-0.1944694371024649,12
4,random_forest_change,6,2019-06-01,2019-07-01,2020-06-01,564.2563845889301,1152.1662061509867,1385.4353976486059,0.4789176930048109,12
4,random_forest_change,7,2020-06-01,2020-07-01,2021-06-01,599.0179934068193,720.9171367875948,927.1618427848692,-0.42148683963792144,12
4,random_forest_change,8,2021-06-01,2021-07-01,2022-06-01,592.268756529268,849.2129062282484,1210.6708576510123,-1.4053876097885958,12
4,random_forest_change,9,2022-06-01,2022-07-01,2023-06-01,593.5869874128172,693.072996865857,813.7252028777267,0.3845984403003715,12
4,random_forest_change,10,2023-06-01,2023-07-01,2024-06-01,589.7988411125029,732.3604461533829,889.8914023899741,0.07629013150213593,12
4,xgboost_change,1,2014-06-01,2014-07-01,2015-06-01,457.92874849759613,719.0201822916666,956.0169794421619,0.6151959981231885,12
4,xgboost_change,2,2015-06-01,2015-07-01,2016-06-01,483.49151475694447,467.4166666666667,549.1056511741873,0.7933048955445021,12
4,xgboost_change,3,2016-06-01,2016-07-01,2017-06-01,479.8719075520833,861.8880208333334,1014.2205466445386,0.4669798674286848,12
4,xgboost_change,4,2017-06-01,2017-07-01,2018-06-01,508.1316560444079,750.9303385416666,886.6749129129392,0.03679794353427035,12
4,xgboost_change,5,2018-06-01,2018-07-01,2019-06-01,520.0045107886905,1237.4651692708333,1468.5012794876975,-0.18592904336731797,12
4,xgboost_change,6,2019-06-01,2019-07-01,2020-06-01,567.6199827332428,1168.0349934895833,1402.4265751528415,0.46605806182564635,12
4,xgboost_change,7,2020-06-01,2020-07-01,2021-06-01,613.6905403645833,711.9622395833334,916.4403481811117,-0.38880140305963873,12
4,xgboost_change,8,2021-06-01,2021-07-01,2022-06-01,612.3568974247685,839.97607421875,1193.4305675484043,-1.3373686089883416,12
4,xgboost_change,9,2022-06-01,2022-07-01,2023-06-01,616.2781575520834,631.6043294270834,766.4794638601882,0.4539855895058549,12
4,xgboost_change,10,2023-06-01,2023-07-01,2024-06-01,607.2896137852823,773.4041341145834,912.4155890441318,0.028938009416749066,12
4,neural_network_change,1,2014-06-01,2014-07-01,2015-06-01,469.936779369635,850.0500629201697,1004.4107444126219,0.575252268336763,12
4,neural_network_change,2,2015-06-01,2015-07-01,2016-06-01,478.3945642695119,678.5426599679591,801.1589774525186,0.5599968647584739,12
4,neural_network_change,3,2016-06-01,2016-07-01,2017-06-01,487.88847750006954,850.1030683726007,1025.8735502502598,0.4546611105525379,12
4,neural_network_change,4,2017-06-01,2017-07-01,2018-06-01,519.2719881716733,812.9848662164208,951.0617071200187,-0.10816888270565128,12
4,neural_network_change,5,2018-06-01,2018-07-01,2019-06-01,531.5519467142228,1212.332557244822,1452.179739960618,-0.15971371535993106,12
4,neural_network_change,6,2019-06-01,2019-07-01,2020-06-01,562.803158369013,1264.4909591439207,1503.8445069865595,0.3860406244520532,12
4,neural_network_change,7,2020-06-01,2020-07-01,2021-06-01,599.4139722767256,695.1826664477572,944.3290377234748,-0.47461426834822884,12
4,neural_network_change,8,2021-06-01,2021-07-01,2022-06-01,586.8910782731446,835.4907653945065,1174.9064187304798,-1.2653715674095496,12
4,neural_network_change,9,2022-06-01,2022-07-01,2023-06-01,572.4703217392838,742.0504130367957,954.7013486577786,0.15289327366493943,12
4,neural_network_change,10,2023-06-01,2023-07-01,2024-06-01,568.7407764470954,783.0780559987085,871.4173383478013,0.11424430135599384,12
4,rolling_ridge_change,1,2014-06-01,2014-07-01,2015-06-01,516.682544562922,738.0083874285943,922.1542645612446,0.64197320842616,12
4,rolling_ridge_change,2,2015-06-01,2015-07-01,2016-06-01,539.6062603342004,500.03731637862285,604.4627126179788,0.7495290312700159,12
4,rolling_ridge_change,3,2016-06-01,2016-07-01,2017-06-01,544.2172196689899,884.3096475729259,1051.3496283081167,0.42723940047288766,12
4,rolling_ridge_change,4,2017-06-01,2017-07-01,2018-06-01,584.9770882396143,793.3688651585089,955.6212016478718,-0.11881971954341242,12
4,rolling_ridge_change,5,2018-06-01,2018-07-01,2019-06-01,651.1504994389305,1285.6326005279213,1539.316279330099,-0.30306407397311785,12
4,rolling_ridge_change,6,2019-06-01,2019-07-01,2020-06-01,756.3476806345581,1227.6586201863777,1460.916380142002,0.42059200295425114,12
4,rolling_ridge_change,7,2020-06-01,2020-07-01,2021-06-01,900.378043802108,705.208293055785,901.1803653455707,-0.3429355947468993,12
4,rolling_ridge_change,8,2021-06-01,2021-07-01,2022-06-01,1051.090481112407,886.776543705354,1192.0953005056144,-1.3321412159801258,12
4,rolling_ridge_change,9,2022-06-01,2022-07-01,2023-06-01,872.2076120002284,644.2199166358554,764.2211123073467,0.45719839809592566,12
4,rolling_ridge_change,10,2023-06-01,2023-07-01,2024-06-01,1427.0683675909388,799.7951522010829,900.6254870484744,0.05387171157575532,12
4,damped_ridge_change,1,2014-06-01,2014-07-01,2015-06-01,529.40135288227,597.1776280058743,896.0072389539929,0.6619885552028424,12
4,damped_ridge_change,2,2015-06-01,2015-07-01,2016-06-01,547.7778038009255,548.5630007193804,635.4715461971128,0.7231716381774576,12
4,damped_ridge_change,3,2016-06-01,2016-07-01,2017-06-01,547.8845660354355,856.2696910189661,1073.4674475420734,0.4028869507061914,12
4,damped_ridge_change,4,2017-06-01,2017-07-01,2018-06-01,581.3890998580457,759.9447545623174,951.7263466073634,-0.10971828828403374,12
4,damped_ridge_change,5,2018-06-01,2018-07-01,2019-06-01,596.6274601343979,1292.7242970298232,1564.7783864202615,-0.34652903999188434,12
4,damped_ridge_change,6,2019-06-01,2019-07-01,2020-06-01,654.4987986717249,1245.6775123731823,1451.4899152611295,0.4280450623633756,12
4,damped_ridge_change,7,2020-06-01,2020-07-01,2021-06-01,701.2016666140477,815.6772519512178,1002.975221807962,-0.6634591925771836,12
4,damped_ridge_change,8,2021-06-01,2021-07-01,2022-06-01,708.6152300668216,986.6369786390527,1291.5330888474991,-1.7374359530641175,12
4,damped_ridge_change,9,2022-06-01,2022-07-01,2023-06-01,729.3745558847462,684.3276501470776,784.9053475443093,0.4274180754758413,12
4,damped_ridge_change,10,2023-06-01,2023-07-01,2024-06-01,723.9341529017281,858.0187388515739,967.7179901075327,-0.092343405542616,12
4,ensemble_change,1,2014-06-01,2014-07-01,2015-06-01,483.48396106276124,628.9333503094366,907.485009654284,0.6532732983109477,12
4,ensemble_change,2,2015-06-01,2015-07-01,2016-06-01,502.5773079001031,492.54930859491014,578.353383636055,0.7706995402940071,12
4,ensemble_change,3,2016-06-01,2016-07-01,2017-06-01,498.2734223268039,864.8284247932115,1024.096453258003,0.4565488299655376,12
4,ensemble_change,4,2017-06-01,2017-07-01,2018-06-01,530.1547210167181,763.5004950533652,910.4803673054942,-0.015616458803599631,12
4,ensemble_change,5,2018-06-01,2018-07-01,2019-06-01,541.3134433067702,1253.2418229807834,1496.8807102828796,-0.2322091523176515,12
4,ensemble_change,6,2019-06-01,2019-07-01,2020-06-01,590.0597708352827,1184.8520401454782,1411.96036478981,0.4587738403861623,12
4,ensemble_change,7,2020-06-01,2020-07-01,2021-06-01,633.5421920471022,737.8835285742625,938.1965598428726,-0.45552414986272005,12
4,ensemble_change,8,2021-06-01,2021-07-01,2022-06-01,631.8147638119706,886.5534795602862,1228.176443674743,-1.4754514852712828,12
4,ensemble_change,9,2022-06-01,2022-07-01,2023-06-01,637.4411344803782,662.7620785835416,773.8294971178825,0.44346354330803006,12
4,ensemble_change,10,2023-06-01,2023-07-01,2024-06-01,632.9214439610238,776.0805095267148,901.8270527305755,0.051345481415527305,12
5,persistence,1,2014-06-01,2014-07-01,2015-06-01,1786.923076923077,2244.75,2526.3681606870628,0.06095876544774792,12
5,persistence,2,2015-06-01,2015-07-01,2016-06-01,1847.9666666666667,2400.0,3122.456805145589,-0.12525260890636747,12
5,persistence,3,2016-06-01,2016-07-01,2017-06-01,1912.9117647058824,2233.5,2663.971283629011,-0.5317401092291079,12
5,persistence,4,2017-06-01,2017-07-01,2018-06-01,1946.657894736842,2146.25,2514.337172430672,-0.6811423583349465,12
5,persistence,5,2018-06-01,2018-07-01,2019-06-01,1965.6666666666667,1750.25,2129.1671102413106,0.008266342943569982,12
5,persistence,6,2019-06-01,2019-07-01,2020-06-01,1946.9347826086957,1716.6666666666667,2360.104799932975,0.6370190780418016,12
5,persistence,7,2020-06-01,2020-07-01,2021-06-01,1928.5133333333333,1952.4166666666667,2469.220946641538,0.2678148324292612,12
5,persistence,8,2021-06-01,2021-07-01,2022-06-01,1930.283950617284,1762.5833333333333,2087.954361729841,-0.6204707588913227,12
5,persistence,9,2022-06-01,2022-07-01,2023-06-01,1918.7183908045977,1236.0833333333333,1657.9722303665603,-0.6587331222684649,12
5,persistence,10,2023-06-01,2023-07-01,2024-06-01,1874.6774193548388,2377.1666666666665,2860.028612910484,-0.9246415192777946,12
5,seasonal_naive,1,2014-06-01,2014-07-01,2015-06-01,2943.1794871794873,1706.9166666666667,1989.3044638767592,0.41777091221195606,12
5,seasonal_naive,2,2015-06-01,2015-07-01,2016-06-01,2778.3444444444444,3078.5833333333335,3470.4613406097274,-0.3900536802880106,12
5,seasonal_naive,3,2016-06-01,2016-07-01,2017-06-01,2813.6666666666665,2568.1666666666665,3144.0932185077886,-1.133618824203571,12
5,seasonal_naive,4,2017-06-01,2017-07-01,2018-06-01,2787.8245614035086,2371.0,2852.5113204566487,-1.1637755639136729,12
5,seasonal_naive,5,2018-06-01,2018-07-01,2019-06-01,2748.126984126984,2348.0,3236.923642390513,-1.292136431837029,12
5,seasonal_naive,6,2019-06-01,2019-07-01,2020-06-01,2713.3333333333335,3946.1666666666665,4624.556122843936,-0.39367442918806783,12
5,seasonal_naive,7,2020-06-01,2020-07-01,2021-06-01,2811.96,6181.583333333333,6894.756443607465,-4.708721817606631,12
5,seasonal_naive,8,2021-06-01,2021-07-01,2022-06-01,3061.561728395062,3148.75,4115.615456202551,-5.296058786884363,12
5,seasonal_naive,9,2022-06-01,2022-07-01,2023-06-01,3067.574712643678,2369.3333333333335,2930.9384447078833,-4.1836468638631095,12
5,seasonal_naive,10,2023-06-01,2023-07-01,2024-06-01,3022.52688172043,3466.5833333333335,4041.614188662743,-2.843428457345057,12
5,seasonal_change,1,2014-06-01,2014-07-01,2015-06-01,1832.9104700854705,1696.3333333333333,1993.179147325531,0.4155006207846069,12
5,seasonal_change,2,2015-06-01,2015-07-01,2016-06-01,1814.700185185185,1976.9000000000003,2774.7653113972247,0.11139313688683605,12
5,seasonal_change,3,2016-06-01,2016-07-01,2017-06-01,1833.7825163398697,1623.0833333333328,1874.4160006074778,0.241670462553483,12
5,seasonal_change,4,2017-06-01,2017-07-01,2018-06-01,1811.6036549707603,1497.166666666666,1668.5881716788795,0.2596181225290599,12
5,seasonal_change,5,2018-06-01,2018-07-01,2019-06-01,1781.6572751322758,2092.6000000000004,2530.6893329683908,-0.4010486745870936,12
5,seasonal_change,6,2019-06-01,2019-07-01,2020-06-01,1808.6957729468602,1742.9499999999996,2070.8957297105353,0.7205283955366875,12
5,seasonal_change,7,2020-06-01,2020-07-01,2021-06-01,1803.4361111111111,2367.149999999999,2784.4757154624267,0.06891808526748111,12
5,seasonal_change,8,2021-06-01,2021-07-01,2022-06-01,1845.192695473251,2006.2666666666676,2407.2589903595067,-1.1539956901191273,12
5,seasonal_change,9,2022-06-01,2022-07-01,2023-06-01,1856.301245210728,1200.1499999999996,2004.7623824284003,-1.4252014635879133,12
5,seasonal_change,10,2023-06-01,2023-07-01,2024-06-01,1813.9689068100358,2562.7999999999993,3219.0218762847812,-1.4381305183082285,12
5,forecast_flow_identity,1,2014-06-01,2014-07-01,2015-06-01,1957.3367078502442,1803.2810039483938,2085.8688100244854,0.3598741512251106,12
5,forecast_flow_identity,2,2015-06-01,2015-07-01,2016-06-01,1936.7959473299977,1955.3852588413895,2817.063088954154,0.0840952811362331,12
5,forecast_flow_identity,3,2016-06-01,2016-07-01,2017-06-01,1938.9829251548674,1633.9662051143732,1917.446117725255,0.2064535668092271,12
5,forecast_flow_identity,4,2017-06-01,2017-07-01,2018-06-01,1906.87590199271,1516.208272606685,1724.59802365145,0.20907878149789016,12
5,forecast_flow_identity,5,2018-06-01,2018-07-01,2019-06-01,1869.6694610988031,2271.7507485334204,2666.4308055569013,-0.5553788561645772,12
5,forecast_flow_identity,6,2019-06-01,2019-07-01,2020-06-01,1904.6330513105086,1823.8669343141373,2113.037397422074,0.7090384577827383,12
5,forecast_flow_identity,7,2020-06-01,2020-07-01,2021-06-01,1898.1717619507992,2391.05074093569,2858.82832557991,0.018529671162598405,12
5,forecast_flow_identity,8,2021-06-01,2021-07-01,2022-06-01,1934.6813159496796,2045.0503380795647,2427.7721571871393,-1.1908621285449605,12
5,forecast_flow_identity,9,2022-06-01,2022-07-01,2023-06-01,1942.2929726482928,1263.903066011401,2072.3500733167702,-1.591482342762577,12
5,forecast_flow_identity,10,2023-06-01,2023-07-01,2024-06-01,1898.5258818975253,2599.949635419424,3279.0979263571244,-1.5299845406129742,12
5,legacy_constrained_level,1,2014-06-01,2014-07-01,2015-06-01,1499.7049237342378,2037.0412493882566,2391.294347310114,0.15868727282444606,12
5,legacy_constrained_level,2,2015-06-01,2015-07-01,2016-06-01,1526.0191924926094,2242.9547902826166,3083.0190507869415,-0.09700742427689102,12
5,legacy_constrained_level,3,2016-06-01,2016-07-01,2017-06-01,1619.6851398501467,1630.9195262003566,2052.1481963609126,0.09104277277672057,12
5,legacy_constrained_level,4,2017-06-01,2017-07-01,2018-06-01,1611.4037856622726,1905.608927789639,2032.1268821299088,-0.09814351336050131,12
5,legacy_constrained_level,5,2018-06-01,2018-07-01,2019-06-01,1617.0869701783392,1609.743085482735,1995.4611842474299,0.1289118150839167,12
5,legacy_constrained_level,6,2019-06-01,2019-07-01,2020-06-01,1599.2082244308795,1706.8123653996936,2210.802516180566,0.6814914290840806,12
5,legacy_constrained_level,7,2020-06-01,2020-07-01,2021-06-01,1601.2852097728824,2936.9866749245634,3476.1334006124457,-0.4510884694194448,12
5,legacy_constrained_level,8,2021-06-01,2021-07-01,2022-06-01,1665.0329043006345,2144.69804908102,2486.344000710253,-1.297849743676469,12
5,legacy_constrained_level,9,2022-06-01,2022-07-01,2023-06-01,1667.6441182535152,1025.7283893596396,1370.1374479186684,-0.132792292227351,12
5,legacy_constrained_level,10,2023-06-01,2023-07-01,2024-06-01,1623.881107964031,2274.333316290739,2574.920548730806,-0.5600436873956545,12
5,constrained_level,1,2014-06-01,2014-07-01,2015-06-01,1448.8398538096649,1533.1561436330169,1877.3493512269677,0.48146081803681917,12
5,constrained_level,2,2015-06-01,2015-07-01,2016-06-01,1463.9068220564934,1819.3811500091786,2879.720393860361,0.0428989467904759,12
5,constrained_level,3,2016-06-01,2016-07-01,2017-06-01,1516.436641363379,1833.1376898964918,2186.099467081147,-0.03149195089892909,12
5,constrained_level,4,2017-06-01,2017-07-01,2018-06-01,1524.7135811692942,1671.2202972427647,1983.3082931938914,-0.046015004745477484,12
5,constrained_level,5,2018-06-01,2018-07-01,2019-06-01,1505.575037975659,1869.349076088065,2266.470951281876,-0.12376595030220172,12
5,constrained_level,6,2019-06-01,2019-07-01,2020-06-01,1492.8474900648862,1652.185612297723,2258.4635567812516,0.6676104226983417,12
5,constrained_level,7,2020-06-01,2020-07-01,2021-06-01,1492.9561503937962,2400.346758654609,3007.0629222632047,-0.08589054909376981,12
5,constrained_level,8,2021-06-01,2021-07-01,2022-06-01,1530.7818050259561,1964.8034552534798,2255.005855403505,-0.8901424816737789,12
5,constrained_level,9,2022-06-01,2022-07-01,2023-06-01,1556.8510528691274,1287.9134578505734,1687.7721335205013,-0.7188961411354664,12
5,constrained_level,10,2023-06-01,2023-07-01,2024-06-01,1529.2982779214622,2210.9610576117752,2522.204192533434,-0.49682001183835345,12
5,ridge_change,1,2014-06-01,2014-07-01,2015-06-01,1566.6393993995273,2166.658406536855,2438.9280254403084,0.12483618517656925,12
5,ridge_change,2,2015-06-01,2015-07-01,2016-06-01,1586.9395848774468,2192.5510390240597,2895.9674070831306,0.03206879873321189,12
5,ridge_change,3,2016-06-01,2016-07-01,2017-06-01,1650.1726495579996,1815.8102712795644,2214.499318980308,-0.05846647904628721,12
5,ridge_change,4,2017-06-01,2017-07-01,2018-06-01,1635.8903929207668,1787.7314410413164,2186.4563150236318,-0.2712737160348375,12
5,ridge_change,5,2018-06-01,2018-07-01,2019-06-01,1636.882910261956,1753.9043425217242,1980.9587949667546,0.1415273991028223,12
5,ridge_change,6,2019-06-01,2019-07-01,2020-06-01,1646.6463006916822,1907.2839919283003,2476.012864655723,0.6004905866370903,12
5,ridge_change,7,2020-06-01,2020-07-01,2021-06-01,1651.1172856284934,2032.323689677157,2483.13217341168,0.2595415460837138,12
5,ridge_change,8,2021-06-01,2021-07-01,2022-06-01,1680.4887254925195,1799.0023129104902,2157.578489308166,-0.7303438055883591,12
5,ridge_change,9,2022-06-01,2022-07-01,2023-06-01,1691.6764481993507,1266.4249643465762,1701.611524407868,-0.7472009169605067,12
5,ridge_change,10,2023-06-01,2023-07-01,2024-06-01,1660.731190249312,2251.8148530735575,2685.489095208167,-0.6968985585356504,12
5,seasonal_ridge_change,1,2014-06-01,2014-07-01,2015-06-01,1556.4200166376722,2190.8429917921117,2523.8395681113866,0.06283756083410363,12
5,seasonal_ridge_change,2,2015-06-01,2015-07-01,2016-06-01,1570.7656314112905,2143.4983636575603,2877.779792718538,0.044188464744918776,12
5,seasonal_ridge_change,3,2016-06-01,2016-07-01,2017-06-01,1625.5555018524747,1782.742257553872,2178.0343832668796,-0.02389511135073996,12
5,seasonal_ridge_change,4,2017-06-01,2017-07-01,2018-06-01,1609.3090829285197,1843.5712355302796,2209.7787090526454,-0.2985390918958526,12
5,seasonal_ridge_change,5,2018-06-01,2018-07-01,2019-06-01,1620.7575515795684,1697.0839149879266,1941.4891769402038,0.17539587626570152,12
5,seasonal_ridge_change,6,2019-06-01,2019-07-01,2020-06-01,1627.442620471009,1903.9905633810547,2434.7820968539727,0.6136851324997115,12
5,seasonal_ridge_change,7,2020-06-01,2020-07-01,2021-06-01,1630.1182768879341,1998.5936361086722,2438.1325372941697,0.28613573501690126,12
5,seasonal_ridge_change,8,2021-06-01,2021-07-01,2022-06-01,1659.453900232789,1854.321584607591,2147.9927847625077,-0.715002793325368,12
5,seasonal_ridge_change,9,2022-06-01,2022-07-01,2023-06-01,1670.4902867247185,1206.4362235763103,1710.021243794667,-0.7645136564540791,12
5,seasonal_ridge_change,10,2023-06-01,2023-07-01,2024-06-01,1640.7206146244464,2267.720457888087,2695.1194216001018,-0.7090907421800121,12
5,polynomial_ridge_change,1,2014-06-01,2014-07-01,2015-06-01,1667.2804354210791,2861.013842853161,3175.9350817155414,-0.48400244860360564,12
5,polynomial_ridge_change,2,2015-06-01,2015-07-01,2016-06-01,1706.1171199902608,2322.529542653148,3059.326499489168,-0.0802115264291745,12
5,polynomial_ridge_change,3,2016-06-01,2016-07-01,2017-06-01,1775.322464772717,2098.8346073391076,2524.4729975383475,-0.3755217631151595,12
5,polynomial_ridge_change,4,2017-06-01,2017-07-01,2018-06-01,1778.0882897742426,1937.5109653858974,2318.115700866094,-0.42898501836093916,12
5,polynomial_ridge_change,5,2018-06-01,2018-07-01,2019-06-01,1786.7959647025123,1632.3233463290605,1986.3584976097316,0.1368409669484847,12
5,polynomial_ridge_change,6,2019-06-01,2019-07-01,2020-06-01,1773.2650877105602,1619.8365150568904,2411.67225235949,0.620983779719458,12
5,polynomial_ridge_change,7,2020-06-01,2020-07-01,2021-06-01,1763.2428410586226,2047.4633536217273,2543.882688586962,0.22286730325479598,12
5,polynomial_ridge_change,8,2021-06-01,2021-07-01,2022-06-01,1772.2987840570079,1697.7861619937896,2048.7207614900053,-0.56014416953887,12
5,polynomial_ridge_change,9,2022-06-01,2022-07-01,2023-06-01,1751.6335421793308,1251.5458712377774,1649.6331103859638,-0.6420891907821942,12
5,polynomial_ridge_change,10,2023-06-01,2023-07-01,2024-06-01,1710.5172703168594,2287.5167130212826,2797.684496494072,-0.8416477498196373,12
5,spline_ridge_change,1,2014-06-01,2014-07-01,2015-06-01,1307.320734146057,1495.4387205386,1904.3638675243062,0.46643018846567175,12
5,spline_ridge_change,2,2015-06-01,2015-07-01,2016-06-01,1299.1662030541586,2369.351303298416,2893.214016462831,0.03390847810452258,12
5,spline_ridge_change,3,2016-06-01,2016-07-01,2017-06-01,1393.0796901225067,1856.5724651857279,2097.6953598043715,0.050246633410788055,12
5,spline_ridge_change,4,2017-06-01,2017-07-01,2018-06-01,1381.810020487195,1674.0143491660867,1993.398800888151,-0.056685733502249036,12
5,spline_ridge_change,5,2018-06-01,2018-07-01,2019-06-01,1376.0389106406715,1402.2024742351302,1765.6588285396415,0.31799252419942214,12
5,spline_ridge_change,6,2019-06-01,2019-07-01,2020-06-01,1390.5831280990114,1814.060209191858,2395.5834401321667,0.6260239177293815,12
5,spline_ridge_change,7,2020-06-01,2020-07-01,2021-06-01,1376.4854195654334,1818.2144077212458,2337.928976158908,0.3436074411133442,12
5,spline_ridge_change,8,2021-06-01,2021-07-01,2022-06-01,1386.470682043935,1593.174102196359,2024.4591765766822,-0.5234115450128425,12
5,spline_ridge_change,9,2022-06-01,2022-07-01,2023-06-01,1369.9332026518423,1762.0753673977288,2280.744635859267,-2.1388845089839017,12
5,spline_ridge_change,10,2023-06-01,2023-07-01,2024-06-01,1373.6699319657332,1904.187483768025,2386.8685727689117,-0.340497804089652,12
5,random_forest_change,1,2014-06-01,2014-07-01,2015-06-01,1455.59275674614,1753.5071964857555,2101.695909445361,0.3501230369275292,12
5,random_forest_change,2,2015-06-01,2015-07-01,2016-06-01,1429.6003917971088,2100.42820287609,2764.568330213393,0.11791221660880868,12
5,random_forest_change,3,2016-06-01,2016-07-01,2017-06-01,1469.200986310981,1752.6731347092107,2090.0473181188986,0.057159469206283675,12
5,random_forest_change,4,2017-06-01,2017-07-01,2018-06-01,1439.804988766093,1873.9766834410457,2105.631675216436,-0.17902297718904836,12
5,random_forest_change,5,2018-06-01,2018-07-01,2019-06-01,1460.9502102762947,1895.5663545820662,2182.4141802713866,-0.041957258110646434,12
5,random_forest_change,6,2019-06-01,2019-07-01,2020-06-01,1461.7006855381485,1675.6147650209805,2204.2504307731083,0.6833765390489479,12
5,random_forest_change,7,2020-06-01,2020-07-01,2021-06-01,1438.5380182817516,2068.1433000780435,2483.1819731193073,0.2595118457039485,12
5,random_forest_change,8,2021-06-01,2021-07-01,2022-06-01,1434.9531574247235,1965.1666923806108,2306.851584540162,-0.9780556417374133,12
5,random_forest_change,9,2022-06-01,2022-07-01,2023-06-01,1427.5229612401336,1223.8689452359697,1579.4993794585325,-0.5054312665833702,12
5,random_forest_change,10,2023-06-01,2023-07-01,2024-06-01,1395.4345648883161,2328.59011597332,2829.2056481532777,-0.8833807500034296,12
5,xgboost_change,1,2014-06-01,2014-07-01,2015-06-01,1357.7367788461538,1674.9684244791667,1993.9924583601723,0.4150235168733245,12
5,xgboost_change,2,2015-06-01,2015-07-01,2016-06-01,1344.6376302083333,1974.2994791666667,2697.594269898367,0.16013320571548983,12
5,xgboost_change,3,2016-06-01,2016-07-01,2017-06-01,1381.6034007352941,1607.8525390625,1965.1716357293872,0.16645897271300658,12
5,xgboost_change,4,2017-06-01,2017-07-01,2018-06-01,1370.3801740679824,1824.9069010416667,2055.2476147788366,-0.12327414945177351,12
5,xgboost_change,5,2018-06-01,2018-07-01,2019-06-01,1385.5902467757937,1812.7037760416667,2144.7657414270825,-0.0063180964119928795,12
5,xgboost_change,6,2019-06-01,2019-07-01,2020-06-01,1401.7848448822465,1759.970703125,2204.3344508659097,0.6833524009208902,12
5,xgboost_change,7,2020-06-01,2020-07-01,2021-06-01,1407.6165885416667,1929.5908203125,2328.5670973151186,0.34885376311997995,12
5,xgboost_change,8,2021-06-01,2021-07-01,2022-06-01,1431.746479552469,1865.8037109375,2220.4789874373887,-0.832704857190742,12
5,xgboost_change,9,2022-06-01,2022-07-01,2023-06-01,1451.8813308189656,1187.0364583333333,1549.9043354776074,-0.4495453219715986,12
5,xgboost_change,10,2023-06-01,2023-07-01,2024-06-01,1435.580078125,2341.03515625,2843.116153228138,-0.9019465152425421,12
5,neural_network_change,1,2014-06-01,2014-07-01,2015-06-01,1384.7714956490393,2102.177517017932,2720.4660065855455,-0.08887491173238105,12
5,neural_network_change,2,2015-06-01,2015-07-01,2016-06-01,1381.6199807418259,1882.1720614648239,2624.829657823051,0.20483107604944661,12
5,neural_network_change,3,2016-06-01,2016-07-01,2017-06-01,1427.8928225476318,1502.7933132422204,1803.8005408937715,0.29773175302358845,12
5,neural_network_change,4,2017-06-01,2017-07-01,2018-06-01,1387.4809379259766,1844.2380827386812,2158.2577906377137,-0.23869416875984228,12
5,neural_network_change,5,2018-06-01,2018-07-01,2019-06-01,1415.8172842348704,1751.5469968297923,2140.176882345679,-0.0020165433273349187,12
5,neural_network_change,6,2019-06-01,2019-07-01,2020-06-01,1424.973024616182,1707.070278456665,2327.258284018013,0.6470522701630974,12
5,neural_network_change,7,2020-06-01,2020-07-01,2021-06-01,1412.0282087936575,2049.842457138024,2367.2280629153915,0.3270524394550377,12
5,neural_network_change,8,2021-06-01,2021-07-01,2022-06-01,1425.6673807722118,2199.257166428726,2555.561020788256,-1.427569688045243,12
5,neural_network_change,9,2022-06-01,2022-07-01,2023-06-01,1423.921339552045,1423.8451362074163,1946.007247461012,-1.285130038446452,12
5,neural_network_change,10,2023-06-01,2023-07-01,2024-06-01,1406.1352756124659,2197.618142927023,2618.61483865034,-0.6134382306024995,12
5,rolling_ridge_change,1,2014-06-01,2014-07-01,2015-06-01,1582.5176321720153,2215.435997711516,2472.8519031425863,0.10032096639652865,12
5,rolling_ridge_change,2,2015-06-01,2015-07-01,2016-06-01,1611.836176926435,2191.3493459591687,2940.3932039878828,0.002143775604676046,12
5,rolling_ridge_change,3,2016-06-01,2016-07-01,2017-06-01,1693.700568608501,1904.7361703028412,2298.19753125991,-0.13998914028933407,12
5,rolling_ridge_change,4,2017-06-01,2017-07-01,2018-06-01,1706.9209940717092,1911.1530314255185,2296.454092347569,-0.402403524750766,12
5,rolling_ridge_change,5,2018-06-01,2018-07-01,2019-06-01,1729.4783866249247,1713.2217582556787,1936.9680208585885,0.17923192448647418,12
5,rolling_ridge_change,6,2019-06-01,2019-07-01,2020-06-01,1729.710930759846,1881.7453814403423,2458.4260316646028,0.6061457693095106,12
5,rolling_ridge_change,7,2020-06-01,2020-07-01,2021-06-01,1745.7881029985176,1885.733188223514,2337.1625455994076,0.34403773378725244,12
5,rolling_ridge_change,8,2021-06-01,2021-07-01,2022-06-01,1791.516741676016,1765.410914577337,2029.9150175890532,-0.5316336824208931,12
5,rolling_ridge_change,9,2022-06-01,2022-07-01,2023-06-01,1802.187622010817,1164.4249452581055,1621.7228303119596,-0.5869939599101655,12
5,rolling_ridge_change,10,2023-06-01,2023-07-01,2024-06-01,1775.978806368327,2277.156917614322,2743.407562183277,-0.7708825447486731,12
5,damped_ridge_change,1,2014-06-01,2014-07-01,2015-06-01,1655.3631673955792,2217.796495896055,2445.92167500912,0.11980990773319522,12
5,damped_ridge_change,2,2015-06-01,2015-07-01,2016-06-01,1689.6772414045938,2271.7491818287804,2993.611044474683,-0.0343032633063447,12
5,damped_ridge_change,3,2016-06-01,2016-07-01,2017-06-01,1747.7220151612182,2008.1211287769354,2393.488651164664,-0.23648471408863814,12
5,damped_ridge_change,4,2017-06-01,2017-07-01,2018-06-01,1754.5616487305292,1948.6304775053225,2340.622338625802,-0.4568678175196834,12
5,damped_ridge_change,5,2018-06-01,2018-07-01,2019-06-01,1764.8099366151805,1713.4169574939642,1982.8327604899712,0.1399024193305033,12
5,damped_ridge_change,6,2019-06-01,2019-07-01,2020-06-01,1761.9189839503774,1741.32861502386,2336.5375735572857,0.6442320989088013,12
5,damped_ridge_change,7,2020-06-01,2020-07-01,2021-06-01,1752.3322708789685,1933.8204613547962,2364.714986683623,0.3284804985966516,12
5,damped_ridge_change,8,2021-06-01,2021-07-01,2022-06-01,1768.9068423433964,1808.4524589704627,2092.5156854955994,-0.6275586202053351,12
5,damped_ridge_change,9,2022-06-01,2022-07-01,2023-06-01,1772.185473704047,1166.6923488638665,1642.5091285819651,-0.6279370087866862,12
5,damped_ridge_change,10,2023-06-01,2023-07-01,2024-06-01,1732.7076379691894,2322.4435622773763,2765.593411444801,-0.7996404998534654,12
5,ensemble_change,1,2014-06-01,2014-07-01,2015-06-01,1435.604040521631,1867.6073869778418,2170.344442132415,0.30697530324553435,12
5,ensemble_change,2,2015-06-01,2015-07-01,2016-06-01,1433.273368629917,2068.9532049470695,2768.7371018510157,0.11524996009115962,12
5,ensemble_change,3,2016-06-01,2016-07-01,2017-06-01,1475.3929381221087,1698.927803316863,2065.0056889331695,0.0796171629702177,12
5,ensemble_change,4,2017-06-01,2017-07-01,2018-06-01,1448.9840992139168,1847.4851362493107,2110.991646092408,-0.18503311866140537,12
5,ensemble_change,5,2018-06-01,2018-07-01,2019-06-01,1464.4641662296444,1784.2676299252198,2066.291569907685,0.06597443728099905,12
5,ensemble_change,6,2019-06-01,2019-07-01,2020-06-01,1472.3146428635662,1747.3412305431812,2255.6764129238436,0.6684303127738209,12
5,ensemble_change,7,2020-06-01,2020-07-01,2021-06-01,1466.5529250361599,1985.1527889655765,2391.3556558290206,0.3132647106377643,12
5,ensemble_change,8,2021-06-01,2021-07-01,2022-06-01,1490.4962561070038,1874.6607355829965,2216.0942062066274,-0.8254739168864802,12
5,ensemble_change,9,2022-06-01,2022-07-01,2023-06-01,1500.8842646932671,1118.890321977525,1569.9858492274227,-0.4873510640591301,12
5,ensemble_change,10,2023-06-01,2023-07-01,2024-06-01,1473.1470067498858,2310.4980779508674,2784.788573533542,-0.8247087344895958,12
