month,origin_month,actual_kb,predicted_kb,padd,model,split,fold
2014-07-01,2014-06-01,9805.0,11838.0,1,persistence,cv,1
2014-08-01,2014-07-01,10256.0,9805.0,1,persistence,cv,1
2014-09-01,2014-08-01,10049.0,10256.0,1,persistence,cv,1
2014-10-01,2014-09-01,12030.0,10049.0,1,persistence,cv,1
2014-11-01,2014-10-01,12754.0,12030.0,1,persistence,cv,1
2014-12-01,2014-11-01,14890.0,12754.0,1,persistence,cv,1
2015-01-01,2014-12-01,14787.0,14890.0,1,persistence,cv,1
2015-02-01,2015-01-01,15115.0,14787.0,1,persistence,cv,1
2015-03-01,2015-02-01,15064.0,15115.0,1,persistence,cv,1
2015-04-01,2015-03-01,14823.0,15064.0,1,persistence,cv,1
2015-05-01,2015-04-01,16615.0,14823.0,1,persistence,cv,1
2015-06-01,2015-05-01,15455.0,16615.0,1,persistence,cv,1
2015-07-01,2015-06-01,14161.0,15455.0,1,persistence,cv,2
2015-08-01,2015-07-01,13910.0,14161.0,1,persistence,cv,2
2015-09-01,2015-08-01,14637.0,13910.0,1,persistence,cv,2
2015-10-01,2015-09-01,15795.0,14637.0,1,persistence,cv,2
2015-11-01,2015-10-01,14984.0,15795.0,1,persistence,cv,2
2015-12-01,2015-11-01,16151.0,14984.0,1,persistence,cv,2
2016-01-01,2015-12-01,18005.0,16151.0,1,persistence,cv,2
2016-02-01,2016-01-01,20742.0,18005.0,1,persistence,cv,2
2016-03-01,2016-02-01,19278.0,20742.0,1,persistence,cv,2
2016-04-01,2016-03-01,22080.0,19278.0,1,persistence,cv,2
2016-05-01,2016-04-01,19368.0,22080.0,1,persistence,cv,2
2016-06-01,2016-05-01,18229.0,19368.0,1,persistence,cv,2
2016-07-01,2016-06-01,19348.0,18229.0,1,persistence,cv,3
2016-08-01,2016-07-01,19605.0,19348.0,1,persistence,cv,3
2016-09-01,2016-08-01,16292.0,19605.0,1,persistence,cv,3
2016-10-01,2016-09-01,19574.0,16292.0,1,persistence,cv,3
2016-11-01,2016-10-01,15731.0,19574.0,1,persistence,cv,3
2016-12-01,2016-11-01,13812.0,15731.0,1,persistence,cv,3
2017-01-01,2016-12-01,17923.0,13812.0,1,persistence,cv,3
2017-02-01,2017-01-01,16550.0,17923.0,1,persistence,cv,3
2017-03-01,2017-02-01,18812.0,16550.0,1,persistence,cv,3
2017-04-01,2017-03-01,17348.0,18812.0,1,persistence,cv,3
2017-05-01,2017-04-01,16805.0,17348.0,1,persistence,cv,3
2017-06-01,2017-05-01,15773.0,16805.0,1,persistence,cv,3
2017-07-01,2017-06-01,16155.0,15773.0,1,persistence,cv,4
2017-08-01,2017-07-01,17334.0,16155.0,1,persistence,cv,4
2017-09-01,2017-08-01,11969.0,17334.0,1,persistence,cv,4
2017-10-01,2017-09-01,13740.0,11969.0,1,persistence,cv,4
2017-11-01,2017-10-01,13016.0,13740.0,1,persistence,cv,4
2017-12-01,2017-11-01,11479.0,13016.0,1,persistence,cv,4
2018-01-01,2017-12-01,13729.0,11479.0,1,persistence,cv,4
2018-02-01,2018-01-01,12392.0,13729.0,1,persistence,cv,4
2018-03-01,2018-02-01,12309.0,12392.0,1,persistence,cv,4
2018-04-01,2018-03-01,15788.0,12309.0,1,persistence,cv,4
2018-05-01,2018-04-01,14913.0,15788.0,1,persistence,cv,4
2018-06-01,2018-05-01,16070.0,14913.0,1,persistence,cv,4
2018-07-01,2018-06-01,11942.0,16070.0,1,persistence,cv,5
2018-08-01,2018-07-01,11359.0,11942.0,1,persistence,cv,5
2018-09-01,2018-08-01,12259.0,11359.0,1,persistence,cv,5
2018-10-01,2018-09-01,10961.0,12259.0,1,persistence,cv,5
2018-11-01,2018-10-01,12290.0,10961.0,1,persistence,cv,5
2018-12-01,2018-11-01,11655.0,12290.0,1,persistence,cv,5
2019-01-01,2018-12-01,13175.0,11655.0,1,persistence,cv,5
2019-02-01,2019-01-01,11704.0,13175.0,1,persistence,cv,5
2019-03-01,2019-02-01,13873.0,11704.0,1,persistence,cv,5
2019-04-01,2019-03-01,12654.0,13873.0,1,persistence,cv,5
2019-05-01,2019-04-01,15125.0,12654.0,1,persistence,cv,5
2019-06-01,2019-05-01,14786.0,15125.0,1,persistence,cv,5
2019-07-01,2019-06-01,10651.0,14786.0,1,persistence,cv,6
2019-08-01,2019-07-01,10412.0,10651.0,1,persistence,cv,6
2019-09-01,2019-08-01,9779.0,10412.0,1,persistence,cv,6
2019-10-01,2019-09-01,10744.0,9779.0,1,persistence,cv,6
2019-11-01,2019-10-01,10698.0,10744.0,1,persistence,cv,6
2019-12-01,2019-11-01,9646.0,10698.0,1,persistence,cv,6
2020-01-01,2019-12-01,9729.0,9646.0,1,persistence,cv,6
2020-02-01,2020-01-01,10374.0,9729.0,1,persistence,cv,6
2020-03-01,2020-02-01,11369.0,10374.0,1,persistence,cv,6
2020-04-01,2020-03-01,11968.0,11369.0,1,persistence,cv,6
2020-05-01,2020-04-01,12820.0,11968.0,1,persistence,cv,6
2020-06-01,2020-05-01,12539.0,12820.0,1,persistence,cv,6
2020-07-01,2020-06-01,11454.0,12539.0,1,persistence,cv,7
2020-08-01,2020-07-01,12065.0,11454.0,1,persistence,cv,7
2020-09-01,2020-08-01,11148.0,12065.0,1,persistence,cv,7
2020-10-01,2020-09-01,10510.0,11148.0,1,persistence,cv,7
2020-11-01,2020-10-01,9916.0,10510.0,1,persistence,cv,7
2020-12-01,2020-11-01,9876.0,9916.0,1,persistence,cv,7
2021-01-01,2020-12-01,9925.0,9876.0,1,persistence,cv,7
2021-02-01,2021-01-01,7396.0,9925.0,1,persistence,cv,7
2021-03-01,2021-02-01,8357.0,7396.0,1,persistence,cv,7
2021-04-01,2021-03-01,8739.0,8357.0,1,persistence,cv,7
2021-05-01,2021-04-01,8347.0,8739.0,1,persistence,cv,7
2021-06-01,2021-05-01,7753.0,8347.0,1,persistence,cv,7
2021-07-01,2021-06-01,8102.0,7753.0,1,persistence,cv,8
2021-08-01,2021-07-01,8501.0,8102.0,1,persistence,cv,8
2021-09-01,2021-08-01,7728.0,8501.0,1,persistence,cv,8
2021-10-01,2021-09-01,7439.0,7728.0,1,persistence,cv,8
2021-11-01,2021-10-01,7418.0,7439.0,1,persistence,cv,8
2021-12-01,2021-11-01,7395.0,7418.0,1,persistence,cv,8
2022-01-01,2021-12-01,7035.0,7395.0,1,persistence,cv,8
2022-02-01,2022-01-01,7823.0,7035.0,1,persistence,cv,8
2022-03-01,2022-02-01,6984.0,7823.0,1,persistence,cv,8
2022-04-01,2022-03-01,7739.0,6984.0,1,persistence,cv,8
2022-05-01,2022-04-01,7120.0,7739.0,1,persistence,cv,8
2022-06-01,2022-05-01,8711.0,7120.0,1,persistence,cv,8
2022-07-01,2022-06-01,7451.0,8711.0,1,persistence,cv,9
2022-08-01,2022-07-01,7044.0,7451.0,1,persistence,cv,9
2022-09-01,2022-08-01,7597.0,7044.0,1,persistence,cv,9
2022-10-01,2022-09-01,8411.0,7597.0,1,persistence,cv,9
2022-11-01,2022-10-01,7340.0,8411.0,1,persistence,cv,9
2022-12-01,2022-11-01,7612.0,7340.0,1,persistence,cv,9
2023-01-01,2022-12-01,7164.0,7612.0,1,persistence,cv,9
2023-02-01,2023-01-01,7617.0,7164.0,1,persistence,cv,9
2023-03-01,2023-02-01,7033.0,7617.0,1,persistence,cv,9
2023-04-01,2023-03-01,8147.0,7033.0,1,persistence,cv,9
2023-05-01,2023-04-01,7900.0,8147.0,1,persistence,cv,9
2023-06-01,2023-05-01,7493.0,7900.0,1,persistence,cv,9
2023-07-01,2023-06-01,7796.0,7493.0,1,persistence,cv,10
2023-08-01,2023-07-01,6905.0,7796.0,1,persistence,cv,10
2023-09-01,2023-08-01,7540.0,6905.0,1,persistence,cv,10
2023-10-01,2023-09-01,8621.0,7540.0,1,persistence,cv,10
2023-11-01,2023-10-01,8518.0,8621.0,1,persistence,cv,10
2023-12-01,2023-11-01,7201.0,8518.0,1,persistence,cv,10
2024-01-01,2023-12-01,8093.0,7201.0,1,persistence,cv,10
2024-02-01,2024-01-01,8615.0,8093.0,1,persistence,cv,10
2024-03-01,2024-02-01,8824.0,8615.0,1,persistence,cv,10
2024-04-01,2024-03-01,8943.0,8824.0,1,persistence,cv,10
2024-05-01,2024-04-01,7981.0,8943.0,1,persistence,cv,10
2024-06-01,2024-05-01,7754.0,7981.0,1,persistence,cv,10
2014-07-01,2014-06-01,9805.0,10447.0,1,seasonal_naive,cv,1
2014-08-01,2014-07-01,10256.0,11437.0,1,seasonal_naive,cv,1
2014-09-01,2014-08-01,10049.0,10172.0,1,seasonal_naive,cv,1
2014-10-01,2014-09-01,12030.0,11143.0,1,seasonal_naive,cv,1
2014-11-01,2014-10-01,12754.0,10738.0,1,seasonal_naive,cv,1
2014-12-01,2014-11-01,14890.0,10145.0,1,seasonal_naive,cv,1
2015-01-01,2014-12-01,14787.0,10084.0,1,seasonal_naive,cv,1
2015-02-01,2015-01-01,15115.0,10542.0,1,seasonal_naive,cv,1
2015-03-01,2015-02-01,15064.0,10893.0,1,seasonal_naive,cv,1
2015-04-01,2015-03-01,14823.0,12302.0,1,seasonal_naive,cv,1
2015-05-01,2015-04-01,16615.0,13846.0,1,seasonal_naive,cv,1
2015-06-01,2015-05-01,15455.0,11838.0,1,seasonal_naive,cv,1
2015-07-01,2015-06-01,14161.0,9805.0,1,seasonal_naive,cv,2
2015-08-01,2015-07-01,13910.0,10256.0,1,seasonal_naive,cv,2
2015-09-01,2015-08-01,14637.0,10049.0,1,seasonal_naive,cv,2
2015-10-01,2015-09-01,15795.0,12030.0,1,seasonal_naive,cv,2
2015-11-01,2015-10-01,14984.0,12754.0,1,seasonal_naive,cv,2
2015-12-01,2015-11-01,16151.0,14890.0,1,seasonal_naive,cv,2
2016-01-01,2015-12-01,18005.0,14787.0,1,seasonal_naive,cv,2
2016-02-01,2016-01-01,20742.0,15115.0,1,seasonal_naive,cv,2
2016-03-01,2016-02-01,19278.0,15064.0,1,seasonal_naive,cv,2
2016-04-01,2016-03-01,22080.0,14823.0,1,seasonal_naive,cv,2
2016-05-01,2016-04-01,19368.0,16615.0,1,seasonal_naive,cv,2
2016-06-01,2016-05-01,18229.0,15455.0,1,seasonal_naive,cv,2
2016-07-01,2016-06-01,19348.0,14161.0,1,seasonal_naive,cv,3
2016-08-01,2016-07-01,19605.0,13910.0,1,seasonal_naive,cv,3
2016-09-01,2016-08-01,16292.0,14637.0,1,seasonal_naive,cv,3
2016-10-01,2016-09-01,19574.0,15795.0,1,seasonal_naive,cv,3
2016-11-01,2016-10-01,15731.0,14984.0,1,seasonal_naive,cv,3
2016-12-01,2016-11-01,13812.0,16151.0,1,seasonal_naive,cv,3
2017-01-01,2016-12-01,17923.0,18005.0,1,seasonal_naive,cv,3
2017-02-01,2017-01-01,16550.0,20742.0,1,seasonal_naive,cv,3
2017-03-01,2017-02-01,18812.0,19278.0,1,seasonal_naive,cv,3
2017-04-01,2017-03-01,17348.0,22080.0,1,seasonal_naive,cv,3
2017-05-01,2017-04-01,16805.0,19368.0,1,seasonal_naive,cv,3
2017-06-01,2017-05-01,15773.0,18229.0,1,seasonal_naive,cv,3
2017-07-01,2017-06-01,16155.0,19348.0,1,seasonal_naive,cv,4
2017-08-01,2017-07-01,17334.0,19605.0,1,seasonal_naive,cv,4
2017-09-01,2017-08-01,11969.0,16292.0,1,seasonal_naive,cv,4
2017-10-01,2017-09-01,13740.0,19574.0,1,seasonal_naive,cv,4
2017-11-01,2017-10-01,13016.0,15731.0,1,seasonal_naive,cv,4
2017-12-01,2017-11-01,11479.0,13812.0,1,seasonal_naive,cv,4
2018-01-01,2017-12-01,13729.0,17923.0,1,seasonal_naive,cv,4
2018-02-01,2018-01-01,12392.0,16550.0,1,seasonal_naive,cv,4
2018-03-01,2018-02-01,12309.0,18812.0,1,seasonal_naive,cv,4
2018-04-01,2018-03-01,15788.0,17348.0,1,seasonal_naive,cv,4
2018-05-01,2018-04-01,14913.0,16805.0,1,seasonal_naive,cv,4
2018-06-01,2018-05-01,16070.0,15773.0,1,seasonal_naive,cv,4
2018-07-01,2018-06-01,11942.0,16155.0,1,seasonal_naive,cv,5
2018-08-01,2018-07-01,11359.0,17334.0,1,seasonal_naive,cv,5
2018-09-01,2018-08-01,12259.0,11969.0,1,seasonal_naive,cv,5
2018-10-01,2018-09-01,10961.0,13740.0,1,seasonal_naive,cv,5
2018-11-01,2018-10-01,12290.0,13016.0,1,seasonal_naive,cv,5
2018-12-01,2018-11-01,11655.0,11479.0,1,seasonal_naive,cv,5
2019-01-01,2018-12-01,13175.0,13729.0,1,seasonal_naive,cv,5
2019-02-01,2019-01-01,11704.0,12392.0,1,seasonal_naive,cv,5
2019-03-01,2019-02-01,13873.0,12309.0,1,seasonal_naive,cv,5
2019-04-01,2019-03-01,12654.0,15788.0,1,seasonal_naive,cv,5
2019-05-01,2019-04-01,15125.0,14913.0,1,seasonal_naive,cv,5
2019-06-01,2019-05-01,14786.0,16070.0,1,seasonal_naive,cv,5
2019-07-01,2019-06-01,10651.0,11942.0,1,seasonal_naive,cv,6
2019-08-01,2019-07-01,10412.0,11359.0,1,seasonal_naive,cv,6
2019-09-01,2019-08-01,9779.0,12259.0,1,seasonal_naive,cv,6
2019-10-01,2019-09-01,10744.0,10961.0,1,seasonal_naive,cv,6
2019-11-01,2019-10-01,10698.0,12290.0,1,seasonal_naive,cv,6
2019-12-01,2019-11-01,9646.0,11655.0,1,seasonal_naive,cv,6
2020-01-01,2019-12-01,9729.0,13175.0,1,seasonal_naive,cv,6
2020-02-01,2020-01-01,10374.0,11704.0,1,seasonal_naive,cv,6
2020-03-01,2020-02-01,11369.0,13873.0,1,seasonal_naive,cv,6
2020-04-01,2020-03-01,11968.0,12654.0,1,seasonal_naive,cv,6
2020-05-01,2020-04-01,12820.0,15125.0,1,seasonal_naive,cv,6
2020-06-01,2020-05-01,12539.0,14786.0,1,seasonal_naive,cv,6
2020-07-01,2020-06-01,11454.0,10651.0,1,seasonal_naive,cv,7
2020-08-01,2020-07-01,12065.0,10412.0,1,seasonal_naive,cv,7
2020-09-01,2020-08-01,11148.0,9779.0,1,seasonal_naive,cv,7
2020-10-01,2020-09-01,10510.0,10744.0,1,seasonal_naive,cv,7
2020-11-01,2020-10-01,9916.0,10698.0,1,seasonal_naive,cv,7
2020-12-01,2020-11-01,9876.0,9646.0,1,seasonal_naive,cv,7
2021-01-01,2020-12-01,9925.0,9729.0,1,seasonal_naive,cv,7
2021-02-01,2021-01-01,7396.0,10374.0,1,seasonal_naive,cv,7
2021-03-01,2021-02-01,8357.0,11369.0,1,seasonal_naive,cv,7
2021-04-01,2021-03-01,8739.0,11968.0,1,seasonal_naive,cv,7
2021-05-01,2021-04-01,8347.0,12820.0,1,seasonal_naive,cv,7
2021-06-01,2021-05-01,7753.0,12539.0,1,seasonal_naive,cv,7
2021-07-01,2021-06-01,8102.0,11454.0,1,seasonal_naive,cv,8
2021-08-01,2021-07-01,8501.0,12065.0,1,seasonal_naive,cv,8
2021-09-01,2021-08-01,7728.0,11148.0,1,seasonal_naive,cv,8
2021-10-01,2021-09-01,7439.0,10510.0,1,seasonal_naive,cv,8
2021-11-01,2021-10-01,7418.0,9916.0,1,seasonal_naive,cv,8
2021-12-01,2021-11-01,7395.0,9876.0,1,seasonal_naive,cv,8
2022-01-01,2021-12-01,7035.0,9925.0,1,seasonal_naive,cv,8
2022-02-01,2022-01-01,7823.0,7396.0,1,seasonal_naive,cv,8
2022-03-01,2022-02-01,6984.0,8357.0,1,seasonal_naive,cv,8
2022-04-01,2022-03-01,7739.0,8739.0,1,seasonal_naive,cv,8
2022-05-01,2022-04-01,7120.0,8347.0,1,seasonal_naive,cv,8
2022-06-01,2022-05-01,8711.0,7753.0,1,seasonal_naive,cv,8
2022-07-01,2022-06-01,7451.0,8102.0,1,seasonal_naive,cv,9
2022-08-01,2022-07-01,7044.0,8501.0,1,seasonal_naive,cv,9
2022-09-01,2022-08-01,7597.0,7728.0,1,seasonal_naive,cv,9
2022-10-01,2022-09-01,8411.0,7439.0,1,seasonal_naive,cv,9
2022-11-01,2022-10-01,7340.0,7418.0,1,seasonal_naive,cv,9
2022-12-01,2022-11-01,7612.0,7395.0,1,seasonal_naive,cv,9
2023-01-01,2022-12-01,7164.0,7035.0,1,seasonal_naive,cv,9
2023-02-01,2023-01-01,7617.0,7823.0,1,seasonal_naive,cv,9
2023-03-01,2023-02-01,7033.0,6984.0,1,seasonal_naive,cv,9
2023-04-01,2023-03-01,8147.0,7739.0,1,seasonal_naive,cv,9
2023-05-01,2023-04-01,7900.0,7120.0,1,seasonal_naive,cv,9
2023-06-01,2023-05-01,7493.0,8711.0,1,seasonal_naive,cv,9
2023-07-01,2023-06-01,7796.0,7451.0,1,seasonal_naive,cv,10
2023-08-01,2023-07-01,6905.0,7044.0,1,seasonal_naive,cv,10
2023-09-01,2023-08-01,7540.0,7597.0,1,seasonal_naive,cv,10
2023-10-01,2023-09-01,8621.0,8411.0,1,seasonal_naive,cv,10
2023-11-01,2023-10-01,8518.0,7340.0,1,seasonal_naive,cv,10
2023-12-01,2023-11-01,7201.0,7612.0,1,seasonal_naive,cv,10
2024-01-01,2023-12-01,8093.0,7164.0,1,seasonal_naive,cv,10
2024-02-01,2024-01-01,8615.0,7617.0,1,seasonal_naive,cv,10
2024-03-01,2024-02-01,8824.0,7033.0,1,seasonal_naive,cv,10
2024-04-01,2024-03-01,8943.0,8147.0,1,seasonal_naive,cv,10
2024-05-01,2024-04-01,7981.0,7900.0,1,seasonal_naive,cv,10
2024-06-01,2024-05-01,7754.0,7493.0,1,seasonal_naive,cv,10
2014-07-01,2014-06-01,9805.0,11440.0,1,seasonal_change,cv,1
2014-08-01,2014-07-01,10256.0,10231.8,1,seasonal_change,cv,1
2014-09-01,2014-08-01,10049.0,9998.0,1,seasonal_change,cv,1
2014-10-01,2014-09-01,12030.0,9599.6,1,seasonal_change,cv,1
2014-11-01,2014-10-01,12754.0,11777.0,1,seasonal_change,cv,1
2014-12-01,2014-11-01,14890.0,12177.4,1,seasonal_change,cv,1
2015-01-01,2014-12-01,14787.0,16027.2,1,seasonal_change,cv,1
2015-02-01,2015-01-01,15115.0,14816.4,1,seasonal_change,cv,1
2015-03-01,2015-02-01,15064.0,15886.2,1,seasonal_change,cv,1
2015-04-01,2015-03-01,14823.0,14759.0,1,seasonal_change,cv,1
2015-05-01,2015-04-01,16615.0,14980.2,1,seasonal_change,cv,1
2015-06-01,2015-05-01,15455.0,15839.0,1,seasonal_change,cv,1
2015-07-01,2015-06-01,14161.0,15283.6,1,seasonal_change,cv,2
2015-08-01,2015-07-01,13910.0,14198.2,1,seasonal_change,cv,2
2015-09-01,2015-08-01,14637.0,13468.0,1,seasonal_change,cv,2
2015-10-01,2015-09-01,15795.0,15081.4,1,seasonal_change,cv,2
2015-11-01,2015-10-01,14984.0,15905.8,1,seasonal_change,cv,2
2015-12-01,2015-11-01,16151.0,14443.0,1,seasonal_change,cv,2
2016-01-01,2015-12-01,18005.0,16983.4,1,seasonal_change,cv,2
2016-02-01,2016-01-01,20742.0,18614.6,1,seasonal_change,cv,2
2016-03-01,2016-02-01,19278.0,21108.6,1,seasonal_change,cv,2
2016-04-01,2016-03-01,22080.0,19461.0,1,seasonal_change,cv,2
2016-05-01,2016-04-01,19368.0,22416.4,1,seasonal_change,cv,2
2016-06-01,2016-05-01,18229.0,18320.2,1,seasonal_change,cv,2
2016-07-01,2016-06-01,19348.0,17845.4,1,seasonal_change,cv,3
2016-08-01,2016-07-01,19605.0,19760.6,1,seasonal_change,cv,3
2016-09-01,2016-08-01,16292.0,19104.4,1,seasonal_change,cv,3
2016-10-01,2016-09-01,19574.0,16891.0,1,seasonal_change,cv,3
2016-11-01,2016-10-01,15731.0,19801.4,1,seasonal_change,cv,3
2016-12-01,2016-11-01,13812.0,15520.6,1,seasonal_change,cv,3
2017-01-01,2016-12-01,17923.0,14679.4,1,seasonal_change,cv,3
2017-02-01,2017-01-01,16550.0,19110.2,1,seasonal_change,cv,3
2017-03-01,2017-02-01,18812.0,16461.0,1,seasonal_change,cv,3
2017-04-01,2017-03-01,17348.0,19292.6,1,seasonal_change,cv,3
2017-05-01,2017-04-01,16805.0,17178.0,1,seasonal_change,cv,3
2017-06-01,2017-05-01,15773.0,15683.6,1,seasonal_change,cv,3
2017-07-01,2017-06-01,16155.0,15527.8,1,seasonal_change,cv,4
2017-08-01,2017-07-01,17334.0,16574.6,1,seasonal_change,cv,4
2017-09-01,2017-08-01,11969.0,16446.8,1,seasonal_change,cv,4
2017-10-01,2017-09-01,13740.0,13353.2,1,seasonal_change,cv,4
2017-11-01,2017-10-01,13016.0,13136.4,1,seasonal_change,cv,4
2017-12-01,2017-11-01,11479.0,12597.0,1,seasonal_change,cv,4
2018-01-01,2017-12-01,13729.0,13042.6,1,seasonal_change,cv,4
2018-02-01,2018-01-01,12392.0,14464.6,1,seasonal_change,cv,4
2018-03-01,2018-02-01,12309.0,12571.4,1,seasonal_change,cv,4
2018-04-01,2018-03-01,15788.0,12758.0,1,seasonal_change,cv,4
2018-05-01,2018-04-01,14913.0,15611.2,1,seasonal_change,cv,4
2018-06-01,2018-05-01,16070.0,13779.0,1,seasonal_change,cv,4
2018-07-01,2018-06-01,11942.0,15802.8,1,seasonal_change,cv,5
2018-08-01,2018-07-01,11359.0,12467.2,1,seasonal_change,cv,5
2018-09-01,2018-08-01,12259.0,9474.4,1,seasonal_change,cv,5
2018-10-01,2018-09-01,10961.0,14091.6,1,seasonal_change,cv,5
2018-11-01,2018-10-01,12290.0,9949.2,1,seasonal_change,cv,5
2018-12-01,2018-11-01,11655.0,12140.8,1,seasonal_change,cv,5
2019-01-01,2018-12-01,13175.0,13265.2,1,seasonal_change,cv,5
2019-02-01,2019-01-01,11704.0,13337.6,1,seasonal_change,cv,5
2019-03-01,2019-02-01,13873.0,11907.0,1,seasonal_change,cv,5
2019-04-01,2019-03-01,12654.0,15070.0,1,seasonal_change,cv,5
2019-05-01,2019-04-01,15125.0,12495.2,1,seasonal_change,cv,5
2019-06-01,2019-05-01,14786.0,14288.6,1,seasonal_change,cv,5
2019-07-01,2019-06-01,10651.0,13595.2,1,seasonal_change,cv,6
2019-08-01,2019-07-01,10412.0,10861.6,1,seasonal_change,cv,6
2019-09-01,2019-08-01,9779.0,8960.4,1,seasonal_change,cv,6
2019-10-01,2019-09-01,10744.0,11157.8,1,seasonal_change,cv,6
2019-11-01,2019-10-01,10698.0,10079.0,1,seasonal_change,cv,6
2019-12-01,2019-11-01,9646.0,10540.4,1,seasonal_change,cv,6
2020-01-01,2019-12-01,9729.0,11572.4,1,seasonal_change,cv,6
2020-02-01,2020-01-01,10374.0,9505.8,1,seasonal_change,cv,6
2020-03-01,2020-02-01,11369.0,10940.6,1,seasonal_change,cv,6
2020-04-01,2020-03-01,11968.0,12040.4,1,seasonal_change,cv,6
2020-05-01,2020-04-01,12820.0,11994.6,1,seasonal_change,cv,6
2020-06-01,2020-05-01,12539.0,12317.4,1,seasonal_change,cv,6
2020-07-01,2020-06-01,11454.0,10927.8,1,seasonal_change,cv,7
2020-08-01,2020-07-01,12065.0,11526.6,1,seasonal_change,cv,7
2020-09-01,2020-08-01,11148.0,10528.2,1,seasonal_change,cv,7
2020-10-01,2020-09-01,10510.0,12323.6,1,seasonal_change,cv,7
2020-11-01,2020-10-01,9916.0,9691.0,1,seasonal_change,cv,7
2020-12-01,2020-11-01,9876.0,9120.8,1,seasonal_change,cv,7
2021-01-01,2020-12-01,9925.0,11839.6,1,seasonal_change,cv,7
2021-02-01,2021-01-01,7396.0,9765.2,1,seasonal_change,cv,7
2021-03-01,2021-02-01,8357.0,8171.8,1,seasonal_change,cv,7
2021-04-01,2021-03-01,8739.0,9196.4,1,seasonal_change,cv,7
2021-05-01,2021-04-01,8347.0,8577.6,1,seasonal_change,cv,7
2021-06-01,2021-05-01,7753.0,8020.2,1,seasonal_change,cv,7
2021-07-01,2021-06-01,8102.0,6183.6,1,seasonal_change,cv,8
2021-08-01,2021-07-01,8501.0,8347.0,1,seasonal_change,cv,8
2021-09-01,2021-08-01,7728.0,6635.4,1,seasonal_change,cv,8
2021-10-01,2021-09-01,7439.0,8544.4,1,seasonal_change,cv,8
2021-11-01,2021-10-01,7418.0,6663.4,1,seasonal_change,cv,8
2021-12-01,2021-11-01,7395.0,6381.4,1,seasonal_change,cv,8
2022-01-01,2021-12-01,7035.0,8997.6,1,seasonal_change,cv,8
2022-02-01,2022-01-01,7823.0,5822.0,1,seasonal_change,cv,8
2022-03-01,2022-02-01,6984.0,9083.8,1,seasonal_change,cv,8
2022-04-01,2022-03-01,7739.0,7339.4,1,seasonal_change,cv,8
2022-05-01,2022-04-01,7120.0,8041.6,1,seasonal_change,cv,8
2022-06-01,2022-05-01,8711.0,6902.2,1,seasonal_change,cv,8
2022-07-01,2022-06-01,7451.0,6987.6,1,seasonal_change,cv,9
2022-08-01,2022-07-01,7044.0,7724.4,1,seasonal_change,cv,9
2022-09-01,2022-08-01,7597.0,5686.4,1,seasonal_change,cv,9
2022-10-01,2022-09-01,8411.0,7699.2,1,seasonal_change,cv,9
2022-11-01,2022-10-01,7340.0,8399.8,1,seasonal_change,cv,9
2022-12-01,2022-11-01,7612.0,6682.6,1,seasonal_change,cv,9
2023-01-01,2022-12-01,7164.0,8320.4,1,seasonal_change,cv,9
2023-02-01,2023-01-01,7617.0,6383.2,1,seasonal_change,cv,9
2023-03-01,2023-02-01,7033.0,8257.6,1,seasonal_change,cv,9
2023-04-01,2023-03-01,8147.0,7832.2,1,seasonal_change,cv,9
2023-05-01,2023-04-01,7900.0,8434.4,1,seasonal_change,cv,9
2023-06-01,2023-05-01,7493.0,8206.8,1,seasonal_change,cv,9
2023-07-01,2023-06-01,7796.0,5441.2,1,seasonal_change,cv,10
2023-08-01,2023-07-01,6905.0,7752.2,1,seasonal_change,cv,10
2023-09-01,2023-08-01,7540.0,6731.0,1,seasonal_change,cv,10
2023-10-01,2023-09-01,8621.0,7450.8,1,seasonal_change,cv,10
2023-11-01,2023-10-01,8518.0,8540.4,1,seasonal_change,cv,10
2023-12-01,2023-11-01,7201.0,8222.4,1,seasonal_change,cv,10
2024-01-01,2023-12-01,8093.0,7369.8,1,seasonal_change,cv,10
2024-02-01,2024-01-01,8615.0,7670.2,1,seasonal_change,cv,10
2024-03-01,2024-02-01,8824.0,9155.4,1,seasonal_change,cv,10
2024-04-01,2024-03-01,8943.0,9150.2,1,seasonal_change,cv,10
2024-05-01,2024-04-01,7981.0,9356.0,1,seasonal_change,cv,10
2024-06-01,2024-05-01,7754.0,7975.0,1,seasonal_change,cv,10
2014-07-01,2014-06-01,9805.0,11694.499821428562,1,forecast_flow_identity,cv,1
2014-08-01,2014-07-01,10256.0,10196.724821428565,1,forecast_flow_identity,cv,1
2014-09-01,2014-08-01,10049.0,10108.17079493087,1,forecast_flow_identity,cv,1
2014-10-01,2014-09-01,12030.0,9791.363154761897,1,forecast_flow_identity,cv,1
2014-11-01,2014-10-01,12754.0,11931.983698156677,1,forecast_flow_identity,cv,1
2014-12-01,2014-11-01,14890.0,12323.638154761895,1,forecast_flow_identity,cv,1
2015-01-01,2014-12-01,14787.0,16498.8381547619,1,forecast_flow_identity,cv,1
2015-02-01,2015-01-01,15115.0,15198.70843344456,1,forecast_flow_identity,cv,1
2015-03-01,2015-02-01,15064.0,16118.423006978646,1,forecast_flow_identity,cv,1
2015-04-01,2015-03-01,14823.0,15031.175490624495,1,forecast_flow_identity,cv,1
2015-05-01,2015-04-01,16615.0,15080.788840311987,1,forecast_flow_identity,cv,1
2015-06-01,2015-05-01,15455.0,16068.652103527722,1,forecast_flow_identity,cv,1
2015-07-01,2015-06-01,14161.0,15577.062173645312,1,forecast_flow_identity,cv,2
2015-08-01,2015-07-01,13910.0,14430.687173645318,1,forecast_flow_identity,cv,2
2015-09-01,2015-08-01,14637.0,13521.739200301912,1,forecast_flow_identity,cv,2
2015-10-01,2015-09-01,15795.0,15310.466340311988,1,forecast_flow_identity,cv,2
2015-11-01,2015-10-01,14984.0,16157.73032933419,1,forecast_flow_identity,cv,2
2015-12-01,2015-11-01,16151.0,14539.86717364531,1,forecast_flow_identity,cv,2
2016-01-01,2015-12-01,18005.0,17169.292173645325,1,forecast_flow_identity,cv,2
2016-02-01,2016-01-01,20742.0,18910.39383064516,1,forecast_flow_identity,cv,2
2016-03-01,2016-02-01,19278.0,21458.9720997537,1,forecast_flow_identity,cv,2
2016-04-01,2016-03-01,22080.0,19744.510096535836,1,forecast_flow_identity,cv,2
2016-05-01,2016-04-01,19368.0,22932.140433087032,1,forecast_flow_identity,cv,2
2016-06-01,2016-05-01,18229.0,18633.853644922936,1,forecast_flow_identity,cv,2
2016-07-01,2016-06-01,19348.0,18186.60376642037,1,forecast_flow_identity,cv,3
2016-08-01,2016-07-01,19605.0,20237.70376642037,1,forecast_flow_identity,cv,3
2016-09-01,2016-08-01,16292.0,19544.332677180988,1,forecast_flow_identity,cv,3
2016-10-01,2016-09-01,19574.0,17131.968766420367,1,forecast_flow_identity,cv,3
2016-11-01,2016-10-01,15731.0,20074.435902987447,1,forecast_flow_identity,cv,3
2016-12-01,2016-11-01,13812.0,15599.422099753681,1,forecast_flow_identity,cv,3
2017-01-01,2016-12-01,17923.0,14622.64709975368,1,forecast_flow_identity,cv,3
2017-02-01,2017-01-01,16550.0,19163.96323136818,1,forecast_flow_identity,cv,3
2017-03-01,2017-02-01,18812.0,16382.726286945805,1,forecast_flow_identity,cv,3
2017-04-01,2017-03-01,17348.0,19404.04318091529,1,forecast_flow_identity,cv,3
2017-05-01,2017-04-01,16805.0,17053.992953612465,1,forecast_flow_identity,cv,3
2017-06-01,2017-05-01,15773.0,15521.012535754002,1,forecast_flow_identity,cv,3
2017-07-01,2017-06-01,16155.0,15376.42295361248,1,forecast_flow_identity,cv,4
2017-08-01,2017-07-01,17334.0,16509.87295361247,1,forecast_flow_identity,cv,4
2017-09-01,2017-08-01,11969.0,16437.283503495943,1,forecast_flow_identity,cv,4
2017-10-01,2017-09-01,13740.0,13151.231286945807,1,forecast_flow_identity,cv,4
2017-11-01,2017-10-01,13016.0,12825.173826076596,1,forecast_flow_identity,cv,4
2017-12-01,2017-11-01,11479.0,12418.457953612477,1,forecast_flow_identity,cv,4
2018-01-01,2017-12-01,13729.0,12622.907953612474,1,forecast_flow_identity,cv,4
2018-02-01,2018-01-01,12392.0,14127.760354097143,1,forecast_flow_identity,cv,4
2018-03-01,2018-02-01,12309.0,12173.709523809528,1,forecast_flow_identity,cv,4
2018-04-01,2018-03-01,15788.0,12333.031797235028,1,forecast_flow_identity,cv,4
2018-05-01,2018-04-01,14913.0,15273.158690476193,1,forecast_flow_identity,cv,4
2018-06-01,2018-05-01,16070.0,13361.08905529954,1,forecast_flow_identity,cv,4
2018-07-01,2018-06-01,11942.0,15551.35952380953,1,forecast_flow_identity,cv,5
2018-08-01,2018-07-01,11359.0,12079.934523809516,1,forecast_flow_identity,cv,5
2018-09-01,2018-08-01,12259.0,9079.473732718892,1,forecast_flow_identity,cv,5
2018-10-01,2018-09-01,10961.0,13875.199523809515,1,forecast_flow_identity,cv,5
2018-11-01,2018-10-01,12290.0,9525.73341013824,1,forecast_flow_identity,cv,5
2018-12-01,2018-11-01,11655.0,11871.541190476179,1,forecast_flow_identity,cv,5
2019-01-01,2018-12-01,13175.0,12938.216190476192,1,forecast_flow_identity,cv,5
2019-02-01,2019-01-01,11704.0,12905.81295513533,1,forecast_flow_identity,cv,5
2019-03-01,2019-02-01,13873.0,11386.973117816076,1,forecast_flow_identity,cv,5
2019-04-01,2019-03-01,12654.0,14672.819146273636,1,forecast_flow_identity,cv,5
2019-05-01,2019-04-01,15125.0,11976.002284482754,1,forecast_flow_identity,cv,5
2019-06-01,2019-05-01,14786.0,13802.384375496578,1,forecast_flow_identity,cv,5
2019-07-01,2019-06-01,10651.0,13270.17728448275,1,forecast_flow_identity,cv,6
2019-08-01,2019-07-01,10412.0,10000.406354679806,1,forecast_flow_identity,cv,6
2019-09-01,2019-08-01,9779.0,7853.852923883682,1,forecast_flow_identity,cv,6
2019-10-01,2019-09-01,10744.0,9965.193854679794,1,forecast_flow_identity,cv,6
2019-11-01,2019-10-01,10698.0,8452.816633561099,1,forecast_flow_identity,cv,6
2019-12-01,2019-11-01,9646.0,8429.819688013122,1,forecast_flow_identity,cv,6
2020-01-01,2019-12-01,9729.0,11226.519688013133,1,forecast_flow_identity,cv,6
2020-02-01,2020-01-01,10374.0,8867.581321044534,1,forecast_flow_identity,cv,6
2020-03-01,2020-02-01,11369.0,10655.512360426928,1,forecast_flow_identity,cv,6
2020-04-01,2020-03-01,11968.0,10832.9877681551,1,forecast_flow_identity,cv,6
2020-05-01,2020-04-01,12820.0,11591.116527093614,1,forecast_flow_identity,cv,6
2020-06-01,2020-05-01,12539.0,11031.624058477671,1,forecast_flow_identity,cv,6
2020-07-01,2020-06-01,11454.0,10703.644718801315,1,forecast_flow_identity,cv,7
2020-08-01,2020-07-01,12065.0,10237.362360426927,1,forecast_flow_identity,cv,7
2020-09-01,2020-08-01,11148.0,9574.3829294454,1,forecast_flow_identity,cv,7
2020-10-01,2020-09-01,10510.0,11063.937360426913,1,forecast_flow_identity,cv,7
2020-11-01,2020-10-01,9916.0,7319.499058477668,1,forecast_flow_identity,cv,7
2020-12-01,2020-11-01,9876.0,6622.43402709359,1,forecast_flow_identity,cv,7
2021-01-01,2020-12-01,9925.0,11677.259027093598,1,forecast_flow_identity,cv,7
2021-02-01,2021-01-01,7396.0,9219.6121579533,1,forecast_flow_identity,cv,7
2021-03-01,2021-02-01,8357.0,8314.606295156002,1,forecast_flow_identity,cv,7
2021-04-01,2021-03-01,8739.0,8663.192054663921,1,forecast_flow_identity,cv,7
2021-05-01,2021-04-01,8347.0,8689.925461822675,1,forecast_flow_identity,cv,7
2021-06-01,2021-05-01,7753.0,7902.287215954226,1,forecast_flow_identity,cv,7
2021-07-01,2021-06-01,8102.0,6016.176295156003,1,forecast_flow_identity,cv,8
2021-08-01,2021-07-01,8501.0,8477.351295155999,1,forecast_flow_identity,cv,8
2021-09-01,2021-08-01,7728.0,6769.868995312255,1,forecast_flow_identity,cv,8
2021-10-01,2021-09-01,7439.0,8627.428795155987,1,forecast_flow_identity,cv,8
2021-11-01,2021-10-01,7418.0,6869.435930796113,1,forecast_flow_identity,cv,8
2021-12-01,2021-11-01,7395.0,6395.5679618226495,1,forecast_flow_identity,cv,8
2022-01-01,2021-12-01,7035.0,8996.667961822655,1,forecast_flow_identity,cv,8
2022-02-01,2022-01-01,7823.0,5897.193754171299,1,forecast_flow_identity,cv,8
2022-03-01,2022-02-01,6984.0,9270.689821428581,1,forecast_flow_identity,cv,8
2022-04-01,2022-03-01,7739.0,7491.107891705078,1,forecast_flow_identity,cv,8
2022-05-01,2022-04-01,7120.0,8078.407321428587,1,forecast_flow_identity,cv,8
2022-06-01,2022-05-01,8711.0,6831.616762672824,1,forecast_flow_identity,cv,8
2022-07-01,2022-06-01,7451.0,6944.585654761902,1,forecast_flow_identity,cv,9
2022-08-01,2022-07-01,7044.0,7862.560654761901,1,forecast_flow_identity,cv,9
2022-09-01,2022-08-01,7597.0,5852.958698156668,1,forecast_flow_identity,cv,9
2022-10-01,2022-09-01,8411.0,7659.251488095222,1,forecast_flow_identity,cv,9
2022-11-01,2022-10-01,7340.0,8516.922407834098,1,forecast_flow_identity,cv,9
2022-12-01,2022-11-01,7612.0,6693.628154761904,1,forecast_flow_identity,cv,9
2023-01-01,2022-12-01,7164.0,8312.32815476191,1,forecast_flow_identity,cv,9
2023-02-01,2023-01-01,7617.0,6423.061025213201,1,forecast_flow_identity,cv,9
2023-03-01,2023-02-01,7033.0,8329.836621510674,1,forecast_flow_identity,cv,9
2023-04-01,2023-03-01,8147.0,7790.11447242969,1,forecast_flow_identity,cv,9
2023-05-01,2023-04-01,7900.0,8615.209121510678,1,forecast_flow_identity,cv,9
2023-06-01,2023-05-01,7493.0,8271.315278881295,1,forecast_flow_identity,cv,9
2023-07-01,2023-06-01,7796.0,5536.444121510674,1,forecast_flow_identity,cv,10
2023-08-01,2023-07-01,6905.0,7809.894121510675,1,forecast_flow_identity,cv,10
2023-09-01,2023-08-01,7540.0,6706.413665978067,1,forecast_flow_identity,cv,10
2023-10-01,2023-09-01,8621.0,7550.27912151067,1,forecast_flow_identity,cv,10
2023-11-01,2023-10-01,8518.0,8605.653988558715,1,forecast_flow_identity,cv,10
2023-12-01,2023-11-01,7201.0,8397.967454843994,1,forecast_flow_identity,cv,10
2024-01-01,2023-12-01,8093.0,7469.242454844007,1,forecast_flow_identity,cv,10
2024-02-01,2024-01-01,8615.0,7871.590752688167,1,forecast_flow_identity,cv,10
2024-03-01,2024-02-01,8824.0,9357.077707307053,1,forecast_flow_identity,cv,10
2024-04-01,2024-03-01,8943.0,9447.123587716509,1,forecast_flow_identity,cv,10
2024-05-01,2024-04-01,7981.0,9470.047428160913,1,forecast_flow_identity,cv,10
2024-06-01,2024-05-01,7754.0,8229.134878039094,1,forecast_flow_identity,cv,10
2014-07-01,2014-06-01,9805.0,11259.442889696553,1,legacy_constrained_level,cv,1
2014-08-01,2014-07-01,10256.0,10104.864469863194,1,legacy_constrained_level,cv,1
2014-09-01,2014-08-01,10049.0,10007.108461803535,1,legacy_constrained_level,cv,1
2014-10-01,2014-09-01,12030.0,10252.727925364416,1,legacy_constrained_level,cv,1
2014-11-01,2014-10-01,12754.0,11535.531197222545,1,legacy_constrained_level,cv,1
2014-12-01,2014-11-01,14890.0,11355.191948398255,1,legacy_constrained_level,cv,1
2015-01-01,2014-12-01,14787.0,13090.49919178946,1,legacy_constrained_level,cv,1
2015-02-01,2015-01-01,15115.0,12896.164484377801,1,legacy_constrained_level,cv,1
2015-03-01,2015-02-01,15064.0,12874.016517395488,1,legacy_constrained_level,cv,1
2015-04-01,2015-03-01,14823.0,13333.011801476287,1,legacy_constrained_level,cv,1
2015-05-01,2015-04-01,16615.0,12974.956343394142,1,legacy_constrained_level,cv,1
2015-06-01,2015-05-01,15455.0,13962.737896256489,1,legacy_constrained_level,cv,1
2015-07-01,2015-06-01,14161.0,14811.064226067594,1,legacy_constrained_level,cv,2
2015-08-01,2015-07-01,13910.0,13906.504944156339,1,legacy_constrained_level,cv,2
2015-09-01,2015-08-01,14637.0,13705.334752995468,1,legacy_constrained_level,cv,2
2015-10-01,2015-09-01,15795.0,14080.846186330571,1,legacy_constrained_level,cv,2
2015-11-01,2015-10-01,14984.0,15059.811300976484,1,legacy_constrained_level,cv,2
2015-12-01,2015-11-01,16151.0,14425.784156673946,1,legacy_constrained_level,cv,2
2016-01-01,2015-12-01,18005.0,15419.864691404644,1,legacy_constrained_level,cv,2
2016-02-01,2016-01-01,20742.0,16825.103006319154,1,legacy_constrained_level,cv,2
2016-03-01,2016-02-01,19278.0,18922.532495687043,1,legacy_constrained_level,cv,2
2016-04-01,2016-03-01,22080.0,17768.782591027186,1,legacy_constrained_level,cv,2
2016-05-01,2016-04-01,19368.0,19990.292548159538,1,legacy_constrained_level,cv,2
2016-06-01,2016-05-01,18229.0,17839.272752110963,1,legacy_constrained_level,cv,2
2016-07-01,2016-06-01,19348.0,17723.359600263044,1,legacy_constrained_level,cv,3
2016-08-01,2016-07-01,19605.0,18772.0155439366,1,legacy_constrained_level,cv,3
2016-09-01,2016-08-01,16292.0,18983.069789819863,1,legacy_constrained_level,cv,3
2016-10-01,2016-09-01,19574.0,15998.571331814439,1,legacy_constrained_level,cv,3
2016-11-01,2016-10-01,15731.0,18953.041643518736,1,legacy_constrained_level,cv,3
2016-12-01,2016-11-01,13812.0,15570.496218532675,1,legacy_constrained_level,cv,3
2017-01-01,2016-12-01,17923.0,13902.614470775781,1,legacy_constrained_level,cv,3
2017-02-01,2017-01-01,16550.0,17532.90464631955,1,legacy_constrained_level,cv,3
2017-03-01,2017-02-01,18812.0,16119.723644285395,1,legacy_constrained_level,cv,3
2017-04-01,2017-03-01,17348.0,18206.121884526867,1,legacy_constrained_level,cv,3
2017-05-01,2017-04-01,16805.0,16970.411041969906,1,legacy_constrained_level,cv,3
2017-06-01,2017-05-01,15773.0,16591.4764688117,1,legacy_constrained_level,cv,3
2017-07-01,2017-06-01,16155.0,15589.029876059656,1,legacy_constrained_level,cv,4
2017-08-01,2017-07-01,17334.0,16003.547633133165,1,legacy_constrained_level,cv,4
2017-09-01,2017-08-01,11969.0,17018.626382099636,1,legacy_constrained_level,cv,4
2017-10-01,2017-09-01,13740.0,12390.807506948375,1,legacy_constrained_level,cv,4
2017-11-01,2017-10-01,13016.0,14029.71430258595,1,legacy_constrained_level,cv,4
2017-12-01,2017-11-01,11479.0,13396.749538181955,1,legacy_constrained_level,cv,4
2018-01-01,2017-12-01,13729.0,12096.108443407555,1,legacy_constrained_level,cv,4
2018-02-01,2018-01-01,12392.0,14008.5124450581,1,legacy_constrained_level,cv,4
2018-03-01,2018-02-01,12309.0,12787.301989570165,1,legacy_constrained_level,cv,4
2018-04-01,2018-03-01,15788.0,12816.839814982895,1,legacy_constrained_level,cv,4
2018-05-01,2018-04-01,14913.0,15751.453143824292,1,legacy_constrained_level,cv,4
2018-06-01,2018-05-01,16070.0,15027.852407928665,1,legacy_constrained_level,cv,4
2018-07-01,2018-06-01,11942.0,15921.802656056463,1,legacy_constrained_level,cv,5
2018-08-01,2018-07-01,11359.0,12569.972385722247,1,legacy_constrained_level,cv,5
2018-09-01,2018-08-01,12259.0,12163.848615234418,1,legacy_constrained_level,cv,5
2018-10-01,2018-09-01,10961.0,12947.477436376525,1,legacy_constrained_level,cv,5
2018-11-01,2018-10-01,12290.0,11943.103291081063,1,legacy_constrained_level,cv,5
2018-12-01,2018-11-01,11655.0,12910.604083157988,1,legacy_constrained_level,cv,5
2019-01-01,2018-12-01,13175.0,12401.405291209323,1,legacy_constrained_level,cv,5
2019-02-01,2019-01-01,11704.0,13747.985856851474,1,legacy_constrained_level,cv,5
2019-03-01,2019-02-01,13873.0,12344.289170292686,1,legacy_constrained_level,cv,5
2019-04-01,2019-03-01,12654.0,14164.618226281222,1,legacy_constrained_level,cv,5
2019-05-01,2019-04-01,15125.0,13245.881579218241,1,legacy_constrained_level,cv,5
2019-06-01,2019-05-01,14786.0,15330.456600533596,1,legacy_constrained_level,cv,5
2019-07-01,2019-06-01,10651.0,14842.549232550946,1,legacy_constrained_level,cv,6
2019-08-01,2019-07-01,10412.0,11512.206609545472,1,legacy_constrained_level,cv,6
2019-09-01,2019-08-01,9779.0,11346.964230614294,1,legacy_constrained_level,cv,6
2019-10-01,2019-09-01,10744.0,10835.08128200394,1,legacy_constrained_level,cv,6
2019-11-01,2019-10-01,10698.0,11706.119377784324,1,legacy_constrained_level,cv,6
2019-12-01,2019-11-01,9646.0,11600.747531191622,1,legacy_constrained_level,cv,6
2020-01-01,2019-12-01,9729.0,10728.461889753225,1,legacy_constrained_level,cv,6
2020-02-01,2020-01-01,10374.0,10829.283798046838,1,legacy_constrained_level,cv,6
2020-03-01,2020-02-01,11369.0,11299.770000222305,1,legacy_constrained_level,cv,6
2020-04-01,2020-03-01,11968.0,12078.68883207815,1,legacy_constrained_level,cv,6
2020-05-01,2020-04-01,12820.0,12485.898789695897,1,legacy_constrained_level,cv,6
2020-06-01,2020-05-01,12539.0,13163.217280550225,1,legacy_constrained_level,cv,6
2020-07-01,2020-06-01,11454.0,12661.507491876733,1,legacy_constrained_level,cv,7
2020-08-01,2020-07-01,12065.0,11756.623343640005,1,legacy_constrained_level,cv,7
2020-09-01,2020-08-01,11148.0,12282.96880186101,1,legacy_constrained_level,cv,7
2020-10-01,2020-09-01,10510.0,11525.298784059483,1,legacy_constrained_level,cv,7
2020-11-01,2020-10-01,9916.0,10991.673853927035,1,legacy_constrained_level,cv,7
2020-12-01,2020-11-01,9876.0,10487.039744309901,1,legacy_constrained_level,cv,7
2021-01-01,2020-12-01,9925.0,10456.85659276392,1,legacy_constrained_level,cv,7
2021-02-01,2021-01-01,7396.0,10500.758241713966,1,legacy_constrained_level,cv,7
2021-03-01,2021-02-01,8357.0,8366.499882574351,1,legacy_constrained_level,cv,7
2021-04-01,2021-03-01,8739.0,9189.4820173052,1,legacy_constrained_level,cv,7
2021-05-01,2021-04-01,8347.0,9511.887447009896,1,legacy_constrained_level,cv,7
2021-06-01,2021-05-01,7753.0,9184.351685091558,1,legacy_constrained_level,cv,7
2021-07-01,2021-06-01,8102.0,8435.092473055698,1,legacy_constrained_level,cv,8
2021-08-01,2021-07-01,8501.0,8734.633613827045,1,legacy_constrained_level,cv,8
2021-09-01,2021-08-01,7728.0,9077.088958147297,1,legacy_constrained_level,cv,8
2021-10-01,2021-09-01,7439.0,8413.635371281245,1,legacy_constrained_level,cv,8
2021-11-01,2021-10-01,7418.0,8165.5912747685825,1,legacy_constrained_level,cv,8
2021-12-01,2021-11-01,7395.0,8147.5673092780435,1,legacy_constrained_level,cv,8
2022-01-01,2021-12-01,7035.0,8127.826775645547,1,legacy_constrained_level,cv,8
2022-02-01,2022-01-01,7823.0,7818.844510093441,1,legacy_constrained_level,cv,8
2022-03-01,2022-02-01,6984.0,8495.172358024163,1,legacy_constrained_level,cv,8
2022-04-01,2022-03-01,7739.0,7775.07202247356,1,legacy_constrained_level,cv,8
2022-05-01,2022-04-01,7120.0,8423.076496062004,1,legacy_constrained_level,cv,8
2022-06-01,2022-05-01,8711.0,7891.798656126577,1,legacy_constrained_level,cv,8
2022-07-01,2022-06-01,7451.0,9131.49138093596,1,legacy_constrained_level,cv,9
2022-08-01,2022-07-01,7044.0,8022.044212165216,1,legacy_constrained_level,cv,9
2022-09-01,2022-08-01,7597.0,7663.675166379745,1,legacy_constrained_level,cv,9
2022-10-01,2022-09-01,8411.0,8150.599201562461,1,legacy_constrained_level,cv,9
2022-11-01,2022-10-01,7340.0,8867.337293133402,1,legacy_constrained_level,cv,9
2022-12-01,2022-11-01,7612.0,7924.307199678269,1,legacy_constrained_level,cv,9
2023-01-01,2022-12-01,7164.0,8163.806905952589,1,legacy_constrained_level,cv,9
2023-02-01,2023-01-01,7617.0,7769.336801500768,1,legacy_constrained_level,cv,9
2023-03-01,2023-02-01,7033.0,8168.2094740826315,1,legacy_constrained_level,cv,9
2023-04-01,2023-03-01,8147.0,7653.989516493651,1,legacy_constrained_level,cv,9
2023-05-01,2023-04-01,7900.0,8634.881695867152,1,legacy_constrained_level,cv,9
2023-06-01,2023-05-01,7493.0,8417.394830243044,1,legacy_constrained_level,cv,9
2023-07-01,2023-06-01,7796.0,7936.88937602596,1,legacy_constrained_level,cv,10
2023-08-01,2023-07-01,6905.0,8208.948405860974,1,legacy_constrained_level,cv,10
2023-09-01,2023-08-01,7540.0,7408.933238920389,1,legacy_constrained_level,cv,10
2023-10-01,2023-09-01,8621.0,7979.089951610929,1,legacy_constrained_level,cv,10
2023-11-01,2023-10-01,8518.0,8949.703190065218,1,legacy_constrained_level,cv,10
2023-12-01,2023-11-01,7201.0,8857.221077613052,1,legacy_constrained_level,cv,10
2024-01-01,2023-12-01,8093.0,7674.707076647003,1,legacy_constrained_level,cv,10
2024-02-01,2024-01-01,8615.0,8475.620128174502,1,legacy_constrained_level,cv,10
2024-03-01,2024-02-01,8824.0,8944.315882543731,1,legacy_constrained_level,cv,10
2024-04-01,2024-03-01,8943.0,9131.973761208807,1,legacy_constrained_level,cv,10
2024-05-01,2024-04-01,7981.0,9238.822027051603,1,legacy_constrained_level,cv,10
2024-06-01,2024-05-01,7754.0,8375.057054440107,1,legacy_constrained_level,cv,10
2014-07-01,2014-06-01,9805.0,11512.431896464916,1,constrained_level,cv,1
2014-08-01,2014-07-01,10256.0,10649.171504138889,1,constrained_level,cv,1
2014-09-01,2014-08-01,10049.0,10300.467733921541,1,constrained_level,cv,1
2014-10-01,2014-09-01,12030.0,10636.734908540246,1,constrained_level,cv,1
2014-11-01,2014-10-01,12754.0,11892.281996237069,1,constrained_level,cv,1
2014-12-01,2014-11-01,14890.0,11132.426066521004,1,constrained_level,cv,1
2015-01-01,2014-12-01,14787.0,13398.370871755576,1,constrained_level,cv,1
2015-02-01,2015-01-01,15115.0,12833.973940993828,1,constrained_level,cv,1
2015-03-01,2015-02-01,15064.0,12435.802384049859,1,constrained_level,cv,1
2015-04-01,2015-03-01,14823.0,13297.648390427916,1,constrained_level,cv,1
2015-05-01,2015-04-01,16615.0,13187.526896459334,1,constrained_level,cv,1
2015-06-01,2015-05-01,15455.0,13605.642845042814,1,constrained_level,cv,1
2015-07-01,2015-06-01,14161.0,14784.873204945245,1,constrained_level,cv,2
2015-08-01,2015-07-01,13910.0,13958.185551676015,1,constrained_level,cv,2
2015-09-01,2015-08-01,14637.0,13835.30290411401,1,constrained_level,cv,2
2015-10-01,2015-09-01,15795.0,14141.18167814496,1,constrained_level,cv,2
2015-11-01,2015-10-01,14984.0,15097.952236978927,1,constrained_level,cv,2
2015-12-01,2015-11-01,16151.0,14384.346857844741,1,constrained_level,cv,2
2016-01-01,2015-12-01,18005.0,15323.308517404696,1,constrained_level,cv,2
2016-02-01,2016-01-01,20742.0,16861.946241848353,1,constrained_level,cv,2
2016-03-01,2016-02-01,19278.0,18548.904422862477,1,constrained_level,cv,2
2016-04-01,2016-03-01,22080.0,17500.13355983446,1,constrained_level,cv,2
2016-05-01,2016-04-01,19368.0,19650.34339459359,1,constrained_level,cv,2
2016-06-01,2016-05-01,18229.0,17695.15880430769,1,constrained_level,cv,2
2016-07-01,2016-06-01,19348.0,17537.30356324983,1,constrained_level,cv,3
2016-08-01,2016-07-01,19605.0,18645.273223949305,1,constrained_level,cv,3
2016-09-01,2016-08-01,16292.0,18740.17801947031,1,constrained_level,cv,3
2016-10-01,2016-09-01,19574.0,15880.476283076106,1,constrained_level,cv,3
2016-11-01,2016-10-01,15731.0,18742.011665041107,1,constrained_level,cv,3
2016-12-01,2016-11-01,13812.0,14858.257693515181,1,constrained_level,cv,3
2017-01-01,2016-12-01,17923.0,13452.54558954979,1,constrained_level,cv,3
2017-02-01,2017-01-01,16550.0,17061.2864202246,1,constrained_level,cv,3
2017-03-01,2017-02-01,18812.0,15413.542174333299,1,constrained_level,cv,3
2017-04-01,2017-03-01,17348.0,17461.36437680078,1,constrained_level,cv,3
2017-05-01,2017-04-01,16805.0,16271.22121903749,1,constrained_level,cv,3
2017-06-01,2017-05-01,15773.0,15967.223536488225,1,constrained_level,cv,3
2017-07-01,2017-06-01,16155.0,15021.960909917972,1,constrained_level,cv,4
2017-08-01,2017-07-01,17334.0,15624.251168871588,1,constrained_level,cv,4
2017-09-01,2017-08-01,11969.0,16417.345115626485,1,constrained_level,cv,4
2017-10-01,2017-09-01,13740.0,12141.796212130506,1,constrained_level,cv,4
2017-11-01,2017-10-01,13016.0,13480.297129768882,1,constrained_level,cv,4
2017-12-01,2017-11-01,11479.0,13038.278095262423,1,constrained_level,cv,4
2018-01-01,2017-12-01,13729.0,11820.861852050088,1,constrained_level,cv,4
2018-02-01,2018-01-01,12392.0,13585.841026763124,1,constrained_level,cv,4
2018-03-01,2018-02-01,12309.0,12640.03313546151,1,constrained_level,cv,4
2018-04-01,2018-03-01,15788.0,12652.965172474742,1,constrained_level,cv,4
2018-05-01,2018-04-01,14913.0,15495.525115582643,1,constrained_level,cv,4
2018-06-01,2018-05-01,16070.0,14770.255197824854,1,constrained_level,cv,4
2018-07-01,2018-06-01,11942.0,15593.968176242764,1,constrained_level,cv,5
2018-08-01,2018-07-01,11359.0,12365.271947752202,1,constrained_level,cv,5
2018-09-01,2018-08-01,12259.0,12318.227909602581,1,constrained_level,cv,5
2018-10-01,2018-09-01,10961.0,12620.2181310818,1,constrained_level,cv,5
2018-11-01,2018-10-01,12290.0,11797.802228753662,1,constrained_level,cv,5
2018-12-01,2018-11-01,11655.0,12724.91251926508,1,constrained_level,cv,5
2019-01-01,2018-12-01,13175.0,12069.333048027282,1,constrained_level,cv,5
2019-02-01,2019-01-01,11704.0,13505.362173693116,1,constrained_level,cv,5
2019-03-01,2019-02-01,13873.0,12156.293213658952,1,constrained_level,cv,5
2019-04-01,2019-03-01,12654.0,13899.839771816387,1,constrained_level,cv,5
2019-05-01,2019-04-01,15125.0,12761.09400162744,1,constrained_level,cv,5
2019-06-01,2019-05-01,14786.0,15082.476312546873,1,constrained_level,cv,5
2019-07-01,2019-06-01,10651.0,14260.124105647934,1,constrained_level,cv,6
2019-08-01,2019-07-01,10412.0,11201.98439452519,1,constrained_level,cv,6
2019-09-01,2019-08-01,9779.0,10804.082709348835,1,constrained_level,cv,6
2019-10-01,2019-09-01,10744.0,10464.877185491921,1,constrained_level,cv,6
2019-11-01,2019-10-01,10698.0,11035.521744722757,1,constrained_level,cv,6
2019-12-01,2019-11-01,9646.0,11091.052572298324,1,constrained_level,cv,6
2020-01-01,2019-12-01,9729.0,10331.858233885516,1,constrained_level,cv,6
2020-02-01,2020-01-01,10374.0,10617.582389106827,1,constrained_level,cv,6
2020-03-01,2020-02-01,11369.0,10888.697745322435,1,constrained_level,cv,6
2020-04-01,2020-03-01,11968.0,11681.60618675878,1,constrained_level,cv,6
2020-05-01,2020-04-01,12820.0,12062.311350460423,1,constrained_level,cv,6
2020-06-01,2020-05-01,12539.0,12645.812404627468,1,constrained_level,cv,6
2020-07-01,2020-06-01,11454.0,12310.753848833885,1,constrained_level,cv,7
2020-08-01,2020-07-01,12065.0,11535.594643744944,1,constrained_level,cv,7
2020-09-01,2020-08-01,11148.0,12094.17181135575,1,constrained_level,cv,7
2020-10-01,2020-09-01,10510.0,11429.935128836505,1,constrained_level,cv,7
2020-11-01,2020-10-01,9916.0,10795.564596974014,1,constrained_level,cv,7
2020-12-01,2020-11-01,9876.0,10204.31591676204,1,constrained_level,cv,7
2021-01-01,2020-12-01,9925.0,10372.205652180095,1,constrained_level,cv,7
2021-02-01,2021-01-01,7396.0,10503.22942962382,1,constrained_level,cv,7
2021-03-01,2021-02-01,8357.0,8394.339396535152,1,constrained_level,cv,7
2021-04-01,2021-03-01,8739.0,9469.383325247582,1,constrained_level,cv,7
2021-05-01,2021-04-01,8347.0,9271.712552902078,1,constrained_level,cv,7
2021-06-01,2021-05-01,7753.0,8998.129930177562,1,constrained_level,cv,7
2021-07-01,2021-06-01,8102.0,8561.206947927853,1,constrained_level,cv,8
2021-08-01,2021-07-01,8501.0,8648.587920518647,1,constrained_level,cv,8
2021-09-01,2021-08-01,7728.0,9100.062596479507,1,constrained_level,cv,8
2021-10-01,2021-09-01,7439.0,8398.860690229743,1,constrained_level,cv,8
2021-11-01,2021-10-01,7418.0,8028.233238929855,1,constrained_level,cv,8
2021-12-01,2021-11-01,7395.0,8118.876613241957,1,constrained_level,cv,8
2022-01-01,2021-12-01,7035.0,8056.541654540675,1,constrained_level,cv,8
2022-02-01,2022-01-01,7823.0,8109.574978785332,1,constrained_level,cv,8
2022-03-01,2022-02-01,6984.0,8376.860204533583,1,constrained_level,cv,8
2022-04-01,2022-03-01,7739.0,7563.320790179162,1,constrained_level,cv,8
2022-05-01,2022-04-01,7120.0,8441.51315103484,1,constrained_level,cv,8
2022-06-01,2022-05-01,8711.0,8157.725715714105,1,constrained_level,cv,8
2022-07-01,2022-06-01,7451.0,9312.070286246624,1,constrained_level,cv,9
2022-08-01,2022-07-01,7044.0,8260.8770254324,1,constrained_level,cv,9
2022-09-01,2022-08-01,7597.0,8027.348091531037,1,constrained_level,cv,9
2022-10-01,2022-09-01,8411.0,8303.99279156253,1,constrained_level,cv,9
2022-11-01,2022-10-01,7340.0,8652.586538242476,1,constrained_level,cv,9
2022-12-01,2022-11-01,7612.0,7846.217950465936,1,constrained_level,cv,9
2023-01-01,2022-12-01,7164.0,8272.236342254655,1,constrained_level,cv,9
2023-02-01,2023-01-01,7617.0,7873.493291813039,1,constrained_level,cv,9
2023-03-01,2023-02-01,7033.0,7921.543996284531,1,constrained_level,cv,9
2023-04-01,2023-03-01,8147.0,7200.119111788241,1,constrained_level,cv,9
2023-05-01,2023-04-01,7900.0,8352.410629804785,1,constrained_level,cv,9
2023-06-01,2023-05-01,7493.0,8140.285616693225,1,constrained_level,cv,9
2023-07-01,2023-06-01,7796.0,7439.362543210877,1,constrained_level,cv,10
2023-08-01,2023-07-01,6905.0,7754.161769685833,1,constrained_level,cv,10
2023-09-01,2023-08-01,7540.0,7048.297570899818,1,constrained_level,cv,10
2023-10-01,2023-09-01,8621.0,7741.678970674526,1,constrained_level,cv,10
2023-11-01,2023-10-01,8518.0,8467.234891389398,1,constrained_level,cv,10
2023-12-01,2023-11-01,7201.0,8059.575419339954,1,constrained_level,cv,10
2024-01-01,2023-12-01,8093.0,7614.029265812995,1,constrained_level,cv,10
2024-02-01,2024-01-01,8615.0,7880.430894567199,1,constrained_level,cv,10
2024-03-01,2024-02-01,8824.0,8846.261007134777,1,constrained_level,cv,10
2024-04-01,2024-03-01,8943.0,8670.382501067945,1,constrained_level,cv,10
2024-05-01,2024-04-01,7981.0,8661.41226936283,1,constrained_level,cv,10
2024-06-01,2024-05-01,7754.0,7849.227189508719,1,constrained_level,cv,10
2014-07-01,2014-06-01,9805.0,11981.741073238243,1,ridge_change,cv,1
2014-08-01,2014-07-01,10256.0,10247.572670730822,1,ridge_change,cv,1
2014-09-01,2014-08-01,10049.0,10267.496328273237,1,ridge_change,cv,1
2014-10-01,2014-09-01,12030.0,10232.470474646123,1,ridge_change,cv,1
2014-11-01,2014-10-01,12754.0,11745.67233622713,1,ridge_change,cv,1
2014-12-01,2014-11-01,14890.0,12362.237023876181,1,ridge_change,cv,1
2015-01-01,2014-12-01,14787.0,14247.01913042778,1,ridge_change,cv,1
2015-02-01,2015-01-01,15115.0,14356.157053084013,1,ridge_change,cv,1
2015-03-01,2015-02-01,15064.0,14567.605703736846,1,ridge_change,cv,1
2015-04-01,2015-03-01,14823.0,14685.842290018465,1,ridge_change,cv,1
2015-05-01,2015-04-01,16615.0,14551.614713652949,1,ridge_change,cv,1
2015-06-01,2015-05-01,15455.0,15751.264701130502,1,ridge_change,cv,1
2015-07-01,2015-06-01,14161.0,15397.832320096099,1,ridge_change,cv,2
2015-08-01,2015-07-01,13910.0,14297.244656454208,1,ridge_change,cv,2
2015-09-01,2015-08-01,14637.0,13912.322590069018,1,ridge_change,cv,2
2015-10-01,2015-09-01,15795.0,14517.693842942994,1,ridge_change,cv,2
2015-11-01,2015-10-01,14984.0,15555.56510627837,1,ridge_change,cv,2
2015-12-01,2015-11-01,16151.0,15042.62953755879,1,ridge_change,cv,2
2016-01-01,2015-12-01,18005.0,15955.150709889986,1,ridge_change,cv,2
2016-02-01,2016-01-01,20742.0,17740.41301986587,1,ridge_change,cv,2
2016-03-01,2016-02-01,19278.0,20026.44919034807,1,ridge_change,cv,2
2016-04-01,2016-03-01,22080.0,19176.242354162336,1,ridge_change,cv,2
2016-05-01,2016-04-01,19368.0,21316.31386818082,1,ridge_change,cv,2
2016-06-01,2016-05-01,18229.0,19424.892707719297,1,ridge_change,cv,2
2016-07-01,2016-06-01,19348.0,18306.84934974399,1,ridge_change,cv,3
2016-08-01,2016-07-01,19605.0,19207.07332642567,1,ridge_change,cv,3
2016-09-01,2016-08-01,16292.0,19461.124659590114,1,ridge_change,cv,3
2016-10-01,2016-09-01,19574.0,16772.267694405105,1,ridge_change,cv,3
2016-11-01,2016-10-01,15731.0,19152.5008147488,1,ridge_change,cv,3
2016-12-01,2016-11-01,13812.0,16141.22188205452,1,ridge_change,cv,3
2017-01-01,2016-12-01,17923.0,14231.766980666958,1,ridge_change,cv,3
2017-02-01,2017-01-01,16550.0,17675.472525287823,1,ridge_change,cv,3
2017-03-01,2017-02-01,18812.0,16808.016027983864,1,ridge_change,cv,3
2017-04-01,2017-03-01,17348.0,18667.272928127146,1,ridge_change,cv,3
2017-05-01,2017-04-01,16805.0,17550.599800509888,1,ridge_change,cv,3
2017-06-01,2017-05-01,15773.0,16905.78920778291,1,ridge_change,cv,3
2017-07-01,2017-06-01,16155.0,15914.959242538716,1,ridge_change,cv,4
2017-08-01,2017-07-01,17334.0,16091.464414598146,1,ridge_change,cv,4
2017-09-01,2017-08-01,11969.0,16902.856504069554,1,ridge_change,cv,4
2017-10-01,2017-09-01,13740.0,13067.34641000745,1,ridge_change,cv,4
2017-11-01,2017-10-01,13016.0,13522.952217825197,1,ridge_change,cv,4
2017-12-01,2017-11-01,11479.0,13180.554640386343,1,ridge_change,cv,4
2018-01-01,2017-12-01,13729.0,12052.607985859,1,ridge_change,cv,4
2018-02-01,2018-01-01,12392.0,13523.706998283407,1,ridge_change,cv,4
2018-03-01,2018-02-01,12309.0,12958.44325001739,1,ridge_change,cv,4
2018-04-01,2018-03-01,15788.0,12693.385176101208,1,ridge_change,cv,4
2018-05-01,2018-04-01,14913.0,15319.354161880681,1,ridge_change,cv,4
2018-06-01,2018-05-01,16070.0,15053.767759301498,1,ridge_change,cv,4
2018-07-01,2018-06-01,11942.0,15738.159283928135,1,ridge_change,cv,5
2018-08-01,2018-07-01,11359.0,12924.607817685244,1,ridge_change,cv,5
2018-09-01,2018-08-01,12259.0,11681.046541430509,1,ridge_change,cv,5
2018-10-01,2018-09-01,10961.0,12274.040602741095,1,ridge_change,cv,5
2018-11-01,2018-10-01,12290.0,11429.596689463237,1,ridge_change,cv,5
2018-12-01,2018-11-01,11655.0,12069.040615378583,1,ridge_change,cv,5
2019-01-01,2018-12-01,13175.0,11953.538805215754,1,ridge_change,cv,5
2019-02-01,2019-01-01,11704.0,12910.054143991363,1,ridge_change,cv,5
2019-03-01,2019-02-01,13873.0,12132.651205753078,1,ridge_change,cv,5
2019-04-01,2019-03-01,12654.0,13600.23871981039,1,ridge_change,cv,5
2019-05-01,2019-04-01,15125.0,12974.063752342923,1,ridge_change,cv,5
2019-06-01,2019-05-01,14786.0,14745.038681893433,1,ridge_change,cv,5
2019-07-01,2019-06-01,10651.0,14575.14501927793,1,ridge_change,cv,6
2019-08-01,2019-07-01,10412.0,11663.55946490985,1,ridge_change,cv,6
2019-09-01,2019-08-01,9779.0,10626.085025976461,1,ridge_change,cv,6
2019-10-01,2019-09-01,10744.0,10243.154064262433,1,ridge_change,cv,6
2019-11-01,2019-10-01,10698.0,10798.543515912661,1,ridge_change,cv,6
2019-12-01,2019-11-01,9646.0,10974.74328222917,1,ridge_change,cv,6
2020-01-01,2019-12-01,9729.0,10238.661512499446,1,ridge_change,cv,6
2020-02-01,2020-01-01,10374.0,10238.566369506956,1,ridge_change,cv,6
2020-03-01,2020-02-01,11369.0,10735.365471236742,1,ridge_change,cv,6
2020-04-01,2020-03-01,11968.0,11513.213093400165,1,ridge_change,cv,6
2020-05-01,2020-04-01,12820.0,12188.702572516422,1,ridge_change,cv,6
2020-06-01,2020-05-01,12539.0,12834.311658450559,1,ridge_change,cv,6
2020-07-01,2020-06-01,11454.0,12442.293570401403,1,ridge_change,cv,7
2020-08-01,2020-07-01,12065.0,11682.172127430547,1,ridge_change,cv,7
2020-09-01,2020-08-01,11148.0,11806.93805572062,1,ridge_change,cv,7
2020-10-01,2020-09-01,10510.0,11421.025754939576,1,ridge_change,cv,7
2020-11-01,2020-10-01,9916.0,10662.011539490757,1,ridge_change,cv,7
2020-12-01,2020-11-01,9876.0,10046.134908527683,1,ridge_change,cv,7
2021-01-01,2020-12-01,9925.0,9989.611786509067,1,ridge_change,cv,7
2021-02-01,2021-01-01,7396.0,10042.018851350862,1,ridge_change,cv,7
2021-03-01,2021-02-01,8357.0,8343.25907032998,1,ridge_change,cv,7
2021-04-01,2021-03-01,8739.0,8611.280337544034,1,ridge_change,cv,7
2021-05-01,2021-04-01,8347.0,8952.341949898588,1,ridge_change,cv,7
2021-06-01,2021-05-01,7753.0,8703.191772509668,1,ridge_change,cv,7
2021-07-01,2021-06-01,8102.0,8058.608827178799,1,ridge_change,cv,8
2021-08-01,2021-07-01,8501.0,8215.223823739392,1,ridge_change,cv,8
2021-09-01,2021-08-01,7728.0,8534.344033049321,1,ridge_change,cv,8
2021-10-01,2021-09-01,7439.0,7959.763697952019,1,ridge_change,cv,8
2021-11-01,2021-10-01,7418.0,7598.019850736233,1,ridge_change,cv,8
2021-12-01,2021-11-01,7395.0,7562.607433318271,1,ridge_change,cv,8
2022-01-01,2021-12-01,7035.0,7550.443800251886,1,ridge_change,cv,8
2022-02-01,2022-01-01,7823.0,7307.608931598017,1,ridge_change,cv,8
2022-03-01,2022-02-01,6984.0,7794.1990005466305,1,ridge_change,cv,8
2022-04-01,2022-03-01,7739.0,7267.885043198956,1,ridge_change,cv,8
2022-05-01,2022-04-01,7120.0,7728.797759195047,1,ridge_change,cv,8
2022-06-01,2022-05-01,8711.0,7372.073265587456,1,ridge_change,cv,8
2022-07-01,2022-06-01,7451.0,8531.827740488297,1,ridge_change,cv,9
2022-08-01,2022-07-01,7044.0,8031.81557867931,1,ridge_change,cv,9
2022-09-01,2022-08-01,7597.0,7526.86095713555,1,ridge_change,cv,9
2022-10-01,2022-09-01,8411.0,7650.864706826081,1,ridge_change,cv,9
2022-11-01,2022-10-01,7340.0,8293.365040287434,1,ridge_change,cv,9
2022-12-01,2022-11-01,7612.0,7658.853902611518,1,ridge_change,cv,9
2023-01-01,2022-12-01,7164.0,7735.757286535747,1,ridge_change,cv,9
2023-02-01,2023-01-01,7617.0,7439.937834345268,1,ridge_change,cv,9
2023-03-01,2023-02-01,7033.0,7550.131887683616,1,ridge_change,cv,9
2023-04-01,2023-03-01,8147.0,7264.987541433044,1,ridge_change,cv,9
2023-05-01,2023-04-01,7900.0,8010.381204250537,1,ridge_change,cv,9
2023-06-01,2023-05-01,7493.0,8061.703008637745,1,ridge_change,cv,9
2023-07-01,2023-06-01,7796.0,7452.544752527444,1,ridge_change,cv,10
2023-08-01,2023-07-01,6905.0,7561.376254997866,1,ridge_change,cv,10
2023-09-01,2023-08-01,7540.0,6972.023629798518,1,ridge_change,cv,10
2023-10-01,2023-09-01,8621.0,7362.154943793402,1,ridge_change,cv,10
2023-11-01,2023-10-01,8518.0,8150.138817587955,1,ridge_change,cv,10
2023-12-01,2023-11-01,7201.0,8260.702143816156,1,ridge_change,cv,10
2024-01-01,2023-12-01,8093.0,7437.884211306836,1,ridge_change,cv,10
2024-02-01,2024-01-01,8615.0,7745.130870962695,1,ridge_change,cv,10
2024-03-01,2024-02-01,8824.0,8405.69874143819,1,ridge_change,cv,10
2024-04-01,2024-03-01,8943.0,8721.847593992503,1,ridge_change,cv,10
2024-05-01,2024-04-01,7981.0,8805.545540390915,1,ridge_change,cv,10
2024-06-01,2024-05-01,7754.0,8085.680792954396,1,ridge_change,cv,10
2014-07-01,2014-06-01,9805.0,11845.063610774332,1,seasonal_ridge_change,cv,1
2014-08-01,2014-07-01,10256.0,10051.934473226574,1,seasonal_ridge_change,cv,1
2014-09-01,2014-08-01,10049.0,10080.380214746689,1,seasonal_ridge_change,cv,1
2014-10-01,2014-09-01,12030.0,10091.957407165597,1,seasonal_ridge_change,cv,1
2014-11-01,2014-10-01,12754.0,11671.692261607388,1,seasonal_ridge_change,cv,1
2014-12-01,2014-11-01,14890.0,12375.901755484427,1,seasonal_ridge_change,cv,1
2015-01-01,2014-12-01,14787.0,14346.769192947015,1,seasonal_ridge_change,cv,1
2015-02-01,2015-01-01,15115.0,14524.94933061069,1,seasonal_ridge_change,cv,1
2015-03-01,2015-02-01,15064.0,14672.273444402119,1,seasonal_ridge_change,cv,1
2015-04-01,2015-03-01,14823.0,14765.26345704182,1,seasonal_ridge_change,cv,1
2015-05-01,2015-04-01,16615.0,14560.206371478365,1,seasonal_ridge_change,cv,1
2015-06-01,2015-05-01,15455.0,15644.391018500475,1,seasonal_ridge_change,cv,1
2015-07-01,2015-06-01,14161.0,15228.272026320306,1,seasonal_ridge_change,cv,2
2015-08-01,2015-07-01,13910.0,14115.721824995502,1,seasonal_ridge_change,cv,2
2015-09-01,2015-08-01,14637.0,13749.409103687109,1,seasonal_ridge_change,cv,2
2015-10-01,2015-09-01,15795.0,14409.3576034899,1,seasonal_ridge_change,cv,2
2015-11-01,2015-10-01,14984.0,15566.897869972036,1,seasonal_ridge_change,cv,2
2015-12-01,2015-11-01,16151.0,15167.26523052978,1,seasonal_ridge_change,cv,2
2016-01-01,2015-12-01,18005.0,16128.185793705528,1,seasonal_ridge_change,cv,2
2016-02-01,2016-01-01,20742.0,17921.94243317518,1,seasonal_ridge_change,cv,2
2016-03-01,2016-02-01,19278.0,20129.219505659486,1,seasonal_ridge_change,cv,2
2016-04-01,2016-03-01,22080.0,19237.504711667905,1,seasonal_ridge_change,cv,2
2016-05-01,2016-04-01,19368.0,21248.482511660786,1,seasonal_ridge_change,cv,2
2016-06-01,2016-05-01,18229.0,19320.549505671293,1,seasonal_ridge_change,cv,2
2016-07-01,2016-06-01,19348.0,18053.992299702342,1,seasonal_ridge_change,cv,3
2016-08-01,2016-07-01,19605.0,18926.006900345492,1,seasonal_ridge_change,cv,3
2016-09-01,2016-08-01,16292.0,19279.04187027819,1,seasonal_ridge_change,cv,3
2016-10-01,2016-09-01,19574.0,16753.0386106389,1,seasonal_ridge_change,cv,3
2016-11-01,2016-10-01,15731.0,19177.93033256619,1,seasonal_ridge_change,cv,3
2016-12-01,2016-11-01,13812.0,16375.211442873777,1,seasonal_ridge_change,cv,3
2017-01-01,2016-12-01,17923.0,14491.440150513217,1,seasonal_ridge_change,cv,3
2017-02-01,2017-01-01,16550.0,17812.394175760593,1,seasonal_ridge_change,cv,3
2017-03-01,2017-02-01,18812.0,16923.903022494054,1,seasonal_ridge_change,cv,3
2017-04-01,2017-03-01,17348.0,18605.375837734253,1,seasonal_ridge_change,cv,3
2017-05-01,2017-04-01,16805.0,17441.067658129406,1,seasonal_ridge_change,cv,3
2017-06-01,2017-05-01,15773.0,16686.931960253358,1,seasonal_ridge_change,cv,3
2017-07-01,2017-06-01,16155.0,15583.943680682693,1,seasonal_ridge_change,cv,4
2017-08-01,2017-07-01,17334.0,15747.237874671702,1,seasonal_ridge_change,cv,4
2017-09-01,2017-08-01,11969.0,16640.91139138865,1,seasonal_ridge_change,cv,4
2017-10-01,2017-09-01,13740.0,12993.215624305503,1,seasonal_ridge_change,cv,4
2017-11-01,2017-10-01,13016.0,13517.574598574904,1,seasonal_ridge_change,cv,4
2017-12-01,2017-11-01,11479.0,13374.524775543021,1,seasonal_ridge_change,cv,4
2018-01-01,2017-12-01,13729.0,12308.916811499455,1,seasonal_ridge_change,cv,4
2018-02-01,2018-01-01,12392.0,13736.63981270953,1,seasonal_ridge_change,cv,4
2018-03-01,2018-02-01,12309.0,13116.030129942015,1,seasonal_ridge_change,cv,4
2018-04-01,2018-03-01,15788.0,12738.352089197537,1,seasonal_ridge_change,cv,4
2018-05-01,2018-04-01,14913.0,15179.414751555714,1,seasonal_ridge_change,cv,4
2018-06-01,2018-05-01,16070.0,14872.524996763677,1,seasonal_ridge_change,cv,4
2018-07-01,2018-06-01,11942.0,15453.318950420033,1,seasonal_ridge_change,cv,5
2018-08-01,2018-07-01,11359.0,12686.441239389347,1,seasonal_ridge_change,cv,5
2018-09-01,2018-08-01,12259.0,11461.455148654302,1,seasonal_ridge_change,cv,5
2018-10-01,2018-09-01,10961.0,12090.7180680295,1,seasonal_ridge_change,cv,5
2018-11-01,2018-10-01,12290.0,11426.948477648222,1,seasonal_ridge_change,cv,5
2018-12-01,2018-11-01,11655.0,12194.036098488861,1,seasonal_ridge_change,cv,5
2019-01-01,2018-12-01,13175.0,12201.475521411925,1,seasonal_ridge_change,cv,5
2019-02-01,2019-01-01,11704.0,13187.021007059862,1,seasonal_ridge_change,cv,5
2019-03-01,2019-02-01,13873.0,12331.636432294068,1,seasonal_ridge_change,cv,5
2019-04-01,2019-03-01,12654.0,13666.187899605957,1,seasonal_ridge_change,cv,5
2019-05-01,2019-04-01,15125.0,12965.357208969343,1,seasonal_ridge_change,cv,5
2019-06-01,2019-05-01,14786.0,14561.629583618876,1,seasonal_ridge_change,cv,5
2019-07-01,2019-06-01,10651.0,14295.471329399747,1,seasonal_ridge_change,cv,6
2019-08-01,2019-07-01,10412.0,11383.773263449108,1,seasonal_ridge_change,cv,6
2019-09-01,2019-08-01,9779.0,10296.971627788877,1,seasonal_ridge_change,cv,6
2019-10-01,2019-09-01,10744.0,10032.932528054365,1,seasonal_ridge_change,cv,6
2019-11-01,2019-10-01,10698.0,10690.592182762346,1,seasonal_ridge_change,cv,6
2019-12-01,2019-11-01,9646.0,11058.638245634222,1,seasonal_ridge_change,cv,6
2020-01-01,2019-12-01,9729.0,10470.662027250974,1,seasonal_ridge_change,cv,6
2020-02-01,2020-01-01,10374.0,10519.565292777846,1,seasonal_ridge_change,cv,6
2020-03-01,2020-02-01,11369.0,10898.446991983934,1,seasonal_ridge_change,cv,6
2020-04-01,2020-03-01,11968.0,11559.497952049887,1,seasonal_ridge_change,cv,6
2020-05-01,2020-04-01,12820.0,12018.716744865245,1,seasonal_ridge_change,cv,6
2020-06-01,2020-05-01,12539.0,12517.361003132633,1,seasonal_ridge_change,cv,6
2020-07-01,2020-06-01,11454.0,12071.870892142633,1,seasonal_ridge_change,cv,7
2020-08-01,2020-07-01,12065.0,11257.197790221271,1,seasonal_ridge_change,cv,7
2020-09-01,2020-08-01,11148.0,11425.787782814716,1,seasonal_ridge_change,cv,7
2020-10-01,2020-09-01,10510.0,11175.416775829519,1,seasonal_ridge_change,cv,7
2020-11-01,2020-10-01,9916.0,10580.744714402805,1,seasonal_ridge_change,cv,7
2020-12-01,2020-11-01,9876.0,10142.611094283388,1,seasonal_ridge_change,cv,7
2021-01-01,2020-12-01,9925.0,10222.714837214377,1,seasonal_ridge_change,cv,7
2021-02-01,2021-01-01,7396.0,10332.386159531552,1,seasonal_ridge_change,cv,7
2021-03-01,2021-02-01,8357.0,8598.884801621241,1,seasonal_ridge_change,cv,7
2021-04-01,2021-03-01,8739.0,8725.361850378007,1,seasonal_ridge_change,cv,7
2021-05-01,2021-04-01,8347.0,8874.536653853893,1,seasonal_ridge_change,cv,7
2021-06-01,2021-05-01,7753.0,8480.267087559598,1,seasonal_ridge_change,cv,7
2021-07-01,2021-06-01,8102.0,7748.3478614588,1,seasonal_ridge_change,cv,8
2021-08-01,2021-07-01,8501.0,7817.767093103887,1,seasonal_ridge_change,cv,8
2021-09-01,2021-08-01,7728.0,8193.302299203351,1,seasonal_ridge_change,cv,8
2021-10-01,2021-09-01,7439.0,7759.83730824044,1,seasonal_ridge_change,cv,8
2021-11-01,2021-10-01,7418.0,7539.485941622419,1,seasonal_ridge_change,cv,8
2021-12-01,2021-11-01,7395.0,7677.48852887408,1,seasonal_ridge_change,cv,8
2022-01-01,2021-12-01,7035.0,7799.085367666176,1,seasonal_ridge_change,cv,8
2022-02-01,2022-01-01,7823.0,7637.212117101113,1,seasonal_ridge_change,cv,8
2022-03-01,2022-02-01,6984.0,8028.522007605958,1,seasonal_ridge_change,cv,8
2022-04-01,2022-03-01,7739.0,7417.002776067538,1,seasonal_ridge_change,cv,8
2022-05-01,2022-04-01,7120.0,7696.94193573142,1,seasonal_ridge_change,cv,8
2022-06-01,2022-05-01,8711.0,7226.764012903062,1,seasonal_ridge_change,cv,8
2022-07-01,2022-06-01,7451.0,8190.49868616431,1,seasonal_ridge_change,cv,9
2022-08-01,2022-07-01,7044.0,7682.0780794405555,1,seasonal_ridge_change,cv,9
2022-09-01,2022-08-01,7597.0,7178.559778629112,1,seasonal_ridge_change,cv,9
2022-10-01,2022-09-01,8411.0,7420.017542115824,1,seasonal_ridge_change,cv,9
2022-11-01,2022-10-01,7340.0,8170.768628914877,1,seasonal_ridge_change,cv,9
2022-12-01,2022-11-01,7612.0,7754.846734235258,1,seasonal_ridge_change,cv,9
2023-01-01,2022-12-01,7164.0,7941.356963175225,1,seasonal_ridge_change,cv,9
2023-02-01,2023-01-01,7617.0,7705.131241949159,1,seasonal_ridge_change,cv,9
2023-03-01,2023-02-01,7033.0,7747.941841961398,1,seasonal_ridge_change,cv,9
2023-04-01,2023-03-01,8147.0,7325.457945947061,1,seasonal_ridge_change,cv,9
2023-05-01,2023-04-01,7900.0,7891.719304522226,1,seasonal_ridge_change,cv,9
2023-06-01,2023-05-01,7493.0,7815.695910770285,1,seasonal_ridge_change,cv,9
2023-07-01,2023-06-01,7796.0,7133.603427749334,1,seasonal_ridge_change,cv,10
2023-08-01,2023-07-01,6905.0,7179.561320412826,1,seasonal_ridge_change,cv,10
2023-09-01,2023-08-01,7540.0,6659.920527002783,1,seasonal_ridge_change,cv,10
2023-10-01,2023-09-01,8621.0,7122.047587616411,1,seasonal_ridge_change,cv,10
2023-11-01,2023-10-01,8518.0,8056.442317666091,1,seasonal_ridge_change,cv,10
2023-12-01,2023-11-01,7201.0,8323.540578024576,1,seasonal_ridge_change,cv,10
2024-01-01,2023-12-01,8093.0,7704.611845761783,1,seasonal_ridge_change,cv,10
2024-02-01,2024-01-01,8615.0,7975.39275135587,1,seasonal_ridge_change,cv,10
2024-03-01,2024-02-01,8824.0,8663.717190758636,1,seasonal_ridge_change,cv,10
2024-04-01,2024-03-01,8943.0,8817.691767928105,1,seasonal_ridge_change,cv,10
2024-05-01,2024-04-01,7981.0,8735.980293159975,1,seasonal_ridge_change,cv,10
2024-06-01,2024-05-01,7754.0,7893.463057936189,1,seasonal_ridge_change,cv,10
2014-07-01,2014-06-01,9805.0,11840.776991789831,1,polynomial_ridge_change,cv,1
2014-08-01,2014-07-01,10256.0,9854.012955883922,1,polynomial_ridge_change,cv,1
2014-09-01,2014-08-01,10049.0,10361.0936199478,1,polynomial_ridge_change,cv,1
2014-10-01,2014-09-01,12030.0,10036.284216405367,1,polynomial_ridge_change,cv,1
2014-11-01,2014-10-01,12754.0,12118.393638023326,1,polynomial_ridge_change,cv,1
2014-12-01,2014-11-01,14890.0,12933.037327285418,1,polynomial_ridge_change,cv,1
2015-01-01,2014-12-01,14787.0,15085.329554931279,1,polynomial_ridge_change,cv,1
2015-02-01,2015-01-01,15115.0,14796.07596948139,1,polynomial_ridge_change,cv,1
2015-03-01,2015-02-01,15064.0,15412.272942748392,1,polynomial_ridge_change,cv,1
2015-04-01,2015-03-01,14823.0,15155.356425353128,1,polynomial_ridge_change,cv,1
2015-05-01,2015-04-01,16615.0,14761.951737484433,1,polynomial_ridge_change,cv,1
2015-06-01,2015-05-01,15455.0,16839.906099500957,1,polynomial_ridge_change,cv,1
2015-07-01,2015-06-01,14161.0,15429.414305460627,1,polynomial_ridge_change,cv,2
2015-08-01,2015-07-01,13910.0,14216.178330315031,1,polynomial_ridge_change,cv,2
2015-09-01,2015-08-01,14637.0,14028.418133676152,1,polynomial_ridge_change,cv,2
2015-10-01,2015-09-01,15795.0,14833.69502568448,1,polynomial_ridge_change,cv,2
2015-11-01,2015-10-01,14984.0,15920.835082285457,1,polynomial_ridge_change,cv,2
2015-12-01,2015-11-01,16151.0,15049.099080633094,1,polynomial_ridge_change,cv,2
2016-01-01,2015-12-01,18005.0,16256.629873037107,1,polynomial_ridge_change,cv,2
2016-02-01,2016-01-01,20742.0,18121.82150860979,1,polynomial_ridge_change,cv,2
2016-03-01,2016-02-01,19278.0,20765.254204962064,1,polynomial_ridge_change,cv,2
2016-04-01,2016-03-01,22080.0,19011.757164691386,1,polynomial_ridge_change,cv,2
2016-05-01,2016-04-01,19368.0,21649.398499892573,1,polynomial_ridge_change,cv,2
2016-06-01,2016-05-01,18229.0,18827.40688779477,1,polynomial_ridge_change,cv,2
2016-07-01,2016-06-01,19348.0,18110.229708665054,1,polynomial_ridge_change,cv,3
2016-08-01,2016-07-01,19605.0,19264.19936034294,1,polynomial_ridge_change,cv,3
2016-09-01,2016-08-01,16292.0,19598.109869064152,1,polynomial_ridge_change,cv,3
2016-10-01,2016-09-01,19574.0,16620.97308180124,1,polynomial_ridge_change,cv,3
2016-11-01,2016-10-01,15731.0,19584.700919330786,1,polynomial_ridge_change,cv,3
2016-12-01,2016-11-01,13812.0,15968.09690122583,1,polynomial_ridge_change,cv,3
2017-01-01,2016-12-01,17923.0,13994.423662618332,1,polynomial_ridge_change,cv,3
2017-02-01,2017-01-01,16550.0,17563.319923238087,1,polynomial_ridge_change,cv,3
2017-03-01,2017-02-01,18812.0,16628.03426995098,1,polynomial_ridge_change,cv,3
2017-04-01,2017-03-01,17348.0,18213.51506735706,1,polynomial_ridge_change,cv,3
2017-05-01,2017-04-01,16805.0,17154.63192044218,1,polynomial_ridge_change,cv,3
2017-06-01,2017-05-01,15773.0,16510.142966763953,1,polynomial_ridge_change,cv,3
2017-07-01,2017-06-01,16155.0,15661.107059643202,1,polynomial_ridge_change,cv,4
2017-08-01,2017-07-01,17334.0,15997.110283449088,1,polynomial_ridge_change,cv,4
2017-09-01,2017-08-01,11969.0,17126.90493472553,1,polynomial_ridge_change,cv,4
2017-10-01,2017-09-01,13740.0,12479.76054616727,1,polynomial_ridge_change,cv,4
2017-11-01,2017-10-01,13016.0,13671.49704681798,1,polynomial_ridge_change,cv,4
2017-12-01,2017-11-01,11479.0,13092.480390738801,1,polynomial_ridge_change,cv,4
2018-01-01,2017-12-01,13729.0,11758.00694944347,1,polynomial_ridge_change,cv,4
2018-02-01,2018-01-01,12392.0,13749.567556305548,1,polynomial_ridge_change,cv,4
2018-03-01,2018-02-01,12309.0,12752.172941926861,1,polynomial_ridge_change,cv,4
2018-04-01,2018-03-01,15788.0,12507.405119262774,1,polynomial_ridge_change,cv,4
2018-05-01,2018-04-01,14913.0,15538.237298016285,1,polynomial_ridge_change,cv,4
2018-06-01,2018-05-01,16070.0,14808.218289166247,1,polynomial_ridge_change,cv,4
2018-07-01,2018-06-01,11942.0,15892.316412405817,1,polynomial_ridge_change,cv,5
2018-08-01,2018-07-01,11359.0,12323.97175892209,1,polynomial_ridge_change,cv,5
2018-09-01,2018-08-01,12259.0,11470.850564617056,1,polynomial_ridge_change,cv,5
2018-10-01,2018-09-01,10961.0,12324.73353721563,1,polynomial_ridge_change,cv,5
2018-11-01,2018-10-01,12290.0,11121.074316250395,1,polynomial_ridge_change,cv,5
2018-12-01,2018-11-01,11655.0,12213.093510091501,1,polynomial_ridge_change,cv,5
2019-01-01,2018-12-01,13175.0,11789.807340904958,1,polynomial_ridge_change,cv,5
2019-02-01,2019-01-01,11704.0,13256.350215853792,1,polynomial_ridge_change,cv,5
2019-03-01,2019-02-01,13873.0,11835.736012225818,1,polynomial_ridge_change,cv,5
2019-04-01,2019-03-01,12654.0,13887.935241474353,1,polynomial_ridge_change,cv,5
2019-05-01,2019-04-01,15125.0,12754.638691756625,1,polynomial_ridge_change,cv,5
2019-06-01,2019-05-01,14786.0,14982.821950353678,1,polynomial_ridge_change,cv,5
2019-07-01,2019-06-01,10651.0,14760.959650602257,1,polynomial_ridge_change,cv,6
2019-08-01,2019-07-01,10412.0,11035.550109284351,1,polynomial_ridge_change,cv,6
2019-09-01,2019-08-01,9779.0,10555.989611334717,1,polynomial_ridge_change,cv,6
2019-10-01,2019-09-01,10744.0,10022.711534621054,1,polynomial_ridge_change,cv,6
2019-11-01,2019-10-01,10698.0,10843.539042232906,1,polynomial_ridge_change,cv,6
2019-12-01,2019-11-01,9646.0,10849.238760749053,1,polynomial_ridge_change,cv,6
2020-01-01,2019-12-01,9729.0,9929.478058010243,1,polynomial_ridge_change,cv,6
2020-02-01,2020-01-01,10374.0,10241.999839885377,1,polynomial_ridge_change,cv,6
2020-03-01,2020-02-01,11369.0,10808.231949400137,1,polynomial_ridge_change,cv,6
2020-04-01,2020-03-01,11968.0,11689.67870979189,1,polynomial_ridge_change,cv,6
2020-05-01,2020-04-01,12820.0,12283.869208835835,1,polynomial_ridge_change,cv,6
2020-06-01,2020-05-01,12539.0,12991.465944559639,1,polynomial_ridge_change,cv,6
2020-07-01,2020-06-01,11454.0,12550.257948595598,1,polynomial_ridge_change,cv,7
2020-08-01,2020-07-01,12065.0,11516.797678753592,1,polynomial_ridge_change,cv,7
2020-09-01,2020-08-01,11148.0,12027.724393993823,1,polynomial_ridge_change,cv,7
2020-10-01,2020-09-01,10510.0,11320.55216661678,1,polynomial_ridge_change,cv,7
2020-11-01,2020-10-01,9916.0,10340.612899064441,1,polynomial_ridge_change,cv,7
2020-12-01,2020-11-01,9876.0,9626.489879954355,1,polynomial_ridge_change,cv,7
2021-01-01,2020-12-01,9925.0,9742.512469037865,1,polynomial_ridge_change,cv,7
2021-02-01,2021-01-01,7396.0,9917.778388674336,1,polynomial_ridge_change,cv,7
2021-03-01,2021-02-01,8357.0,7328.973256078244,1,polynomial_ridge_change,cv,7
2021-04-01,2021-03-01,8739.0,8408.071585067684,1,polynomial_ridge_change,cv,7
2021-05-01,2021-04-01,8347.0,8782.367287519122,1,polynomial_ridge_change,cv,7
2021-06-01,2021-05-01,7753.0,8260.54524022898,1,polynomial_ridge_change,cv,7
2021-07-01,2021-06-01,8102.0,7555.81620241658,1,polynomial_ridge_change,cv,8
2021-08-01,2021-07-01,8501.0,7991.684539829842,1,polynomial_ridge_change,cv,8
2021-09-01,2021-08-01,7728.0,8368.321821922595,1,polynomial_ridge_change,cv,8
2021-10-01,2021-09-01,7439.0,7407.788586184076,1,polynomial_ridge_change,cv,8
2021-11-01,2021-10-01,7418.0,7009.513798271418,1,polynomial_ridge_change,cv,8
2021-12-01,2021-11-01,7395.0,7006.792728402401,1,polynomial_ridge_change,cv,8
2022-01-01,2021-12-01,7035.0,7085.025578800756,1,polynomial_ridge_change,cv,8
2022-02-01,2022-01-01,7823.0,6658.427202098135,1,polynomial_ridge_change,cv,8
2022-03-01,2022-02-01,6984.0,7612.528362591532,1,polynomial_ridge_change,cv,8
2022-04-01,2022-03-01,7739.0,6607.887045088721,1,polynomial_ridge_change,cv,8
2022-05-01,2022-04-01,7120.0,7543.302852935927,1,polynomial_ridge_change,cv,8
2022-06-01,2022-05-01,8711.0,6771.2821881771215,1,polynomial_ridge_change,cv,8
2022-07-01,2022-06-01,7451.0,8977.267876816813,1,polynomial_ridge_change,cv,9
2022-08-01,2022-07-01,7044.0,7425.959442809436,1,polynomial_ridge_change,cv,9
2022-09-01,2022-08-01,7597.0,7054.679414888428,1,polynomial_ridge_change,cv,9
2022-10-01,2022-09-01,8411.0,7591.7430482187265,1,polynomial_ridge_change,cv,9
2022-11-01,2022-10-01,7340.0,8632.790466198754,1,polynomial_ridge_change,cv,9
2022-12-01,2022-11-01,7612.0,7284.5697507101295,1,polynomial_ridge_change,cv,9
2023-01-01,2022-12-01,7164.0,7428.830005407075,1,polynomial_ridge_change,cv,9
2023-02-01,2023-01-01,7617.0,7205.838939356979,1,polynomial_ridge_change,cv,9
2023-03-01,2023-02-01,7033.0,7842.166997905888,1,polynomial_ridge_change,cv,9
2023-04-01,2023-03-01,8147.0,7581.788205911926,1,polynomial_ridge_change,cv,9
2023-05-01,2023-04-01,7900.0,9135.257525204328,1,polynomial_ridge_change,cv,9
2023-06-01,2023-05-01,7493.0,8733.174420893334,1,polynomial_ridge_change,cv,9
2023-07-01,2023-06-01,7796.0,7614.202631668347,1,polynomial_ridge_change,cv,10
2023-08-01,2023-07-01,6905.0,8157.938672440612,1,polynomial_ridge_change,cv,10
2023-09-01,2023-08-01,7540.0,7070.960672299228,1,polynomial_ridge_change,cv,10
2023-10-01,2023-09-01,8621.0,7589.596040184858,1,polynomial_ridge_change,cv,10
2023-11-01,2023-10-01,8518.0,8598.201317034698,1,polynomial_ridge_change,cv,10
2023-12-01,2023-11-01,7201.0,8502.915935644036,1,polynomial_ridge_change,cv,10
2024-01-01,2023-12-01,8093.0,6952.221075823038,1,polynomial_ridge_change,cv,10
2024-02-01,2024-01-01,8615.0,8239.090477680491,1,polynomial_ridge_change,cv,10
2024-03-01,2024-02-01,8824.0,8631.45197931831,1,polynomial_ridge_change,cv,10
2024-04-01,2024-03-01,8943.0,9107.729472981435,1,polynomial_ridge_change,cv,10
2024-05-01,2024-04-01,7981.0,9344.423339409652,1,polynomial_ridge_change,cv,10
2024-06-01,2024-05-01,7754.0,8243.64659622543,1,polynomial_ridge_change,cv,10
2014-07-01,2014-06-01,9805.0,12058.060626288938,1,spline_ridge_change,cv,1
2014-08-01,2014-07-01,10256.0,10363.900738124481,1,spline_ridge_change,cv,1
2014-09-01,2014-08-01,10049.0,9927.97822321441,1,spline_ridge_change,cv,1
2014-10-01,2014-09-01,12030.0,10219.128824391766,1,spline_ridge_change,cv,1
2014-11-01,2014-10-01,12754.0,11686.794558578178,1,spline_ridge_change,cv,1
2014-12-01,2014-11-01,14890.0,11867.445168207487,1,spline_ridge_change,cv,1
2015-01-01,2014-12-01,14787.0,14226.384114012497,1,spline_ridge_change,cv,1
2015-02-01,2015-01-01,15115.0,14304.164897564611,1,spline_ridge_change,cv,1
2015-03-01,2015-02-01,15064.0,14707.363679979762,1,spline_ridge_change,cv,1
2015-04-01,2015-03-01,14823.0,14707.319802490732,1,spline_ridge_change,cv,1
2015-05-01,2015-04-01,16615.0,14066.75328341668,1,spline_ridge_change,cv,1
2015-06-01,2015-05-01,15455.0,14792.421095387288,1,spline_ridge_change,cv,1
2015-07-01,2015-06-01,14161.0,14877.515071435135,1,spline_ridge_change,cv,2
2015-08-01,2015-07-01,13910.0,14063.080705970186,1,spline_ridge_change,cv,2
2015-09-01,2015-08-01,14637.0,13746.514937779573,1,spline_ridge_change,cv,2
2015-10-01,2015-09-01,15795.0,14322.450933569591,1,spline_ridge_change,cv,2
2015-11-01,2015-10-01,14984.0,15152.604864776999,1,spline_ridge_change,cv,2
2015-12-01,2015-11-01,16151.0,14654.375835103061,1,spline_ridge_change,cv,2
2016-01-01,2015-12-01,18005.0,15727.125280967854,1,spline_ridge_change,cv,2
2016-02-01,2016-01-01,20742.0,18390.35431990256,1,spline_ridge_change,cv,2
2016-03-01,2016-02-01,19278.0,20808.66214341735,1,spline_ridge_change,cv,2
2016-04-01,2016-03-01,22080.0,21234.6948885972,1,spline_ridge_change,cv,2
2016-05-01,2016-04-01,19368.0,20930.61816310122,1,spline_ridge_change,cv,2
2016-06-01,2016-05-01,18229.0,20470.592421414898,1,spline_ridge_change,cv,2
2016-07-01,2016-06-01,19348.0,18209.797245257032,1,spline_ridge_change,cv,3
2016-08-01,2016-07-01,19605.0,19551.5073789991,1,spline_ridge_change,cv,3
2016-09-01,2016-08-01,16292.0,19568.43883407028,1,spline_ridge_change,cv,3
2016-10-01,2016-09-01,19574.0,17252.9048391569,1,spline_ridge_change,cv,3
2016-11-01,2016-10-01,15731.0,19083.58462397911,1,spline_ridge_change,cv,3
2016-12-01,2016-11-01,13812.0,16348.807430708599,1,spline_ridge_change,cv,3
2017-01-01,2016-12-01,17923.0,13900.468570505951,1,spline_ridge_change,cv,3
2017-02-01,2017-01-01,16550.0,16210.19590529094,1,spline_ridge_change,cv,3
2017-03-01,2017-02-01,18812.0,15851.081957532218,1,spline_ridge_change,cv,3
2017-04-01,2017-03-01,17348.0,16957.726542656976,1,spline_ridge_change,cv,3
2017-05-01,2017-04-01,16805.0,16363.320738258077,1,spline_ridge_change,cv,3
2017-06-01,2017-05-01,15773.0,15629.432239527732,1,spline_ridge_change,cv,3
2017-07-01,2017-06-01,16155.0,15325.438615403726,1,spline_ridge_change,cv,4
2017-08-01,2017-07-01,17334.0,15858.19580660478,1,spline_ridge_change,cv,4
2017-09-01,2017-08-01,11969.0,16768.079067092916,1,spline_ridge_change,cv,4
2017-10-01,2017-09-01,13740.0,13020.223122295758,1,spline_ridge_change,cv,4
2017-11-01,2017-10-01,13016.0,13378.63565844066,1,spline_ridge_change,cv,4
2017-12-01,2017-11-01,11479.0,13213.45109118992,1,spline_ridge_change,cv,4
2018-01-01,2017-12-01,13729.0,12877.739317981659,1,spline_ridge_change,cv,4
2018-02-01,2018-01-01,12392.0,13939.94695227184,1,spline_ridge_change,cv,4
2018-03-01,2018-02-01,12309.0,13615.452439034289,1,spline_ridge_change,cv,4
2018-04-01,2018-03-01,15788.0,13025.553146761555,1,spline_ridge_change,cv,4
2018-05-01,2018-04-01,14913.0,14795.435118940452,1,spline_ridge_change,cv,4
2018-06-01,2018-05-01,16070.0,14701.462140292218,1,spline_ridge_change,cv,4
2018-07-01,2018-06-01,11942.0,15350.187965091567,1,spline_ridge_change,cv,5
2018-08-01,2018-07-01,11359.0,12687.90534813721,1,spline_ridge_change,cv,5
2018-09-01,2018-08-01,12259.0,11736.245258714524,1,spline_ridge_change,cv,5
2018-10-01,2018-09-01,10961.0,12299.03889812926,1,spline_ridge_change,cv,5
2018-11-01,2018-10-01,12290.0,11912.661576848412,1,spline_ridge_change,cv,5
2018-12-01,2018-11-01,11655.0,12020.827516168913,1,spline_ridge_change,cv,5
2019-01-01,2018-12-01,13175.0,12678.340610753352,1,spline_ridge_change,cv,5
2019-02-01,2019-01-01,11704.0,13860.324323428722,1,spline_ridge_change,cv,5
2019-03-01,2019-02-01,13873.0,12491.313278394244,1,spline_ridge_change,cv,5
2019-04-01,2019-03-01,12654.0,14074.717750507258,1,spline_ridge_change,cv,5
2019-05-01,2019-04-01,15125.0,13307.184356785307,1,spline_ridge_change,cv,5
2019-06-01,2019-05-01,14786.0,14197.112965588827,1,spline_ridge_change,cv,5
2019-07-01,2019-06-01,10651.0,14176.46523770106,1,spline_ridge_change,cv,6
2019-08-01,2019-07-01,10412.0,11244.449700455498,1,spline_ridge_change,cv,6
2019-09-01,2019-08-01,9779.0,10758.347419505928,1,spline_ridge_change,cv,6
2019-10-01,2019-09-01,10744.0,10473.517282168268,1,spline_ridge_change,cv,6
2019-11-01,2019-10-01,10698.0,11248.634797942213,1,spline_ridge_change,cv,6
2019-12-01,2019-11-01,9646.0,11392.637498448967,1,spline_ridge_change,cv,6
2020-01-01,2019-12-01,9729.0,11295.208642487338,1,spline_ridge_change,cv,6
2020-02-01,2020-01-01,10374.0,11421.478098606642,1,spline_ridge_change,cv,6
2020-03-01,2020-02-01,11369.0,11638.467683181203,1,spline_ridge_change,cv,6
2020-04-01,2020-03-01,11968.0,12215.377287098085,1,spline_ridge_change,cv,6
2020-05-01,2020-04-01,12820.0,12806.09808536375,1,spline_ridge_change,cv,6
2020-06-01,2020-05-01,12539.0,12672.67199257565,1,spline_ridge_change,cv,6
2020-07-01,2020-06-01,11454.0,11972.792081551404,1,spline_ridge_change,cv,7
2020-08-01,2020-07-01,12065.0,11603.091307581206,1,spline_ridge_change,cv,7
2020-09-01,2020-08-01,11148.0,11456.867161613143,1,spline_ridge_change,cv,7
2020-10-01,2020-09-01,10510.0,11510.79246419932,1,spline_ridge_change,cv,7
2020-11-01,2020-10-01,9916.0,10742.855724058327,1,spline_ridge_change,cv,7
2020-12-01,2020-11-01,9876.0,10151.544715399568,1,spline_ridge_change,cv,7
2021-01-01,2020-12-01,9925.0,10457.102249755138,1,spline_ridge_change,cv,7
2021-02-01,2021-01-01,7396.0,10824.372808058031,1,spline_ridge_change,cv,7
2021-03-01,2021-02-01,8357.0,9420.346055915865,1,spline_ridge_change,cv,7
2021-04-01,2021-03-01,8739.0,9123.066403650111,1,spline_ridge_change,cv,7
2021-05-01,2021-04-01,8347.0,9107.531599800004,1,spline_ridge_change,cv,7
2021-06-01,2021-05-01,7753.0,8296.70845537183,1,spline_ridge_change,cv,7
2021-07-01,2021-06-01,8102.0,7482.030989911285,1,spline_ridge_change,cv,8
2021-08-01,2021-07-01,8501.0,7774.042913731487,1,spline_ridge_change,cv,8
2021-09-01,2021-08-01,7728.0,8097.813469336709,1,spline_ridge_change,cv,8
2021-10-01,2021-09-01,7439.0,7790.587975302272,1,spline_ridge_change,cv,8
2021-11-01,2021-10-01,7418.0,7400.050595006509,1,spline_ridge_change,cv,8
2021-12-01,2021-11-01,7395.0,7375.061119124689,1,spline_ridge_change,cv,8
2022-01-01,2021-12-01,7035.0,7677.552824972516,1,spline_ridge_change,cv,8
2022-02-01,2022-01-01,7823.0,7386.490409902565,1,spline_ridge_change,cv,8
2022-03-01,2022-02-01,6984.0,7785.2702784488065,1,spline_ridge_change,cv,8
2022-04-01,2022-03-01,7739.0,7347.932921288491,1,spline_ridge_change,cv,8
2022-05-01,2022-04-01,7120.0,7212.60800634262,1,spline_ridge_change,cv,8
2022-06-01,2022-05-01,8711.0,6452.744419035841,1,spline_ridge_change,cv,8
2022-07-01,2022-06-01,7451.0,7844.14427503504,1,spline_ridge_change,cv,9
2022-08-01,2022-07-01,7044.0,7835.939735648849,1,spline_ridge_change,cv,9
2022-09-01,2022-08-01,7597.0,7274.163451750644,1,spline_ridge_change,cv,9
2022-10-01,2022-09-01,8411.0,7229.107466231048,1,spline_ridge_change,cv,9
2022-11-01,2022-10-01,7340.0,8099.267482005089,1,spline_ridge_change,cv,9
2022-12-01,2022-11-01,7612.0,7580.929702140314,1,spline_ridge_change,cv,9
2023-01-01,2022-12-01,7164.0,7831.932175344096,1,spline_ridge_change,cv,9
2023-02-01,2023-01-01,7617.0,8078.411012629991,1,spline_ridge_change,cv,9
2023-03-01,2023-02-01,7033.0,7945.029061949898,1,spline_ridge_change,cv,9
2023-04-01,2023-03-01,8147.0,7525.284982313613,1,spline_ridge_change,cv,9
2023-05-01,2023-04-01,7900.0,7570.447092541426,1,spline_ridge_change,cv,9
2023-06-01,2023-05-01,7493.0,7470.47568995299,1,spline_ridge_change,cv,9
2023-07-01,2023-06-01,7796.0,7271.936341959754,1,spline_ridge_change,cv,10
2023-08-01,2023-07-01,6905.0,7551.116021025374,1,spline_ridge_change,cv,10
2023-09-01,2023-08-01,7540.0,7010.452598599599,1,spline_ridge_change,cv,10
2023-10-01,2023-09-01,8621.0,7288.720402193033,1,spline_ridge_change,cv,10
2023-11-01,2023-10-01,8518.0,8039.978453418753,1,spline_ridge_change,cv,10
2023-12-01,2023-11-01,7201.0,8756.49417653306,1,spline_ridge_change,cv,10
2024-01-01,2023-12-01,8093.0,8014.893674592898,1,spline_ridge_change,cv,10
2024-02-01,2024-01-01,8615.0,8675.09445407381,1,spline_ridge_change,cv,10
2024-03-01,2024-02-01,8824.0,8855.082941107017,1,spline_ridge_change,cv,10
2024-04-01,2024-03-01,8943.0,9538.738778224533,1,spline_ridge_change,cv,10
2024-05-01,2024-04-01,7981.0,9533.577708833816,1,spline_ridge_change,cv,10
2024-06-01,2024-05-01,7754.0,8212.871290471585,1,spline_ridge_change,cv,10
2014-07-01,2014-06-01,9805.0,11817.718569973624,1,random_forest_change,cv,1
2014-08-01,2014-07-01,10256.0,10221.020923611184,1,random_forest_change,cv,1
2014-09-01,2014-08-01,10049.0,10381.247773376814,1,random_forest_change,cv,1
2014-10-01,2014-09-01,12030.0,10202.56354891796,1,random_forest_change,cv,1
2014-11-01,2014-10-01,12754.0,11698.119424958346,1,random_forest_change,cv,1
2014-12-01,2014-11-01,14890.0,12478.205373243249,1,random_forest_change,cv,1
2015-01-01,2014-12-01,14787.0,14510.525316836281,1,random_forest_change,cv,1
2015-02-01,2015-01-01,15115.0,14455.012699733605,1,random_forest_change,cv,1
2015-03-01,2015-02-01,15064.0,14719.45552623052,1,random_forest_change,cv,1
2015-04-01,2015-03-01,14823.0,14593.83111538175,1,random_forest_change,cv,1
2015-05-01,2015-04-01,16615.0,14388.717773149461,1,random_forest_change,cv,1
2015-06-01,2015-05-01,15455.0,15998.137954042168,1,random_forest_change,cv,1
2015-07-01,2015-06-01,14161.0,15036.305379992842,1,random_forest_change,cv,2
2015-08-01,2015-07-01,13910.0,13761.693104086822,1,random_forest_change,cv,2
2015-09-01,2015-08-01,14637.0,13465.671358583537,1,random_forest_change,cv,2
2015-10-01,2015-09-01,15795.0,14271.58604989595,1,random_forest_change,cv,2
2015-11-01,2015-10-01,14984.0,15375.793357096049,1,random_forest_change,cv,2
2015-12-01,2015-11-01,16151.0,14716.048849504843,1,random_forest_change,cv,2
2016-01-01,2015-12-01,18005.0,15855.018902123256,1,random_forest_change,cv,2
2016-02-01,2016-01-01,20742.0,17750.649750676203,1,random_forest_change,cv,2
2016-03-01,2016-02-01,19278.0,20492.91094527831,1,random_forest_change,cv,2
2016-04-01,2016-03-01,22080.0,19085.0974004703,1,random_forest_change,cv,2
2016-05-01,2016-04-01,19368.0,21630.096573680272,1,random_forest_change,cv,2
2016-06-01,2016-05-01,18229.0,18990.19760050953,1,random_forest_change,cv,2
2016-07-01,2016-06-01,19348.0,17895.01368903858,1,random_forest_change,cv,3
2016-08-01,2016-07-01,19605.0,18985.367241016855,1,random_forest_change,cv,3
2016-09-01,2016-08-01,16292.0,19399.084346333228,1,random_forest_change,cv,3
2016-10-01,2016-09-01,19574.0,16433.733629700288,1,random_forest_change,cv,3
2016-11-01,2016-10-01,15731.0,19356.749732761513,1,random_forest_change,cv,3
2016-12-01,2016-11-01,13812.0,15782.697565057657,1,random_forest_change,cv,3
2017-01-01,2016-12-01,17923.0,14224.622387922587,1,random_forest_change,cv,3
2017-02-01,2017-01-01,16550.0,17887.041935513935,1,random_forest_change,cv,3
2017-03-01,2017-02-01,18812.0,16793.356602784483,1,random_forest_change,cv,3
2017-04-01,2017-03-01,17348.0,18584.423325792344,1,random_forest_change,cv,3
2017-05-01,2017-04-01,16805.0,17163.989649499694,1,random_forest_change,cv,3
2017-06-01,2017-05-01,15773.0,16439.336548599942,1,random_forest_change,cv,3
2017-07-01,2017-06-01,16155.0,15098.218650315841,1,random_forest_change,cv,4
2017-08-01,2017-07-01,17334.0,15295.233322237229,1,random_forest_change,cv,4
2017-09-01,2017-08-01,11969.0,16370.037325197085,1,random_forest_change,cv,4
2017-10-01,2017-09-01,13740.0,12818.255071429327,1,random_forest_change,cv,4
2017-11-01,2017-10-01,13016.0,13351.667960191595,1,random_forest_change,cv,4
2017-12-01,2017-11-01,11479.0,13335.989011873935,1,random_forest_change,cv,4
2018-01-01,2017-12-01,13729.0,12227.072220642223,1,random_forest_change,cv,4
2018-02-01,2018-01-01,12392.0,13574.071277207622,1,random_forest_change,cv,4
2018-03-01,2018-02-01,12309.0,13135.469592866388,1,random_forest_change,cv,4
2018-04-01,2018-03-01,15788.0,12527.683640602714,1,random_forest_change,cv,4
2018-05-01,2018-04-01,14913.0,14853.464034163899,1,random_forest_change,cv,4
2018-06-01,2018-05-01,16070.0,14293.187016165997,1,random_forest_change,cv,4
2018-07-01,2018-06-01,11942.0,15434.380241564642,1,random_forest_change,cv,5
2018-08-01,2018-07-01,11359.0,12460.310671824993,1,random_forest_change,cv,5
2018-09-01,2018-08-01,12259.0,11714.056826206197,1,random_forest_change,cv,5
2018-10-01,2018-09-01,10961.0,12686.757963435679,1,random_forest_change,cv,5
2018-11-01,2018-10-01,12290.0,11414.498284107925,1,random_forest_change,cv,5
2018-12-01,2018-11-01,11655.0,12068.802220715179,1,random_forest_change,cv,5
2019-01-01,2018-12-01,13175.0,12333.063300734191,1,random_forest_change,cv,5
2019-02-01,2019-01-01,11704.0,13342.626205052517,1,random_forest_change,cv,5
2019-03-01,2019-02-01,13873.0,12444.276254506907,1,random_forest_change,cv,5
2019-04-01,2019-03-01,12654.0,13828.051621803816,1,random_forest_change,cv,5
2019-05-01,2019-04-01,15125.0,13370.893122438916,1,random_forest_change,cv,5
2019-06-01,2019-05-01,14786.0,14397.932263386721,1,random_forest_change,cv,5
2019-07-01,2019-06-01,10651.0,15064.633676533396,1,random_forest_change,cv,6
2019-08-01,2019-07-01,10412.0,11299.521686481587,1,random_forest_change,cv,6
2019-09-01,2019-08-01,9779.0,10901.736789927152,1,random_forest_change,cv,6
2019-10-01,2019-09-01,10744.0,10333.223022699662,1,random_forest_change,cv,6
2019-11-01,2019-10-01,10698.0,10827.658953718275,1,random_forest_change,cv,6
2019-12-01,2019-11-01,9646.0,11081.114830118739,1,random_forest_change,cv,6
2020-01-01,2019-12-01,9729.0,10688.004137459984,1,random_forest_change,cv,6
2020-02-01,2020-01-01,10374.0,10317.163181683143,1,random_forest_change,cv,6
2020-03-01,2020-02-01,11369.0,10993.447709232023,1,random_forest_change,cv,6
2020-04-01,2020-03-01,11968.0,11612.801153322722,1,random_forest_change,cv,6
2020-05-01,2020-04-01,12820.0,12517.819971046687,1,random_forest_change,cv,6
2020-06-01,2020-05-01,12539.0,13090.707160701137,1,random_forest_change,cv,6
2020-07-01,2020-06-01,11454.0,12357.64649125988,1,random_forest_change,cv,7
2020-08-01,2020-07-01,12065.0,11515.635097093804,1,random_forest_change,cv,7
2020-09-01,2020-08-01,11148.0,12009.526752205487,1,random_forest_change,cv,7
2020-10-01,2020-09-01,10510.0,11450.096219807569,1,random_forest_change,cv,7
2020-11-01,2020-10-01,9916.0,10672.64620798239,1,random_forest_change,cv,7
2020-12-01,2020-11-01,9876.0,10090.443647519809,1,random_forest_change,cv,7
2021-01-01,2020-12-01,9925.0,10312.561657898657,1,random_forest_change,cv,7
2021-02-01,2021-01-01,7396.0,10435.852196513382,1,random_forest_change,cv,7
2021-03-01,2021-02-01,8357.0,8180.140713931023,1,random_forest_change,cv,7
2021-04-01,2021-03-01,8739.0,8665.939959369969,1,random_forest_change,cv,7
2021-05-01,2021-04-01,8347.0,9064.144295367101,1,random_forest_change,cv,7
2021-06-01,2021-05-01,7753.0,8372.192327369838,1,random_forest_change,cv,7
2021-07-01,2021-06-01,8102.0,7618.400361841959,1,random_forest_change,cv,8
2021-08-01,2021-07-01,8501.0,7788.423885278832,1,random_forest_change,cv,8
2021-09-01,2021-08-01,7728.0,8251.116726770222,1,random_forest_change,cv,8
2021-10-01,2021-09-01,7439.0,7783.989870556859,1,random_forest_change,cv,8
2021-11-01,2021-10-01,7418.0,7192.10586149317,1,random_forest_change,cv,8
2021-12-01,2021-11-01,7395.0,7102.124164255902,1,random_forest_change,cv,8
2022-01-01,2021-12-01,7035.0,7271.007027410834,1,random_forest_change,cv,8
2022-02-01,2022-01-01,7823.0,7206.161874653345,1,random_forest_change,cv,8
2022-03-01,2022-02-01,6984.0,7878.144942750638,1,random_forest_change,cv,8
2022-04-01,2022-03-01,7739.0,7225.378671297659,1,random_forest_change,cv,8
2022-05-01,2022-04-01,7120.0,7683.106003943092,1,random_forest_change,cv,8
2022-06-01,2022-05-01,8711.0,7047.942562396468,1,random_forest_change,cv,8
2022-07-01,2022-06-01,7451.0,8174.552436878239,1,random_forest_change,cv,9
2022-08-01,2022-07-01,7044.0,7827.824921717234,1,random_forest_change,cv,9
2022-09-01,2022-08-01,7597.0,7185.872433279192,1,random_forest_change,cv,9
2022-10-01,2022-09-01,8411.0,7452.246744027454,1,random_forest_change,cv,9
2022-11-01,2022-10-01,7340.0,8137.299842454754,1,random_forest_change,cv,9
2022-12-01,2022-11-01,7612.0,7421.2158534404625,1,random_forest_change,cv,9
2023-01-01,2022-12-01,7164.0,7588.738951299468,1,random_forest_change,cv,9
2023-02-01,2023-01-01,7617.0,7360.3031116092125,1,random_forest_change,cv,9
2023-03-01,2023-02-01,7033.0,7541.433270285881,1,random_forest_change,cv,9
2023-04-01,2023-03-01,8147.0,7223.663852632061,1,random_forest_change,cv,9
2023-05-01,2023-04-01,7900.0,7890.4549648603515,1,random_forest_change,cv,9
2023-06-01,2023-05-01,7493.0,7670.2794540366785,1,random_forest_change,cv,9
2023-07-01,2023-06-01,7796.0,7329.842613947803,1,random_forest_change,cv,10
2023-08-01,2023-07-01,6905.0,7505.644892729561,1,random_forest_change,cv,10
2023-09-01,2023-08-01,7540.0,6996.621583350249,1,random_forest_change,cv,10
2023-10-01,2023-09-01,8621.0,7291.632336474604,1,random_forest_change,cv,10
2023-11-01,2023-10-01,8518.0,8307.179610400795,1,random_forest_change,cv,10
2023-12-01,2023-11-01,7201.0,8280.608670858957,1,random_forest_change,cv,10
2024-01-01,2023-12-01,8093.0,7750.116549340763,1,random_forest_change,cv,10
2024-02-01,2024-01-01,8615.0,7958.383316068658,1,random_forest_change,cv,10
2024-03-01,2024-02-01,8824.0,8540.57242137397,1,random_forest_change,cv,10
2024-04-01,2024-03-01,8943.0,8672.708326551563,1,random_forest_change,cv,10
2024-05-01,2024-04-01,7981.0,8730.660466362482,1,random_forest_change,cv,10
2024-06-01,2024-05-01,7754.0,8038.253515916004,1,random_forest_change,cv,10
2014-07-01,2014-06-01,9805.0,11721.3740234375,1,xgboost_change,cv,1
2014-08-01,2014-07-01,10256.0,10147.5068359375,1,xgboost_change,cv,1
2014-09-01,2014-08-01,10049.0,10256.111328125,1,xgboost_change,cv,1
2014-10-01,2014-09-01,12030.0,10117.78515625,1,xgboost_change,cv,1
2014-11-01,2014-10-01,12754.0,11616.470703125,1,xgboost_change,cv,1
2014-12-01,2014-11-01,14890.0,12356.193359375,1,xgboost_change,cv,1
2015-01-01,2014-12-01,14787.0,14324.18359375,1,xgboost_change,cv,1
2015-02-01,2015-01-01,15115.0,14287.439453125,1,xgboost_change,cv,1
2015-03-01,2015-02-01,15064.0,14621.7353515625,1,xgboost_change,cv,1
2015-04-01,2015-03-01,14823.0,14483.919921875,1,xgboost_change,cv,1
2015-05-01,2015-04-01,16615.0,14235.5859375,1,xgboost_change,cv,1
2015-06-01,2015-05-01,15455.0,15740.0283203125,1,xgboost_change,cv,1
2015-07-01,2015-06-01,14161.0,15022.14453125,1,xgboost_change,cv,2
2015-08-01,2015-07-01,13910.0,13679.1376953125,1,xgboost_change,cv,2
2015-09-01,2015-08-01,14637.0,13439.21875,1,xgboost_change,cv,2
2015-10-01,2015-09-01,15795.0,14213.0234375,1,xgboost_change,cv,2
2015-11-01,2015-10-01,14984.0,15291.984375,1,xgboost_change,cv,2
2015-12-01,2015-11-01,16151.0,14672.5302734375,1,xgboost_change,cv,2
2016-01-01,2015-12-01,18005.0,16017.0244140625,1,xgboost_change,cv,2
2016-02-01,2016-01-01,20742.0,17871.025390625,1,xgboost_change,cv,2
2016-03-01,2016-02-01,19278.0,20559.599609375,1,xgboost_change,cv,2
2016-04-01,2016-03-01,22080.0,19068.0,1,xgboost_change,cv,2
2016-05-01,2016-04-01,19368.0,21738.96484375,1,xgboost_change,cv,2
2016-06-01,2016-05-01,18229.0,18933.623046875,1,xgboost_change,cv,2
2016-07-01,2016-06-01,19348.0,17811.3671875,1,xgboost_change,cv,3
2016-08-01,2016-07-01,19605.0,18831.7578125,1,xgboost_change,cv,3
2016-09-01,2016-08-01,16292.0,19234.443359375,1,xgboost_change,cv,3
2016-10-01,2016-09-01,19574.0,16289.001953125,1,xgboost_change,cv,3
2016-11-01,2016-10-01,15731.0,19224.681640625,1,xgboost_change,cv,3
2016-12-01,2016-11-01,13812.0,15681.7119140625,1,xgboost_change,cv,3
2017-01-01,2016-12-01,17923.0,14343.033203125,1,xgboost_change,cv,3
2017-02-01,2017-01-01,16550.0,17933.416015625,1,xgboost_change,cv,3
2017-03-01,2017-02-01,18812.0,16837.421875,1,xgboost_change,cv,3
2017-04-01,2017-03-01,17348.0,18597.564453125,1,xgboost_change,cv,3
2017-05-01,2017-04-01,16805.0,17163.09765625,1,xgboost_change,cv,3
2017-06-01,2017-05-01,15773.0,16388.234375,1,xgboost_change,cv,3
2017-07-01,2017-06-01,16155.0,15239.685546875,1,xgboost_change,cv,4
2017-08-01,2017-07-01,17334.0,15446.21875,1,xgboost_change,cv,4
2017-09-01,2017-08-01,11969.0,16502.2890625,1,xgboost_change,cv,4
2017-10-01,2017-09-01,13740.0,12711.4921875,1,xgboost_change,cv,4
2017-11-01,2017-10-01,13016.0,13602.837890625,1,xgboost_change,cv,4
2017-12-01,2017-11-01,11479.0,13426.05859375,1,xgboost_change,cv,4
2018-01-01,2017-12-01,13729.0,12327.9912109375,1,xgboost_change,cv,4
2018-02-01,2018-01-01,12392.0,13949.7890625,1,xgboost_change,cv,4
2018-03-01,2018-02-01,12309.0,13174.0361328125,1,xgboost_change,cv,4
2018-04-01,2018-03-01,15788.0,12441.0458984375,1,xgboost_change,cv,4
2018-05-01,2018-04-01,14913.0,15196.2099609375,1,xgboost_change,cv,4
2018-06-01,2018-05-01,16070.0,14409.4111328125,1,xgboost_change,cv,4
2018-07-01,2018-06-01,11942.0,15452.3544921875,1,xgboost_change,cv,5
2018-08-01,2018-07-01,11359.0,12222.990234375,1,xgboost_change,cv,5
2018-09-01,2018-08-01,12259.0,11644.90625,1,xgboost_change,cv,5
2018-10-01,2018-09-01,10961.0,12575.46875,1,xgboost_change,cv,5
2018-11-01,2018-10-01,12290.0,11432.8095703125,1,xgboost_change,cv,5
2018-12-01,2018-11-01,11655.0,12128.63671875,1,xgboost_change,cv,5
2019-01-01,2018-12-01,13175.0,12440.5634765625,1,xgboost_change,cv,5
2019-02-01,2019-01-01,11704.0,13372.333984375,1,xgboost_change,cv,5
2019-03-01,2019-02-01,13873.0,12257.466796875,1,xgboost_change,cv,5
2019-04-01,2019-03-01,12654.0,13817.4775390625,1,xgboost_change,cv,5
2019-05-01,2019-04-01,15125.0,13372.9326171875,1,xgboost_change,cv,5
2019-06-01,2019-05-01,14786.0,14341.5068359375,1,xgboost_change,cv,5
2019-07-01,2019-06-01,10651.0,14787.541015625,1,xgboost_change,cv,6
2019-08-01,2019-07-01,10412.0,11009.01953125,1,xgboost_change,cv,6
2019-09-01,2019-08-01,9779.0,10749.8330078125,1,xgboost_change,cv,6
2019-10-01,2019-09-01,10744.0,10126.2158203125,1,xgboost_change,cv,6
2019-11-01,2019-10-01,10698.0,10579.8173828125,1,xgboost_change,cv,6
2019-12-01,2019-11-01,9646.0,10808.3896484375,1,xgboost_change,cv,6
2020-01-01,2019-12-01,9729.0,10512.8515625,1,xgboost_change,cv,6
2020-02-01,2020-01-01,10374.0,10277.9912109375,1,xgboost_change,cv,6
2020-03-01,2020-02-01,11369.0,10954.3076171875,1,xgboost_change,cv,6
2020-04-01,2020-03-01,11968.0,11501.62109375,1,xgboost_change,cv,6
2020-05-01,2020-04-01,12820.0,12494.84765625,1,xgboost_change,cv,6
2020-06-01,2020-05-01,12539.0,12898.9375,1,xgboost_change,cv,6
2020-07-01,2020-06-01,11454.0,12219.2138671875,1,xgboost_change,cv,7
2020-08-01,2020-07-01,12065.0,11442.771484375,1,xgboost_change,cv,7
2020-09-01,2020-08-01,11148.0,11910.330078125,1,xgboost_change,cv,7
2020-10-01,2020-09-01,10510.0,11363.3701171875,1,xgboost_change,cv,7
2020-11-01,2020-10-01,9916.0,10574.05859375,1,xgboost_change,cv,7
2020-12-01,2020-11-01,9876.0,9950.548828125,1,xgboost_change,cv,7
2021-01-01,2020-12-01,9925.0,10258.7109375,1,xgboost_change,cv,7
2021-02-01,2021-01-01,7396.0,10377.6953125,1,xgboost_change,cv,7
2021-03-01,2021-02-01,8357.0,7912.80859375,1,xgboost_change,cv,7
2021-04-01,2021-03-01,8739.0,8564.3291015625,1,xgboost_change,cv,7
2021-05-01,2021-04-01,8347.0,9019.833984375,1,xgboost_change,cv,7
2021-06-01,2021-05-01,7753.0,8151.30810546875,1,xgboost_change,cv,7
2021-07-01,2021-06-01,8102.0,7616.2265625,1,xgboost_change,cv,8
2021-08-01,2021-07-01,8501.0,7701.59130859375,1,xgboost_change,cv,8
2021-09-01,2021-08-01,7728.0,8127.57470703125,1,xgboost_change,cv,8
2021-10-01,2021-09-01,7439.0,7756.51318359375,1,xgboost_change,cv,8
2021-11-01,2021-10-01,7418.0,7041.25927734375,1,xgboost_change,cv,8
2021-12-01,2021-11-01,7395.0,6953.259765625,1,xgboost_change,cv,8
2022-01-01,2021-12-01,7035.0,7397.958984375,1,xgboost_change,cv,8
2022-02-01,2022-01-01,7823.0,7137.32861328125,1,xgboost_change,cv,8
2022-03-01,2022-02-01,6984.0,7781.71533203125,1,xgboost_change,cv,8
2022-04-01,2022-03-01,7739.0,7219.95458984375,1,xgboost_change,cv,8
2022-05-01,2022-04-01,7120.0,7679.49658203125,1,xgboost_change,cv,8
2022-06-01,2022-05-01,8711.0,6922.62939453125,1,xgboost_change,cv,8
2022-07-01,2022-06-01,7451.0,8241.95703125,1,xgboost_change,cv,9
2022-08-01,2022-07-01,7044.0,7653.25,1,xgboost_change,cv,9
2022-09-01,2022-08-01,7597.0,7054.42822265625,1,xgboost_change,cv,9
2022-10-01,2022-09-01,8411.0,7285.41259765625,1,xgboost_change,cv,9
2022-11-01,2022-10-01,7340.0,8053.5302734375,1,xgboost_change,cv,9
2022-12-01,2022-11-01,7612.0,7461.84228515625,1,xgboost_change,cv,9
2023-01-01,2022-12-01,7164.0,7604.86376953125,1,xgboost_change,cv,9
2023-02-01,2023-01-01,7617.0,7404.611328125,1,xgboost_change,cv,9
2023-03-01,2023-02-01,7033.0,7533.248046875,1,xgboost_change,cv,9
2023-04-01,2023-03-01,8147.0,7213.0869140625,1,xgboost_change,cv,9
2023-05-01,2023-04-01,7900.0,7999.31787109375,1,xgboost_change,cv,9
2023-06-01,2023-05-01,7493.0,7625.61572265625,1,xgboost_change,cv,9
2023-07-01,2023-06-01,7796.0,7342.0849609375,1,xgboost_change,cv,10
2023-08-01,2023-07-01,6905.0,7441.73291015625,1,xgboost_change,cv,10
2023-09-01,2023-08-01,7540.0,7025.0361328125,1,xgboost_change,cv,10
2023-10-01,2023-09-01,8621.0,7158.90673828125,1,xgboost_change,cv,10
2023-11-01,2023-10-01,8518.0,8164.7802734375,1,xgboost_change,cv,10
2023-12-01,2023-11-01,7201.0,8190.01513671875,1,xgboost_change,cv,10
2024-01-01,2023-12-01,8093.0,7548.658203125,1,xgboost_change,cv,10
2024-02-01,2024-01-01,8615.0,7963.853515625,1,xgboost_change,cv,10
2024-03-01,2024-02-01,8824.0,8514.3603515625,1,xgboost_change,cv,10
2024-04-01,2024-03-01,8943.0,8694.9619140625,1,xgboost_change,cv,10
2024-05-01,2024-04-01,7981.0,8800.70703125,1,xgboost_change,cv,10
2024-06-01,2024-05-01,7754.0,7977.56982421875,1,xgboost_change,cv,10
2014-07-01,2014-06-01,9805.0,11709.74565726781,1,neural_network_change,cv,1
2014-08-01,2014-07-01,10256.0,10274.657842995197,1,neural_network_change,cv,1
2014-09-01,2014-08-01,10049.0,9859.384993762249,1,neural_network_change,cv,1
2014-10-01,2014-09-01,12030.0,10116.816448020656,1,neural_network_change,cv,1
2014-11-01,2014-10-01,12754.0,11308.514399873678,1,neural_network_change,cv,1
2014-12-01,2014-11-01,14890.0,11636.099761828085,1,neural_network_change,cv,1
2015-01-01,2014-12-01,14787.0,13770.80842113285,1,neural_network_change,cv,1
2015-02-01,2015-01-01,15115.0,14026.141684737202,1,neural_network_change,cv,1
2015-03-01,2015-02-01,15064.0,13816.915286927217,1,neural_network_change,cv,1
2015-04-01,2015-03-01,14823.0,14341.85360139012,1,neural_network_change,cv,1
2015-05-01,2015-04-01,16615.0,14268.779728542848,1,neural_network_change,cv,1
2015-06-01,2015-05-01,15455.0,14974.245712920481,1,neural_network_change,cv,1
2015-07-01,2015-06-01,14161.0,14826.2471768596,1,neural_network_change,cv,2
2015-08-01,2015-07-01,13910.0,13924.586253967158,1,neural_network_change,cv,2
2015-09-01,2015-08-01,14637.0,13433.493440347367,1,neural_network_change,cv,2
2015-10-01,2015-09-01,15795.0,13995.652401328905,1,neural_network_change,cv,2
2015-11-01,2015-10-01,14984.0,15233.646795457369,1,neural_network_change,cv,2
2015-12-01,2015-11-01,16151.0,15292.404831643415,1,neural_network_change,cv,2
2016-01-01,2015-12-01,18005.0,16159.13663389054,1,neural_network_change,cv,2
2016-02-01,2016-01-01,20742.0,17963.513026971672,1,neural_network_change,cv,2
2016-03-01,2016-02-01,19278.0,19705.84735855653,1,neural_network_change,cv,2
2016-04-01,2016-03-01,22080.0,19041.91844996762,1,neural_network_change,cv,2
2016-05-01,2016-04-01,19368.0,20892.316240099426,1,neural_network_change,cv,2
2016-06-01,2016-05-01,18229.0,19142.29017378918,1,neural_network_change,cv,2
2016-07-01,2016-06-01,19348.0,17703.07351986174,1,neural_network_change,cv,3
2016-08-01,2016-07-01,19605.0,18431.565935488718,1,neural_network_change,cv,3
2016-09-01,2016-08-01,16292.0,18720.081012424966,1,neural_network_change,cv,3
2016-10-01,2016-09-01,19574.0,17013.063923644346,1,neural_network_change,cv,3
2016-11-01,2016-10-01,15731.0,18716.204051436212,1,neural_network_change,cv,3
2016-12-01,2016-11-01,13812.0,16694.27978568093,1,neural_network_change,cv,3
2017-01-01,2016-12-01,17923.0,15166.984812759063,1,neural_network_change,cv,3
2017-02-01,2017-01-01,16550.0,17770.78509973875,1,neural_network_change,cv,3
2017-03-01,2017-02-01,18812.0,17057.348450366262,1,neural_network_change,cv,3
2017-04-01,2017-03-01,17348.0,18148.044477128744,1,neural_network_change,cv,3
2017-05-01,2017-04-01,16805.0,17326.212324305365,1,neural_network_change,cv,3
2017-06-01,2017-05-01,15773.0,16424.199326478956,1,neural_network_change,cv,3
2017-07-01,2017-06-01,16155.0,15205.285847826726,1,neural_network_change,cv,4
2017-08-01,2017-07-01,17334.0,15131.465534291328,1,neural_network_change,cv,4
2017-09-01,2017-08-01,11969.0,15864.391065260139,1,neural_network_change,cv,4
2017-10-01,2017-09-01,13740.0,13737.148650350293,1,neural_network_change,cv,4
2017-11-01,2017-10-01,13016.0,13185.141293894,1,neural_network_change,cv,4
2017-12-01,2017-11-01,11479.0,13603.33940190756,1,neural_network_change,cv,4
2018-01-01,2017-12-01,13729.0,13227.02024907902,1,neural_network_change,cv,4
2018-02-01,2018-01-01,12392.0,14015.399582102658,1,neural_network_change,cv,4
2018-03-01,2018-02-01,12309.0,14085.331851923564,1,neural_network_change,cv,4
2018-04-01,2018-03-01,15788.0,13621.858733452078,1,neural_network_change,cv,4
2018-05-01,2018-04-01,14913.0,14728.422616765387,1,neural_network_change,cv,4
2018-06-01,2018-05-01,16070.0,14771.494873232623,1,neural_network_change,cv,4
2018-07-01,2018-06-01,11942.0,14765.145106668633,1,neural_network_change,cv,5
2018-08-01,2018-07-01,11359.0,13309.660692567453,1,neural_network_change,cv,5
2018-09-01,2018-08-01,12259.0,11521.855634396974,1,neural_network_change,cv,5
2018-10-01,2018-09-01,10961.0,11892.19766054548,1,neural_network_change,cv,5
2018-11-01,2018-10-01,12290.0,11459.732610040879,1,neural_network_change,cv,5
2018-12-01,2018-11-01,11655.0,11821.469536326087,1,neural_network_change,cv,5
2019-01-01,2018-12-01,13175.0,12547.670284690608,1,neural_network_change,cv,5
2019-02-01,2019-01-01,11704.0,13113.534269857517,1,neural_network_change,cv,5
2019-03-01,2019-02-01,13873.0,12007.566610615833,1,neural_network_change,cv,5
2019-04-01,2019-03-01,12654.0,13605.846364569185,1,neural_network_change,cv,5
2019-05-01,2019-04-01,15125.0,13092.943894084261,1,neural_network_change,cv,5
2019-06-01,2019-05-01,14786.0,14284.904070018165,1,neural_network_change,cv,5
2019-07-01,2019-06-01,10651.0,13510.58607223941,1,neural_network_change,cv,6
2019-08-01,2019-07-01,10412.0,11230.6818454836,1,neural_network_change,cv,6
2019-09-01,2019-08-01,9779.0,9944.063908891805,1,neural_network_change,cv,6
2019-10-01,2019-09-01,10744.0,10072.913015708236,1,neural_network_change,cv,6
2019-11-01,2019-10-01,10698.0,10299.455527295471,1,neural_network_change,cv,6
2019-12-01,2019-11-01,9646.0,11029.223109353234,1,neural_network_change,cv,6
2020-01-01,2019-12-01,9729.0,10757.648423405453,1,neural_network_change,cv,6
2020-02-01,2020-01-01,10374.0,10884.078992368297,1,neural_network_change,cv,6
2020-03-01,2020-02-01,11369.0,11359.346274344629,1,neural_network_change,cv,6
2020-04-01,2020-03-01,11968.0,11803.499311713347,1,neural_network_change,cv,6
2020-05-01,2020-04-01,12820.0,12029.2810751245,1,neural_network_change,cv,6
2020-06-01,2020-05-01,12539.0,12116.167554124808,1,neural_network_change,cv,6
2020-07-01,2020-06-01,11454.0,11164.346010448755,1,neural_network_change,cv,7
2020-08-01,2020-07-01,12065.0,10691.08165734998,1,neural_network_change,cv,7
2020-09-01,2020-08-01,11148.0,10311.419154024914,1,neural_network_change,cv,7
2020-10-01,2020-09-01,10510.0,10843.18507788867,1,neural_network_change,cv,7
2020-11-01,2020-10-01,9916.0,10060.765503942663,1,neural_network_change,cv,7
2020-12-01,2020-11-01,9876.0,9676.428668486684,1,neural_network_change,cv,7
2021-01-01,2020-12-01,9925.0,10064.051837160954,1,neural_network_change,cv,7
2021-02-01,2021-01-01,7396.0,10252.180316760894,1,neural_network_change,cv,7
2021-03-01,2021-02-01,8357.0,8390.270355014245,1,neural_network_change,cv,7
2021-04-01,2021-03-01,8739.0,8920.288390991996,1,neural_network_change,cv,7
2021-05-01,2021-04-01,8347.0,9096.076374230397,1,neural_network_change,cv,7
2021-06-01,2021-05-01,7753.0,8607.586315898281,1,neural_network_change,cv,7
2021-07-01,2021-06-01,8102.0,7844.360535393699,1,neural_network_change,cv,8
2021-08-01,2021-07-01,8501.0,8075.303757449434,1,neural_network_change,cv,8
2021-09-01,2021-08-01,7728.0,8444.319781807097,1,neural_network_change,cv,8
2021-10-01,2021-09-01,7439.0,7733.011689953397,1,neural_network_change,cv,8
2021-11-01,2021-10-01,7418.0,7400.325182229023,1,neural_network_change,cv,8
2021-12-01,2021-11-01,7395.0,7479.176942402256,1,neural_network_change,cv,8
2022-01-01,2021-12-01,7035.0,7675.986080606074,1,neural_network_change,cv,8
2022-02-01,2022-01-01,7823.0,7203.032964230261,1,neural_network_change,cv,8
2022-03-01,2022-02-01,6984.0,7784.196099943542,1,neural_network_change,cv,8
2022-04-01,2022-03-01,7739.0,7112.794090744466,1,neural_network_change,cv,8
2022-05-01,2022-04-01,7120.0,7656.062864459059,1,neural_network_change,cv,8
2022-06-01,2022-05-01,8711.0,7163.935947935676,1,neural_network_change,cv,8
2022-07-01,2022-06-01,7451.0,8361.524123676518,1,neural_network_change,cv,9
2022-08-01,2022-07-01,7044.0,8060.123466796357,1,neural_network_change,cv,9
2022-09-01,2022-08-01,7597.0,7630.906161605562,1,neural_network_change,cv,9
2022-10-01,2022-09-01,8411.0,7508.3751050734245,1,neural_network_change,cv,9
2022-11-01,2022-10-01,7340.0,8041.097069947951,1,neural_network_change,cv,9
2022-12-01,2022-11-01,7612.0,7616.472383398161,1,neural_network_change,cv,9
2023-01-01,2022-12-01,7164.0,7751.106143143627,1,neural_network_change,cv,9
2023-02-01,2023-01-01,7617.0,7547.605982486655,1,neural_network_change,cv,9
2023-03-01,2023-02-01,7033.0,7380.719390433222,1,neural_network_change,cv,9
2023-04-01,2023-03-01,8147.0,7197.954829832912,1,neural_network_change,cv,9
2023-05-01,2023-04-01,7900.0,7934.809691375605,1,neural_network_change,cv,9
2023-06-01,2023-05-01,7493.0,8003.181423168251,1,neural_network_change,cv,9
2023-07-01,2023-06-01,7796.0,7117.21044892417,1,neural_network_change,cv,10
2023-08-01,2023-07-01,6905.0,6860.858998663203,1,neural_network_change,cv,10
2023-09-01,2023-08-01,7540.0,6490.630243501847,1,neural_network_change,cv,10
2023-10-01,2023-09-01,8621.0,6853.920295574642,1,neural_network_change,cv,10
2023-11-01,2023-10-01,8518.0,7354.966575473034,1,neural_network_change,cv,10
2023-12-01,2023-11-01,7201.0,7484.492478281474,1,neural_network_change,cv,10
2024-01-01,2023-12-01,8093.0,7485.908712125471,1,neural_network_change,cv,10
2024-02-01,2024-01-01,8615.0,7376.282141841388,1,neural_network_change,cv,10
2024-03-01,2024-02-01,8824.0,8421.315472925482,1,neural_network_change,cv,10
2024-04-01,2024-03-01,8943.0,8484.00501594498,1,neural_network_change,cv,10
2024-05-01,2024-04-01,7981.0,8327.083063229793,1,neural_network_change,cv,10
2024-06-01,2024-05-01,7754.0,7727.586024439492,1,neural_network_change,cv,10
2014-07-01,2014-06-01,9805.0,11830.25005483978,1,rolling_ridge_change,cv,1
2014-08-01,2014-07-01,10256.0,10211.036743753984,1,rolling_ridge_change,cv,1
2014-09-01,2014-08-01,10049.0,10224.79504280196,1,rolling_ridge_change,cv,1
2014-10-01,2014-09-01,12030.0,10193.569221732156,1,rolling_ridge_change,cv,1
2014-11-01,2014-10-01,12754.0,11612.38178591569,1,rolling_ridge_change,cv,1
2014-12-01,2014-11-01,14890.0,12261.081536496838,1,rolling_ridge_change,cv,1
2015-01-01,2014-12-01,14787.0,14044.623457899908,1,rolling_ridge_change,cv,1
2015-02-01,2015-01-01,15115.0,14177.280916757401,1,rolling_ridge_change,cv,1
2015-03-01,2015-02-01,15064.0,14429.18630834939,1,rolling_ridge_change,cv,1
2015-04-01,2015-03-01,14823.0,14454.289307664216,1,rolling_ridge_change,cv,1
2015-05-01,2015-04-01,16615.0,14292.673401062382,1,rolling_ridge_change,cv,1
2015-06-01,2015-05-01,15455.0,15299.894935463199,1,rolling_ridge_change,cv,1
2015-07-01,2015-06-01,14161.0,15260.18359622014,1,rolling_ridge_change,cv,2
2015-08-01,2015-07-01,13910.0,14113.82156833459,1,rolling_ridge_change,cv,2
2015-09-01,2015-08-01,14637.0,13787.606032575972,1,rolling_ridge_change,cv,2
2015-10-01,2015-09-01,15795.0,14596.667595215571,1,rolling_ridge_change,cv,2
2015-11-01,2015-10-01,14984.0,15761.097299885336,1,rolling_ridge_change,cv,2
2015-12-01,2015-11-01,16151.0,15238.311749975303,1,rolling_ridge_change,cv,2
2016-01-01,2015-12-01,18005.0,16331.068172737154,1,rolling_ridge_change,cv,2
2016-02-01,2016-01-01,20742.0,18224.187537215807,1,rolling_ridge_change,cv,2
2016-03-01,2016-02-01,19278.0,20588.816100636825,1,rolling_ridge_change,cv,2
2016-04-01,2016-03-01,22080.0,19424.986389221456,1,rolling_ridge_change,cv,2
2016-05-01,2016-04-01,19368.0,21811.58195039636,1,rolling_ridge_change,cv,2
2016-06-01,2016-05-01,18229.0,19476.976407150316,1,rolling_ridge_change,cv,2
2016-07-01,2016-06-01,19348.0,18184.742371042656,1,rolling_ridge_change,cv,3
2016-08-01,2016-07-01,19605.0,19189.38390619527,1,rolling_ridge_change,cv,3
2016-09-01,2016-08-01,16292.0,19545.490325853894,1,rolling_ridge_change,cv,3
2016-10-01,2016-09-01,19574.0,16706.617925663257,1,rolling_ridge_change,cv,3
2016-11-01,2016-10-01,15731.0,19542.007429182755,1,rolling_ridge_change,cv,3
2016-12-01,2016-11-01,13812.0,16321.446411103143,1,rolling_ridge_change,cv,3
2017-01-01,2016-12-01,17923.0,14423.677207964629,1,rolling_ridge_change,cv,3
2017-02-01,2017-01-01,16550.0,18166.607700705303,1,rolling_ridge_change,cv,3
2017-03-01,2017-02-01,18812.0,17003.50389433018,1,rolling_ridge_change,cv,3
2017-04-01,2017-03-01,17348.0,18963.911362276725,1,rolling_ridge_change,cv,3
2017-05-01,2017-04-01,16805.0,17561.620290463263,1,rolling_ridge_change,cv,3
2017-06-01,2017-05-01,15773.0,16854.94942861015,1,rolling_ridge_change,cv,3
2017-07-01,2017-06-01,16155.0,15599.126232113962,1,rolling_ridge_change,cv,4
2017-08-01,2017-07-01,17334.0,15823.14940134339,1,rolling_ridge_change,cv,4
2017-09-01,2017-08-01,11969.0,16760.845692243798,1,rolling_ridge_change,cv,4
2017-10-01,2017-09-01,13740.0,12735.144341836653,1,rolling_ridge_change,cv,4
2017-11-01,2017-10-01,13016.0,13506.197497798195,1,rolling_ridge_change,cv,4
2017-12-01,2017-11-01,11479.0,13224.001336961448,1,rolling_ridge_change,cv,4
2018-01-01,2017-12-01,13729.0,12013.141731317797,1,rolling_ridge_change,cv,4
2018-02-01,2018-01-01,12392.0,13618.36908827592,1,rolling_ridge_change,cv,4
2018-03-01,2018-02-01,12309.0,12941.00756424266,1,rolling_ridge_change,cv,4
2018-04-01,2018-03-01,15788.0,12584.24006781378,1,rolling_ridge_change,cv,4
2018-05-01,2018-04-01,14913.0,15283.160250364464,1,rolling_ridge_change,cv,4
2018-06-01,2018-05-01,16070.0,14811.599476478876,1,rolling_ridge_change,cv,4
2018-07-01,2018-06-01,11942.0,15582.37707980845,1,rolling_ridge_change,cv,5
2018-08-01,2018-07-01,11359.0,12362.955959788333,1,rolling_ridge_change,cv,5
2018-09-01,2018-08-01,12259.0,11477.81380834507,1,rolling_ridge_change,cv,5
2018-10-01,2018-09-01,10961.0,12240.428664435078,1,rolling_ridge_change,cv,5
2018-11-01,2018-10-01,12290.0,11505.863065448973,1,rolling_ridge_change,cv,5
2018-12-01,2018-11-01,11655.0,12252.645953845678,1,rolling_ridge_change,cv,5
2019-01-01,2018-12-01,13175.0,12047.20824360643,1,rolling_ridge_change,cv,5
2019-02-01,2019-01-01,11704.0,13186.368650799614,1,rolling_ridge_change,cv,5
2019-03-01,2019-02-01,13873.0,12655.374258870477,1,rolling_ridge_change,cv,5
2019-04-01,2019-03-01,12654.0,13858.931501945899,1,rolling_ridge_change,cv,5
2019-05-01,2019-04-01,15125.0,12948.676643593553,1,rolling_ridge_change,cv,5
2019-06-01,2019-05-01,14786.0,14680.790740994265,1,rolling_ridge_change,cv,5
2019-07-01,2019-06-01,10651.0,14467.557315405145,1,rolling_ridge_change,cv,6
2019-08-01,2019-07-01,10412.0,11568.438259683917,1,rolling_ridge_change,cv,6
2019-09-01,2019-08-01,9779.0,10622.334439070042,1,rolling_ridge_change,cv,6
2019-10-01,2019-09-01,10744.0,10488.519535203819,1,rolling_ridge_change,cv,6
2019-11-01,2019-10-01,10698.0,11324.999411555671,1,rolling_ridge_change,cv,6
2019-12-01,2019-11-01,9646.0,11601.011949710763,1,rolling_ridge_change,cv,6
2020-01-01,2019-12-01,9729.0,10769.534561892497,1,rolling_ridge_change,cv,6
2020-02-01,2020-01-01,10374.0,10890.588700056,1,rolling_ridge_change,cv,6
2020-03-01,2020-02-01,11369.0,11557.114838693242,1,rolling_ridge_change,cv,6
2020-04-01,2020-03-01,11968.0,12312.520483294084,1,rolling_ridge_change,cv,6
2020-05-01,2020-04-01,12820.0,13002.994776353687,1,rolling_ridge_change,cv,6
2020-06-01,2020-05-01,12539.0,13387.345808031365,1,rolling_ridge_change,cv,6
2020-07-01,2020-06-01,11454.0,12453.66037056137,1,rolling_ridge_change,cv,7
2020-08-01,2020-07-01,12065.0,11683.246013644097,1,rolling_ridge_change,cv,7
2020-09-01,2020-08-01,11148.0,11813.380287368736,1,rolling_ridge_change,cv,7
2020-10-01,2020-09-01,10510.0,11446.792026403824,1,rolling_ridge_change,cv,7
2020-11-01,2020-10-01,9916.0,10841.33813302007,1,rolling_ridge_change,cv,7
2020-12-01,2020-11-01,9876.0,10321.983018498247,1,rolling_ridge_change,cv,7
2021-01-01,2020-12-01,9925.0,10347.413614777557,1,rolling_ridge_change,cv,7
2021-02-01,2021-01-01,7396.0,10407.350134892471,1,rolling_ridge_change,cv,7
2021-03-01,2021-02-01,8357.0,8575.75690516237,1,rolling_ridge_change,cv,7
2021-04-01,2021-03-01,8739.0,8723.263705477095,1,rolling_ridge_change,cv,7
2021-05-01,2021-04-01,8347.0,8871.321827714113,1,rolling_ridge_change,cv,7
2021-06-01,2021-05-01,7753.0,8469.476977128646,1,rolling_ridge_change,cv,7
2021-07-01,2021-06-01,8102.0,7678.116766379819,1,rolling_ridge_change,cv,8
2021-08-01,2021-07-01,8501.0,7746.825703553351,1,rolling_ridge_change,cv,8
2021-09-01,2021-08-01,7728.0,8119.399952389454,1,rolling_ridge_change,cv,8
2021-10-01,2021-09-01,7439.0,7558.679588176761,1,rolling_ridge_change,cv,8
2021-11-01,2021-10-01,7418.0,7257.4535562702185,1,rolling_ridge_change,cv,8
2021-12-01,2021-11-01,7395.0,7306.8152336795665,1,rolling_ridge_change,cv,8
2022-01-01,2021-12-01,7035.0,7315.727120941933,1,rolling_ridge_change,cv,8
2022-02-01,2022-01-01,7823.0,7256.940356798683,1,rolling_ridge_change,cv,8
2022-03-01,2022-02-01,6984.0,7770.542240007421,1,rolling_ridge_change,cv,8
2022-04-01,2022-03-01,7739.0,7211.177222255505,1,rolling_ridge_change,cv,8
2022-05-01,2022-04-01,7120.0,7603.293464455182,1,rolling_ridge_change,cv,8
2022-06-01,2022-05-01,8711.0,7095.146967940057,1,rolling_ridge_change,cv,8
2022-07-01,2022-06-01,7451.0,8466.471124061838,1,rolling_ridge_change,cv,9
2022-08-01,2022-07-01,7044.0,7760.938877577784,1,rolling_ridge_change,cv,9
2022-09-01,2022-08-01,7597.0,7266.972189589729,1,rolling_ridge_change,cv,9
2022-10-01,2022-09-01,8411.0,7444.18630573511,1,rolling_ridge_change,cv,9
2022-11-01,2022-10-01,7340.0,7939.615969095536,1,rolling_ridge_change,cv,9
2022-12-01,2022-11-01,7612.0,7308.103578385143,1,rolling_ridge_change,cv,9
2023-01-01,2022-12-01,7164.0,7689.991394761785,1,rolling_ridge_change,cv,9
2023-02-01,2023-01-01,7617.0,7357.548843183015,1,rolling_ridge_change,cv,9
2023-03-01,2023-02-01,7033.0,7523.480262446055,1,rolling_ridge_change,cv,9
2023-04-01,2023-03-01,8147.0,6995.86001832533,1,rolling_ridge_change,cv,9
2023-05-01,2023-04-01,7900.0,7794.8349959204525,1,rolling_ridge_change,cv,9
2023-06-01,2023-05-01,7493.0,7691.0382175298655,1,rolling_ridge_change,cv,9
2023-07-01,2023-06-01,7796.0,7371.781519124961,1,rolling_ridge_change,cv,10
2023-08-01,2023-07-01,6905.0,7521.458077338229,1,rolling_ridge_change,cv,10
2023-09-01,2023-08-01,7540.0,6687.8233587353825,1,rolling_ridge_change,cv,10
2023-10-01,2023-09-01,8621.0,7283.957709877995,1,rolling_ridge_change,cv,10
2023-11-01,2023-10-01,8518.0,8285.228966404356,1,rolling_ridge_change,cv,10
2023-12-01,2023-11-01,7201.0,8222.221390731205,1,rolling_ridge_change,cv,10
2024-01-01,2023-12-01,8093.0,7374.246035234155,1,rolling_ridge_change,cv,10
2024-02-01,2024-01-01,8615.0,7843.607655488742,1,rolling_ridge_change,cv,10
2024-03-01,2024-02-01,8824.0,8529.180757179556,1,rolling_ridge_change,cv,10
2024-04-01,2024-03-01,8943.0,8730.11239351453,1,rolling_ridge_change,cv,10
2024-05-01,2024-04-01,7981.0,8797.179454151363,1,rolling_ridge_change,cv,10
2024-06-01,2024-05-01,7754.0,7834.028370522043,1,rolling_ridge_change,cv,10
2014-07-01,2014-06-01,9805.0,11841.531805387167,1,damped_ridge_change,cv,1
2014-08-01,2014-07-01,10256.0,9928.467236613287,1,damped_ridge_change,cv,1
2014-09-01,2014-08-01,10049.0,10168.190107373344,1,damped_ridge_change,cv,1
2014-10-01,2014-09-01,12030.0,10070.478703582798,1,damped_ridge_change,cv,1
2014-11-01,2014-10-01,12754.0,11850.846130803695,1,damped_ridge_change,cv,1
2014-12-01,2014-11-01,14890.0,12564.950877742212,1,damped_ridge_change,cv,1
2015-01-01,2014-12-01,14787.0,14618.384596473508,1,damped_ridge_change,cv,1
2015-02-01,2015-01-01,15115.0,14655.974665305346,1,damped_ridge_change,cv,1
2015-03-01,2015-02-01,15064.0,14893.63672220106,1,damped_ridge_change,cv,1
2015-04-01,2015-03-01,14823.0,14914.63172852091,1,damped_ridge_change,cv,1
2015-05-01,2015-04-01,16615.0,14691.603185739183,1,damped_ridge_change,cv,1
2015-06-01,2015-05-01,15455.0,16129.695509250238,1,damped_ridge_change,cv,1
2015-07-01,2015-06-01,14161.0,15341.636013160152,1,damped_ridge_change,cv,2
2015-08-01,2015-07-01,13910.0,14138.36091249775,1,damped_ridge_change,cv,2
2015-09-01,2015-08-01,14637.0,13829.704551843553,1,damped_ridge_change,cv,2
2015-10-01,2015-09-01,15795.0,14523.17880174495,1,damped_ridge_change,cv,2
2015-11-01,2015-10-01,14984.0,15680.948934986018,1,damped_ridge_change,cv,2
2015-12-01,2015-11-01,16151.0,15075.632615264889,1,damped_ridge_change,cv,2
2016-01-01,2015-12-01,18005.0,16139.592896852764,1,damped_ridge_change,cv,2
2016-02-01,2016-01-01,20742.0,17963.47121658759,1,damped_ridge_change,cv,2
2016-03-01,2016-02-01,19278.0,20435.609752829743,1,damped_ridge_change,cv,2
2016-04-01,2016-03-01,22080.0,19257.752355833953,1,damped_ridge_change,cv,2
2016-05-01,2016-04-01,19368.0,21664.24125583039,1,damped_ridge_change,cv,2
2016-06-01,2016-05-01,18229.0,19344.274752835645,1,damped_ridge_change,cv,2
2016-07-01,2016-06-01,19348.0,18141.496149851173,1,damped_ridge_change,cv,3
2016-08-01,2016-07-01,19605.0,19137.003450172746,1,damped_ridge_change,cv,3
2016-09-01,2016-08-01,16292.0,19442.020935139095,1,damped_ridge_change,cv,3
2016-10-01,2016-09-01,19574.0,16522.51930531945,1,damped_ridge_change,cv,3
2016-11-01,2016-10-01,15731.0,19375.965166283095,1,damped_ridge_change,cv,3
2016-12-01,2016-11-01,13812.0,16053.105721436888,1,damped_ridge_change,cv,3
2017-01-01,2016-12-01,17923.0,14151.720075256608,1,damped_ridge_change,cv,3
2017-02-01,2017-01-01,16550.0,17867.697087880297,1,damped_ridge_change,cv,3
2017-03-01,2017-02-01,18812.0,16736.951511247025,1,damped_ridge_change,cv,3
2017-04-01,2017-03-01,17348.0,18708.687918867126,1,damped_ridge_change,cv,3
2017-05-01,2017-04-01,16805.0,17394.533829064705,1,damped_ridge_change,cv,3
2017-06-01,2017-05-01,15773.0,16745.96598012668,1,damped_ridge_change,cv,3
2017-07-01,2017-06-01,16155.0,15678.471840341346,1,damped_ridge_change,cv,4
2017-08-01,2017-07-01,17334.0,15951.118937335852,1,damped_ridge_change,cv,4
2017-09-01,2017-08-01,11969.0,16987.455695694323,1,damped_ridge_change,cv,4
2017-10-01,2017-09-01,13740.0,12481.107812152752,1,damped_ridge_change,cv,4
2017-11-01,2017-10-01,13016.0,13628.787299287453,1,damped_ridge_change,cv,4
2017-12-01,2017-11-01,11479.0,13195.26238777151,1,damped_ridge_change,cv,4
2018-01-01,2017-12-01,13729.0,11893.958405749727,1,damped_ridge_change,cv,4
2018-02-01,2018-01-01,12392.0,13732.819906354765,1,damped_ridge_change,cv,4
2018-03-01,2018-02-01,12309.0,12754.015064971009,1,damped_ridge_change,cv,4
2018-04-01,2018-03-01,15788.0,12523.67604459877,1,damped_ridge_change,cv,4
2018-05-01,2018-04-01,14913.0,15483.707375777856,1,damped_ridge_change,cv,4
2018-06-01,2018-05-01,16070.0,14892.762498381839,1,damped_ridge_change,cv,4
2018-07-01,2018-06-01,11942.0,15761.659475210017,1,damped_ridge_change,cv,5
2018-08-01,2018-07-01,11359.0,12314.220619694674,1,damped_ridge_change,cv,5
2018-09-01,2018-08-01,12259.0,11410.227574327151,1,damped_ridge_change,cv,5
2018-10-01,2018-09-01,10961.0,12174.85903401475,1,damped_ridge_change,cv,5
2018-11-01,2018-10-01,12290.0,11193.974238824112,1,damped_ridge_change,cv,5
2018-12-01,2018-11-01,11655.0,12242.01804924443,1,damped_ridge_change,cv,5
2019-01-01,2018-12-01,13175.0,11928.237760705963,1,damped_ridge_change,cv,5
2019-02-01,2019-01-01,11704.0,13181.010503529931,1,damped_ridge_change,cv,5
2019-03-01,2019-02-01,13873.0,12017.818216147034,1,damped_ridge_change,cv,5
2019-04-01,2019-03-01,12654.0,13769.593949802978,1,damped_ridge_change,cv,5
2019-05-01,2019-04-01,15125.0,12809.678604484672,1,damped_ridge_change,cv,5
2019-06-01,2019-05-01,14786.0,14843.314791809438,1,damped_ridge_change,cv,5
2019-07-01,2019-06-01,10651.0,14540.735664699874,1,damped_ridge_change,cv,6
2019-08-01,2019-07-01,10412.0,11017.386631724554,1,damped_ridge_change,cv,6
2019-09-01,2019-08-01,9779.0,10354.485813894438,1,damped_ridge_change,cv,6
2019-10-01,2019-09-01,10744.0,9905.966264027182,1,damped_ridge_change,cv,6
2019-11-01,2019-10-01,10698.0,10717.296091381173,1,damped_ridge_change,cv,6
2019-12-01,2019-11-01,9646.0,10878.31912281711,1,damped_ridge_change,cv,6
2020-01-01,2019-12-01,9729.0,10058.331013625488,1,damped_ridge_change,cv,6
2020-02-01,2020-01-01,10374.0,10124.282646388923,1,damped_ridge_change,cv,6
2020-03-01,2020-02-01,11369.0,10636.223495991966,1,damped_ridge_change,cv,6
2020-04-01,2020-03-01,11968.0,11464.248976024945,1,damped_ridge_change,cv,6
2020-05-01,2020-04-01,12820.0,11993.358372432624,1,damped_ridge_change,cv,6
2020-06-01,2020-05-01,12539.0,12668.680501566318,1,damped_ridge_change,cv,6
2020-07-01,2020-06-01,11454.0,12305.435446071317,1,damped_ridge_change,cv,7
2020-08-01,2020-07-01,12065.0,11355.598895110636,1,damped_ridge_change,cv,7
2020-09-01,2020-08-01,11148.0,11745.393891407359,1,damped_ridge_change,cv,7
2020-10-01,2020-09-01,10510.0,11161.70838791476,1,damped_ridge_change,cv,7
2020-11-01,2020-10-01,9916.0,10545.372357201402,1,damped_ridge_change,cv,7
2020-12-01,2020-11-01,9876.0,10029.305547141694,1,damped_ridge_change,cv,7
2021-01-01,2020-12-01,9925.0,10049.35741860719,1,damped_ridge_change,cv,7
2021-02-01,2021-01-01,7396.0,10128.693079765777,1,damped_ridge_change,cv,7
2021-03-01,2021-02-01,8357.0,7997.442400810621,1,damped_ridge_change,cv,7
2021-04-01,2021-03-01,8739.0,8541.180925189003,1,damped_ridge_change,cv,7
2021-05-01,2021-04-01,8347.0,8806.768326926946,1,damped_ridge_change,cv,7
2021-06-01,2021-05-01,7753.0,8413.633543779799,1,damped_ridge_change,cv,7
2021-07-01,2021-06-01,8102.0,7750.6739307294,1,damped_ridge_change,cv,8
2021-08-01,2021-07-01,8501.0,7959.883546551944,1,damped_ridge_change,cv,8
2021-09-01,2021-08-01,7728.0,8347.151149601676,1,damped_ridge_change,cv,8
2021-10-01,2021-09-01,7439.0,7743.91865412022,1,damped_ridge_change,cv,8
2021-11-01,2021-10-01,7418.0,7489.2429708112095,1,damped_ridge_change,cv,8
2021-12-01,2021-11-01,7395.0,7547.744264437039,1,damped_ridge_change,cv,8
2022-01-01,2021-12-01,7035.0,7597.042683833089,1,damped_ridge_change,cv,8
2022-02-01,2022-01-01,7823.0,7336.106058550557,1,damped_ridge_change,cv,8
2022-03-01,2022-02-01,6984.0,7925.761003802979,1,damped_ridge_change,cv,8
2022-04-01,2022-03-01,7739.0,7200.501388033769,1,damped_ridge_change,cv,8
2022-05-01,2022-04-01,7120.0,7717.97096786571,1,damped_ridge_change,cv,8
2022-06-01,2022-05-01,8711.0,7173.382006451531,1,damped_ridge_change,cv,8
2022-07-01,2022-06-01,7451.0,8450.749343082154,1,damped_ridge_change,cv,9
2022-08-01,2022-07-01,7044.0,7566.539039720277,1,damped_ridge_change,cv,9
2022-09-01,2022-08-01,7597.0,7111.279889314556,1,damped_ridge_change,cv,9
2022-10-01,2022-09-01,8411.0,7508.508771057912,1,damped_ridge_change,cv,9
2022-11-01,2022-10-01,7340.0,8290.884314457438,1,damped_ridge_change,cv,9
2022-12-01,2022-11-01,7612.0,7547.423367117629,1,damped_ridge_change,cv,9
2023-01-01,2022-12-01,7164.0,7776.678481587613,1,damped_ridge_change,cv,9
2023-02-01,2023-01-01,7617.0,7434.565620974579,1,damped_ridge_change,cv,9
2023-03-01,2023-02-01,7033.0,7682.470920980699,1,damped_ridge_change,cv,9
2023-04-01,2023-03-01,8147.0,7179.22897297353,1,damped_ridge_change,cv,9
2023-05-01,2023-04-01,7900.0,8019.359652261113,1,damped_ridge_change,cv,9
2023-06-01,2023-05-01,7493.0,7857.847955385143,1,damped_ridge_change,cv,9
2023-07-01,2023-06-01,7796.0,7313.301713874667,1,damped_ridge_change,cv,10
2023-08-01,2023-07-01,6905.0,7487.780660206413,1,damped_ridge_change,cv,10
2023-09-01,2023-08-01,7540.0,6782.460263501392,1,damped_ridge_change,cv,10
2023-10-01,2023-09-01,8621.0,7331.0237938082055,1,damped_ridge_change,cv,10
2023-11-01,2023-10-01,8518.0,8338.721158833047,1,damped_ridge_change,cv,10
2023-12-01,2023-11-01,7201.0,8420.77028901229,1,damped_ridge_change,cv,10
2024-01-01,2023-12-01,8093.0,7452.805922880892,1,damped_ridge_change,cv,10
2024-02-01,2024-01-01,8615.0,8034.196375677935,1,damped_ridge_change,cv,10
2024-03-01,2024-02-01,8824.0,8639.358595379317,1,damped_ridge_change,cv,10
2024-04-01,2024-03-01,8943.0,8820.845883964053,1,damped_ridge_change,cv,10
2024-05-01,2024-04-01,7981.0,8839.490146579987,1,damped_ridge_change,cv,10
2024-06-01,2024-05-01,7754.0,7937.231528968095,1,damped_ridge_change,cv,10
2014-07-01,2014-06-01,9805.0,11794.718777961722,1,ensemble_change,cv,1
2014-08-01,2014-07-01,10256.0,10140.154199662065,1,ensemble_change,cv,1
2014-09-01,2014-08-01,10049.0,10239.24643215822,1,ensemble_change,cv,1
2014-10-01,2014-09-01,12030.0,10137.435508106953,1,ensemble_change,cv,1
2014-11-01,2014-10-01,12754.0,11662.094089206808,1,ensemble_change,cv,1
2014-12-01,2014-11-01,14890.0,12403.433658794642,1,ensemble_change,cv,1
2015-01-01,2014-12-01,14787.0,14393.825871750681,1,ensemble_change,cv,1
2015-02-01,2015-01-01,15115.0,14422.467028913594,1,ensemble_change,cv,1
2015-03-01,2015-02-01,15064.0,14671.154631649682,1,ensemble_change,cv,1
2015-04-01,2015-03-01,14823.0,14614.338205456294,1,ensemble_change,cv,1
2015-05-01,2015-04-01,16615.0,14394.836755077766,1,ensemble_change,cv,1
2015-06-01,2015-05-01,15455.0,15794.185642214736,1,ensemble_change,cv,1
2015-07-01,2015-06-01,14161.0,15095.573999532768,1,ensemble_change,cv,2
2015-08-01,2015-07-01,13910.0,13852.184248821712,1,ensemble_change,cv,2
2015-09-01,2015-08-01,14637.0,13551.433009721724,1,ensemble_change,cv,2
2015-10-01,2015-09-01,15795.0,14297.9891930557,1,ensemble_change,cv,2
2015-11-01,2015-10-01,14984.0,15411.558401779857,1,ensemble_change,cv,2
2015-12-01,2015-11-01,16151.0,14851.948036443831,1,ensemble_change,cv,2
2016-01-01,2015-12-01,18005.0,16000.076492034073,1,ensemble_change,cv,2
2016-02-01,2016-01-01,20742.0,17847.87232137494,1,ensemble_change,cv,2
2016-03-01,2016-02-01,19278.0,20393.909847171322,1,ensemble_change,cv,2
2016-04-01,2016-03-01,22080.0,19130.200688787278,1,ensemble_change,cv,2
2016-05-01,2016-04-01,19368.0,21539.18136055965,1,ensemble_change,cv,2
2016-06-01,2016-05-01,18229.0,19081.456778720432,1,ensemble_change,cv,2
2016-07-01,2016-06-01,19348.0,17920.12441242536,1,ensemble_change,cv,3
2016-08-01,2016-07-01,19605.0,18914.3771551937,1,ensemble_change,cv,3
2016-09-01,2016-08-01,16292.0,19304.19011297529,1,ensemble_change,cv,3
2016-10-01,2016-09-01,19574.0,16491.924839237818,1,ensemble_change,cv,3
2016-11-01,2016-10-01,15731.0,19253.120405890484,1,ensemble_change,cv,3
2016-12-01,2016-11-01,13812.0,15946.540260283378,1,ensemble_change,cv,3
2017-01-01,2016-12-01,17923.0,14353.031751093185,1,ensemble_change,cv,3
2017-02-01,2017-01-01,16550.0,17877.61766777541,1,ensemble_change,cv,3
2017-03-01,2017-02-01,18812.0,16851.56072388842,1,ensemble_change,cv,3
2017-04-01,2017-03-01,17348.0,18595.78786204467,1,ensemble_change,cv,3
2017-05-01,2017-04-01,16805.0,17256.051873335677,1,ensemble_change,cv,3
2017-06-01,2017-05-01,15773.0,16504.833989441984,1,ensemble_change,cv,3
2017-07-01,2017-06-01,16155.0,15307.282524232585,1,ensemble_change,cv,4
2017-08-01,2017-07-01,17334.0,15496.230084028237,1,ensemble_change,cv,4
2017-09-01,2017-08-01,11969.0,16504.41253199342,1,ensemble_change,cv,4
2017-10-01,2017-09-01,13740.0,12840.987464984526,1,ensemble_change,cv,4
2017-11-01,2017-10-01,13016.0,13490.693615373339,1,ensemble_change,cv,4
2017-12-01,2017-11-01,11479.0,13378.857480734037,1,ensemble_change,cv,4
2018-01-01,2017-12-01,13729.0,12287.993373669622,1,ensemble_change,cv,4
2018-02-01,2018-01-01,12392.0,13753.499918562879,1,ensemble_change,cv,4
2018-03-01,2018-02-01,12309.0,13141.845203826759,1,ensemble_change,cv,4
2018-04-01,2018-03-01,15788.0,12569.027306051581,1,ensemble_change,cv,4
2018-05-01,2018-04-01,14913.0,15076.362854517214,1,ensemble_change,cv,4
2018-06-01,2018-05-01,16070.0,14525.04119099609,1,ensemble_change,cv,4
2018-07-01,2018-06-01,11942.0,15446.68470380609,1,ensemble_change,cv,5
2018-08-01,2018-07-01,11359.0,12456.580715196447,1,ensemble_change,cv,5
2018-09-01,2018-08-01,12259.0,11606.806156333709,1,ensemble_change,cv,5
2018-10-01,2018-09-01,10961.0,12450.981746409616,1,ensemble_change,cv,5
2018-11-01,2018-10-01,12290.0,11424.751968274184,1,ensemble_change,cv,5
2018-12-01,2018-11-01,11655.0,12130.49170983559,1,ensemble_change,cv,5
2019-01-01,2018-12-01,13175.0,12325.033977499226,1,ensemble_change,cv,5
2019-02-01,2019-01-01,11704.0,13300.660536158228,1,ensemble_change,cv,5
2019-03-01,2019-02-01,13873.0,12344.459705821679,1,ensemble_change,cv,5
2019-04-01,2019-03-01,12654.0,13770.572384008336,1,ensemble_change,cv,5
2019-05-01,2019-04-01,15125.0,13236.394194128274,1,ensemble_change,cv,5
2019-06-01,2019-05-01,14786.0,14433.689662706292,1,ensemble_change,cv,5
2019-07-01,2019-06-01,10651.0,14715.881935978365,1,ensemble_change,cv,6
2019-08-01,2019-07-01,10412.0,11230.771656487315,1,ensemble_change,cv,6
2019-09-01,2019-08-01,9779.0,10649.513777991931,1,ensemble_change,cv,6
2019-10-01,2019-09-01,10744.0,10164.12391242582,1,ensemble_change,cv,6
2019-11-01,2019-10-01,10698.0,10699.356269736705,1,ensemble_change,cv,6
2019-12-01,2019-11-01,9646.0,10982.71419053419,1,ensemble_change,cv,6
2020-01-01,2019-12-01,9729.0,10557.172494356777,1,ensemble_change,cv,6
2020-02-01,2020-01-01,10374.0,10371.573228466163,1,ensemble_change,cv,6
2020-03-01,2020-02-01,11369.0,10948.734106134485,1,ensemble_change,cv,6
2020-04-01,2020-03-01,11968.0,11557.973384448747,1,ensemble_change,cv,6
2020-05-01,2020-04-01,12820.0,12343.794872100852,1,ensemble_change,cv,6
2020-06-01,2020-05-01,12539.0,12835.66852663681,1,ensemble_change,cv,6
2020-07-01,2020-06-01,11454.0,12216.243760369198,1,ensemble_change,cv,7
2020-08-01,2020-07-01,12065.0,11405.201365041508,1,ensemble_change,cv,7
2020-09-01,2020-08-01,11148.0,11781.881395299702,1,ensemble_change,cv,7
2020-10-01,2020-09-01,10510.0,11329.627592377075,1,ensemble_change,cv,7
2020-11-01,2020-10-01,9916.0,10609.149825996074,1,ensemble_change,cv,7
2020-12-01,2020-11-01,9876.0,10061.201070448884,1,ensemble_change,cv,7
2021-01-01,2020-12-01,9925.0,10264.662538572835,1,ensemble_change,cv,7
2021-02-01,2021-01-01,7396.0,10381.9778589974,1,ensemble_change,cv,7
2021-03-01,2021-02-01,8357.0,8230.61145114763,1,ensemble_change,cv,7
2021-04-01,2021-03-01,8739.0,8651.87682802146,1,ensemble_change,cv,7
2021-05-01,2021-04-01,8347.0,8986.171736084732,1,ensemble_change,cv,7
2021-06-01,2021-05-01,7753.0,8334.589168379798,1,ensemble_change,cv,7
2021-07-01,2021-06-01,8102.0,7660.991564749342,1,ensemble_change,cv,8
2021-08-01,2021-07-01,8501.0,7769.260752152964,1,ensemble_change,cv,8
2021-09-01,2021-08-01,7728.0,8190.6645268056445,1,ensemble_change,cv,8
2021-10-01,2021-09-01,7439.0,7766.780104902445,1,ensemble_change,cv,8
2021-11-01,2021-10-01,7418.0,7257.617016647253,1,ensemble_change,cv,8
2021-12-01,2021-11-01,7395.0,7244.290890792676,1,ensemble_change,cv,8
2022-01-01,2021-12-01,7035.0,7489.350383046554,1,ensemble_change,cv,8
2022-02-01,2022-01-01,7823.0,7326.900812396343,1,ensemble_change,cv,8
2022-03-01,2022-02-01,6984.0,7896.127361341196,1,ensemble_change,cv,8
2022-04-01,2022-03-01,7739.0,7287.445381340157,1,ensemble_change,cv,8
2022-05-01,2022-04-01,7120.0,7686.514840568588,1,ensemble_change,cv,8
2022-06-01,2022-05-01,8711.0,7065.77865661026,1,ensemble_change,cv,8
2022-07-01,2022-06-01,7451.0,8202.33594970559,1,ensemble_change,cv,9
2022-08-01,2022-07-01,7044.0,7721.050944437036,1,ensemble_change,cv,9
2022-09-01,2022-08-01,7597.0,7139.620205890007,1,ensemble_change,cv,9
2022-10-01,2022-09-01,8411.0,7385.892253909738,1,ensemble_change,cv,9
2022-11-01,2022-10-01,7340.0,8120.532945453288,1,ensemble_change,cv,9
2022-12-01,2022-11-01,7612.0,7545.968245167623,1,ensemble_change,cv,9
2023-01-01,2022-12-01,7164.0,7711.653300481229,1,ensemble_change,cv,9
2023-02-01,2023-01-01,7617.0,7490.015273004157,1,ensemble_change,cv,9
2023-03-01,2023-02-01,7033.0,7607.5411089896525,1,ensemble_change,cv,9
2023-04-01,2023-03-01,8147.0,7254.069606484381,1,ensemble_change,cv,9
2023-05-01,2023-04-01,7900.0,7927.1640671704945,1,ensemble_change,cv,9
2023-06-01,2023-05-01,7493.0,7703.863624613389,1,ensemble_change,cv,9
2023-07-01,2023-06-01,7796.0,7268.510405419228,1,ensemble_change,cv,10
2023-08-01,2023-07-01,6905.0,7375.6464049504575,1,ensemble_change,cv,10
2023-09-01,2023-08-01,7540.0,6893.859366069012,1,ensemble_change,cv,10
2023-10-01,2023-09-01,8621.0,7190.862220790755,1,ensemble_change,cv,10
2023-11-01,2023-10-01,8518.0,8176.134006132973,1,ensemble_change,cv,10
2023-12-01,2023-11-01,7201.0,8264.721421177324,1,ensemble_change,cv,10
2024-01-01,2023-12-01,8093.0,7667.795583605146,1,ensemble_change,cv,10
2024-02-01,2024-01-01,8615.0,7965.876522596913,1,ensemble_change,cv,10
2024-03-01,2024-02-01,8824.0,8572.883280541597,1,ensemble_change,cv,10
2024-04-01,2024-03-01,8943.0,8728.453880777077,1,ensemble_change,cv,10
2024-05-01,2024-04-01,7981.0,8755.782500285155,1,ensemble_change,cv,10
2024-06-01,2024-05-01,7754.0,7969.762189116045,1,ensemble_change,cv,10
2024-07-01,2024-06-01,8245.0,7754.0,1,persistence,holdout,0
2024-08-01,2024-07-01,7460.0,8245.0,1,persistence,holdout,0
2024-09-01,2024-08-01,7911.0,7460.0,1,persistence,holdout,0
2024-10-01,2024-09-01,7822.0,7911.0,1,persistence,holdout,0
2024-11-01,2024-10-01,8416.0,7822.0,1,persistence,holdout,0
2024-12-01,2024-11-01,7872.0,8416.0,1,persistence,holdout,0
2025-01-01,2024-12-01,8666.0,7872.0,1,persistence,holdout,0
2025-02-01,2025-01-01,8068.0,8666.0,1,persistence,holdout,0
2025-03-01,2025-02-01,7651.0,8068.0,1,persistence,holdout,0
2025-04-01,2025-03-01,8110.0,7651.0,1,persistence,holdout,0
2025-05-01,2025-04-01,8824.0,8110.0,1,persistence,holdout,0
2025-06-01,2025-05-01,9739.0,8824.0,1,persistence,holdout,0
2025-07-01,2025-06-01,8439.0,9739.0,1,persistence,holdout,0
2025-08-01,2025-07-01,7752.0,8439.0,1,persistence,holdout,0
2025-09-01,2025-08-01,7395.0,7752.0,1,persistence,holdout,0
2025-10-01,2025-09-01,7832.0,7395.0,1,persistence,holdout,0
2025-11-01,2025-10-01,8383.0,7832.0,1,persistence,holdout,0
2025-12-01,2025-11-01,6591.0,8383.0,1,persistence,holdout,0
2026-01-01,2025-12-01,6482.0,6591.0,1,persistence,holdout,0
2026-02-01,2026-01-01,8564.0,6482.0,1,persistence,holdout,0
2026-03-01,2026-02-01,8537.0,8564.0,1,persistence,holdout,0
2026-04-01,2026-03-01,8832.0,8537.0,1,persistence,holdout,0
2026-05-01,2026-04-01,8707.0,8832.0,1,persistence,holdout,0
2026-06-01,2026-05-01,9139.0,8707.0,1,persistence,holdout,0
2024-07-01,2024-06-01,8245.0,7796.0,1,seasonal_naive,holdout,0
2024-08-01,2024-07-01,7460.0,6905.0,1,seasonal_naive,holdout,0
2024-09-01,2024-08-01,7911.0,7540.0,1,seasonal_naive,holdout,0
2024-10-01,2024-09-01,7822.0,8621.0,1,seasonal_naive,holdout,0
2024-11-01,2024-10-01,8416.0,8518.0,1,seasonal_naive,holdout,0
2024-12-01,2024-11-01,7872.0,7201.0,1,seasonal_naive,holdout,0
2025-01-01,2024-12-01,8666.0,8093.0,1,seasonal_naive,holdout,0
2025-02-01,2025-01-01,8068.0,8615.0,1,seasonal_naive,holdout,0
2025-03-01,2025-02-01,7651.0,8824.0,1,seasonal_naive,holdout,0
2025-04-01,2025-03-01,8110.0,8943.0,1,seasonal_naive,holdout,0
2025-05-01,2025-04-01,8824.0,7981.0,1,seasonal_naive,holdout,0
2025-06-01,2025-05-01,9739.0,7754.0,1,seasonal_naive,holdout,0
2025-07-01,2025-06-01,8439.0,8245.0,1,seasonal_naive,holdout,0
2025-08-01,2025-07-01,7752.0,7460.0,1,seasonal_naive,holdout,0
2025-09-01,2025-08-01,7395.0,7911.0,1,seasonal_naive,holdout,0
2025-10-01,2025-09-01,7832.0,7822.0,1,seasonal_naive,holdout,0
2025-11-01,2025-10-01,8383.0,8416.0,1,seasonal_naive,holdout,0
2025-12-01,2025-11-01,6591.0,7872.0,1,seasonal_naive,holdout,0
2026-01-01,2025-12-01,6482.0,8666.0,1,seasonal_naive,holdout,0
2026-02-01,2026-01-01,8564.0,8068.0,1,seasonal_naive,holdout,0
2026-03-01,2026-02-01,8537.0,7651.0,1,seasonal_naive,holdout,0
2026-04-01,2026-03-01,8832.0,8110.0,1,seasonal_naive,holdout,0
2026-05-01,2026-04-01,8707.0,8824.0,1,seasonal_naive,holdout,0
2026-06-01,2026-05-01,9139.0,9739.0,1,seasonal_naive,holdout,0
2024-07-01,2024-06-01,8245.0,6588.4,1,seasonal_change,holdout,0
2024-08-01,2024-07-01,7460.0,8139.6,1,seasonal_change,holdout,0
2024-09-01,2024-08-01,7911.0,7233.0,1,seasonal_change,holdout,0
2024-10-01,2024-09-01,7822.0,8297.6,1,seasonal_change,holdout,0
2024-11-01,2024-10-01,8416.0,7455.0,1,seasonal_change,holdout,0
2024-12-01,2024-11-01,7872.0,7984.0,1,seasonal_change,holdout,0
2025-01-01,2024-12-01,8666.0,7915.2,1,seasonal_change,holdout,0
2025-02-01,2025-01-01,8068.0,8641.8,1,seasonal_change,holdout,0
2025-03-01,2025-02-01,7651.0,8216.4,1,seasonal_change,holdout,0
2025-04-01,2025-03-01,8110.0,8244.8,1,seasonal_change,holdout,0
2025-05-01,2025-04-01,8824.0,7836.4,1,seasonal_change,holdout,0
2025-06-01,2025-05-01,9739.0,8840.4,1,seasonal_change,holdout,0
2025-07-01,2025-06-01,8439.0,9498.6,1,seasonal_change,holdout,0
2025-08-01,2025-07-01,7752.0,8224.4,1,seasonal_change,holdout,0
2025-09-01,2025-08-01,7395.0,7741.8,1,seasonal_change,holdout,0
2025-10-01,2025-09-01,7832.0,7570.8,1,seasonal_change,holdout,0
2025-11-01,2025-10-01,8383.0,7593.0,1,seasonal_change,holdout,0
2025-12-01,2025-11-01,6591.0,8052.6,1,seasonal_change,holdout,0
2026-01-01,2025-12-01,6482.0,6776.4,1,seasonal_change,holdout,0
2026-02-01,2026-01-01,8564.0,6209.2,1,seasonal_change,holdout,0
2026-03-01,2026-02-01,8537.0,8430.0,1,seasonal_change,holdout,0
2026-04-01,2026-03-01,8832.0,9102.8,1,seasonal_change,holdout,0
2026-05-01,2026-04-01,8707.0,8530.8,1,seasonal_change,holdout,0
2026-06-01,2026-05-01,9139.0,8962.6,1,seasonal_change,holdout,0
2024-07-01,2024-06-01,8245.0,6813.347707307057,1,forecast_flow_identity,holdout,0
2024-08-01,2024-07-01,7460.0,8225.172707307054,1,forecast_flow_identity,holdout,0
2024-09-01,2024-08-01,7911.0,7272.996168361671,1,forecast_flow_identity,holdout,0
2024-10-01,2024-09-01,7822.0,7841.910761494251,1,forecast_flow_identity,holdout,0
2024-11-01,2024-10-01,8416.0,7034.878156284762,1,forecast_flow_identity,holdout,0
2024-12-01,2024-11-01,7872.0,8122.790207307058,1,forecast_flow_identity,holdout,0
2025-01-01,2024-12-01,8666.0,8002.090207307061,1,forecast_flow_identity,holdout,0
2025-02-01,2025-01-01,8068.0,8748.4332017056,1,forecast_flow_identity,holdout,0
2025-03-01,2025-02-01,7651.0,8366.833095238082,1,forecast_flow_identity,holdout,0
2025-04-01,2025-03-01,8110.0,8424.07557603687,1,forecast_flow_identity,holdout,0
2025-05-01,2025-04-01,8824.0,7750.348807471266,1,forecast_flow_identity,holdout,0
2025-06-01,2025-05-01,9739.0,9104.306910456049,1,forecast_flow_identity,holdout,0
2025-07-01,2025-06-01,8439.0,9834.34976190476,1,forecast_flow_identity,holdout,0
2025-08-01,2025-07-01,7752.0,8444.524761904762,1,forecast_flow_identity,holdout,0
2025-09-01,2025-08-01,7395.0,7991.973963133634,1,forecast_flow_identity,holdout,0
2025-10-01,2025-09-01,7832.0,7412.740474137929,1,forecast_flow_identity,holdout,0
2025-11-01,2025-10-01,8383.0,7352.073039488318,1,forecast_flow_identity,holdout,0
2025-12-01,2025-11-01,6591.0,8187.705595238087,1,forecast_flow_identity,holdout,0
2026-01-01,2025-12-01,6482.0,6860.405595238091,1,forecast_flow_identity,holdout,0
2026-02-01,2026-01-01,8564.0,6258.405053763436,1,forecast_flow_identity,holdout,0
2026-03-01,2026-02-01,8537.0,8432.185952380958,1,forecast_flow_identity,holdout,0
2026-04-01,2026-03-01,8832.0,9189.738018433178,1,forecast_flow_identity,holdout,0
2026-05-01,2026-04-01,8707.0,8592.548452380943,1,forecast_flow_identity,holdout,0
2026-06-01,2026-05-01,9139.0,9024.546889400917,1,forecast_flow_identity,holdout,0
2024-07-01,2024-06-01,8245.0,8120.019256290233,1,legacy_constrained_level,holdout,0
2024-08-01,2024-07-01,7460.0,8564.340547771793,1,legacy_constrained_level,holdout,0
2024-09-01,2024-08-01,7911.0,7853.969440209624,1,legacy_constrained_level,holdout,0
2024-10-01,2024-09-01,7822.0,8262.093477802668,1,legacy_constrained_level,holdout,0
2024-11-01,2024-10-01,8416.0,8181.554587900714,1,legacy_constrained_level,holdout,0
2024-12-01,2024-11-01,7872.0,8719.08380814521,1,legacy_constrained_level,holdout,0
2025-01-01,2024-12-01,8666.0,8226.80115526136,1,legacy_constrained_level,holdout,0
2025-02-01,2025-01-01,8068.0,8945.316644948447,1,legacy_constrained_level,holdout,0
2025-03-01,2025-02-01,7651.0,8404.167699315101,1,legacy_constrained_level,holdout,0
2025-04-01,2025-03-01,8110.0,8026.811327527299,1,legacy_constrained_level,holdout,0
2025-05-01,2025-04-01,8824.0,8442.174815898044,1,legacy_constrained_level,holdout,0
2025-06-01,2025-05-01,9739.0,9088.295797808094,1,legacy_constrained_level,holdout,0
2025-07-01,2025-06-01,8439.0,9916.307980507947,1,legacy_constrained_level,holdout,0
2025-08-01,2025-07-01,7752.0,8739.897229131107,1,legacy_constrained_level,holdout,0
2025-09-01,2025-08-01,7395.0,8118.209393595807,1,legacy_constrained_level,holdout,0
2025-10-01,2025-09-01,7832.0,7795.148902640783,1,legacy_constrained_level,holdout,0
2025-11-01,2025-10-01,8383.0,8190.603901372843,1,legacy_constrained_level,holdout,0
2025-12-01,2025-11-01,6591.0,8689.221073687182,1,legacy_constrained_level,holdout,0
2026-01-01,2025-12-01,6482.0,7067.584099481567,1,legacy_constrained_level,holdout,0
2026-02-01,2026-01-01,8564.0,6968.946582635354,1,legacy_constrained_level,holdout,0
2026-03-01,2026-02-01,8537.0,8853.013647532727,1,legacy_constrained_level,holdout,0
2026-04-01,2026-03-01,8832.0,8828.580501157976,1,legacy_constrained_level,holdout,0
2026-05-01,2026-04-01,8707.0,9095.535248585798,1,legacy_constrained_level,holdout,0
2026-06-01,2026-05-01,9139.0,8982.418830184179,1,legacy_constrained_level,holdout,0
2024-07-01,2024-06-01,8245.0,8087.487718237324,1,constrained_level,holdout,0
2024-08-01,2024-07-01,7460.0,8228.710225467214,1,constrained_level,holdout,0
2024-09-01,2024-08-01,7911.0,7808.216690241528,1,constrained_level,holdout,0
2024-10-01,2024-09-01,7822.0,7980.7236842678685,1,constrained_level,holdout,0
2024-11-01,2024-10-01,8416.0,8006.164116905275,1,constrained_level,holdout,0
2024-12-01,2024-11-01,7872.0,8563.028253900411,1,constrained_level,holdout,0
2025-01-01,2024-12-01,8666.0,7947.575429886568,1,constrained_level,holdout,0
2025-02-01,2025-01-01,8068.0,8659.351795194098,1,constrained_level,holdout,0
2025-03-01,2025-02-01,7651.0,8214.878207890642,1,constrained_level,holdout,0
2025-04-01,2025-03-01,8110.0,7669.800868394054,1,constrained_level,holdout,0
2025-05-01,2025-04-01,8824.0,8378.997166620282,1,constrained_level,holdout,0
2025-06-01,2025-05-01,9739.0,8970.734292900594,1,constrained_level,holdout,0
2025-07-01,2025-06-01,8439.0,9555.35171152305,1,constrained_level,holdout,0
2025-08-01,2025-07-01,7752.0,8406.594598747492,1,constrained_level,holdout,0
2025-09-01,2025-08-01,7395.0,8041.061648930917,1,constrained_level,holdout,0
2025-10-01,2025-09-01,7832.0,7567.039992904957,1,constrained_level,holdout,0
2025-11-01,2025-10-01,8383.0,8166.691660286468,1,constrained_level,holdout,0
2025-12-01,2025-11-01,6591.0,8760.529961268716,1,constrained_level,holdout,0
2026-01-01,2025-12-01,6482.0,7117.872916050982,1,constrained_level,holdout,0
2026-02-01,2026-01-01,8564.0,6834.499716202183,1,constrained_level,holdout,0
2026-03-01,2026-02-01,8537.0,8700.855255094346,1,constrained_level,holdout,0
2026-04-01,2026-03-01,8832.0,8554.605396667172,1,constrained_level,holdout,0
2026-05-01,2026-04-01,8707.0,8970.551624810674,1,constrained_level,holdout,0
2026-06-01,2026-05-01,9139.0,8906.554452323859,1,constrained_level,holdout,0
2024-07-01,2024-06-01,8245.0,7852.698263342183,1,ridge_change,holdout,0
2024-08-01,2024-07-01,7460.0,8013.0433516511775,1,ridge_change,holdout,0
2024-09-01,2024-08-01,7911.0,7716.59177692468,1,ridge_change,holdout,0
2024-10-01,2024-09-01,7822.0,7873.288946242583,1,ridge_change,holdout,0
2024-11-01,2024-10-01,8416.0,7921.8676733044085,1,ridge_change,holdout,0
2024-12-01,2024-11-01,7872.0,8293.680575105664,1,ridge_change,holdout,0
2025-01-01,2024-12-01,8666.0,8033.655575902411,1,ridge_change,holdout,0
2025-02-01,2025-01-01,8068.0,8521.606012625198,1,ridge_change,holdout,0
2025-03-01,2025-02-01,7651.0,8357.841720047227,1,ridge_change,holdout,0
2025-04-01,2025-03-01,8110.0,7909.585592201522,1,ridge_change,holdout,0
2025-05-01,2025-04-01,8824.0,8068.108258092001,1,ridge_change,holdout,0
2025-06-01,2025-05-01,9739.0,8603.807861007355,1,ridge_change,holdout,0
2025-07-01,2025-06-01,8439.0,9401.560436985308,1,ridge_change,holdout,0
2025-08-01,2025-07-01,7752.0,8613.50810632035,1,ridge_change,holdout,0
2025-09-01,2025-08-01,7395.0,7920.014663700037,1,ridge_change,holdout,0
2025-10-01,2025-09-01,7832.0,7492.994179272566,1,ridge_change,holdout,0
2025-11-01,2025-10-01,8383.0,7728.993507806318,1,ridge_change,holdout,0
2025-12-01,2025-11-01,6591.0,8298.523773395105,1,ridge_change,holdout,0
2026-01-01,2025-12-01,6482.0,7108.64637123626,1,ridge_change,holdout,0
2026-02-01,2026-01-01,8564.0,6616.505781242835,1,ridge_change,holdout,0
2026-03-01,2026-02-01,8537.0,8100.164945501692,1,ridge_change,holdout,0
2026-04-01,2026-03-01,8832.0,8433.589136639266,1,ridge_change,holdout,0
2026-05-01,2026-04-01,8707.0,8739.310944578348,1,ridge_change,holdout,0
2026-06-01,2026-05-01,9139.0,8902.129360700752,1,ridge_change,holdout,0
2024-07-01,2024-06-01,8245.0,7579.758928289996,1,seasonal_ridge_change,holdout,0
2024-08-01,2024-07-01,7460.0,7686.718991873462,1,seasonal_ridge_change,holdout,0
2024-09-01,2024-08-01,7911.0,7426.827621016976,1,seasonal_ridge_change,holdout,0
2024-10-01,2024-09-01,7822.0,7658.683445760144,1,seasonal_ridge_change,holdout,0
2024-11-01,2024-10-01,8416.0,7873.882348434076,1,seasonal_ridge_change,holdout,0
2024-12-01,2024-11-01,7872.0,8395.766568397534,1,seasonal_ridge_change,holdout,0
2025-01-01,2024-12-01,8666.0,8271.881650637088,1,seasonal_ridge_change,holdout,0
2025-02-01,2025-01-01,8068.0,8781.158556583845,1,seasonal_ridge_change,holdout,0
2025-03-01,2025-02-01,7651.0,8575.179375683429,1,seasonal_ridge_change,holdout,0
2025-04-01,2025-03-01,8110.0,8008.157174470133,1,seasonal_ridge_change,holdout,0
2025-05-01,2025-04-01,8824.0,8049.466420411661,1,seasonal_ridge_change,holdout,0
2025-06-01,2025-05-01,9739.0,8450.76737464854,1,seasonal_ridge_change,holdout,0
2025-07-01,2025-06-01,8439.0,9105.374867723765,1,seasonal_ridge_change,holdout,0
2025-08-01,2025-07-01,7752.0,8308.18160579182,1,seasonal_ridge_change,holdout,0
2025-09-01,2025-08-01,7395.0,7649.352337874543,1,seasonal_ridge_change,holdout,0
2025-10-01,2025-09-01,7832.0,7313.114536109644,1,seasonal_ridge_change,holdout,0
2025-11-01,2025-10-01,8383.0,7713.322400188683,1,seasonal_ridge_change,holdout,0
2025-12-01,2025-11-01,6591.0,8428.819439433828,1,seasonal_ridge_change,holdout,0
2026-01-01,2025-12-01,6482.0,7398.986376570773,1,seasonal_ridge_change,holdout,0
2026-02-01,2026-01-01,8564.0,6909.593852741938,1,seasonal_ridge_change,holdout,0
2026-03-01,2026-02-01,8537.0,8324.864242750022,1,seasonal_ridge_change,holdout,0
2026-04-01,2026-03-01,8832.0,8604.592990513569,1,seasonal_ridge_change,holdout,0
2026-05-01,2026-04-01,8707.0,8735.98918176027,1,seasonal_ridge_change,holdout,0
2026-06-01,2026-05-01,9139.0,8725.376242132983,1,seasonal_ridge_change,holdout,0
2024-07-01,2024-06-01,8245.0,7754.270414900813,1,polynomial_ridge_change,holdout,0
2024-08-01,2024-07-01,7460.0,8496.132026297302,1,polynomial_ridge_change,holdout,0
2024-09-01,2024-08-01,7911.0,7392.2525766694225,1,polynomial_ridge_change,holdout,0
2024-10-01,2024-09-01,7822.0,7974.567140185495,1,polynomial_ridge_change,holdout,0
2024-11-01,2024-10-01,8416.0,7637.533430718341,1,polynomial_ridge_change,holdout,0
2024-12-01,2024-11-01,7872.0,8251.240509705358,1,polynomial_ridge_change,holdout,0
2025-01-01,2024-12-01,8666.0,7563.89747672012,1,polynomial_ridge_change,holdout,0
2025-02-01,2025-01-01,8068.0,8618.281699854264,1,polynomial_ridge_change,holdout,0
2025-03-01,2025-02-01,7651.0,7820.050004343065,1,polynomial_ridge_change,holdout,0
2025-04-01,2025-03-01,8110.0,7402.679150707156,1,polynomial_ridge_change,holdout,0
2025-05-01,2025-04-01,8824.0,8103.487928904145,1,polynomial_ridge_change,holdout,0
2025-06-01,2025-05-01,9739.0,8906.432306437335,1,polynomial_ridge_change,holdout,0
2025-07-01,2025-06-01,8439.0,9910.58368815691,1,polynomial_ridge_change,holdout,0
2025-08-01,2025-07-01,7752.0,8360.679539440396,1,polynomial_ridge_change,holdout,0
2025-09-01,2025-08-01,7395.0,7773.62652404873,1,polynomial_ridge_change,holdout,0
2025-10-01,2025-09-01,7832.0,7314.424681916557,1,polynomial_ridge_change,holdout,0
2025-11-01,2025-10-01,8383.0,7766.0024223789005,1,polynomial_ridge_change,holdout,0
2025-12-01,2025-11-01,6591.0,8262.310466003577,1,polynomial_ridge_change,holdout,0
2026-01-01,2025-12-01,6482.0,6152.4189846909185,1,polynomial_ridge_change,holdout,0
2026-02-01,2026-01-01,8564.0,6242.18182919681,1,polynomial_ridge_change,holdout,0
2026-03-01,2026-02-01,8537.0,8708.244190565365,1,polynomial_ridge_change,holdout,0
2026-04-01,2026-03-01,8832.0,8499.706226610688,1,polynomial_ridge_change,holdout,0
2026-05-01,2026-04-01,8707.0,8819.853277319995,1,polynomial_ridge_change,holdout,0
2026-06-01,2026-05-01,9139.0,8528.127642990732,1,polynomial_ridge_change,holdout,0
2024-07-01,2024-06-01,8245.0,7726.524689808967,1,spline_ridge_change,holdout,0
2024-08-01,2024-07-01,7460.0,7769.035784920024,1,spline_ridge_change,holdout,0
2024-09-01,2024-08-01,7911.0,7898.964467590165,1,spline_ridge_change,holdout,0
2024-10-01,2024-09-01,7822.0,7756.250099099606,1,spline_ridge_change,holdout,0
2024-11-01,2024-10-01,8416.0,7954.9700514419255,1,spline_ridge_change,holdout,0
2024-12-01,2024-11-01,7872.0,8422.2445273645,1,spline_ridge_change,holdout,0
2025-01-01,2024-12-01,8666.0,8410.551862597247,1,spline_ridge_change,holdout,0
2025-02-01,2025-01-01,8068.0,9197.774142025386,1,spline_ridge_change,holdout,0
2025-03-01,2025-02-01,7651.0,9164.090795478061,1,spline_ridge_change,holdout,0
2025-04-01,2025-03-01,8110.0,8498.27136821627,1,spline_ridge_change,holdout,0
2025-05-01,2025-04-01,8824.0,8230.942261886132,1,spline_ridge_change,holdout,0
2025-06-01,2025-05-01,9739.0,8219.056311197264,1,spline_ridge_change,holdout,0
2025-07-01,2025-06-01,8439.0,9055.389170674402,1,spline_ridge_change,holdout,0
2025-08-01,2025-07-01,7752.0,8645.475091556189,1,spline_ridge_change,holdout,0
2025-09-01,2025-08-01,7395.0,7909.931198830612,1,spline_ridge_change,holdout,0
2025-10-01,2025-09-01,7832.0,7389.8813459958465,1,spline_ridge_change,holdout,0
2025-11-01,2025-10-01,8383.0,7417.641476662426,1,spline_ridge_change,holdout,0
2025-12-01,2025-11-01,6591.0,8375.120911067555,1,spline_ridge_change,holdout,0
2026-01-01,2025-12-01,6482.0,7557.911454622158,1,spline_ridge_change,holdout,0
2026-02-01,2026-01-01,8564.0,7187.863668043924,1,spline_ridge_change,holdout,0
2026-03-01,2026-02-01,8537.0,8386.498309416762,1,spline_ridge_change,holdout,0
2026-04-01,2026-03-01,8832.0,8668.972908326123,1,spline_ridge_change,holdout,0
2026-05-01,2026-04-01,8707.0,8644.032714761921,1,spline_ridge_change,holdout,0
2026-06-01,2026-05-01,9139.0,8507.292656917183,1,spline_ridge_change,holdout,0
2024-07-01,2024-06-01,8245.0,7504.377428482382,1,random_forest_change,holdout,0
2024-08-01,2024-07-01,7460.0,8031.657095360172,1,random_forest_change,holdout,0
2024-09-01,2024-08-01,7911.0,7645.194280964464,1,random_forest_change,holdout,0
2024-10-01,2024-09-01,7822.0,7725.711829789087,1,random_forest_change,holdout,0
2024-11-01,2024-10-01,8416.0,7607.433265407133,1,random_forest_change,holdout,0
2024-12-01,2024-11-01,7872.0,8199.057425886069,1,random_forest_change,holdout,0
2025-01-01,2024-12-01,8666.0,8219.271198836781,1,random_forest_change,holdout,0
2025-02-01,2025-01-01,8068.0,8622.100005523207,1,random_forest_change,holdout,0
2025-03-01,2025-02-01,7651.0,8491.227802754604,1,random_forest_change,holdout,0
2025-04-01,2025-03-01,8110.0,8000.4993673404615,1,random_forest_change,holdout,0
2025-05-01,2025-04-01,8824.0,7958.856508270541,1,random_forest_change,holdout,0
2025-06-01,2025-05-01,9739.0,8520.081080536262,1,random_forest_change,holdout,0
2025-07-01,2025-06-01,8439.0,9415.959192673039,1,random_forest_change,holdout,0
2025-08-01,2025-07-01,7752.0,8674.062528996896,1,random_forest_change,holdout,0
2025-09-01,2025-08-01,7395.0,7860.2203551659095,1,random_forest_change,holdout,0
2025-10-01,2025-09-01,7832.0,7271.930249973056,1,random_forest_change,holdout,0
2025-11-01,2025-10-01,8383.0,7612.905484559853,1,random_forest_change,holdout,0
2025-12-01,2025-11-01,6591.0,8155.863071517102,1,random_forest_change,holdout,0
2026-01-01,2025-12-01,6482.0,7345.870459610681,1,random_forest_change,holdout,0
2026-02-01,2026-01-01,8564.0,6484.731804324978,1,random_forest_change,holdout,0
2026-03-01,2026-02-01,8537.0,8240.78272987672,1,random_forest_change,holdout,0
2026-04-01,2026-03-01,8832.0,8408.433321466142,1,random_forest_change,holdout,0
2026-05-01,2026-04-01,8707.0,8648.327539936894,1,random_forest_change,holdout,0
2026-06-01,2026-05-01,9139.0,8535.397296453333,1,random_forest_change,holdout,0
2024-07-01,2024-06-01,8245.0,7379.52294921875,1,xgboost_change,holdout,0
2024-08-01,2024-07-01,7460.0,7871.24658203125,1,xgboost_change,holdout,0
2024-09-01,2024-08-01,7911.0,7646.0732421875,1,xgboost_change,holdout,0
2024-10-01,2024-09-01,7822.0,7624.560546875,1,xgboost_change,holdout,0
2024-11-01,2024-10-01,8416.0,7513.57666015625,1,xgboost_change,holdout,0
2024-12-01,2024-11-01,7872.0,8089.919921875,1,xgboost_change,holdout,0
2025-01-01,2024-12-01,8666.0,8213.263671875,1,xgboost_change,holdout,0
2025-02-01,2025-01-01,8068.0,8615.9912109375,1,xgboost_change,holdout,0
2025-03-01,2025-02-01,7651.0,8467.474609375,1,xgboost_change,holdout,0
2025-04-01,2025-03-01,8110.0,7981.7744140625,1,xgboost_change,holdout,0
2025-05-01,2025-04-01,8824.0,7943.47314453125,1,xgboost_change,holdout,0
2025-06-01,2025-05-01,9739.0,8450.443359375,1,xgboost_change,holdout,0
2025-07-01,2025-06-01,8439.0,9312.1591796875,1,xgboost_change,holdout,0
2025-08-01,2025-07-01,7752.0,8634.611328125,1,xgboost_change,holdout,0
2025-09-01,2025-08-01,7395.0,7889.86865234375,1,xgboost_change,holdout,0
2025-10-01,2025-09-01,7832.0,7148.96923828125,1,xgboost_change,holdout,0
2025-11-01,2025-10-01,8383.0,7405.56982421875,1,xgboost_change,holdout,0
2025-12-01,2025-11-01,6591.0,8052.873046875,1,xgboost_change,holdout,0
2026-01-01,2025-12-01,6482.0,6948.11865234375,1,xgboost_change,holdout,0
2026-02-01,2026-01-01,8564.0,6484.31982421875,1,xgboost_change,holdout,0
2026-03-01,2026-02-01,8537.0,8307.27734375,1,xgboost_change,holdout,0
2026-04-01,2026-03-01,8832.0,8442.8603515625,1,xgboost_change,holdout,0
2026-05-01,2026-04-01,8707.0,8715.2666015625,1,xgboost_change,holdout,0
2026-06-01,2026-05-01,9139.0,8405.6982421875,1,xgboost_change,holdout,0
2024-07-01,2024-06-01,8245.0,7736.393932941462,1,neural_network_change,holdout,0
2024-08-01,2024-07-01,7460.0,7748.446431851189,1,neural_network_change,holdout,0
2024-09-01,2024-08-01,7911.0,7606.027681896204,1,neural_network_change,holdout,0
2024-10-01,2024-09-01,7822.0,7926.288253980604,1,neural_network_change,holdout,0
2024-11-01,2024-10-01,8416.0,7957.079051918134,1,neural_network_change,holdout,0
2024-12-01,2024-11-01,7872.0,8249.852552334538,1,neural_network_change,holdout,0
2025-01-01,2024-12-01,8666.0,8287.042335706445,1,neural_network_change,holdout,0
2025-02-01,2025-01-01,8068.0,8816.310805824109,1,neural_network_change,holdout,0
2025-03-01,2025-02-01,7651.0,8569.84939118805,1,neural_network_change,holdout,0
2025-04-01,2025-03-01,8110.0,8133.406807696844,1,neural_network_change,holdout,0
2025-05-01,2025-04-01,8824.0,8050.562522119263,1,neural_network_change,holdout,0
2025-06-01,2025-05-01,9739.0,8481.300336622588,1,neural_network_change,holdout,0
2025-07-01,2025-06-01,8439.0,9034.470190508628,1,neural_network_change,holdout,0
2025-08-01,2025-07-01,7752.0,8289.903787691006,1,neural_network_change,holdout,0
2025-09-01,2025-08-01,7395.0,7870.318654046711,1,neural_network_change,holdout,0
2025-10-01,2025-09-01,7832.0,7526.534957508146,1,neural_network_change,holdout,0
2025-11-01,2025-10-01,8383.0,7734.41295963962,1,neural_network_change,holdout,0
2025-12-01,2025-11-01,6591.0,8395.626778160577,1,neural_network_change,holdout,0
2026-01-01,2025-12-01,6482.0,7385.214663983645,1,neural_network_change,holdout,0
2026-02-01,2026-01-01,8564.0,7037.75597619375,1,neural_network_change,holdout,0
2026-03-01,2026-02-01,8537.0,8319.456020634947,1,neural_network_change,holdout,0
2026-04-01,2026-03-01,8832.0,8664.54631807817,1,neural_network_change,holdout,0
2026-05-01,2026-04-01,8707.0,8603.706189989633,1,neural_network_change,holdout,0
2026-06-01,2026-05-01,9139.0,8913.185320001725,1,neural_network_change,holdout,0
2024-07-01,2024-06-01,8245.0,7623.344729717095,1,rolling_ridge_change,holdout,0
2024-08-01,2024-07-01,7460.0,7814.39454262406,1,rolling_ridge_change,holdout,0
2024-09-01,2024-08-01,7911.0,7464.091296861552,1,rolling_ridge_change,holdout,0
2024-10-01,2024-09-01,7822.0,7719.534607426707,1,rolling_ridge_change,holdout,0
2024-11-01,2024-10-01,8416.0,7817.877157689532,1,rolling_ridge_change,holdout,0
2024-12-01,2024-11-01,7872.0,8312.917004223304,1,rolling_ridge_change,holdout,0
2025-01-01,2024-12-01,8666.0,7870.962692551832,1,rolling_ridge_change,holdout,0
2025-02-01,2025-01-01,8068.0,8502.218204511873,1,rolling_ridge_change,holdout,0
2025-03-01,2025-02-01,7651.0,8499.711088893671,1,rolling_ridge_change,holdout,0
2025-04-01,2025-03-01,8110.0,8051.812962331222,1,rolling_ridge_change,holdout,0
2025-05-01,2025-04-01,8824.0,8048.622966525917,1,rolling_ridge_change,holdout,0
2025-06-01,2025-05-01,9739.0,8506.118064564216,1,rolling_ridge_change,holdout,0
2025-07-01,2025-06-01,8439.0,9301.637280460152,1,rolling_ridge_change,holdout,0
2025-08-01,2025-07-01,7752.0,8295.90047916628,1,rolling_ridge_change,holdout,0
2025-09-01,2025-08-01,7395.0,7601.298952946762,1,rolling_ridge_change,holdout,0
2025-10-01,2025-09-01,7832.0,7300.454758744458,1,rolling_ridge_change,holdout,0
2025-11-01,2025-10-01,8383.0,7487.102111002637,1,rolling_ridge_change,holdout,0
2025-12-01,2025-11-01,6591.0,8192.25877758983,1,rolling_ridge_change,holdout,0
2026-01-01,2025-12-01,6482.0,6725.170729192628,1,rolling_ridge_change,holdout,0
2026-02-01,2026-01-01,8564.0,6516.464471555738,1,rolling_ridge_change,holdout,0
2026-03-01,2026-02-01,8537.0,8329.21869915935,1,rolling_ridge_change,holdout,0
2026-04-01,2026-03-01,8832.0,8326.107426483399,1,rolling_ridge_change,holdout,0
2026-05-01,2026-04-01,8707.0,8541.987124415846,1,rolling_ridge_change,holdout,0
2026-06-01,2026-05-01,9139.0,8706.366711771463,1,rolling_ridge_change,holdout,0
2024-07-01,2024-06-01,8245.0,7666.879464144998,1,damped_ridge_change,holdout,0
2024-08-01,2024-07-01,7460.0,7965.859495936731,1,damped_ridge_change,holdout,0
2024-09-01,2024-08-01,7911.0,7443.413810508488,1,damped_ridge_change,holdout,0
2024-10-01,2024-09-01,7822.0,7784.841722880072,1,damped_ridge_change,holdout,0
2024-11-01,2024-10-01,8416.0,7847.941174217039,1,damped_ridge_change,holdout,0
2024-12-01,2024-11-01,7872.0,8405.883284198768,1,damped_ridge_change,holdout,0
2025-01-01,2024-12-01,8666.0,8071.940825318544,1,damped_ridge_change,holdout,0
2025-02-01,2025-01-01,8068.0,8723.579278291922,1,damped_ridge_change,holdout,0
2025-03-01,2025-02-01,7651.0,8321.589687841713,1,damped_ridge_change,holdout,0
2025-04-01,2025-03-01,8110.0,7829.578587235066,1,damped_ridge_change,holdout,0
2025-05-01,2025-04-01,8824.0,8079.73321020583,1,damped_ridge_change,holdout,0
2025-06-01,2025-05-01,9739.0,8637.383687324269,1,damped_ridge_change,holdout,0
2025-07-01,2025-06-01,8439.0,9422.187433861882,1,damped_ridge_change,holdout,0
2025-08-01,2025-07-01,7752.0,8373.59080289591,1,damped_ridge_change,holdout,0
2025-09-01,2025-08-01,7395.0,7700.6761689372715,1,damped_ridge_change,holdout,0
2025-10-01,2025-09-01,7832.0,7354.057268054822,1,damped_ridge_change,holdout,0
2025-11-01,2025-10-01,8383.0,7772.661200094341,1,damped_ridge_change,holdout,0
2025-12-01,2025-11-01,6591.0,8405.909719716914,1,damped_ridge_change,holdout,0
2026-01-01,2025-12-01,6482.0,6994.993188285387,1,damped_ridge_change,holdout,0
2026-02-01,2026-01-01,8564.0,6695.796926370969,1,damped_ridge_change,holdout,0
2026-03-01,2026-02-01,8537.0,8444.43212137501,1,damped_ridge_change,holdout,0
2026-04-01,2026-03-01,8832.0,8570.796495256785,1,damped_ridge_change,holdout,0
2026-05-01,2026-04-01,8707.0,8783.994590880135,1,damped_ridge_change,holdout,0
2026-06-01,2026-05-01,9139.0,8716.18812106649,1,damped_ridge_change,holdout,0
2024-07-01,2024-06-01,8245.0,7487.886435330376,1,ensemble_change,holdout,0
2024-08-01,2024-07-01,7460.0,7863.207597111732,1,ensemble_change,holdout,0
2024-09-01,2024-08-01,7911.0,7572.698376303384,1,ensemble_change,holdout,0
2024-10-01,2024-09-01,7822.0,7669.651971325655,1,ensemble_change,holdout,0
2024-11-01,2024-10-01,8416.0,7664.964040469857,1,ensemble_change,holdout,0
2024-12-01,2024-11-01,7872.0,8228.248002570446,1,ensemble_change,holdout,0
2025-01-01,2024-12-01,8666.0,8234.80545625366,1,ensemble_change,holdout,0
2025-02-01,2025-01-01,8068.0,8673.083405183144,1,ensemble_change,holdout,0
2025-03-01,2025-02-01,7651.0,8511.293888580907,1,ensemble_change,holdout,0
2025-04-01,2025-03-01,8110.0,7996.810257589209,1,ensemble_change,holdout,0
2025-05-01,2025-04-01,8824.0,7983.931983714379,1,ensemble_change,holdout,0
2025-06-01,2025-05-01,9739.0,8473.76403991186,1,ensemble_change,holdout,0
2025-07-01,2025-06-01,8439.0,9277.83102916547,1,ensemble_change,holdout,0
2025-08-01,2025-07-01,7752.0,8538.951683642137,1,ensemble_change,holdout,0
2025-09-01,2025-08-01,7395.0,7799.813817398575,1,ensemble_change,holdout,0
2025-10-01,2025-09-01,7832.0,7244.671366885965,1,ensemble_change,holdout,0
2025-11-01,2025-10-01,8383.0,7577.265852126465,1,ensemble_change,holdout,0
2025-12-01,2025-11-01,6591.0,8212.518559965414,1,ensemble_change,holdout,0
2026-01-01,2025-12-01,6482.0,7230.99186002598,1,ensemble_change,holdout,0
2026-02-01,2026-01-01,8564.0,6626.215144931348,1,ensemble_change,holdout,0
2026-03-01,2026-02-01,8537.0,8290.974660227794,1,ensemble_change,holdout,0
2026-04-01,2026-03-01,8832.0,8485.295399383049,1,ensemble_change,holdout,0
2026-05-01,2026-04-01,8707.0,8699.860965337857,1,ensemble_change,holdout,0
2026-06-01,2026-05-01,9139.0,8555.49052238359,1,ensemble_change,holdout,0
2014-07-01,2014-06-01,81491.0,85805.0,2,persistence,cv,1
2014-08-01,2014-07-01,82048.0,81491.0,2,persistence,cv,1
2014-09-01,2014-08-01,86512.0,82048.0,2,persistence,cv,1
2014-10-01,2014-09-01,93374.0,86512.0,2,persistence,cv,1
2014-11-01,2014-10-01,98813.0,93374.0,2,persistence,cv,1
2014-12-01,2014-11-01,104555.0,98813.0,2,persistence,cv,1
2015-01-01,2014-12-01,116913.0,104555.0,2,persistence,cv,1
2015-02-01,2015-01-01,126655.0,116913.0,2,persistence,cv,1
2015-03-01,2015-02-01,139376.0,126655.0,2,persistence,cv,1
2015-04-01,2015-03-01,139444.0,139376.0,2,persistence,cv,1
2015-05-01,2015-04-01,135599.0,139444.0,2,persistence,cv,1
2015-06-01,2015-05-01,133942.0,135599.0,2,persistence,cv,1
2015-07-01,2015-06-01,133792.0,133942.0,2,persistence,cv,2
2015-08-01,2015-07-01,135307.0,133792.0,2,persistence,cv,2
2015-09-01,2015-08-01,127240.0,135307.0,2,persistence,cv,2
2015-10-01,2015-09-01,132906.0,127240.0,2,persistence,cv,2
2015-11-01,2015-10-01,142507.0,132906.0,2,persistence,cv,2
2015-12-01,2015-11-01,144504.0,142507.0,2,persistence,cv,2
2016-01-01,2015-12-01,145942.0,144504.0,2,persistence,cv,2
2016-02-01,2016-01-01,148304.0,145942.0,2,persistence,cv,2
2016-03-01,2016-02-01,150319.0,148304.0,2,persistence,cv,2
2016-04-01,2016-03-01,153620.0,150319.0,2,persistence,cv,2
2016-05-01,2016-04-01,151708.0,153620.0,2,persistence,cv,2
2016-06-01,2016-05-01,145355.0,151708.0,2,persistence,cv,2
2016-07-01,2016-06-01,147655.0,145355.0,2,persistence,cv,3
2016-08-01,2016-07-01,148120.0,147655.0,2,persistence,cv,3
2016-09-01,2016-08-01,143651.0,148120.0,2,persistence,cv,3
2016-10-01,2016-09-01,141439.0,143651.0,2,persistence,cv,3
2016-11-01,2016-10-01,149205.0,141439.0,2,persistence,cv,3
2016-12-01,2016-11-01,151751.0,149205.0,2,persistence,cv,3
2017-01-01,2016-12-01,150558.0,151751.0,2,persistence,cv,3
2017-02-01,2017-01-01,152242.0,150558.0,2,persistence,cv,3
2017-03-01,2017-02-01,156144.0,152242.0,2,persistence,cv,3
2017-04-01,2017-03-01,159074.0,156144.0,2,persistence,cv,3
2017-05-01,2017-04-01,157036.0,159074.0,2,persistence,cv,3
2017-06-01,2017-05-01,149105.0,157036.0,2,persistence,cv,3
2017-07-01,2017-06-01,144641.0,149105.0,2,persistence,cv,4
2017-08-01,2017-07-01,140560.0,144641.0,2,persistence,cv,4
2017-09-01,2017-08-01,149558.0,140560.0,2,persistence,cv,4
2017-10-01,2017-09-01,153828.0,149558.0,2,persistence,cv,4
2017-11-01,2017-10-01,142790.0,153828.0,2,persistence,cv,4
2017-12-01,2017-11-01,132031.0,142790.0,2,persistence,cv,4
2018-01-01,2017-12-01,118434.0,132031.0,2,persistence,cv,4
2018-02-01,2018-01-01,111232.0,118434.0,2,persistence,cv,4
2018-03-01,2018-02-01,122305.0,111232.0,2,persistence,cv,4
2018-04-01,2018-03-01,125576.0,122305.0,2,persistence,cv,4
2018-05-01,2018-04-01,123718.0,125576.0,2,persistence,cv,4
2018-06-01,2018-05-01,112849.0,123718.0,2,persistence,cv,4
2018-07-01,2018-06-01,107744.0,112849.0,2,persistence,cv,5
2018-08-01,2018-07-01,111093.0,107744.0,2,persistence,cv,5
2018-09-01,2018-08-01,113024.0,111093.0,2,persistence,cv,5
2018-10-01,2018-09-01,124368.0,113024.0,2,persistence,cv,5
2018-11-01,2018-10-01,129427.0,124368.0,2,persistence,cv,5
2018-12-01,2018-11-01,132102.0,129427.0,2,persistence,cv,5
2019-01-01,2018-12-01,133648.0,132102.0,2,persistence,cv,5
2019-02-01,2019-01-01,138140.0,133648.0,2,persistence,cv,5
2019-03-01,2019-02-01,138437.0,138140.0,2,persistence,cv,5
2019-04-01,2019-03-01,137310.0,138437.0,2,persistence,cv,5
2019-05-01,2019-04-01,143617.0,137310.0,2,persistence,cv,5
2019-06-01,2019-05-01,142220.0,143617.0,2,persistence,cv,5
2019-07-01,2019-06-01,134881.0,142220.0,2,persistence,cv,6
2019-08-01,2019-07-01,125698.0,134881.0,2,persistence,cv,6
2019-09-01,2019-08-01,128143.0,125698.0,2,persistence,cv,6
2019-10-01,2019-09-01,134781.0,128143.0,2,persistence,cv,6
2019-11-01,2019-10-01,130126.0,134781.0,2,persistence,cv,6
2019-12-01,2019-11-01,126547.0,130126.0,2,persistence,cv,6
2020-01-01,2019-12-01,127714.0,126547.0,2,persistence,cv,6
2020-02-01,2020-01-01,126836.0,127714.0,2,persistence,cv,6
2020-03-01,2020-02-01,139824.0,126836.0,2,persistence,cv,6
2020-04-01,2020-03-01,156466.0,139824.0,2,persistence,cv,6
2020-05-01,2020-04-01,140663.0,156466.0,2,persistence,cv,6
2020-06-01,2020-05-01,136483.0,140663.0,2,persistence,cv,6
2020-07-01,2020-06-01,140336.0,136483.0,2,persistence,cv,7
2020-08-01,2020-07-01,140141.0,140336.0,2,persistence,cv,7
2020-09-01,2020-08-01,140970.0,140141.0,2,persistence,cv,7
2020-10-01,2020-09-01,146472.0,140970.0,2,persistence,cv,7
2020-11-01,2020-10-01,148412.0,146472.0,2,persistence,cv,7
2020-12-01,2020-11-01,147225.0,148412.0,2,persistence,cv,7
2021-01-01,2020-12-01,136136.0,147225.0,2,persistence,cv,7
2021-02-01,2021-01-01,134483.0,136136.0,2,persistence,cv,7
2021-03-01,2021-02-01,127473.0,134483.0,2,persistence,cv,7
2021-04-01,2021-03-01,133881.0,127473.0,2,persistence,cv,7
2021-05-01,2021-04-01,134056.0,133881.0,2,persistence,cv,7
2021-06-01,2021-05-01,124235.0,134056.0,2,persistence,cv,7
2021-07-01,2021-06-01,119009.0,124235.0,2,persistence,cv,8
2021-08-01,2021-07-01,116402.0,119009.0,2,persistence,cv,8
2021-09-01,2021-08-01,113164.0,116402.0,2,persistence,cv,8
2021-10-01,2021-09-01,108697.0,113164.0,2,persistence,cv,8
2021-11-01,2021-10-01,114800.0,108697.0,2,persistence,cv,8
2021-12-01,2021-11-01,117519.0,114800.0,2,persistence,cv,8
2022-01-01,2021-12-01,110478.0,117519.0,2,persistence,cv,8
2022-02-01,2022-01-01,102418.0,110478.0,2,persistence,cv,8
2022-03-01,2022-02-01,106991.0,102418.0,2,persistence,cv,8
2022-04-01,2022-03-01,105393.0,106991.0,2,persistence,cv,8
2022-05-01,2022-04-01,103433.0,105393.0,2,persistence,cv,8
2022-06-01,2022-05-01,103711.0,103433.0,2,persistence,cv,8
2022-07-01,2022-06-01,108992.0,103711.0,2,persistence,cv,9
2022-08-01,2022-07-01,106416.0,108992.0,2,persistence,cv,9
2022-09-01,2022-08-01,109108.0,106416.0,2,persistence,cv,9
2022-10-01,2022-09-01,113699.0,109108.0,2,persistence,cv,9
2022-11-01,2022-10-01,106829.0,113699.0,2,persistence,cv,9
2022-12-01,2022-11-01,107006.0,106829.0,2,persistence,cv,9
2023-01-01,2022-12-01,123976.0,107006.0,2,persistence,cv,9
2023-02-01,2023-01-01,127518.0,123976.0,2,persistence,cv,9
2023-03-01,2023-02-01,121224.0,127518.0,2,persistence,cv,9
2023-04-01,2023-03-01,120647.0,121224.0,2,persistence,cv,9
2023-05-01,2023-04-01,125119.0,120647.0,2,persistence,cv,9
2023-06-01,2023-05-01,126189.0,125119.0,2,persistence,cv,9
2023-07-01,2023-06-01,118771.0,126189.0,2,persistence,cv,10
2023-08-01,2023-07-01,109216.0,118771.0,2,persistence,cv,10
2023-09-01,2023-08-01,104432.0,109216.0,2,persistence,cv,10
2023-10-01,2023-09-01,105146.0,104432.0,2,persistence,cv,10
2023-11-01,2023-10-01,110776.0,105146.0,2,persistence,cv,10
2023-12-01,2023-11-01,116557.0,110776.0,2,persistence,cv,10
2024-01-01,2023-12-01,109117.0,116557.0,2,persistence,cv,10
2024-02-01,2024-01-01,117652.0,109117.0,2,persistence,cv,10
2024-03-01,2024-02-01,119599.0,117652.0,2,persistence,cv,10
2024-04-01,2024-03-01,122265.0,119599.0,2,persistence,cv,10
2024-05-01,2024-04-01,116543.0,122265.0,2,persistence,cv,10
2024-06-01,2024-05-01,114321.0,116543.0,2,persistence,cv,10
2014-07-01,2014-06-01,81491.0,101869.0,2,seasonal_naive,cv,1
2014-08-01,2014-07-01,82048.0,99217.0,2,seasonal_naive,cv,1
2014-09-01,2014-08-01,86512.0,99588.0,2,seasonal_naive,cv,1
2014-10-01,2014-09-01,93374.0,104054.0,2,seasonal_naive,cv,1
2014-11-01,2014-10-01,98813.0,104988.0,2,seasonal_naive,cv,1
2014-12-01,2014-11-01,104555.0,104988.0,2,seasonal_naive,cv,1
2015-01-01,2014-12-01,116913.0,105744.0,2,seasonal_naive,cv,1
2015-02-01,2015-01-01,126655.0,97942.0,2,seasonal_naive,cv,1
2015-03-01,2015-02-01,139376.0,95403.0,2,seasonal_naive,cv,1
2015-04-01,2015-03-01,139444.0,89083.0,2,seasonal_naive,cv,1
2015-05-01,2015-04-01,135599.0,86821.0,2,seasonal_naive,cv,1
2015-06-01,2015-05-01,133942.0,85805.0,2,seasonal_naive,cv,1
2015-07-01,2015-06-01,133792.0,81491.0,2,seasonal_naive,cv,2
2015-08-01,2015-07-01,135307.0,82048.0,2,seasonal_naive,cv,2
2015-09-01,2015-08-01,127240.0,86512.0,2,seasonal_naive,cv,2
2015-10-01,2015-09-01,132906.0,93374.0,2,seasonal_naive,cv,2
2015-11-01,2015-10-01,142507.0,98813.0,2,seasonal_naive,cv,2
2015-12-01,2015-11-01,144504.0,104555.0,2,seasonal_naive,cv,2
2016-01-01,2015-12-01,145942.0,116913.0,2,seasonal_naive,cv,2
2016-02-01,2016-01-01,148304.0,126655.0,2,seasonal_naive,cv,2
2016-03-01,2016-02-01,150319.0,139376.0,2,seasonal_naive,cv,2
2016-04-01,2016-03-01,153620.0,139444.0,2,seasonal_naive,cv,2
2016-05-01,2016-04-01,151708.0,135599.0,2,seasonal_naive,cv,2
2016-06-01,2016-05-01,145355.0,133942.0,2,seasonal_naive,cv,2
2016-07-01,2016-06-01,147655.0,133792.0,2,seasonal_naive,cv,3
2016-08-01,2016-07-01,148120.0,135307.0,2,seasonal_naive,cv,3
2016-09-01,2016-08-01,143651.0,127240.0,2,seasonal_naive,cv,3
2016-10-01,2016-09-01,141439.0,132906.0,2,seasonal_naive,cv,3
2016-11-01,2016-10-01,149205.0,142507.0,2,seasonal_naive,cv,3
2016-12-01,2016-11-01,151751.0,144504.0,2,seasonal_naive,cv,3
2017-01-01,2016-12-01,150558.0,145942.0,2,seasonal_naive,cv,3
2017-02-01,2017-01-01,152242.0,148304.0,2,seasonal_naive,cv,3
2017-03-01,2017-02-01,156144.0,150319.0,2,seasonal_naive,cv,3
2017-04-01,2017-03-01,159074.0,153620.0,2,seasonal_naive,cv,3
2017-05-01,2017-04-01,157036.0,151708.0,2,seasonal_naive,cv,3
2017-06-01,2017-05-01,149105.0,145355.0,2,seasonal_naive,cv,3
2017-07-01,2017-06-01,144641.0,147655.0,2,seasonal_naive,cv,4
2017-08-01,2017-07-01,140560.0,148120.0,2,seasonal_naive,cv,4
2017-09-01,2017-08-01,149558.0,143651.0,2,seasonal_naive,cv,4
2017-10-01,2017-09-01,153828.0,141439.0,2,seasonal_naive,cv,4
2017-11-01,2017-10-01,142790.0,149205.0,2,seasonal_naive,cv,4
2017-12-01,2017-11-01,132031.0,151751.0,2,seasonal_naive,cv,4
2018-01-01,2017-12-01,118434.0,150558.0,2,seasonal_naive,cv,4
2018-02-01,2018-01-01,111232.0,152242.0,2,seasonal_naive,cv,4
2018-03-01,2018-02-01,122305.0,156144.0,2,seasonal_naive,cv,4
2018-04-01,2018-03-01,125576.0,159074.0,2,seasonal_naive,cv,4
2018-05-01,2018-04-01,123718.0,157036.0,2,seasonal_naive,cv,4
2018-06-01,2018-05-01,112849.0,149105.0,2,seasonal_naive,cv,4
2018-07-01,2018-06-01,107744.0,144641.0,2,seasonal_naive,cv,5
2018-08-01,2018-07-01,111093.0,140560.0,2,seasonal_naive,cv,5
2018-09-01,2018-08-01,113024.0,149558.0,2,seasonal_naive,cv,5
2018-10-01,2018-09-01,124368.0,153828.0,2,seasonal_naive,cv,5
2018-11-01,2018-10-01,129427.0,142790.0,2,seasonal_naive,cv,5
2018-12-01,2018-11-01,132102.0,132031.0,2,seasonal_naive,cv,5
2019-01-01,2018-12-01,133648.0,118434.0,2,seasonal_naive,cv,5
2019-02-01,2019-01-01,138140.0,111232.0,2,seasonal_naive,cv,5
2019-03-01,2019-02-01,138437.0,122305.0,2,seasonal_naive,cv,5
2019-04-01,2019-03-01,137310.0,125576.0,2,seasonal_naive,cv,5
2019-05-01,2019-04-01,143617.0,123718.0,2,seasonal_naive,cv,5
2019-06-01,2019-05-01,142220.0,112849.0,2,seasonal_naive,cv,5
2019-07-01,2019-06-01,134881.0,107744.0,2,seasonal_naive,cv,6
2019-08-01,2019-07-01,125698.0,111093.0,2,seasonal_naive,cv,6
2019-09-01,2019-08-01,128143.0,113024.0,2,seasonal_naive,cv,6
2019-10-01,2019-09-01,134781.0,124368.0,2,seasonal_naive,cv,6
2019-11-01,2019-10-01,130126.0,129427.0,2,seasonal_naive,cv,6
2019-12-01,2019-11-01,126547.0,132102.0,2,seasonal_naive,cv,6
2020-01-01,2019-12-01,127714.0,133648.0,2,seasonal_naive,cv,6
2020-02-01,2020-01-01,126836.0,138140.0,2,seasonal_naive,cv,6
2020-03-01,2020-02-01,139824.0,138437.0,2,seasonal_naive,cv,6
2020-04-01,2020-03-01,156466.0,137310.0,2,seasonal_naive,cv,6
2020-05-01,2020-04-01,140663.0,143617.0,2,seasonal_naive,cv,6
2020-06-01,2020-05-01,136483.0,142220.0,2,seasonal_naive,cv,6
2020-07-01,2020-06-01,140336.0,134881.0,2,seasonal_naive,cv,7
2020-08-01,2020-07-01,140141.0,125698.0,2,seasonal_naive,cv,7
2020-09-01,2020-08-01,140970.0,128143.0,2,seasonal_naive,cv,7
2020-10-01,2020-09-01,146472.0,134781.0,2,seasonal_naive,cv,7
2020-11-01,2020-10-01,148412.0,130126.0,2,seasonal_naive,cv,7
2020-12-01,2020-11-01,147225.0,126547.0,2,seasonal_naive,cv,7
2021-01-01,2020-12-01,136136.0,127714.0,2,seasonal_naive,cv,7
2021-02-01,2021-01-01,134483.0,126836.0,2,seasonal_naive,cv,7
2021-03-01,2021-02-01,127473.0,139824.0,2,seasonal_naive,cv,7
2021-04-01,2021-03-01,133881.0,156466.0,2,seasonal_naive,cv,7
2021-05-01,2021-04-01,134056.0,140663.0,2,seasonal_naive,cv,7
2021-06-01,2021-05-01,124235.0,136483.0,2,seasonal_naive,cv,7
2021-07-01,2021-06-01,119009.0,140336.0,2,seasonal_naive,cv,8
2021-08-01,2021-07-01,116402.0,140141.0,2,seasonal_naive,cv,8
2021-09-01,2021-08-01,113164.0,140970.0,2,seasonal_naive,cv,8
2021-10-01,2021-09-01,108697.0,146472.0,2,seasonal_naive,cv,8
2021-11-01,2021-10-01,114800.0,148412.0,2,seasonal_naive,cv,8
2021-12-01,2021-11-01,117519.0,147225.0,2,seasonal_naive,cv,8
2022-01-01,2021-12-01,110478.0,136136.0,2,seasonal_naive,cv,8
2022-02-01,2022-01-01,102418.0,134483.0,2,seasonal_naive,cv,8
2022-03-01,2022-02-01,106991.0,127473.0,2,seasonal_naive,cv,8
2022-04-01,2022-03-01,105393.0,133881.0,2,seasonal_naive,cv,8
2022-05-01,2022-04-01,103433.0,134056.0,2,seasonal_naive,cv,8
2022-06-01,2022-05-01,103711.0,124235.0,2,seasonal_naive,cv,8
2022-07-01,2022-06-01,108992.0,119009.0,2,seasonal_naive,cv,9
2022-08-01,2022-07-01,106416.0,116402.0,2,seasonal_naive,cv,9
2022-09-01,2022-08-01,109108.0,113164.0,2,seasonal_naive,cv,9
2022-10-01,2022-09-01,113699.0,108697.0,2,seasonal_naive,cv,9
2022-11-01,2022-10-01,106829.0,114800.0,2,seasonal_naive,cv,9
2022-12-01,2022-11-01,107006.0,117519.0,2,seasonal_naive,cv,9
2023-01-01,2022-12-01,123976.0,110478.0,2,seasonal_naive,cv,9
2023-02-01,2023-01-01,127518.0,102418.0,2,seasonal_naive,cv,9
2023-03-01,2023-02-01,121224.0,106991.0,2,seasonal_naive,cv,9
2023-04-01,2023-03-01,120647.0,105393.0,2,seasonal_naive,cv,9
2023-05-01,2023-04-01,125119.0,103433.0,2,seasonal_naive,cv,9
2023-06-01,2023-05-01,126189.0,103711.0,2,seasonal_naive,cv,9
2023-07-01,2023-06-01,118771.0,108992.0,2,seasonal_naive,cv,10
2023-08-01,2023-07-01,109216.0,106416.0,2,seasonal_naive,cv,10
2023-09-01,2023-08-01,104432.0,109108.0,2,seasonal_naive,cv,10
2023-10-01,2023-09-01,105146.0,113699.0,2,seasonal_naive,cv,10
2023-11-01,2023-10-01,110776.0,106829.0,2,seasonal_naive,cv,10
2023-12-01,2023-11-01,116557.0,107006.0,2,seasonal_naive,cv,10
2024-01-01,2023-12-01,109117.0,123976.0,2,seasonal_naive,cv,10
2024-02-01,2024-01-01,117652.0,127518.0,2,seasonal_naive,cv,10
2024-03-01,2024-02-01,119599.0,121224.0,2,seasonal_naive,cv,10
2024-04-01,2024-03-01,122265.0,120647.0,2,seasonal_naive,cv,10
2024-05-01,2024-04-01,116543.0,125119.0,2,seasonal_naive,cv,10
2024-06-01,2024-05-01,114321.0,126189.0,2,seasonal_naive,cv,10
2014-07-01,2014-06-01,81491.0,82970.6,2,seasonal_change,cv,1
2014-08-01,2014-07-01,82048.0,79277.2,2,seasonal_change,cv,1
2014-09-01,2014-08-01,86512.0,80913.2,2,seasonal_change,cv,1
2014-10-01,2014-09-01,93374.0,86825.2,2,seasonal_change,cv,1
2014-11-01,2014-10-01,98813.0,96328.4,2,seasonal_change,cv,1
2014-12-01,2014-11-01,104555.0,101801.8,2,seasonal_change,cv,1
2015-01-01,2014-12-01,116913.0,105034.8,2,seasonal_change,cv,1
2015-02-01,2015-01-01,126655.0,116098.0,2,seasonal_change,cv,1
2015-03-01,2015-02-01,139376.0,128804.0,2,seasonal_change,cv,1
2015-04-01,2015-03-01,139444.0,139484.4,2,seasonal_change,cv,1
2015-05-01,2015-04-01,135599.0,139964.2,2,seasonal_change,cv,1
2015-06-01,2015-05-01,133942.0,134261.0,2,seasonal_change,cv,1
2015-07-01,2015-06-01,133792.0,129591.8,2,seasonal_change,cv,2
2015-08-01,2015-07-01,135307.0,132406.6,2,seasonal_change,cv,2
2015-09-01,2015-08-01,127240.0,135758.2,2,seasonal_change,cv,2
2015-10-01,2015-09-01,132906.0,128894.2,2,seasonal_change,cv,2
2015-11-01,2015-10-01,142507.0,135165.4,2,seasonal_change,cv,2
2015-12-01,2015-11-01,144504.0,146110.8,2,seasonal_change,cv,2
2016-01-01,2015-12-01,145942.0,148396.2,2,seasonal_change,cv,2
2016-02-01,2016-01-01,148304.0,147501.2,2,seasonal_change,cv,2
2016-03-01,2016-02-01,150319.0,152228.4,2,seasonal_change,cv,2
2016-04-01,2016-03-01,153620.0,149172.8,2,seasonal_change,cv,2
2016-05-01,2016-04-01,151708.0,152864.6,2,seasonal_change,cv,2
2016-06-01,2016-05-01,145355.0,149884.0,2,seasonal_change,cv,2
2016-07-01,2016-06-01,147655.0,140668.0,2,seasonal_change,cv,3
2016-08-01,2016-07-01,148120.0,147276.4,2,seasonal_change,cv,3
2016-09-01,2016-08-01,143651.0,147249.4,2,seasonal_change,cv,3
2016-10-01,2016-09-01,141439.0,146800.2,2,seasonal_change,cv,3
2016-11-01,2016-10-01,149205.0,145314.4,2,seasonal_change,cv,3
2016-12-01,2016-11-01,151751.0,152008.6,2,seasonal_change,cv,3
2017-01-01,2016-12-01,150558.0,155849.8,2,seasonal_change,cv,3
2017-02-01,2017-01-01,152242.0,151738.8,2,seasonal_change,cv,3
2017-03-01,2017-02-01,156144.0,156104.2,2,seasonal_change,cv,3
2017-04-01,2017-03-01,159074.0,156026.0,2,seasonal_change,cv,3
2017-05-01,2017-04-01,157036.0,158411.2,2,seasonal_change,cv,3
2017-06-01,2017-05-01,149105.0,154518.6,2,seasonal_change,cv,3
2017-07-01,2017-06-01,144641.0,145467.0,2,seasonal_change,cv,4
2017-08-01,2017-07-01,140560.0,144330.8,2,seasonal_change,cv,4
2017-09-01,2017-08-01,149558.0,139555.6,2,seasonal_change,cv,4
2017-10-01,2017-09-01,153828.0,152205.6,2,seasonal_change,cv,4
2017-11-01,2017-10-01,142790.0,159239.2,2,seasonal_change,cv,4
2017-12-01,2017-11-01,132031.0,146099.4,2,seasonal_change,cv,4
2018-01-01,2017-12-01,118434.0,135541.6,2,seasonal_change,cv,4
2018-02-01,2018-01-01,111232.0,119183.0,2,seasonal_change,cv,4
2018-03-01,2018-02-01,122305.0,114996.6,2,seasonal_change,cv,4
2018-04-01,2018-03-01,125576.0,122064.8,2,seasonal_change,cv,4
2018-05-01,2018-04-01,123718.0,123754.4,2,seasonal_change,cv,4
2018-06-01,2018-05-01,112849.0,119687.8,2,seasonal_change,cv,4
2018-07-01,2018-06-01,107744.0,109328.4,2,seasonal_change,cv,5
2018-08-01,2018-07-01,111093.0,106904.8,2,seasonal_change,cv,5
2018-09-01,2018-08-01,113024.0,111352.4,2,seasonal_change,cv,5
2018-10-01,2018-09-01,124368.0,116834.4,2,seasonal_change,cv,5
2018-11-01,2018-10-01,129427.0,126908.4,2,seasonal_change,cv,5
2018-12-01,2018-11-01,132102.0,129332.2,2,seasonal_change,cv,5
2019-01-01,2018-12-01,133648.0,132054.4,2,seasonal_change,cv,5
2019-02-01,2019-01-01,138140.0,133404.8,2,seasonal_change,cv,5
2019-03-01,2019-02-01,138437.0,143574.4,2,seasonal_change,cv,5
2019-04-01,2019-03-01,137310.0,139087.0,2,seasonal_change,cv,5
2019-05-01,2019-04-01,143617.0,134927.0,2,seasonal_change,cv,5
2019-06-01,2019-05-01,142220.0,138051.8,2,seasonal_change,cv,5
2019-07-01,2019-06-01,134881.0,139873.4,2,seasonal_change,cv,6
2019-08-01,2019-07-01,125698.0,135242.0,2,seasonal_change,cv,6
2019-09-01,2019-08-01,128143.0,126269.4,2,seasonal_change,cv,6
2019-10-01,2019-09-01,134781.0,133329.0,2,seasonal_change,cv,6
2019-11-01,2019-10-01,130126.0,138146.4,2,seasonal_change,cv,6
2019-12-01,2019-11-01,126547.0,130566.2,2,seasonal_change,cv,6
2020-01-01,2019-12-01,127714.0,126657.4,2,seasonal_change,cv,6
2020-02-01,2020-01-01,126836.0,129929.6,2,seasonal_change,cv,6
2020-03-01,2020-02-01,139824.0,132837.6,2,seasonal_change,cv,6
2020-04-01,2020-03-01,156466.0,141512.6,2,seasonal_change,cv,6
2020-05-01,2020-04-01,140663.0,155796.8,2,seasonal_change,cv,6
2020-06-01,2020-05-01,136483.0,135021.6,2,seasonal_change,cv,6
2020-07-01,2020-06-01,140336.0,133531.4,2,seasonal_change,cv,7
2020-08-01,2020-07-01,140141.0,138749.0,2,seasonal_change,cv,7
2020-09-01,2020-08-01,140970.0,140308.6,2,seasonal_change,cv,7
2020-10-01,2020-09-01,146472.0,146111.2,2,seasonal_change,cv,7
2020-11-01,2020-10-01,148412.0,147818.6,2,seasonal_change,cv,7
2020-12-01,2020-11-01,147225.0,146988.0,2,seasonal_change,cv,7
2021-01-01,2020-12-01,136136.0,145097.2,2,seasonal_change,cv,7
2021-02-01,2021-01-01,134483.0,136227.6,2,seasonal_change,cv,7
2021-03-01,2021-02-01,127473.0,140538.0,2,seasonal_change,cv,7
2021-04-01,2021-03-01,133881.0,132476.4,2,seasonal_change,cv,7
2021-05-01,2021-04-01,134056.0,130820.2,2,seasonal_change,cv,7
2021-06-01,2021-05-01,124235.0,127910.0,2,seasonal_change,cv,7
2021-07-01,2021-06-01,119009.0,122084.0,2,seasonal_change,cv,8
2021-08-01,2021-07-01,116402.0,117080.0,2,seasonal_change,cv,8
2021-09-01,2021-08-01,113164.0,118348.8,2,seasonal_change,cv,8
2021-10-01,2021-09-01,108697.0,118272.4,2,seasonal_change,cv,8
2021-11-01,2021-10-01,114800.0,108511.4,2,seasonal_change,cv,8
2021-12-01,2021-11-01,117519.0,112739.2,2,seasonal_change,cv,8
2022-01-01,2021-12-01,110478.0,112885.8,2,seasonal_change,cv,8
2022-02-01,2022-01-01,102418.0,109766.6,2,seasonal_change,cv,8
2022-03-01,2022-02-01,106991.0,106668.0,2,seasonal_change,cv,8
2022-04-01,2022-03-01,105393.0,112615.8,2,seasonal_change,cv,8
2022-05-01,2022-04-01,103433.0,102749.6,2,seasonal_change,cv,8
2022-06-01,2022-05-01,103711.0,96593.4,2,seasonal_change,cv,8
2022-07-01,2022-06-01,108992.0,100054.8,2,seasonal_change,cv,9
2022-08-01,2022-07-01,106416.0,106448.6,2,seasonal_change,cv,9
2022-09-01,2022-08-01,109108.0,108609.0,2,seasonal_change,cv,9
2022-10-01,2022-09-01,113699.0,113765.4,2,seasonal_change,cv,9
2022-11-01,2022-10-01,106829.0,113180.8,2,seasonal_change,cv,9
2022-12-01,2022-11-01,107006.0,104802.8,2,seasonal_change,cv,9
2023-01-01,2022-12-01,123976.0,101203.2,2,seasonal_change,cv,9
2023-02-01,2023-01-01,127518.0,121315.8,2,seasonal_change,cv,9
2023-03-01,2023-02-01,121224.0,131902.2,2,seasonal_change,cv,9
2023-04-01,2023-03-01,120647.0,125943.2,2,seasonal_change,cv,9
2023-05-01,2023-04-01,125119.0,118019.2,2,seasonal_change,cv,9
2023-06-01,2023-05-01,126189.0,119921.2,2,seasonal_change,cv,9
2023-07-01,2023-06-01,118771.0,124481.8,2,seasonal_change,cv,10
2023-08-01,2023-07-01,109216.0,116528.6,2,seasonal_change,cv,10
2023-09-01,2023-08-01,104432.0,110147.8,2,seasonal_change,cv,10
2023-10-01,2023-09-01,105146.0,109153.6,2,seasonal_change,cv,10
2023-11-01,2023-10-01,110776.0,105461.4,2,seasonal_change,cv,10
2023-12-01,2023-11-01,116557.0,110937.0,2,seasonal_change,cv,10
2024-01-01,2023-12-01,109117.0,116867.6,2,seasonal_change,cv,10
2024-02-01,2024-01-01,117652.0,108605.6,2,seasonal_change,cv,10
2024-03-01,2024-02-01,119599.0,118562.8,2,seasonal_change,cv,10
2024-04-01,2024-03-01,122265.0,123548.6,2,seasonal_change,cv,10
2024-05-01,2024-04-01,116543.0,120903.2,2,seasonal_change,cv,10
2024-06-01,2024-05-01,114321.0,113733.0,2,seasonal_change,cv,10
2014-07-01,2014-06-01,81491.0,80897.90291666664,2,forecast_flow_identity,cv,1
2014-08-01,2014-07-01,82048.0,77587.75291666668,2,forecast_flow_identity,cv,1
2014-09-01,2014-08-01,86512.0,79312.79959677417,2,forecast_flow_identity,cv,1
2014-10-01,2014-09-01,93374.0,85279.85625,2,forecast_flow_identity,cv,1
2014-11-01,2014-10-01,98813.0,95139.06411290323,2,forecast_flow_identity,cv,1
2014-12-01,2014-11-01,104555.0,101162.82041666668,2,forecast_flow_identity,cv,1
2015-01-01,2014-12-01,116913.0,104509.32041666665,2,forecast_flow_identity,cv,1
2015-02-01,2015-01-01,126655.0,115781.40854097146,2,forecast_flow_identity,cv,1
2015-03-01,2015-02-01,139376.0,128963.14276888338,2,forecast_flow_identity,cv,1
2015-04-01,2015-03-01,139444.0,140272.64945375817,2,forecast_flow_identity,cv,1
2015-05-01,2015-04-01,135599.0,141259.63110221672,2,forecast_flow_identity,cv,1
2015-06-01,2015-05-01,133942.0,135449.27203440334,2,forecast_flow_identity,cv,1
2015-07-01,2015-06-01,133792.0,130966.9502688834,2,forecast_flow_identity,cv,2
2015-08-01,2015-07-01,135307.0,134432.85026888346,2,forecast_flow_identity,cv,2
2015-09-01,2015-08-01,127240.0,137704.52284085494,2,forecast_flow_identity,cv,2
2015-10-01,2015-09-01,132906.0,130317.1302688834,2,forecast_flow_identity,cv,2
2015-11-01,2015-10-01,142507.0,136485.3325182743,2,forecast_flow_identity,cv,2
2015-12-01,2015-11-01,144504.0,147796.96860221674,2,forecast_flow_identity,cv,2
2016-01-01,2015-12-01,145942.0,150181.31860221672,2,forecast_flow_identity,cv,2
2016-02-01,2016-01-01,148304.0,148839.3042684332,2,forecast_flow_identity,cv,2
2016-03-01,2016-02-01,150319.0,153897.2331034483,2,forecast_flow_identity,cv,2
2016-04-01,2016-03-01,153620.0,150578.99171301446,2,forecast_flow_identity,cv,2
2016-05-01,2016-04-01,151708.0,154494.06060344825,2,forecast_flow_identity,cv,2
2016-06-01,2016-05-01,145355.0,151286.52800333707,2,forecast_flow_identity,cv,2
2016-07-01,2016-06-01,147655.0,141801.40810344825,2,forecast_flow_identity,cv,3
2016-08-01,2016-07-01,148120.0,148889.45810344827,2,forecast_flow_identity,cv,3
2016-09-01,2016-08-01,143651.0,148887.91590656282,2,forecast_flow_identity,cv,3
2016-10-01,2016-09-01,141439.0,148080.38727011494,2,forecast_flow_identity,cv,3
2016-11-01,2016-10-01,149205.0,146086.59090656287,2,forecast_flow_identity,cv,3
2016-12-01,2016-11-01,151751.0,152714.1764367816,2,forecast_flow_identity,cv,3
2017-01-01,2016-12-01,150558.0,156333.52643678163,2,forecast_flow_identity,cv,3
2017-02-01,2017-01-01,152242.0,151734.24367816094,2,forecast_flow_identity,cv,3
2017-03-01,2017-02-01,156144.0,156391.6637828407,2,forecast_flow_identity,cv,3
2017-04-01,2017-03-01,159074.0,156343.47462855553,2,forecast_flow_identity,cv,3
2017-05-01,2017-04-01,157036.0,159181.19378284074,2,forecast_flow_identity,cv,3
2017-06-01,2017-05-01,149105.0,155517.15204791038,2,forecast_flow_identity,cv,3
2017-07-01,2017-06-01,144641.0,146386.0229495074,2,forecast_flow_identity,cv,4
2017-08-01,2017-07-01,140560.0,145102.54794950737,2,forecast_flow_identity,cv,4
2017-09-01,2017-08-01,149558.0,140038.2834995233,2,forecast_flow_identity,cv,4
2017-10-01,2017-09-01,153828.0,153506.62711617403,2,forecast_flow_identity,cv,4
2017-11-01,2017-10-01,142790.0,160272.40527371684,2,forecast_flow_identity,cv,4
2017-12-01,2017-11-01,132031.0,146154.75378284074,2,forecast_flow_identity,cv,4
2018-01-01,2017-12-01,118434.0,135115.17878284067,2,forecast_flow_identity,cv,4
2018-02-01,2018-01-01,111232.0,118055.05247126438,2,forecast_flow_identity,cv,4
2018-03-01,2018-02-01,122305.0,113080.88404761905,2,forecast_flow_identity,cv,4
2018-04-01,2018-03-01,125576.0,120488.11520737327,2,forecast_flow_identity,cv,4
2018-05-01,2018-04-01,123718.0,122234.18821428569,2,forecast_flow_identity,cv,4
2018-06-01,2018-05-01,112849.0,118415.39504608292,2,forecast_flow_identity,cv,4
2018-07-01,2018-06-01,107744.0,107725.28154761903,2,forecast_flow_identity,cv,5
2018-08-01,2018-07-01,111093.0,104663.38154761904,2,forecast_flow_identity,cv,5
2018-09-01,2018-08-01,113024.0,109254.31762672811,2,forecast_flow_identity,cv,5
2018-10-01,2018-09-01,124368.0,114761.14488095237,2,forecast_flow_identity,cv,5
2018-11-01,2018-10-01,129427.0,125314.08214285715,2,forecast_flow_identity,cv,5
2018-12-01,2018-11-01,132102.0,127690.05404761899,2,forecast_flow_identity,cv,5
2019-01-01,2018-12-01,133648.0,130558.32904761902,2,forecast_flow_identity,cv,5
2019-02-01,2019-01-01,138140.0,132163.67529106414,2,forecast_flow_identity,cv,5
2019-03-01,2019-02-01,138437.0,141856.02984811162,2,forecast_flow_identity,cv,5
2019-04-01,2019-03-01,137310.0,136596.16436914032,2,forecast_flow_identity,cv,5
2019-05-01,2019-04-01,143617.0,131721.11734811164,2,forecast_flow_identity,cv,5
2019-06-01,2019-05-01,142220.0,135378.18130462416,2,forecast_flow_identity,cv,5
2019-07-01,2019-06-01,134881.0,137678.81318144497,2,forecast_flow_identity,cv,6
2019-08-01,2019-07-01,125698.0,132650.03818144504,2,forecast_flow_identity,cv,6
2019-09-01,2019-08-01,128143.0,123313.48694978553,2,forecast_flow_identity,cv,6
2019-10-01,2019-09-01,134781.0,130673.268181445,2,forecast_flow_identity,cv,6
2019-11-01,2019-10-01,130126.0,135768.24017559196,2,forecast_flow_identity,cv,6
2019-12-01,2019-11-01,126547.0,127854.35568144501,2,forecast_flow_identity,cv,6
2020-01-01,2019-12-01,127714.0,124142.90568144503,2,forecast_flow_identity,cv,6
2020-02-01,2020-01-01,126836.0,128548.31729646695,2,forecast_flow_identity,cv,6
2020-03-01,2020-02-01,139824.0,131752.6897331691,2,forecast_flow_identity,cv,6
2020-04-01,2020-03-01,156466.0,141288.05619338952,2,forecast_flow_identity,cv,6
2020-05-01,2020-04-01,140663.0,156211.73473316917,2,forecast_flow_identity,cv,6
2020-06-01,2020-05-01,136483.0,134460.02232242172,2,forecast_flow_identity,cv,6
2020-07-01,2020-06-01,140336.0,133335.50306650245,2,forecast_flow_identity,cv,7
2020-08-01,2020-07-01,140141.0,139103.25306650245,2,forecast_flow_identity,cv,7
2020-09-01,2020-08-01,140970.0,140943.8223224217,2,forecast_flow_identity,cv,7
2020-10-01,2020-09-01,146472.0,146163.81973316913,2,forecast_flow_identity,cv,7
2020-11-01,2020-10-01,148412.0,147925.02232242175,2,forecast_flow_identity,cv,7
2020-12-01,2020-11-01,147225.0,147767.66723316914,2,forecast_flow_identity,cv,7
2021-01-01,2020-12-01,136136.0,146145.8922331691,2,forecast_flow_identity,cv,7
2021-02-01,2021-01-01,134483.0,137001.2331405265,2,forecast_flow_identity,cv,7
2021-03-01,2021-02-01,127473.0,141493.09543513958,2,forecast_flow_identity,cv,7
2021-04-01,2021-03-01,133881.0,132475.16816303832,2,forecast_flow_identity,cv,7
2021-05-01,2021-04-01,134056.0,130759.20043513956,2,forecast_flow_identity,cv,7
2021-06-01,2021-05-01,124235.0,128090.76816303833,2,forecast_flow_identity,cv,7
2021-07-01,2021-06-01,119009.0,122065.16043513958,2,forecast_flow_identity,cv,8
2021-08-01,2021-07-01,116402.0,117241.03543513961,2,forecast_flow_identity,cv,8
2021-09-01,2021-08-01,113164.0,118645.68267916735,2,forecast_flow_identity,cv,8
2021-10-01,2021-09-01,108697.0,117814.10543513957,2,forecast_flow_identity,cv,8
2021-11-01,2021-10-01,114800.0,107073.66171142539,2,forecast_flow_identity,cv,8
2021-12-01,2021-11-01,117519.0,112194.06460180627,2,forecast_flow_identity,cv,8
2022-01-01,2021-12-01,110478.0,112925.53960180623,2,forecast_flow_identity,cv,8
2022-02-01,2022-01-01,102418.0,109932.59461253244,2,forecast_flow_identity,cv,8
2022-03-01,2022-02-01,106991.0,106636.98458333332,2,forecast_flow_identity,cv,8
2022-04-01,2022-03-01,105393.0,112575.9931451613,2,forecast_flow_identity,cv,8
2022-05-01,2022-04-01,103433.0,102126.53791666667,2,forecast_flow_identity,cv,8
2022-06-01,2022-05-01,103711.0,96067.27540322582,2,forecast_flow_identity,cv,8
2022-07-01,2022-06-01,108992.0,99794.29708333335,2,forecast_flow_identity,cv,9
2022-08-01,2022-07-01,106416.0,106573.97208333333,2,forecast_flow_identity,cv,9
2022-09-01,2022-08-01,109108.0,108617.33750000001,2,forecast_flow_identity,cv,9
2022-10-01,2022-09-01,113699.0,114327.21708333335,2,forecast_flow_identity,cv,9
2022-11-01,2022-10-01,106829.0,113693.58104838712,2,forecast_flow_identity,cv,9
2022-12-01,2022-11-01,107006.0,104188.85791666668,2,forecast_flow_identity,cv,9
2023-01-01,2022-12-01,123976.0,100044.80791666669,2,forecast_flow_identity,cv,9
2023-02-01,2023-01-01,127518.0,120775.6240582128,2,forecast_flow_identity,cv,9
2023-03-01,2023-02-01,121224.0,131263.25111247945,2,forecast_flow_identity,cv,9
2023-04-01,2023-03-01,120647.0,125293.58656046398,2,forecast_flow_identity,cv,9
2023-05-01,2023-04-01,125119.0,116962.30527914615,2,forecast_flow_identity,cv,9
2023-06-01,2023-05-01,126189.0,119297.37446368982,2,forecast_flow_identity,cv,9
2023-07-01,2023-06-01,118771.0,123721.49861247948,2,forecast_flow_identity,cv,10
2023-08-01,2023-07-01,109216.0,115227.32361247945,2,forecast_flow_identity,cv,10
2023-09-01,2023-08-01,104432.0,108940.87285078659,2,forecast_flow_identity,cv,10
2023-10-01,2023-09-01,105146.0,107688.51861247944,2,forecast_flow_identity,cv,10
2023-11-01,2023-10-01,110776.0,104330.53897981884,2,forecast_flow_identity,cv,10
2023-12-01,2023-11-01,116557.0,110410.73777914616,2,forecast_flow_identity,cv,10
2024-01-01,2023-12-01,109117.0,116811.03777914612,2,forecast_flow_identity,cv,10
2024-02-01,2024-01-01,117652.0,108264.50296850997,2,forecast_flow_identity,cv,10
2024-03-01,2024-02-01,119599.0,119110.35308087025,2,forecast_flow_identity,cv,10
2024-04-01,2024-03-01,122265.0,124084.12717503571,2,forecast_flow_identity,cv,10
2024-05-01,2024-04-01,116543.0,120997.27391420359,2,forecast_flow_identity,cv,10
2024-06-01,2024-05-01,114321.0,114169.28120729378,2,forecast_flow_identity,cv,10
2014-07-01,2014-06-01,81491.0,86018.55189950432,2,legacy_constrained_level,cv,1
2014-08-01,2014-07-01,82048.0,81188.40858977052,2,legacy_constrained_level,cv,1
2014-09-01,2014-08-01,86512.0,82416.07849450494,2,legacy_constrained_level,cv,1
2014-10-01,2014-09-01,93374.0,87229.78317022059,2,legacy_constrained_level,cv,1
2014-11-01,2014-10-01,98813.0,94410.4006884564,2,legacy_constrained_level,cv,1
2014-12-01,2014-11-01,104555.0,99028.18011147091,2,legacy_constrained_level,cv,1
2015-01-01,2014-12-01,116913.0,103719.21606162444,2,legacy_constrained_level,cv,1
2015-02-01,2015-01-01,126655.0,116235.04012036482,2,legacy_constrained_level,cv,1
2015-03-01,2015-02-01,139376.0,126147.36713372517,2,legacy_constrained_level,cv,1
2015-04-01,2015-03-01,139444.0,137192.0226313501,2,legacy_constrained_level,cv,1
2015-05-01,2015-04-01,135599.0,136889.96223895482,2,legacy_constrained_level,cv,1
2015-06-01,2015-05-01,133942.0,132602.35493122536,2,legacy_constrained_level,cv,1
2015-07-01,2015-06-01,133792.0,132726.66614027726,2,legacy_constrained_level,cv,2
2015-08-01,2015-07-01,135307.0,131243.5484581868,2,legacy_constrained_level,cv,2
2015-09-01,2015-08-01,127240.0,136190.94918587373,2,legacy_constrained_level,cv,2
2015-10-01,2015-09-01,132906.0,130095.49854599402,2,legacy_constrained_level,cv,2
2015-11-01,2015-10-01,142507.0,136432.80404857284,2,legacy_constrained_level,cv,2
2015-12-01,2015-11-01,144504.0,142898.5657724067,2,legacy_constrained_level,cv,2
2016-01-01,2015-12-01,145942.0,144881.80960498206,2,legacy_constrained_level,cv,2
2016-02-01,2016-01-01,148304.0,145429.85989794764,2,legacy_constrained_level,cv,2
2016-03-01,2016-02-01,150319.0,150284.07555744488,2,legacy_constrained_level,cv,2
2016-04-01,2016-03-01,153620.0,151703.57652169873,2,legacy_constrained_level,cv,2
2016-05-01,2016-04-01,151708.0,154044.65217661788,2,legacy_constrained_level,cv,2
2016-06-01,2016-05-01,145355.0,148615.38816512344,2,legacy_constrained_level,cv,2
2016-07-01,2016-06-01,147655.0,142586.7650202789,2,legacy_constrained_level,cv,3
2016-08-01,2016-07-01,148120.0,144303.48040248585,2,legacy_constrained_level,cv,3
2016-09-01,2016-08-01,143651.0,146508.77376545733,2,legacy_constrained_level,cv,3
2016-10-01,2016-09-01,141439.0,144133.12358878623,2,legacy_constrained_level,cv,3
2016-11-01,2016-10-01,149205.0,141845.75283004105,2,legacy_constrained_level,cv,3
2016-12-01,2016-11-01,151751.0,149709.15446788882,2,legacy_constrained_level,cv,3
2017-01-01,2016-12-01,150558.0,151575.7459591106,2,legacy_constrained_level,cv,3
2017-02-01,2017-01-01,152242.0,150631.67532659537,2,legacy_constrained_level,cv,3
2017-03-01,2017-02-01,156144.0,154287.46151704795,2,legacy_constrained_level,cv,3
2017-04-01,2017-03-01,159074.0,156213.35957994033,2,legacy_constrained_level,cv,3
2017-05-01,2017-04-01,157036.0,157677.4002562764,2,legacy_constrained_level,cv,3
2017-06-01,2017-05-01,149105.0,155962.65716883275,2,legacy_constrained_level,cv,3
2017-07-01,2017-06-01,144641.0,147215.2641573424,2,legacy_constrained_level,cv,4
2017-08-01,2017-07-01,140560.0,143012.34907136182,2,legacy_constrained_level,cv,4
2017-09-01,2017-08-01,149558.0,139263.41076210604,2,legacy_constrained_level,cv,4
2017-10-01,2017-09-01,153828.0,150027.07636387192,2,legacy_constrained_level,cv,4
2017-11-01,2017-10-01,142790.0,155977.02691358235,2,legacy_constrained_level,cv,4
2017-12-01,2017-11-01,132031.0,143617.33540947828,2,legacy_constrained_level,cv,4
2018-01-01,2017-12-01,118434.0,133296.95292475855,2,legacy_constrained_level,cv,4
2018-02-01,2018-01-01,111232.0,121966.30374570757,2,legacy_constrained_level,cv,4
2018-03-01,2018-02-01,122305.0,116932.99348503571,2,legacy_constrained_level,cv,4
2018-04-01,2018-03-01,125576.0,125112.70131383101,2,legacy_constrained_level,cv,4
2018-05-01,2018-04-01,123718.0,127997.62629230379,2,legacy_constrained_level,cv,4
2018-06-01,2018-05-01,112849.0,124311.49338004853,2,legacy_constrained_level,cv,4
2018-07-01,2018-06-01,107744.0,113286.69232221879,2,legacy_constrained_level,cv,5
2018-08-01,2018-07-01,111093.0,107253.94509572526,2,legacy_constrained_level,cv,5
2018-09-01,2018-08-01,113024.0,110035.59829511502,2,legacy_constrained_level,cv,5
2018-10-01,2018-09-01,124368.0,115763.18006279557,2,legacy_constrained_level,cv,5
2018-11-01,2018-10-01,129427.0,130119.56910851964,2,legacy_constrained_level,cv,5
2018-12-01,2018-11-01,132102.0,130607.13329238014,2,legacy_constrained_level,cv,5
2019-01-01,2018-12-01,133648.0,131048.49854726638,2,legacy_constrained_level,cv,5
2019-02-01,2019-01-01,138140.0,133415.91715517585,2,legacy_constrained_level,cv,5
2019-03-01,2019-02-01,138437.0,141933.33358531585,2,legacy_constrained_level,cv,5
2019-04-01,2019-03-01,137310.0,140565.0390282715,2,legacy_constrained_level,cv,5
2019-05-01,2019-04-01,143617.0,138587.37919899652,2,legacy_constrained_level,cv,5
2019-06-01,2019-05-01,142220.0,145395.85118183016,2,legacy_constrained_level,cv,5
2019-07-01,2019-06-01,134881.0,142223.34880923288,2,legacy_constrained_level,cv,6
2019-08-01,2019-07-01,125698.0,134097.4910474661,2,legacy_constrained_level,cv,6
2019-09-01,2019-08-01,128143.0,124253.24229409768,2,legacy_constrained_level,cv,6
2019-10-01,2019-09-01,134781.0,128976.57458119585,2,legacy_constrained_level,cv,6
2019-11-01,2019-10-01,130126.0,136397.38874735593,2,legacy_constrained_level,cv,6
2019-12-01,2019-11-01,126547.0,130311.04384175381,2,legacy_constrained_level,cv,6
2020-01-01,2019-12-01,127714.0,127710.62350390025,2,legacy_constrained_level,cv,6
2020-02-01,2020-01-01,126836.0,128571.46984729034,2,legacy_constrained_level,cv,6
2020-03-01,2020-02-01,139824.0,130192.70300617341,2,legacy_constrained_level,cv,6
2020-04-01,2020-03-01,156466.0,143272.34565491055,2,legacy_constrained_level,cv,6
2020-05-01,2020-04-01,140663.0,162475.94419473546,2,legacy_constrained_level,cv,6
2020-06-01,2020-05-01,136483.0,143275.29156528186,2,legacy_constrained_level,cv,6
2020-07-01,2020-06-01,140336.0,137611.8223241756,2,legacy_constrained_level,cv,7
2020-08-01,2020-07-01,140141.0,139778.17224421262,2,legacy_constrained_level,cv,7
2020-09-01,2020-08-01,140970.0,139231.53186735744,2,legacy_constrained_level,cv,7
2020-10-01,2020-09-01,146472.0,140934.84829023463,2,legacy_constrained_level,cv,7
2020-11-01,2020-10-01,148412.0,146418.80078230688,2,legacy_constrained_level,cv,7
2020-12-01,2020-11-01,147225.0,148782.5965745589,2,legacy_constrained_level,cv,7
2021-01-01,2020-12-01,136136.0,148150.64711886228,2,legacy_constrained_level,cv,7
2021-02-01,2021-01-01,134483.0,136694.6459159737,2,legacy_constrained_level,cv,7
2021-03-01,2021-02-01,127473.0,137031.50366121653,2,legacy_constrained_level,cv,7
2021-04-01,2021-03-01,133881.0,128705.76880181037,2,legacy_constrained_level,cv,7
2021-05-01,2021-04-01,134056.0,134952.13063401688,2,legacy_constrained_level,cv,7
2021-06-01,2021-05-01,124235.0,133031.60296545987,2,legacy_constrained_level,cv,7
2021-07-01,2021-06-01,119009.0,122911.09810144265,2,legacy_constrained_level,cv,8
2021-08-01,2021-07-01,116402.0,117998.11659365964,2,legacy_constrained_level,cv,8
2021-09-01,2021-08-01,113164.0,115724.44323195326,2,legacy_constrained_level,cv,8
2021-10-01,2021-09-01,108697.0,113015.67438134851,2,legacy_constrained_level,cv,8
2021-11-01,2021-10-01,114800.0,109416.52304986826,2,legacy_constrained_level,cv,8
2021-12-01,2021-11-01,117519.0,115445.89767246589,2,legacy_constrained_level,cv,8
2022-01-01,2021-12-01,110478.0,117503.1735083374,2,legacy_constrained_level,cv,8
2022-02-01,2022-01-01,102418.0,110440.00092552799,2,legacy_constrained_level,cv,8
2022-03-01,2022-02-01,106991.0,104112.44545419123,2,legacy_constrained_level,cv,8
2022-04-01,2022-03-01,105393.0,108514.97514391942,2,legacy_constrained_level,cv,8
2022-05-01,2022-04-01,103433.0,106517.07797506748,2,legacy_constrained_level,cv,8
2022-06-01,2022-05-01,103711.0,103884.07430310977,2,legacy_constrained_level,cv,8
2022-07-01,2022-06-01,108992.0,103147.26664123162,2,legacy_constrained_level,cv,9
2022-08-01,2022-07-01,106416.0,108613.78753729531,2,legacy_constrained_level,cv,9
2022-09-01,2022-08-01,109108.0,105979.77998009516,2,legacy_constrained_level,cv,9
2022-10-01,2022-09-01,113699.0,109269.74374160549,2,legacy_constrained_level,cv,9
2022-11-01,2022-10-01,106829.0,113156.96627298102,2,legacy_constrained_level,cv,9
2022-12-01,2022-11-01,107006.0,106975.63538625998,2,legacy_constrained_level,cv,9
2023-01-01,2022-12-01,123976.0,106966.96096543127,2,legacy_constrained_level,cv,9
2023-02-01,2023-01-01,127518.0,123368.65975939503,2,legacy_constrained_level,cv,9
2023-03-01,2023-02-01,121224.0,127526.82430778968,2,legacy_constrained_level,cv,9
2023-04-01,2023-03-01,120647.0,120756.99139188697,2,legacy_constrained_level,cv,9
2023-05-01,2023-04-01,125119.0,120872.69511629826,2,legacy_constrained_level,cv,9
2023-06-01,2023-05-01,126189.0,124128.57722817847,2,legacy_constrained_level,cv,9
2023-07-01,2023-06-01,118771.0,124907.0658270913,2,legacy_constrained_level,cv,10
2023-08-01,2023-07-01,109216.0,117495.40484407319,2,legacy_constrained_level,cv,10
2023-09-01,2023-08-01,104432.0,108309.26104978725,2,legacy_constrained_level,cv,10
2023-10-01,2023-09-01,105146.0,106271.81677589593,2,legacy_constrained_level,cv,10
2023-11-01,2023-10-01,110776.0,107205.85518465428,2,legacy_constrained_level,cv,10
2023-12-01,2023-11-01,116557.0,112364.40030918749,2,legacy_constrained_level,cv,10
2024-01-01,2023-12-01,109117.0,116344.86919997942,2,legacy_constrained_level,cv,10
2024-02-01,2024-01-01,117652.0,108898.20504678325,2,legacy_constrained_level,cv,10
2024-03-01,2024-02-01,119599.0,119744.88785911023,2,legacy_constrained_level,cv,10
2024-04-01,2024-03-01,122265.0,119803.7596981776,2,legacy_constrained_level,cv,10
2024-05-01,2024-04-01,116543.0,123298.32687476114,2,legacy_constrained_level,cv,10
2024-06-01,2024-05-01,114321.0,115702.35966585006,2,legacy_constrained_level,cv,10
2014-07-01,2014-06-01,81491.0,86501.35877839952,2,constrained_level,cv,1
2014-08-01,2014-07-01,82048.0,81344.3621225123,2,constrained_level,cv,1
2014-09-01,2014-08-01,86512.0,83955.36369576954,2,constrained_level,cv,1
2014-10-01,2014-09-01,93374.0,89498.13750306178,2,constrained_level,cv,1
2014-11-01,2014-10-01,98813.0,97906.85679049,2,constrained_level,cv,1
2014-12-01,2014-11-01,104555.0,102045.7066206818,2,constrained_level,cv,1
2015-01-01,2014-12-01,116913.0,106499.79166568675,2,constrained_level,cv,1
2015-02-01,2015-01-01,126655.0,121517.65674037943,2,constrained_level,cv,1
2015-03-01,2015-02-01,139376.0,129219.11508161614,2,constrained_level,cv,1
2015-04-01,2015-03-01,139444.0,141439.86759763223,2,constrained_level,cv,1
2015-05-01,2015-04-01,135599.0,136894.6647877777,2,constrained_level,cv,1
2015-06-01,2015-05-01,133942.0,130521.16736404823,2,constrained_level,cv,1
2015-07-01,2015-06-01,133792.0,131460.89872841083,2,constrained_level,cv,2
2015-08-01,2015-07-01,135307.0,131565.73849699894,2,constrained_level,cv,2
2015-09-01,2015-08-01,127240.0,135081.10229876568,2,constrained_level,cv,2
2015-10-01,2015-09-01,132906.0,123495.46369587655,2,constrained_level,cv,2
2015-11-01,2015-10-01,142507.0,135004.02724211197,2,constrained_level,cv,2
2015-12-01,2015-11-01,144504.0,144620.94240095472,2,constrained_level,cv,2
2016-01-01,2015-12-01,145942.0,142561.11811823025,2,constrained_level,cv,2
2016-02-01,2016-01-01,148304.0,143572.30181280407,2,constrained_level,cv,2
2016-03-01,2016-02-01,150319.0,147108.67817069753,2,constrained_level,cv,2
2016-04-01,2016-03-01,153620.0,148430.84264282958,2,constrained_level,cv,2
2016-05-01,2016-04-01,151708.0,152456.39892309695,2,constrained_level,cv,2
2016-06-01,2016-05-01,145355.0,147395.07090445416,2,constrained_level,cv,2
2016-07-01,2016-06-01,147655.0,140118.71822364273,2,constrained_level,cv,3
2016-08-01,2016-07-01,148120.0,145527.55380660307,2,constrained_level,cv,3
2016-09-01,2016-08-01,143651.0,146239.04022576247,2,constrained_level,cv,3
2016-10-01,2016-09-01,141439.0,141052.16717098514,2,constrained_level,cv,3
2016-11-01,2016-10-01,149205.0,139918.19107146442,2,constrained_level,cv,3
2016-12-01,2016-11-01,151751.0,151915.73919733032,2,constrained_level,cv,3
2017-01-01,2016-12-01,150558.0,151582.73399840924,2,constrained_level,cv,3
2017-02-01,2017-01-01,152242.0,149183.57347173584,2,constrained_level,cv,3
2017-03-01,2017-02-01,156144.0,153185.93802735268,2,constrained_level,cv,3
2017-04-01,2017-03-01,159074.0,156782.0674551091,2,constrained_level,cv,3
2017-05-01,2017-04-01,157036.0,158296.16794036888,2,constrained_level,cv,3
2017-06-01,2017-05-01,149105.0,154451.29991513275,2,constrained_level,cv,3
2017-07-01,2017-06-01,144641.0,144842.4588939464,2,constrained_level,cv,4
2017-08-01,2017-07-01,140560.0,141757.24497478217,2,constrained_level,cv,4
2017-09-01,2017-08-01,149558.0,138218.3350610729,2,constrained_level,cv,4
2017-10-01,2017-09-01,153828.0,152819.1400799306,2,constrained_level,cv,4
2017-11-01,2017-10-01,142790.0,156271.29982397368,2,constrained_level,cv,4
2017-12-01,2017-11-01,132031.0,139442.99796283242,2,constrained_level,cv,4
2018-01-01,2017-12-01,118434.0,129106.81484271026,2,constrained_level,cv,4
2018-02-01,2018-01-01,111232.0,115858.18978379644,2,constrained_level,cv,4
2018-03-01,2018-02-01,122305.0,113084.63566685477,2,constrained_level,cv,4
2018-04-01,2018-03-01,125576.0,128524.18960151951,2,constrained_level,cv,4
2018-05-01,2018-04-01,123718.0,128442.43011876428,2,constrained_level,cv,4
2018-06-01,2018-05-01,112849.0,123605.89079648592,2,constrained_level,cv,4
2018-07-01,2018-06-01,107744.0,109066.98222262414,2,constrained_level,cv,5
2018-08-01,2018-07-01,111093.0,106753.66139023997,2,constrained_level,cv,5
2018-09-01,2018-08-01,113024.0,113038.40647766012,2,constrained_level,cv,5
2018-10-01,2018-09-01,124368.0,116205.06606924452,2,constrained_level,cv,5
2018-11-01,2018-10-01,129427.0,133749.0650911752,2,constrained_level,cv,5
2018-12-01,2018-11-01,132102.0,132679.7713661181,2,constrained_level,cv,5
2019-01-01,2018-12-01,133648.0,133170.4945322402,2,constrained_level,cv,5
2019-02-01,2019-01-01,138140.0,134718.55470204313,2,constrained_level,cv,5
2019-03-01,2019-02-01,138437.0,142688.43665704777,2,constrained_level,cv,5
2019-04-01,2019-03-01,137310.0,139711.2288319013,2,constrained_level,cv,5
2019-05-01,2019-04-01,143617.0,137485.9206917329,2,constrained_level,cv,5
2019-06-01,2019-05-01,142220.0,146828.14240288903,2,constrained_level,cv,5
2019-07-01,2019-06-01,134881.0,141251.42958914008,2,constrained_level,cv,6
2019-08-01,2019-07-01,125698.0,131825.80022678906,2,constrained_level,cv,6
2019-09-01,2019-08-01,128143.0,121918.68894680361,2,constrained_level,cv,6
2019-10-01,2019-09-01,134781.0,130174.11917673456,2,constrained_level,cv,6
2019-11-01,2019-10-01,130126.0,138973.3141190371,2,constrained_level,cv,6
2019-12-01,2019-11-01,126547.0,128820.72920368925,2,constrained_level,cv,6
2020-01-01,2019-12-01,127714.0,126542.63817877292,2,constrained_level,cv,6
2020-02-01,2020-01-01,126836.0,128651.56729790491,2,constrained_level,cv,6
2020-03-01,2020-02-01,139824.0,128542.49478001379,2,constrained_level,cv,6
2020-04-01,2020-03-01,156466.0,145990.33756106743,2,constrained_level,cv,6
2020-05-01,2020-04-01,140663.0,165382.36765618876,2,constrained_level,cv,6
2020-06-01,2020-05-01,136483.0,133926.09861129464,2,constrained_level,cv,6
2020-07-01,2020-06-01,140336.0,134566.25724452885,2,constrained_level,cv,7
2020-08-01,2020-07-01,140141.0,140407.76335479756,2,constrained_level,cv,7
2020-09-01,2020-08-01,140970.0,138981.6451425438,2,constrained_level,cv,7
2020-10-01,2020-09-01,146472.0,140963.1135016058,2,constrained_level,cv,7
2020-11-01,2020-10-01,148412.0,147367.805448188,2,constrained_level,cv,7
2020-12-01,2020-11-01,147225.0,148267.61346375555,2,constrained_level,cv,7
2021-01-01,2020-12-01,136136.0,146224.56012976676,2,constrained_level,cv,7
2021-02-01,2021-01-01,134483.0,131812.57896816684,2,constrained_level,cv,7
2021-03-01,2021-02-01,127473.0,133978.2483213319,2,constrained_level,cv,7
2021-04-01,2021-03-01,133881.0,125523.97043218193,2,constrained_level,cv,7
2021-05-01,2021-04-01,134056.0,135588.4276197816,2,constrained_level,cv,7
2021-06-01,2021-05-01,124235.0,132861.775104377,2,constrained_level,cv,7
2021-07-01,2021-06-01,119009.0,120684.11055140928,2,constrained_level,cv,8
2021-08-01,2021-07-01,116402.0,116669.10422637724,2,constrained_level,cv,8
2021-09-01,2021-08-01,113164.0,115503.5344846761,2,constrained_level,cv,8
2021-10-01,2021-09-01,108697.0,112309.74358832584,2,constrained_level,cv,8
2021-11-01,2021-10-01,114800.0,107602.03640536062,2,constrained_level,cv,8
2021-12-01,2021-11-01,117519.0,116752.07439934235,2,constrained_level,cv,8
2022-01-01,2021-12-01,110478.0,118186.1642941309,2,constrained_level,cv,8
2022-02-01,2022-01-01,102418.0,108331.60336670656,2,constrained_level,cv,8
2022-03-01,2022-02-01,106991.0,101119.21268463081,2,constrained_level,cv,8
2022-04-01,2022-03-01,105393.0,109541.13295524735,2,constrained_level,cv,8
2022-05-01,2022-04-01,103433.0,105003.64757421466,2,constrained_level,cv,8
2022-06-01,2022-05-01,103711.0,102949.11779558641,2,constrained_level,cv,8
2022-07-01,2022-06-01,108992.0,103788.6703053015,2,constrained_level,cv,9
2022-08-01,2022-07-01,106416.0,109843.53763010445,2,constrained_level,cv,9
2022-09-01,2022-08-01,109108.0,105463.5451561571,2,constrained_level,cv,9
2022-10-01,2022-09-01,113699.0,108847.93851428668,2,constrained_level,cv,9
2022-11-01,2022-10-01,106829.0,114170.61950584625,2,constrained_level,cv,9
2022-12-01,2022-11-01,107006.0,104765.73124276899,2,constrained_level,cv,9
2023-01-01,2022-12-01,123976.0,106743.65537095944,2,constrained_level,cv,9
2023-02-01,2023-01-01,127518.0,127579.35540862296,2,constrained_level,cv,9
2023-03-01,2023-02-01,121224.0,127849.13160520418,2,constrained_level,cv,9
2023-04-01,2023-03-01,120647.0,118606.34211598549,2,constrained_level,cv,9
2023-05-01,2023-04-01,125119.0,119908.8137398118,2,constrained_level,cv,9
2023-06-01,2023-05-01,126189.0,125242.173573561,2,constrained_level,cv,9
2023-07-01,2023-06-01,118771.0,125376.3664409367,2,constrained_level,cv,10
2023-08-01,2023-07-01,109216.0,116352.20186755495,2,constrained_level,cv,10
2023-09-01,2023-08-01,104432.0,108071.96487533473,2,constrained_level,cv,10
2023-10-01,2023-09-01,105146.0,106345.36524006499,2,constrained_level,cv,10
2023-11-01,2023-10-01,110776.0,107083.94895142691,2,constrained_level,cv,10
2023-12-01,2023-11-01,116557.0,113286.3000290919,2,constrained_level,cv,10
2024-01-01,2023-12-01,109117.0,117784.72869040996,2,constrained_level,cv,10
2024-02-01,2024-01-01,117652.0,108786.7750976727,2,constrained_level,cv,10
2024-03-01,2024-02-01,119599.0,125244.93608449445,2,constrained_level,cv,10
2024-04-01,2024-03-01,122265.0,121791.41798493311,2,constrained_level,cv,10
2024-05-01,2024-04-01,116543.0,125498.31325846801,2,constrained_level,cv,10
2024-06-01,2024-05-01,114321.0,115761.98663828561,2,constrained_level,cv,10
2014-07-01,2014-06-01,81491.0,85292.75248892132,2,ridge_change,cv,1
2014-08-01,2014-07-01,82048.0,80401.71849490594,2,ridge_change,cv,1
2014-09-01,2014-08-01,86512.0,81851.30010522569,2,ridge_change,cv,1
2014-10-01,2014-09-01,93374.0,86922.89708956557,2,ridge_change,cv,1
2014-11-01,2014-10-01,98813.0,94228.07342124655,2,ridge_change,cv,1
2014-12-01,2014-11-01,104555.0,99471.50266365916,2,ridge_change,cv,1
2015-01-01,2014-12-01,116913.0,104508.13752330538,2,ridge_change,cv,1
2015-02-01,2015-01-01,126655.0,118382.41540886644,2,ridge_change,cv,1
2015-03-01,2015-02-01,139376.0,127705.53104508984,2,ridge_change,cv,1
2015-04-01,2015-03-01,139444.0,140348.94458120558,2,ridge_change,cv,1
2015-05-01,2015-04-01,135599.0,138534.21423206988,2,ridge_change,cv,1
2015-06-01,2015-05-01,133942.0,133646.0743463052,2,ridge_change,cv,1
2015-07-01,2015-06-01,133792.0,134383.51980960794,2,ridge_change,cv,2
2015-08-01,2015-07-01,135307.0,134245.62687627968,2,ridge_change,cv,2
2015-09-01,2015-08-01,127240.0,136621.77502387133,2,ridge_change,cv,2
2015-10-01,2015-09-01,132906.0,126531.17145923265,2,ridge_change,cv,2
2015-11-01,2015-10-01,142507.0,134813.84530524453,2,ridge_change,cv,2
2015-12-01,2015-11-01,144504.0,144487.2492359153,2,ridge_change,cv,2
2016-01-01,2015-12-01,145942.0,145113.4384403561,2,ridge_change,cv,2
2016-02-01,2016-01-01,148304.0,146143.0772457903,2,ridge_change,cv,2
2016-03-01,2016-02-01,150319.0,149265.45110692675,2,ridge_change,cv,2
2016-04-01,2016-03-01,153620.0,150788.40193595266,2,ridge_change,cv,2
2016-05-01,2016-04-01,151708.0,154865.14986538925,2,ridge_change,cv,2
2016-06-01,2016-05-01,145355.0,151804.31182589746,2,ridge_change,cv,2
2016-07-01,2016-06-01,147655.0,144229.1927462615,2,ridge_change,cv,3
2016-08-01,2016-07-01,148120.0,148045.36517013772,2,ridge_change,cv,3
2016-09-01,2016-08-01,143651.0,148354.21715186496,2,ridge_change,cv,3
2016-10-01,2016-09-01,141439.0,143145.33369111002,2,ridge_change,cv,3
2016-11-01,2016-10-01,149205.0,141329.44221564053,2,ridge_change,cv,3
2016-12-01,2016-11-01,151751.0,151966.63058679685,2,ridge_change,cv,3
2017-01-01,2016-12-01,150558.0,152787.84442527883,2,ridge_change,cv,3
2017-02-01,2017-01-01,152242.0,151074.30632530656,2,ridge_change,cv,3
2017-03-01,2017-02-01,156144.0,154005.44244399646,2,ridge_change,cv,3
2017-04-01,2017-03-01,159074.0,157838.5477266265,2,ridge_change,cv,3
2017-05-01,2017-04-01,157036.0,160353.00817580157,2,ridge_change,cv,3
2017-06-01,2017-05-01,149105.0,157254.0398990079,2,ridge_change,cv,3
2017-07-01,2017-06-01,144641.0,147300.93582712743,2,ridge_change,cv,4
2017-08-01,2017-07-01,140560.0,143515.64244961189,2,ridge_change,cv,4
2017-09-01,2017-08-01,149558.0,139513.24276874287,2,ridge_change,cv,4
2017-10-01,2017-09-01,153828.0,151793.71756130093,2,ridge_change,cv,4
2017-11-01,2017-10-01,142790.0,155410.70406818914,2,ridge_change,cv,4
2017-12-01,2017-11-01,132031.0,140914.43915222073,2,ridge_change,cv,4
2018-01-01,2017-12-01,118434.0,130088.41358112464,2,ridge_change,cv,4
2018-02-01,2018-01-01,111232.0,116210.04088404548,2,ridge_change,cv,4
2018-03-01,2018-02-01,122305.0,111115.31507593136,2,ridge_change,cv,4
2018-04-01,2018-03-01,125576.0,125218.66045414921,2,ridge_change,cv,4
2018-05-01,2018-04-01,123718.0,126695.99809823473,2,ridge_change,cv,4
2018-06-01,2018-05-01,112849.0,123358.63150864189,2,ridge_change,cv,4
2018-07-01,2018-06-01,107744.0,109911.14331371144,2,ridge_change,cv,5
2018-08-01,2018-07-01,111093.0,106038.6761277047,2,ridge_change,cv,5
2018-09-01,2018-08-01,113024.0,111112.45629693812,2,ridge_change,cv,5
2018-10-01,2018-09-01,124368.0,113658.17775424455,2,ridge_change,cv,5
2018-11-01,2018-10-01,129427.0,127868.32340732857,2,ridge_change,cv,5
2018-12-01,2018-11-01,132102.0,130451.41863347973,2,ridge_change,cv,5
2019-01-01,2018-12-01,133648.0,132141.85195048904,2,ridge_change,cv,5
2019-02-01,2019-01-01,138140.0,133642.9629886338,2,ridge_change,cv,5
2019-03-01,2019-02-01,138437.0,139917.53124978213,2,ridge_change,cv,5
2019-04-01,2019-03-01,137310.0,138637.77446060386,2,ridge_change,cv,5
2019-05-01,2019-04-01,143617.0,136986.03657824625,2,ridge_change,cv,5
2019-06-01,2019-05-01,142220.0,145211.7617479981,2,ridge_change,cv,5
2019-07-01,2019-06-01,134881.0,142032.85739540556,2,ridge_change,cv,6
2019-08-01,2019-07-01,125698.0,133176.4723808334,2,ridge_change,cv,6
2019-09-01,2019-08-01,128143.0,123451.29254029933,2,ridge_change,cv,6
2019-10-01,2019-09-01,134781.0,129045.50994380929,2,ridge_change,cv,6
2019-11-01,2019-10-01,130126.0,136804.7356800595,2,ridge_change,cv,6
2019-12-01,2019-11-01,126547.0,129187.18105886958,2,ridge_change,cv,6
2020-01-01,2019-12-01,127714.0,126085.0217906866,2,ridge_change,cv,6
2020-02-01,2020-01-01,126836.0,128098.68079672786,2,ridge_change,cv,6
2020-03-01,2020-02-01,139824.0,127451.2316475264,2,ridge_change,cv,6
2020-04-01,2020-03-01,156466.0,143448.504530517,2,ridge_change,cv,6
2020-05-01,2020-04-01,140663.0,161672.8656250981,2,ridge_change,cv,6
2020-06-01,2020-05-01,136483.0,137485.2005553044,2,ridge_change,cv,6
2020-07-01,2020-06-01,140336.0,135820.87847403277,2,ridge_change,cv,7
2020-08-01,2020-07-01,140141.0,140956.46996368258,2,ridge_change,cv,7
2020-09-01,2020-08-01,140970.0,139932.4779993688,2,ridge_change,cv,7
2020-10-01,2020-09-01,146472.0,141168.48699482833,2,ridge_change,cv,7
2020-11-01,2020-10-01,148412.0,147493.54903140527,2,ridge_change,cv,7
2020-12-01,2020-11-01,147225.0,148813.12758363277,2,ridge_change,cv,7
2021-01-01,2020-12-01,136136.0,147083.00183654536,2,ridge_change,cv,7
2021-02-01,2021-01-01,134483.0,134026.95702129952,2,ridge_change,cv,7
2021-03-01,2021-02-01,127473.0,134554.6153329384,2,ridge_change,cv,7
2021-04-01,2021-03-01,133881.0,126236.51759229819,2,ridge_change,cv,7
2021-05-01,2021-04-01,134056.0,135261.21692685082,2,ridge_change,cv,7
2021-06-01,2021-05-01,124235.0,133851.94842607205,2,ridge_change,cv,7
2021-07-01,2021-06-01,119009.0,122228.74140271409,2,ridge_change,cv,8
2021-08-01,2021-07-01,116402.0,117805.19460811028,2,ridge_change,cv,8
2021-09-01,2021-08-01,113164.0,115890.93264876457,2,ridge_change,cv,8
2021-10-01,2021-09-01,108697.0,112610.03714048912,2,ridge_change,cv,8
2021-11-01,2021-10-01,114800.0,107973.61077271751,2,ridge_change,cv,8
2021-12-01,2021-11-01,117519.0,116096.46472807943,2,ridge_change,cv,8
2022-01-01,2021-12-01,110478.0,118124.19809810337,2,ridge_change,cv,8
2022-02-01,2022-01-01,102418.0,109216.77014272269,2,ridge_change,cv,8
2022-03-01,2022-02-01,106991.0,101436.69509666861,2,ridge_change,cv,8
2022-04-01,2022-03-01,105393.0,108367.74738438138,2,ridge_change,cv,8
2022-05-01,2022-04-01,103433.0,105498.54512738955,2,ridge_change,cv,8
2022-06-01,2022-05-01,103711.0,103427.1545975738,2,ridge_change,cv,8
2022-07-01,2022-06-01,108992.0,103843.01273559812,2,ridge_change,cv,9
2022-08-01,2022-07-01,106416.0,109825.73500926657,2,ridge_change,cv,9
2022-09-01,2022-08-01,109108.0,105961.07364844081,2,ridge_change,cv,9
2022-10-01,2022-09-01,113699.0,109340.30225365402,2,ridge_change,cv,9
2022-11-01,2022-10-01,106829.0,114431.54616701775,2,ridge_change,cv,9
2022-12-01,2022-11-01,107006.0,105705.89110611325,2,ridge_change,cv,9
2023-01-01,2022-12-01,123976.0,107318.5998284395,2,ridge_change,cv,9
2023-02-01,2023-01-01,127518.0,127229.76527669921,2,ridge_change,cv,9
2023-03-01,2023-02-01,121224.0,128435.46223158523,2,ridge_change,cv,9
2023-04-01,2023-03-01,120647.0,120224.89188528218,2,ridge_change,cv,9
2023-05-01,2023-04-01,125119.0,120826.08159248538,2,ridge_change,cv,9
2023-06-01,2023-05-01,126189.0,125852.88535550667,2,ridge_change,cv,9
2023-07-01,2023-06-01,118771.0,126305.48748442932,2,ridge_change,cv,10
2023-08-01,2023-07-01,109216.0,117685.72274085789,2,ridge_change,cv,10
2023-09-01,2023-08-01,104432.0,108485.57023639104,2,ridge_change,cv,10
2023-10-01,2023-09-01,105146.0,105156.01633660373,2,ridge_change,cv,10
2023-11-01,2023-10-01,110776.0,106207.68677863757,2,ridge_change,cv,10
2023-12-01,2023-11-01,116557.0,112330.25925465433,2,ridge_change,cv,10
2024-01-01,2023-12-01,109117.0,117570.82389124738,2,ridge_change,cv,10
2024-02-01,2024-01-01,117652.0,108962.84558893612,2,ridge_change,cv,10
2024-03-01,2024-02-01,119599.0,122056.8556145569,2,ridge_change,cv,10
2024-04-01,2024-03-01,122265.0,121116.72881078206,2,ridge_change,cv,10
2024-05-01,2024-04-01,116543.0,124233.2858517982,2,ridge_change,cv,10
2024-06-01,2024-05-01,114321.0,116225.89920484845,2,ridge_change,cv,10
2014-07-01,2014-06-01,81491.0,84437.39199395149,2,seasonal_ridge_change,cv,1
2014-08-01,2014-07-01,82048.0,79822.99264646928,2,seasonal_ridge_change,cv,1
2014-09-01,2014-08-01,86512.0,81495.59762203117,2,seasonal_ridge_change,cv,1
2014-10-01,2014-09-01,93374.0,86891.83443058847,2,seasonal_ridge_change,cv,1
2014-11-01,2014-10-01,98813.0,94454.47372485849,2,seasonal_ridge_change,cv,1
2014-12-01,2014-11-01,104555.0,99951.23905397319,2,seasonal_ridge_change,cv,1
2015-01-01,2014-12-01,116913.0,105077.61538103053,2,seasonal_ridge_change,cv,1
2015-02-01,2015-01-01,126655.0,118482.55076307575,2,seasonal_ridge_change,cv,1
2015-03-01,2015-02-01,139376.0,127562.36340056533,2,seasonal_ridge_change,cv,1
2015-04-01,2015-03-01,139444.0,139768.2774660467,2,seasonal_ridge_change,cv,1
2015-05-01,2015-04-01,135599.0,137837.74021318564,2,seasonal_ridge_change,cv,1
2015-06-01,2015-05-01,133942.0,132984.42560312676,2,seasonal_ridge_change,cv,1
2015-07-01,2015-06-01,133792.0,133584.74868170405,2,seasonal_ridge_change,cv,2
2015-08-01,2015-07-01,135307.0,133758.32693502147,2,seasonal_ridge_change,cv,2
2015-09-01,2015-08-01,127240.0,136491.59157487264,2,seasonal_ridge_change,cv,2
2015-10-01,2015-09-01,132906.0,127126.14580065744,2,seasonal_ridge_change,cv,2
2015-11-01,2015-10-01,142507.0,135462.63539224482,2,seasonal_ridge_change,cv,2
2015-12-01,2015-11-01,144504.0,145424.4710000393,2,seasonal_ridge_change,cv,2
2016-01-01,2015-12-01,145942.0,146308.09464518965,2,seasonal_ridge_change,cv,2
2016-02-01,2016-01-01,148304.0,147056.19745913878,2,seasonal_ridge_change,cv,2
2016-03-01,2016-02-01,150319.0,149558.18391998866,2,seasonal_ridge_change,cv,2
2016-04-01,2016-03-01,153620.0,150595.28748291047,2,seasonal_ridge_change,cv,2
2016-05-01,2016-04-01,151708.0,154076.86020644975,2,seasonal_ridge_change,cv,2
2016-06-01,2016-05-01,145355.0,150975.49925218782,2,seasonal_ridge_change,cv,2
2016-07-01,2016-06-01,147655.0,143471.86682556436,2,seasonal_ridge_change,cv,3
2016-08-01,2016-07-01,148120.0,147358.9079887309,2,seasonal_ridge_change,cv,3
2016-09-01,2016-08-01,143651.0,148264.042810129,2,seasonal_ridge_change,cv,3
2016-10-01,2016-09-01,141439.0,143761.46063590588,2,seasonal_ridge_change,cv,3
2016-11-01,2016-10-01,149205.0,142378.4252092982,2,seasonal_ridge_change,cv,3
2016-12-01,2016-11-01,151751.0,152922.0872592114,2,seasonal_ridge_change,cv,3
2017-01-01,2016-12-01,150558.0,153943.49070757642,2,seasonal_ridge_change,cv,3
2017-02-01,2017-01-01,152242.0,152013.69413592026,2,seasonal_ridge_change,cv,3
2017-03-01,2017-02-01,156144.0,154179.1555126815,2,seasonal_ridge_change,cv,3
2017-04-01,2017-03-01,159074.0,157428.18078079782,2,seasonal_ridge_change,cv,3
2017-05-01,2017-04-01,157036.0,159491.70169877348,2,seasonal_ridge_change,cv,3
2017-06-01,2017-05-01,149105.0,156318.94910943604,2,seasonal_ridge_change,cv,3
2017-07-01,2017-06-01,144641.0,146546.9755147724,2,seasonal_ridge_change,cv,4
2017-08-01,2017-07-01,140560.0,142984.17008370825,2,seasonal_ridge_change,cv,4
2017-09-01,2017-08-01,149558.0,139561.1385015007,2,seasonal_ridge_change,cv,4
2017-10-01,2017-09-01,153828.0,151879.07682222608,2,seasonal_ridge_change,cv,4
2017-11-01,2017-10-01,142790.0,156153.95360428235,2,seasonal_ridge_change,cv,4
2017-12-01,2017-11-01,132031.0,142595.312946209,2,seasonal_ridge_change,cv,4
2018-01-01,2017-12-01,118434.0,131739.16288604686,2,seasonal_ridge_change,cv,4
2018-02-01,2018-01-01,111232.0,117548.89606799495,2,seasonal_ridge_change,cv,4
2018-03-01,2018-02-01,122305.0,111494.8636141344,2,seasonal_ridge_change,cv,4
2018-04-01,2018-03-01,125576.0,124379.20300535011,2,seasonal_ridge_change,cv,4
2018-05-01,2018-04-01,123718.0,125646.96998871009,2,seasonal_ridge_change,cv,4
2018-06-01,2018-05-01,112849.0,122304.31883644917,2,seasonal_ridge_change,cv,4
2018-07-01,2018-06-01,107744.0,109119.67509282863,2,seasonal_ridge_change,cv,5
2018-08-01,2018-07-01,111093.0,105483.16089059002,2,seasonal_ridge_change,cv,5
2018-09-01,2018-08-01,113024.0,110865.16789607305,2,seasonal_ridge_change,cv,5
2018-10-01,2018-09-01,124368.0,113810.71058442889,2,seasonal_ridge_change,cv,5
2018-11-01,2018-10-01,129427.0,128155.11951469167,2,seasonal_ridge_change,cv,5
2018-12-01,2018-11-01,132102.0,131289.68455273967,2,seasonal_ridge_change,cv,5
2019-01-01,2018-12-01,133648.0,133108.06946434808,2,seasonal_ridge_change,cv,5
2019-02-01,2019-01-01,138140.0,134303.8136737346,2,seasonal_ridge_change,cv,5
2019-03-01,2019-02-01,138437.0,139886.78927997782,2,seasonal_ridge_change,cv,5
2019-04-01,2019-03-01,137310.0,138247.19339126727,2,seasonal_ridge_change,cv,5
2019-05-01,2019-04-01,143617.0,136216.50336878488,2,seasonal_ridge_change,cv,5
2019-06-01,2019-05-01,142220.0,144048.34291620334,2,seasonal_ridge_change,cv,5
2019-07-01,2019-06-01,134881.0,141156.5209935252,2,seasonal_ridge_change,cv,6
2019-08-01,2019-07-01,125698.0,132759.81481113625,2,seasonal_ridge_change,cv,6
2019-09-01,2019-08-01,128143.0,123612.50027595431,2,seasonal_ridge_change,cv,6
2019-10-01,2019-09-01,134781.0,129411.84152244458,2,seasonal_ridge_change,cv,6
2019-11-01,2019-10-01,130126.0,137481.3605553955,2,seasonal_ridge_change,cv,6
2019-12-01,2019-11-01,126547.0,130377.98658794758,2,seasonal_ridge_change,cv,6
2020-01-01,2019-12-01,127714.0,127081.26096088739,2,seasonal_ridge_change,cv,6
2020-02-01,2020-01-01,126836.0,128748.40735191025,2,seasonal_ridge_change,cv,6
2020-03-01,2020-02-01,139824.0,127502.59492167945,2,seasonal_ridge_change,cv,6
2020-04-01,2020-03-01,156466.0,142729.43290393616,2,seasonal_ridge_change,cv,6
2020-05-01,2020-04-01,140663.0,160291.10757124962,2,seasonal_ridge_change,cv,6
2020-06-01,2020-05-01,136483.0,136760.5365129734,2,seasonal_ridge_change,cv,6
2020-07-01,2020-06-01,140336.0,134692.60529593256,2,seasonal_ridge_change,cv,7
2020-08-01,2020-07-01,140141.0,140037.6992440281,2,seasonal_ridge_change,cv,7
2020-09-01,2020-08-01,140970.0,139648.6950462297,2,seasonal_ridge_change,cv,7
2020-10-01,2020-09-01,146472.0,141384.31893188573,2,seasonal_ridge_change,cv,7
2020-11-01,2020-10-01,148412.0,148191.61534823477,2,seasonal_ridge_change,cv,7
2020-12-01,2020-11-01,147225.0,149897.12067405146,2,seasonal_ridge_change,cv,7
2021-01-01,2020-12-01,136136.0,148247.42747799557,2,seasonal_ridge_change,cv,7
2021-02-01,2021-01-01,134483.0,135195.23247744492,2,seasonal_ridge_change,cv,7
2021-03-01,2021-02-01,127473.0,134833.48585339496,2,seasonal_ridge_change,cv,7
2021-04-01,2021-03-01,133881.0,126078.63131099139,2,seasonal_ridge_change,cv,7
2021-05-01,2021-04-01,134056.0,134284.78983812628,2,seasonal_ridge_change,cv,7
2021-06-01,2021-05-01,124235.0,132807.23962838115,2,seasonal_ridge_change,cv,7
2021-07-01,2021-06-01,119009.0,121393.99822699511,2,seasonal_ridge_change,cv,8
2021-08-01,2021-07-01,116402.0,117238.38568114887,2,seasonal_ridge_change,cv,8
2021-09-01,2021-08-01,113164.0,115733.73983715076,2,seasonal_ridge_change,cv,8
2021-10-01,2021-09-01,108697.0,113013.42608018882,2,seasonal_ridge_change,cv,8
2021-11-01,2021-10-01,114800.0,108887.13631384676,2,seasonal_ridge_change,cv,8
2021-12-01,2021-11-01,117519.0,117040.97248627586,2,seasonal_ridge_change,cv,8
2022-01-01,2021-12-01,110478.0,119120.97721148771,2,seasonal_ridge_change,cv,8
2022-02-01,2022-01-01,102418.0,110129.403639911,2,seasonal_ridge_change,cv,8
2022-03-01,2022-02-01,106991.0,101791.21577406893,2,seasonal_ridge_change,cv,8
2022-04-01,2022-03-01,105393.0,107917.21549404581,2,seasonal_ridge_change,cv,8
2022-05-01,2022-04-01,103433.0,104705.29852301188,2,seasonal_ridge_change,cv,8
2022-06-01,2022-05-01,103711.0,102418.51289987225,2,seasonal_ridge_change,cv,8
2022-07-01,2022-06-01,108992.0,103006.35324003747,2,seasonal_ridge_change,cv,9
2022-08-01,2022-07-01,106416.0,108741.41583724308,2,seasonal_ridge_change,cv,9
2022-09-01,2022-08-01,109108.0,105403.93929203575,2,seasonal_ridge_change,cv,9
2022-10-01,2022-09-01,113699.0,108558.61736680333,2,seasonal_ridge_change,cv,9
2022-11-01,2022-10-01,106829.0,115209.13731988473,2,seasonal_ridge_change,cv,9
2022-12-01,2022-11-01,107006.0,107038.13843604244,2,seasonal_ridge_change,cv,9
2023-01-01,2022-12-01,123976.0,109022.31462973673,2,seasonal_ridge_change,cv,9
2023-02-01,2023-01-01,127518.0,128315.00588953265,2,seasonal_ridge_change,cv,9
2023-03-01,2023-02-01,121224.0,129228.79485864646,2,seasonal_ridge_change,cv,9
2023-04-01,2023-03-01,120647.0,121079.79600502952,2,seasonal_ridge_change,cv,9
2023-05-01,2023-04-01,125119.0,121195.4137293126,2,seasonal_ridge_change,cv,9
2023-06-01,2023-05-01,126189.0,124936.83066275479,2,seasonal_ridge_change,cv,9
2023-07-01,2023-06-01,118771.0,125376.50534071201,2,seasonal_ridge_change,cv,10
2023-08-01,2023-07-01,109216.0,117285.9134825863,2,seasonal_ridge_change,cv,10
2023-09-01,2023-08-01,104432.0,108632.24328446224,2,seasonal_ridge_change,cv,10
2023-10-01,2023-09-01,105146.0,105716.1359461106,2,seasonal_ridge_change,cv,10
2023-11-01,2023-10-01,110776.0,106994.37660818957,2,seasonal_ridge_change,cv,10
2023-12-01,2023-11-01,116557.0,113131.33523117665,2,seasonal_ridge_change,cv,10
2024-01-01,2023-12-01,109117.0,118527.2576493795,2,seasonal_ridge_change,cv,10
2024-02-01,2024-01-01,117652.0,109892.21842358087,2,seasonal_ridge_change,cv,10
2024-03-01,2024-02-01,119599.0,122427.85729882019,2,seasonal_ridge_change,cv,10
2024-04-01,2024-03-01,122265.0,120986.63446768504,2,seasonal_ridge_change,cv,10
2024-05-01,2024-04-01,116543.0,123521.53444018004,2,seasonal_ridge_change,cv,10
2024-06-01,2024-05-01,114321.0,115406.82112280821,2,seasonal_ridge_change,cv,10
2014-07-01,2014-06-01,81491.0,84881.96739387595,2,polynomial_ridge_change,cv,1
2014-08-01,2014-07-01,82048.0,80881.65059232281,2,polynomial_ridge_change,cv,1
2014-09-01,2014-08-01,86512.0,81144.25422957663,2,polynomial_ridge_change,cv,1
2014-10-01,2014-09-01,93374.0,85151.5366589753,2,polynomial_ridge_change,cv,1
2014-11-01,2014-10-01,98813.0,92319.05243469936,2,polynomial_ridge_change,cv,1
2014-12-01,2014-11-01,104555.0,98175.20232666784,2,polynomial_ridge_change,cv,1
2015-01-01,2014-12-01,116913.0,102161.39806453571,2,polynomial_ridge_change,cv,1
2015-02-01,2015-01-01,126655.0,115548.25770700903,2,polynomial_ridge_change,cv,1
2015-03-01,2015-02-01,139376.0,125382.07853860795,2,polynomial_ridge_change,cv,1
2015-04-01,2015-03-01,139444.0,138063.44173048506,2,polynomial_ridge_change,cv,1
2015-05-01,2015-04-01,135599.0,138158.59547417378,2,polynomial_ridge_change,cv,1
2015-06-01,2015-05-01,133942.0,134570.05675241107,2,polynomial_ridge_change,cv,1
2015-07-01,2015-06-01,133792.0,134389.0093225899,2,polynomial_ridge_change,cv,2
2015-08-01,2015-07-01,135307.0,134904.3423073047,2,polynomial_ridge_change,cv,2
2015-09-01,2015-08-01,127240.0,137378.66616229914,2,polynomial_ridge_change,cv,2
2015-10-01,2015-09-01,132906.0,128130.09442493712,2,polynomial_ridge_change,cv,2
2015-11-01,2015-10-01,142507.0,134662.79019285055,2,polynomial_ridge_change,cv,2
2015-12-01,2015-11-01,144504.0,145032.32914761401,2,polynomial_ridge_change,cv,2
2016-01-01,2015-12-01,145942.0,145852.44761723306,2,polynomial_ridge_change,cv,2
2016-02-01,2016-01-01,148304.0,147389.41717733393,2,polynomial_ridge_change,cv,2
2016-03-01,2016-02-01,150319.0,148888.56728708773,2,polynomial_ridge_change,cv,2
2016-04-01,2016-03-01,153620.0,150484.16070832414,2,polynomial_ridge_change,cv,2
2016-05-01,2016-04-01,151708.0,154191.5885140991,2,polynomial_ridge_change,cv,2
2016-06-01,2016-05-01,145355.0,152309.55826531834,2,polynomial_ridge_change,cv,2
2016-07-01,2016-06-01,147655.0,144412.98366568366,2,polynomial_ridge_change,cv,3
2016-08-01,2016-07-01,148120.0,147626.80764208233,2,polynomial_ridge_change,cv,3
2016-09-01,2016-08-01,143651.0,148462.56220532392,2,polynomial_ridge_change,cv,3
2016-10-01,2016-09-01,141439.0,143867.79993038514,2,polynomial_ridge_change,cv,3
2016-11-01,2016-10-01,149205.0,142236.55678354736,2,polynomial_ridge_change,cv,3
2016-12-01,2016-11-01,151751.0,152208.85644121811,2,polynomial_ridge_change,cv,3
2017-01-01,2016-12-01,150558.0,153052.9990646721,2,polynomial_ridge_change,cv,3
2017-02-01,2017-01-01,152242.0,151423.5153860442,2,polynomial_ridge_change,cv,3
2017-03-01,2017-02-01,156144.0,152609.7827733631,2,polynomial_ridge_change,cv,3
2017-04-01,2017-03-01,159074.0,156789.3785735643,2,polynomial_ridge_change,cv,3
2017-05-01,2017-04-01,157036.0,159231.9903478471,2,polynomial_ridge_change,cv,3
2017-06-01,2017-05-01,149105.0,155976.95378693484,2,polynomial_ridge_change,cv,3
2017-07-01,2017-06-01,144641.0,148368.8567291506,2,polynomial_ridge_change,cv,4
2017-08-01,2017-07-01,140560.0,144256.76048471476,2,polynomial_ridge_change,cv,4
2017-09-01,2017-08-01,149558.0,140086.6148834024,2,polynomial_ridge_change,cv,4
2017-10-01,2017-09-01,153828.0,150918.63936326283,2,polynomial_ridge_change,cv,4
2017-11-01,2017-10-01,142790.0,155805.3445271436,2,polynomial_ridge_change,cv,4
2017-12-01,2017-11-01,132031.0,143429.1489621989,2,polynomial_ridge_change,cv,4
2018-01-01,2017-12-01,118434.0,132425.40424290716,2,polynomial_ridge_change,cv,4
2018-02-01,2018-01-01,111232.0,118973.08740958256,2,polynomial_ridge_change,cv,4
2018-03-01,2018-02-01,122305.0,111695.09360997961,2,polynomial_ridge_change,cv,4
2018-04-01,2018-03-01,125576.0,124637.18237277673,2,polynomial_ridge_change,cv,4
2018-05-01,2018-04-01,123718.0,126479.26122675258,2,polynomial_ridge_change,cv,4
2018-06-01,2018-05-01,112849.0,124001.91968865668,2,polynomial_ridge_change,cv,4
2018-07-01,2018-06-01,107744.0,110175.45366044647,2,polynomial_ridge_change,cv,5
2018-08-01,2018-07-01,111093.0,105898.58338535615,2,polynomial_ridge_change,cv,5
2018-09-01,2018-08-01,113024.0,110486.8536405544,2,polynomial_ridge_change,cv,5
2018-10-01,2018-09-01,124368.0,113388.70168864807,2,polynomial_ridge_change,cv,5
2018-11-01,2018-10-01,129427.0,125795.93317668981,2,polynomial_ridge_change,cv,5
2018-12-01,2018-11-01,132102.0,129174.12653305585,2,polynomial_ridge_change,cv,5
2019-01-01,2018-12-01,133648.0,131048.0056037874,2,polynomial_ridge_change,cv,5
2019-02-01,2019-01-01,138140.0,132270.9670460678,2,polynomial_ridge_change,cv,5
2019-03-01,2019-02-01,138437.0,139266.40709059252,2,polynomial_ridge_change,cv,5
2019-04-01,2019-03-01,137310.0,138293.89412066562,2,polynomial_ridge_change,cv,5
2019-05-01,2019-04-01,143617.0,136594.0477723243,2,polynomial_ridge_change,cv,5
2019-06-01,2019-05-01,142220.0,144146.92011151309,2,polynomial_ridge_change,cv,5
2019-07-01,2019-06-01,134881.0,142393.9973354503,2,polynomial_ridge_change,cv,6
2019-08-01,2019-07-01,125698.0,133965.02810009822,2,polynomial_ridge_change,cv,6
2019-09-01,2019-08-01,128143.0,125154.41219562285,2,polynomial_ridge_change,cv,6
2019-10-01,2019-09-01,134781.0,129439.69983752686,2,polynomial_ridge_change,cv,6
2019-11-01,2019-10-01,130126.0,136670.90672434753,2,polynomial_ridge_change,cv,6
2019-12-01,2019-11-01,126547.0,130049.25942377365,2,polynomial_ridge_change,cv,6
2020-01-01,2019-12-01,127714.0,125431.26102087398,2,polynomial_ridge_change,cv,6
2020-02-01,2020-01-01,126836.0,128076.22002225011,2,polynomial_ridge_change,cv,6
2020-03-01,2020-02-01,139824.0,127253.10634028286,2,polynomial_ridge_change,cv,6
2020-04-01,2020-03-01,156466.0,142445.4040425764,2,polynomial_ridge_change,cv,6
2020-05-01,2020-04-01,140663.0,158801.44443663856,2,polynomial_ridge_change,cv,6
2020-06-01,2020-05-01,136483.0,140285.2734089777,2,polynomial_ridge_change,cv,6
2020-07-01,2020-06-01,140336.0,136401.5167441721,2,polynomial_ridge_change,cv,7
2020-08-01,2020-07-01,140141.0,140936.25600332566,2,polynomial_ridge_change,cv,7
2020-09-01,2020-08-01,140970.0,140812.75769222097,2,polynomial_ridge_change,cv,7
2020-10-01,2020-09-01,146472.0,141466.4603058753,2,polynomial_ridge_change,cv,7
2020-11-01,2020-10-01,148412.0,147496.22316750014,2,polynomial_ridge_change,cv,7
2020-12-01,2020-11-01,147225.0,148818.41481824018,2,polynomial_ridge_change,cv,7
2021-01-01,2020-12-01,136136.0,147422.0385368394,2,polynomial_ridge_change,cv,7
2021-02-01,2021-01-01,134483.0,135615.61298471887,2,polynomial_ridge_change,cv,7
2021-03-01,2021-02-01,127473.0,135257.13951217599,2,polynomial_ridge_change,cv,7
2021-04-01,2021-03-01,133881.0,127476.71881059284,2,polynomial_ridge_change,cv,7
2021-05-01,2021-04-01,134056.0,134710.54222002183,2,polynomial_ridge_change,cv,7
2021-06-01,2021-05-01,124235.0,134313.6282481662,2,polynomial_ridge_change,cv,7
2021-07-01,2021-06-01,119009.0,123259.81875617066,2,polynomial_ridge_change,cv,8
2021-08-01,2021-07-01,116402.0,118847.15560855446,2,polynomial_ridge_change,cv,8
2021-09-01,2021-08-01,113164.0,116972.59262591849,2,polynomial_ridge_change,cv,8
2021-10-01,2021-09-01,108697.0,113826.65905900078,2,polynomial_ridge_change,cv,8
2021-11-01,2021-10-01,114800.0,109050.42912212572,2,polynomial_ridge_change,cv,8
2021-12-01,2021-11-01,117519.0,115964.22567161659,2,polynomial_ridge_change,cv,8
2022-01-01,2021-12-01,110478.0,118230.570578576,2,polynomial_ridge_change,cv,8
2022-02-01,2022-01-01,102418.0,110283.77640112044,2,polynomial_ridge_change,cv,8
2022-03-01,2022-02-01,106991.0,102815.5465073623,2,polynomial_ridge_change,cv,8
2022-04-01,2022-03-01,105393.0,108507.27529110936,2,polynomial_ridge_change,cv,8
2022-05-01,2022-04-01,103433.0,105900.20101072769,2,polynomial_ridge_change,cv,8
2022-06-01,2022-05-01,103711.0,103495.87272390426,2,polynomial_ridge_change,cv,8
2022-07-01,2022-06-01,108992.0,103311.68025656076,2,polynomial_ridge_change,cv,9
2022-08-01,2022-07-01,106416.0,109199.04100566223,2,polynomial_ridge_change,cv,9
2022-09-01,2022-08-01,109108.0,106148.61969719664,2,polynomial_ridge_change,cv,9
2022-10-01,2022-09-01,113699.0,108215.79265288223,2,polynomial_ridge_change,cv,9
2022-11-01,2022-10-01,106829.0,114478.36088146183,2,polynomial_ridge_change,cv,9
2022-12-01,2022-11-01,107006.0,106489.0225294326,2,polynomial_ridge_change,cv,9
2023-01-01,2022-12-01,123976.0,107425.46668012053,2,polynomial_ridge_change,cv,9
2023-02-01,2023-01-01,127518.0,124647.17063229329,2,polynomial_ridge_change,cv,9
2023-03-01,2023-02-01,121224.0,128595.11302571543,2,polynomial_ridge_change,cv,9
2023-04-01,2023-03-01,120647.0,123567.91720019195,2,polynomial_ridge_change,cv,9
2023-05-01,2023-04-01,125119.0,121823.55325069591,2,polynomial_ridge_change,cv,9
2023-06-01,2023-05-01,126189.0,125144.86246246492,2,polynomial_ridge_change,cv,9
2023-07-01,2023-06-01,118771.0,126182.69738947008,2,polynomial_ridge_change,cv,10
2023-08-01,2023-07-01,109216.0,118567.26253289302,2,polynomial_ridge_change,cv,10
2023-09-01,2023-08-01,104432.0,109538.25543912481,2,polynomial_ridge_change,cv,10
2023-10-01,2023-09-01,105146.0,105379.39565895905,2,polynomial_ridge_change,cv,10
2023-11-01,2023-10-01,110776.0,106227.00557866073,2,polynomial_ridge_change,cv,10
2023-12-01,2023-11-01,116557.0,111464.51508726033,2,polynomial_ridge_change,cv,10
2024-01-01,2023-12-01,109117.0,117317.03083946563,2,polynomial_ridge_change,cv,10
2024-02-01,2024-01-01,117652.0,110143.9930920488,2,polynomial_ridge_change,cv,10
2024-03-01,2024-02-01,119599.0,120444.16341668107,2,polynomial_ridge_change,cv,10
2024-04-01,2024-03-01,122265.0,121102.84705042435,2,polynomial_ridge_change,cv,10
2024-05-01,2024-04-01,116543.0,123080.49479096147,2,polynomial_ridge_change,cv,10
2024-06-01,2024-05-01,114321.0,116560.08331401127,2,polynomial_ridge_change,cv,10
2014-07-01,2014-06-01,81491.0,83676.76529500647,2,spline_ridge_change,cv,1
2014-08-01,2014-07-01,82048.0,79833.90457378227,2,spline_ridge_change,cv,1
2014-09-01,2014-08-01,86512.0,80078.26842833345,2,spline_ridge_change,cv,1
2014-10-01,2014-09-01,93374.0,84007.94736479812,2,spline_ridge_change,cv,1
2014-11-01,2014-10-01,98813.0,91844.8533441333,2,spline_ridge_change,cv,1
2014-12-01,2014-11-01,104555.0,99355.0931826362,2,spline_ridge_change,cv,1
2015-01-01,2014-12-01,116913.0,99836.16147119124,2,spline_ridge_change,cv,1
2015-02-01,2015-01-01,126655.0,113218.3098512943,2,spline_ridge_change,cv,1
2015-03-01,2015-02-01,139376.0,124333.89443441741,2,spline_ridge_change,cv,1
2015-04-01,2015-03-01,139444.0,132655.19295914093,2,spline_ridge_change,cv,1
2015-05-01,2015-04-01,135599.0,131108.6380031769,2,spline_ridge_change,cv,1
2015-06-01,2015-05-01,133942.0,129692.18203362125,2,spline_ridge_change,cv,1
2015-07-01,2015-06-01,133792.0,133260.5163424917,2,spline_ridge_change,cv,2
2015-08-01,2015-07-01,135307.0,135114.4298462626,2,spline_ridge_change,cv,2
2015-09-01,2015-08-01,127240.0,137849.20101750302,2,spline_ridge_change,cv,2
2015-10-01,2015-09-01,132906.0,129252.75993751004,2,spline_ridge_change,cv,2
2015-11-01,2015-10-01,142507.0,136398.54742221447,2,spline_ridge_change,cv,2
2015-12-01,2015-11-01,144504.0,145595.25097923132,2,spline_ridge_change,cv,2
2016-01-01,2015-12-01,145942.0,136270.46107321323,2,spline_ridge_change,cv,2
2016-02-01,2016-01-01,148304.0,140106.29895035253,2,spline_ridge_change,cv,2
2016-03-01,2016-02-01,150319.0,133181.71380135088,2,spline_ridge_change,cv,2
2016-04-01,2016-03-01,153620.0,135452.82185046657,2,spline_ridge_change,cv,2
2016-05-01,2016-04-01,151708.0,140106.33919431458,2,spline_ridge_change,cv,2
2016-06-01,2016-05-01,145355.0,140192.35347099867,2,spline_ridge_change,cv,2
2016-07-01,2016-06-01,147655.0,142186.1818299918,2,spline_ridge_change,cv,3
2016-08-01,2016-07-01,148120.0,146650.5556812993,2,spline_ridge_change,cv,3
2016-09-01,2016-08-01,143651.0,147037.95616917693,2,spline_ridge_change,cv,3
2016-10-01,2016-09-01,141439.0,142523.51240310838,2,spline_ridge_change,cv,3
2016-11-01,2016-10-01,149205.0,142487.41869784638,2,spline_ridge_change,cv,3
2016-12-01,2016-11-01,151751.0,151835.97076025276,2,spline_ridge_change,cv,3
2017-01-01,2016-12-01,150558.0,153403.1468272831,2,spline_ridge_change,cv,3
2017-02-01,2017-01-01,152242.0,150899.7606539688,2,spline_ridge_change,cv,3
2017-03-01,2017-02-01,156144.0,151749.0913522523,2,spline_ridge_change,cv,3
2017-04-01,2017-03-01,159074.0,156359.914925187,2,spline_ridge_change,cv,3
2017-05-01,2017-04-01,157036.0,157666.48596640988,2,spline_ridge_change,cv,3
2017-06-01,2017-05-01,149105.0,155270.72986217265,2,spline_ridge_change,cv,3
2017-07-01,2017-06-01,144641.0,147334.4793837636,2,spline_ridge_change,cv,4
2017-08-01,2017-07-01,140560.0,143085.96009254528,2,spline_ridge_change,cv,4
2017-09-01,2017-08-01,149558.0,138038.01916683756,2,spline_ridge_change,cv,4
2017-10-01,2017-09-01,153828.0,152616.32820448178,2,spline_ridge_change,cv,4
2017-11-01,2017-10-01,142790.0,158145.42419100035,2,spline_ridge_change,cv,4
2017-12-01,2017-11-01,132031.0,145385.10193203497,2,spline_ridge_change,cv,4
2018-01-01,2017-12-01,118434.0,133728.58882283495,2,spline_ridge_change,cv,4
2018-02-01,2018-01-01,111232.0,121808.57216106734,2,spline_ridge_change,cv,4
2018-03-01,2018-02-01,122305.0,113704.17920605098,2,spline_ridge_change,cv,4
2018-04-01,2018-03-01,125576.0,126905.07785609808,2,spline_ridge_change,cv,4
2018-05-01,2018-04-01,123718.0,126406.20053335177,2,spline_ridge_change,cv,4
2018-06-01,2018-05-01,112849.0,122227.39537760278,2,spline_ridge_change,cv,4
2018-07-01,2018-06-01,107744.0,105993.76369986084,2,spline_ridge_change,cv,5
2018-08-01,2018-07-01,111093.0,106135.0870149376,2,spline_ridge_change,cv,5
2018-09-01,2018-08-01,113024.0,110222.46921360893,2,spline_ridge_change,cv,5
2018-10-01,2018-09-01,124368.0,113201.73311817476,2,spline_ridge_change,cv,5
2018-11-01,2018-10-01,129427.0,126774.54206069588,2,spline_ridge_change,cv,5
2018-12-01,2018-11-01,132102.0,129209.21044211663,2,spline_ridge_change,cv,5
2019-01-01,2018-12-01,133648.0,130781.76826975038,2,spline_ridge_change,cv,5
2019-02-01,2019-01-01,138140.0,131790.0591941904,2,spline_ridge_change,cv,5
2019-03-01,2019-02-01,138437.0,141461.13925867414,2,spline_ridge_change,cv,5
2019-04-01,2019-03-01,137310.0,136539.8541918352,2,spline_ridge_change,cv,5
2019-05-01,2019-04-01,143617.0,133650.10384418082,2,spline_ridge_change,cv,5
2019-06-01,2019-05-01,142220.0,142238.57370074207,2,spline_ridge_change,cv,5
2019-07-01,2019-06-01,134881.0,141311.0607151524,2,spline_ridge_change,cv,6
2019-08-01,2019-07-01,125698.0,132647.09891518924,2,spline_ridge_change,cv,6
2019-09-01,2019-08-01,128143.0,124278.79907885409,2,spline_ridge_change,cv,6
2019-10-01,2019-09-01,134781.0,130801.52604895005,2,spline_ridge_change,cv,6
2019-11-01,2019-10-01,130126.0,139086.92880815637,2,spline_ridge_change,cv,6
2019-12-01,2019-11-01,126547.0,131766.4967548014,2,spline_ridge_change,cv,6
2020-01-01,2019-12-01,127714.0,127166.10253452683,2,spline_ridge_change,cv,6
2020-02-01,2020-01-01,126836.0,130469.63334011727,2,spline_ridge_change,cv,6
2020-03-01,2020-02-01,139824.0,128900.9369667995,2,spline_ridge_change,cv,6
2020-04-01,2020-03-01,156466.0,143553.81931019892,2,spline_ridge_change,cv,6
2020-05-01,2020-04-01,140663.0,158999.75464110792,2,spline_ridge_change,cv,6
2020-06-01,2020-05-01,136483.0,128792.2249761064,2,spline_ridge_change,cv,6
2020-07-01,2020-06-01,140336.0,134935.72669762128,2,spline_ridge_change,cv,7
2020-08-01,2020-07-01,140141.0,140986.54112693362,2,spline_ridge_change,cv,7
2020-09-01,2020-08-01,140970.0,140777.0122662793,2,spline_ridge_change,cv,7
2020-10-01,2020-09-01,146472.0,142633.05307822756,2,spline_ridge_change,cv,7
2020-11-01,2020-10-01,148412.0,148966.68648361677,2,spline_ridge_change,cv,7
2020-12-01,2020-11-01,147225.0,149422.52984754636,2,spline_ridge_change,cv,7
2021-01-01,2020-12-01,136136.0,148333.62573454832,2,spline_ridge_change,cv,7
2021-02-01,2021-01-01,134483.0,136454.13281938806,2,spline_ridge_change,cv,7
2021-03-01,2021-02-01,127473.0,136560.92406301075,2,spline_ridge_change,cv,7
2021-04-01,2021-03-01,133881.0,127057.98953464357,2,spline_ridge_change,cv,7
2021-05-01,2021-04-01,134056.0,135076.90238003907,2,spline_ridge_change,cv,7
2021-06-01,2021-05-01,124235.0,131322.16644998567,2,spline_ridge_change,cv,7
2021-07-01,2021-06-01,119009.0,119651.21524360238,2,spline_ridge_change,cv,8
2021-08-01,2021-07-01,116402.0,116770.27264196567,2,spline_ridge_change,cv,8
2021-09-01,2021-08-01,113164.0,116174.32939444688,2,spline_ridge_change,cv,8
2021-10-01,2021-09-01,108697.0,113145.54419463579,2,spline_ridge_change,cv,8
2021-11-01,2021-10-01,114800.0,108419.21788842254,2,spline_ridge_change,cv,8
2021-12-01,2021-11-01,117519.0,116741.30136813302,2,spline_ridge_change,cv,8
2022-01-01,2021-12-01,110478.0,117988.08142269925,2,spline_ridge_change,cv,8
2022-02-01,2022-01-01,102418.0,109721.22622945745,2,spline_ridge_change,cv,8
2022-03-01,2022-02-01,106991.0,103346.92111717028,2,spline_ridge_change,cv,8
2022-04-01,2022-03-01,105393.0,108925.93272418913,2,spline_ridge_change,cv,8
2022-05-01,2022-04-01,103433.0,103655.10292896525,2,spline_ridge_change,cv,8
2022-06-01,2022-05-01,103711.0,99928.00530054481,2,spline_ridge_change,cv,8
2022-07-01,2022-06-01,108992.0,100798.12389570537,2,spline_ridge_change,cv,9
2022-08-01,2022-07-01,106416.0,108821.24436090126,2,spline_ridge_change,cv,9
2022-09-01,2022-08-01,109108.0,103233.80901784409,2,spline_ridge_change,cv,9
2022-10-01,2022-09-01,113699.0,86627.69401079793,2,spline_ridge_change,cv,9
2022-11-01,2022-10-01,106829.0,114087.10571140623,2,spline_ridge_change,cv,9
2022-12-01,2022-11-01,107006.0,105033.39170032098,2,spline_ridge_change,cv,9
2023-01-01,2022-12-01,123976.0,108213.22118392467,2,spline_ridge_change,cv,9
2023-02-01,2023-01-01,127518.0,125226.3830159366,2,spline_ridge_change,cv,9
2023-03-01,2023-02-01,121224.0,131795.72016886203,2,spline_ridge_change,cv,9
2023-04-01,2023-03-01,120647.0,120919.24399569511,2,spline_ridge_change,cv,9
2023-05-01,2023-04-01,125119.0,119609.5212683863,2,spline_ridge_change,cv,9
2023-06-01,2023-05-01,126189.0,122265.40172691987,2,spline_ridge_change,cv,9
2023-07-01,2023-06-01,118771.0,124594.48307483637,2,spline_ridge_change,cv,10
2023-08-01,2023-07-01,109216.0,117107.43820513732,2,spline_ridge_change,cv,10
2023-09-01,2023-08-01,104432.0,108357.59070004668,2,spline_ridge_change,cv,10
2023-10-01,2023-09-01,105146.0,107978.15417095952,2,spline_ridge_change,cv,10
2023-11-01,2023-10-01,110776.0,107359.70080064952,2,spline_ridge_change,cv,10
2023-12-01,2023-11-01,116557.0,111367.20578601802,2,spline_ridge_change,cv,10
2024-01-01,2023-12-01,109117.0,117048.35106694739,2,spline_ridge_change,cv,10
2024-02-01,2024-01-01,117652.0,109758.05738237225,2,spline_ridge_change,cv,10
2024-03-01,2024-02-01,119599.0,126124.54389142957,2,spline_ridge_change,cv,10
2024-04-01,2024-03-01,122265.0,122338.18087467538,2,spline_ridge_change,cv,10
2024-05-01,2024-04-01,116543.0,124239.65979826797,2,spline_ridge_change,cv,10
2024-06-01,2024-05-01,114321.0,113089.3420740177,2,spline_ridge_change,cv,10
2014-07-01,2014-06-01,81491.0,84391.29076075686,2,random_forest_change,cv,1
2014-08-01,2014-07-01,82048.0,79689.30286720443,2,random_forest_change,cv,1
2014-09-01,2014-08-01,86512.0,81194.21374319884,2,random_forest_change,cv,1
2014-10-01,2014-09-01,93374.0,87429.3527372474,2,random_forest_change,cv,1
2014-11-01,2014-10-01,98813.0,94596.61261462628,2,random_forest_change,cv,1
2014-12-01,2014-11-01,104555.0,99988.19873604628,2,random_forest_change,cv,1
2015-01-01,2014-12-01,116913.0,105795.1007038216,2,random_forest_change,cv,1
2015-02-01,2015-01-01,126655.0,117778.66205732062,2,random_forest_change,cv,1
2015-03-01,2015-02-01,139376.0,127437.87184931287,2,random_forest_change,cv,1
2015-04-01,2015-03-01,139444.0,139701.03258210662,2,random_forest_change,cv,1
2015-05-01,2015-04-01,135599.0,138467.63949251082,2,random_forest_change,cv,1
2015-06-01,2015-05-01,133942.0,134296.7458223065,2,random_forest_change,cv,1
2015-07-01,2015-06-01,133792.0,132631.9189658825,2,random_forest_change,cv,2
2015-08-01,2015-07-01,135307.0,132524.13825296515,2,random_forest_change,cv,2
2015-09-01,2015-08-01,127240.0,134797.7460283784,2,random_forest_change,cv,2
2015-10-01,2015-09-01,132906.0,127695.37844151257,2,random_forest_change,cv,2
2015-11-01,2015-10-01,142507.0,137293.85715700232,2,random_forest_change,cv,2
2015-12-01,2015-11-01,144504.0,146722.12510540982,2,random_forest_change,cv,2
2016-01-01,2015-12-01,145942.0,145205.22337219986,2,random_forest_change,cv,2
2016-02-01,2016-01-01,148304.0,146445.81079284256,2,random_forest_change,cv,2
2016-03-01,2016-02-01,150319.0,148642.20757281114,2,random_forest_change,cv,2
2016-04-01,2016-03-01,153620.0,148835.36810825547,2,random_forest_change,cv,2
2016-05-01,2016-04-01,151708.0,155341.24497223442,2,random_forest_change,cv,2
2016-06-01,2016-05-01,145355.0,150242.6269494161,2,random_forest_change,cv,2
2016-07-01,2016-06-01,147655.0,143321.6923366172,2,random_forest_change,cv,3
2016-08-01,2016-07-01,148120.0,146407.39771326954,2,random_forest_change,cv,3
2016-09-01,2016-08-01,143651.0,147136.39630543825,2,random_forest_change,cv,3
2016-10-01,2016-09-01,141439.0,144713.02551646458,2,random_forest_change,cv,3
2016-11-01,2016-10-01,149205.0,142841.9768461416,2,random_forest_change,cv,3
2016-12-01,2016-11-01,151751.0,153849.55480994447,2,random_forest_change,cv,3
2017-01-01,2016-12-01,150558.0,153124.32850036974,2,random_forest_change,cv,3
2017-02-01,2017-01-01,152242.0,151588.3370409817,2,random_forest_change,cv,3
2017-03-01,2017-02-01,156144.0,153164.7596251158,2,random_forest_change,cv,3
2017-04-01,2017-03-01,159074.0,158844.5312864009,2,random_forest_change,cv,3
2017-05-01,2017-04-01,157036.0,157732.03389852893,2,random_forest_change,cv,3
2017-06-01,2017-05-01,149105.0,155324.35409788453,2,random_forest_change,cv,3
2017-07-01,2017-06-01,144641.0,146872.524382432,2,random_forest_change,cv,4
2017-08-01,2017-07-01,140560.0,142829.7065172375,2,random_forest_change,cv,4
2017-09-01,2017-08-01,149558.0,138940.03150679742,2,random_forest_change,cv,4
2017-10-01,2017-09-01,153828.0,153839.53412603986,2,random_forest_change,cv,4
2017-11-01,2017-10-01,142790.0,158261.71782784114,2,random_forest_change,cv,4
2017-12-01,2017-11-01,132031.0,144411.48668462722,2,random_forest_change,cv,4
2018-01-01,2017-12-01,118434.0,133522.89693385063,2,random_forest_change,cv,4
2018-02-01,2018-01-01,111232.0,119785.37711626051,2,random_forest_change,cv,4
2018-03-01,2018-02-01,122305.0,112485.89682430435,2,random_forest_change,cv,4
2018-04-01,2018-03-01,125576.0,125051.22597000306,2,random_forest_change,cv,4
2018-05-01,2018-04-01,123718.0,124512.9241188865,2,random_forest_change,cv,4
2018-06-01,2018-05-01,112849.0,121718.19316433546,2,random_forest_change,cv,4
2018-07-01,2018-06-01,107744.0,109469.5454592439,2,random_forest_change,cv,5
2018-08-01,2018-07-01,111093.0,104638.35849699684,2,random_forest_change,cv,5
2018-09-01,2018-08-01,113024.0,111129.9143975523,2,random_forest_change,cv,5
2018-10-01,2018-09-01,124368.0,112395.78039710266,2,random_forest_change,cv,5
2018-11-01,2018-10-01,129427.0,127701.55987214786,2,random_forest_change,cv,5
2018-12-01,2018-11-01,132102.0,132375.00963736666,2,random_forest_change,cv,5
2019-01-01,2018-12-01,133648.0,130411.4208835478,2,random_forest_change,cv,5
2019-02-01,2019-01-01,138140.0,132093.014207003,2,random_forest_change,cv,5
2019-03-01,2019-02-01,138437.0,142052.9575684755,2,random_forest_change,cv,5
2019-04-01,2019-03-01,137310.0,136593.28038543655,2,random_forest_change,cv,5
2019-05-01,2019-04-01,143617.0,134195.72476563562,2,random_forest_change,cv,5
2019-06-01,2019-05-01,142220.0,146018.7111767774,2,random_forest_change,cv,5
2019-07-01,2019-06-01,134881.0,140329.46676110438,2,random_forest_change,cv,6
2019-08-01,2019-07-01,125698.0,133075.79384547897,2,random_forest_change,cv,6
2019-09-01,2019-08-01,128143.0,124506.3837062887,2,random_forest_change,cv,6
2019-10-01,2019-09-01,134781.0,128875.57770954962,2,random_forest_change,cv,6
2019-11-01,2019-10-01,130126.0,138559.38523364862,2,random_forest_change,cv,6
2019-12-01,2019-11-01,126547.0,129870.2786250114,2,random_forest_change,cv,6
2020-01-01,2019-12-01,127714.0,126191.55980282961,2,random_forest_change,cv,6
2020-02-01,2020-01-01,126836.0,128082.94612682935,2,random_forest_change,cv,6
2020-03-01,2020-02-01,139824.0,127696.09158078056,2,random_forest_change,cv,6
2020-04-01,2020-03-01,156466.0,142753.0121446681,2,random_forest_change,cv,6
2020-05-01,2020-04-01,140663.0,158949.26793088415,2,random_forest_change,cv,6
2020-06-01,2020-05-01,136483.0,138528.7500710334,2,random_forest_change,cv,6
2020-07-01,2020-06-01,140336.0,134005.16734021818,2,random_forest_change,cv,7
2020-08-01,2020-07-01,140141.0,140812.06493171348,2,random_forest_change,cv,7
2020-09-01,2020-08-01,140970.0,139579.004648409,2,random_forest_change,cv,7
2020-10-01,2020-09-01,146472.0,142072.77048969222,2,random_forest_change,cv,7
2020-11-01,2020-10-01,148412.0,149673.61300184877,2,random_forest_change,cv,7
2020-12-01,2020-11-01,147225.0,149432.82647241288,2,random_forest_change,cv,7
2021-01-01,2020-12-01,136136.0,148165.42455850268,2,random_forest_change,cv,7
2021-02-01,2021-01-01,134483.0,136448.9291787812,2,random_forest_change,cv,7
2021-03-01,2021-02-01,127473.0,135624.76929857308,2,random_forest_change,cv,7
2021-04-01,2021-03-01,133881.0,126098.10998753787,2,random_forest_change,cv,7
2021-05-01,2021-04-01,134056.0,134879.32560906152,2,random_forest_change,cv,7
2021-06-01,2021-05-01,124235.0,131962.23782439152,2,random_forest_change,cv,7
2021-07-01,2021-06-01,119009.0,121395.63535092132,2,random_forest_change,cv,8
2021-08-01,2021-07-01,116402.0,117311.30830428084,2,random_forest_change,cv,8
2021-09-01,2021-08-01,113164.0,116330.36826458691,2,random_forest_change,cv,8
2021-10-01,2021-09-01,108697.0,113006.78265663523,2,random_forest_change,cv,8
2021-11-01,2021-10-01,114800.0,108151.9291696094,2,random_forest_change,cv,8
2021-12-01,2021-11-01,117519.0,117971.80955777108,2,random_forest_change,cv,8
2022-01-01,2021-12-01,110478.0,118703.01626295011,2,random_forest_change,cv,8
2022-02-01,2022-01-01,102418.0,110152.78406205564,2,random_forest_change,cv,8
2022-03-01,2022-02-01,106991.0,102580.44406806376,2,random_forest_change,cv,8
2022-04-01,2022-03-01,105393.0,109407.9081167854,2,random_forest_change,cv,8
2022-05-01,2022-04-01,103433.0,103663.56276221178,2,random_forest_change,cv,8
2022-06-01,2022-05-01,103711.0,100959.12156334436,2,random_forest_change,cv,8
2022-07-01,2022-06-01,108992.0,101425.36289805727,2,random_forest_change,cv,9
2022-08-01,2022-07-01,106416.0,110190.76901415682,2,random_forest_change,cv,9
2022-09-01,2022-08-01,109108.0,104953.47117741691,2,random_forest_change,cv,9
2022-10-01,2022-09-01,113699.0,109236.82222619372,2,random_forest_change,cv,9
2022-11-01,2022-10-01,106829.0,114697.40877175533,2,random_forest_change,cv,9
2022-12-01,2022-11-01,107006.0,105943.50222021676,2,random_forest_change,cv,9
2023-01-01,2022-12-01,123976.0,106883.1479944997,2,random_forest_change,cv,9
2023-02-01,2023-01-01,127518.0,127379.74889171122,2,random_forest_change,cv,9
2023-03-01,2023-02-01,121224.0,128732.36629559676,2,random_forest_change,cv,9
2023-04-01,2023-03-01,120647.0,119637.24795051987,2,random_forest_change,cv,9
2023-05-01,2023-04-01,125119.0,119269.99093084785,2,random_forest_change,cv,9
2023-06-01,2023-05-01,126189.0,124568.31260720026,2,random_forest_change,cv,9
2023-07-01,2023-06-01,118771.0,125347.9983285074,2,random_forest_change,cv,10
2023-08-01,2023-07-01,109216.0,117248.65190966445,2,random_forest_change,cv,10
2023-09-01,2023-08-01,104432.0,108300.95084066497,2,random_forest_change,cv,10
2023-10-01,2023-09-01,105146.0,104691.50667089669,2,random_forest_change,cv,10
2023-11-01,2023-10-01,110776.0,107685.9217355823,2,random_forest_change,cv,10
2023-12-01,2023-11-01,116557.0,114253.78257471243,2,random_forest_change,cv,10
2024-01-01,2023-12-01,109117.0,118975.59799795145,2,random_forest_change,cv,10
2024-02-01,2024-01-01,117652.0,108156.01600897958,2,random_forest_change,cv,10
2024-03-01,2024-02-01,119599.0,120721.4618473463,2,random_forest_change,cv,10
2024-04-01,2024-03-01,122265.0,118937.50264537016,2,random_forest_change,cv,10
2024-05-01,2024-04-01,116543.0,121805.76350405837,2,random_forest_change,cv,10
2024-06-01,2024-05-01,114321.0,114300.4853413232,2,random_forest_change,cv,10
2014-07-01,2014-06-01,81491.0,84685.7421875,2,xgboost_change,cv,1
2014-08-01,2014-07-01,82048.0,80291.3984375,2,xgboost_change,cv,1
2014-09-01,2014-08-01,86512.0,81269.5,2,xgboost_change,cv,1
2014-10-01,2014-09-01,93374.0,87454.25,2,xgboost_change,cv,1
2014-11-01,2014-10-01,98813.0,94716.953125,2,xgboost_change,cv,1
2014-12-01,2014-11-01,104555.0,100128.7734375,2,xgboost_change,cv,1
2015-01-01,2014-12-01,116913.0,105774.7265625,2,xgboost_change,cv,1
2015-02-01,2015-01-01,126655.0,117675.4921875,2,xgboost_change,cv,1
2015-03-01,2015-02-01,139376.0,127375.2265625,2,xgboost_change,cv,1
2015-04-01,2015-03-01,139444.0,139724.125,2,xgboost_change,cv,1
2015-05-01,2015-04-01,135599.0,138366.25,2,xgboost_change,cv,1
2015-06-01,2015-05-01,133942.0,134397.453125,2,xgboost_change,cv,1
2015-07-01,2015-06-01,133792.0,132813.421875,2,xgboost_change,cv,2
2015-08-01,2015-07-01,135307.0,132663.421875,2,xgboost_change,cv,2
2015-09-01,2015-08-01,127240.0,134995.5625,2,xgboost_change,cv,2
2015-10-01,2015-09-01,132906.0,127922.8828125,2,xgboost_change,cv,2
2015-11-01,2015-10-01,142507.0,136671.0,2,xgboost_change,cv,2
2015-12-01,2015-11-01,144504.0,145746.078125,2,xgboost_change,cv,2
2016-01-01,2015-12-01,145942.0,145116.96875,2,xgboost_change,cv,2
2016-02-01,2016-01-01,148304.0,146540.890625,2,xgboost_change,cv,2
2016-03-01,2016-02-01,150319.0,148721.40625,2,xgboost_change,cv,2
2016-04-01,2016-03-01,153620.0,149067.25,2,xgboost_change,cv,2
2016-05-01,2016-04-01,151708.0,153305.625,2,xgboost_change,cv,2
2016-06-01,2016-05-01,145355.0,150594.0625,2,xgboost_change,cv,2
2016-07-01,2016-06-01,147655.0,143641.25,2,xgboost_change,cv,3
2016-08-01,2016-07-01,148120.0,146648.765625,2,xgboost_change,cv,3
2016-09-01,2016-08-01,143651.0,146945.109375,2,xgboost_change,cv,3
2016-10-01,2016-09-01,141439.0,144409.25,2,xgboost_change,cv,3
2016-11-01,2016-10-01,149205.0,142512.171875,2,xgboost_change,cv,3
2016-12-01,2016-11-01,151751.0,153017.921875,2,xgboost_change,cv,3
2017-01-01,2016-12-01,150558.0,152959.078125,2,xgboost_change,cv,3
2017-02-01,2017-01-01,152242.0,151266.28125,2,xgboost_change,cv,3
2017-03-01,2017-02-01,156144.0,153170.15625,2,xgboost_change,cv,3
2017-04-01,2017-03-01,159074.0,157914.46875,2,xgboost_change,cv,3
2017-05-01,2017-04-01,157036.0,157877.328125,2,xgboost_change,cv,3
2017-06-01,2017-05-01,149105.0,155541.34375,2,xgboost_change,cv,3
2017-07-01,2017-06-01,144641.0,147530.578125,2,xgboost_change,cv,4
2017-08-01,2017-07-01,140560.0,143351.65625,2,xgboost_change,cv,4
2017-09-01,2017-08-01,149558.0,139068.671875,2,xgboost_change,cv,4
2017-10-01,2017-09-01,153828.0,153010.1875,2,xgboost_change,cv,4
2017-11-01,2017-10-01,142790.0,157916.109375,2,xgboost_change,cv,4
2017-12-01,2017-11-01,132031.0,144285.390625,2,xgboost_change,cv,4
2018-01-01,2017-12-01,118434.0,133492.28125,2,xgboost_change,cv,4
2018-02-01,2018-01-01,111232.0,119692.71875,2,xgboost_change,cv,4
2018-03-01,2018-02-01,122305.0,112466.25,2,xgboost_change,cv,4
2018-04-01,2018-03-01,125576.0,124547.125,2,xgboost_change,cv,4
2018-05-01,2018-04-01,123718.0,124719.2109375,2,xgboost_change,cv,4
2018-06-01,2018-05-01,112849.0,122366.234375,2,xgboost_change,cv,4
2018-07-01,2018-06-01,107744.0,110159.5,2,xgboost_change,cv,5
2018-08-01,2018-07-01,111093.0,105605.625,2,xgboost_change,cv,5
2018-09-01,2018-08-01,113024.0,111294.1875,2,xgboost_change,cv,5
2018-10-01,2018-09-01,124368.0,111985.4609375,2,xgboost_change,cv,5
2018-11-01,2018-10-01,129427.0,126586.9609375,2,xgboost_change,cv,5
2018-12-01,2018-11-01,132102.0,131239.96875,2,xgboost_change,cv,5
2019-01-01,2018-12-01,133648.0,131188.171875,2,xgboost_change,cv,5
2019-02-01,2019-01-01,138140.0,132865.421875,2,xgboost_change,cv,5
2019-03-01,2019-02-01,138437.0,141212.53125,2,xgboost_change,cv,5
2019-04-01,2019-03-01,137310.0,136738.09375,2,xgboost_change,cv,5
2019-05-01,2019-04-01,143617.0,134879.359375,2,xgboost_change,cv,5
2019-06-01,2019-05-01,142220.0,144814.03125,2,xgboost_change,cv,5
2019-07-01,2019-06-01,134881.0,140760.671875,2,xgboost_change,cv,6
2019-08-01,2019-07-01,125698.0,133846.390625,2,xgboost_change,cv,6
2019-09-01,2019-08-01,128143.0,124916.6953125,2,xgboost_change,cv,6
2019-10-01,2019-09-01,134781.0,129570.6796875,2,xgboost_change,cv,6
2019-11-01,2019-10-01,130126.0,137213.34375,2,xgboost_change,cv,6
2019-12-01,2019-11-01,126547.0,130390.453125,2,xgboost_change,cv,6
2020-01-01,2019-12-01,127714.0,126467.65625,2,xgboost_change,cv,6
2020-02-01,2020-01-01,126836.0,128594.75,2,xgboost_change,cv,6
2020-03-01,2020-02-01,139824.0,127288.7890625,2,xgboost_change,cv,6
2020-04-01,2020-03-01,156466.0,141748.234375,2,xgboost_change,cv,6
2020-05-01,2020-04-01,140663.0,158056.65625,2,xgboost_change,cv,6
2020-06-01,2020-05-01,136483.0,139055.828125,2,xgboost_change,cv,6
2020-07-01,2020-06-01,140336.0,133884.6875,2,xgboost_change,cv,7
2020-08-01,2020-07-01,140141.0,141433.03125,2,xgboost_change,cv,7
2020-09-01,2020-08-01,140970.0,139716.65625,2,xgboost_change,cv,7
2020-10-01,2020-09-01,146472.0,141912.140625,2,xgboost_change,cv,7
2020-11-01,2020-10-01,148412.0,148547.265625,2,xgboost_change,cv,7
2020-12-01,2020-11-01,147225.0,149501.828125,2,xgboost_change,cv,7
2021-01-01,2020-12-01,136136.0,147963.828125,2,xgboost_change,cv,7
2021-02-01,2021-01-01,134483.0,135538.84375,2,xgboost_change,cv,7
2021-03-01,2021-02-01,127473.0,134866.796875,2,xgboost_change,cv,7
2021-04-01,2021-03-01,133881.0,126269.03125,2,xgboost_change,cv,7
2021-05-01,2021-04-01,134056.0,134106.375,2,xgboost_change,cv,7
2021-06-01,2021-05-01,124235.0,131766.34375,2,xgboost_change,cv,7
2021-07-01,2021-06-01,119009.0,121838.4609375,2,xgboost_change,cv,8
2021-08-01,2021-07-01,116402.0,118082.75,2,xgboost_change,cv,8
2021-09-01,2021-08-01,113164.0,116246.1640625,2,xgboost_change,cv,8
2021-10-01,2021-09-01,108697.0,113146.34375,2,xgboost_change,cv,8
2021-11-01,2021-10-01,114800.0,109009.8515625,2,xgboost_change,cv,8
2021-12-01,2021-11-01,117519.0,118084.1875,2,xgboost_change,cv,8
2022-01-01,2021-12-01,110478.0,119689.90625,2,xgboost_change,cv,8
2022-02-01,2022-01-01,102418.0,110636.6171875,2,xgboost_change,cv,8
2022-03-01,2022-02-01,106991.0,102562.3515625,2,xgboost_change,cv,8
2022-04-01,2022-03-01,105393.0,109391.8671875,2,xgboost_change,cv,8
2022-05-01,2022-04-01,103433.0,103444.6875,2,xgboost_change,cv,8
2022-06-01,2022-05-01,103711.0,101148.640625,2,xgboost_change,cv,8
2022-07-01,2022-06-01,108992.0,101577.8984375,2,xgboost_change,cv,9
2022-08-01,2022-07-01,106416.0,110038.78125,2,xgboost_change,cv,9
2022-09-01,2022-08-01,109108.0,105482.0,2,xgboost_change,cv,9
2022-10-01,2022-09-01,113699.0,109945.4296875,2,xgboost_change,cv,9
2022-11-01,2022-10-01,106829.0,115407.75,2,xgboost_change,cv,9
2022-12-01,2022-11-01,107006.0,105873.1171875,2,xgboost_change,cv,9
2023-01-01,2022-12-01,123976.0,107558.515625,2,xgboost_change,cv,9
2023-02-01,2023-01-01,127518.0,127080.421875,2,xgboost_change,cv,9
2023-03-01,2023-02-01,121224.0,129652.4921875,2,xgboost_change,cv,9
2023-04-01,2023-03-01,120647.0,120054.3828125,2,xgboost_change,cv,9
2023-05-01,2023-04-01,125119.0,119262.140625,2,xgboost_change,cv,9
2023-06-01,2023-05-01,126189.0,124356.625,2,xgboost_change,cv,9
2023-07-01,2023-06-01,118771.0,125229.2265625,2,xgboost_change,cv,10
2023-08-01,2023-07-01,109216.0,117249.3671875,2,xgboost_change,cv,10
2023-09-01,2023-08-01,104432.0,108748.6640625,2,xgboost_change,cv,10
2023-10-01,2023-09-01,105146.0,104909.1484375,2,xgboost_change,cv,10
2023-11-01,2023-10-01,110776.0,107333.5546875,2,xgboost_change,cv,10
2023-12-01,2023-11-01,116557.0,113429.1640625,2,xgboost_change,cv,10
2024-01-01,2023-12-01,109117.0,118749.5859375,2,xgboost_change,cv,10
2024-02-01,2024-01-01,117652.0,108624.5625,2,xgboost_change,cv,10
2024-03-01,2024-02-01,119599.0,120288.5703125,2,xgboost_change,cv,10
2024-04-01,2024-03-01,122265.0,119954.171875,2,xgboost_change,cv,10
2024-05-01,2024-04-01,116543.0,121879.828125,2,xgboost_change,cv,10
2024-06-01,2024-05-01,114321.0,114069.546875,2,xgboost_change,cv,10
2014-07-01,2014-06-01,81491.0,84132.63518041758,2,neural_network_change,cv,1
2014-08-01,2014-07-01,82048.0,79365.70573877197,2,neural_network_change,cv,1
2014-09-01,2014-08-01,86512.0,81648.38751068387,2,neural_network_change,cv,1
2014-10-01,2014-09-01,93374.0,87191.81918978313,2,neural_network_change,cv,1
2014-11-01,2014-10-01,98813.0,95175.06719178954,2,neural_network_change,cv,1
2014-12-01,2014-11-01,104555.0,100654.1339103822,2,neural_network_change,cv,1
2015-01-01,2014-12-01,116913.0,105118.14428393671,2,neural_network_change,cv,1
2015-02-01,2015-01-01,126655.0,118956.17861347143,2,neural_network_change,cv,1
2015-03-01,2015-02-01,139376.0,127976.66490969624,2,neural_network_change,cv,1
2015-04-01,2015-03-01,139444.0,140036.12379385057,2,neural_network_change,cv,1
2015-05-01,2015-04-01,135599.0,137707.68137923797,2,neural_network_change,cv,1
2015-06-01,2015-05-01,133942.0,132740.7903559082,2,neural_network_change,cv,1
2015-07-01,2015-06-01,133792.0,132379.95597283737,2,neural_network_change,cv,2
2015-08-01,2015-07-01,135307.0,132841.4007375335,2,neural_network_change,cv,2
2015-09-01,2015-08-01,127240.0,136290.35014101694,2,neural_network_change,cv,2
2015-10-01,2015-09-01,132906.0,126219.81131838764,2,neural_network_change,cv,2
2015-11-01,2015-10-01,142507.0,136217.77937299132,2,neural_network_change,cv,2
2015-12-01,2015-11-01,144504.0,146052.50404213087,2,neural_network_change,cv,2
2016-01-01,2015-12-01,145942.0,145408.77713776228,2,neural_network_change,cv,2
2016-02-01,2016-01-01,148304.0,145924.64431384124,2,neural_network_change,cv,2
2016-03-01,2016-02-01,150319.0,148327.1786692472,2,neural_network_change,cv,2
2016-04-01,2016-03-01,153620.0,149050.41211506622,2,neural_network_change,cv,2
2016-05-01,2016-04-01,151708.0,152698.7426517302,2,neural_network_change,cv,2
2016-06-01,2016-05-01,145355.0,149150.84265401977,2,neural_network_change,cv,2
2016-07-01,2016-06-01,147655.0,142333.58922044432,2,neural_network_change,cv,3
2016-08-01,2016-07-01,148120.0,145645.93474122664,2,neural_network_change,cv,3
2016-09-01,2016-08-01,143651.0,146672.10760744504,2,neural_network_change,cv,3
2016-10-01,2016-09-01,141439.0,142575.0736771799,2,neural_network_change,cv,3
2016-11-01,2016-10-01,149205.0,141525.57178759808,2,neural_network_change,cv,3
2016-12-01,2016-11-01,151751.0,153529.57498217473,2,neural_network_change,cv,3
2017-01-01,2016-12-01,150558.0,153161.8086070603,2,neural_network_change,cv,3
2017-02-01,2017-01-01,152242.0,150692.0611819538,2,neural_network_change,cv,3
2017-03-01,2017-02-01,156144.0,153732.71988790025,2,neural_network_change,cv,3
2017-04-01,2017-03-01,159074.0,156351.04026365248,2,neural_network_change,cv,3
2017-05-01,2017-04-01,157036.0,157852.87818197426,2,neural_network_change,cv,3
2017-06-01,2017-05-01,149105.0,154513.15905966106,2,neural_network_change,cv,3
2017-07-01,2017-06-01,144641.0,146085.58853318475,2,neural_network_change,cv,4
2017-08-01,2017-07-01,140560.0,142294.1353505218,2,neural_network_change,cv,4
2017-09-01,2017-08-01,149558.0,138851.04077888012,2,neural_network_change,cv,4
2017-10-01,2017-09-01,153828.0,152820.29440693252,2,neural_network_change,cv,4
2017-11-01,2017-10-01,142790.0,157349.74259594164,2,neural_network_change,cv,4
2017-12-01,2017-11-01,132031.0,142790.38282250497,2,neural_network_change,cv,4
2018-01-01,2017-12-01,118434.0,131684.8887431955,2,neural_network_change,cv,4
2018-02-01,2018-01-01,111232.0,117504.15903017871,2,neural_network_change,cv,4
2018-03-01,2018-02-01,122305.0,112037.98379587736,2,neural_network_change,cv,4
2018-04-01,2018-03-01,125576.0,125304.54586736896,2,neural_network_change,cv,4
2018-05-01,2018-04-01,123718.0,125408.67052681578,2,neural_network_change,cv,4
2018-06-01,2018-05-01,112849.0,121383.77355897172,2,neural_network_change,cv,4
2018-07-01,2018-06-01,107744.0,108912.02312171149,2,neural_network_change,cv,5
2018-08-01,2018-07-01,111093.0,105085.54212971652,2,neural_network_change,cv,5
2018-09-01,2018-08-01,113024.0,110799.68572632167,2,neural_network_change,cv,5
2018-10-01,2018-09-01,124368.0,114550.21750929853,2,neural_network_change,cv,5
2018-11-01,2018-10-01,129427.0,131928.05285220497,2,neural_network_change,cv,5
2018-12-01,2018-11-01,132102.0,132645.26798905773,2,neural_network_change,cv,5
2019-01-01,2018-12-01,133648.0,133695.5547814547,2,neural_network_change,cv,5
2019-02-01,2019-01-01,138140.0,134773.29569489037,2,neural_network_change,cv,5
2019-03-01,2019-02-01,138437.0,141631.65386233357,2,neural_network_change,cv,5
2019-04-01,2019-03-01,137310.0,138131.2490992828,2,neural_network_change,cv,5
2019-05-01,2019-04-01,143617.0,135509.0659622963,2,neural_network_change,cv,5
2019-06-01,2019-05-01,142220.0,144048.3904039762,2,neural_network_change,cv,5
2019-07-01,2019-06-01,134881.0,140636.6600185693,2,neural_network_change,cv,6
2019-08-01,2019-07-01,125698.0,133146.65671606583,2,neural_network_change,cv,6
2019-09-01,2019-08-01,128143.0,124265.3163906994,2,neural_network_change,cv,6
2019-10-01,2019-09-01,134781.0,130242.1992392883,2,neural_network_change,cv,6
2019-11-01,2019-10-01,130126.0,139195.30258133807,2,neural_network_change,cv,6
2019-12-01,2019-11-01,126547.0,130158.99556513195,2,neural_network_change,cv,6
2020-01-01,2019-12-01,127714.0,127365.5940226267,2,neural_network_change,cv,6
2020-02-01,2020-01-01,126836.0,129119.39068377786,2,neural_network_change,cv,6
2020-03-01,2020-02-01,139824.0,127917.1762917836,2,neural_network_change,cv,6
2020-04-01,2020-03-01,156466.0,144440.12919618073,2,neural_network_change,cv,6
2020-05-01,2020-04-01,140663.0,162723.3358343226,2,neural_network_change,cv,6
2020-06-01,2020-05-01,136483.0,136379.361550039,2,neural_network_change,cv,6
2020-07-01,2020-06-01,140336.0,133597.9516779819,2,neural_network_change,cv,7
2020-08-01,2020-07-01,140141.0,139417.24103695975,2,neural_network_change,cv,7
2020-09-01,2020-08-01,140970.0,139493.48760224725,2,neural_network_change,cv,7
2020-10-01,2020-09-01,146472.0,142080.81027478617,2,neural_network_change,cv,7
2020-11-01,2020-10-01,148412.0,148831.4259097126,2,neural_network_change,cv,7
2020-12-01,2020-11-01,147225.0,150059.2146766053,2,neural_network_change,cv,7
2021-01-01,2020-12-01,136136.0,148156.84538455273,2,neural_network_change,cv,7
2021-02-01,2021-01-01,134483.0,133662.88481330808,2,neural_network_change,cv,7
2021-03-01,2021-02-01,127473.0,135511.5421612893,2,neural_network_change,cv,7
2021-04-01,2021-03-01,133881.0,126115.26379267931,2,neural_network_change,cv,7
2021-05-01,2021-04-01,134056.0,134028.9397341116,2,neural_network_change,cv,7
2021-06-01,2021-05-01,124235.0,131702.90753236818,2,neural_network_change,cv,7
2021-07-01,2021-06-01,119009.0,120429.21006570688,2,neural_network_change,cv,8
2021-08-01,2021-07-01,116402.0,116435.58862644318,2,neural_network_change,cv,8
2021-09-01,2021-08-01,113164.0,116024.55020644698,2,neural_network_change,cv,8
2021-10-01,2021-09-01,108697.0,113197.72131302187,2,neural_network_change,cv,8
2021-11-01,2021-10-01,114800.0,108511.55217884816,2,neural_network_change,cv,8
2021-12-01,2021-11-01,117519.0,117627.29955584065,2,neural_network_change,cv,8
2022-01-01,2021-12-01,110478.0,118997.64686549063,2,neural_network_change,cv,8
2022-02-01,2022-01-01,102418.0,108625.34885299156,2,neural_network_change,cv,8
2022-03-01,2022-02-01,106991.0,101510.31756722472,2,neural_network_change,cv,8
2022-04-01,2022-03-01,105393.0,108962.93965930594,2,neural_network_change,cv,8
2022-05-01,2022-04-01,103433.0,104758.34229030278,2,neural_network_change,cv,8
2022-06-01,2022-05-01,103711.0,102392.99959366198,2,neural_network_change,cv,8
2022-07-01,2022-06-01,108992.0,103015.55287509026,2,neural_network_change,cv,9
2022-08-01,2022-07-01,106416.0,108668.97807113267,2,neural_network_change,cv,9
2022-09-01,2022-08-01,109108.0,105369.26892572266,2,neural_network_change,cv,9
2022-10-01,2022-09-01,113699.0,106554.8891239677,2,neural_network_change,cv,9
2022-11-01,2022-10-01,106829.0,115660.12059312395,2,neural_network_change,cv,9
2022-12-01,2022-11-01,107006.0,106734.75063092052,2,neural_network_change,cv,9
2023-01-01,2022-12-01,123976.0,109638.87807373647,2,neural_network_change,cv,9
2023-02-01,2023-01-01,127518.0,129325.54760369856,2,neural_network_change,cv,9
2023-03-01,2023-02-01,121224.0,129814.05558525909,2,neural_network_change,cv,9
2023-04-01,2023-03-01,120647.0,120973.2764795791,2,neural_network_change,cv,9
2023-05-01,2023-04-01,125119.0,120350.00028295703,2,neural_network_change,cv,9
2023-06-01,2023-05-01,126189.0,124497.81136103232,2,neural_network_change,cv,9
2023-07-01,2023-06-01,118771.0,124249.81749365765,2,neural_network_change,cv,10
2023-08-01,2023-07-01,109216.0,115713.71581501466,2,neural_network_change,cv,10
2023-09-01,2023-08-01,104432.0,108731.02729103567,2,neural_network_change,cv,10
2023-10-01,2023-09-01,105146.0,106895.43822329171,2,neural_network_change,cv,10
2023-11-01,2023-10-01,110776.0,107650.0093083201,2,neural_network_change,cv,10
2023-12-01,2023-11-01,116557.0,113846.26173520305,2,neural_network_change,cv,10
2024-01-01,2023-12-01,109117.0,117541.640522448,2,neural_network_change,cv,10
2024-02-01,2024-01-01,117652.0,111830.97190230986,2,neural_network_change,cv,10
2024-03-01,2024-02-01,119599.0,121437.35840679276,2,neural_network_change,cv,10
2024-04-01,2024-03-01,122265.0,121829.62585239428,2,neural_network_change,cv,10
2024-05-01,2024-04-01,116543.0,123154.36009454048,2,neural_network_change,cv,10
2024-06-01,2024-05-01,114321.0,115400.37825738436,2,neural_network_change,cv,10
2014-07-01,2014-06-01,81491.0,84576.01176913551,2,rolling_ridge_change,cv,1
2014-08-01,2014-07-01,82048.0,79990.51244879673,2,rolling_ridge_change,cv,1
2014-09-01,2014-08-01,86512.0,81366.27155485743,2,rolling_ridge_change,cv,1
2014-10-01,2014-09-01,93374.0,86466.66938102807,2,rolling_ridge_change,cv,1
2014-11-01,2014-10-01,98813.0,93927.96071994693,2,rolling_ridge_change,cv,1
2014-12-01,2014-11-01,104555.0,99457.29026580522,2,rolling_ridge_change,cv,1
2015-01-01,2014-12-01,116913.0,104457.87460438254,2,rolling_ridge_change,cv,1
2015-02-01,2015-01-01,126655.0,117795.59696053382,2,rolling_ridge_change,cv,1
2015-03-01,2015-02-01,139376.0,127047.62183984162,2,rolling_ridge_change,cv,1
2015-04-01,2015-03-01,139444.0,139153.6690137871,2,rolling_ridge_change,cv,1
2015-05-01,2015-04-01,135599.0,137635.80789237676,2,rolling_ridge_change,cv,1
2015-06-01,2015-05-01,133942.0,132961.40600673857,2,rolling_ridge_change,cv,1
2015-07-01,2015-06-01,133792.0,133959.53607445542,2,rolling_ridge_change,cv,2
2015-08-01,2015-07-01,135307.0,134213.7449446942,2,rolling_ridge_change,cv,2
2015-09-01,2015-08-01,127240.0,136799.83144898148,2,rolling_ridge_change,cv,2
2015-10-01,2015-09-01,132906.0,127464.24919390376,2,rolling_ridge_change,cv,2
2015-11-01,2015-10-01,142507.0,135108.9096748029,2,rolling_ridge_change,cv,2
2015-12-01,2015-11-01,144504.0,145157.31329861857,2,rolling_ridge_change,cv,2
2016-01-01,2015-12-01,145942.0,146170.82540903712,2,rolling_ridge_change,cv,2
2016-02-01,2016-01-01,148304.0,146956.8685503103,2,rolling_ridge_change,cv,2
2016-03-01,2016-02-01,150319.0,149122.37156623753,2,rolling_ridge_change,cv,2
2016-04-01,2016-03-01,153620.0,150236.7032589619,2,rolling_ridge_change,cv,2
2016-05-01,2016-04-01,151708.0,153577.39210347846,2,rolling_ridge_change,cv,2
2016-06-01,2016-05-01,145355.0,150800.95214971373,2,rolling_ridge_change,cv,2
2016-07-01,2016-06-01,147655.0,143704.10480799447,2,rolling_ridge_change,cv,3
2016-08-01,2016-07-01,148120.0,147339.89593805792,2,rolling_ridge_change,cv,3
2016-09-01,2016-08-01,143651.0,148414.3160250107,2,rolling_ridge_change,cv,3
2016-10-01,2016-09-01,141439.0,143794.16982599732,2,rolling_ridge_change,cv,3
2016-11-01,2016-10-01,149205.0,142343.87159629323,2,rolling_ridge_change,cv,3
2016-12-01,2016-11-01,151751.0,152662.4934170531,2,rolling_ridge_change,cv,3
2017-01-01,2016-12-01,150558.0,153849.36383146455,2,rolling_ridge_change,cv,3
2017-02-01,2017-01-01,152242.0,152185.27221197626,2,rolling_ridge_change,cv,3
2017-03-01,2017-02-01,156144.0,154009.72074834548,2,rolling_ridge_change,cv,3
2017-04-01,2017-03-01,159074.0,157440.66289177423,2,rolling_ridge_change,cv,3
2017-05-01,2017-04-01,157036.0,159597.4561933381,2,rolling_ridge_change,cv,3
2017-06-01,2017-05-01,149105.0,156628.33331751166,2,rolling_ridge_change,cv,3
2017-07-01,2017-06-01,144641.0,147146.9221179458,2,rolling_ridge_change,cv,4
2017-08-01,2017-07-01,140560.0,143589.02252034415,2,rolling_ridge_change,cv,4
2017-09-01,2017-08-01,149558.0,139994.8419624355,2,rolling_ridge_change,cv,4
2017-10-01,2017-09-01,153828.0,151681.99954816457,2,rolling_ridge_change,cv,4
2017-11-01,2017-10-01,142790.0,156630.82821262066,2,rolling_ridge_change,cv,4
2017-12-01,2017-11-01,132031.0,143594.8663423143,2,rolling_ridge_change,cv,4
2018-01-01,2017-12-01,118434.0,132711.43913595277,2,rolling_ridge_change,cv,4
2018-02-01,2018-01-01,111232.0,118871.4284782027,2,rolling_ridge_change,cv,4
2018-03-01,2018-02-01,122305.0,112050.34356124875,2,rolling_ridge_change,cv,4
2018-04-01,2018-03-01,125576.0,124149.24689631535,2,rolling_ridge_change,cv,4
2018-05-01,2018-04-01,123718.0,125940.88215308238,2,rolling_ridge_change,cv,4
2018-06-01,2018-05-01,112849.0,123139.70206099517,2,rolling_ridge_change,cv,4
2018-07-01,2018-06-01,107744.0,109530.2903786905,2,rolling_ridge_change,cv,5
2018-08-01,2018-07-01,111093.0,105866.73729004749,2,rolling_ridge_change,cv,5
2018-09-01,2018-08-01,113024.0,110692.2965563657,2,rolling_ridge_change,cv,5
2018-10-01,2018-09-01,124368.0,113691.28172358041,2,rolling_ridge_change,cv,5
2018-11-01,2018-10-01,129427.0,127546.38165108919,2,rolling_ridge_change,cv,5
2018-12-01,2018-11-01,132102.0,130754.500851368,2,rolling_ridge_change,cv,5
2019-01-01,2018-12-01,133648.0,132746.38530988013,2,rolling_ridge_change,cv,5
2019-02-01,2019-01-01,138140.0,133966.3775983207,2,rolling_ridge_change,cv,5
2019-03-01,2019-02-01,138437.0,139743.3987419636,2,rolling_ridge_change,cv,5
2019-04-01,2019-03-01,137310.0,138333.01687977547,2,rolling_ridge_change,cv,5
2019-05-01,2019-04-01,143617.0,136461.1073802003,2,rolling_ridge_change,cv,5
2019-06-01,2019-05-01,142220.0,144187.79607043185,2,rolling_ridge_change,cv,5
2019-07-01,2019-06-01,134881.0,141420.01526837563,2,rolling_ridge_change,cv,6
2019-08-01,2019-07-01,125698.0,132450.9574384086,2,rolling_ridge_change,cv,6
2019-09-01,2019-08-01,128143.0,123945.91869394477,2,rolling_ridge_change,cv,6
2019-10-01,2019-09-01,134781.0,129097.57389252518,2,rolling_ridge_change,cv,6
2019-11-01,2019-10-01,130126.0,136685.4528377196,2,rolling_ridge_change,cv,6
2019-12-01,2019-11-01,126547.0,131101.31246152864,2,rolling_ridge_change,cv,6
2020-01-01,2019-12-01,127714.0,126336.84645871326,2,rolling_ridge_change,cv,6
2020-02-01,2020-01-01,126836.0,128548.35449741651,2,rolling_ridge_change,cv,6
2020-03-01,2020-02-01,139824.0,127735.0079567858,2,rolling_ridge_change,cv,6
2020-04-01,2020-03-01,156466.0,142170.65100670067,2,rolling_ridge_change,cv,6
2020-05-01,2020-04-01,140663.0,159965.32847376924,2,rolling_ridge_change,cv,6
2020-06-01,2020-05-01,136483.0,139515.57129758236,2,rolling_ridge_change,cv,6
2020-07-01,2020-06-01,140336.0,136160.366774082,2,rolling_ridge_change,cv,7
2020-08-01,2020-07-01,140141.0,140344.74408664886,2,rolling_ridge_change,cv,7
2020-09-01,2020-08-01,140970.0,139873.48433939074,2,rolling_ridge_change,cv,7
2020-10-01,2020-09-01,146472.0,140956.78465365915,2,rolling_ridge_change,cv,7
2020-11-01,2020-10-01,148412.0,147164.50143186236,2,rolling_ridge_change,cv,7
2020-12-01,2020-11-01,147225.0,148759.70020597323,2,rolling_ridge_change,cv,7
2021-01-01,2020-12-01,136136.0,147403.8415232207,2,rolling_ridge_change,cv,7
2021-02-01,2021-01-01,134483.0,136072.8851157365,2,rolling_ridge_change,cv,7
2021-03-01,2021-02-01,127473.0,135631.16039633652,2,rolling_ridge_change,cv,7
2021-04-01,2021-03-01,133881.0,127244.78418217767,2,rolling_ridge_change,cv,7
2021-05-01,2021-04-01,134056.0,135084.60903642885,2,rolling_ridge_change,cv,7
2021-06-01,2021-05-01,124235.0,134064.43098131797,2,rolling_ridge_change,cv,7
2021-07-01,2021-06-01,119009.0,123145.85854203478,2,rolling_ridge_change,cv,8
2021-08-01,2021-07-01,116402.0,118620.00443124074,2,rolling_ridge_change,cv,8
2021-09-01,2021-08-01,113164.0,116764.35462626112,2,rolling_ridge_change,cv,8
2021-10-01,2021-09-01,108697.0,113757.26765487409,2,rolling_ridge_change,cv,8
2021-11-01,2021-10-01,114800.0,109356.21836107246,2,rolling_ridge_change,cv,8
2021-12-01,2021-11-01,117519.0,115987.72083313549,2,rolling_ridge_change,cv,8
2022-01-01,2021-12-01,110478.0,118094.51923761328,2,rolling_ridge_change,cv,8
2022-02-01,2022-01-01,102418.0,110426.17869012326,2,rolling_ridge_change,cv,8
2022-03-01,2022-02-01,106991.0,103001.65026521456,2,rolling_ridge_change,cv,8
2022-04-01,2022-03-01,105393.0,108136.36327254323,2,rolling_ridge_change,cv,8
2022-05-01,2022-04-01,103433.0,106092.1918688355,2,rolling_ridge_change,cv,8
2022-06-01,2022-05-01,103711.0,104060.33756869928,2,rolling_ridge_change,cv,8
2022-07-01,2022-06-01,108992.0,103614.84925451077,2,rolling_ridge_change,cv,9
2022-08-01,2022-07-01,106416.0,108858.81454276685,2,rolling_ridge_change,cv,9
2022-09-01,2022-08-01,109108.0,105730.04810428861,2,rolling_ridge_change,cv,9
2022-10-01,2022-09-01,113699.0,108615.00664978249,2,rolling_ridge_change,cv,9
2022-11-01,2022-10-01,106829.0,113653.94963701871,2,rolling_ridge_change,cv,9
2022-12-01,2022-11-01,107006.0,106297.39368925616,2,rolling_ridge_change,cv,9
2023-01-01,2022-12-01,123976.0,107084.73006605715,2,rolling_ridge_change,cv,9
2023-02-01,2023-01-01,127518.0,124473.5880737967,2,rolling_ridge_change,cv,9
2023-03-01,2023-02-01,121224.0,126985.15934764306,2,rolling_ridge_change,cv,9
2023-04-01,2023-03-01,120647.0,120184.82456060841,2,rolling_ridge_change,cv,9
2023-05-01,2023-04-01,125119.0,120224.38032516898,2,rolling_ridge_change,cv,9
2023-06-01,2023-05-01,126189.0,124338.71707669373,2,rolling_ridge_change,cv,9
2023-07-01,2023-06-01,118771.0,125776.26383275722,2,rolling_ridge_change,cv,10
2023-08-01,2023-07-01,109216.0,118722.11991574886,2,rolling_ridge_change,cv,10
2023-09-01,2023-08-01,104432.0,110011.118181053,2,rolling_ridge_change,cv,10
2023-10-01,2023-09-01,105146.0,106206.72484859439,2,rolling_ridge_change,cv,10
2023-11-01,2023-10-01,110776.0,106657.94221857308,2,rolling_ridge_change,cv,10
2023-12-01,2023-11-01,116557.0,111873.7368585809,2,rolling_ridge_change,cv,10
2024-01-01,2023-12-01,109117.0,117648.65807094511,2,rolling_ridge_change,cv,10
2024-02-01,2024-01-01,117652.0,110039.19930026613,2,rolling_ridge_change,cv,10
2024-03-01,2024-02-01,119599.0,120119.96836831592,2,rolling_ridge_change,cv,10
2024-04-01,2024-03-01,122265.0,120677.72003784752,2,rolling_ridge_change,cv,10
2024-05-01,2024-04-01,116543.0,122995.50388505092,2,rolling_ridge_change,cv,10
2024-06-01,2024-05-01,114321.0,116560.49403256881,2,rolling_ridge_change,cv,10
2014-07-01,2014-06-01,81491.0,85121.19599697574,2,damped_ridge_change,cv,1
2014-08-01,2014-07-01,82048.0,80656.99632323463,2,damped_ridge_change,cv,1
2014-09-01,2014-08-01,86512.0,81771.79881101559,2,damped_ridge_change,cv,1
2014-10-01,2014-09-01,93374.0,86701.91721529423,2,damped_ridge_change,cv,1
2014-11-01,2014-10-01,98813.0,93914.23686242924,2,damped_ridge_change,cv,1
2014-12-01,2014-11-01,104555.0,99382.11952698659,2,damped_ridge_change,cv,1
2015-01-01,2014-12-01,116913.0,104816.30769051526,2,damped_ridge_change,cv,1
2015-02-01,2015-01-01,126655.0,117697.77538153787,2,damped_ridge_change,cv,1
2015-03-01,2015-02-01,139376.0,127108.68170028267,2,damped_ridge_change,cv,1
2015-04-01,2015-03-01,139444.0,139572.13873302334,2,damped_ridge_change,cv,1
2015-05-01,2015-04-01,135599.0,138640.8701065928,2,damped_ridge_change,cv,1
2015-06-01,2015-05-01,133942.0,134291.71280156338,2,damped_ridge_change,cv,1
2015-07-01,2015-06-01,133792.0,133763.37434085202,2,damped_ridge_change,cv,2
2015-08-01,2015-07-01,135307.0,133775.16346751075,2,damped_ridge_change,cv,2
2015-09-01,2015-08-01,127240.0,135899.2957874363,2,damped_ridge_change,cv,2
2015-10-01,2015-09-01,132906.0,127183.07290032871,2,damped_ridge_change,cv,2
2015-11-01,2015-10-01,142507.0,134184.3176961224,2,damped_ridge_change,cv,2
2015-12-01,2015-11-01,144504.0,143965.73550001965,2,damped_ridge_change,cv,2
2016-01-01,2015-12-01,145942.0,145406.04732259482,2,damped_ridge_change,cv,2
2016-02-01,2016-01-01,148304.0,146499.09872956938,2,damped_ridge_change,cv,2
2016-03-01,2016-02-01,150319.0,148931.09195999434,2,damped_ridge_change,cv,2
2016-04-01,2016-03-01,153620.0,150457.14374145525,2,damped_ridge_change,cv,2
2016-05-01,2016-04-01,151708.0,153848.43010322488,2,damped_ridge_change,cv,2
2016-06-01,2016-05-01,145355.0,151341.74962609392,2,damped_ridge_change,cv,2
2016-07-01,2016-06-01,147655.0,144413.43341278218,2,damped_ridge_change,cv,3
2016-08-01,2016-07-01,148120.0,147506.95399436547,2,damped_ridge_change,cv,3
2016-09-01,2016-08-01,143651.0,148192.0214050645,2,damped_ridge_change,cv,3
2016-10-01,2016-09-01,141439.0,143706.23031795296,2,damped_ridge_change,cv,3
2016-11-01,2016-10-01,149205.0,141908.7126046491,2,damped_ridge_change,cv,3
2016-12-01,2016-11-01,151751.0,151063.5436296057,2,damped_ridge_change,cv,3
2017-01-01,2016-12-01,150558.0,152847.2453537882,2,damped_ridge_change,cv,3
2017-02-01,2017-01-01,152242.0,151285.84706796013,2,damped_ridge_change,cv,3
2017-03-01,2017-02-01,156144.0,153210.57775634073,2,damped_ridge_change,cv,3
2017-04-01,2017-03-01,159074.0,156786.0903903989,2,damped_ridge_change,cv,3
2017-05-01,2017-04-01,157036.0,159282.85084938674,2,damped_ridge_change,cv,3
2017-06-01,2017-05-01,149105.0,156677.474554718,2,damped_ridge_change,cv,3
2017-07-01,2017-06-01,144641.0,147825.9877573862,2,damped_ridge_change,cv,4
2017-08-01,2017-07-01,140560.0,143812.58504185412,2,damped_ridge_change,cv,4
2017-09-01,2017-08-01,149558.0,140060.56925075036,2,damped_ridge_change,cv,4
2017-10-01,2017-09-01,153828.0,150718.53841111306,2,damped_ridge_change,cv,4
2017-11-01,2017-10-01,142790.0,154990.97680214117,2,damped_ridge_change,cv,4
2017-12-01,2017-11-01,132031.0,142692.6564731045,2,damped_ridge_change,cv,4
2018-01-01,2017-12-01,118434.0,131885.08144302343,2,damped_ridge_change,cv,4
2018-02-01,2018-01-01,111232.0,117991.44803399748,2,damped_ridge_change,cv,4
2018-03-01,2018-02-01,122305.0,111363.4318070672,2,damped_ridge_change,cv,4
2018-04-01,2018-03-01,125576.0,123342.10150267505,2,damped_ridge_change,cv,4
2018-05-01,2018-04-01,123718.0,125611.48499435505,2,damped_ridge_change,cv,4
2018-06-01,2018-05-01,112849.0,123011.15941822458,2,damped_ridge_change,cv,4
2018-07-01,2018-06-01,107744.0,110984.33754641432,2,damped_ridge_change,cv,5
2018-08-01,2018-07-01,111093.0,106613.58044529501,2,damped_ridge_change,cv,5
2018-09-01,2018-08-01,113024.0,110979.08394803652,2,damped_ridge_change,cv,5
2018-10-01,2018-09-01,124368.0,113417.35529221444,2,damped_ridge_change,cv,5
2018-11-01,2018-10-01,129427.0,126261.55975734584,2,damped_ridge_change,cv,5
2018-12-01,2018-11-01,132102.0,130358.34227636983,2,damped_ridge_change,cv,5
2019-01-01,2018-12-01,133648.0,132605.03473217404,2,damped_ridge_change,cv,5
2019-02-01,2019-01-01,138140.0,133975.9068368673,2,damped_ridge_change,cv,5
2019-03-01,2019-02-01,138437.0,139013.39463998892,2,damped_ridge_change,cv,5
2019-04-01,2019-03-01,137310.0,138342.09669563363,2,damped_ridge_change,cv,5
2019-05-01,2019-04-01,143617.0,136763.25168439245,2,damped_ridge_change,cv,5
2019-06-01,2019-05-01,142220.0,143832.67145810166,2,damped_ridge_change,cv,5
2019-07-01,2019-06-01,134881.0,141688.2604967626,2,damped_ridge_change,cv,6
2019-08-01,2019-07-01,125698.0,133820.4074055681,2,damped_ridge_change,cv,6
2019-09-01,2019-08-01,128143.0,124655.25013797716,2,damped_ridge_change,cv,6
2019-10-01,2019-09-01,134781.0,128777.42076122228,2,damped_ridge_change,cv,6
2019-11-01,2019-10-01,130126.0,136131.18027769774,2,damped_ridge_change,cv,6
2019-12-01,2019-11-01,126547.0,130251.99329397379,2,damped_ridge_change,cv,6
2020-01-01,2019-12-01,127714.0,126814.1304804437,2,damped_ridge_change,cv,6
2020-02-01,2020-01-01,126836.0,128231.20367595513,2,damped_ridge_change,cv,6
2020-03-01,2020-02-01,139824.0,127169.29746083972,2,damped_ridge_change,cv,6
2020-04-01,2020-03-01,156466.0,141276.71645196807,2,damped_ridge_change,cv,6
2020-05-01,2020-04-01,140663.0,158378.5537856248,2,damped_ridge_change,cv,6
2020-06-01,2020-05-01,136483.0,138711.76825648668,2,damped_ridge_change,cv,6
2020-07-01,2020-06-01,140336.0,135587.80264796628,2,damped_ridge_change,cv,7
2020-08-01,2020-07-01,140141.0,140186.84962201407,2,damped_ridge_change,cv,7
2020-09-01,2020-08-01,140970.0,139894.84752311485,2,damped_ridge_change,cv,7
2020-10-01,2020-09-01,146472.0,141177.15946594285,2,damped_ridge_change,cv,7
2020-11-01,2020-10-01,148412.0,147331.8076741174,2,damped_ridge_change,cv,7
2020-12-01,2020-11-01,147225.0,149154.56033702573,2,damped_ridge_change,cv,7
2021-01-01,2020-12-01,136136.0,147736.2137389978,2,damped_ridge_change,cv,7
2021-02-01,2021-01-01,134483.0,135665.61623872246,2,damped_ridge_change,cv,7
2021-03-01,2021-02-01,127473.0,134658.24292669748,2,damped_ridge_change,cv,7
2021-04-01,2021-03-01,133881.0,126775.8156554957,2,damped_ridge_change,cv,7
2021-05-01,2021-04-01,134056.0,134082.89491906314,2,damped_ridge_change,cv,7
2021-06-01,2021-05-01,124235.0,133431.61981419058,2,damped_ridge_change,cv,7
2021-07-01,2021-06-01,119009.0,122814.49911349756,2,damped_ridge_change,cv,8
2021-08-01,2021-07-01,116402.0,118123.69284057444,2,damped_ridge_change,cv,8
2021-09-01,2021-08-01,113164.0,116067.86991857538,2,damped_ridge_change,cv,8
2021-10-01,2021-09-01,108697.0,113088.7130400944,2,damped_ridge_change,cv,8
2021-11-01,2021-10-01,114800.0,108792.06815692339,2,damped_ridge_change,cv,8
2021-12-01,2021-11-01,117519.0,115920.48624313793,2,damped_ridge_change,cv,8
2022-01-01,2021-12-01,110478.0,118319.98860574386,2,damped_ridge_change,cv,8
2022-02-01,2022-01-01,102418.0,110303.7018199555,2,damped_ridge_change,cv,8
2022-03-01,2022-02-01,106991.0,102104.60788703446,2,damped_ridge_change,cv,8
2022-04-01,2022-03-01,105393.0,107454.1077470229,2,damped_ridge_change,cv,8
2022-05-01,2022-04-01,103433.0,105049.14926150594,2,damped_ridge_change,cv,8
2022-06-01,2022-05-01,103711.0,102925.75644993612,2,damped_ridge_change,cv,8
2022-07-01,2022-06-01,108992.0,103358.67662001874,2,damped_ridge_change,cv,9
2022-08-01,2022-07-01,106416.0,108866.70791862154,2,damped_ridge_change,cv,9
2022-09-01,2022-08-01,109108.0,105909.96964601788,2,damped_ridge_change,cv,9
2022-10-01,2022-09-01,113699.0,108833.30868340167,2,damped_ridge_change,cv,9
2022-11-01,2022-10-01,106829.0,114454.06865994236,2,damped_ridge_change,cv,9
2022-12-01,2022-11-01,107006.0,106933.56921802122,2,damped_ridge_change,cv,9
2023-01-01,2022-12-01,123976.0,108014.15731486837,2,damped_ridge_change,cv,9
2023-02-01,2023-01-01,127518.0,126145.50294476633,2,damped_ridge_change,cv,9
2023-03-01,2023-02-01,121224.0,128373.39742932323,2,damped_ridge_change,cv,9
2023-04-01,2023-03-01,120647.0,121151.89800251476,2,damped_ridge_change,cv,9
2023-05-01,2023-04-01,125119.0,120921.2068646563,2,damped_ridge_change,cv,9
2023-06-01,2023-05-01,126189.0,125027.9153313774,2,damped_ridge_change,cv,9
2023-07-01,2023-06-01,118771.0,125782.752670356,2,damped_ridge_change,cv,10
2023-08-01,2023-07-01,109216.0,118028.45674129315,2,damped_ridge_change,cv,10
2023-09-01,2023-08-01,104432.0,108924.12164223111,2,damped_ridge_change,cv,10
2023-10-01,2023-09-01,105146.0,105074.0679730553,2,damped_ridge_change,cv,10
2023-11-01,2023-10-01,110776.0,106070.18830409479,2,damped_ridge_change,cv,10
2023-12-01,2023-11-01,116557.0,111953.66761558832,2,damped_ridge_change,cv,10
2024-01-01,2023-12-01,109117.0,117542.12882468975,2,damped_ridge_change,cv,10
2024-02-01,2024-01-01,117652.0,109504.60921179043,2,damped_ridge_change,cv,10
2024-03-01,2024-02-01,119599.0,120039.9286494101,2,damped_ridge_change,cv,10
2024-04-01,2024-03-01,122265.0,120292.81723384252,2,damped_ridge_change,cv,10
2024-05-01,2024-04-01,116543.0,122893.26722009001,2,damped_ridge_change,cv,10
2024-06-01,2024-05-01,114321.0,115974.9105614041,2,damped_ridge_change,cv,10
2014-07-01,2014-06-01,81491.0,84504.80725612675,2,ensemble_change,cv,1
2014-08-01,2014-07-01,82048.0,79934.56546419332,2,ensemble_change,cv,1
2014-09-01,2014-08-01,86512.0,81319.77061783709,2,ensemble_change,cv,1
2014-10-01,2014-09-01,93374.0,87258.48017492316,2,ensemble_change,cv,1
2014-11-01,2014-10-01,98813.0,94589.34538952878,2,ensemble_change,cv,1
2014-12-01,2014-11-01,104555.0,100022.73654686847,2,ensemble_change,cv,1
2015-01-01,2014-12-01,116913.0,105549.14807808874,2,ensemble_change,cv,1
2015-02-01,2015-01-01,126655.0,117978.90138446806,2,ensemble_change,cv,1
2015-03-01,2015-02-01,139376.0,127458.48645699065,2,ensemble_change,cv,1
2015-04-01,2015-03-01,139444.0,139731.142828958,2,ensemble_change,cv,1
2015-05-01,2015-04-01,135599.0,138223.87616166443,2,ensemble_change,cv,1
2015-06-01,2015-05-01,133942.0,133892.8765184387,2,ensemble_change,cv,1
2015-07-01,2015-06-01,133792.0,133010.0301256929,2,ensemble_change,cv,2
2015-08-01,2015-07-01,135307.0,132981.9626391596,2,ensemble_change,cv,2
2015-09-01,2015-08-01,127240.0,135428.30185529916,2,ensemble_change,cv,2
2015-10-01,2015-09-01,132906.0,127581.47011685614,2,ensemble_change,cv,2
2015-11-01,2015-10-01,142507.0,136475.83190769175,2,ensemble_change,cv,2
2015-12-01,2015-11-01,144504.0,145964.22669660804,2,ensemble_change,cv,2
2016-01-01,2015-12-01,145942.0,145543.4293293642,2,ensemble_change,cv,2
2016-02-01,2016-01-01,148304.0,146680.9682454521,2,ensemble_change,cv,2
2016-03-01,2016-02-01,150319.0,148973.93207230695,2,ensemble_change,cv,2
2016-04-01,2016-03-01,153620.0,149499.30251476364,2,ensemble_change,cv,2
2016-05-01,2016-04-01,151708.0,154241.24441014734,2,ensemble_change,cv,2
2016-06-01,2016-05-01,145355.0,150604.06123224038,2,ensemble_change,cv,2
2016-07-01,2016-06-01,147655.0,143478.27204006314,2,ensemble_change,cv,3
2016-08-01,2016-07-01,148120.0,146805.0261560379,2,ensemble_change,cv,3
2016-09-01,2016-08-01,143651.0,147448.51677387397,2,ensemble_change,cv,3
2016-10-01,2016-09-01,141439.0,144294.57688640212,2,ensemble_change,cv,3
2016-11-01,2016-10-01,149205.0,142577.52692212578,2,ensemble_change,cv,3
2016-12-01,2016-11-01,151751.0,153263.1881441457,2,ensemble_change,cv,3
2017-01-01,2016-12-01,150558.0,153342.2977275185,2,ensemble_change,cv,3
2017-02-01,2017-01-01,152242.0,151622.77032068608,2,ensemble_change,cv,3
2017-03-01,2017-02-01,156144.0,153504.68926224104,2,ensemble_change,cv,3
2017-04-01,2017-03-01,159074.0,158062.39279193082,2,ensemble_change,cv,3
2017-05-01,2017-04-01,157036.0,158367.02172904872,2,ensemble_change,cv,3
2017-06-01,2017-05-01,149105.0,155728.21817522665,2,ensemble_change,cv,3
2017-07-01,2017-06-01,144641.0,146983.35702139887,2,ensemble_change,cv,4
2017-08-01,2017-07-01,140560.0,143055.17737284128,2,ensemble_change,cv,4
2017-09-01,2017-08-01,149558.0,139189.94798616448,2,ensemble_change,cv,4
2017-10-01,2017-09-01,153828.0,152909.60192416157,2,ensemble_change,cv,4
2017-11-01,2017-10-01,142790.0,157443.92921435367,2,ensemble_change,cv,4
2017-12-01,2017-11-01,132031.0,143764.06089582562,2,ensemble_change,cv,4
2018-01-01,2017-12-01,118434.0,132918.11604999186,2,ensemble_change,cv,4
2018-02-01,2018-01-01,111232.0,119008.99723003828,2,ensemble_change,cv,4
2018-03-01,2018-02-01,122305.0,112149.00331671917,2,ensemble_change,cv,4
2018-04-01,2018-03-01,125576.0,124659.18376326875,2,ensemble_change,cv,4
2018-05-01,2018-04-01,123718.0,124959.70127479782,2,ensemble_change,cv,4
2018-06-01,2018-05-01,112849.0,122129.58338665478,2,ensemble_change,cv,4
2018-07-01,2018-06-01,107744.0,109582.90676931063,2,ensemble_change,cv,5
2018-08-01,2018-07-01,111093.0,105242.38243909145,2,ensemble_change,cv,5
2018-09-01,2018-08-01,113024.0,111096.42287289954,2,ensemble_change,cv,5
2018-10-01,2018-09-01,124368.0,112730.65116864853,2,ensemble_change,cv,5
2018-11-01,2018-10-01,129427.0,127481.21401110796,2,ensemble_change,cv,5
2018-12-01,2018-11-01,132102.0,131634.88862326462,2,ensemble_change,cv,5
2019-01-01,2018-12-01,133648.0,131569.22271443534,2,ensemble_change,cv,5
2019-02-01,2019-01-01,138140.0,133087.41870113128,2,ensemble_change,cv,5
2019-03-01,2019-02-01,138437.0,141050.7604240938,2,ensemble_change,cv,5
2019-04-01,2019-03-01,137310.0,137192.85409256013,2,ensemble_change,cv,5
2019-05-01,2019-04-01,143617.0,135097.19355782768,2,ensemble_change,cv,5
2019-06-01,2019-05-01,142220.0,144960.36438516024,2,ensemble_change,cv,5
2019-07-01,2019-06-01,134881.0,140748.8878046031,2,ensemble_change,cv,6
2019-08-01,2019-07-01,125698.0,133227.33512837693,2,ensemble_change,cv,6
2019-09-01,2019-08-01,128143.0,124345.19252858621,2,ensemble_change,cv,6
2019-10-01,2019-09-01,134781.0,129286.03175246161,2,ensemble_change,cv,6
2019-11-01,2019-10-01,130126.0,137751.3613893168,2,ensemble_change,cv,6
2019-12-01,2019-11-01,126547.0,130212.90523781576,2,ensemble_change,cv,6
2020-01-01,2019-12-01,127714.0,126580.1599862211,2,ensemble_change,cv,6
2020-02-01,2020-01-01,126836.0,128475.36774486632,2,ensemble_change,cv,6
2020-03-01,2020-02-01,139824.0,127495.82395744436,2,ensemble_change,cv,6
2020-04-01,2020-03-01,156466.0,142410.22736971703,2,ensemble_change,cv,6
2020-05-01,2020-04-01,140663.0,159099.0124964795,2,ensemble_change,cv,6
2020-06-01,2020-05-01,136483.0,138115.03599837987,2,ensemble_change,cv,6
2020-07-01,2020-06-01,140336.0,134194.1520766336,2,ensemble_change,cv,7
2020-08-01,2020-07-01,140141.0,140760.93376170553,2,ensemble_change,cv,7
2020-09-01,2020-08-01,140970.0,139648.11736647462,2,ensemble_change,cv,7
2020-10-01,2020-09-01,146472.0,141789.74509853378,2,ensemble_change,cv,7
2020-11-01,2020-10-01,148412.0,148804.16653010595,2,ensemble_change,cv,7
2020-12-01,2020-11-01,147225.0,149610.59297785792,2,ensemble_change,cv,7
2021-01-01,2020-12-01,136136.0,148125.55856864396,2,ensemble_change,cv,7
2021-02-01,2021-01-01,134483.0,135727.66816356624,2,ensemble_change,cv,7
2021-03-01,2021-02-01,127473.0,135108.35185566903,2,ensemble_change,cv,7
2021-04-01,2021-03-01,133881.0,126148.591337791,2,ensemble_change,cv,7
2021-05-01,2021-04-01,134056.0,134423.49840264334,2,ensemble_change,cv,7
2021-06-01,2021-05-01,124235.0,132178.60592826796,2,ensemble_change,cv,7
2021-07-01,2021-06-01,119009.0,121542.6993111284,2,ensemble_change,cv,8
2021-08-01,2021-07-01,116402.0,117544.14925653646,2,ensemble_change,cv,8
2021-09-01,2021-08-01,113164.0,116103.42397845195,2,ensemble_change,cv,8
2021-10-01,2021-09-01,108697.0,113055.51692340343,2,ensemble_change,cv,8
2021-11-01,2021-10-01,114800.0,108682.97306072888,2,ensemble_change,cv,8
2021-12-01,2021-11-01,117519.0,117698.99115009898,2,ensemble_change,cv,8
2022-01-01,2021-12-01,110478.0,119171.30031504699,2,ensemble_change,cv,8
2022-02-01,2022-01-01,102418.0,110306.26851519819,2,ensemble_change,cv,8
2022-03-01,2022-02-01,106991.0,102311.3381216126,2,ensemble_change,cv,8
2022-04-01,2022-03-01,105393.0,108905.66335530311,2,ensemble_change,cv,8
2022-05-01,2022-04-01,103433.0,103937.85065301726,2,ensemble_change,cv,8
2022-06-01,2022-05-01,103711.0,101508.75763031699,2,ensemble_change,cv,8
2022-07-01,2022-06-01,108992.0,102003.2040447295,2,ensemble_change,cv,9
2022-08-01,2022-07-01,106416.0,109656.98857839633,2,ensemble_change,cv,9
2022-09-01,2022-08-01,109108.0,105279.8029608462,2,ensemble_change,cv,9
2022-10-01,2022-09-01,113699.0,109246.95634545214,2,ensemble_change,cv,9
2022-11-01,2022-10-01,106829.0,115104.76564871075,2,ensemble_change,cv,9
2022-12-01,2022-11-01,107006.0,106284.9200747101,2,ensemble_change,cv,9
2023-01-01,2022-12-01,123976.0,107821.32681550068,2,ensemble_change,cv,9
2023-02-01,2023-01-01,127518.0,127591.72644726359,2,ensemble_change,cv,9
2023-03-01,2023-02-01,121224.0,129204.55013735191,2,ensemble_change,cv,9
2023-04-01,2023-03-01,120647.0,120257.14188980553,2,ensemble_change,cv,9
2023-05-01,2023-04-01,125119.0,119909.18192448057,2,ensemble_change,cv,9
2023-06-01,2023-05-01,126189.0,124620.59068471158,2,ensemble_change,cv,9
2023-07-01,2023-06-01,118771.0,125317.91113518251,2,ensemble_change,cv,10
2023-08-01,2023-07-01,109216.0,117261.31110405753,2,ensemble_change,cv,10
2023-09-01,2023-08-01,104432.0,108560.61896862964,2,ensemble_change,cv,10
2023-10-01,2023-09-01,105146.0,105105.59688592626,2,ensemble_change,cv,10
2023-11-01,2023-10-01,110776.0,107337.95190560626,2,ensemble_change,cv,10
2023-12-01,2023-11-01,116557.0,113604.75964623386,2,ensemble_change,cv,10
2024-01-01,2023-12-01,109117.0,118750.8147567926,2,ensemble_change,cv,10
2024-02-01,2024-01-01,117652.0,108890.93142584372,2,ensemble_change,cv,10
2024-03-01,2024-02-01,119599.0,121145.9629087482,2,ensemble_change,cv,10
2024-04-01,2024-03-01,122265.0,119959.43641073194,2,ensemble_change,cv,10
2024-05-01,2024-04-01,116543.0,122402.37474606124,2,ensemble_change,cv,10
2024-06-01,2024-05-01,114321.0,114592.28493465838,2,ensemble_change,cv,10
2024-07-01,2024-06-01,110115.0,114321.0,2,persistence,holdout,0
2024-08-01,2024-07-01,104799.0,110115.0,2,persistence,holdout,0
2024-09-01,2024-08-01,106571.0,104799.0,2,persistence,holdout,0
2024-10-01,2024-09-01,106183.0,106571.0,2,persistence,holdout,0
2024-11-01,2024-10-01,106836.0,106183.0,2,persistence,holdout,0
2024-12-01,2024-11-01,103681.0,106836.0,2,persistence,holdout,0
2025-01-01,2024-12-01,102855.0,103681.0,2,persistence,holdout,0
2025-02-01,2025-01-01,108554.0,102855.0,2,persistence,holdout,0
2025-03-01,2025-02-01,108259.0,108554.0,2,persistence,holdout,0
2025-04-01,2025-03-01,108574.0,108259.0,2,persistence,holdout,0
2025-05-01,2025-04-01,107516.0,108574.0,2,persistence,holdout,0
2025-06-01,2025-05-01,103093.0,107516.0,2,persistence,holdout,0
2025-07-01,2025-06-01,102773.0,103093.0,2,persistence,holdout,0
2025-08-01,2025-07-01,105652.0,102773.0,2,persistence,holdout,0
2025-09-01,2025-08-01,102148.0,105652.0,2,persistence,holdout,0
2025-10-01,2025-09-01,105721.0,102148.0,2,persistence,holdout,0
2025-11-01,2025-10-01,102571.0,105721.0,2,persistence,holdout,0
2025-12-01,2025-11-01,105627.0,102571.0,2,persistence,holdout,0
2026-01-01,2025-12-01,107268.0,105627.0,2,persistence,holdout,0
2026-02-01,2026-01-01,108017.0,107268.0,2,persistence,holdout,0
2026-03-01,2026-02-01,114145.0,108017.0,2,persistence,holdout,0
2026-04-01,2026-03-01,110594.0,114145.0,2,persistence,holdout,0
2026-05-01,2026-04-01,100616.0,110594.0,2,persistence,holdout,0
2026-06-01,2026-05-01,98619.0,100616.0,2,persistence,holdout,0
2024-07-01,2024-06-01,110115.0,118771.0,2,seasonal_naive,holdout,0
2024-08-01,2024-07-01,104799.0,109216.0,2,seasonal_naive,holdout,0
2024-09-01,2024-08-01,106571.0,104432.0,2,seasonal_naive,holdout,0
2024-10-01,2024-09-01,106183.0,105146.0,2,seasonal_naive,holdout,0
2024-11-01,2024-10-01,106836.0,110776.0,2,seasonal_naive,holdout,0
2024-12-01,2024-11-01,103681.0,116557.0,2,seasonal_naive,holdout,0
2025-01-01,2024-12-01,102855.0,109117.0,2,seasonal_naive,holdout,0
2025-02-01,2025-01-01,108554.0,117652.0,2,seasonal_naive,holdout,0
2025-03-01,2025-02-01,108259.0,119599.0,2,seasonal_naive,holdout,0
2025-04-01,2025-03-01,108574.0,122265.0,2,seasonal_naive,holdout,0
2025-05-01,2025-04-01,107516.0,116543.0,2,seasonal_naive,holdout,0
2025-06-01,2025-05-01,103093.0,114321.0,2,seasonal_naive,holdout,0
2025-07-01,2025-06-01,102773.0,110115.0,2,seasonal_naive,holdout,0
2025-08-01,2025-07-01,105652.0,104799.0,2,seasonal_naive,holdout,0
2025-09-01,2025-08-01,102148.0,106571.0,2,seasonal_naive,holdout,0
2025-10-01,2025-09-01,105721.0,106183.0,2,seasonal_naive,holdout,0
2025-11-01,2025-10-01,102571.0,106836.0,2,seasonal_naive,holdout,0
2025-12-01,2025-11-01,105627.0,103681.0,2,seasonal_naive,holdout,0
2026-01-01,2025-12-01,107268.0,102855.0,2,seasonal_naive,holdout,0
2026-02-01,2026-01-01,108017.0,108554.0,2,seasonal_naive,holdout,0
2026-03-01,2026-02-01,114145.0,108259.0,2,seasonal_naive,holdout,0
2026-04-01,2026-03-01,110594.0,108574.0,2,seasonal_naive,holdout,0
2026-05-01,2026-04-01,100616.0,107516.0,2,seasonal_naive,holdout,0
2026-06-01,2026-05-01,98619.0,103093.0,2,seasonal_naive,holdout,0
2024-07-01,2024-06-01,110115.0,112151.2,2,seasonal_change,holdout,0
2024-08-01,2024-07-01,104799.0,105291.8,2,seasonal_change,holdout,0
2024-09-01,2024-08-01,106571.0,104387.8,2,seasonal_change,holdout,0
2024-10-01,2024-09-01,106183.0,109166.6,2,seasonal_change,holdout,0
2024-11-01,2024-10-01,106836.0,106612.6,2,seasonal_change,holdout,0
2024-12-01,2024-11-01,103681.0,107618.2,2,seasonal_change,holdout,0
2025-01-01,2024-12-01,102855.0,102194.4,2,seasonal_change,holdout,0
2025-02-01,2025-01-01,108554.0,103152.2,2,seasonal_change,holdout,0
2025-03-01,2025-02-01,108259.0,109794.8,2,seasonal_change,holdout,0
2025-04-01,2025-03-01,108574.0,112967.2,2,seasonal_change,holdout,0
2025-05-01,2025-04-01,107516.0,104806.4,2,seasonal_change,holdout,0
2025-06-01,2025-05-01,103093.0,104541.0,2,seasonal_change,holdout,0
2025-07-01,2025-06-01,102773.0,101549.8,2,seasonal_change,holdout,0
2025-08-01,2025-07-01,105652.0,98723.2,2,seasonal_change,holdout,0
2025-09-01,2025-08-01,102148.0,105106.2,2,seasonal_change,holdout,0
2025-10-01,2025-09-01,105721.0,103338.4,2,seasonal_change,holdout,0
2025-11-01,2025-10-01,102571.0,107212.2,2,seasonal_change,holdout,0
2025-12-01,2025-11-01,105627.0,103438.0,2,seasonal_change,holdout,0
2026-01-01,2025-12-01,107268.0,103741.8,2,seasonal_change,holdout,0
2026-02-01,2026-01-01,108017.0,108880.6,2,seasonal_change,holdout,0
2026-03-01,2026-02-01,114145.0,106601.2,2,seasonal_change,holdout,0
2026-04-01,2026-03-01,110594.0,115587.8,2,seasonal_change,holdout,0
2026-05-01,2026-04-01,100616.0,109775.4,2,seasonal_change,holdout,0
2026-06-01,2026-05-01,98619.0,97592.4,2,seasonal_change,holdout,0
2024-07-01,2024-06-01,110115.0,112741.9114142036,2,forecast_flow_identity,holdout,0
2024-08-01,2024-07-01,104799.0,105392.5614142036,2,forecast_flow_identity,holdout,0
2024-09-01,2024-08-01,106571.0,104145.46427180993,2,forecast_flow_identity,holdout,0
2024-10-01,2024-09-01,106183.0,109250.14058087024,2,forecast_flow_identity,holdout,0
2024-11-01,2024-10-01,106836.0,106842.49572342282,2,forecast_flow_identity,holdout,0
2024-12-01,2024-11-01,103681.0,107473.19974753691,2,forecast_flow_identity,holdout,0
2025-01-01,2024-12-01,102855.0,101525.67474753695,2,forecast_flow_identity,holdout,0
2025-02-01,2025-01-01,108554.0,102704.8288042269,2,forecast_flow_identity,holdout,0
2025-03-01,2025-02-01,108259.0,109569.58801724137,2,forecast_flow_identity,holdout,0
2025-04-01,2025-03-01,108574.0,113527.59001668516,2,forecast_flow_identity,holdout,0
2025-05-01,2025-04-01,107516.0,106083.72468390799,2,forecast_flow_identity,holdout,0
2025-06-01,2025-05-01,103093.0,105034.04001668516,2,forecast_flow_identity,holdout,0
2025-07-01,2025-06-01,102773.0,101890.84801724138,2,forecast_flow_identity,holdout,0
2025-08-01,2025-07-01,105652.0,99529.94801724139,2,forecast_flow_identity,holdout,0
2025-09-01,2025-08-01,102148.0,106502.33517797553,2,forecast_flow_identity,holdout,0
2025-10-01,2025-09-01,105721.0,104734.63135057475,2,forecast_flow_identity,holdout,0
2025-11-01,2025-10-01,102571.0,108991.71421023364,2,forecast_flow_identity,holdout,0
2025-12-01,2025-11-01,105627.0,105071.56635057477,2,forecast_flow_identity,holdout,0
2026-01-01,2025-12-01,107268.0,105331.1913505747,2,forecast_flow_identity,holdout,0
2026-02-01,2026-01-01,108017.0,109790.16882832779,2,forecast_flow_identity,holdout,0
2026-03-01,2026-02-01,114145.0,107362.96958333332,2,forecast_flow_identity,holdout,0
2026-04-01,2026-03-01,110594.0,116283.82540322581,2,forecast_flow_identity,holdout,0
2026-05-01,2026-04-01,100616.0,110621.70625,2,forecast_flow_identity,holdout,0
2026-06-01,2026-05-01,98619.0,98040.09637096775,2,forecast_flow_identity,holdout,0
2024-07-01,2024-06-01,110115.0,113922.73057876682,2,legacy_constrained_level,holdout,0
2024-08-01,2024-07-01,104799.0,110249.76810224343,2,legacy_constrained_level,holdout,0
2024-09-01,2024-08-01,106571.0,104217.86569919263,2,legacy_constrained_level,holdout,0
2024-10-01,2024-09-01,106183.0,107782.6031951318,2,legacy_constrained_level,holdout,0
2024-11-01,2024-10-01,106836.0,107617.34263140586,2,legacy_constrained_level,holdout,0
2024-12-01,2024-11-01,103681.0,108320.6839312299,2,legacy_constrained_level,holdout,0
2025-01-01,2024-12-01,102855.0,104194.37656219763,2,legacy_constrained_level,holdout,0
2025-02-01,2025-01-01,108554.0,103234.13853065915,2,legacy_constrained_level,holdout,0
2025-03-01,2025-02-01,108259.0,110071.21029588065,2,legacy_constrained_level,holdout,0
2025-04-01,2025-03-01,108574.0,109108.73433726042,2,legacy_constrained_level,holdout,0
2025-05-01,2025-04-01,107516.0,110689.71258062405,2,legacy_constrained_level,holdout,0
2025-06-01,2025-05-01,103093.0,107219.32153713683,2,legacy_constrained_level,holdout,0
2025-07-01,2025-06-01,102773.0,102634.5456461665,2,legacy_constrained_level,holdout,0
2025-08-01,2025-07-01,105652.0,101775.07407125333,2,legacy_constrained_level,holdout,0
2025-09-01,2025-08-01,102148.0,104858.31768171425,2,legacy_constrained_level,holdout,0
2025-10-01,2025-09-01,105721.0,102753.39994341574,2,legacy_constrained_level,holdout,0
2025-11-01,2025-10-01,102571.0,107794.72987829591,2,legacy_constrained_level,holdout,0
2025-12-01,2025-11-01,105627.0,102658.45035579498,2,legacy_constrained_level,holdout,0
2026-01-01,2025-12-01,107268.0,105036.8392905963,2,legacy_constrained_level,holdout,0
2026-02-01,2026-01-01,108017.0,106395.15308653653,2,legacy_constrained_level,holdout,0
2026-03-01,2026-02-01,114145.0,109711.80426000369,2,legacy_constrained_level,holdout,0
2026-04-01,2026-03-01,110594.0,114444.23632874149,2,legacy_constrained_level,holdout,0
2026-05-01,2026-04-01,100616.0,112635.47554265079,2,legacy_constrained_level,holdout,0
2026-06-01,2026-05-01,98619.0,100590.9507271701,2,legacy_constrained_level,holdout,0
2024-07-01,2024-06-01,110115.0,113721.1798195125,2,constrained_level,holdout,0
2024-08-01,2024-07-01,104799.0,109666.96269779046,2,constrained_level,holdout,0
2024-09-01,2024-08-01,106571.0,103653.22350590686,2,constrained_level,holdout,0
2024-10-01,2024-09-01,106183.0,108281.9142613948,2,constrained_level,holdout,0
2024-11-01,2024-10-01,106836.0,107849.67176710298,2,constrained_level,holdout,0
2024-12-01,2024-11-01,103681.0,107874.33341470451,2,constrained_level,holdout,0
2025-01-01,2024-12-01,102855.0,103761.86619931902,2,constrained_level,holdout,0
2025-02-01,2025-01-01,108554.0,103480.40717825035,2,constrained_level,holdout,0
2025-03-01,2025-02-01,108259.0,111429.96043886823,2,constrained_level,holdout,0
2025-04-01,2025-03-01,108574.0,109004.93808806989,2,constrained_level,holdout,0
2025-05-01,2025-04-01,107516.0,110347.50572291465,2,constrained_level,holdout,0
2025-06-01,2025-05-01,103093.0,107513.6822347133,2,constrained_level,holdout,0
2025-07-01,2025-06-01,102773.0,101671.3673351639,2,constrained_level,holdout,0
2025-08-01,2025-07-01,105652.0,102905.76292445115,2,constrained_level,holdout,0
2025-09-01,2025-08-01,102148.0,105652.18372356571,2,constrained_level,holdout,0
2025-10-01,2025-09-01,105721.0,102750.68917850904,2,constrained_level,holdout,0
2025-11-01,2025-10-01,102571.0,108736.78011732426,2,constrained_level,holdout,0
2025-12-01,2025-11-01,105627.0,102130.01695781248,2,constrained_level,holdout,0
2026-01-01,2025-12-01,107268.0,107513.33202432055,2,constrained_level,holdout,0
2026-02-01,2026-01-01,108017.0,107772.02211774362,2,constrained_level,holdout,0
2026-03-01,2026-02-01,114145.0,110219.95708040649,2,constrained_level,holdout,0
2026-04-01,2026-03-01,110594.0,116074.71811289023,2,constrained_level,holdout,0
2026-05-01,2026-04-01,100616.0,111130.44131856768,2,constrained_level,holdout,0
2026-06-01,2026-05-01,98619.0,99781.3847097404,2,constrained_level,holdout,0
2024-07-01,2024-06-01,110115.0,114187.59449148513,2,ridge_change,holdout,0
2024-08-01,2024-07-01,104799.0,109760.96331204782,2,ridge_change,holdout,0
2024-09-01,2024-08-01,106571.0,104097.91685524737,2,ridge_change,holdout,0
2024-10-01,2024-09-01,106183.0,107516.00738039796,2,ridge_change,holdout,0
2024-11-01,2024-10-01,106836.0,106944.04000451417,2,ridge_change,holdout,0
2024-12-01,2024-11-01,103681.0,107320.51834106349,2,ridge_change,holdout,0
2025-01-01,2024-12-01,102855.0,103567.17945908294,2,ridge_change,holdout,0
2025-02-01,2025-01-01,108554.0,103046.8731178091,2,ridge_change,holdout,0
2025-03-01,2025-02-01,108259.0,110282.28336512357,2,ridge_change,holdout,0
2025-04-01,2025-03-01,108574.0,108588.45878097831,2,ridge_change,holdout,0
2025-05-01,2025-04-01,107516.0,109365.01054695247,2,ridge_change,holdout,0
2025-06-01,2025-05-01,103093.0,107577.08597499912,2,ridge_change,holdout,0
2025-07-01,2025-06-01,102773.0,102099.06795646007,2,ridge_change,holdout,0
2025-08-01,2025-07-01,105652.0,102817.58773387088,2,ridge_change,holdout,0
2025-09-01,2025-08-01,102148.0,105862.69534637543,2,ridge_change,holdout,0
2025-10-01,2025-09-01,105721.0,102228.45677600475,2,ridge_change,holdout,0
2025-11-01,2025-10-01,102571.0,107339.0208244742,2,ridge_change,holdout,0
2025-12-01,2025-11-01,105627.0,102299.37939198349,2,ridge_change,holdout,0
2026-01-01,2025-12-01,107268.0,106880.2278760436,2,ridge_change,holdout,0
2026-02-01,2026-01-01,108017.0,107863.05232187807,2,ridge_change,holdout,0
2026-03-01,2026-02-01,114145.0,109299.16324429236,2,ridge_change,holdout,0
2026-04-01,2026-03-01,110594.0,115580.49162465514,2,ridge_change,holdout,0
2026-05-01,2026-04-01,100616.0,110838.92949417967,2,ridge_change,holdout,0
2026-06-01,2026-05-01,98619.0,99944.21171793394,2,ridge_change,holdout,0
2024-07-01,2024-06-01,110115.0,113292.14113363797,2,seasonal_ridge_change,holdout,0
2024-08-01,2024-07-01,104799.0,108972.92003616809,2,seasonal_ridge_change,holdout,0
2024-09-01,2024-08-01,106571.0,104101.8132286512,2,seasonal_ridge_change,holdout,0
2024-10-01,2024-09-01,106183.0,107824.34524122582,2,seasonal_ridge_change,holdout,0
2024-11-01,2024-10-01,106836.0,107734.89514197518,2,seasonal_ridge_change,holdout,0
2024-12-01,2024-11-01,103681.0,108408.58788497148,2,seasonal_ridge_change,holdout,0
2025-01-01,2024-12-01,102855.0,104744.8564170787,2,seasonal_ridge_change,holdout,0
2025-02-01,2025-01-01,108554.0,103854.3511746411,2,seasonal_ridge_change,holdout,0
2025-03-01,2025-02-01,108259.0,110424.09068125572,2,seasonal_ridge_change,holdout,0
2025-04-01,2025-03-01,108574.0,108301.73932647443,2,seasonal_ridge_change,holdout,0
2025-05-01,2025-04-01,107516.0,108433.76654172776,2,seasonal_ridge_change,holdout,0
2025-06-01,2025-05-01,103093.0,106548.77667811135,2,seasonal_ridge_change,holdout,0
2025-07-01,2025-06-01,102773.0,101087.8135833364,2,seasonal_ridge_change,holdout,0
2025-08-01,2025-07-01,105652.0,102121.11508303556,2,seasonal_ridge_change,holdout,0
2025-09-01,2025-08-01,102148.0,105641.78373026666,2,seasonal_ridge_change,holdout,0
2025-10-01,2025-09-01,105721.0,102621.99412400613,2,seasonal_ridge_change,holdout,0
2025-11-01,2025-10-01,102571.0,108110.20505661101,2,seasonal_ridge_change,holdout,0
2025-12-01,2025-11-01,105627.0,103674.76600746432,2,seasonal_ridge_change,holdout,0
2026-01-01,2025-12-01,107268.0,108052.69202457438,2,seasonal_ridge_change,holdout,0
2026-02-01,2026-01-01,108017.0,108849.9352198946,2,seasonal_ridge_change,holdout,0
2026-03-01,2026-02-01,114145.0,109652.94936739547,2,seasonal_ridge_change,holdout,0
2026-04-01,2026-03-01,110594.0,115178.00402091186,2,seasonal_ridge_change,holdout,0
2026-05-01,2026-04-01,100616.0,110033.96701519525,2,seasonal_ridge_change,holdout,0
2026-06-01,2026-05-01,98619.0,99283.8635652049,2,seasonal_ridge_change,holdout,0
2024-07-01,2024-06-01,110115.0,113825.30843635027,2,polynomial_ridge_change,holdout,0
2024-08-01,2024-07-01,104799.0,109742.80749561868,2,polynomial_ridge_change,holdout,0
2024-09-01,2024-08-01,106571.0,104000.90812762518,2,polynomial_ridge_change,holdout,0
2024-10-01,2024-09-01,106183.0,107410.59300143541,2,polynomial_ridge_change,holdout,0
2024-11-01,2024-10-01,106836.0,107148.20438983686,2,polynomial_ridge_change,holdout,0
2024-12-01,2024-11-01,103681.0,107248.58082742266,2,polynomial_ridge_change,holdout,0
2025-01-01,2024-12-01,102855.0,103395.49872590737,2,polynomial_ridge_change,holdout,0
2025-02-01,2025-01-01,108554.0,102941.46202979145,2,polynomial_ridge_change,holdout,0
2025-03-01,2025-02-01,108259.0,109887.7928978184,2,polynomial_ridge_change,holdout,0
2025-04-01,2025-03-01,108574.0,109265.20279638194,2,polynomial_ridge_change,holdout,0
2025-05-01,2025-04-01,107516.0,109009.01685315007,2,polynomial_ridge_change,holdout,0
2025-06-01,2025-05-01,103093.0,107100.73668747496,2,polynomial_ridge_change,holdout,0
2025-07-01,2025-06-01,102773.0,102029.63223486523,2,polynomial_ridge_change,holdout,0
2025-08-01,2025-07-01,105652.0,101487.00077926384,2,polynomial_ridge_change,holdout,0
2025-09-01,2025-08-01,102148.0,105487.64757572037,2,polynomial_ridge_change,holdout,0
2025-10-01,2025-09-01,105721.0,102451.4717256221,2,polynomial_ridge_change,holdout,0
2025-11-01,2025-10-01,102571.0,107024.15345592379,2,polynomial_ridge_change,holdout,0
2025-12-01,2025-11-01,105627.0,102536.22279127974,2,polynomial_ridge_change,holdout,0
2026-01-01,2025-12-01,107268.0,106305.10776607042,2,polynomial_ridge_change,holdout,0
2026-02-01,2026-01-01,108017.0,108537.33064087448,2,polynomial_ridge_change,holdout,0
2026-03-01,2026-02-01,114145.0,109229.6086406922,2,polynomial_ridge_change,holdout,0
2026-04-01,2026-03-01,110594.0,115128.09280732695,2,polynomial_ridge_change,holdout,0
2026-05-01,2026-04-01,100616.0,110694.33010418987,2,polynomial_ridge_change,holdout,0
2026-06-01,2026-05-01,98619.0,101039.10480823909,2,polynomial_ridge_change,holdout,0
2024-07-01,2024-06-01,110115.0,112829.45286990187,2,spline_ridge_change,holdout,0
2024-08-01,2024-07-01,104799.0,108551.01788996941,2,spline_ridge_change,holdout,0
2024-09-01,2024-08-01,106571.0,103845.36645607982,2,spline_ridge_change,holdout,0
2024-10-01,2024-09-01,106183.0,109269.95662987046,2,spline_ridge_change,holdout,0
2024-11-01,2024-10-01,106836.0,108668.85132091775,2,spline_ridge_change,holdout,0
2024-12-01,2024-11-01,103681.0,107893.08752283818,2,spline_ridge_change,holdout,0
2025-01-01,2024-12-01,102855.0,103375.15896700785,2,spline_ridge_change,holdout,0
2025-02-01,2025-01-01,108554.0,102837.4546490668,2,spline_ridge_change,holdout,0
2025-03-01,2025-02-01,108259.0,113643.53213459472,2,spline_ridge_change,holdout,0
2025-04-01,2025-03-01,108574.0,109525.34895944365,2,spline_ridge_change,holdout,0
2025-05-01,2025-04-01,107516.0,108791.05167784235,2,spline_ridge_change,holdout,0
2025-06-01,2025-05-01,103093.0,105281.11296901759,2,spline_ridge_change,holdout,0
2025-07-01,2025-06-01,102773.0,98283.61639534372,2,spline_ridge_change,holdout,0
2025-08-01,2025-07-01,105652.0,99618.97717785626,2,spline_ridge_change,holdout,0
2025-09-01,2025-08-01,102148.0,104071.62698164213,2,spline_ridge_change,holdout,0
2025-10-01,2025-09-01,105721.0,103026.63673173593,2,spline_ridge_change,holdout,0
2025-11-01,2025-10-01,102571.0,109925.719084755,2,spline_ridge_change,holdout,0
2025-12-01,2025-11-01,105627.0,102658.62236752949,2,spline_ridge_change,holdout,0
2026-01-01,2025-12-01,107268.0,105850.20301630419,2,spline_ridge_change,holdout,0
2026-02-01,2026-01-01,108017.0,108127.3400352746,2,spline_ridge_change,holdout,0
2026-03-01,2026-02-01,114145.0,111878.73707508085,2,spline_ridge_change,holdout,0
2026-04-01,2026-03-01,110594.0,116640.75655248374,2,spline_ridge_change,holdout,0
2026-05-01,2026-04-01,100616.0,110869.56342603102,2,spline_ridge_change,holdout,0
2026-06-01,2026-05-01,98619.0,94256.26249851582,2,spline_ridge_change,holdout,0
2024-07-01,2024-06-01,110115.0,111671.63516177963,2,random_forest_change,holdout,0
2024-08-01,2024-07-01,104799.0,108719.39450477718,2,random_forest_change,holdout,0
2024-09-01,2024-08-01,106571.0,103688.7540805237,2,random_forest_change,holdout,0
2024-10-01,2024-09-01,106183.0,109800.13104608831,2,random_forest_change,holdout,0
2024-11-01,2024-10-01,106836.0,108183.71661393192,2,random_forest_change,holdout,0
2024-12-01,2024-11-01,103681.0,109312.01344874571,2,random_forest_change,holdout,0
2025-01-01,2024-12-01,102855.0,103783.52806615211,2,random_forest_change,holdout,0
2025-02-01,2025-01-01,108554.0,102917.25224435882,2,random_forest_change,holdout,0
2025-03-01,2025-02-01,108259.0,112056.84071950825,2,random_forest_change,holdout,0
2025-04-01,2025-03-01,108574.0,107674.44883061782,2,random_forest_change,holdout,0
2025-05-01,2025-04-01,107516.0,108658.47513693024,2,random_forest_change,holdout,0
2025-06-01,2025-05-01,103093.0,106001.19129855045,2,random_forest_change,holdout,0
2025-07-01,2025-06-01,102773.0,100891.8393074277,2,random_forest_change,holdout,0
2025-08-01,2025-07-01,105652.0,101679.7744083031,2,random_forest_change,holdout,0
2025-09-01,2025-08-01,102148.0,104955.24584028315,2,random_forest_change,holdout,0
2025-10-01,2025-09-01,105721.0,102984.96203332368,2,random_forest_change,holdout,0
2025-11-01,2025-10-01,102571.0,108708.29792750369,2,random_forest_change,holdout,0
2025-12-01,2025-11-01,105627.0,102994.18842849006,2,random_forest_change,holdout,0
2026-01-01,2025-12-01,107268.0,107047.42333477359,2,random_forest_change,holdout,0
2026-02-01,2026-01-01,108017.0,108156.57472665528,2,random_forest_change,holdout,0
2026-03-01,2026-02-01,114145.0,110379.32517309941,2,random_forest_change,holdout,0
2026-04-01,2026-03-01,110594.0,114974.1648761294,2,random_forest_change,holdout,0
2026-05-01,2026-04-01,100616.0,109537.75628296401,2,random_forest_change,holdout,0
2026-06-01,2026-05-01,98619.0,98550.23456665903,2,random_forest_change,holdout,0
2024-07-01,2024-06-01,110115.0,111586.5625,2,xgboost_change,holdout,0
2024-08-01,2024-07-01,104799.0,109080.46875,2,xgboost_change,holdout,0
2024-09-01,2024-08-01,106571.0,104099.9296875,2,xgboost_change,holdout,0
2024-10-01,2024-09-01,106183.0,109583.5390625,2,xgboost_change,holdout,0
2024-11-01,2024-10-01,106836.0,107670.296875,2,xgboost_change,holdout,0
2024-12-01,2024-11-01,103681.0,109084.8515625,2,xgboost_change,holdout,0
2025-01-01,2024-12-01,102855.0,103543.65625,2,xgboost_change,holdout,0
2025-02-01,2025-01-01,108554.0,103087.0703125,2,xgboost_change,holdout,0
2025-03-01,2025-02-01,108259.0,111051.0234375,2,xgboost_change,holdout,0
2025-04-01,2025-03-01,108574.0,108120.1875,2,xgboost_change,holdout,0
2025-05-01,2025-04-01,107516.0,108485.734375,2,xgboost_change,holdout,0
2025-06-01,2025-05-01,103093.0,106196.6328125,2,xgboost_change,holdout,0
2025-07-01,2025-06-01,102773.0,101700.1796875,2,xgboost_change,holdout,0
2025-08-01,2025-07-01,105652.0,102190.453125,2,xgboost_change,holdout,0
2025-09-01,2025-08-01,102148.0,105458.890625,2,xgboost_change,holdout,0
2025-10-01,2025-09-01,105721.0,102731.7265625,2,xgboost_change,holdout,0
2025-11-01,2025-10-01,102571.0,108190.1953125,2,xgboost_change,holdout,0
2025-12-01,2025-11-01,105627.0,103217.8828125,2,xgboost_change,holdout,0
2026-01-01,2025-12-01,107268.0,106869.7734375,2,xgboost_change,holdout,0
2026-02-01,2026-01-01,108017.0,108474.2421875,2,xgboost_change,holdout,0
2026-03-01,2026-02-01,114145.0,110274.8671875,2,xgboost_change,holdout,0
2026-04-01,2026-03-01,110594.0,114622.9921875,2,xgboost_change,holdout,0
2026-05-01,2026-04-01,100616.0,109868.125,2,xgboost_change,holdout,0
2026-06-01,2026-05-01,98619.0,99558.203125,2,xgboost_change,holdout,0
2024-07-01,2024-06-01,110115.0,113323.72815551274,2,neural_network_change,holdout,0
2024-08-01,2024-07-01,104799.0,108613.05119936328,2,neural_network_change,holdout,0
2024-09-01,2024-08-01,106571.0,103456.79809923908,2,neural_network_change,holdout,0
2024-10-01,2024-09-01,106183.0,109289.48659458327,2,neural_network_change,holdout,0
2024-11-01,2024-10-01,106836.0,109331.91137870707,2,neural_network_change,holdout,0
2024-12-01,2024-11-01,103681.0,108400.78733188407,2,neural_network_change,holdout,0
2025-01-01,2024-12-01,102855.0,104225.48896506598,2,neural_network_change,holdout,0
2025-02-01,2025-01-01,108554.0,103882.85378698327,2,neural_network_change,holdout,0
2025-03-01,2025-02-01,108259.0,111237.86835764487,2,neural_network_change,holdout,0
2025-04-01,2025-03-01,108574.0,109486.75290763266,2,neural_network_change,holdout,0
2025-05-01,2025-04-01,107516.0,108431.5552810749,2,neural_network_change,holdout,0
2025-06-01,2025-05-01,103093.0,106855.83798166097,2,neural_network_change,holdout,0
2025-07-01,2025-06-01,102773.0,100690.58317743722,2,neural_network_change,holdout,0
2025-08-01,2025-07-01,105652.0,102018.53252565765,2,neural_network_change,holdout,0
2025-09-01,2025-08-01,102148.0,105159.24843443453,2,neural_network_change,holdout,0
2025-10-01,2025-09-01,105721.0,103742.73650888825,2,neural_network_change,holdout,0
2025-11-01,2025-10-01,102571.0,108799.89428763486,2,neural_network_change,holdout,0
2025-12-01,2025-11-01,105627.0,103650.20633487782,2,neural_network_change,holdout,0
2026-01-01,2025-12-01,107268.0,109519.55118113576,2,neural_network_change,holdout,0
2026-02-01,2026-01-01,108017.0,110903.30871117032,2,neural_network_change,holdout,0
2026-03-01,2026-02-01,114145.0,110030.04501538078,2,neural_network_change,holdout,0
2026-04-01,2026-03-01,110594.0,115715.7084516336,2,neural_network_change,holdout,0
2026-05-01,2026-04-01,100616.0,110184.20433888274,2,neural_network_change,holdout,0
2026-06-01,2026-05-01,98619.0,99619.3889606111,2,neural_network_change,holdout,0
2024-07-01,2024-06-01,110115.0,113807.99781592024,2,rolling_ridge_change,holdout,0
2024-08-01,2024-07-01,104799.0,109506.65118560099,2,rolling_ridge_change,holdout,0
2024-09-01,2024-08-01,106571.0,104847.57207363573,2,rolling_ridge_change,holdout,0
2024-10-01,2024-09-01,106183.0,107124.08966067315,2,rolling_ridge_change,holdout,0
2024-11-01,2024-10-01,106836.0,106975.25708038971,2,rolling_ridge_change,holdout,0
2024-12-01,2024-11-01,103681.0,107732.9705120079,2,rolling_ridge_change,holdout,0
2025-01-01,2024-12-01,102855.0,104643.70014087096,2,rolling_ridge_change,holdout,0
2025-02-01,2025-01-01,108554.0,103750.54192229435,2,rolling_ridge_change,holdout,0
2025-03-01,2025-02-01,108259.0,109414.01147232317,2,rolling_ridge_change,holdout,0
2025-04-01,2025-03-01,108574.0,108569.75272289298,2,rolling_ridge_change,holdout,0
2025-05-01,2025-04-01,107516.0,108671.50613330487,2,rolling_ridge_change,holdout,0
2025-06-01,2025-05-01,103093.0,107200.89610474482,2,rolling_ridge_change,holdout,0
2025-07-01,2025-06-01,102773.0,102495.15087218318,2,rolling_ridge_change,holdout,0
2025-08-01,2025-07-01,105652.0,102589.7437637845,2,rolling_ridge_change,holdout,0
2025-09-01,2025-08-01,102148.0,105529.26839809731,2,rolling_ridge_change,holdout,0
2025-10-01,2025-09-01,105721.0,102660.13184484285,2,rolling_ridge_change,holdout,0
2025-11-01,2025-10-01,102571.0,106863.6385780202,2,rolling_ridge_change,holdout,0
2025-12-01,2025-11-01,105627.0,103681.1956605152,2,rolling_ridge_change,holdout,0
2026-01-01,2025-12-01,107268.0,106849.85489352806,2,rolling_ridge_change,holdout,0
2026-02-01,2026-01-01,108017.0,108264.58795704729,2,rolling_ridge_change,holdout,0
2026-03-01,2026-02-01,114145.0,109154.56970449847,2,rolling_ridge_change,holdout,0
2026-04-01,2026-03-01,110594.0,114353.1727059991,2,rolling_ridge_change,holdout,0
2026-05-01,2026-04-01,100616.0,110639.57245774774,2,rolling_ridge_change,holdout,0
2026-06-01,2026-05-01,98619.0,100988.95297889381,2,rolling_ridge_change,holdout,0
2024-07-01,2024-06-01,110115.0,113806.57056681898,2,damped_ridge_change,holdout,0
2024-08-01,2024-07-01,104799.0,109543.96001808405,2,damped_ridge_change,holdout,0
2024-09-01,2024-08-01,106571.0,104450.40661432559,2,damped_ridge_change,holdout,0
2024-10-01,2024-09-01,106183.0,107197.67262061291,2,damped_ridge_change,holdout,0
2024-11-01,2024-10-01,106836.0,106958.94757098758,2,damped_ridge_change,holdout,0
2024-12-01,2024-11-01,103681.0,107622.29394248573,2,damped_ridge_change,holdout,0
2025-01-01,2024-12-01,102855.0,104212.92820853935,2,damped_ridge_change,holdout,0
2025-02-01,2025-01-01,108554.0,103354.67558732055,2,damped_ridge_change,holdout,0
2025-03-01,2025-02-01,108259.0,109489.04534062787,2,damped_ridge_change,holdout,0
2025-04-01,2025-03-01,108574.0,108280.36966323722,2,damped_ridge_change,holdout,0
2025-05-01,2025-04-01,107516.0,108503.88327086388,2,damped_ridge_change,holdout,0
2025-06-01,2025-05-01,103093.0,107032.38833905567,2,damped_ridge_change,holdout,0
2025-07-01,2025-06-01,102773.0,102090.4067916682,2,damped_ridge_change,holdout,0
2025-08-01,2025-07-01,105652.0,102447.05754151779,2,damped_ridge_change,holdout,0
2025-09-01,2025-08-01,102148.0,105646.89186513332,2,damped_ridge_change,holdout,0
2025-10-01,2025-09-01,105721.0,102384.99706200307,2,damped_ridge_change,holdout,0
2025-11-01,2025-10-01,102571.0,106915.6025283055,2,damped_ridge_change,holdout,0
2025-12-01,2025-11-01,105627.0,103122.88300373216,2,damped_ridge_change,holdout,0
2026-01-01,2025-12-01,107268.0,106839.84601228719,2,damped_ridge_change,holdout,0
2026-02-01,2026-01-01,108017.0,108058.9676099473,2,damped_ridge_change,holdout,0
2026-03-01,2026-02-01,114145.0,108834.97468369774,2,damped_ridge_change,holdout,0
2026-04-01,2026-03-01,110594.0,114661.50201045592,2,damped_ridge_change,holdout,0
2026-05-01,2026-04-01,100616.0,110313.98350759762,2,damped_ridge_change,holdout,0
2026-06-01,2026-05-01,98619.0,99949.93178260245,2,damped_ridge_change,holdout,0
2024-07-01,2024-06-01,110115.0,112183.44707894127,2,ensemble_change,holdout,0
2024-08-01,2024-07-01,104799.0,108924.26182940364,2,ensemble_change,holdout,0
2024-09-01,2024-08-01,106571.0,103963.49895820153,2,ensemble_change,holdout,0
2024-10-01,2024-09-01,106183.0,109069.33820579742,2,ensemble_change,holdout,0
2024-11-01,2024-10-01,106836.0,107862.97056088831,2,ensemble_change,holdout,0
2024-12-01,2024-11-01,103681.0,108935.1516978276,2,ensemble_change,holdout,0
2025-01-01,2024-12-01,102855.0,104024.0139642996,2,ensemble_change,holdout,0
2025-02-01,2025-01-01,108554.0,103286.22473992706,2,ensemble_change,holdout,0
2025-03-01,2025-02-01,108259.0,111177.31730285882,2,ensemble_change,holdout,0
2025-04-01,2025-03-01,108574.0,108032.12514782307,2,ensemble_change,holdout,0
2025-05-01,2025-04-01,107516.0,108525.99087856308,2,ensemble_change,holdout,0
2025-06-01,2025-05-01,103093.0,106248.86725524144,2,ensemble_change,holdout,0
2025-07-01,2025-06-01,102773.0,101226.61191736408,2,ensemble_change,holdout,0
2025-08-01,2025-07-01,105652.0,101997.11387992538,2,ensemble_change,holdout,0
2025-09-01,2025-08-01,102148.0,105351.97444628678,2,ensemble_change,holdout,0
2025-10-01,2025-09-01,105721.0,102779.56035729354,2,ensemble_change,holdout,0
2025-11-01,2025-10-01,102571.0,108336.23268415802,2,ensemble_change,holdout,0
2025-12-01,2025-11-01,105627.0,103295.61266029208,2,ensemble_change,holdout,0
2026-01-01,2025-12-01,107268.0,107323.2974863191,2,ensemble_change,holdout,0
2026-02-01,2026-01-01,108017.0,108493.58526538641,2,ensemble_change,holdout,0
2026-03-01,2026-02-01,114145.0,110102.38098289934,2,ensemble_change,holdout,0
2026-04-01,2026-03-01,110594.0,114925.0528403549,2,ensemble_change,holdout,0
2026-05-01,2026-04-01,100616.0,109813.28376296064,2,ensemble_change,holdout,0
2026-06-01,2026-05-01,98619.0,99130.7670449312,2,ensemble_change,holdout,0
2014-07-01,2014-06-01,867623.0,874843.0,3,persistence,cv,1
2014-08-01,2014-07-01,863183.0,867623.0,3,persistence,cv,1
2014-09-01,2014-08-01,856901.0,863183.0,3,persistence,cv,1
2014-10-01,2014-09-01,866769.0,856901.0,3,persistence,cv,1
2014-11-01,2014-10-01,868014.0,866769.0,3,persistence,cv,1
2014-12-01,2014-11-01,867012.0,868014.0,3,persistence,cv,1
2015-01-01,2014-12-01,880450.0,867012.0,3,persistence,cv,1
2015-02-01,2015-01-01,893237.0,880450.0,3,persistence,cv,1
2015-03-01,2015-02-01,902630.0,893237.0,3,persistence,cv,1
2015-04-01,2015-03-01,912245.0,902630.0,3,persistence,cv,1
2015-05-01,2015-04-01,912769.0,912245.0,3,persistence,cv,1
2015-06-01,2015-05-01,909638.0,912769.0,3,persistence,cv,1
2015-07-01,2015-06-01,901436.0,909638.0,3,persistence,cv,2
2015-08-01,2015-07-01,903460.0,901436.0,3,persistence,cv,2
2015-09-01,2015-08-01,913989.0,903460.0,3,persistence,cv,2
2015-10-01,2015-09-01,927812.0,913989.0,3,persistence,cv,2
2015-11-01,2015-10-01,917915.0,927812.0,3,persistence,cv,2
2015-12-01,2015-11-01,909794.0,917915.0,3,persistence,cv,2
2016-01-01,2015-12-01,926164.0,909794.0,3,persistence,cv,2
2016-02-01,2016-01-01,941054.0,926164.0,3,persistence,cv,2
2016-03-01,2016-02-01,954397.0,941054.0,3,persistence,cv,2
2016-04-01,2016-03-01,954850.0,954397.0,3,persistence,cv,2
2016-05-01,2016-04-01,955225.0,954850.0,3,persistence,cv,2
2016-06-01,2016-05-01,953039.0,955225.0,3,persistence,cv,2
2016-07-01,2016-06-01,946026.0,953039.0,3,persistence,cv,3
2016-08-01,2016-07-01,942134.0,946026.0,3,persistence,cv,3
2016-09-01,2016-08-01,934996.0,942134.0,3,persistence,cv,3
2016-10-01,2016-09-01,950199.0,934996.0,3,persistence,cv,3
2016-11-01,2016-10-01,944791.0,950199.0,3,persistence,cv,3
2016-12-01,2016-11-01,939104.0,944791.0,3,persistence,cv,3
2017-01-01,2016-12-01,960380.0,939104.0,3,persistence,cv,3
2017-02-01,2017-01-01,972797.0,960380.0,3,persistence,cv,3
2017-03-01,2017-02-01,974127.0,972797.0,3,persistence,cv,3
2017-04-01,2017-03-01,958981.0,974127.0,3,persistence,cv,3
2017-05-01,2017-04-01,947102.0,958981.0,3,persistence,cv,3
2017-06-01,2017-05-01,938694.0,947102.0,3,persistence,cv,3
2017-07-01,2017-06-01,928830.0,938694.0,3,persistence,cv,4
2017-08-01,2017-07-01,910451.0,928830.0,3,persistence,cv,4
2017-09-01,2017-08-01,912311.0,910451.0,3,persistence,cv,4
2017-10-01,2017-09-01,887682.0,912311.0,3,persistence,cv,4
2017-11-01,2017-10-01,881971.0,887682.0,3,persistence,cv,4
2017-12-01,2017-11-01,867357.0,881971.0,3,persistence,cv,4
2018-01-01,2017-12-01,881098.0,867357.0,3,persistence,cv,4
2018-02-01,2018-01-01,894999.0,881098.0,3,persistence,cv,4
2018-03-01,2018-02-01,883010.0,894999.0,3,persistence,cv,4
2018-04-01,2018-03-01,884390.0,883010.0,3,persistence,cv,4
2018-05-01,2018-04-01,877138.0,884390.0,3,persistence,cv,4
2018-06-01,2018-05-01,873052.0,877138.0,3,persistence,cv,4
2018-07-01,2018-06-01,879521.0,873052.0,3,persistence,cv,5
2018-08-01,2018-07-01,874105.0,879521.0,3,persistence,cv,5
2018-09-01,2018-08-01,880801.0,874105.0,3,persistence,cv,5
2018-10-01,2018-09-01,882042.0,880801.0,3,persistence,cv,5
2018-11-01,2018-10-01,887119.0,882042.0,3,persistence,cv,5
2018-12-01,2018-11-01,881191.0,887119.0,3,persistence,cv,5
2019-01-01,2018-12-01,881131.0,881191.0,3,persistence,cv,5
2019-02-01,2019-01-01,878584.0,881131.0,3,persistence,cv,5
2019-03-01,2019-02-01,883034.0,878584.0,3,persistence,cv,5
2019-04-01,2019-03-01,891193.0,883034.0,3,persistence,cv,5
2019-05-01,2019-04-01,889878.0,891193.0,3,persistence,cv,5
2019-06-01,2019-05-01,878690.0,889878.0,3,persistence,cv,5
2019-07-01,2019-06-01,871011.0,878690.0,3,persistence,cv,6
2019-08-01,2019-07-01,872940.0,871011.0,3,persistence,cv,6
2019-09-01,2019-08-01,865421.0,872940.0,3,persistence,cv,6
2019-10-01,2019-09-01,864734.0,865421.0,3,persistence,cv,6
2019-11-01,2019-10-01,863236.0,864734.0,3,persistence,cv,6
2019-12-01,2019-11-01,854758.0,863236.0,3,persistence,cv,6
2020-01-01,2019-12-01,862880.0,854758.0,3,persistence,cv,6
2020-02-01,2020-01-01,876756.0,862880.0,3,persistence,cv,6
2020-03-01,2020-02-01,886386.0,876756.0,3,persistence,cv,6
2020-04-01,2020-03-01,916045.0,886386.0,3,persistence,cv,6
2020-05-01,2020-04-01,934148.0,916045.0,3,persistence,cv,6
2020-06-01,2020-05-01,956570.0,934148.0,3,persistence,cv,6
2020-07-01,2020-06-01,944808.0,956570.0,3,persistence,cv,7
2020-08-01,2020-07-01,920344.0,944808.0,3,persistence,cv,7
2020-09-01,2020-08-01,912855.0,920344.0,3,persistence,cv,7
2020-10-01,2020-09-01,900201.0,912855.0,3,persistence,cv,7
2020-11-01,2020-10-01,909291.0,900201.0,3,persistence,cv,7
2020-12-01,2020-11-01,896960.0,909291.0,3,persistence,cv,7
2021-01-01,2020-12-01,896086.0,896960.0,3,persistence,cv,7
2021-02-01,2021-01-01,915386.0,896086.0,3,persistence,cv,7
2021-03-01,2021-02-01,932466.0,915386.0,3,persistence,cv,7
2021-04-01,2021-03-01,906599.0,932466.0,3,persistence,cv,7
2021-05-01,2021-04-01,888487.0,906599.0,3,persistence,cv,7
2021-06-01,2021-05-01,865066.0,888487.0,3,persistence,cv,7
2021-07-01,2021-06-01,863624.0,865066.0,3,persistence,cv,8
2021-08-01,2021-07-01,847675.0,863624.0,3,persistence,cv,8
2021-09-01,2021-08-01,846108.0,847675.0,3,persistence,cv,8
2021-10-01,2021-09-01,858522.0,846108.0,3,persistence,cv,8
2021-11-01,2021-10-01,839483.0,858522.0,3,persistence,cv,8
2021-12-01,2021-11-01,818876.0,839483.0,3,persistence,cv,8
2022-01-01,2021-12-01,809576.0,818876.0,3,persistence,cv,8
2022-02-01,2022-01-01,803457.0,809576.0,3,persistence,cv,8
2022-03-01,2022-02-01,793798.0,803457.0,3,persistence,cv,8
2022-04-01,2022-03-01,780525.0,793798.0,3,persistence,cv,8
2022-05-01,2022-04-01,755399.0,780525.0,3,persistence,cv,8
2022-06-01,2022-05-01,728278.0,755399.0,3,persistence,cv,8
2022-07-01,2022-06-01,701873.0,728278.0,3,persistence,cv,9
2022-08-01,2022-07-01,680061.0,701873.0,3,persistence,cv,9
2022-09-01,2022-08-01,656779.0,680061.0,3,persistence,cv,9
2022-10-01,2022-09-01,643035.0,656779.0,3,persistence,cv,9
2022-11-01,2022-10-01,617247.0,643035.0,3,persistence,cv,9
2022-12-01,2022-11-01,615091.0,617247.0,3,persistence,cv,9
2023-01-01,2022-12-01,627659.0,615091.0,3,persistence,cv,9
2023-02-01,2023-01-01,634789.0,627659.0,3,persistence,cv,9
2023-03-01,2023-02-01,632979.0,634789.0,3,persistence,cv,9
2023-04-01,2023-03-01,616409.0,632979.0,3,persistence,cv,9
2023-05-01,2023-04-01,604090.0,616409.0,3,persistence,cv,9
2023-06-01,2023-05-01,593587.0,604090.0,3,persistence,cv,9
2023-07-01,2023-06-01,591983.0,593587.0,3,persistence,cv,10
2023-08-01,2023-07-01,582019.0,591983.0,3,persistence,cv,10
2023-09-01,2023-08-01,589125.0,582019.0,3,persistence,cv,10
2023-10-01,2023-09-01,595213.0,589125.0,3,persistence,cv,10
2023-11-01,2023-10-01,599648.0,595213.0,3,persistence,cv,10
2023-12-01,2023-11-01,582167.0,599648.0,3,persistence,cv,10
2024-01-01,2023-12-01,598600.0,582167.0,3,persistence,cv,10
2024-02-01,2024-01-01,608050.0,598600.0,3,persistence,cv,10
2024-03-01,2024-02-01,609462.0,608050.0,3,persistence,cv,10
2024-04-01,2024-03-01,629996.0,609462.0,3,persistence,cv,10
2024-05-01,2024-04-01,629892.0,629996.0,3,persistence,cv,10
2024-06-01,2024-05-01,624154.0,629892.0,3,persistence,cv,10
2014-07-01,2014-06-01,867623.0,857120.0,3,seasonal_naive,cv,1
2014-08-01,2014-07-01,863183.0,854885.0,3,seasonal_naive,cv,1
2014-09-01,2014-08-01,856901.0,862765.0,3,seasonal_naive,cv,1
2014-10-01,2014-09-01,866769.0,865275.0,3,seasonal_naive,cv,1
2014-11-01,2014-10-01,868014.0,858288.0,3,seasonal_naive,cv,1
2014-12-01,2014-11-01,867012.0,843725.0,3,seasonal_naive,cv,1
2015-01-01,2014-12-01,880450.0,849673.0,3,seasonal_naive,cv,1
2015-02-01,2015-01-01,893237.0,864199.0,3,seasonal_naive,cv,1
2015-03-01,2015-02-01,902630.0,874147.0,3,seasonal_naive,cv,1
2015-04-01,2015-03-01,912245.0,884429.0,3,seasonal_naive,cv,1
2015-05-01,2015-04-01,912769.0,880920.0,3,seasonal_naive,cv,1
2015-06-01,2015-05-01,909638.0,874843.0,3,seasonal_naive,cv,1
2015-07-01,2015-06-01,901436.0,867623.0,3,seasonal_naive,cv,2
2015-08-01,2015-07-01,903460.0,863183.0,3,seasonal_naive,cv,2
2015-09-01,2015-08-01,913989.0,856901.0,3,seasonal_naive,cv,2
2015-10-01,2015-09-01,927812.0,866769.0,3,seasonal_naive,cv,2
2015-11-01,2015-10-01,917915.0,868014.0,3,seasonal_naive,cv,2
2015-12-01,2015-11-01,909794.0,867012.0,3,seasonal_naive,cv,2
2016-01-01,2015-12-01,926164.0,880450.0,3,seasonal_naive,cv,2
2016-02-01,2016-01-01,941054.0,893237.0,3,seasonal_naive,cv,2
2016-03-01,2016-02-01,954397.0,902630.0,3,seasonal_naive,cv,2
2016-04-01,2016-03-01,954850.0,912245.0,3,seasonal_naive,cv,2
2016-05-01,2016-04-01,955225.0,912769.0,3,seasonal_naive,cv,2
2016-06-01,2016-05-01,953039.0,909638.0,3,seasonal_naive,cv,2
2016-07-01,2016-06-01,946026.0,901436.0,3,seasonal_naive,cv,3
2016-08-01,2016-07-01,942134.0,903460.0,3,seasonal_naive,cv,3
2016-09-01,2016-08-01,934996.0,913989.0,3,seasonal_naive,cv,3
2016-10-01,2016-09-01,950199.0,927812.0,3,seasonal_naive,cv,3
2016-11-01,2016-10-01,944791.0,917915.0,3,seasonal_naive,cv,3
2016-12-01,2016-11-01,939104.0,909794.0,3,seasonal_naive,cv,3
2017-01-01,2016-12-01,960380.0,926164.0,3,seasonal_naive,cv,3
2017-02-01,2017-01-01,972797.0,941054.0,3,seasonal_naive,cv,3
2017-03-01,2017-02-01,974127.0,954397.0,3,seasonal_naive,cv,3
2017-04-01,2017-03-01,958981.0,954850.0,3,seasonal_naive,cv,3
2017-05-01,2017-04-01,947102.0,955225.0,3,seasonal_naive,cv,3
2017-06-01,2017-05-01,938694.0,953039.0,3,seasonal_naive,cv,3
2017-07-01,2017-06-01,928830.0,946026.0,3,seasonal_naive,cv,4
2017-08-01,2017-07-01,910451.0,942134.0,3,seasonal_naive,cv,4
2017-09-01,2017-08-01,912311.0,934996.0,3,seasonal_naive,cv,4
2017-10-01,2017-09-01,887682.0,950199.0,3,seasonal_naive,cv,4
2017-11-01,2017-10-01,881971.0,944791.0,3,seasonal_naive,cv,4
2017-12-01,2017-11-01,867357.0,939104.0,3,seasonal_naive,cv,4
2018-01-01,2017-12-01,881098.0,960380.0,3,seasonal_naive,cv,4
2018-02-01,2018-01-01,894999.0,972797.0,3,seasonal_naive,cv,4
2018-03-01,2018-02-01,883010.0,974127.0,3,seasonal_naive,cv,4
2018-04-01,2018-03-01,884390.0,958981.0,3,seasonal_naive,cv,4
2018-05-01,2018-04-01,877138.0,947102.0,3,seasonal_naive,cv,4
2018-06-01,2018-05-01,873052.0,938694.0,3,seasonal_naive,cv,4
2018-07-01,2018-06-01,879521.0,928830.0,3,seasonal_naive,cv,5
2018-08-01,2018-07-01,874105.0,910451.0,3,seasonal_naive,cv,5
2018-09-01,2018-08-01,880801.0,912311.0,3,seasonal_naive,cv,5
2018-10-01,2018-09-01,882042.0,887682.0,3,seasonal_naive,cv,5
2018-11-01,2018-10-01,887119.0,881971.0,3,seasonal_naive,cv,5
2018-12-01,2018-11-01,881191.0,867357.0,3,seasonal_naive,cv,5
2019-01-01,2018-12-01,881131.0,881098.0,3,seasonal_naive,cv,5
2019-02-01,2019-01-01,878584.0,894999.0,3,seasonal_naive,cv,5
2019-03-01,2019-02-01,883034.0,883010.0,3,seasonal_naive,cv,5
2019-04-01,2019-03-01,891193.0,884390.0,3,seasonal_naive,cv,5
2019-05-01,2019-04-01,889878.0,877138.0,3,seasonal_naive,cv,5
2019-06-01,2019-05-01,878690.0,873052.0,3,seasonal_naive,cv,5
2019-07-01,2019-06-01,871011.0,879521.0,3,seasonal_naive,cv,6
2019-08-01,2019-07-01,872940.0,874105.0,3,seasonal_naive,cv,6
2019-09-01,2019-08-01,865421.0,880801.0,3,seasonal_naive,cv,6
2019-10-01,2019-09-01,864734.0,882042.0,3,seasonal_naive,cv,6
2019-11-01,2019-10-01,863236.0,887119.0,3,seasonal_naive,cv,6
2019-12-01,2019-11-01,854758.0,881191.0,3,seasonal_naive,cv,6
2020-01-01,2019-12-01,862880.0,881131.0,3,seasonal_naive,cv,6
2020-02-01,2020-01-01,876756.0,878584.0,3,seasonal_naive,cv,6
2020-03-01,2020-02-01,886386.0,883034.0,3,seasonal_naive,cv,6
2020-04-01,2020-03-01,916045.0,891193.0,3,seasonal_naive,cv,6
2020-05-01,2020-04-01,934148.0,889878.0,3,seasonal_naive,cv,6
2020-06-01,2020-05-01,956570.0,878690.0,3,seasonal_naive,cv,6
2020-07-01,2020-06-01,944808.0,871011.0,3,seasonal_naive,cv,7
2020-08-01,2020-07-01,920344.0,872940.0,3,seasonal_naive,cv,7
2020-09-01,2020-08-01,912855.0,865421.0,3,seasonal_naive,cv,7
2020-10-01,2020-09-01,900201.0,864734.0,3,seasonal_naive,cv,7
2020-11-01,2020-10-01,909291.0,863236.0,3,seasonal_naive,cv,7
2020-12-01,2020-11-01,896960.0,854758.0,3,seasonal_naive,cv,7
2021-01-01,2020-12-01,896086.0,862880.0,3,seasonal_naive,cv,7
2021-02-01,2021-01-01,915386.0,876756.0,3,seasonal_naive,cv,7
2021-03-01,2021-02-01,932466.0,886386.0,3,seasonal_naive,cv,7
2021-04-01,2021-03-01,906599.0,916045.0,3,seasonal_naive,cv,7
2021-05-01,2021-04-01,888487.0,934148.0,3,seasonal_naive,cv,7
2021-06-01,2021-05-01,865066.0,956570.0,3,seasonal_naive,cv,7
2021-07-01,2021-06-01,863624.0,944808.0,3,seasonal_naive,cv,8
2021-08-01,2021-07-01,847675.0,920344.0,3,seasonal_naive,cv,8
2021-09-01,2021-08-01,846108.0,912855.0,3,seasonal_naive,cv,8
2021-10-01,2021-09-01,858522.0,900201.0,3,seasonal_naive,cv,8
2021-11-01,2021-10-01,839483.0,909291.0,3,seasonal_naive,cv,8
2021-12-01,2021-11-01,818876.0,896960.0,3,seasonal_naive,cv,8
2022-01-01,2021-12-01,809576.0,896086.0,3,seasonal_naive,cv,8
2022-02-01,2022-01-01,803457.0,915386.0,3,seasonal_naive,cv,8
2022-03-01,2022-02-01,793798.0,932466.0,3,seasonal_naive,cv,8
2022-04-01,2022-03-01,780525.0,906599.0,3,seasonal_naive,cv,8
2022-05-01,2022-04-01,755399.0,888487.0,3,seasonal_naive,cv,8
2022-06-01,2022-05-01,728278.0,865066.0,3,seasonal_naive,cv,8
2022-07-01,2022-06-01,701873.0,863624.0,3,seasonal_naive,cv,9
2022-08-01,2022-07-01,680061.0,847675.0,3,seasonal_naive,cv,9
2022-09-01,2022-08-01,656779.0,846108.0,3,seasonal_naive,cv,9
2022-10-01,2022-09-01,643035.0,858522.0,3,seasonal_naive,cv,9
2022-11-01,2022-10-01,617247.0,839483.0,3,seasonal_naive,cv,9
2022-12-01,2022-11-01,615091.0,818876.0,3,seasonal_naive,cv,9
2023-01-01,2022-12-01,627659.0,809576.0,3,seasonal_naive,cv,9
2023-02-01,2023-01-01,634789.0,803457.0,3,seasonal_naive,cv,9
2023-03-01,2023-02-01,632979.0,793798.0,3,seasonal_naive,cv,9
2023-04-01,2023-03-01,616409.0,780525.0,3,seasonal_naive,cv,9
2023-05-01,2023-04-01,604090.0,755399.0,3,seasonal_naive,cv,9
2023-06-01,2023-05-01,593587.0,728278.0,3,seasonal_naive,cv,9
2023-07-01,2023-06-01,591983.0,701873.0,3,seasonal_naive,cv,10
2023-08-01,2023-07-01,582019.0,680061.0,3,seasonal_naive,cv,10
2023-09-01,2023-08-01,589125.0,656779.0,3,seasonal_naive,cv,10
2023-10-01,2023-09-01,595213.0,643035.0,3,seasonal_naive,cv,10
2023-11-01,2023-10-01,599648.0,617247.0,3,seasonal_naive,cv,10
2023-12-01,2023-11-01,582167.0,615091.0,3,seasonal_naive,cv,10
2024-01-01,2023-12-01,598600.0,627659.0,3,seasonal_naive,cv,10
2024-02-01,2024-01-01,608050.0,634789.0,3,seasonal_naive,cv,10
2024-03-01,2024-02-01,609462.0,632979.0,3,seasonal_naive,cv,10
2024-04-01,2024-03-01,629996.0,616409.0,3,seasonal_naive,cv,10
2024-05-01,2024-04-01,629892.0,604090.0,3,seasonal_naive,cv,10
2024-06-01,2024-05-01,624154.0,593587.0,3,seasonal_naive,cv,10
2014-07-01,2014-06-01,867623.0,870527.8,3,seasonal_change,cv,1
2014-08-01,2014-07-01,863183.0,861254.0,3,seasonal_change,cv,1
2014-09-01,2014-08-01,856901.0,863607.6,3,seasonal_change,cv,1
2014-10-01,2014-09-01,866769.0,859572.8,3,seasonal_change,cv,1
2014-11-01,2014-10-01,868014.0,860452.0,3,seasonal_change,cv,1
2014-12-01,2014-11-01,867012.0,855079.2,3,seasonal_change,cv,1
2015-01-01,2014-12-01,880450.0,875047.6,3,seasonal_change,cv,1
2015-02-01,2015-01-01,893237.0,885533.6,3,seasonal_change,cv,1
2015-03-01,2015-02-01,902630.0,903497.4,3,seasonal_change,cv,1
2015-04-01,2015-03-01,912245.0,907494.4,3,seasonal_change,cv,1
2015-05-01,2015-04-01,912769.0,910963.6,3,seasonal_change,cv,1
2015-06-01,2015-05-01,909638.0,909313.8,3,seasonal_change,cv,1
2015-07-01,2015-06-01,901436.0,904127.2,3,seasonal_change,cv,2
2015-08-01,2015-07-01,903460.0,895901.8,3,seasonal_change,cv,2
2015-09-01,2015-08-01,913989.0,901820.4,3,seasonal_change,cv,2
2015-10-01,2015-09-01,927812.0,919126.8,3,seasonal_change,cv,2
2015-11-01,2015-10-01,917915.0,922588.6,3,seasonal_change,cv,2
2015-12-01,2015-11-01,909794.0,906437.8,3,seasonal_change,cv,2
2016-01-01,2015-12-01,926164.0,917670.0,3,seasonal_change,cv,2
2016-02-01,2016-01-01,941054.0,932306.6,3,seasonal_change,cv,2
2016-03-01,2016-02-01,954397.0,951575.4,3,seasonal_change,cv,2
2016-04-01,2016-03-01,954850.0,961573.2,3,seasonal_change,cv,2
2016-05-01,2016-04-01,955225.0,955215.2,3,seasonal_change,cv,2
2016-06-01,2016-05-01,953039.0,950139.0,3,seasonal_change,cv,2
2016-07-01,2016-06-01,946026.0,946670.8,3,seasonal_change,cv,3
2016-08-01,2016-07-01,942134.0,939651.2,3,seasonal_change,cv,3
2016-09-01,2016-08-01,934996.0,942336.8,3,seasonal_change,cv,3
2016-10-01,2016-09-01,950199.0,942281.4,3,seasonal_change,cv,3
2016-11-01,2016-10-01,944791.0,945952.2,3,seasonal_change,cv,3
2016-12-01,2016-11-01,939104.0,935202.2,3,seasonal_change,cv,3
2017-01-01,2016-12-01,960380.0,948204.4,3,seasonal_change,cv,3
2017-02-01,2017-01-01,972797.0,970181.0,3,seasonal_change,cv,3
2017-03-01,2017-02-01,974127.0,984318.4,3,seasonal_change,cv,3
2017-04-01,2017-03-01,958981.0,980454.0,3,seasonal_change,cv,3
2017-05-01,2017-04-01,947102.0,959092.2,3,seasonal_change,cv,3
2017-06-01,2017-05-01,938694.0,943219.6,3,seasonal_change,cv,3
2017-07-01,2017-06-01,928830.0,932926.4,3,seasonal_change,cv,4
2017-08-01,2017-07-01,910451.0,925839.2,3,seasonal_change,cv,4
2017-09-01,2017-08-01,912311.0,911787.8,3,seasonal_change,cv,4
2017-10-01,2017-09-01,887682.0,921574.2,3,seasonal_change,cv,4
2017-11-01,2017-10-01,881971.0,883159.2,3,seasonal_change,cv,4
2017-12-01,2017-11-01,867357.0,872346.0,3,seasonal_change,cv,4
2018-01-01,2017-12-01,881098.0,879704.0,3,seasonal_change,cv,4
2018-02-01,2018-01-01,894999.0,893820.6,3,seasonal_change,cv,4
2018-03-01,2018-02-01,883010.0,902779.0,3,seasonal_change,cv,4
2018-04-01,2018-03-01,884390.0,884942.0,3,seasonal_change,cv,4
2018-05-01,2018-04-01,877138.0,881381.6,3,seasonal_change,cv,4
2018-06-01,2018-05-01,873052.0,871369.8,3,seasonal_change,cv,4
2018-07-01,2018-06-01,879521.0,866846.2,3,seasonal_change,cv,5
2018-08-01,2018-07-01,874105.0,874136.6,3,seasonal_change,cv,5
2018-09-01,2018-08-01,880801.0,875474.8,3,seasonal_change,cv,5
2018-10-01,2018-09-01,882042.0,884156.0,3,seasonal_change,cv,5
2018-11-01,2018-10-01,887119.0,876690.4,3,seasonal_change,cv,5
2018-12-01,2018-11-01,881191.0,878321.6,3,seasonal_change,cv,5
2019-01-01,2018-12-01,881131.0,895345.6,3,seasonal_change,cv,5
2019-02-01,2019-01-01,878584.0,894835.2,3,seasonal_change,cv,5
2019-03-01,2019-02-01,883034.0,882989.0,3,seasonal_change,cv,5
2019-04-01,2019-03-01,891193.0,884350.8,3,seasonal_change,cv,5
2019-05-01,2019-04-01,889878.0,886844.8,3,seasonal_change,cv,5
2019-06-01,2019-05-01,878690.0,885100.4,3,seasonal_change,cv,5
2019-07-01,2019-06-01,871011.0,873524.0,3,seasonal_change,cv,6
2019-08-01,2019-07-01,872940.0,864990.4,3,seasonal_change,cv,6
2019-09-01,2019-08-01,865421.0,874073.0,3,seasonal_change,cv,6
2019-10-01,2019-09-01,864734.0,868522.2,3,seasonal_change,cv,6
2019-11-01,2019-10-01,863236.0,861795.2,3,seasonal_change,cv,6
2019-12-01,2019-11-01,854758.0,856165.6,3,seasonal_change,cv,6
2020-01-01,2019-12-01,862880.0,867711.0,3,seasonal_change,cv,6
2020-02-01,2020-01-01,876756.0,873169.6,3,seasonal_change,cv,6
2020-03-01,2020-02-01,886386.0,880061.4,3,seasonal_change,cv,6
2020-04-01,2020-03-01,916045.0,887278.2,3,seasonal_change,cv,6
2020-05-01,2020-04-01,934148.0,912135.6,3,seasonal_change,cv,6
2020-06-01,2020-05-01,956570.0,928348.2,3,seasonal_change,cv,6
2020-07-01,2020-06-01,944808.0,951312.2,3,seasonal_change,cv,7
2020-08-01,2020-07-01,920344.0,940061.2,3,seasonal_change,cv,7
2020-09-01,2020-08-01,912855.0,921229.6,3,seasonal_change,cv,7
2020-10-01,2020-09-01,900201.0,913845.2,3,seasonal_change,cv,7
2020-11-01,2020-10-01,909291.0,896713.6,3,seasonal_change,cv,7
2020-12-01,2020-11-01,896960.0,900725.4,3,seasonal_change,cv,7
2021-01-01,2020-12-01,896086.0,908849.8,3,seasonal_change,cv,7
2021-02-01,2021-01-01,915386.0,906593.4,3,seasonal_change,cv,7
2021-03-01,2021-02-01,932466.0,918738.8,3,seasonal_change,cv,7
2021-04-01,2021-03-01,906599.0,937367.0,3,seasonal_change,cv,7
2021-05-01,2021-04-01,888487.0,906205.4,3,seasonal_change,cv,7
2021-06-01,2021-05-01,865066.0,887797.8,3,seasonal_change,cv,7
2021-07-01,2021-06-01,863624.0,859096.2,3,seasonal_change,cv,8
2021-08-01,2021-07-01,847675.0,853579.6,3,seasonal_change,cv,8
2021-09-01,2021-08-01,846108.0,844957.0,3,seasonal_change,cv,8
2021-10-01,2021-09-01,858522.0,841802.8,3,seasonal_change,cv,8
2021-11-01,2021-10-01,839483.0,858832.0,3,seasonal_change,cv,8
2021-12-01,2021-11-01,818876.0,830075.4,3,seasonal_change,cv,8
2022-01-01,2021-12-01,809576.0,827317.0,3,seasonal_change,cv,8
2022-02-01,2022-01-01,803457.0,820965.4,3,seasonal_change,cv,8
2022-03-01,2022-02-01,793798.0,807557.2,3,seasonal_change,cv,8
2022-04-01,2022-03-01,780525.0,793435.0,3,seasonal_change,cv,8
2022-05-01,2022-04-01,755399.0,776434.0,3,seasonal_change,cv,8
2022-06-01,2022-05-01,728278.0,750462.8,3,seasonal_change,cv,8
2022-07-01,2022-06-01,701873.0,723422.4,3,seasonal_change,cv,9
2022-08-01,2022-07-01,680061.0,689417.2,3,seasonal_change,cv,9
2022-09-01,2022-08-01,656779.0,678457.2,3,seasonal_change,cv,9
2022-10-01,2022-09-01,643035.0,651916.0,3,seasonal_change,cv,9
2022-11-01,2022-10-01,617247.0,640618.8,3,seasonal_change,cv,9
2022-12-01,2022-11-01,615091.0,604855.4,3,seasonal_change,cv,9
2023-01-01,2022-12-01,627659.0,617416.8,3,seasonal_change,cv,9
2023-02-01,2023-01-01,634789.0,635341.2,3,seasonal_change,cv,9
2023-03-01,2023-02-01,632979.0,636691.4,3,seasonal_change,cv,9
2023-04-01,2023-03-01,616409.0,632990.6,3,seasonal_change,cv,9
2023-05-01,2023-04-01,604090.0,609668.6,3,seasonal_change,cv,9
2023-06-01,2023-05-01,593587.0,595411.2,3,seasonal_change,cv,9
2023-07-01,2023-06-01,591983.0,585423.2,3,seasonal_change,cv,10
2023-08-01,2023-07-01,582019.0,578840.6,3,seasonal_change,cv,10
2023-09-01,2023-08-01,589125.0,575386.8,3,seasonal_change,cv,10
2023-10-01,2023-09-01,595213.0,586439.0,3,seasonal_change,cv,10
2023-11-01,2023-10-01,599648.0,588781.4,3,seasonal_change,cv,10
2023-12-01,2023-11-01,582167.0,589748.0,3,seasonal_change,cv,10
2024-01-01,2023-12-01,598600.0,584258.2,3,seasonal_change,cv,10
2024-02-01,2024-01-01,608050.0,604928.0,3,seasonal_change,cv,10
2024-03-01,2024-02-01,609462.0,611988.2,3,seasonal_change,cv,10
2024-04-01,2024-03-01,629996.0,605883.6,3,seasonal_change,cv,10
2024-05-01,2024-04-01,629892.0,622242.2,3,seasonal_change,cv,10
2024-06-01,2024-05-01,624154.0,619929.8,3,seasonal_change,cv,10
2014-07-01,2014-06-01,867623.0,871291.4858928571,3,forecast_flow_identity,cv,1
2014-08-01,2014-07-01,863183.0,862103.1358928572,3,forecast_flow_identity,cv,1
2014-09-01,2014-08-01,856901.0,864359.5218317972,3,forecast_flow_identity,cv,1
2014-10-01,2014-09-01,866769.0,860283.6458928571,3,forecast_flow_identity,cv,1
2014-11-01,2014-10-01,868014.0,861115.2863479262,3,forecast_flow_identity,cv,1
2014-12-01,2014-11-01,867012.0,856317.5842261905,3,forecast_flow_identity,cv,1
2015-01-01,2014-12-01,880450.0,877231.1842261906,3,forecast_flow_identity,cv,1
2015-02-01,2015-01-01,893237.0,888184.7900908417,3,forecast_flow_identity,cv,1
2015-03-01,2015-02-01,902630.0,907039.9831793924,3,forecast_flow_identity,cv,1
2015-04-01,2015-03-01,912245.0,910723.0788832831,3,forecast_flow_identity,cv,1
2015-05-01,2015-04-01,912769.0,914017.7306793923,3,forecast_flow_identity,cv,1
2015-06-01,2015-05-01,909638.0,911890.0667865089,3,forecast_flow_identity,cv,1
2015-07-01,2015-06-01,901436.0,907463.5406793924,3,forecast_flow_identity,cv,2
2015-08-01,2015-07-01,903460.0,899223.4156793925,3,forecast_flow_identity,cv,2
2015-09-01,2015-08-01,913989.0,906254.2280768314,3,forecast_flow_identity,cv,2
2015-10-01,2015-09-01,927812.0,924566.1856793924,3,forecast_flow_identity,cv,2
2015-11-01,2015-10-01,917915.0,928123.5619477992,3,forecast_flow_identity,cv,2
2015-12-01,2015-11-01,909794.0,911175.1548460592,3,forecast_flow_identity,cv,2
2016-01-01,2015-12-01,926164.0,922118.9298460591,3,forecast_flow_identity,cv,2
2016-02-01,2016-01-01,941054.0,937266.842782258,3,forecast_flow_identity,cv,2
2016-03-01,2016-02-01,954397.0,956287.7057697045,3,forecast_flow_identity,cv,2
2016-04-01,2016-03-01,954850.0,966111.9088093914,3,forecast_flow_identity,cv,2
2016-05-01,2016-04-01,955225.0,959365.8832697044,3,forecast_flow_identity,cv,2
2016-06-01,2016-05-01,953039.0,954249.1709061656,3,forecast_flow_identity,cv,2
2016-07-01,2016-06-01,946026.0,950826.1974363711,3,forecast_flow_identity,cv,3
2016-08-01,2016-07-01,942134.0,943500.7974363711,3,forecast_flow_identity,cv,3
2016-09-01,2016-08-01,934996.0,945134.7088093915,3,forecast_flow_identity,cv,3
2016-10-01,2016-09-01,950199.0,943785.1091030377,3,forecast_flow_identity,cv,3
2016-11-01,2016-10-01,944791.0,947647.2088093914,3,forecast_flow_identity,cv,3
2016-12-01,2016-11-01,939104.0,936910.7224363711,3,forecast_flow_identity,cv,3
2017-01-01,2016-12-01,960380.0,950414.3724363712,3,forecast_flow_identity,cv,3
2017-02-01,2017-01-01,972797.0,972364.2059158324,3,forecast_flow_identity,cv,3
2017-03-01,2017-02-01,974127.0,986000.2878304599,3,forecast_flow_identity,cv,3
2017-04-01,2017-03-01,958981.0,982206.1511262514,3,forecast_flow_identity,cv,3
2017-05-01,2017-04-01,947102.0,959832.3844971264,3,forecast_flow_identity,cv,3
2017-06-01,2017-05-01,938694.0,943617.6108036707,3,forecast_flow_identity,cv,3
2017-07-01,2017-06-01,928830.0,933483.9011637932,3,forecast_flow_identity,cv,4
2017-08-01,2017-07-01,910451.0,926049.0761637932,3,forecast_flow_identity,cv,4
2017-09-01,2017-08-01,912311.0,910998.0930617353,3,forecast_flow_identity,cv,4
2017-10-01,2017-09-01,887682.0,920813.3944971263,3,forecast_flow_identity,cv,4
2017-11-01,2017-10-01,881971.0,880467.1608036708,3,forecast_flow_identity,cv,4
2017-12-01,2017-11-01,867357.0,869731.5294971265,3,forecast_flow_identity,cv,4
2018-01-01,2017-12-01,881098.0,876155.7794971265,3,forecast_flow_identity,cv,4
2018-02-01,2018-01-01,894999.0,890058.2466648128,3,forecast_flow_identity,cv,4
2018-03-01,2018-02-01,883010.0,898497.1285119047,3,forecast_flow_identity,cv,4
2018-04-01,2018-03-01,884390.0,879631.2227534562,3,forecast_flow_identity,cv,4
2018-05-01,2018-04-01,877138.0,876060.8418452381,3,forecast_flow_identity,cv,4
2018-06-01,2018-05-01,873052.0,866193.5517857142,3,forecast_flow_identity,cv,4
2018-07-01,2018-06-01,879521.0,861330.5918452381,3,forecast_flow_identity,cv,5
2018-08-01,2018-07-01,874105.0,869815.5418452381,3,forecast_flow_identity,cv,5
2018-09-01,2018-08-01,880801.0,871520.2050115208,3,forecast_flow_identity,cv,5
2018-10-01,2018-09-01,882042.0,880849.7968452381,3,forecast_flow_identity,cv,5
2018-11-01,2018-10-01,887119.0,873327.4340437788,3,forecast_flow_identity,cv,5
2018-12-01,2018-11-01,881191.0,875257.9376785714,3,forecast_flow_identity,cv,5
2019-01-01,2018-12-01,881131.0,891993.4126785714,3,forecast_flow_identity,cv,5
2019-02-01,2019-01-01,878584.0,890506.3992157953,3,forecast_flow_identity,cv,5
2019-03-01,2019-02-01,883034.0,877493.4536576355,3,forecast_flow_identity,cv,5
2019-04-01,2019-03-01,891193.0,879436.851926744,3,forecast_flow_identity,cv,5
2019-05-01,2019-04-01,889878.0,882815.4411576355,3,forecast_flow_identity,cv,5
2019-06-01,2019-05-01,878690.0,881408.4801525505,3,forecast_flow_identity,cv,5
2019-07-01,2019-06-01,871011.0,869276.7086576355,3,forecast_flow_identity,cv,6
2019-08-01,2019-07-01,872940.0,860463.6586576354,3,forecast_flow_identity,cv,6
2019-09-01,2019-08-01,865421.0,870191.8793460989,3,forecast_flow_identity,cv,6
2019-10-01,2019-09-01,864734.0,863489.9036576354,3,forecast_flow_identity,cv,6
2019-11-01,2019-10-01,863236.0,857233.6922493248,3,forecast_flow_identity,cv,6
2019-12-01,2019-11-01,854758.0,851850.0628243021,3,forecast_flow_identity,cv,6
2020-01-01,2019-12-01,862880.0,863780.4878243022,3,forecast_flow_identity,cv,6
2020-02-01,2020-01-01,876756.0,869561.4456374808,3,forecast_flow_identity,cv,6
2020-03-01,2020-02-01,886386.0,876319.7154720854,3,forecast_flow_identity,cv,6
2020-04-01,2020-03-01,916045.0,884404.6988439537,3,forecast_flow_identity,cv,6
2020-05-01,2020-04-01,934148.0,911328.817138752,3,forecast_flow_identity,cv,6
2020-06-01,2020-05-01,956570.0,928954.0714245987,3,forecast_flow_identity,cv,6
2020-07-01,2020-06-01,944808.0,953602.8254720854,3,forecast_flow_identity,cv,7
2020-08-01,2020-07-01,920344.0,941805.9754720853,3,forecast_flow_identity,cv,7
2020-09-01,2020-08-01,912855.0,922455.4569084697,3,forecast_flow_identity,cv,7
2020-10-01,2020-09-01,900201.0,915426.5496387519,3,forecast_flow_identity,cv,7
2020-11-01,2020-10-01,909291.0,898515.7173923408,3,forecast_flow_identity,cv,7
2020-12-01,2020-11-01,896960.0,902740.2113054188,3,forecast_flow_identity,cv,7
2021-01-01,2020-12-01,896086.0,910709.6863054187,3,forecast_flow_identity,cv,7
2021-02-01,2021-01-01,915386.0,907801.7788431591,3,forecast_flow_identity,cv,7
2021-03-01,2021-02-01,932466.0,921132.6605665025,3,forecast_flow_identity,cv,7
2021-04-01,2021-03-01,906599.0,941072.3731288733,3,forecast_flow_identity,cv,7
2021-05-01,2021-04-01,888487.0,908099.8338998358,3,forecast_flow_identity,cv,7
2021-06-01,2021-05-01,865066.0,888829.6150643572,3,forecast_flow_identity,cv,7
2021-07-01,2021-06-01,863624.0,858871.7305665024,3,forecast_flow_identity,cv,8
2021-08-01,2021-07-01,847675.0,853503.7055665024,3,forecast_flow_identity,cv,8
2021-09-01,2021-08-01,846108.0,845044.1263546799,3,forecast_flow_identity,cv,8
2021-10-01,2021-09-01,858522.0,841609.2197331691,3,forecast_flow_identity,cv,8
2021-11-01,2021-10-01,839483.0,860870.3626450024,3,forecast_flow_identity,cv,8
2021-12-01,2021-11-01,818876.0,830738.4772331693,3,forecast_flow_identity,cv,8
2022-01-01,2021-12-01,809576.0,827699.0272331692,3,forecast_flow_identity,cv,8
2022-02-01,2022-01-01,803457.0,821282.9764330739,3,forecast_flow_identity,cv,8
2022-03-01,2022-02-01,793798.0,807144.5084523809,3,forecast_flow_identity,cv,8
2022-04-01,2022-03-01,780525.0,792168.154953917,3,forecast_flow_identity,cv,8
2022-05-01,2022-04-01,755399.0,773312.7376190478,3,forecast_flow_identity,cv,8
2022-06-01,2022-05-01,728278.0,745858.9251152073,3,forecast_flow_identity,cv,8
2022-07-01,2022-06-01,701873.0,717249.5317857143,3,forecast_flow_identity,cv,9
2022-08-01,2022-07-01,680061.0,681791.5067857143,3,forecast_flow_identity,cv,9
2022-09-01,2022-08-01,656779.0,670194.9162442397,3,forecast_flow_identity,cv,9
2022-10-01,2022-09-01,643035.0,642526.110952381,3,forecast_flow_identity,cv,9
2022-11-01,2022-10-01,617247.0,629668.3089861751,3,forecast_flow_identity,cv,9
2022-12-01,2022-11-01,615091.0,592076.8476190477,3,forecast_flow_identity,cv,9
2023-01-01,2022-12-01,627659.0,604983.1976190476,3,forecast_flow_identity,cv,9
2023-02-01,2023-01-01,634789.0,625251.3077493511,3,forecast_flow_identity,cv,9
2023-03-01,2023-02-01,632979.0,626125.7725882594,3,forecast_flow_identity,cv,9
2023-04-01,2023-03-01,616409.0,621577.0847628317,3,forecast_flow_identity,cv,9
2023-05-01,2023-04-01,604090.0,597124.6342549261,3,forecast_flow_identity,cv,9
2023-06-01,2023-05-01,593587.0,582964.4686337995,3,forecast_flow_identity,cv,9
2023-07-01,2023-06-01,591983.0,572823.501754926,3,forecast_flow_identity,cv,10
2023-08-01,2023-07-01,582019.0,567666.526754926,3,forecast_flow_identity,cv,10
2023-09-01,2023-08-01,589125.0,565287.5436337995,3,forecast_flow_identity,cv,10
2023-10-01,2023-09-01,595213.0,577745.321754926,3,forecast_flow_identity,cv,10
2023-11-01,2023-10-01,599648.0,581078.2678273479,3,forecast_flow_identity,cv,10
2023-12-01,2023-11-01,582167.0,583241.6542549261,3,forecast_flow_identity,cv,10
2024-01-01,2023-12-01,598600.0,577670.2792549261,3,forecast_flow_identity,cv,10
2024-02-01,2024-01-01,608050.0,599412.2347407835,3,forecast_flow_identity,cv,10
2024-03-01,2024-02-01,609462.0,605387.6395381774,3,forecast_flow_identity,cv,10
2024-04-01,2024-03-01,629996.0,599410.0608433974,3,forecast_flow_identity,cv,10
2024-05-01,2024-04-01,629892.0,617708.7195381774,3,forecast_flow_identity,cv,10
2024-06-01,2024-05-01,624154.0,616379.7963272684,3,forecast_flow_identity,cv,10
2014-07-01,2014-06-01,867623.0,875227.118752436,3,legacy_constrained_level,cv,1
2014-08-01,2014-07-01,863183.0,866549.6872300794,3,legacy_constrained_level,cv,1
2014-09-01,2014-08-01,856901.0,863327.1476567654,3,legacy_constrained_level,cv,1
2014-10-01,2014-09-01,866769.0,860841.8914567347,3,legacy_constrained_level,cv,1
2014-11-01,2014-10-01,868014.0,872016.163492934,3,legacy_constrained_level,cv,1
2014-12-01,2014-11-01,867012.0,871747.7262878108,3,legacy_constrained_level,cv,1
2015-01-01,2014-12-01,880450.0,867653.0741018358,3,legacy_constrained_level,cv,1
2015-02-01,2015-01-01,893237.0,884074.2319980984,3,legacy_constrained_level,cv,1
2015-03-01,2015-02-01,902630.0,897581.940285632,3,legacy_constrained_level,cv,1
2015-04-01,2015-03-01,912245.0,903859.5519793438,3,legacy_constrained_level,cv,1
2015-05-01,2015-04-01,912769.0,907541.9022786415,3,legacy_constrained_level,cv,1
2015-06-01,2015-05-01,909638.0,905810.7222441561,3,legacy_constrained_level,cv,1
2015-07-01,2015-06-01,901436.0,903941.2313721064,3,legacy_constrained_level,cv,2
2015-08-01,2015-07-01,903460.0,897639.6384247601,3,legacy_constrained_level,cv,2
2015-09-01,2015-08-01,913989.0,900038.0050838484,3,legacy_constrained_level,cv,2
2015-10-01,2015-09-01,927812.0,911460.5119153503,3,legacy_constrained_level,cv,2
2015-11-01,2015-10-01,917915.0,922946.2537475121,3,legacy_constrained_level,cv,2
2015-12-01,2015-11-01,909794.0,911828.1407354443,3,legacy_constrained_level,cv,2
2016-01-01,2015-12-01,926164.0,902131.2643860587,3,legacy_constrained_level,cv,2
2016-02-01,2016-01-01,941054.0,924320.072474252,3,legacy_constrained_level,cv,2
2016-03-01,2016-02-01,954397.0,936254.2350863885,3,legacy_constrained_level,cv,2
2016-04-01,2016-03-01,954850.0,945024.7355732903,3,legacy_constrained_level,cv,2
2016-05-01,2016-04-01,955225.0,944741.8487855282,3,legacy_constrained_level,cv,2
2016-06-01,2016-05-01,953039.0,944003.0498038044,3,legacy_constrained_level,cv,2
2016-07-01,2016-06-01,946026.0,949154.1792936812,3,legacy_constrained_level,cv,3
2016-08-01,2016-07-01,942134.0,943141.3835354896,3,legacy_constrained_level,cv,3
2016-09-01,2016-08-01,934996.0,938245.9898580463,3,legacy_constrained_level,cv,3
2016-10-01,2016-09-01,950199.0,930744.9735859702,3,legacy_constrained_level,cv,3
2016-11-01,2016-10-01,944791.0,951137.1879442489,3,legacy_constrained_level,cv,3
2016-12-01,2016-11-01,939104.0,942497.8584311599,3,legacy_constrained_level,cv,3
2017-01-01,2016-12-01,960380.0,934515.9393991424,3,legacy_constrained_level,cv,3
2017-02-01,2017-01-01,972797.0,960579.828005161,3,legacy_constrained_level,cv,3
2017-03-01,2017-02-01,974127.0,972278.5245225001,3,legacy_constrained_level,cv,3
2017-04-01,2017-03-01,958981.0,970886.3852935992,3,legacy_constrained_level,cv,3
2017-05-01,2017-04-01,947102.0,951219.0902457916,3,legacy_constrained_level,cv,3
2017-06-01,2017-05-01,938694.0,937659.1359287796,3,legacy_constrained_level,cv,3
2017-07-01,2017-06-01,928830.0,932482.772144478,3,legacy_constrained_level,cv,4
2017-08-01,2017-07-01,910451.0,923020.3945977526,3,legacy_constrained_level,cv,4
2017-09-01,2017-08-01,912311.0,908735.555721634,3,legacy_constrained_level,cv,4
2017-10-01,2017-09-01,887682.0,918433.5345092282,3,legacy_constrained_level,cv,4
2017-11-01,2017-10-01,881971.0,882847.8820361332,3,legacy_constrained_level,cv,4
2017-12-01,2017-11-01,867357.0,881009.0727149132,3,legacy_constrained_level,cv,4
2018-01-01,2017-12-01,881098.0,863617.6283012556,3,legacy_constrained_level,cv,4
2018-02-01,2018-01-01,894999.0,882419.9343491987,3,legacy_constrained_level,cv,4
2018-03-01,2018-02-01,883010.0,900931.1247559899,3,legacy_constrained_level,cv,4
2018-04-01,2018-03-01,884390.0,884332.4316927433,3,legacy_constrained_level,cv,4
2018-05-01,2018-04-01,877138.0,886489.2023664353,3,legacy_constrained_level,cv,4
2018-06-01,2018-05-01,873052.0,876190.365415755,3,legacy_constrained_level,cv,4
2018-07-01,2018-06-01,879521.0,865680.2249337605,3,legacy_constrained_level,cv,5
2018-08-01,2018-07-01,874105.0,875428.0473462993,3,legacy_constrained_level,cv,5
2018-09-01,2018-08-01,880801.0,874239.8214772731,3,legacy_constrained_level,cv,5
2018-10-01,2018-09-01,882042.0,879234.9628243034,3,legacy_constrained_level,cv,5
2018-11-01,2018-10-01,887119.0,877296.2928708458,3,legacy_constrained_level,cv,5
2018-12-01,2018-11-01,881191.0,883168.0925643747,3,legacy_constrained_level,cv,5
2019-01-01,2018-12-01,881131.0,876591.977084884,3,legacy_constrained_level,cv,5
2019-02-01,2019-01-01,878584.0,876907.4546032305,3,legacy_constrained_level,cv,5
2019-03-01,2019-02-01,883034.0,872507.7609600284,3,legacy_constrained_level,cv,5
2019-04-01,2019-03-01,891193.0,880368.1480740184,3,legacy_constrained_level,cv,5
2019-05-01,2019-04-01,889878.0,886032.0780682659,3,legacy_constrained_level,cv,5
2019-06-01,2019-05-01,878690.0,882808.9280051799,3,legacy_constrained_level,cv,5
2019-07-01,2019-06-01,871011.0,874541.3313794151,3,legacy_constrained_level,cv,6
2019-08-01,2019-07-01,872940.0,868806.9623198947,3,legacy_constrained_level,cv,6
2019-09-01,2019-08-01,865421.0,874601.7057488755,3,legacy_constrained_level,cv,6
2019-10-01,2019-09-01,864734.0,868035.6013456327,3,legacy_constrained_level,cv,6
2019-11-01,2019-10-01,863236.0,866151.1515643952,3,legacy_constrained_level,cv,6
2019-12-01,2019-11-01,854758.0,866197.230897504,3,legacy_constrained_level,cv,6
2020-01-01,2019-12-01,862880.0,854523.1370532386,3,legacy_constrained_level,cv,6
2020-02-01,2020-01-01,876756.0,866881.9803802089,3,legacy_constrained_level,cv,6
2020-03-01,2020-02-01,886386.0,878882.4260787077,3,legacy_constrained_level,cv,6
2020-04-01,2020-03-01,916045.0,887274.5021369571,3,legacy_constrained_level,cv,6
2020-05-01,2020-04-01,934148.0,923858.4123574763,3,legacy_constrained_level,cv,6
2020-06-01,2020-05-01,956570.0,929149.9796941502,3,legacy_constrained_level,cv,6
2020-07-01,2020-06-01,944808.0,961151.2949238913,3,legacy_constrained_level,cv,7
2020-08-01,2020-07-01,920344.0,944429.7989373582,3,legacy_constrained_level,cv,7
2020-09-01,2020-08-01,912855.0,916114.7436242283,3,legacy_constrained_level,cv,7
2020-10-01,2020-09-01,900201.0,918682.4007982449,3,legacy_constrained_level,cv,7
2020-11-01,2020-10-01,909291.0,903054.1798202203,3,legacy_constrained_level,cv,7
2020-12-01,2020-11-01,896960.0,915501.8783987433,3,legacy_constrained_level,cv,7
2021-01-01,2020-12-01,896086.0,898064.8156355715,3,legacy_constrained_level,cv,7
2021-02-01,2021-01-01,915386.0,897397.3106244009,3,legacy_constrained_level,cv,7
2021-03-01,2021-02-01,932466.0,925034.4019266547,3,legacy_constrained_level,cv,7
2021-04-01,2021-03-01,906599.0,941094.785036786,3,legacy_constrained_level,cv,7
2021-05-01,2021-04-01,888487.0,905306.9397877812,3,legacy_constrained_level,cv,7
2021-06-01,2021-05-01,865066.0,891151.077869085,3,legacy_constrained_level,cv,7
2021-07-01,2021-06-01,863624.0,862066.1577436241,3,legacy_constrained_level,cv,8
2021-08-01,2021-07-01,847675.0,868570.6701150743,3,legacy_constrained_level,cv,8
2021-09-01,2021-08-01,846108.0,850419.2665593383,3,legacy_constrained_level,cv,8
2021-10-01,2021-09-01,858522.0,852973.7705248636,3,legacy_constrained_level,cv,8
2021-11-01,2021-10-01,839483.0,865628.7524706721,3,legacy_constrained_level,cv,8
2021-12-01,2021-11-01,818876.0,843240.9688645395,3,legacy_constrained_level,cv,8
2022-01-01,2021-12-01,809576.0,821425.3175106333,3,legacy_constrained_level,cv,8
2022-02-01,2022-01-01,803457.0,814244.0360595494,3,legacy_constrained_level,cv,8
2022-03-01,2022-02-01,793798.0,810103.4401236884,3,legacy_constrained_level,cv,8
2022-04-01,2022-03-01,780525.0,801255.8718661037,3,legacy_constrained_level,cv,8
2022-05-01,2022-04-01,755399.0,787629.3929642312,3,legacy_constrained_level,cv,8
2022-06-01,2022-05-01,728278.0,763228.409027866,3,legacy_constrained_level,cv,8
2022-07-01,2022-06-01,701873.0,723773.3093449492,3,legacy_constrained_level,cv,9
2022-08-01,2022-07-01,680061.0,696931.4618923902,3,legacy_constrained_level,cv,9
2022-09-01,2022-08-01,656779.0,676527.863704362,3,legacy_constrained_level,cv,9
2022-10-01,2022-09-01,643035.0,654799.3104973321,3,legacy_constrained_level,cv,9
2022-11-01,2022-10-01,617247.0,640760.3388718467,3,legacy_constrained_level,cv,9
2022-12-01,2022-11-01,615091.0,612176.0972207296,3,legacy_constrained_level,cv,9
2023-01-01,2022-12-01,627659.0,616912.9730766276,3,legacy_constrained_level,cv,9
2023-02-01,2023-01-01,634789.0,634019.3996505204,3,legacy_constrained_level,cv,9
2023-03-01,2023-02-01,632979.0,637098.4875183596,3,legacy_constrained_level,cv,9
2023-04-01,2023-03-01,616409.0,630992.2953191102,3,legacy_constrained_level,cv,9
2023-05-01,2023-04-01,604090.0,613692.2525270722,3,legacy_constrained_level,cv,9
2023-06-01,2023-05-01,593587.0,602509.2638505622,3,legacy_constrained_level,cv,9
2023-07-01,2023-06-01,591983.0,585344.4171787729,3,legacy_constrained_level,cv,10
2023-08-01,2023-07-01,582019.0,582978.9898288461,3,legacy_constrained_level,cv,10
2023-09-01,2023-08-01,589125.0,570589.9672174265,3,legacy_constrained_level,cv,10
2023-10-01,2023-09-01,595213.0,581910.5976467493,3,legacy_constrained_level,cv,10
2023-11-01,2023-10-01,599648.0,589116.4927676544,3,legacy_constrained_level,cv,10
2023-12-01,2023-11-01,582167.0,594190.8088449683,3,legacy_constrained_level,cv,10
2024-01-01,2023-12-01,598600.0,568848.4498569998,3,legacy_constrained_level,cv,10
2024-02-01,2024-01-01,608050.0,592680.1166736297,3,legacy_constrained_level,cv,10
2024-03-01,2024-02-01,609462.0,602412.3126841607,3,legacy_constrained_level,cv,10
2024-04-01,2024-03-01,629996.0,600693.4612581873,3,legacy_constrained_level,cv,10
2024-05-01,2024-04-01,629892.0,625224.2027218596,3,legacy_constrained_level,cv,10
2024-06-01,2024-05-01,624154.0,621104.3796573668,3,legacy_constrained_level,cv,10
2014-07-01,2014-06-01,867623.0,875035.0565606651,3,constrained_level,cv,1
2014-08-01,2014-07-01,863183.0,865823.3092958343,3,constrained_level,cv,1
2014-09-01,2014-08-01,856901.0,862978.6290165468,3,constrained_level,cv,1
2014-10-01,2014-09-01,866769.0,860503.8087183096,3,constrained_level,cv,1
2014-11-01,2014-10-01,868014.0,871555.4011931326,3,constrained_level,cv,1
2014-12-01,2014-11-01,867012.0,870798.7006862338,3,constrained_level,cv,1
2015-01-01,2014-12-01,880450.0,867807.7775477809,3,constrained_level,cv,1
2015-02-01,2015-01-01,893237.0,883832.7392095838,3,constrained_level,cv,1
2015-03-01,2015-02-01,902630.0,897406.7946966415,3,constrained_level,cv,1
2015-04-01,2015-03-01,912245.0,903154.4893346317,3,constrained_level,cv,1
2015-05-01,2015-04-01,912769.0,907280.3450127742,3,constrained_level,cv,1
2015-06-01,2015-05-01,909638.0,905038.6423147438,3,constrained_level,cv,1
2015-07-01,2015-06-01,901436.0,904223.5485936188,3,constrained_level,cv,2
2015-08-01,2015-07-01,903460.0,897257.0182597409,3,constrained_level,cv,2
2015-09-01,2015-08-01,913989.0,900723.3609322043,3,constrained_level,cv,2
2015-10-01,2015-09-01,927812.0,911001.8473544478,3,constrained_level,cv,2
2015-11-01,2015-10-01,917915.0,923599.6423198855,3,constrained_level,cv,2
2015-12-01,2015-11-01,909794.0,911733.1061348596,3,constrained_level,cv,2
2016-01-01,2015-12-01,926164.0,902247.6334564191,3,constrained_level,cv,2
2016-02-01,2016-01-01,941054.0,925986.2292731823,3,constrained_level,cv,2
2016-03-01,2016-02-01,954397.0,938119.5554278707,3,constrained_level,cv,2
2016-04-01,2016-03-01,954850.0,945757.4606297847,3,constrained_level,cv,2
2016-05-01,2016-04-01,955225.0,945523.8304308645,3,constrained_level,cv,2
2016-06-01,2016-05-01,953039.0,945234.1559574702,3,constrained_level,cv,2
2016-07-01,2016-06-01,946026.0,951724.1456727093,3,constrained_level,cv,3
2016-08-01,2016-07-01,942134.0,943784.8918625911,3,constrained_level,cv,3
2016-09-01,2016-08-01,934996.0,938904.4396557199,3,constrained_level,cv,3
2016-10-01,2016-09-01,950199.0,930758.7761171302,3,constrained_level,cv,3
2016-11-01,2016-10-01,944791.0,953489.5503899578,3,constrained_level,cv,3
2016-12-01,2016-11-01,939104.0,942407.4007775126,3,constrained_level,cv,3
2017-01-01,2016-12-01,960380.0,936588.0240141925,3,constrained_level,cv,3
2017-02-01,2017-01-01,972797.0,962309.8275571916,3,constrained_level,cv,3
2017-03-01,2017-02-01,974127.0,974268.4919053934,3,constrained_level,cv,3
2017-04-01,2017-03-01,958981.0,971036.5299590821,3,constrained_level,cv,3
2017-05-01,2017-04-01,947102.0,950717.0414650912,3,constrained_level,cv,3
2017-06-01,2017-05-01,938694.0,939520.7214707055,3,constrained_level,cv,3
2017-07-01,2017-06-01,928830.0,933960.3192150473,3,constrained_level,cv,4
2017-08-01,2017-07-01,910451.0,923527.7514804687,3,constrained_level,cv,4
2017-09-01,2017-08-01,912311.0,907274.1945476116,3,constrained_level,cv,4
2017-10-01,2017-09-01,887682.0,915472.1618852479,3,constrained_level,cv,4
2017-11-01,2017-10-01,881971.0,877396.1720231492,3,constrained_level,cv,4
2017-12-01,2017-11-01,867357.0,879113.2741398525,3,constrained_level,cv,4
2018-01-01,2017-12-01,881098.0,862045.004549327,3,constrained_level,cv,4
2018-02-01,2018-01-01,894999.0,880744.9518589547,3,constrained_level,cv,4
2018-03-01,2018-02-01,883010.0,897436.2626851194,3,constrained_level,cv,4
2018-04-01,2018-03-01,884390.0,881572.248274671,3,constrained_level,cv,4
2018-05-01,2018-04-01,877138.0,883641.9901350973,3,constrained_level,cv,4
2018-06-01,2018-05-01,873052.0,873963.6760319108,3,constrained_level,cv,4
2018-07-01,2018-06-01,879521.0,865786.1828744937,3,constrained_level,cv,5
2018-08-01,2018-07-01,874105.0,876577.5973956555,3,constrained_level,cv,5
2018-09-01,2018-08-01,880801.0,873584.4816371221,3,constrained_level,cv,5
2018-10-01,2018-09-01,882042.0,878885.568011864,3,constrained_level,cv,5
2018-11-01,2018-10-01,887119.0,877404.2178923396,3,constrained_level,cv,5
2018-12-01,2018-11-01,881191.0,885811.1525069281,3,constrained_level,cv,5
2019-01-01,2018-12-01,881131.0,878142.965067979,3,constrained_level,cv,5
2019-02-01,2019-01-01,878584.0,876132.963362896,3,constrained_level,cv,5
2019-03-01,2019-02-01,883034.0,872846.7448946005,3,constrained_level,cv,5
2019-04-01,2019-03-01,891193.0,876454.6129706878,3,constrained_level,cv,5
2019-05-01,2019-04-01,889878.0,886178.654718824,3,constrained_level,cv,5
2019-06-01,2019-05-01,878690.0,882323.6413209578,3,constrained_level,cv,5
2019-07-01,2019-06-01,871011.0,873558.2278752602,3,constrained_level,cv,6
2019-08-01,2019-07-01,872940.0,868751.5450837954,3,constrained_level,cv,6
2019-09-01,2019-08-01,865421.0,873746.5680912163,3,constrained_level,cv,6
2019-10-01,2019-09-01,864734.0,865648.6166138932,3,constrained_level,cv,6
2019-11-01,2019-10-01,863236.0,865681.049333258,3,constrained_level,cv,6
2019-12-01,2019-11-01,854758.0,864864.4790677428,3,constrained_level,cv,6
2020-01-01,2019-12-01,862880.0,852049.3866913912,3,constrained_level,cv,6
2020-02-01,2020-01-01,876756.0,866430.716140136,3,constrained_level,cv,6
2020-03-01,2020-02-01,886386.0,879013.8213053603,3,constrained_level,cv,6
2020-04-01,2020-03-01,916045.0,886750.8924962641,3,constrained_level,cv,6
2020-05-01,2020-04-01,934148.0,921690.8189744987,3,constrained_level,cv,6
2020-06-01,2020-05-01,956570.0,926884.5469302767,3,constrained_level,cv,6
2020-07-01,2020-06-01,944808.0,961283.5145095409,3,constrained_level,cv,7
2020-08-01,2020-07-01,920344.0,941238.7771194173,3,constrained_level,cv,7
2020-09-01,2020-08-01,912855.0,914044.6868939453,3,constrained_level,cv,7
2020-10-01,2020-09-01,900201.0,915279.5912097932,3,constrained_level,cv,7
2020-11-01,2020-10-01,909291.0,900417.4583718177,3,constrained_level,cv,7
2020-12-01,2020-11-01,896960.0,915025.3647072734,3,constrained_level,cv,7
2021-01-01,2020-12-01,896086.0,895758.5790001516,3,constrained_level,cv,7
2021-02-01,2021-01-01,915386.0,896972.4124190207,3,constrained_level,cv,7
2021-03-01,2021-02-01,932466.0,924475.2134871532,3,constrained_level,cv,7
2021-04-01,2021-03-01,906599.0,940223.5987073926,3,constrained_level,cv,7
2021-05-01,2021-04-01,888487.0,902165.6439253375,3,constrained_level,cv,7
2021-06-01,2021-05-01,865066.0,887943.510391488,3,constrained_level,cv,7
2021-07-01,2021-06-01,863624.0,859700.3957509252,3,constrained_level,cv,8
2021-08-01,2021-07-01,847675.0,865836.352500077,3,constrained_level,cv,8
2021-09-01,2021-08-01,846108.0,847044.9406961901,3,constrained_level,cv,8
2021-10-01,2021-09-01,858522.0,850024.4840758779,3,constrained_level,cv,8
2021-11-01,2021-10-01,839483.0,865646.2493754907,3,constrained_level,cv,8
2021-12-01,2021-11-01,818876.0,837861.943619319,3,constrained_level,cv,8
2022-01-01,2021-12-01,809576.0,818326.5645457762,3,constrained_level,cv,8
2022-02-01,2022-01-01,803457.0,810722.3981005199,3,constrained_level,cv,8
2022-03-01,2022-02-01,793798.0,805562.4062074705,3,constrained_level,cv,8
2022-04-01,2022-03-01,780525.0,796573.3259827864,3,constrained_level,cv,8
2022-05-01,2022-04-01,755399.0,783156.4813749864,3,constrained_level,cv,8
2022-06-01,2022-05-01,728278.0,756734.8998540445,3,constrained_level,cv,8
2022-07-01,2022-06-01,701873.0,718285.3785646139,3,constrained_level,cv,9
2022-08-01,2022-07-01,680061.0,690452.8967513347,3,constrained_level,cv,9
2022-09-01,2022-08-01,656779.0,671289.3313390863,3,constrained_level,cv,9
2022-10-01,2022-09-01,643035.0,645532.6419589992,3,constrained_level,cv,9
2022-11-01,2022-10-01,617247.0,635195.0560036969,3,constrained_level,cv,9
2022-12-01,2022-11-01,615091.0,610577.697853027,3,constrained_level,cv,9
2023-01-01,2022-12-01,627659.0,617420.8956958591,3,constrained_level,cv,9
2023-02-01,2023-01-01,634789.0,631733.8594126472,3,constrained_level,cv,9
2023-03-01,2023-02-01,632979.0,640399.8034951151,3,constrained_level,cv,9
2023-04-01,2023-03-01,616409.0,632009.7469912549,3,constrained_level,cv,9
2023-05-01,2023-04-01,604090.0,612681.2858419312,3,constrained_level,cv,9
2023-06-01,2023-05-01,593587.0,603401.6468891432,3,constrained_level,cv,9
2023-07-01,2023-06-01,591983.0,583885.4617454377,3,constrained_level,cv,10
2023-08-01,2023-07-01,582019.0,585874.150606606,3,constrained_level,cv,10
2023-09-01,2023-08-01,589125.0,570352.5171857392,3,constrained_level,cv,10
2023-10-01,2023-09-01,595213.0,584838.4660110308,3,constrained_level,cv,10
2023-11-01,2023-10-01,599648.0,587595.914142391,3,constrained_level,cv,10
2023-12-01,2023-11-01,582167.0,594977.3781640547,3,constrained_level,cv,10
2024-01-01,2023-12-01,598600.0,569652.3017735928,3,constrained_level,cv,10
2024-02-01,2024-01-01,608050.0,603225.3023831742,3,constrained_level,cv,10
2024-03-01,2024-02-01,609462.0,609246.3062565471,3,constrained_level,cv,10
2024-04-01,2024-03-01,629996.0,606121.3103032093,3,constrained_level,cv,10
2024-05-01,2024-04-01,629892.0,633477.8079641968,3,constrained_level,cv,10
2024-06-01,2024-05-01,624154.0,622193.6915853594,3,constrained_level,cv,10
2014-07-01,2014-06-01,867623.0,874813.8116000968,3,ridge_change,cv,1
2014-08-01,2014-07-01,863183.0,866485.5753746369,3,ridge_change,cv,1
2014-09-01,2014-08-01,856901.0,862380.7223489269,3,ridge_change,cv,1
2014-10-01,2014-09-01,866769.0,857122.8375170024,3,ridge_change,cv,1
2014-11-01,2014-10-01,868014.0,867774.8587494241,3,ridge_change,cv,1
2014-12-01,2014-11-01,867012.0,867859.0528387926,3,ridge_change,cv,1
2015-01-01,2014-12-01,880450.0,866983.1589952208,3,ridge_change,cv,1
2015-02-01,2015-01-01,893237.0,881213.428696835,3,ridge_change,cv,1
2015-03-01,2015-02-01,902630.0,894191.7563370884,3,ridge_change,cv,1
2015-04-01,2015-03-01,912245.0,901214.9461730298,3,ridge_change,cv,1
2015-05-01,2015-04-01,912769.0,910446.2667641041,3,ridge_change,cv,1
2015-06-01,2015-05-01,909638.0,909395.4336861366,3,ridge_change,cv,1
2015-07-01,2015-06-01,901436.0,908738.309655169,3,ridge_change,cv,2
2015-08-01,2015-07-01,903460.0,900303.9994696266,3,ridge_change,cv,2
2015-09-01,2015-08-01,913989.0,903702.024867926,3,ridge_change,cv,2
2015-10-01,2015-09-01,927812.0,914407.2670736143,3,ridge_change,cv,2
2015-11-01,2015-10-01,917915.0,928874.0751809524,3,ridge_change,cv,2
2015-12-01,2015-11-01,909794.0,915988.0104395127,3,ridge_change,cv,2
2016-01-01,2015-12-01,926164.0,907857.4361947026,3,ridge_change,cv,2
2016-02-01,2016-01-01,941054.0,927293.5052307924,3,ridge_change,cv,2
2016-03-01,2016-02-01,954397.0,941767.5045360115,3,ridge_change,cv,2
2016-04-01,2016-03-01,954850.0,952747.8117875764,3,ridge_change,cv,2
2016-05-01,2016-04-01,955225.0,952678.3912988086,3,ridge_change,cv,2
2016-06-01,2016-05-01,953039.0,953099.9012597026,3,ridge_change,cv,2
2016-07-01,2016-06-01,946026.0,953941.1985777197,3,ridge_change,cv,3
2016-08-01,2016-07-01,942134.0,945001.3096930962,3,ridge_change,cv,3
2016-09-01,2016-08-01,934996.0,942854.1540973281,3,ridge_change,cv,3
2016-10-01,2016-09-01,950199.0,936037.2754597282,3,ridge_change,cv,3
2016-11-01,2016-10-01,944791.0,953338.7397634442,3,ridge_change,cv,3
2016-12-01,2016-11-01,939104.0,944928.7173593745,3,ridge_change,cv,3
2017-01-01,2016-12-01,960380.0,939810.3948016554,3,ridge_change,cv,3
2017-02-01,2017-01-01,972797.0,963862.0705358622,3,ridge_change,cv,3
2017-03-01,2017-02-01,974127.0,977690.2973361892,3,ridge_change,cv,3
2017-04-01,2017-03-01,958981.0,975755.3174243509,3,ridge_change,cv,3
2017-05-01,2017-04-01,947102.0,959345.7331883141,3,ridge_change,cv,3
2017-06-01,2017-05-01,938694.0,948241.7820529428,3,ridge_change,cv,3
2017-07-01,2017-06-01,928830.0,937763.0998134676,3,ridge_change,cv,4
2017-08-01,2017-07-01,910451.0,927469.0191196124,3,ridge_change,cv,4
2017-09-01,2017-08-01,912311.0,908940.2007179277,3,ridge_change,cv,4
2017-10-01,2017-09-01,887682.0,913598.4669071583,3,ridge_change,cv,4
2017-11-01,2017-10-01,881971.0,884561.0377527071,3,ridge_change,cv,4
2017-12-01,2017-11-01,867357.0,882170.0953661869,3,ridge_change,cv,4
2018-01-01,2017-12-01,881098.0,866484.7265663601,3,ridge_change,cv,4
2018-02-01,2018-01-01,894999.0,883465.4548151902,3,ridge_change,cv,4
2018-03-01,2018-02-01,883010.0,897660.9030785856,3,ridge_change,cv,4
2018-04-01,2018-03-01,884390.0,881876.2024695213,3,ridge_change,cv,4
2018-05-01,2018-04-01,877138.0,884870.3672847317,3,ridge_change,cv,4
2018-06-01,2018-05-01,873052.0,877030.218374789,3,ridge_change,cv,4
2018-07-01,2018-06-01,879521.0,870431.3164477636,3,ridge_change,cv,5
2018-08-01,2018-07-01,874105.0,878298.3329299801,3,ridge_change,cv,5
2018-09-01,2018-08-01,880801.0,872054.576524947,3,ridge_change,cv,5
2018-10-01,2018-09-01,882042.0,880146.0347871968,3,ridge_change,cv,5
2018-11-01,2018-10-01,887119.0,880495.4864317982,3,ridge_change,cv,5
2018-12-01,2018-11-01,881191.0,886413.4020149915,3,ridge_change,cv,5
2019-01-01,2018-12-01,881131.0,878966.2429953944,3,ridge_change,cv,5
2019-02-01,2019-01-01,878584.0,878750.6643449493,3,ridge_change,cv,5
2019-03-01,2019-02-01,883034.0,876612.5095525649,3,ridge_change,cv,5
2019-04-01,2019-03-01,891193.0,881019.6536911858,3,ridge_change,cv,5
2019-05-01,2019-04-01,889878.0,889769.4701019458,3,ridge_change,cv,5
2019-06-01,2019-05-01,878690.0,886878.4810930399,3,ridge_change,cv,5
2019-07-01,2019-06-01,871011.0,877113.4220846577,3,ridge_change,cv,6
2019-08-01,2019-07-01,872940.0,870417.6594235941,3,ridge_change,cv,6
2019-09-01,2019-08-01,865421.0,873296.9599219377,3,ridge_change,cv,6
2019-10-01,2019-09-01,864734.0,864961.895545507,3,ridge_change,cv,6
2019-11-01,2019-10-01,863236.0,864843.0903353052,3,ridge_change,cv,6
2019-12-01,2019-11-01,854758.0,863601.7249638679,3,ridge_change,cv,6
2020-01-01,2019-12-01,862880.0,853889.5568658028,3,ridge_change,cv,6
2020-02-01,2020-01-01,876756.0,864174.1775903477,3,ridge_change,cv,6
2020-03-01,2020-02-01,886386.0,878428.5762647734,3,ridge_change,cv,6
2020-04-01,2020-03-01,916045.0,886782.5114738068,3,ridge_change,cv,6
2020-05-01,2020-04-01,934148.0,918854.8520687639,3,ridge_change,cv,6
2020-06-01,2020-05-01,956570.0,934486.0118425867,3,ridge_change,cv,6
2020-07-01,2020-06-01,944808.0,961595.907731636,3,ridge_change,cv,7
2020-08-01,2020-07-01,920344.0,944427.9068591458,3,ridge_change,cv,7
2020-09-01,2020-08-01,912855.0,919111.1096085088,3,ridge_change,cv,7
2020-10-01,2020-09-01,900201.0,914857.7447436535,3,ridge_change,cv,7
2020-11-01,2020-10-01,909291.0,901461.5541455479,3,ridge_change,cv,7
2020-12-01,2020-11-01,896960.0,913924.9919850478,3,ridge_change,cv,7
2021-01-01,2020-12-01,896086.0,898200.2605685471,3,ridge_change,cv,7
2021-02-01,2021-01-01,915386.0,898894.9927878394,3,ridge_change,cv,7
2021-03-01,2021-02-01,932466.0,922101.0688595824,3,ridge_change,cv,7
2021-04-01,2021-03-01,906599.0,936904.1784581031,3,ridge_change,cv,7
2021-05-01,2021-04-01,888487.0,903793.5994472067,3,ridge_change,cv,7
2021-06-01,2021-05-01,865066.0,886798.7692755738,3,ridge_change,cv,7
2021-07-01,2021-06-01,863624.0,860897.3724725965,3,ridge_change,cv,8
2021-08-01,2021-07-01,847675.0,863852.1104776385,3,ridge_change,cv,8
2021-09-01,2021-08-01,846108.0,846075.7838555936,3,ridge_change,cv,8
2021-10-01,2021-09-01,858522.0,847514.3379083527,3,ridge_change,cv,8
2021-11-01,2021-10-01,839483.0,861809.0764827891,3,ridge_change,cv,8
2021-12-01,2021-11-01,818876.0,837892.2925286458,3,ridge_change,cv,8
2022-01-01,2021-12-01,809576.0,817805.3625319548,3,ridge_change,cv,8
2022-02-01,2022-01-01,803457.0,810459.2801262214,3,ridge_change,cv,8
2022-03-01,2022-02-01,793798.0,805117.2979098754,3,ridge_change,cv,8
2022-04-01,2022-03-01,780525.0,795328.0324798629,3,ridge_change,cv,8
2022-05-01,2022-04-01,755399.0,782267.0103564047,3,ridge_change,cv,8
2022-06-01,2022-05-01,728278.0,756173.7387157368,3,ridge_change,cv,8
2022-07-01,2022-06-01,701873.0,716348.4226430068,3,ridge_change,cv,9
2022-08-01,2022-07-01,680061.0,688883.2764474916,3,ridge_change,cv,9
2022-09-01,2022-08-01,656779.0,666461.7102424672,3,ridge_change,cv,9
2022-10-01,2022-09-01,643035.0,640522.8777979864,3,ridge_change,cv,9
2022-11-01,2022-10-01,617247.0,626883.3462531939,3,ridge_change,cv,9
2022-12-01,2022-11-01,615091.0,605807.3994272775,3,ridge_change,cv,9
2023-01-01,2022-12-01,627659.0,612253.5032263865,3,ridge_change,cv,9
2023-02-01,2023-01-01,634789.0,624659.6547199492,3,ridge_change,cv,9
2023-03-01,2023-02-01,632979.0,635482.0680800506,3,ridge_change,cv,9
2023-04-01,2023-03-01,616409.0,628969.6275683239,3,ridge_change,cv,9
2023-05-01,2023-04-01,604090.0,611231.514478098,3,ridge_change,cv,9
2023-06-01,2023-05-01,593587.0,602149.4281905562,3,ridge_change,cv,9
2023-07-01,2023-06-01,591983.0,583372.6133166556,3,ridge_change,cv,10
2023-08-01,2023-07-01,582019.0,584542.7063133653,3,ridge_change,cv,10
2023-09-01,2023-08-01,589125.0,570909.9403228607,3,ridge_change,cv,10
2023-10-01,2023-09-01,595213.0,582926.8056759549,3,ridge_change,cv,10
2023-11-01,2023-10-01,599648.0,587668.5850561382,3,ridge_change,cv,10
2023-12-01,2023-11-01,582167.0,594570.7713199581,3,ridge_change,cv,10
2024-01-01,2023-12-01,598600.0,573352.829328566,3,ridge_change,cv,10
2024-02-01,2024-01-01,608050.0,599327.5511082717,3,ridge_change,cv,10
2024-03-01,2024-02-01,609462.0,608731.4541522437,3,ridge_change,cv,10
2024-04-01,2024-03-01,629996.0,607507.6809442354,3,ridge_change,cv,10
2024-05-01,2024-04-01,629892.0,630304.3894038372,3,ridge_change,cv,10
2024-06-01,2024-05-01,624154.0,625140.7608750784,3,ridge_change,cv,10
2014-07-01,2014-06-01,867623.0,873335.0380014544,3,seasonal_ridge_change,cv,1
2014-08-01,2014-07-01,863183.0,864482.6968828851,3,seasonal_ridge_change,cv,1
2014-09-01,2014-08-01,856901.0,860352.0960530649,3,seasonal_ridge_change,cv,1
2014-10-01,2014-09-01,866769.0,855386.6201561164,3,seasonal_ridge_change,cv,1
2014-11-01,2014-10-01,868014.0,866303.4325724253,3,seasonal_ridge_change,cv,1
2014-12-01,2014-11-01,867012.0,867544.3937184378,3,seasonal_ridge_change,cv,1
2015-01-01,2014-12-01,880450.0,867843.2058310059,3,seasonal_ridge_change,cv,1
2015-02-01,2015-01-01,893237.0,882077.8150607258,3,seasonal_ridge_change,cv,1
2015-03-01,2015-02-01,902630.0,895132.5904233095,3,seasonal_ridge_change,cv,1
2015-04-01,2015-03-01,912245.0,901926.5631239907,3,seasonal_ridge_change,cv,1
2015-05-01,2015-04-01,912769.0,910492.0166166779,3,seasonal_ridge_change,cv,1
2015-06-01,2015-05-01,909638.0,908742.679552138,3,seasonal_ridge_change,cv,1
2015-07-01,2015-06-01,901436.0,907527.7360567037,3,seasonal_ridge_change,cv,2
2015-08-01,2015-07-01,903460.0,898600.0856204021,3,seasonal_ridge_change,cv,2
2015-09-01,2015-08-01,913989.0,901806.9311845041,3,seasonal_ridge_change,cv,2
2015-10-01,2015-09-01,927812.0,912513.1269989712,3,seasonal_ridge_change,cv,2
2015-11-01,2015-10-01,917915.0,928029.3145677942,3,seasonal_ridge_change,cv,2
2015-12-01,2015-11-01,909794.0,916987.6906548381,3,seasonal_ridge_change,cv,2
2016-01-01,2015-12-01,926164.0,909941.9226776371,3,seasonal_ridge_change,cv,2
2016-02-01,2016-01-01,941054.0,929127.0126090776,3,seasonal_ridge_change,cv,2
2016-03-01,2016-02-01,954397.0,943614.9295147104,3,seasonal_ridge_change,cv,2
2016-04-01,2016-03-01,954850.0,954275.470063323,3,seasonal_ridge_change,cv,2
2016-05-01,2016-04-01,955225.0,953494.5737103731,3,seasonal_ridge_change,cv,2
2016-06-01,2016-05-01,953039.0,952985.4418500467,3,seasonal_ridge_change,cv,2
2016-07-01,2016-06-01,946026.0,952463.0524390495,3,seasonal_ridge_change,cv,3
2016-08-01,2016-07-01,942134.0,943258.0916402385,3,seasonal_ridge_change,cv,3
2016-09-01,2016-08-01,934996.0,941047.9552222978,3,seasonal_ridge_change,cv,3
2016-10-01,2016-09-01,950199.0,934820.4855650872,3,seasonal_ridge_change,cv,3
2016-11-01,2016-10-01,944791.0,952590.7694735257,3,seasonal_ridge_change,cv,3
2016-12-01,2016-11-01,939104.0,946045.0338096598,3,seasonal_ridge_change,cv,3
2017-01-01,2016-12-01,960380.0,942054.551226608,3,seasonal_ridge_change,cv,3
2017-02-01,2017-01-01,972797.0,965605.3479221244,3,seasonal_ridge_change,cv,3
2017-03-01,2017-02-01,974127.0,979257.9858019924,3,seasonal_ridge_change,cv,3
2017-04-01,2017-03-01,958981.0,977249.11494294,3,seasonal_ridge_change,cv,3
2017-05-01,2017-04-01,947102.0,960276.8174056065,3,seasonal_ridge_change,cv,3
2017-06-01,2017-05-01,938694.0,948157.9675234397,3,seasonal_ridge_change,cv,3
2017-07-01,2017-06-01,928830.0,936034.2657088396,3,seasonal_ridge_change,cv,4
2017-08-01,2017-07-01,910451.0,925489.117077887,3,seasonal_ridge_change,cv,4
2017-09-01,2017-08-01,912311.0,907217.436760091,3,seasonal_ridge_change,cv,4
2017-10-01,2017-09-01,887682.0,911374.5514586575,3,seasonal_ridge_change,cv,4
2017-11-01,2017-10-01,881971.0,884722.998182549,3,seasonal_ridge_change,cv,4
2017-12-01,2017-11-01,867357.0,883091.4203159692,3,seasonal_ridge_change,cv,4
2018-01-01,2017-12-01,881098.0,868682.8751817775,3,seasonal_ridge_change,cv,4
2018-02-01,2018-01-01,894999.0,884970.3856847202,3,seasonal_ridge_change,cv,4
2018-03-01,2018-02-01,883010.0,898322.2909213783,3,seasonal_ridge_change,cv,4
2018-04-01,2018-03-01,884390.0,882908.830115418,3,seasonal_ridge_change,cv,4
2018-05-01,2018-04-01,877138.0,884224.3272374505,3,seasonal_ridge_change,cv,4
2018-06-01,2018-05-01,873052.0,875479.9273950879,3,seasonal_ridge_change,cv,4
2018-07-01,2018-06-01,879521.0,867785.4788931914,3,seasonal_ridge_change,cv,5
2018-08-01,2018-07-01,874105.0,874899.9184423273,3,seasonal_ridge_change,cv,5
2018-09-01,2018-08-01,880801.0,869487.3411879753,3,seasonal_ridge_change,cv,5
2018-10-01,2018-09-01,882042.0,877932.8688869891,3,seasonal_ridge_change,cv,5
2018-11-01,2018-10-01,887119.0,879982.0456009016,3,seasonal_ridge_change,cv,5
2018-12-01,2018-11-01,881191.0,887199.0894757798,3,seasonal_ridge_change,cv,5
2019-01-01,2018-12-01,881131.0,881308.6467388434,3,seasonal_ridge_change,cv,5
2019-02-01,2019-01-01,878584.0,880993.9168268593,3,seasonal_ridge_change,cv,5
2019-03-01,2019-02-01,883034.0,878343.1835418125,3,seasonal_ridge_change,cv,5
2019-04-01,2019-03-01,891193.0,881598.5464345675,3,seasonal_ridge_change,cv,5
2019-05-01,2019-04-01,889878.0,888985.3227833378,3,seasonal_ridge_change,cv,5
2019-06-01,2019-05-01,878690.0,885231.4398650475,3,seasonal_ridge_change,cv,5
2019-07-01,2019-06-01,871011.0,875021.9325962237,3,seasonal_ridge_change,cv,6
2019-08-01,2019-07-01,872940.0,867837.5440128578,3,seasonal_ridge_change,cv,6
2019-09-01,2019-08-01,865421.0,870611.9757228366,3,seasonal_ridge_change,cv,6
2019-10-01,2019-09-01,864734.0,863230.7987236297,3,seasonal_ridge_change,cv,6
2019-11-01,2019-10-01,863236.0,864074.3163748108,3,seasonal_ridge_change,cv,6
2019-12-01,2019-11-01,854758.0,864296.3248773367,3,seasonal_ridge_change,cv,6
2020-01-01,2019-12-01,862880.0,855953.5391506088,3,seasonal_ridge_change,cv,6
2020-02-01,2020-01-01,876756.0,866085.5625318573,3,seasonal_ridge_change,cv,6
2020-03-01,2020-02-01,886386.0,879570.7419075746,3,seasonal_ridge_change,cv,6
2020-04-01,2020-03-01,916045.0,887372.4222955744,3,seasonal_ridge_change,cv,6
2020-05-01,2020-04-01,934148.0,917076.4686230321,3,seasonal_ridge_change,cv,6
2020-06-01,2020-05-01,956570.0,932029.4272973544,3,seasonal_ridge_change,cv,6
2020-07-01,2020-06-01,944808.0,958575.7660165918,3,seasonal_ridge_change,cv,7
2020-08-01,2020-07-01,920344.0,942199.2999893251,3,seasonal_ridge_change,cv,7
2020-09-01,2020-08-01,912855.0,917213.1746313733,3,seasonal_ridge_change,cv,7
2020-10-01,2020-09-01,900201.0,912800.6332845868,3,seasonal_ridge_change,cv,7
2020-11-01,2020-10-01,909291.0,900891.1237125252,3,seasonal_ridge_change,cv,7
2020-12-01,2020-11-01,896960.0,914026.8914226838,3,seasonal_ridge_change,cv,7
2021-01-01,2020-12-01,896086.0,900357.8330200928,3,seasonal_ridge_change,cv,7
2021-02-01,2021-01-01,915386.0,901235.3948968225,3,seasonal_ridge_change,cv,7
2021-03-01,2021-02-01,932466.0,922864.1298003283,3,seasonal_ridge_change,cv,7
2021-04-01,2021-03-01,906599.0,937572.271413411,3,seasonal_ridge_change,cv,7
2021-05-01,2021-04-01,888487.0,905011.4569399586,3,seasonal_ridge_change,cv,7
2021-06-01,2021-05-01,865066.0,886239.8450675046,3,seasonal_ridge_change,cv,7
2021-07-01,2021-06-01,863624.0,858775.552181599,3,seasonal_ridge_change,cv,8
2021-08-01,2021-07-01,847675.0,860394.8539043581,3,seasonal_ridge_change,cv,8
2021-09-01,2021-08-01,846108.0,843352.1158660187,3,seasonal_ridge_change,cv,8
2021-10-01,2021-09-01,858522.0,844951.2446354234,3,seasonal_ridge_change,cv,8
2021-11-01,2021-10-01,839483.0,860274.4208866669,3,seasonal_ridge_change,cv,8
2021-12-01,2021-11-01,818876.0,839229.3182920992,3,seasonal_ridge_change,cv,8
2022-01-01,2021-12-01,809576.0,820399.6898161741,3,seasonal_ridge_change,cv,8
2022-02-01,2022-01-01,803457.0,812915.0469503613,3,seasonal_ridge_change,cv,8
2022-03-01,2022-02-01,793798.0,806800.6164108758,3,seasonal_ridge_change,cv,8
2022-04-01,2022-03-01,780525.0,796683.6117607873,3,seasonal_ridge_change,cv,8
2022-05-01,2022-04-01,755399.0,782232.1644363211,3,seasonal_ridge_change,cv,8
2022-06-01,2022-05-01,728278.0,755199.8367237228,3,seasonal_ridge_change,cv,8
2022-07-01,2022-06-01,701873.0,713420.3167655779,3,seasonal_ridge_change,cv,9
2022-08-01,2022-07-01,680061.0,685356.4329350127,3,seasonal_ridge_change,cv,9
2022-09-01,2022-08-01,656779.0,662708.182154682,3,seasonal_ridge_change,cv,9
2022-10-01,2022-09-01,643035.0,637263.8964030428,3,seasonal_ridge_change,cv,9
2022-11-01,2022-10-01,617247.0,624581.64837965,3,seasonal_ridge_change,cv,9
2022-12-01,2022-11-01,615091.0,605975.4032871379,3,seasonal_ridge_change,cv,9
2023-01-01,2022-12-01,627659.0,612917.2538478305,3,seasonal_ridge_change,cv,9
2023-02-01,2023-01-01,634789.0,625092.8326598835,3,seasonal_ridge_change,cv,9
2023-03-01,2023-02-01,632979.0,635951.9126252,3,seasonal_ridge_change,cv,9
2023-04-01,2023-03-01,616409.0,628914.2928490099,3,seasonal_ridge_change,cv,9
2023-05-01,2023-04-01,604090.0,610336.3783538004,3,seasonal_ridge_change,cv,9
2023-06-01,2023-05-01,593587.0,599945.064650019,3,seasonal_ridge_change,cv,9
2023-07-01,2023-06-01,591983.0,580194.5644494834,3,seasonal_ridge_change,cv,10
2023-08-01,2023-07-01,582019.0,580920.4074132488,3,seasonal_ridge_change,cv,10
2023-09-01,2023-08-01,589125.0,568083.0996313205,3,seasonal_ridge_change,cv,10
2023-10-01,2023-09-01,595213.0,580540.0835031205,3,seasonal_ridge_change,cv,10
2023-11-01,2023-10-01,599648.0,586894.6416605136,3,seasonal_ridge_change,cv,10
2023-12-01,2023-11-01,582167.0,595596.6991871702,3,seasonal_ridge_change,cv,10
2024-01-01,2023-12-01,598600.0,576608.8420567883,3,seasonal_ridge_change,cv,10
2024-02-01,2024-01-01,608050.0,601251.6797142889,3,seasonal_ridge_change,cv,10
2024-03-01,2024-02-01,609462.0,610174.0236551329,3,seasonal_ridge_change,cv,10
2024-04-01,2024-03-01,629996.0,608459.8363363005,3,seasonal_ridge_change,cv,10
2024-05-01,2024-04-01,629892.0,628889.5173147058,3,seasonal_ridge_change,cv,10
2024-06-01,2024-05-01,624154.0,623193.934392883,3,seasonal_ridge_change,cv,10
2014-07-01,2014-06-01,867623.0,874010.3765425963,3,polynomial_ridge_change,cv,1
2014-08-01,2014-07-01,863183.0,867210.4947635374,3,polynomial_ridge_change,cv,1
2014-09-01,2014-08-01,856901.0,863640.3356599956,3,polynomial_ridge_change,cv,1
2014-10-01,2014-09-01,866769.0,857316.298356024,3,polynomial_ridge_change,cv,1
2014-11-01,2014-10-01,868014.0,867929.9580184416,3,polynomial_ridge_change,cv,1
2014-12-01,2014-11-01,867012.0,867025.9497136229,3,polynomial_ridge_change,cv,1
2015-01-01,2014-12-01,880450.0,866985.6625784877,3,polynomial_ridge_change,cv,1
2015-02-01,2015-01-01,893237.0,884163.4759685842,3,polynomial_ridge_change,cv,1
2015-03-01,2015-02-01,902630.0,898239.0965998662,3,polynomial_ridge_change,cv,1
2015-04-01,2015-03-01,912245.0,907493.0048828947,3,polynomial_ridge_change,cv,1
2015-05-01,2015-04-01,912769.0,916868.4276552164,3,polynomial_ridge_change,cv,1
2015-06-01,2015-05-01,909638.0,915147.9408171284,3,polynomial_ridge_change,cv,1
2015-07-01,2015-06-01,901436.0,910412.4791694613,3,polynomial_ridge_change,cv,2
2015-08-01,2015-07-01,903460.0,902319.3621700956,3,polynomial_ridge_change,cv,2
2015-09-01,2015-08-01,913989.0,906256.5367910358,3,polynomial_ridge_change,cv,2
2015-10-01,2015-09-01,927812.0,918481.1616797817,3,polynomial_ridge_change,cv,2
2015-11-01,2015-10-01,917915.0,933785.0606995769,3,polynomial_ridge_change,cv,2
2015-12-01,2015-11-01,909794.0,919364.4458109011,3,polynomial_ridge_change,cv,2
2016-01-01,2015-12-01,926164.0,912219.9128023364,3,polynomial_ridge_change,cv,2
2016-02-01,2016-01-01,941054.0,933070.3800471355,3,polynomial_ridge_change,cv,2
2016-03-01,2016-02-01,954397.0,948142.4841735595,3,polynomial_ridge_change,cv,2
2016-04-01,2016-03-01,954850.0,961075.7909896869,3,polynomial_ridge_change,cv,2
2016-05-01,2016-04-01,955225.0,958211.157468254,3,polynomial_ridge_change,cv,2
2016-06-01,2016-05-01,953039.0,956892.7046273209,3,polynomial_ridge_change,cv,2
2016-07-01,2016-06-01,946026.0,953697.1119411701,3,polynomial_ridge_change,cv,3
2016-08-01,2016-07-01,942134.0,947063.9919700446,3,polynomial_ridge_change,cv,3
2016-09-01,2016-08-01,934996.0,944549.9900246398,3,polynomial_ridge_change,cv,3
2016-10-01,2016-09-01,950199.0,937049.313645089,3,polynomial_ridge_change,cv,3
2016-11-01,2016-10-01,944791.0,954721.4251982837,3,polynomial_ridge_change,cv,3
2016-12-01,2016-11-01,939104.0,946826.3930769184,3,polynomial_ridge_change,cv,3
2017-01-01,2016-12-01,960380.0,942905.7972617045,3,polynomial_ridge_change,cv,3
2017-02-01,2017-01-01,972797.0,967427.8741583896,3,polynomial_ridge_change,cv,3
2017-03-01,2017-02-01,974127.0,978678.626775699,3,polynomial_ridge_change,cv,3
2017-04-01,2017-03-01,958981.0,977629.152877714,3,polynomial_ridge_change,cv,3
2017-05-01,2017-04-01,947102.0,957682.9961863691,3,polynomial_ridge_change,cv,3
2017-06-01,2017-05-01,938694.0,945296.0282743017,3,polynomial_ridge_change,cv,3
2017-07-01,2017-06-01,928830.0,935925.6455899186,3,polynomial_ridge_change,cv,4
2017-08-01,2017-07-01,910451.0,927837.637676409,3,polynomial_ridge_change,cv,4
2017-09-01,2017-08-01,912311.0,911110.8504666834,3,polynomial_ridge_change,cv,4
2017-10-01,2017-09-01,887682.0,912173.650187511,3,polynomial_ridge_change,cv,4
2017-11-01,2017-10-01,881971.0,885117.9441547194,3,polynomial_ridge_change,cv,4
2017-12-01,2017-11-01,867357.0,881922.3832824671,3,polynomial_ridge_change,cv,4
2018-01-01,2017-12-01,881098.0,866860.6509784276,3,polynomial_ridge_change,cv,4
2018-02-01,2018-01-01,894999.0,884205.3819048018,3,polynomial_ridge_change,cv,4
2018-03-01,2018-02-01,883010.0,895555.0441693321,3,polynomial_ridge_change,cv,4
2018-04-01,2018-03-01,884390.0,875067.385420607,3,polynomial_ridge_change,cv,4
2018-05-01,2018-04-01,877138.0,877173.1806006869,3,polynomial_ridge_change,cv,4
2018-06-01,2018-05-01,873052.0,866898.8670020121,3,polynomial_ridge_change,cv,4
2018-07-01,2018-06-01,879521.0,868845.8135037901,3,polynomial_ridge_change,cv,5
2018-08-01,2018-07-01,874105.0,876944.5575193987,3,polynomial_ridge_change,cv,5
2018-09-01,2018-08-01,880801.0,873395.6116943508,3,polynomial_ridge_change,cv,5
2018-10-01,2018-09-01,882042.0,880002.9145587153,3,polynomial_ridge_change,cv,5
2018-11-01,2018-10-01,887119.0,881011.6465544614,3,polynomial_ridge_change,cv,5
2018-12-01,2018-11-01,881191.0,885087.2424577265,3,polynomial_ridge_change,cv,5
2019-01-01,2018-12-01,881131.0,880448.0663748625,3,polynomial_ridge_change,cv,5
2019-02-01,2019-01-01,878584.0,880041.6454318792,3,polynomial_ridge_change,cv,5
2019-03-01,2019-02-01,883034.0,875047.1551284335,3,polynomial_ridge_change,cv,5
2019-04-01,2019-03-01,891193.0,881096.5873261492,3,polynomial_ridge_change,cv,5
2019-05-01,2019-04-01,889878.0,885766.7374200175,3,polynomial_ridge_change,cv,5
2019-06-01,2019-05-01,878690.0,883289.7665122809,3,polynomial_ridge_change,cv,5
2019-07-01,2019-06-01,871011.0,877073.3614734269,3,polynomial_ridge_change,cv,6
2019-08-01,2019-07-01,872940.0,871081.7446447129,3,polynomial_ridge_change,cv,6
2019-09-01,2019-08-01,865421.0,874125.5014278463,3,polynomial_ridge_change,cv,6
2019-10-01,2019-09-01,864734.0,865891.4693074847,3,polynomial_ridge_change,cv,6
2019-11-01,2019-10-01,863236.0,863005.9157302026,3,polynomial_ridge_change,cv,6
2019-12-01,2019-11-01,854758.0,862683.189631499,3,polynomial_ridge_change,cv,6
2020-01-01,2019-12-01,862880.0,855637.6352836187,3,polynomial_ridge_change,cv,6
2020-02-01,2020-01-01,876756.0,863456.8101199659,3,polynomial_ridge_change,cv,6
2020-03-01,2020-02-01,886386.0,876003.9836151456,3,polynomial_ridge_change,cv,6
2020-04-01,2020-03-01,916045.0,884188.4493696075,3,polynomial_ridge_change,cv,6
2020-05-01,2020-04-01,934148.0,915315.4457812337,3,polynomial_ridge_change,cv,6
2020-06-01,2020-05-01,956570.0,932198.8333298034,3,polynomial_ridge_change,cv,6
2020-07-01,2020-06-01,944808.0,964269.8718915725,3,polynomial_ridge_change,cv,7
2020-08-01,2020-07-01,920344.0,946961.114464773,3,polynomial_ridge_change,cv,7
2020-09-01,2020-08-01,912855.0,920487.4331037877,3,polynomial_ridge_change,cv,7
2020-10-01,2020-09-01,900201.0,914004.2575980133,3,polynomial_ridge_change,cv,7
2020-11-01,2020-10-01,909291.0,899938.8062641016,3,polynomial_ridge_change,cv,7
2020-12-01,2020-11-01,896960.0,911602.36010995,3,polynomial_ridge_change,cv,7
2021-01-01,2020-12-01,896086.0,898636.1760759011,3,polynomial_ridge_change,cv,7
2021-02-01,2021-01-01,915386.0,900285.9108808497,3,polynomial_ridge_change,cv,7
2021-03-01,2021-02-01,932466.0,923355.5148063216,3,polynomial_ridge_change,cv,7
2021-04-01,2021-03-01,906599.0,939911.0938374781,3,polynomial_ridge_change,cv,7
2021-05-01,2021-04-01,888487.0,904065.6777054956,3,polynomial_ridge_change,cv,7
2021-06-01,2021-05-01,865066.0,885609.069097071,3,polynomial_ridge_change,cv,7
2021-07-01,2021-06-01,863624.0,857828.9125334279,3,polynomial_ridge_change,cv,8
2021-08-01,2021-07-01,847675.0,862348.116854205,3,polynomial_ridge_change,cv,8
2021-09-01,2021-08-01,846108.0,845470.5334440467,3,polynomial_ridge_change,cv,8
2021-10-01,2021-09-01,858522.0,845838.8527673044,3,polynomial_ridge_change,cv,8
2021-11-01,2021-10-01,839483.0,858575.2831245096,3,polynomial_ridge_change,cv,8
2021-12-01,2021-11-01,818876.0,838826.4124422733,3,polynomial_ridge_change,cv,8
2022-01-01,2021-12-01,809576.0,819931.1620490195,3,polynomial_ridge_change,cv,8
2022-02-01,2022-01-01,803457.0,812218.1491708156,3,polynomial_ridge_change,cv,8
2022-03-01,2022-02-01,793798.0,805765.0665643346,3,polynomial_ridge_change,cv,8
2022-04-01,2022-03-01,780525.0,796010.3342151064,3,polynomial_ridge_change,cv,8
2022-05-01,2022-04-01,755399.0,781727.360502013,3,polynomial_ridge_change,cv,8
2022-06-01,2022-05-01,728278.0,756273.9548726173,3,polynomial_ridge_change,cv,8
2022-07-01,2022-06-01,701873.0,708618.8135399738,3,polynomial_ridge_change,cv,9
2022-08-01,2022-07-01,680061.0,681206.9784251162,3,polynomial_ridge_change,cv,9
2022-09-01,2022-08-01,656779.0,657569.1206174921,3,polynomial_ridge_change,cv,9
2022-10-01,2022-09-01,643035.0,633678.9090313655,3,polynomial_ridge_change,cv,9
2022-11-01,2022-10-01,617247.0,614436.5581991728,3,polynomial_ridge_change,cv,9
2022-12-01,2022-11-01,615091.0,588167.487582329,3,polynomial_ridge_change,cv,9
2023-01-01,2022-12-01,627659.0,595030.1969236883,3,polynomial_ridge_change,cv,9
2023-02-01,2023-01-01,634789.0,609944.359610805,3,polynomial_ridge_change,cv,9
2023-03-01,2023-02-01,632979.0,622563.5589590876,3,polynomial_ridge_change,cv,9
2023-04-01,2023-03-01,616409.0,610874.615103193,3,polynomial_ridge_change,cv,9
2023-05-01,2023-04-01,604090.0,589657.4405770021,3,polynomial_ridge_change,cv,9
2023-06-01,2023-05-01,593587.0,577828.5165599929,3,polynomial_ridge_change,cv,9
2023-07-01,2023-06-01,591983.0,577361.3582059565,3,polynomial_ridge_change,cv,10
2023-08-01,2023-07-01,582019.0,578530.3972905373,3,polynomial_ridge_change,cv,10
2023-09-01,2023-08-01,589125.0,564956.4509452515,3,polynomial_ridge_change,cv,10
2023-10-01,2023-09-01,595213.0,577868.2064182457,3,polynomial_ridge_change,cv,10
2023-11-01,2023-10-01,599648.0,581566.362743089,3,polynomial_ridge_change,cv,10
2023-12-01,2023-11-01,582167.0,589250.321525644,3,polynomial_ridge_change,cv,10
2024-01-01,2023-12-01,598600.0,569043.8226400443,3,polynomial_ridge_change,cv,10
2024-02-01,2024-01-01,608050.0,597271.2334389958,3,polynomial_ridge_change,cv,10
2024-03-01,2024-02-01,609462.0,607565.6881889175,3,polynomial_ridge_change,cv,10
2024-04-01,2024-03-01,629996.0,602331.5814845826,3,polynomial_ridge_change,cv,10
2024-05-01,2024-04-01,629892.0,624316.6335358208,3,polynomial_ridge_change,cv,10
2024-06-01,2024-05-01,624154.0,615426.5572231619,3,polynomial_ridge_change,cv,10
2014-07-01,2014-06-01,867623.0,870232.2178453066,3,spline_ridge_change,cv,1
2014-08-01,2014-07-01,863183.0,865466.3730417015,3,spline_ridge_change,cv,1
2014-09-01,2014-08-01,856901.0,865595.4396936873,3,spline_ridge_change,cv,1
2014-10-01,2014-09-01,866769.0,858049.4370162198,3,spline_ridge_change,cv,1
2014-11-01,2014-10-01,868014.0,866039.764648574,3,spline_ridge_change,cv,1
2014-12-01,2014-11-01,867012.0,865806.232744699,3,spline_ridge_change,cv,1
2015-01-01,2014-12-01,880450.0,868201.3047530338,3,spline_ridge_change,cv,1
2015-02-01,2015-01-01,893237.0,883716.3345297757,3,spline_ridge_change,cv,1
2015-03-01,2015-02-01,902630.0,898800.7245331482,3,spline_ridge_change,cv,1
2015-04-01,2015-03-01,912245.0,904278.8457491839,3,spline_ridge_change,cv,1
2015-05-01,2015-04-01,912769.0,906913.0308068875,3,spline_ridge_change,cv,1
2015-06-01,2015-05-01,909638.0,905182.8346349265,3,spline_ridge_change,cv,1
2015-07-01,2015-06-01,901436.0,907061.7931715081,3,spline_ridge_change,cv,2
2015-08-01,2015-07-01,903460.0,902109.7186554731,3,spline_ridge_change,cv,2
2015-09-01,2015-08-01,913989.0,906868.313827724,3,spline_ridge_change,cv,2
2015-10-01,2015-09-01,927812.0,918268.3926898732,3,spline_ridge_change,cv,2
2015-11-01,2015-10-01,917915.0,926181.134671851,3,spline_ridge_change,cv,2
2015-12-01,2015-11-01,909794.0,915614.7856718579,3,spline_ridge_change,cv,2
2016-01-01,2015-12-01,926164.0,911931.1873170425,3,spline_ridge_change,cv,2
2016-02-01,2016-01-01,941054.0,934116.6581630057,3,spline_ridge_change,cv,2
2016-03-01,2016-02-01,954397.0,946393.8346235978,3,spline_ridge_change,cv,2
2016-04-01,2016-03-01,954850.0,949015.071876085,3,spline_ridge_change,cv,2
2016-05-01,2016-04-01,955225.0,946152.2542633165,3,spline_ridge_change,cv,2
2016-06-01,2016-05-01,953039.0,941643.4560844153,3,spline_ridge_change,cv,2
2016-07-01,2016-06-01,946026.0,953488.3989259638,3,spline_ridge_change,cv,3
2016-08-01,2016-07-01,942134.0,944308.4823338425,3,spline_ridge_change,cv,3
2016-09-01,2016-08-01,934996.0,940300.8943921019,3,spline_ridge_change,cv,3
2016-10-01,2016-09-01,950199.0,927054.1566254041,3,spline_ridge_change,cv,3
2016-11-01,2016-10-01,944791.0,950138.266149253,3,spline_ridge_change,cv,3
2016-12-01,2016-11-01,939104.0,941155.9573567704,3,spline_ridge_change,cv,3
2017-01-01,2016-12-01,960380.0,943383.7346407565,3,spline_ridge_change,cv,3
2017-02-01,2017-01-01,972797.0,961021.1573500661,3,spline_ridge_change,cv,3
2017-03-01,2017-02-01,974127.0,960161.2839425342,3,spline_ridge_change,cv,3
2017-04-01,2017-03-01,958981.0,956016.9676755919,3,spline_ridge_change,cv,3
2017-05-01,2017-04-01,947102.0,929671.2508824546,3,spline_ridge_change,cv,3
2017-06-01,2017-05-01,938694.0,925913.2861331693,3,spline_ridge_change,cv,3
2017-07-01,2017-06-01,928830.0,935860.2183586068,3,spline_ridge_change,cv,4
2017-08-01,2017-07-01,910451.0,927021.7219230777,3,spline_ridge_change,cv,4
2017-09-01,2017-08-01,912311.0,910459.4655057966,3,spline_ridge_change,cv,4
2017-10-01,2017-09-01,887682.0,907697.3573668663,3,spline_ridge_change,cv,4
2017-11-01,2017-10-01,881971.0,873764.9903089744,3,spline_ridge_change,cv,4
2017-12-01,2017-11-01,867357.0,876063.5024206411,3,spline_ridge_change,cv,4
2018-01-01,2017-12-01,881098.0,866709.6817701182,3,spline_ridge_change,cv,4
2018-02-01,2018-01-01,894999.0,882646.3687505652,3,spline_ridge_change,cv,4
2018-03-01,2018-02-01,883010.0,893470.3754374238,3,spline_ridge_change,cv,4
2018-04-01,2018-03-01,884390.0,879264.1863804259,3,spline_ridge_change,cv,4
2018-05-01,2018-04-01,877138.0,877837.8788119536,3,spline_ridge_change,cv,4
2018-06-01,2018-05-01,873052.0,869359.5403728733,3,spline_ridge_change,cv,4
2018-07-01,2018-06-01,879521.0,871883.0568676079,3,spline_ridge_change,cv,5
2018-08-01,2018-07-01,874105.0,881132.915719382,3,spline_ridge_change,cv,5
2018-09-01,2018-08-01,880801.0,874533.354903096,3,spline_ridge_change,cv,5
2018-10-01,2018-09-01,882042.0,883865.9635763298,3,spline_ridge_change,cv,5
2018-11-01,2018-10-01,887119.0,887484.7262356274,3,spline_ridge_change,cv,5
2018-12-01,2018-11-01,881191.0,890599.3601938499,3,spline_ridge_change,cv,5
2019-01-01,2018-12-01,881131.0,892099.2860488457,3,spline_ridge_change,cv,5
2019-02-01,2019-01-01,878584.0,895150.9952560992,3,spline_ridge_change,cv,5
2019-03-01,2019-02-01,883034.0,888997.4666047276,3,spline_ridge_change,cv,5
2019-04-01,2019-03-01,891193.0,894305.9026134881,3,spline_ridge_change,cv,5
2019-05-01,2019-04-01,889878.0,901033.098167514,3,spline_ridge_change,cv,5
2019-06-01,2019-05-01,878690.0,896439.5113213998,3,spline_ridge_change,cv,5
2019-07-01,2019-06-01,871011.0,871507.6880166761,3,spline_ridge_change,cv,6
2019-08-01,2019-07-01,872940.0,868403.1793471948,3,spline_ridge_change,cv,6
2019-09-01,2019-08-01,865421.0,872647.5110415996,3,spline_ridge_change,cv,6
2019-10-01,2019-09-01,864734.0,862028.3071863553,3,spline_ridge_change,cv,6
2019-11-01,2019-10-01,863236.0,851938.0549868982,3,spline_ridge_change,cv,6
2019-12-01,2019-11-01,854758.0,854959.3386932436,3,spline_ridge_change,cv,6
2020-01-01,2019-12-01,862880.0,852116.2212941665,3,spline_ridge_change,cv,6
2020-02-01,2020-01-01,876756.0,864136.2871379516,3,spline_ridge_change,cv,6
2020-03-01,2020-02-01,886386.0,874506.256406354,3,spline_ridge_change,cv,6
2020-04-01,2020-03-01,916045.0,878131.3301564668,3,spline_ridge_change,cv,6
2020-05-01,2020-04-01,934148.0,913774.3264802005,3,spline_ridge_change,cv,6
2020-06-01,2020-05-01,956570.0,928039.6912073009,3,spline_ridge_change,cv,6
2020-07-01,2020-06-01,944808.0,958106.3307925507,3,spline_ridge_change,cv,7
2020-08-01,2020-07-01,920344.0,947434.7289663918,3,spline_ridge_change,cv,7
2020-09-01,2020-08-01,912855.0,921821.4447577505,3,spline_ridge_change,cv,7
2020-10-01,2020-09-01,900201.0,913485.1933456149,3,spline_ridge_change,cv,7
2020-11-01,2020-10-01,909291.0,897550.8151405789,3,spline_ridge_change,cv,7
2020-12-01,2020-11-01,896960.0,904763.2007372791,3,spline_ridge_change,cv,7
2021-01-01,2020-12-01,896086.0,904384.3984406102,3,spline_ridge_change,cv,7
2021-02-01,2021-01-01,915386.0,906515.8133940691,3,spline_ridge_change,cv,7
2021-03-01,2021-02-01,932466.0,925282.7420844206,3,spline_ridge_change,cv,7
2021-04-01,2021-03-01,906599.0,937625.3080579606,3,spline_ridge_change,cv,7
2021-05-01,2021-04-01,888487.0,903239.8683130118,3,spline_ridge_change,cv,7
2021-06-01,2021-05-01,865066.0,879379.6016780522,3,spline_ridge_change,cv,7
2021-07-01,2021-06-01,863624.0,853035.5228764443,3,spline_ridge_change,cv,8
2021-08-01,2021-07-01,847675.0,855482.4554524127,3,spline_ridge_change,cv,8
2021-09-01,2021-08-01,846108.0,844377.1704124181,3,spline_ridge_change,cv,8
2021-10-01,2021-09-01,858522.0,843172.2202248354,3,spline_ridge_change,cv,8
2021-11-01,2021-10-01,839483.0,854952.8259214942,3,spline_ridge_change,cv,8
2021-12-01,2021-11-01,818876.0,834368.1787507759,3,spline_ridge_change,cv,8
2022-01-01,2021-12-01,809576.0,826398.057999447,3,spline_ridge_change,cv,8
2022-02-01,2022-01-01,803457.0,825675.6958764661,3,spline_ridge_change,cv,8
2022-03-01,2022-02-01,793798.0,812291.2025182096,3,spline_ridge_change,cv,8
2022-04-01,2022-03-01,780525.0,804999.1659404808,3,spline_ridge_change,cv,8
2022-05-01,2022-04-01,755399.0,791208.8812952109,3,spline_ridge_change,cv,8
2022-06-01,2022-05-01,728278.0,762532.2195677462,3,spline_ridge_change,cv,8
2022-07-01,2022-06-01,701873.0,689822.5419366676,3,spline_ridge_change,cv,9
2022-08-01,2022-07-01,680061.0,662786.155118215,3,spline_ridge_change,cv,9
2022-09-01,2022-08-01,656779.0,642851.9241591282,3,spline_ridge_change,cv,9
2022-10-01,2022-09-01,643035.0,621355.0948713747,3,spline_ridge_change,cv,9
2022-11-01,2022-10-01,617247.0,609480.1916927462,3,spline_ridge_change,cv,9
2022-12-01,2022-11-01,615091.0,563017.4213374492,3,spline_ridge_change,cv,9
2023-01-01,2022-12-01,627659.0,569005.1363121304,3,spline_ridge_change,cv,9
2023-02-01,2023-01-01,634789.0,584233.9286498679,3,spline_ridge_change,cv,9
2023-03-01,2023-02-01,632979.0,601393.0870171583,3,spline_ridge_change,cv,9
2023-04-01,2023-03-01,616409.0,596930.4726301633,3,spline_ridge_change,cv,9
2023-05-01,2023-04-01,604090.0,568888.2639980711,3,spline_ridge_change,cv,9
2023-06-01,2023-05-01,593587.0,552284.9474249572,3,spline_ridge_change,cv,9
2023-07-01,2023-06-01,591983.0,574827.2891666954,3,spline_ridge_change,cv,10
2023-08-01,2023-07-01,582019.0,577117.4853636256,3,spline_ridge_change,cv,10
2023-09-01,2023-08-01,589125.0,564271.4459562437,3,spline_ridge_change,cv,10
2023-10-01,2023-09-01,595213.0,576208.8339942177,3,spline_ridge_change,cv,10
2023-11-01,2023-10-01,599648.0,573647.7992025595,3,spline_ridge_change,cv,10
2023-12-01,2023-11-01,582167.0,578732.31241386,3,spline_ridge_change,cv,10
2024-01-01,2023-12-01,598600.0,568563.1812279485,3,spline_ridge_change,cv,10
2024-02-01,2024-01-01,608050.0,594532.1020058373,3,spline_ridge_change,cv,10
2024-03-01,2024-02-01,609462.0,598621.1342224418,3,spline_ridge_change,cv,10
2024-04-01,2024-03-01,629996.0,597425.0403850155,3,spline_ridge_change,cv,10
2024-05-01,2024-04-01,629892.0,612905.5706830705,3,spline_ridge_change,cv,10
2024-06-01,2024-05-01,624154.0,603576.4113210816,3,spline_ridge_change,cv,10
2014-07-01,2014-06-01,867623.0,870173.9279378155,3,random_forest_change,cv,1
2014-08-01,2014-07-01,863183.0,863847.9836353911,3,random_forest_change,cv,1
2014-09-01,2014-08-01,856901.0,859628.5431292433,3,random_forest_change,cv,1
2014-10-01,2014-09-01,866769.0,854479.3846501806,3,random_forest_change,cv,1
2014-11-01,2014-10-01,868014.0,863298.1609407364,3,random_forest_change,cv,1
2014-12-01,2014-11-01,867012.0,863812.8655172463,3,random_forest_change,cv,1
2015-01-01,2014-12-01,880450.0,870774.7517888327,3,random_forest_change,cv,1
2015-02-01,2015-01-01,893237.0,885419.3468423429,3,random_forest_change,cv,1
2015-03-01,2015-02-01,902630.0,898313.9778302351,3,random_forest_change,cv,1
2015-04-01,2015-03-01,912245.0,907086.1202167416,3,random_forest_change,cv,1
2015-05-01,2015-04-01,912769.0,915093.1621000418,3,random_forest_change,cv,1
2015-06-01,2015-05-01,909638.0,908145.3830274818,3,random_forest_change,cv,1
2015-07-01,2015-06-01,901436.0,905064.3464400228,3,random_forest_change,cv,2
2015-08-01,2015-07-01,903460.0,898254.8235260121,3,random_forest_change,cv,2
2015-09-01,2015-08-01,913989.0,900780.90641426,3,random_forest_change,cv,2
2015-10-01,2015-09-01,927812.0,912110.8782539442,3,random_forest_change,cv,2
2015-11-01,2015-10-01,917915.0,924395.1603393311,3,random_forest_change,cv,2
2015-12-01,2015-11-01,909794.0,913589.4341707893,3,random_forest_change,cv,2
2016-01-01,2015-12-01,926164.0,914640.0451324461,3,random_forest_change,cv,2
2016-02-01,2016-01-01,941054.0,932330.756917623,3,random_forest_change,cv,2
2016-03-01,2016-02-01,954397.0,947140.7409716976,3,random_forest_change,cv,2
2016-04-01,2016-03-01,954850.0,959408.3878494476,3,random_forest_change,cv,2
2016-05-01,2016-04-01,955225.0,957735.6206991131,3,random_forest_change,cv,2
2016-06-01,2016-05-01,953039.0,950724.1222946414,3,random_forest_change,cv,2
2016-07-01,2016-06-01,946026.0,948742.4455273328,3,random_forest_change,cv,3
2016-08-01,2016-07-01,942134.0,944056.848564652,3,random_forest_change,cv,3
2016-09-01,2016-08-01,934996.0,940897.5578322172,3,random_forest_change,cv,3
2016-10-01,2016-09-01,950199.0,933908.659925652,3,random_forest_change,cv,3
2016-11-01,2016-10-01,944791.0,947130.2132432839,3,random_forest_change,cv,3
2016-12-01,2016-11-01,939104.0,940344.5922762719,3,random_forest_change,cv,3
2017-01-01,2016-12-01,960380.0,946064.9209997928,3,random_forest_change,cv,3
2017-02-01,2017-01-01,972797.0,967946.1970893934,3,random_forest_change,cv,3
2017-03-01,2017-02-01,974127.0,980234.2908671922,3,random_forest_change,cv,3
2017-04-01,2017-03-01,958981.0,979460.9637040753,3,random_forest_change,cv,3
2017-05-01,2017-04-01,947102.0,962114.4880767162,3,random_forest_change,cv,3
2017-06-01,2017-05-01,938694.0,943156.4024847995,3,random_forest_change,cv,3
2017-07-01,2017-06-01,928830.0,934419.9823875377,3,random_forest_change,cv,4
2017-08-01,2017-07-01,910451.0,928123.2445213101,3,random_forest_change,cv,4
2017-09-01,2017-08-01,912311.0,910141.8114987841,3,random_forest_change,cv,4
2017-10-01,2017-09-01,887682.0,912944.3160928501,3,random_forest_change,cv,4
2017-11-01,2017-10-01,881971.0,883740.4932817987,3,random_forest_change,cv,4
2017-12-01,2017-11-01,867357.0,877896.8805934794,3,random_forest_change,cv,4
2018-01-01,2017-12-01,881098.0,874979.430668966,3,random_forest_change,cv,4
2018-02-01,2018-01-01,894999.0,888762.0032249064,3,random_forest_change,cv,4
2018-03-01,2018-02-01,883010.0,902198.7897037439,3,random_forest_change,cv,4
2018-04-01,2018-03-01,884390.0,885814.8034813491,3,random_forest_change,cv,4
2018-05-01,2018-04-01,877138.0,885485.9003573759,3,random_forest_change,cv,4
2018-06-01,2018-05-01,873052.0,872854.826005669,3,random_forest_change,cv,4
2018-07-01,2018-06-01,879521.0,866622.5260577159,3,random_forest_change,cv,5
2018-08-01,2018-07-01,874105.0,876479.0242191436,3,random_forest_change,cv,5
2018-09-01,2018-08-01,880801.0,869961.2367074051,3,random_forest_change,cv,5
2018-10-01,2018-09-01,882042.0,878640.7672453449,3,random_forest_change,cv,5
2018-11-01,2018-10-01,887119.0,876387.614944498,3,random_forest_change,cv,5
2018-12-01,2018-11-01,881191.0,881477.8847748446,3,random_forest_change,cv,5
2019-01-01,2018-12-01,881131.0,888238.443479779,3,random_forest_change,cv,5
2019-02-01,2019-01-01,878584.0,888267.2532512755,3,random_forest_change,cv,5
2019-03-01,2019-02-01,883034.0,886083.2038574902,3,random_forest_change,cv,5
2019-04-01,2019-03-01,891193.0,884479.3252542737,3,random_forest_change,cv,5
2019-05-01,2019-04-01,889878.0,891692.9331020584,3,random_forest_change,cv,5
2019-06-01,2019-05-01,878690.0,884187.5681072555,3,random_forest_change,cv,5
2019-07-01,2019-06-01,871011.0,874086.725320807,3,random_forest_change,cv,6
2019-08-01,2019-07-01,872940.0,869274.5866026799,3,random_forest_change,cv,6
2019-09-01,2019-08-01,865421.0,872230.5504314476,3,random_forest_change,cv,6
2019-10-01,2019-09-01,864734.0,864498.4479360252,3,random_forest_change,cv,6
2019-11-01,2019-10-01,863236.0,860928.754416625,3,random_forest_change,cv,6
2019-12-01,2019-11-01,854758.0,858500.6143113185,3,random_forest_change,cv,6
2020-01-01,2019-12-01,862880.0,861928.5804355192,3,random_forest_change,cv,6
2020-02-01,2020-01-01,876756.0,869836.2476209932,3,random_forest_change,cv,6
2020-03-01,2020-02-01,886386.0,883248.3050435468,3,random_forest_change,cv,6
2020-04-01,2020-03-01,916045.0,888114.436460294,3,random_forest_change,cv,6
2020-05-01,2020-04-01,934148.0,916426.6317509311,3,random_forest_change,cv,6
2020-06-01,2020-05-01,956570.0,929702.4902129642,3,random_forest_change,cv,6
2020-07-01,2020-06-01,944808.0,955821.1373228696,3,random_forest_change,cv,7
2020-08-01,2020-07-01,920344.0,941858.2076778557,3,random_forest_change,cv,7
2020-09-01,2020-08-01,912855.0,918453.3439532276,3,random_forest_change,cv,7
2020-10-01,2020-09-01,900201.0,911890.3566119499,3,random_forest_change,cv,7
2020-11-01,2020-10-01,909291.0,895588.6376292066,3,random_forest_change,cv,7
2020-12-01,2020-11-01,896960.0,906703.961523527,3,random_forest_change,cv,7
2021-01-01,2020-12-01,896086.0,904074.8804331634,3,random_forest_change,cv,7
2021-02-01,2021-01-01,915386.0,903568.9633466088,3,random_forest_change,cv,7
2021-03-01,2021-02-01,932466.0,922762.7740693652,3,random_forest_change,cv,7
2021-04-01,2021-03-01,906599.0,936629.1227312892,3,random_forest_change,cv,7
2021-05-01,2021-04-01,888487.0,908144.4716023393,3,random_forest_change,cv,7
2021-06-01,2021-05-01,865066.0,883149.5645056312,3,random_forest_change,cv,7
2021-07-01,2021-06-01,863624.0,857880.3240332673,3,random_forest_change,cv,8
2021-08-01,2021-07-01,847675.0,859045.4932906657,3,random_forest_change,cv,8
2021-09-01,2021-08-01,846108.0,843105.7937206434,3,random_forest_change,cv,8
2021-10-01,2021-09-01,858522.0,843133.6455333743,3,random_forest_change,cv,8
2021-11-01,2021-10-01,839483.0,854465.7258540257,3,random_forest_change,cv,8
2021-12-01,2021-11-01,818876.0,833625.1255216287,3,random_forest_change,cv,8
2022-01-01,2021-12-01,809576.0,825136.2808136115,3,random_forest_change,cv,8
2022-02-01,2022-01-01,803457.0,816138.580370989,3,random_forest_change,cv,8
2022-03-01,2022-02-01,793798.0,809185.4577681266,3,random_forest_change,cv,8
2022-04-01,2022-03-01,780525.0,795587.6889328099,3,random_forest_change,cv,8
2022-05-01,2022-04-01,755399.0,782570.4444252534,3,random_forest_change,cv,8
2022-06-01,2022-05-01,728278.0,750278.5929325874,3,random_forest_change,cv,8
2022-07-01,2022-06-01,701873.0,719908.925046107,3,random_forest_change,cv,9
2022-08-01,2022-07-01,680061.0,694913.510276966,3,random_forest_change,cv,9
2022-09-01,2022-08-01,656779.0,673101.3961983239,3,random_forest_change,cv,9
2022-10-01,2022-09-01,643035.0,650644.4194658656,3,random_forest_change,cv,9
2022-11-01,2022-10-01,617247.0,635363.5025985502,3,random_forest_change,cv,9
2022-12-01,2022-11-01,615091.0,608849.5831491896,3,random_forest_change,cv,9
2023-01-01,2022-12-01,627659.0,617040.0325887627,3,random_forest_change,cv,9
2023-02-01,2023-01-01,634789.0,631845.3369498468,3,random_forest_change,cv,9
2023-03-01,2023-02-01,632979.0,638053.5885344212,3,random_forest_change,cv,9
2023-04-01,2023-03-01,616409.0,632935.8349299962,3,random_forest_change,cv,9
2023-05-01,2023-04-01,604090.0,612844.5853395768,3,random_forest_change,cv,9
2023-06-01,2023-05-01,593587.0,595299.7880697742,3,random_forest_change,cv,9
2023-07-01,2023-06-01,591983.0,581420.3266530043,3,random_forest_change,cv,10
2023-08-01,2023-07-01,582019.0,584034.7016971343,3,random_forest_change,cv,10
2023-09-01,2023-08-01,589125.0,571198.1025922702,3,random_forest_change,cv,10
2023-10-01,2023-09-01,595213.0,583215.0502811094,3,random_forest_change,cv,10
2023-11-01,2023-10-01,599648.0,586663.3102048979,3,random_forest_change,cv,10
2023-12-01,2023-11-01,582167.0,590816.0093227681,3,random_forest_change,cv,10
2024-01-01,2023-12-01,598600.0,578637.9316241565,3,random_forest_change,cv,10
2024-02-01,2024-01-01,608050.0,599852.5336689341,3,random_forest_change,cv,10
2024-03-01,2024-02-01,609462.0,608846.1484475557,3,random_forest_change,cv,10
2024-04-01,2024-03-01,629996.0,605854.5363960861,3,random_forest_change,cv,10
2024-05-01,2024-04-01,629892.0,628022.9263560262,3,random_forest_change,cv,10
2024-06-01,2024-05-01,624154.0,621410.9445511136,3,random_forest_change,cv,10
2014-07-01,2014-06-01,867623.0,870480.3125,3,xgboost_change,cv,1
2014-08-01,2014-07-01,863183.0,864672.3125,3,xgboost_change,cv,1
2014-09-01,2014-08-01,856901.0,860335.375,3,xgboost_change,cv,1
2014-10-01,2014-09-01,866769.0,855548.625,3,xgboost_change,cv,1
2014-11-01,2014-10-01,868014.0,863628.9375,3,xgboost_change,cv,1
2014-12-01,2014-11-01,867012.0,863469.5625,3,xgboost_change,cv,1
2015-01-01,2014-12-01,880450.0,870391.4375,3,xgboost_change,cv,1
2015-02-01,2015-01-01,893237.0,885085.375,3,xgboost_change,cv,1
2015-03-01,2015-02-01,902630.0,897761.375,3,xgboost_change,cv,1
2015-04-01,2015-03-01,912245.0,904974.9375,3,xgboost_change,cv,1
2015-05-01,2015-04-01,912769.0,913608.4375,3,xgboost_change,cv,1
2015-06-01,2015-05-01,909638.0,908268.9375,3,xgboost_change,cv,1
2015-07-01,2015-06-01,901436.0,905853.25,3,xgboost_change,cv,2
2015-08-01,2015-07-01,903460.0,899050.75,3,xgboost_change,cv,2
2015-09-01,2015-08-01,913989.0,901303.5625,3,xgboost_change,cv,2
2015-10-01,2015-09-01,927812.0,912567.75,3,xgboost_change,cv,2
2015-11-01,2015-10-01,917915.0,925499.5625,3,xgboost_change,cv,2
2015-12-01,2015-11-01,909794.0,915225.8125,3,xgboost_change,cv,2
2016-01-01,2015-12-01,926164.0,914715.5,3,xgboost_change,cv,2
2016-02-01,2016-01-01,941054.0,932294.25,3,xgboost_change,cv,2
2016-03-01,2016-02-01,954397.0,947184.25,3,xgboost_change,cv,2
2016-04-01,2016-03-01,954850.0,957976.4375,3,xgboost_change,cv,2
2016-05-01,2016-04-01,955225.0,955991.25,3,xgboost_change,cv,2
2016-06-01,2016-05-01,953039.0,951436.0625,3,xgboost_change,cv,2
2016-07-01,2016-06-01,946026.0,949521.6875,3,xgboost_change,cv,3
2016-08-01,2016-07-01,942134.0,944537.8125,3,xgboost_change,cv,3
2016-09-01,2016-08-01,934996.0,942351.5,3,xgboost_change,cv,3
2016-10-01,2016-09-01,950199.0,935396.6875,3,xgboost_change,cv,3
2016-11-01,2016-10-01,944791.0,948889.3125,3,xgboost_change,cv,3
2016-12-01,2016-11-01,939104.0,942594.1875,3,xgboost_change,cv,3
2017-01-01,2016-12-01,960380.0,945718.625,3,xgboost_change,cv,3
2017-02-01,2017-01-01,972797.0,967971.5,3,xgboost_change,cv,3
2017-03-01,2017-02-01,974127.0,980615.9375,3,xgboost_change,cv,3
2017-04-01,2017-03-01,958981.0,977862.3125,3,xgboost_change,cv,3
2017-05-01,2017-04-01,947102.0,960600.75,3,xgboost_change,cv,3
2017-06-01,2017-05-01,938694.0,944168.75,3,xgboost_change,cv,3
2017-07-01,2017-06-01,928830.0,934356.875,3,xgboost_change,cv,4
2017-08-01,2017-07-01,910451.0,927519.4375,3,xgboost_change,cv,4
2017-09-01,2017-08-01,912311.0,909672.8125,3,xgboost_change,cv,4
2017-10-01,2017-09-01,887682.0,913769.0625,3,xgboost_change,cv,4
2017-11-01,2017-10-01,881971.0,885853.0,3,xgboost_change,cv,4
2017-12-01,2017-11-01,867357.0,880308.5,3,xgboost_change,cv,4
2018-01-01,2017-12-01,881098.0,874076.1875,3,xgboost_change,cv,4
2018-02-01,2018-01-01,894999.0,888666.1875,3,xgboost_change,cv,4
2018-03-01,2018-02-01,883010.0,902552.125,3,xgboost_change,cv,4
2018-04-01,2018-03-01,884390.0,883444.375,3,xgboost_change,cv,4
2018-05-01,2018-04-01,877138.0,884142.0,3,xgboost_change,cv,4
2018-06-01,2018-05-01,873052.0,873226.125,3,xgboost_change,cv,4
2018-07-01,2018-06-01,879521.0,866975.25,3,xgboost_change,cv,5
2018-08-01,2018-07-01,874105.0,876176.1875,3,xgboost_change,cv,5
2018-09-01,2018-08-01,880801.0,869938.6875,3,xgboost_change,cv,5
2018-10-01,2018-09-01,882042.0,878739.0,3,xgboost_change,cv,5
2018-11-01,2018-10-01,887119.0,877783.3125,3,xgboost_change,cv,5
2018-12-01,2018-11-01,881191.0,883198.3125,3,xgboost_change,cv,5
2019-01-01,2018-12-01,881131.0,886456.8125,3,xgboost_change,cv,5
2019-02-01,2019-01-01,878584.0,885971.9375,3,xgboost_change,cv,5
2019-03-01,2019-02-01,883034.0,883947.0,3,xgboost_change,cv,5
2019-04-01,2019-03-01,891193.0,884251.1875,3,xgboost_change,cv,5
2019-05-01,2019-04-01,889878.0,891600.125,3,xgboost_change,cv,5
2019-06-01,2019-05-01,878690.0,884777.6875,3,xgboost_change,cv,5
2019-07-01,2019-06-01,871011.0,874670.5625,3,xgboost_change,cv,6
2019-08-01,2019-07-01,872940.0,868899.4375,3,xgboost_change,cv,6
2019-09-01,2019-08-01,865421.0,872040.75,3,xgboost_change,cv,6
2019-10-01,2019-09-01,864734.0,864679.75,3,xgboost_change,cv,6
2019-11-01,2019-10-01,863236.0,862338.0,3,xgboost_change,cv,6
2019-12-01,2019-11-01,854758.0,860772.4375,3,xgboost_change,cv,6
2020-01-01,2019-12-01,862880.0,859701.125,3,xgboost_change,cv,6
2020-02-01,2020-01-01,876756.0,868360.9375,3,xgboost_change,cv,6
2020-03-01,2020-02-01,886386.0,882050.4375,3,xgboost_change,cv,6
2020-04-01,2020-03-01,916045.0,887762.625,3,xgboost_change,cv,6
2020-05-01,2020-04-01,934148.0,916075.75,3,xgboost_change,cv,6
2020-06-01,2020-05-01,956570.0,930790.125,3,xgboost_change,cv,6
2020-07-01,2020-06-01,944808.0,956601.375,3,xgboost_change,cv,7
2020-08-01,2020-07-01,920344.0,943187.8125,3,xgboost_change,cv,7
2020-09-01,2020-08-01,912855.0,919342.5625,3,xgboost_change,cv,7
2020-10-01,2020-09-01,900201.0,912517.4375,3,xgboost_change,cv,7
2020-11-01,2020-10-01,909291.0,898298.1875,3,xgboost_change,cv,7
2020-12-01,2020-11-01,896960.0,909329.0625,3,xgboost_change,cv,7
2021-01-01,2020-12-01,896086.0,903355.5,3,xgboost_change,cv,7
2021-02-01,2021-01-01,915386.0,902858.5625,3,xgboost_change,cv,7
2021-03-01,2021-02-01,932466.0,923744.1875,3,xgboost_change,cv,7
2021-04-01,2021-03-01,906599.0,937129.5625,3,xgboost_change,cv,7
2021-05-01,2021-04-01,888487.0,907155.8125,3,xgboost_change,cv,7
2021-06-01,2021-05-01,865066.0,883958.0625,3,xgboost_change,cv,7
2021-07-01,2021-06-01,863624.0,858006.0625,3,xgboost_change,cv,8
2021-08-01,2021-07-01,847675.0,859357.125,3,xgboost_change,cv,8
2021-09-01,2021-08-01,846108.0,845107.9375,3,xgboost_change,cv,8
2021-10-01,2021-09-01,858522.0,844525.8125,3,xgboost_change,cv,8
2021-11-01,2021-10-01,839483.0,856583.625,3,xgboost_change,cv,8
2021-12-01,2021-11-01,818876.0,836709.0625,3,xgboost_change,cv,8
2022-01-01,2021-12-01,809576.0,822207.1875,3,xgboost_change,cv,8
2022-02-01,2022-01-01,803457.0,813267.0625,3,xgboost_change,cv,8
2022-03-01,2022-02-01,793798.0,807142.125,3,xgboost_change,cv,8
2022-04-01,2022-03-01,780525.0,793507.375,3,xgboost_change,cv,8
2022-05-01,2022-04-01,755399.0,781251.375,3,xgboost_change,cv,8
2022-06-01,2022-05-01,728278.0,752739.0,3,xgboost_change,cv,8
2022-07-01,2022-06-01,701873.0,720027.5,3,xgboost_change,cv,9
2022-08-01,2022-07-01,680061.0,695162.625,3,xgboost_change,cv,9
2022-09-01,2022-08-01,656779.0,674253.8125,3,xgboost_change,cv,9
2022-10-01,2022-09-01,643035.0,651371.1875,3,xgboost_change,cv,9
2022-11-01,2022-10-01,617247.0,636615.25,3,xgboost_change,cv,9
2022-12-01,2022-11-01,615091.0,611244.3125,3,xgboost_change,cv,9
2023-01-01,2022-12-01,627659.0,617405.6875,3,xgboost_change,cv,9
2023-02-01,2023-01-01,634789.0,631302.25,3,xgboost_change,cv,9
2023-03-01,2023-02-01,632979.0,638257.375,3,xgboost_change,cv,9
2023-04-01,2023-03-01,616409.0,634575.0625,3,xgboost_change,cv,9
2023-05-01,2023-04-01,604090.0,612473.6875,3,xgboost_change,cv,9
2023-06-01,2023-05-01,593587.0,596738.5,3,xgboost_change,cv,9
2023-07-01,2023-06-01,591983.0,581873.75,3,xgboost_change,cv,10
2023-08-01,2023-07-01,582019.0,585911.375,3,xgboost_change,cv,10
2023-09-01,2023-08-01,589125.0,572965.75,3,xgboost_change,cv,10
2023-10-01,2023-09-01,595213.0,585085.875,3,xgboost_change,cv,10
2023-11-01,2023-10-01,599648.0,589638.75,3,xgboost_change,cv,10
2023-12-01,2023-11-01,582167.0,593236.3125,3,xgboost_change,cv,10
2024-01-01,2023-12-01,598600.0,580725.0625,3,xgboost_change,cv,10
2024-02-01,2024-01-01,608050.0,601117.125,3,xgboost_change,cv,10
2024-03-01,2024-02-01,609462.0,609807.5,3,xgboost_change,cv,10
2024-04-01,2024-03-01,629996.0,607597.1875,3,xgboost_change,cv,10
2024-05-01,2024-04-01,629892.0,630463.75,3,xgboost_change,cv,10
2024-06-01,2024-05-01,624154.0,623965.1875,3,xgboost_change,cv,10
2014-07-01,2014-06-01,867623.0,871456.2762854031,3,neural_network_change,cv,1
2014-08-01,2014-07-01,863183.0,863288.7804670485,3,neural_network_change,cv,1
2014-09-01,2014-08-01,856901.0,859023.4068208134,3,neural_network_change,cv,1
2014-10-01,2014-09-01,866769.0,853213.8215148515,3,neural_network_change,cv,1
2014-11-01,2014-10-01,868014.0,863521.3108263146,3,neural_network_change,cv,1
2014-12-01,2014-11-01,867012.0,864364.0567944715,3,neural_network_change,cv,1
2015-01-01,2014-12-01,880450.0,868485.6732500198,3,neural_network_change,cv,1
2015-02-01,2015-01-01,893237.0,882800.9530749856,3,neural_network_change,cv,1
2015-03-01,2015-02-01,902630.0,896900.6288822632,3,neural_network_change,cv,1
2015-04-01,2015-03-01,912245.0,900964.1271049461,3,neural_network_change,cv,1
2015-05-01,2015-04-01,912769.0,908678.7989252456,3,neural_network_change,cv,1
2015-06-01,2015-05-01,909638.0,906570.3119235141,3,neural_network_change,cv,1
2015-07-01,2015-06-01,901436.0,904610.1516173703,3,neural_network_change,cv,2
2015-08-01,2015-07-01,903460.0,896735.9134517506,3,neural_network_change,cv,2
2015-09-01,2015-08-01,913989.0,899912.6953337152,3,neural_network_change,cv,2
2015-10-01,2015-09-01,927812.0,909846.9683443037,3,neural_network_change,cv,2
2015-11-01,2015-10-01,917915.0,926799.3012055893,3,neural_network_change,cv,2
2015-12-01,2015-11-01,909794.0,917263.2887095198,3,neural_network_change,cv,2
2016-01-01,2015-12-01,926164.0,912493.506219719,3,neural_network_change,cv,2
2016-02-01,2016-01-01,941054.0,932131.1242476639,3,neural_network_change,cv,2
2016-03-01,2016-02-01,954397.0,946037.3066269832,3,neural_network_change,cv,2
2016-04-01,2016-03-01,954850.0,954489.1495810354,3,neural_network_change,cv,2
2016-05-01,2016-04-01,955225.0,952677.575625943,3,neural_network_change,cv,2
2016-06-01,2016-05-01,953039.0,950498.1466446011,3,neural_network_change,cv,2
2016-07-01,2016-06-01,946026.0,949502.8131824133,3,neural_network_change,cv,3
2016-08-01,2016-07-01,942134.0,942146.2179580906,3,neural_network_change,cv,3
2016-09-01,2016-08-01,934996.0,939365.0430181068,3,neural_network_change,cv,3
2016-10-01,2016-09-01,950199.0,934853.4251381721,3,neural_network_change,cv,3
2016-11-01,2016-10-01,944791.0,951953.060287529,3,neural_network_change,cv,3
2016-12-01,2016-11-01,939104.0,948023.9125448874,3,neural_network_change,cv,3
2017-01-01,2016-12-01,960380.0,947471.1913032207,3,neural_network_change,cv,3
2017-02-01,2017-01-01,972797.0,970923.9140252122,3,neural_network_change,cv,3
2017-03-01,2017-02-01,974127.0,989060.7176437915,3,neural_network_change,cv,3
2017-04-01,2017-03-01,958981.0,983445.8602554472,3,neural_network_change,cv,3
2017-05-01,2017-04-01,947102.0,966350.9483151017,3,neural_network_change,cv,3
2017-06-01,2017-05-01,938694.0,952101.6506008776,3,neural_network_change,cv,3
2017-07-01,2017-06-01,928830.0,931796.7331365743,3,neural_network_change,cv,4
2017-08-01,2017-07-01,910451.0,923310.1295957823,3,neural_network_change,cv,4
2017-09-01,2017-08-01,912311.0,907203.6975948707,3,neural_network_change,cv,4
2017-10-01,2017-09-01,887682.0,911443.8213751261,3,neural_network_change,cv,4
2017-11-01,2017-10-01,881971.0,884779.2522529777,3,neural_network_change,cv,4
2017-12-01,2017-11-01,867357.0,882089.3974035496,3,neural_network_change,cv,4
2018-01-01,2017-12-01,881098.0,868553.577847692,3,neural_network_change,cv,4
2018-02-01,2018-01-01,894999.0,886462.8276913716,3,neural_network_change,cv,4
2018-03-01,2018-02-01,883010.0,897344.061018178,3,neural_network_change,cv,4
2018-04-01,2018-03-01,884390.0,876422.0857111008,3,neural_network_change,cv,4
2018-05-01,2018-04-01,877138.0,877506.0051257411,3,neural_network_change,cv,4
2018-06-01,2018-05-01,873052.0,868053.2905052436,3,neural_network_change,cv,4
2018-07-01,2018-06-01,879521.0,862915.016281562,3,neural_network_change,cv,5
2018-08-01,2018-07-01,874105.0,871114.01135098,3,neural_network_change,cv,5
2018-09-01,2018-08-01,880801.0,867739.5990281136,3,neural_network_change,cv,5
2018-10-01,2018-09-01,882042.0,876312.69295321,3,neural_network_change,cv,5
2018-11-01,2018-10-01,887119.0,878497.6413557215,3,neural_network_change,cv,5
2018-12-01,2018-11-01,881191.0,885698.2529876815,3,neural_network_change,cv,5
2019-01-01,2018-12-01,881131.0,882629.9876353582,3,neural_network_change,cv,5
2019-02-01,2019-01-01,878584.0,880319.59702832,3,neural_network_change,cv,5
2019-03-01,2019-02-01,883034.0,876171.8263578416,3,neural_network_change,cv,5
2019-04-01,2019-03-01,891193.0,876322.8528577352,3,neural_network_change,cv,5
2019-05-01,2019-04-01,889878.0,882239.9691334021,3,neural_network_change,cv,5
2019-06-01,2019-05-01,878690.0,879591.7826638708,3,neural_network_change,cv,5
2019-07-01,2019-06-01,871011.0,873599.1343836916,3,neural_network_change,cv,6
2019-08-01,2019-07-01,872940.0,867622.4510389651,3,neural_network_change,cv,6
2019-09-01,2019-08-01,865421.0,871514.2936136817,3,neural_network_change,cv,6
2019-10-01,2019-09-01,864734.0,863770.0341860332,3,neural_network_change,cv,6
2019-11-01,2019-10-01,863236.0,862954.7846615799,3,neural_network_change,cv,6
2019-12-01,2019-11-01,854758.0,862618.0516887007,3,neural_network_change,cv,6
2020-01-01,2019-12-01,862880.0,854089.4449012874,3,neural_network_change,cv,6
2020-02-01,2020-01-01,876756.0,865725.6051823036,3,neural_network_change,cv,6
2020-03-01,2020-02-01,886386.0,878691.4102935524,3,neural_network_change,cv,6
2020-04-01,2020-03-01,916045.0,884660.5232301615,3,neural_network_change,cv,6
2020-05-01,2020-04-01,934148.0,912934.4762587452,3,neural_network_change,cv,6
2020-06-01,2020-05-01,956570.0,929084.1998735442,3,neural_network_change,cv,6
2020-07-01,2020-06-01,944808.0,959759.4269657757,3,neural_network_change,cv,7
2020-08-01,2020-07-01,920344.0,941180.87027562,3,neural_network_change,cv,7
2020-09-01,2020-08-01,912855.0,915962.4930780373,3,neural_network_change,cv,7
2020-10-01,2020-09-01,900201.0,912907.9804738269,3,neural_network_change,cv,7
2020-11-01,2020-10-01,909291.0,900571.2906480562,3,neural_network_change,cv,7
2020-12-01,2020-11-01,896960.0,915808.3414628218,3,neural_network_change,cv,7
2021-01-01,2020-12-01,896086.0,902713.199353855,3,neural_network_change,cv,7
2021-02-01,2021-01-01,915386.0,905254.098285263,3,neural_network_change,cv,7
2021-03-01,2021-02-01,932466.0,931016.8816577108,3,neural_network_change,cv,7
2021-04-01,2021-03-01,906599.0,942257.8057258648,3,neural_network_change,cv,7
2021-05-01,2021-04-01,888487.0,903310.7442738278,3,neural_network_change,cv,7
2021-06-01,2021-05-01,865066.0,882513.8502089493,3,neural_network_change,cv,7
2021-07-01,2021-06-01,863624.0,852704.5763582267,3,neural_network_change,cv,8
2021-08-01,2021-07-01,847675.0,858089.8270374819,3,neural_network_change,cv,8
2021-09-01,2021-08-01,846108.0,841708.1919294929,3,neural_network_change,cv,8
2021-10-01,2021-09-01,858522.0,842894.5296980648,3,neural_network_change,cv,8
2021-11-01,2021-10-01,839483.0,857256.2735003358,3,neural_network_change,cv,8
2021-12-01,2021-11-01,818876.0,839055.7976974167,3,neural_network_change,cv,8
2022-01-01,2021-12-01,809576.0,822376.3410682372,3,neural_network_change,cv,8
2022-02-01,2022-01-01,803457.0,812733.9987743689,3,neural_network_change,cv,8
2022-03-01,2022-02-01,793798.0,802892.2680730049,3,neural_network_change,cv,8
2022-04-01,2022-03-01,780525.0,793888.0207600186,3,neural_network_change,cv,8
2022-05-01,2022-04-01,755399.0,779174.8578794071,3,neural_network_change,cv,8
2022-06-01,2022-05-01,728278.0,754210.1585869307,3,neural_network_change,cv,8
2022-07-01,2022-06-01,701873.0,708738.9176964273,3,neural_network_change,cv,9
2022-08-01,2022-07-01,680061.0,682477.4587879475,3,neural_network_change,cv,9
2022-09-01,2022-08-01,656779.0,660296.2260443867,3,neural_network_change,cv,9
2022-10-01,2022-09-01,643035.0,634187.1819875108,3,neural_network_change,cv,9
2022-11-01,2022-10-01,617247.0,620995.1929862681,3,neural_network_change,cv,9
2022-12-01,2022-11-01,615091.0,604875.9082826938,3,neural_network_change,cv,9
2023-01-01,2022-12-01,627659.0,612650.0365064167,3,neural_network_change,cv,9
2023-02-01,2023-01-01,634789.0,628098.5400943123,3,neural_network_change,cv,9
2023-03-01,2023-02-01,632979.0,638736.1765071946,3,neural_network_change,cv,9
2023-04-01,2023-03-01,616409.0,630577.9549020951,3,neural_network_change,cv,9
2023-05-01,2023-04-01,604090.0,608629.1710672157,3,neural_network_change,cv,9
2023-06-01,2023-05-01,593587.0,599443.5388997503,3,neural_network_change,cv,9
2023-07-01,2023-06-01,591983.0,575486.8299756331,3,neural_network_change,cv,10
2023-08-01,2023-07-01,582019.0,580807.9478146476,3,neural_network_change,cv,10
2023-09-01,2023-08-01,589125.0,568091.136895274,3,neural_network_change,cv,10
2023-10-01,2023-09-01,595213.0,583750.8089619845,3,neural_network_change,cv,10
2023-11-01,2023-10-01,599648.0,589239.7058955941,3,neural_network_change,cv,10
2023-12-01,2023-11-01,582167.0,596360.0506639492,3,neural_network_change,cv,10
2024-01-01,2023-12-01,598600.0,577705.5729372789,3,neural_network_change,cv,10
2024-02-01,2024-01-01,608050.0,604368.1252501816,3,neural_network_change,cv,10
2024-03-01,2024-02-01,609462.0,612817.8332591322,3,neural_network_change,cv,10
2024-04-01,2024-03-01,629996.0,609871.3805914107,3,neural_network_change,cv,10
2024-05-01,2024-04-01,629892.0,629765.5982171247,3,neural_network_change,cv,10
2024-06-01,2024-05-01,624154.0,620551.3336530834,3,neural_network_change,cv,10
2014-07-01,2014-06-01,867623.0,874012.297614408,3,rolling_ridge_change,cv,1
2014-08-01,2014-07-01,863183.0,865079.3290265865,3,rolling_ridge_change,cv,1
2014-09-01,2014-08-01,856901.0,860821.1383740135,3,rolling_ridge_change,cv,1
2014-10-01,2014-09-01,866769.0,855806.2365369548,3,rolling_ridge_change,cv,1
2014-11-01,2014-10-01,868014.0,866965.506644906,3,rolling_ridge_change,cv,1
2014-12-01,2014-11-01,867012.0,867777.0348354641,3,rolling_ridge_change,cv,1
2015-01-01,2014-12-01,880450.0,867678.0713897087,3,rolling_ridge_change,cv,1
2015-02-01,2015-01-01,893237.0,882605.0172756341,3,rolling_ridge_change,cv,1
2015-03-01,2015-02-01,902630.0,896081.438762048,3,rolling_ridge_change,cv,1
2015-04-01,2015-03-01,912245.0,903355.6785982287,3,rolling_ridge_change,cv,1
2015-05-01,2015-04-01,912769.0,912104.1676977632,3,rolling_ridge_change,cv,1
2015-06-01,2015-05-01,909638.0,910460.0401496209,3,rolling_ridge_change,cv,1
2015-07-01,2015-06-01,901436.0,908558.7492419849,3,rolling_ridge_change,cv,2
2015-08-01,2015-07-01,903460.0,899444.7693120295,3,rolling_ridge_change,cv,2
2015-09-01,2015-08-01,913989.0,902834.2056916974,3,rolling_ridge_change,cv,2
2015-10-01,2015-09-01,927812.0,914085.1112161968,3,rolling_ridge_change,cv,2
2015-11-01,2015-10-01,917915.0,929331.5730378861,3,rolling_ridge_change,cv,2
2015-12-01,2015-11-01,909794.0,917456.4487938868,3,rolling_ridge_change,cv,2
2016-01-01,2015-12-01,926164.0,910263.0583668186,3,rolling_ridge_change,cv,2
2016-02-01,2016-01-01,941054.0,930271.0546171488,3,rolling_ridge_change,cv,2
2016-03-01,2016-02-01,954397.0,944981.4927501302,3,rolling_ridge_change,cv,2
2016-04-01,2016-03-01,954850.0,956005.7813519019,3,rolling_ridge_change,cv,2
2016-05-01,2016-04-01,955225.0,955199.367277072,3,rolling_ridge_change,cv,2
2016-06-01,2016-05-01,953039.0,954498.5309322798,3,rolling_ridge_change,cv,2
2016-07-01,2016-06-01,946026.0,953325.5433063369,3,rolling_ridge_change,cv,3
2016-08-01,2016-07-01,942134.0,944022.245419802,3,rolling_ridge_change,cv,3
2016-09-01,2016-08-01,934996.0,941861.2152663114,3,rolling_ridge_change,cv,3
2016-10-01,2016-09-01,950199.0,935706.4558309715,3,rolling_ridge_change,cv,3
2016-11-01,2016-10-01,944791.0,954144.5049764612,3,rolling_ridge_change,cv,3
2016-12-01,2016-11-01,939104.0,946680.2412031242,3,rolling_ridge_change,cv,3
2017-01-01,2016-12-01,960380.0,942616.2652653088,3,rolling_ridge_change,cv,3
2017-02-01,2017-01-01,972797.0,966456.115598197,3,rolling_ridge_change,cv,3
2017-03-01,2017-02-01,974127.0,979246.9622660852,3,rolling_ridge_change,cv,3
2017-04-01,2017-03-01,958981.0,977761.9200166919,3,rolling_ridge_change,cv,3
2017-05-01,2017-04-01,947102.0,960192.0638598077,3,rolling_ridge_change,cv,3
2017-06-01,2017-05-01,938694.0,948141.3650388874,3,rolling_ridge_change,cv,3
2017-07-01,2017-06-01,928830.0,937253.839719731,3,rolling_ridge_change,cv,4
2017-08-01,2017-07-01,910451.0,927147.1852608168,3,rolling_ridge_change,cv,4
2017-09-01,2017-08-01,912311.0,909692.1903729871,3,rolling_ridge_change,cv,4
2017-10-01,2017-09-01,887682.0,912855.2039806399,3,rolling_ridge_change,cv,4
2017-11-01,2017-10-01,881971.0,886352.8552910283,3,rolling_ridge_change,cv,4
2017-12-01,2017-11-01,867357.0,884031.9255003725,3,rolling_ridge_change,cv,4
2018-01-01,2017-12-01,881098.0,869399.2217875131,3,rolling_ridge_change,cv,4
2018-02-01,2018-01-01,894999.0,886251.0061959523,3,rolling_ridge_change,cv,4
2018-03-01,2018-02-01,883010.0,899215.3023010644,3,rolling_ridge_change,cv,4
2018-04-01,2018-03-01,884390.0,882210.1070838831,3,rolling_ridge_change,cv,4
2018-05-01,2018-04-01,877138.0,883957.2879606572,3,rolling_ridge_change,cv,4
2018-06-01,2018-05-01,873052.0,875831.528465456,3,rolling_ridge_change,cv,4
2018-07-01,2018-06-01,879521.0,868326.5842512815,3,rolling_ridge_change,cv,5
2018-08-01,2018-07-01,874105.0,875508.3034715068,3,rolling_ridge_change,cv,5
2018-09-01,2018-08-01,880801.0,870473.8301687423,3,rolling_ridge_change,cv,5
2018-10-01,2018-09-01,882042.0,878651.4245655257,3,rolling_ridge_change,cv,5
2018-11-01,2018-10-01,887119.0,880460.3689477429,3,rolling_ridge_change,cv,5
2018-12-01,2018-11-01,881191.0,886218.0018093067,3,rolling_ridge_change,cv,5
2019-01-01,2018-12-01,881131.0,880286.7475876313,3,rolling_ridge_change,cv,5
2019-02-01,2019-01-01,878584.0,880069.4278822569,3,rolling_ridge_change,cv,5
2019-03-01,2019-02-01,883034.0,875974.3336329542,3,rolling_ridge_change,cv,5
2019-04-01,2019-03-01,891193.0,881140.1316885032,3,rolling_ridge_change,cv,5
2019-05-01,2019-04-01,889878.0,887698.5731455913,3,rolling_ridge_change,cv,5
2019-06-01,2019-05-01,878690.0,884751.4690386805,3,rolling_ridge_change,cv,5
2019-07-01,2019-06-01,871011.0,875012.7566182467,3,rolling_ridge_change,cv,6
2019-08-01,2019-07-01,872940.0,868109.1921605373,3,rolling_ridge_change,cv,6
2019-09-01,2019-08-01,865421.0,871142.1640141008,3,rolling_ridge_change,cv,6
2019-10-01,2019-09-01,864734.0,863462.1949507736,3,rolling_ridge_change,cv,6
2019-11-01,2019-10-01,863236.0,863333.9088477293,3,rolling_ridge_change,cv,6
2019-12-01,2019-11-01,854758.0,863599.2363118653,3,rolling_ridge_change,cv,6
2020-01-01,2019-12-01,862880.0,855441.171232998,3,rolling_ridge_change,cv,6
2020-02-01,2020-01-01,876756.0,864581.4660320645,3,rolling_ridge_change,cv,6
2020-03-01,2020-02-01,886386.0,877186.6121308665,3,rolling_ridge_change,cv,6
2020-04-01,2020-03-01,916045.0,885486.0601905104,3,rolling_ridge_change,cv,6
2020-05-01,2020-04-01,934148.0,915118.555134273,3,rolling_ridge_change,cv,6
2020-06-01,2020-05-01,956570.0,931596.2077004274,3,rolling_ridge_change,cv,6
2020-07-01,2020-06-01,944808.0,960258.838308495,3,rolling_ridge_change,cv,7
2020-08-01,2020-07-01,920344.0,944347.3504262213,3,rolling_ridge_change,cv,7
2020-09-01,2020-08-01,912855.0,918471.0883137617,3,rolling_ridge_change,cv,7
2020-10-01,2020-09-01,900201.0,914166.0385893346,3,rolling_ridge_change,cv,7
2020-11-01,2020-10-01,909291.0,901614.5765457604,3,rolling_ridge_change,cv,7
2020-12-01,2020-11-01,896960.0,914083.1787197493,3,rolling_ridge_change,cv,7
2021-01-01,2020-12-01,896086.0,900523.9292466611,3,rolling_ridge_change,cv,7
2021-02-01,2021-01-01,915386.0,900865.9597939897,3,rolling_ridge_change,cv,7
2021-03-01,2021-02-01,932466.0,922473.4192553076,3,rolling_ridge_change,cv,7
2021-04-01,2021-03-01,906599.0,937259.7190278304,3,rolling_ridge_change,cv,7
2021-05-01,2021-04-01,888487.0,904964.6967479885,3,rolling_ridge_change,cv,7
2021-06-01,2021-05-01,865066.0,886669.0238307948,3,rolling_ridge_change,cv,7
2021-07-01,2021-06-01,863624.0,859284.9509940415,3,rolling_ridge_change,cv,8
2021-08-01,2021-07-01,847675.0,860407.4491190804,3,rolling_ridge_change,cv,8
2021-09-01,2021-08-01,846108.0,843350.2604266712,3,rolling_ridge_change,cv,8
2021-10-01,2021-09-01,858522.0,844775.9953442437,3,rolling_ridge_change,cv,8
2021-11-01,2021-10-01,839483.0,859495.3690224162,3,rolling_ridge_change,cv,8
2021-12-01,2021-11-01,818876.0,838975.6911501683,3,rolling_ridge_change,cv,8
2022-01-01,2021-12-01,809576.0,819696.3340852774,3,rolling_ridge_change,cv,8
2022-02-01,2022-01-01,803457.0,812157.0110056236,3,rolling_ridge_change,cv,8
2022-03-01,2022-02-01,793798.0,805487.7219321772,3,rolling_ridge_change,cv,8
2022-04-01,2022-03-01,780525.0,795401.4109039076,3,rolling_ridge_change,cv,8
2022-05-01,2022-04-01,755399.0,781122.9043113183,3,rolling_ridge_change,cv,8
2022-06-01,2022-05-01,728278.0,755194.0752371303,3,rolling_ridge_change,cv,8
2022-07-01,2022-06-01,701873.0,714716.4717486592,3,rolling_ridge_change,cv,9
2022-08-01,2022-07-01,680061.0,687386.7390212876,3,rolling_ridge_change,cv,9
2022-09-01,2022-08-01,656779.0,665349.8425876888,3,rolling_ridge_change,cv,9
2022-10-01,2022-09-01,643035.0,640148.2144511502,3,rolling_ridge_change,cv,9
2022-11-01,2022-10-01,617247.0,627904.0111324792,3,rolling_ridge_change,cv,9
2022-12-01,2022-11-01,615091.0,606199.9757861311,3,rolling_ridge_change,cv,9
2023-01-01,2022-12-01,627659.0,608608.3042433065,3,rolling_ridge_change,cv,9
2023-02-01,2023-01-01,634789.0,620722.9678952435,3,rolling_ridge_change,cv,9
2023-03-01,2023-02-01,632979.0,631292.4701072616,3,rolling_ridge_change,cv,9
2023-04-01,2023-03-01,616409.0,627756.2922624652,3,rolling_ridge_change,cv,9
2023-05-01,2023-04-01,604090.0,608422.4325058592,3,rolling_ridge_change,cv,9
2023-06-01,2023-05-01,593587.0,597112.0011715023,3,rolling_ridge_change,cv,9
2023-07-01,2023-06-01,591983.0,580581.7834751963,3,rolling_ridge_change,cv,10
2023-08-01,2023-07-01,582019.0,581303.4244273623,3,rolling_ridge_change,cv,10
2023-09-01,2023-08-01,589125.0,569194.7142956228,3,rolling_ridge_change,cv,10
2023-10-01,2023-09-01,595213.0,581196.4605213437,3,rolling_ridge_change,cv,10
2023-11-01,2023-10-01,599648.0,586723.7447689786,3,rolling_ridge_change,cv,10
2023-12-01,2023-11-01,582167.0,593428.6079175415,3,rolling_ridge_change,cv,10
2024-01-01,2023-12-01,598600.0,573729.7884765981,3,rolling_ridge_change,cv,10
2024-02-01,2024-01-01,608050.0,598259.9926790225,3,rolling_ridge_change,cv,10
2024-03-01,2024-02-01,609462.0,606363.1215364638,3,rolling_ridge_change,cv,10
2024-04-01,2024-03-01,629996.0,604917.2879015169,3,rolling_ridge_change,cv,10
2024-05-01,2024-04-01,629892.0,627030.959054895,3,rolling_ridge_change,cv,10
2024-06-01,2024-05-01,624154.0,621435.4238502254,3,rolling_ridge_change,cv,10
2014-07-01,2014-06-01,867623.0,874089.0190007272,3,damped_ridge_change,cv,1
2014-08-01,2014-07-01,863183.0,866052.8484414425,3,damped_ridge_change,cv,1
2014-09-01,2014-08-01,856901.0,861767.5480265324,3,damped_ridge_change,cv,1
2014-10-01,2014-09-01,866769.0,856143.8100780582,3,damped_ridge_change,cv,1
2014-11-01,2014-10-01,868014.0,866536.2162862127,3,damped_ridge_change,cv,1
2014-12-01,2014-11-01,867012.0,867779.1968592189,3,damped_ridge_change,cv,1
2015-01-01,2014-12-01,880450.0,867427.602915503,3,damped_ridge_change,cv,1
2015-02-01,2015-01-01,893237.0,881263.907530363,3,damped_ridge_change,cv,1
2015-03-01,2015-02-01,902630.0,894184.7952116547,3,damped_ridge_change,cv,1
2015-04-01,2015-03-01,912245.0,902278.2815619954,3,damped_ridge_change,cv,1
2015-05-01,2015-04-01,912769.0,911368.5083083389,3,damped_ridge_change,cv,1
2015-06-01,2015-05-01,909638.0,910755.839776069,3,damped_ridge_change,cv,1
2015-07-01,2015-06-01,901436.0,908582.8680283519,3,damped_ridge_change,cv,2
2015-08-01,2015-07-01,903460.0,900018.0428102011,3,damped_ridge_change,cv,2
2015-09-01,2015-08-01,913989.0,902633.4655922521,3,damped_ridge_change,cv,2
2015-10-01,2015-09-01,927812.0,913251.0634994856,3,damped_ridge_change,cv,2
2015-11-01,2015-10-01,917915.0,927920.6572838972,3,damped_ridge_change,cv,2
2015-12-01,2015-11-01,909794.0,917451.345327419,3,damped_ridge_change,cv,2
2016-01-01,2015-12-01,926164.0,909867.9613388185,3,damped_ridge_change,cv,2
2016-02-01,2016-01-01,941054.0,927645.5063045388,3,damped_ridge_change,cv,2
2016-03-01,2016-02-01,954397.0,942334.4647573552,3,damped_ridge_change,cv,2
2016-04-01,2016-03-01,954850.0,954336.2350316616,3,damped_ridge_change,cv,2
2016-05-01,2016-04-01,955225.0,954172.2868551866,3,damped_ridge_change,cv,2
2016-06-01,2016-05-01,953039.0,954105.2209250234,3,damped_ridge_change,cv,2
2016-07-01,2016-06-01,946026.0,952751.0262195247,3,damped_ridge_change,cv,3
2016-08-01,2016-07-01,942134.0,944642.0458201192,3,damped_ridge_change,cv,3
2016-09-01,2016-08-01,934996.0,941590.977611149,3,damped_ridge_change,cv,3
2016-10-01,2016-09-01,950199.0,934908.2427825436,3,damped_ridge_change,cv,3
2016-11-01,2016-10-01,944791.0,951394.8847367628,3,damped_ridge_change,cv,3
2016-12-01,2016-11-01,939104.0,945418.0169048299,3,damped_ridge_change,cv,3
2017-01-01,2016-12-01,960380.0,940579.275613304,3,damped_ridge_change,cv,3
2017-02-01,2017-01-01,972797.0,962992.6739610622,3,damped_ridge_change,cv,3
2017-03-01,2017-02-01,974127.0,976027.4929009962,3,damped_ridge_change,cv,3
2017-04-01,2017-03-01,958981.0,975688.05747147,3,damped_ridge_change,cv,3
2017-05-01,2017-04-01,947102.0,959628.9087028032,3,damped_ridge_change,cv,3
2017-06-01,2017-05-01,938694.0,947629.9837617198,3,damped_ridge_change,cv,3
2017-07-01,2017-06-01,928830.0,937364.1328544199,3,damped_ridge_change,cv,4
2017-08-01,2017-07-01,910451.0,927159.5585389434,3,damped_ridge_change,cv,4
2017-09-01,2017-08-01,912311.0,908834.2183800455,3,damped_ridge_change,cv,4
2017-10-01,2017-09-01,887682.0,911842.7757293287,3,damped_ridge_change,cv,4
2017-11-01,2017-10-01,881971.0,886202.4990912746,3,damped_ridge_change,cv,4
2017-12-01,2017-11-01,867357.0,882531.2101579845,3,damped_ridge_change,cv,4
2018-01-01,2017-12-01,881098.0,868019.9375908887,3,damped_ridge_change,cv,4
2018-02-01,2018-01-01,894999.0,883034.1928423601,3,damped_ridge_change,cv,4
2018-03-01,2018-02-01,883010.0,896660.6454606892,3,damped_ridge_change,cv,4
2018-04-01,2018-03-01,884390.0,882959.415057709,3,damped_ridge_change,cv,4
2018-05-01,2018-04-01,877138.0,884307.1636187253,3,damped_ridge_change,cv,4
2018-06-01,2018-05-01,873052.0,876308.963697544,3,damped_ridge_change,cv,4
2018-07-01,2018-06-01,879521.0,870418.7394465957,3,damped_ridge_change,cv,5
2018-08-01,2018-07-01,874105.0,877210.4592211636,3,damped_ridge_change,cv,5
2018-09-01,2018-08-01,880801.0,871796.1705939877,3,damped_ridge_change,cv,5
2018-10-01,2018-09-01,882042.0,879366.9344434945,3,damped_ridge_change,cv,5
2018-11-01,2018-10-01,887119.0,881012.0228004508,3,damped_ridge_change,cv,5
2018-12-01,2018-11-01,881191.0,887159.0447378899,3,damped_ridge_change,cv,5
2019-01-01,2018-12-01,881131.0,881249.8233694218,3,damped_ridge_change,cv,5
2019-02-01,2019-01-01,878584.0,881062.4584134297,3,damped_ridge_change,cv,5
2019-03-01,2019-02-01,883034.0,878463.5917709062,3,damped_ridge_change,cv,5
2019-04-01,2019-03-01,891193.0,882316.2732172838,3,damped_ridge_change,cv,5
2019-05-01,2019-04-01,889878.0,890089.1613916688,3,damped_ridge_change,cv,5
2019-06-01,2019-05-01,878690.0,887554.7199325238,3,damped_ridge_change,cv,5
2019-07-01,2019-06-01,871011.0,876855.9662981118,3,damped_ridge_change,cv,6
2019-08-01,2019-07-01,872940.0,869424.2720064289,3,damped_ridge_change,cv,6
2019-09-01,2019-08-01,865421.0,871775.9878614183,3,damped_ridge_change,cv,6
2019-10-01,2019-09-01,864734.0,864325.8993618148,3,damped_ridge_change,cv,6
2019-11-01,2019-10-01,863236.0,864404.1581874054,3,damped_ridge_change,cv,6
2019-12-01,2019-11-01,854758.0,863766.1624386684,3,damped_ridge_change,cv,6
2020-01-01,2019-12-01,862880.0,855355.7695753045,3,damped_ridge_change,cv,6
2020-02-01,2020-01-01,876756.0,864482.7812659286,3,damped_ridge_change,cv,6
2020-03-01,2020-02-01,886386.0,878163.3709537872,3,damped_ridge_change,cv,6
2020-04-01,2020-03-01,916045.0,886879.2111477873,3,damped_ridge_change,cv,6
2020-05-01,2020-04-01,934148.0,916560.734311516,3,damped_ridge_change,cv,6
2020-06-01,2020-05-01,956570.0,933088.7136486772,3,damped_ridge_change,cv,6
2020-07-01,2020-06-01,944808.0,957572.8830082959,3,damped_ridge_change,cv,7
2020-08-01,2020-07-01,920344.0,943503.6499946625,3,damped_ridge_change,cv,7
2020-09-01,2020-08-01,912855.0,918778.5873156866,3,damped_ridge_change,cv,7
2020-10-01,2020-09-01,900201.0,912827.8166422934,3,damped_ridge_change,cv,7
2020-11-01,2020-10-01,909291.0,900546.0618562626,3,damped_ridge_change,cv,7
2020-12-01,2020-11-01,896960.0,911658.9457113419,3,damped_ridge_change,cv,7
2021-01-01,2020-12-01,896086.0,898658.9165100463,3,damped_ridge_change,cv,7
2021-02-01,2021-01-01,915386.0,898660.6974484113,3,damped_ridge_change,cv,7
2021-03-01,2021-02-01,932466.0,919125.0649001641,3,damped_ridge_change,cv,7
2021-04-01,2021-03-01,906599.0,935019.1357067055,3,damped_ridge_change,cv,7
2021-05-01,2021-04-01,888487.0,905805.2284699794,3,damped_ridge_change,cv,7
2021-06-01,2021-05-01,865066.0,887363.4225337523,3,damped_ridge_change,cv,7
2021-07-01,2021-06-01,863624.0,861920.7760907995,3,damped_ridge_change,cv,8
2021-08-01,2021-07-01,847675.0,862009.426952179,3,damped_ridge_change,cv,8
2021-09-01,2021-08-01,846108.0,845513.5579330093,3,damped_ridge_change,cv,8
2021-10-01,2021-09-01,858522.0,845529.6223177117,3,damped_ridge_change,cv,8
2021-11-01,2021-10-01,839483.0,859398.2104433335,3,damped_ridge_change,cv,8
2021-12-01,2021-11-01,818876.0,839356.1591460495,3,damped_ridge_change,cv,8
2022-01-01,2021-12-01,809576.0,819637.844908087,3,damped_ridge_change,cv,8
2022-02-01,2022-01-01,803457.0,811245.5234751807,3,damped_ridge_change,cv,8
2022-03-01,2022-02-01,793798.0,805128.8082054378,3,damped_ridge_change,cv,8
2022-04-01,2022-03-01,780525.0,795240.8058803937,3,damped_ridge_change,cv,8
2022-05-01,2022-04-01,755399.0,781378.5822181605,3,damped_ridge_change,cv,8
2022-06-01,2022-05-01,728278.0,755299.4183618614,3,damped_ridge_change,cv,8
2022-07-01,2022-06-01,701873.0,720849.1583827889,3,damped_ridge_change,cv,9
2022-08-01,2022-07-01,680061.0,693614.7164675064,3,damped_ridge_change,cv,9
2022-09-01,2022-08-01,656779.0,671384.591077341,3,damped_ridge_change,cv,9
2022-10-01,2022-09-01,643035.0,647021.4482015214,3,damped_ridge_change,cv,9
2022-11-01,2022-10-01,617247.0,633808.324189825,3,damped_ridge_change,cv,9
2022-12-01,2022-11-01,615091.0,611611.2016435689,3,damped_ridge_change,cv,9
2023-01-01,2022-12-01,627659.0,614004.1269239152,3,damped_ridge_change,cv,9
2023-02-01,2023-01-01,634789.0,626375.9163299417,3,damped_ridge_change,cv,9
2023-03-01,2023-02-01,632979.0,635370.4563126,3,damped_ridge_change,cv,9
2023-04-01,2023-03-01,616409.0,630946.6464245049,3,damped_ridge_change,cv,9
2023-05-01,2023-04-01,604090.0,613372.6891769002,3,damped_ridge_change,cv,9
2023-06-01,2023-05-01,593587.0,602017.5323250095,3,damped_ridge_change,cv,9
2023-07-01,2023-06-01,591983.0,586890.7822247418,3,damped_ridge_change,cv,10
2023-08-01,2023-07-01,582019.0,586451.7037066245,3,damped_ridge_change,cv,10
2023-09-01,2023-08-01,589125.0,575051.0498156602,3,damped_ridge_change,cv,10
2023-10-01,2023-09-01,595213.0,584832.5417515603,3,damped_ridge_change,cv,10
2023-11-01,2023-10-01,599648.0,591053.8208302568,3,damped_ridge_change,cv,10
2023-12-01,2023-11-01,582167.0,597622.3495935851,3,damped_ridge_change,cv,10
2024-01-01,2023-12-01,598600.0,579387.9210283941,3,damped_ridge_change,cv,10
2024-02-01,2024-01-01,608050.0,599925.8398571445,3,damped_ridge_change,cv,10
2024-03-01,2024-02-01,609462.0,609112.0118275664,3,damped_ridge_change,cv,10
2024-04-01,2024-03-01,629996.0,608960.9181681502,3,damped_ridge_change,cv,10
2024-05-01,2024-04-01,629892.0,629442.7586573529,3,damped_ridge_change,cv,10
2024-06-01,2024-05-01,624154.0,626542.9671964415,3,damped_ridge_change,cv,10
2014-07-01,2014-06-01,867623.0,871329.7542714233,3,ensemble_change,cv,1
2014-08-01,2014-07-01,863183.0,864334.3230308316,3,ensemble_change,cv,1
2014-09-01,2014-08-01,856901.0,860105.3483146756,3,ensemble_change,cv,1
2014-10-01,2014-09-01,866769.0,855138.2045236485,3,ensemble_change,cv,1
2014-11-01,2014-10-01,868014.0,864410.1774926685,3,ensemble_change,cv,1
2014-12-01,2014-11-01,867012.0,864942.278306426,3,ensemble_change,cv,1
2015-01-01,2014-12-01,880450.0,869669.8010588265,3,ensemble_change,cv,1
2015-02-01,2015-01-01,893237.0,884194.1833622208,3,ensemble_change,cv,1
2015-03-01,2015-02-01,902630.0,897069.3152316503,3,ensemble_change,cv,1
2015-04-01,2015-03-01,912245.0,904662.5338512077,3,ensemble_change,cv,1
2015-05-01,2015-04-01,912769.0,913064.5333678129,3,ensemble_change,cv,1
2015-06-01,2015-05-01,909638.0,908385.6764588316,3,ensemble_change,cv,1
2015-07-01,2015-06-01,901436.0,906148.4433517734,3,ensemble_change,cv,2
2015-08-01,2015-07-01,903460.0,898635.2178437266,3,ensemble_change,cv,2
2015-09-01,2015-08-01,913989.0,901297.1310062287,3,ensemble_change,cv,2
2015-10-01,2015-09-01,927812.0,912397.2546399692,3,ensemble_change,cv,2
2015-11-01,2015-10-01,917915.0,925974.6691259429,3,ensemble_change,cv,2
2015-12-01,2015-11-01,909794.0,915267.6403227352,3,ensemble_change,cv,2
2016-01-01,2015-12-01,926164.0,913099.1455200277,3,ensemble_change,cv,2
2016-02-01,2016-01-01,941054.0,931250.6704086398,3,ensemble_change,cv,2
2016-03-01,2016-02-01,954397.0,945979.9707285422,3,ensemble_change,cv,2
2016-04-01,2016-03-01,954850.0,957220.093588111,3,ensemble_change,cv,2
2016-05-01,2016-04-01,955225.0,955740.4826905319,3,ensemble_change,cv,2
2016-06-01,2016-05-01,953039.0,951715.2092070836,3,ensemble_change,cv,2
2016-07-01,2016-06-01,946026.0,950242.3941788983,3,ensemble_change,cv,3
2016-08-01,2016-07-01,942134.0,943950.9206200547,3,ensemble_change,cv,3
2016-09-01,2016-08-01,934996.0,941432.3359656815,3,ensemble_change,cv,3
2016-10-01,2016-09-01,950199.0,934708.6129195205,3,ensemble_change,cv,3
2016-11-01,2016-10-01,944791.0,949536.7739020225,3,ensemble_change,cv,3
2016-12-01,2016-11-01,939104.0,942994.606156248,3,ensemble_change,cv,3
2017-01-01,2016-12-01,960380.0,944612.6972851023,3,ensemble_change,cv,3
2017-02-01,2017-01-01,972797.0,967174.3441054018,3,ensemble_change,cv,3
2017-03-01,2017-02-01,974127.0,980036.0800160303,3,ensemble_change,cv,3
2017-04-01,2017-03-01,958981.0,978190.8006297343,3,ensemble_change,cv,3
2017-05-01,2017-04-01,947102.0,960997.3448694331,3,ensemble_change,cv,3
2017-06-01,2017-05-01,938694.0,945161.0429324339,3,ensemble_change,cv,3
2017-07-01,2017-06-01,928830.0,934937.0311037403,3,ensemble_change,cv,4
2017-08-01,2017-07-01,910451.0,927043.9334806568,3,ensemble_change,cv,4
2017-09-01,2017-08-01,912311.0,909010.6971735313,3,ensemble_change,cv,4
2017-10-01,2017-09-01,887682.0,912695.9672030415,3,ensemble_change,cv,4
2017-11-01,2017-10-01,881971.0,884772.1559682591,3,ensemble_change,cv,4
2017-12-01,2017-11-01,867357.0,880432.2756368084,3,ensemble_change,cv,4
2018-01-01,2017-12-01,881098.0,872579.4945283729,3,ensemble_change,cv,4
2018-02-01,2018-01-01,894999.0,887466.184649563,3,ensemble_change,cv,4
2018-03-01,2018-02-01,883010.0,901024.3958529053,3,ensemble_change,cv,4
2018-04-01,2018-03-01,884390.0,884056.0041981899,3,ensemble_change,cv,4
2018-05-01,2018-04-01,877138.0,884617.416634392,3,ensemble_change,cv,4
2018-06-01,2018-05-01,873052.0,873853.6357364502,3,ensemble_change,cv,4
2018-07-01,2018-06-01,879521.0,867127.7614159274,3,ensemble_change,cv,5
2018-08-01,2018-07-01,874105.0,875851.7050896309,3,ensemble_change,cv,5
2018-09-01,2018-08-01,880801.0,869795.7518765851,3,ensemble_change,cv,5
2018-10-01,2018-09-01,882042.0,878437.5504230176,3,ensemble_change,cv,5
2018-11-01,2018-10-01,887119.0,878050.9960607061,3,ensemble_change,cv,5
2018-12-01,2018-11-01,881191.0,883958.4324976039,3,ensemble_change,cv,5
2019-01-01,2018-12-01,881131.0,885334.6331002179,3,ensemble_change,cv,5
2019-02-01,2019-01-01,878584.0,885077.7062695345,3,ensemble_change,cv,5
2019-03-01,2019-02-01,883034.0,882791.1304351842,3,ensemble_change,cv,5
2019-04-01,2019-03-01,891193.0,883443.02603658,3,ensemble_change,cv,5
2019-05-01,2019-04-01,889878.0,890759.4606308254,3,ensemble_change,cv,5
2019-06-01,2019-05-01,878690.0,884732.2284061323,3,ensemble_change,cv,5
2019-07-01,2019-06-01,871011.0,874593.0648460415,3,ensemble_change,cv,6
2019-08-01,2019-07-01,872940.0,868670.5203451533,3,ensemble_change,cv,6
2019-09-01,2019-08-01,865421.0,871627.7581484333,3,ensemble_change,cv,6
2019-10-01,2019-09-01,864734.0,864136.3413141232,3,ensemble_change,cv,6
2019-11-01,2019-10-01,863236.0,862447.0176563901,3,ensemble_change,cv,6
2019-12-01,2019-11-01,854758.0,861189.7874281195,3,ensemble_change,cv,6
2020-01-01,2019-12-01,862880.0,859194.4160013656,3,ensemble_change,cv,6
2020-02-01,2020-01-01,876756.0,868094.2441720439,3,ensemble_change,cv,6
2020-03-01,2020-02-01,886386.0,881623.1517180821,3,ensemble_change,cv,6
2020-04-01,2020-03-01,916045.0,887749.8223033884,3,ensemble_change,cv,6
2020-05-01,2020-04-01,934148.0,916526.2741679284,3,ensemble_change,cv,6
2020-06-01,2020-05-01,956570.0,930840.6744077364,3,ensemble_change,cv,6
2020-07-01,2020-06-01,944808.0,956999.4207128141,3,ensemble_change,cv,7
2020-08-01,2020-07-01,920344.0,942415.1114017556,3,ensemble_change,cv,7
2020-09-01,2020-08-01,912855.0,918336.3697609477,3,ensemble_change,cv,7
2020-10-01,2020-09-01,900201.0,912402.8155408703,3,ensemble_change,cv,7
2020-11-01,2020-10-01,909291.0,898259.3221399523,3,ensemble_change,cv,7
2020-12-01,2020-11-01,896960.0,910019.9694909814,3,ensemble_change,cv,7
2021-01-01,2020-12-01,896086.0,902596.0617109812,3,ensemble_change,cv,7
2021-02-01,2021-01-01,915386.0,902554.2969860916,3,ensemble_change,cv,7
2021-03-01,2021-02-01,932466.0,923123.695495627,3,ensemble_change,cv,7
2021-04-01,2021-03-01,906599.0,937110.3270195876,3,ensemble_change,cv,7
2021-05-01,2021-04-01,888487.0,906770.5833178102,3,ensemble_change,cv,7
2021-06-01,2021-05-01,865066.0,884449.1583342744,3,ensemble_change,cv,7
2021-07-01,2021-06-01,863624.0,858220.6403789137,3,ensemble_change,cv,8
2021-08-01,2021-07-01,847675.0,859599.1648853205,3,ensemble_change,cv,8
2021-09-01,2021-08-01,846108.0,843855.2805718562,3,ensemble_change,cv,8
2021-10-01,2021-09-01,858522.0,844203.5629989742,3,ensemble_change,cv,8
2021-11-01,2021-10-01,839483.0,857107.9300170798,3,ensemble_change,cv,8
2021-12-01,2021-11-01,818876.0,836521.1791065291,3,ensemble_change,cv,8
2022-01-01,2021-12-01,809576.0,822581.055232715,3,ensemble_change,cv,8
2022-02-01,2022-01-01,803457.0,814106.8876552939,3,ensemble_change,cv,8
2022-03-01,2022-02-01,793798.0,807709.4101430008,3,ensemble_change,cv,8
2022-04-01,2022-03-01,780525.0,795259.5632133768,3,ensemble_change,cv,8
2022-05-01,2022-04-01,755399.0,782018.0026364754,3,ensemble_change,cv,8
2022-06-01,2022-05-01,728278.0,752739.1398821814,3,ensemble_change,cv,8
2022-07-01,2022-06-01,701873.0,717785.5874398325,3,ensemble_change,cv,9
2022-08-01,2022-07-01,680061.0,691810.8559078992,3,ensemble_change,cv,9
2022-09-01,2022-08-01,656779.0,670021.1255642832,3,ensemble_change,cv,9
2022-10-01,2022-09-01,643035.0,646426.5058430216,3,ensemble_change,cv,9
2022-11-01,2022-10-01,617247.0,632186.7986984625,3,ensemble_change,cv,9
2022-12-01,2022-11-01,615091.0,608689.7654983071,3,ensemble_change,cv,9
2023-01-01,2022-12-01,627659.0,615787.6627802966,3,ensemble_change,cv,9
2023-02-01,2023-01-01,634789.0,629413.4733660038,3,ensemble_change,cv,9
2023-03-01,2023-02-01,632979.0,637420.9593709154,3,ensemble_change,cv,9
2023-04-01,2023-03-01,616409.0,632141.7342433926,3,ensemble_change,cv,9
2023-05-01,2023-04-01,604090.0,611884.8839752664,3,ensemble_change,cv,9
2023-06-01,2023-05-01,593587.0,597327.7946565978,3,ensemble_change,cv,9
2023-07-01,2023-06-01,591983.0,581162.8784143709,3,ensemble_change,cv,10
2023-08-01,2023-07-01,582019.0,583622.1545341902,3,ensemble_change,cv,10
2023-09-01,2023-08-01,589125.0,570748.9769130719,3,ensemble_change,cv,10
2023-10-01,2023-09-01,595213.0,582946.9938134933,3,ensemble_change,cv,10
2023-11-01,2023-10-01,599648.0,587732.236233783,3,ensemble_change,cv,10
2023-12-01,2023-11-01,582167.0,593216.3492884691,3,ensemble_change,cv,10
2024-01-01,2023-12-01,598600.0,578657.2877194947,3,ensemble_change,cv,10
2024-02-01,2024-01-01,608050.0,600740.453940241,3,ensemble_change,cv,10
2024-03-01,2024-02-01,609462.0,609609.219924529,3,ensemble_change,cv,10
2024-04-01,2024-03-01,629996.0,607303.8558522017,3,ensemble_change,cv,10
2024-05-01,2024-04-01,629892.0,629125.3943400325,3,ensemble_change,cv,10
2024-06-01,2024-05-01,624154.0,622856.6912560718,3,ensemble_change,cv,10
2024-07-01,2024-06-01,613406.0,624154.0,3,persistence,holdout,0
2024-08-01,2024-07-01,614415.0,613406.0,3,persistence,holdout,0
2024-09-01,2024-08-01,616735.0,614415.0,3,persistence,holdout,0
2024-10-01,2024-09-01,628939.0,616735.0,3,persistence,holdout,0
2024-11-01,2024-10-01,624167.0,628939.0,3,persistence,holdout,0
2024-12-01,2024-11-01,621631.0,624167.0,3,persistence,holdout,0
2025-01-01,2024-12-01,629823.0,621631.0,3,persistence,holdout,0
2025-02-01,2025-01-01,636670.0,629823.0,3,persistence,holdout,0
2025-03-01,2025-02-01,642968.0,636670.0,3,persistence,holdout,0
2025-04-01,2025-03-01,644458.0,642968.0,3,persistence,holdout,0
2025-05-01,2025-04-01,642395.0,644458.0,3,persistence,holdout,0
2025-06-01,2025-05-01,633430.0,642395.0,3,persistence,holdout,0
2025-07-01,2025-06-01,644270.0,633430.0,3,persistence,holdout,0
2025-08-01,2025-07-01,640338.0,644270.0,3,persistence,holdout,0
2025-09-01,2025-08-01,637211.0,640338.0,3,persistence,holdout,0
2025-10-01,2025-09-01,644610.0,637211.0,3,persistence,holdout,0
2025-11-01,2025-10-01,651793.0,644610.0,3,persistence,holdout,0
2025-12-01,2025-11-01,641399.0,651793.0,3,persistence,holdout,0
2026-01-01,2025-12-01,639513.0,641399.0,3,persistence,holdout,0
2026-02-01,2026-01-01,665153.0,639513.0,3,persistence,holdout,0
2026-03-01,2026-02-01,675361.0,665153.0,3,persistence,holdout,0
2026-04-01,2026-03-01,653282.0,675361.0,3,persistence,holdout,0
2026-05-01,2026-04-01,599784.0,653282.0,3,persistence,holdout,0
2026-06-01,2026-05-01,555461.0,599784.0,3,persistence,holdout,0
2024-07-01,2024-06-01,613406.0,591983.0,3,seasonal_naive,holdout,0
2024-08-01,2024-07-01,614415.0,582019.0,3,seasonal_naive,holdout,0
2024-09-01,2024-08-01,616735.0,589125.0,3,seasonal_naive,holdout,0
2024-10-01,2024-09-01,628939.0,595213.0,3,seasonal_naive,holdout,0
2024-11-01,2024-10-01,624167.0,599648.0,3,seasonal_naive,holdout,0
2024-12-01,2024-11-01,621631.0,582167.0,3,seasonal_naive,holdout,0
2025-01-01,2024-12-01,629823.0,598600.0,3,seasonal_naive,holdout,0
2025-02-01,2025-01-01,636670.0,608050.0,3,seasonal_naive,holdout,0
2025-03-01,2025-02-01,642968.0,609462.0,3,seasonal_naive,holdout,0
2025-04-01,2025-03-01,644458.0,629996.0,3,seasonal_naive,holdout,0
2025-05-01,2025-04-01,642395.0,629892.0,3,seasonal_naive,holdout,0
2025-06-01,2025-05-01,633430.0,624154.0,3,seasonal_naive,holdout,0
2025-07-01,2025-06-01,644270.0,613406.0,3,seasonal_naive,holdout,0
2025-08-01,2025-07-01,640338.0,614415.0,3,seasonal_naive,holdout,0
2025-09-01,2025-08-01,637211.0,616735.0,3,seasonal_naive,holdout,0
2025-10-01,2025-09-01,644610.0,628939.0,3,seasonal_naive,holdout,0
2025-11-01,2025-10-01,651793.0,624167.0,3,seasonal_naive,holdout,0
2025-12-01,2025-11-01,641399.0,621631.0,3,seasonal_naive,holdout,0
2026-01-01,2025-12-01,639513.0,629823.0,3,seasonal_naive,holdout,0
2026-02-01,2026-01-01,665153.0,636670.0,3,seasonal_naive,holdout,0
2026-03-01,2026-02-01,675361.0,642968.0,3,seasonal_naive,holdout,0
2026-04-01,2026-03-01,653282.0,644458.0,3,seasonal_naive,holdout,0
2026-05-01,2026-04-01,599784.0,642395.0,3,seasonal_naive,holdout,0
2026-06-01,2026-05-01,555461.0,633430.0,3,seasonal_naive,holdout,0
2024-07-01,2024-06-01,613406.0,614375.6,3,seasonal_change,holdout,0
2024-08-01,2024-07-01,614415.0,599354.0,3,seasonal_change,holdout,0
2024-09-01,2024-08-01,616735.0,607864.8,3,seasonal_change,holdout,0
2024-10-01,2024-09-01,628939.0,615018.4,3,seasonal_change,holdout,0
2024-11-01,2024-10-01,624167.0,622379.0,3,seasonal_change,holdout,0
2024-12-01,2024-11-01,621631.0,611956.4,3,seasonal_change,holdout,0
2025-01-01,2024-12-01,629823.0,627020.8,3,seasonal_change,holdout,0
2025-02-01,2025-01-01,636670.0,638550.4,3,seasonal_change,holdout,0
2025-03-01,2025-02-01,642968.0,640000.6,3,seasonal_change,holdout,0
2025-04-01,2025-03-01,644458.0,641864.6,3,seasonal_change,holdout,0
2025-05-01,2025-04-01,642395.0,636946.4,3,seasonal_change,holdout,0
2025-06-01,2025-05-01,633430.0,633522.8,3,seasonal_change,holdout,0
2025-07-01,2025-06-01,644270.0,623037.8,3,seasonal_change,holdout,0
2025-08-01,2025-07-01,640338.0,630034.0,3,seasonal_change,holdout,0
2025-09-01,2025-08-01,637211.0,635755.6,3,seasonal_change,holdout,0
2025-10-01,2025-09-01,644610.0,638072.6,3,seasonal_change,holdout,0
2025-11-01,2025-10-01,651793.0,637395.2,3,seasonal_change,holdout,0
2025-12-01,2025-11-01,641399.0,640770.8,3,seasonal_change,holdout,0
2026-01-01,2025-12-01,639513.0,646802.8,3,seasonal_change,holdout,0
2026-02-01,2026-01-01,665153.0,646834.6,3,seasonal_change,holdout,0
2026-03-01,2026-02-01,675361.0,667817.2,3,seasonal_change,holdout,0
2026-04-01,2026-03-01,653282.0,668623.8,3,seasonal_change,holdout,0
2026-05-01,2026-04-01,599784.0,641737.2,3,seasonal_change,holdout,0
2026-06-01,2026-05-01,555461.0,584634.4,3,seasonal_change,holdout,0
2024-07-01,2024-06-01,613406.0,610831.1978715106,3,forecast_flow_identity,holdout,0
2024-08-01,2024-07-01,614415.0,595918.2728715107,3,forecast_flow_identity,holdout,0
2024-09-01,2024-08-01,616735.0,606428.1060046877,3,forecast_flow_identity,holdout,0
2024-10-01,2024-09-01,628939.0,613916.6087048441,3,forecast_flow_identity,holdout,0
2024-11-01,2024-10-01,624167.0,622061.7100369458,3,forecast_flow_identity,holdout,0
2024-12-01,2024-11-01,621631.0,612113.4703715106,3,forecast_flow_identity,holdout,0
2025-01-01,2024-12-01,629823.0,627941.3953715106,3,forecast_flow_identity,holdout,0
2025-02-01,2025-01-01,636670.0,639532.9171764924,3,forecast_flow_identity,holdout,0
2025-03-01,2025-02-01,642968.0,641572.1987582102,3,forecast_flow_identity,holdout,0
2025-04-01,2025-03-01,644458.0,643986.1246047195,3,forecast_flow_identity,holdout,0
2025-05-01,2025-04-01,642395.0,641656.7529248769,3,forecast_flow_identity,holdout,0
2025-06-01,2025-05-01,633430.0,640204.117346655,3,forecast_flow_identity,holdout,0
2025-07-01,2025-06-01,644270.0,632362.4820915435,3,forecast_flow_identity,holdout,0
2025-08-01,2025-07-01,640338.0,640317.2820915434,3,forecast_flow_identity,holdout,0
2025-09-01,2025-08-01,637211.0,645463.0617014938,3,forecast_flow_identity,holdout,0
2025-10-01,2025-09-01,644610.0,647953.4945915436,3,forecast_flow_identity,holdout,0
2025-11-01,2025-10-01,651793.0,646293.4431531066,3,forecast_flow_identity,holdout,0
2025-12-01,2025-11-01,641399.0,651972.9270915434,3,forecast_flow_identity,holdout,0
2026-01-01,2025-12-01,639513.0,657938.3270915435,3,forecast_flow_identity,holdout,0
2026-02-01,2026-01-01,665153.0,656072.8327011494,3,forecast_flow_identity,holdout,0
2026-03-01,2026-02-01,675361.0,680134.4857738095,3,forecast_flow_identity,holdout,0
2026-04-01,2026-03-01,653282.0,681955.3201036865,3,forecast_flow_identity,holdout,0
2026-05-01,2026-04-01,599784.0,653237.9882738095,3,forecast_flow_identity,holdout,0
2026-06-01,2026-05-01,555461.0,593257.4225230414,3,forecast_flow_identity,holdout,0
2024-07-01,2024-06-01,613406.0,621034.8426411182,3,legacy_constrained_level,holdout,0
2024-08-01,2024-07-01,614415.0,609708.9124525439,3,legacy_constrained_level,holdout,0
2024-09-01,2024-08-01,616735.0,613277.9232643993,3,legacy_constrained_level,holdout,0
2024-10-01,2024-09-01,628939.0,618485.6242688763,3,legacy_constrained_level,holdout,0
2024-11-01,2024-10-01,624167.0,630208.9783921578,3,legacy_constrained_level,holdout,0
2024-12-01,2024-11-01,621631.0,619749.2269223133,3,legacy_constrained_level,holdout,0
2025-01-01,2024-12-01,629823.0,620608.3993560041,3,legacy_constrained_level,holdout,0
2025-02-01,2025-01-01,636670.0,631746.2184995587,3,legacy_constrained_level,holdout,0
2025-03-01,2025-02-01,642968.0,637633.4928484434,3,legacy_constrained_level,holdout,0
2025-04-01,2025-03-01,644458.0,642259.7633154407,3,legacy_constrained_level,holdout,0
2025-05-01,2025-04-01,642395.0,643868.4001385375,3,legacy_constrained_level,holdout,0
2025-06-01,2025-05-01,633430.0,642598.9194942685,3,legacy_constrained_level,holdout,0
2025-07-01,2025-06-01,644270.0,634243.5103278052,3,legacy_constrained_level,holdout,0
2025-08-01,2025-07-01,640338.0,648616.2122839544,3,legacy_constrained_level,holdout,0
2025-09-01,2025-08-01,637211.0,641837.287828995,3,legacy_constrained_level,holdout,0
2025-10-01,2025-09-01,644610.0,638092.484268981,3,legacy_constrained_level,holdout,0
2025-11-01,2025-10-01,651793.0,646755.7974815762,3,legacy_constrained_level,holdout,0
2025-12-01,2025-11-01,641399.0,654773.1979110263,3,legacy_constrained_level,holdout,0
2026-01-01,2025-12-01,639513.0,639629.63620277,3,legacy_constrained_level,holdout,0
2026-02-01,2026-01-01,665153.0,640461.3615027801,3,legacy_constrained_level,holdout,0
2026-03-01,2026-02-01,675361.0,667686.0366849023,3,legacy_constrained_level,holdout,0
2026-04-01,2026-03-01,653282.0,676008.2481515716,3,legacy_constrained_level,holdout,0
2026-05-01,2026-04-01,599784.0,642651.3537685917,3,legacy_constrained_level,holdout,0
2026-06-01,2026-05-01,555461.0,584625.3517874462,3,legacy_constrained_level,holdout,0
2024-07-01,2024-06-01,613406.0,619148.3772252884,3,constrained_level,holdout,0
2024-08-01,2024-07-01,614415.0,605091.6874176601,3,constrained_level,holdout,0
2024-09-01,2024-08-01,616735.0,610681.5857571072,3,constrained_level,holdout,0
2024-10-01,2024-09-01,628939.0,612196.8531179687,3,constrained_level,holdout,0
2024-11-01,2024-10-01,624167.0,627833.5144852037,3,constrained_level,holdout,0
2024-12-01,2024-11-01,621631.0,617714.2363316285,3,constrained_level,holdout,0
2025-01-01,2024-12-01,629823.0,614632.1322600342,3,constrained_level,holdout,0
2025-02-01,2025-01-01,636670.0,631305.6891877671,3,constrained_level,holdout,0
2025-03-01,2025-02-01,642968.0,639002.7410106988,3,constrained_level,holdout,0
2025-04-01,2025-03-01,644458.0,640802.3711229772,3,constrained_level,holdout,0
2025-05-01,2025-04-01,642395.0,642299.7773686593,3,constrained_level,holdout,0
2025-06-01,2025-05-01,633430.0,638411.0770957547,3,constrained_level,holdout,0
2025-07-01,2025-06-01,644270.0,629731.6567067725,3,constrained_level,holdout,0
2025-08-01,2025-07-01,640338.0,645322.7505375749,3,constrained_level,holdout,0
2025-09-01,2025-08-01,637211.0,632398.0017048082,3,constrained_level,holdout,0
2025-10-01,2025-09-01,644610.0,628630.5168663765,3,constrained_level,holdout,0
2025-11-01,2025-10-01,651793.0,638594.648910801,3,constrained_level,holdout,0
2025-12-01,2025-11-01,641399.0,651364.7085902765,3,constrained_level,holdout,0
2026-01-01,2025-12-01,639513.0,632489.469767157,3,constrained_level,holdout,0
2026-02-01,2026-01-01,665153.0,631805.6005324881,3,constrained_level,holdout,0
2026-03-01,2026-02-01,675361.0,672701.2803766422,3,constrained_level,holdout,0
2026-04-01,2026-03-01,653282.0,673917.5726404336,3,constrained_level,holdout,0
2026-05-01,2026-04-01,599784.0,642707.7972784478,3,constrained_level,holdout,0
2026-06-01,2026-05-01,555461.0,571167.5453173949,3,constrained_level,holdout,0
2024-07-01,2024-06-01,613406.0,622216.27861629,3,ridge_change,holdout,0
2024-08-01,2024-07-01,614415.0,610012.6530723026,3,ridge_change,holdout,0
2024-09-01,2024-08-01,616735.0,612555.2550105578,3,ridge_change,holdout,0
2024-10-01,2024-09-01,628939.0,615088.3950382426,3,ridge_change,holdout,0
2024-11-01,2024-10-01,624167.0,628963.4527992072,3,ridge_change,holdout,0
2024-12-01,2024-11-01,621631.0,620531.0654711567,3,ridge_change,holdout,0
2025-01-01,2024-12-01,629823.0,618158.5930589606,3,ridge_change,holdout,0
2025-02-01,2025-01-01,636670.0,632980.6498966342,3,ridge_change,holdout,0
2025-03-01,2025-02-01,642968.0,639125.9978498449,3,ridge_change,holdout,0
2025-04-01,2025-03-01,644458.0,642093.2430102165,3,ridge_change,holdout,0
2025-05-01,2025-04-01,642395.0,643881.0227047934,3,ridge_change,holdout,0
2025-06-01,2025-05-01,633430.0,641345.8627615403,3,ridge_change,holdout,0
2025-07-01,2025-06-01,644270.0,634055.1275714167,3,ridge_change,holdout,0
2025-08-01,2025-07-01,640338.0,646730.6106160906,3,ridge_change,holdout,0
2025-09-01,2025-08-01,637211.0,638123.1129892862,3,ridge_change,holdout,0
2025-10-01,2025-09-01,644610.0,634154.0134224378,3,ridge_change,holdout,0
2025-11-01,2025-10-01,651793.0,642720.8416012835,3,ridge_change,holdout,0
2025-12-01,2025-11-01,641399.0,653715.4892938375,3,ridge_change,holdout,0
2026-01-01,2025-12-01,639513.0,637237.0638650368,3,ridge_change,holdout,0
2026-02-01,2026-01-01,665153.0,636452.92261143,3,ridge_change,holdout,0
2026-03-01,2026-02-01,675361.0,669894.1871059714,3,ridge_change,holdout,0
2026-04-01,2026-03-01,653282.0,676275.8579654793,3,ridge_change,holdout,0
2026-05-01,2026-04-01,599784.0,648732.395408781,3,ridge_change,holdout,0
2026-06-01,2026-05-01,555461.0,583255.6433394571,3,ridge_change,holdout,0
2024-07-01,2024-06-01,613406.0,619582.2416559604,3,seasonal_ridge_change,holdout,0
2024-08-01,2024-07-01,614415.0,607273.3895409391,3,seasonal_ridge_change,holdout,0
2024-09-01,2024-08-01,616735.0,610124.3193127854,3,seasonal_ridge_change,holdout,0
2024-10-01,2024-09-01,628939.0,613532.5250854598,3,seasonal_ridge_change,holdout,0
2024-11-01,2024-10-01,624167.0,628898.8768795477,3,seasonal_ridge_change,holdout,0
2024-12-01,2024-11-01,621631.0,622689.7784662661,3,seasonal_ridge_change,holdout,0
2025-01-01,2024-12-01,629823.0,621414.3832603073,3,seasonal_ridge_change,holdout,0
2025-02-01,2025-01-01,636670.0,635503.848379363,3,seasonal_ridge_change,holdout,0
2025-03-01,2025-02-01,642968.0,640938.9788926495,3,seasonal_ridge_change,holdout,0
2025-04-01,2025-03-01,644458.0,643361.642659012,3,seasonal_ridge_change,holdout,0
2025-05-01,2025-04-01,642395.0,643614.7548770483,3,seasonal_ridge_change,holdout,0
2025-06-01,2025-05-01,633430.0,639788.1045846338,3,seasonal_ridge_change,holdout,0
2025-07-01,2025-06-01,644270.0,631401.3697807094,3,seasonal_ridge_change,holdout,0
2025-08-01,2025-07-01,640338.0,643268.0973386023,3,seasonal_ridge_change,holdout,0
2025-09-01,2025-08-01,637211.0,635764.799139472,3,seasonal_ridge_change,holdout,0
2025-10-01,2025-09-01,644610.0,632743.1500642683,3,seasonal_ridge_change,holdout,0
2025-11-01,2025-10-01,651793.0,642627.5487837238,3,seasonal_ridge_change,holdout,0
2025-12-01,2025-11-01,641399.0,655205.1621865121,3,seasonal_ridge_change,holdout,0
2026-01-01,2025-12-01,639513.0,640789.536093491,3,seasonal_ridge_change,holdout,0
2026-02-01,2026-01-01,665153.0,639800.9469180377,3,seasonal_ridge_change,holdout,0
2026-03-01,2026-02-01,675361.0,671298.3660250946,3,seasonal_ridge_change,holdout,0
2026-04-01,2026-03-01,653282.0,677559.5151138641,3,seasonal_ridge_change,holdout,0
2026-05-01,2026-04-01,599784.0,649251.2164790295,3,seasonal_ridge_change,holdout,0
2026-06-01,2026-05-01,555461.0,583775.0679394517,3,seasonal_ridge_change,holdout,0
2024-07-01,2024-06-01,613406.0,621542.7461374268,3,polynomial_ridge_change,holdout,0
2024-08-01,2024-07-01,614415.0,611571.2246063653,3,polynomial_ridge_change,holdout,0
2024-09-01,2024-08-01,616735.0,614390.1123304736,3,polynomial_ridge_change,holdout,0
2024-10-01,2024-09-01,628939.0,616389.0456890891,3,polynomial_ridge_change,holdout,0
2024-11-01,2024-10-01,624167.0,629093.2356588731,3,polynomial_ridge_change,holdout,0
2024-12-01,2024-11-01,621631.0,622278.6991504676,3,polynomial_ridge_change,holdout,0
2025-01-01,2024-12-01,629823.0,620517.5921824508,3,polynomial_ridge_change,holdout,0
2025-02-01,2025-01-01,636670.0,633006.4959326305,3,polynomial_ridge_change,holdout,0
2025-03-01,2025-02-01,642968.0,639356.6088837063,3,polynomial_ridge_change,holdout,0
2025-04-01,2025-03-01,644458.0,642353.750478479,3,polynomial_ridge_change,holdout,0
2025-05-01,2025-04-01,642395.0,642439.4462904949,3,polynomial_ridge_change,holdout,0
2025-06-01,2025-05-01,633430.0,639434.0862897296,3,polynomial_ridge_change,holdout,0
2025-07-01,2025-06-01,644270.0,632540.2150272469,3,polynomial_ridge_change,holdout,0
2025-08-01,2025-07-01,640338.0,646245.8188468838,3,polynomial_ridge_change,holdout,0
2025-09-01,2025-08-01,637211.0,640243.6339492011,3,polynomial_ridge_change,holdout,0
2025-10-01,2025-09-01,644610.0,635900.8597958075,3,polynomial_ridge_change,holdout,0
2025-11-01,2025-10-01,651793.0,642874.2679751016,3,polynomial_ridge_change,holdout,0
2025-12-01,2025-11-01,641399.0,653123.8889484111,3,polynomial_ridge_change,holdout,0
2026-01-01,2025-12-01,639513.0,640152.8182041191,3,polynomial_ridge_change,holdout,0
2026-02-01,2026-01-01,665153.0,638666.1547546026,3,polynomial_ridge_change,holdout,0
2026-03-01,2026-02-01,675361.0,669771.5014187476,3,polynomial_ridge_change,holdout,0
2026-04-01,2026-03-01,653282.0,676788.7874710815,3,polynomial_ridge_change,holdout,0
2026-05-01,2026-04-01,599784.0,647765.7458065759,3,polynomial_ridge_change,holdout,0
2026-06-01,2026-05-01,555461.0,577793.4097386141,3,polynomial_ridge_change,holdout,0
2024-07-01,2024-06-01,613406.0,617034.9835135359,3,spline_ridge_change,holdout,0
2024-08-01,2024-07-01,614415.0,610752.708468469,3,spline_ridge_change,holdout,0
2024-09-01,2024-08-01,616735.0,612858.4657583156,3,spline_ridge_change,holdout,0
2024-10-01,2024-09-01,628939.0,615187.691870204,3,spline_ridge_change,holdout,0
2024-11-01,2024-10-01,624167.0,625729.6963305898,3,spline_ridge_change,holdout,0
2024-12-01,2024-11-01,621631.0,618532.5305518195,3,spline_ridge_change,holdout,0
2025-01-01,2024-12-01,629823.0,626014.018221305,3,spline_ridge_change,holdout,0
2025-02-01,2025-01-01,636670.0,637866.4593691013,3,spline_ridge_change,holdout,0
2025-03-01,2025-02-01,642968.0,636737.0589329021,3,spline_ridge_change,holdout,0
2025-04-01,2025-03-01,644458.0,643506.5133651247,3,spline_ridge_change,holdout,0
2025-05-01,2025-04-01,642395.0,640557.7758413757,3,spline_ridge_change,holdout,0
2025-06-01,2025-05-01,633430.0,633661.3933555301,3,spline_ridge_change,holdout,0
2025-07-01,2025-06-01,644270.0,628422.6512995714,3,spline_ridge_change,holdout,0
2025-08-01,2025-07-01,640338.0,636612.5396558513,3,spline_ridge_change,holdout,0
2025-09-01,2025-08-01,637211.0,637024.160079742,3,spline_ridge_change,holdout,0
2025-10-01,2025-09-01,644610.0,636403.1755446509,3,spline_ridge_change,holdout,0
2025-11-01,2025-10-01,651793.0,639865.2041300181,3,spline_ridge_change,holdout,0
2025-12-01,2025-11-01,641399.0,644489.7141159064,3,spline_ridge_change,holdout,0
2026-01-01,2025-12-01,639513.0,641703.5611795766,3,spline_ridge_change,holdout,0
2026-02-01,2026-01-01,665153.0,644062.8009071199,3,spline_ridge_change,holdout,0
2026-03-01,2026-02-01,675361.0,674064.505830343,3,spline_ridge_change,holdout,0
2026-04-01,2026-03-01,653282.0,675076.1433518488,3,spline_ridge_change,holdout,0
2026-05-01,2026-04-01,599784.0,658962.4837222088,3,spline_ridge_change,holdout,0
2026-06-01,2026-05-01,555461.0,584428.6336573317,3,spline_ridge_change,holdout,0
2024-07-01,2024-06-01,613406.0,617976.8267594115,3,random_forest_change,holdout,0
2024-08-01,2024-07-01,614415.0,605587.2533008569,3,random_forest_change,holdout,0
2024-09-01,2024-08-01,616735.0,608563.3216515827,3,random_forest_change,holdout,0
2024-10-01,2024-09-01,628939.0,613167.0718156258,3,random_forest_change,holdout,0
2024-11-01,2024-10-01,624167.0,623170.5677547854,3,random_forest_change,holdout,0
2024-12-01,2024-11-01,621631.0,617690.6710742228,3,random_forest_change,holdout,0
2025-01-01,2024-12-01,629823.0,626602.23755123,3,random_forest_change,holdout,0
2025-02-01,2025-01-01,636670.0,634981.9518916412,3,random_forest_change,holdout,0
2025-03-01,2025-02-01,642968.0,639485.7231734673,3,random_forest_change,holdout,0
2025-04-01,2025-03-01,644458.0,644796.0752333632,3,random_forest_change,holdout,0
2025-05-01,2025-04-01,642395.0,642873.818990818,3,random_forest_change,holdout,0
2025-06-01,2025-05-01,633430.0,634836.4336129017,3,random_forest_change,holdout,0
2025-07-01,2025-06-01,644270.0,624765.3589730938,3,random_forest_change,holdout,0
2025-08-01,2025-07-01,640338.0,638360.5173400672,3,random_forest_change,holdout,0
2025-09-01,2025-08-01,637211.0,635536.9813163044,3,random_forest_change,holdout,0
2025-10-01,2025-09-01,644610.0,632237.8727051738,3,random_forest_change,holdout,0
2025-11-01,2025-10-01,651793.0,637910.9386389928,3,random_forest_change,holdout,0
2025-12-01,2025-11-01,641399.0,643931.1536901292,3,random_forest_change,holdout,0
2026-01-01,2025-12-01,639513.0,642425.5734749155,3,random_forest_change,holdout,0
2026-02-01,2026-01-01,665153.0,645510.5882579687,3,random_forest_change,holdout,0
2026-03-01,2026-02-01,675361.0,670252.8825566584,3,random_forest_change,holdout,0
2026-04-01,2026-03-01,653282.0,678516.753152021,3,random_forest_change,holdout,0
2026-05-01,2026-04-01,599784.0,648320.0534812053,3,random_forest_change,holdout,0
2026-06-01,2026-05-01,555461.0,588340.7976601134,3,random_forest_change,holdout,0
2024-07-01,2024-06-01,613406.0,619961.5625,3,xgboost_change,holdout,0
2024-08-01,2024-07-01,614415.0,606797.625,3,xgboost_change,holdout,0
2024-09-01,2024-08-01,616735.0,610607.0,3,xgboost_change,holdout,0
2024-10-01,2024-09-01,628939.0,613158.875,3,xgboost_change,holdout,0
2024-11-01,2024-10-01,624167.0,626371.75,3,xgboost_change,holdout,0
2024-12-01,2024-11-01,621631.0,620719.25,3,xgboost_change,holdout,0
2025-01-01,2024-12-01,629823.0,624901.875,3,xgboost_change,holdout,0
2025-02-01,2025-01-01,636670.0,633781.75,3,xgboost_change,holdout,0
2025-03-01,2025-02-01,642968.0,639326.0,3,xgboost_change,holdout,0
2025-04-01,2025-03-01,644458.0,644448.3125,3,xgboost_change,holdout,0
2025-05-01,2025-04-01,642395.0,643776.6875,3,xgboost_change,holdout,0
2025-06-01,2025-05-01,633430.0,637013.375,3,xgboost_change,holdout,0
2025-07-01,2025-06-01,644270.0,625821.4375,3,xgboost_change,holdout,0
2025-08-01,2025-07-01,640338.0,639077.1875,3,xgboost_change,holdout,0
2025-09-01,2025-08-01,637211.0,635789.0625,3,xgboost_change,holdout,0
2025-10-01,2025-09-01,644610.0,633901.6875,3,xgboost_change,holdout,0
2025-11-01,2025-10-01,651793.0,641633.4375,3,xgboost_change,holdout,0
2025-12-01,2025-11-01,641399.0,645720.9375,3,xgboost_change,holdout,0
2026-01-01,2025-12-01,639513.0,640138.0625,3,xgboost_change,holdout,0
2026-02-01,2026-01-01,665153.0,645278.125,3,xgboost_change,holdout,0
2026-03-01,2026-02-01,675361.0,668149.0,3,xgboost_change,holdout,0
2026-04-01,2026-03-01,653282.0,678824.125,3,xgboost_change,holdout,0
2026-05-01,2026-04-01,599784.0,647071.5625,3,xgboost_change,holdout,0
2026-06-01,2026-05-01,555461.0,590698.8125,3,xgboost_change,holdout,0
2024-07-01,2024-06-01,613406.0,619763.736798547,3,neural_network_change,holdout,0
2024-08-01,2024-07-01,614415.0,609149.7838101105,3,neural_network_change,holdout,0
2024-09-01,2024-08-01,616735.0,613543.7971474379,3,neural_network_change,holdout,0
2024-10-01,2024-09-01,628939.0,616067.3309353885,3,neural_network_change,holdout,0
2024-11-01,2024-10-01,624167.0,628014.4134395053,3,neural_network_change,holdout,0
2024-12-01,2024-11-01,621631.0,624290.7203652263,3,neural_network_change,holdout,0
2025-01-01,2024-12-01,629823.0,624066.8730426457,3,neural_network_change,holdout,0
2025-02-01,2025-01-01,636670.0,637604.0435344147,3,neural_network_change,holdout,0
2025-03-01,2025-02-01,642968.0,645278.005729019,3,neural_network_change,holdout,0
2025-04-01,2025-03-01,644458.0,644916.6609545625,3,neural_network_change,holdout,0
2025-05-01,2025-04-01,642395.0,643779.4328499042,3,neural_network_change,holdout,0
2025-06-01,2025-05-01,633430.0,639084.1064512822,3,neural_network_change,holdout,0
2025-07-01,2025-06-01,644270.0,634819.8744563698,3,neural_network_change,holdout,0
2025-08-01,2025-07-01,640338.0,646188.6817581413,3,neural_network_change,holdout,0
2025-09-01,2025-08-01,637211.0,639460.1778227236,3,neural_network_change,holdout,0
2025-10-01,2025-09-01,644610.0,635112.0729110988,3,neural_network_change,holdout,0
2025-11-01,2025-10-01,651793.0,642599.2796956178,3,neural_network_change,holdout,0
2025-12-01,2025-11-01,641399.0,653519.6315742807,3,neural_network_change,holdout,0
2026-01-01,2025-12-01,639513.0,645669.7368740174,3,neural_network_change,holdout,0
2026-02-01,2026-01-01,665153.0,642814.4714855353,3,neural_network_change,holdout,0
2026-03-01,2026-02-01,675361.0,674495.6300319139,3,neural_network_change,holdout,0
2026-04-01,2026-03-01,653282.0,681997.8541658145,3,neural_network_change,holdout,0
2026-05-01,2026-04-01,599784.0,650239.9116576496,3,neural_network_change,holdout,0
2026-06-01,2026-05-01,555461.0,574837.0052666665,3,neural_network_change,holdout,0
2024-07-01,2024-06-01,613406.0,618770.7404460902,3,rolling_ridge_change,holdout,0
2024-08-01,2024-07-01,614415.0,607055.37728527,3,rolling_ridge_change,holdout,0
2024-09-01,2024-08-01,616735.0,608669.0000209581,3,rolling_ridge_change,holdout,0
2024-10-01,2024-09-01,628939.0,611255.75385945,3,rolling_ridge_change,holdout,0
2024-11-01,2024-10-01,624167.0,627287.9208619568,3,rolling_ridge_change,holdout,0
2024-12-01,2024-11-01,621631.0,622081.4047690139,3,rolling_ridge_change,holdout,0
2025-01-01,2024-12-01,629823.0,618721.5201261785,3,rolling_ridge_change,holdout,0
2025-02-01,2025-01-01,636670.0,631344.0205931463,3,rolling_ridge_change,holdout,0
2025-03-01,2025-02-01,642968.0,636692.0565018865,3,rolling_ridge_change,holdout,0
2025-04-01,2025-03-01,644458.0,641196.7966795801,3,rolling_ridge_change,holdout,0
2025-05-01,2025-04-01,642395.0,640814.3463955505,3,rolling_ridge_change,holdout,0
2025-06-01,2025-05-01,633430.0,636152.9674762643,3,rolling_ridge_change,holdout,0
2025-07-01,2025-06-01,644270.0,626188.4970349456,3,rolling_ridge_change,holdout,0
2025-08-01,2025-07-01,640338.0,638600.9853452537,3,rolling_ridge_change,holdout,0
2025-09-01,2025-08-01,637211.0,632529.662071358,3,rolling_ridge_change,holdout,0
2025-10-01,2025-09-01,644610.0,631032.740508759,3,rolling_ridge_change,holdout,0
2025-11-01,2025-10-01,651793.0,640871.3369203801,3,rolling_ridge_change,holdout,0
2025-12-01,2025-11-01,641399.0,650092.9146461316,3,rolling_ridge_change,holdout,0
2026-01-01,2025-12-01,639513.0,636356.0260642382,3,rolling_ridge_change,holdout,0
2026-02-01,2026-01-01,665153.0,635776.3965231888,3,rolling_ridge_change,holdout,0
2026-03-01,2026-02-01,675361.0,668580.3028372922,3,rolling_ridge_change,holdout,0
2026-04-01,2026-03-01,653282.0,674356.1387325708,3,rolling_ridge_change,holdout,0
2026-05-01,2026-04-01,599784.0,650829.4459676251,3,rolling_ridge_change,holdout,0
2026-06-01,2026-05-01,555461.0,586787.4033457338,3,rolling_ridge_change,holdout,0
2024-07-01,2024-06-01,613406.0,621868.1208279802,3,damped_ridge_change,holdout,0
2024-08-01,2024-07-01,614415.0,610339.6947704696,3,damped_ridge_change,holdout,0
2024-09-01,2024-08-01,616735.0,612269.6596563928,3,damped_ridge_change,holdout,0
2024-10-01,2024-09-01,628939.0,615133.76254273,3,damped_ridge_change,holdout,0
2024-11-01,2024-10-01,624167.0,628918.9384397739,3,damped_ridge_change,holdout,0
2024-12-01,2024-11-01,621631.0,623428.389233133,3,damped_ridge_change,holdout,0
2025-01-01,2024-12-01,629823.0,621522.6916301537,3,damped_ridge_change,holdout,0
2025-02-01,2025-01-01,636670.0,632663.4241896815,3,damped_ridge_change,holdout,0
2025-03-01,2025-02-01,642968.0,638804.4894463248,3,damped_ridge_change,holdout,0
2025-04-01,2025-03-01,644458.0,643164.821329506,3,damped_ridge_change,holdout,0
2025-05-01,2025-04-01,642395.0,644036.3774385242,3,damped_ridge_change,holdout,0
2025-06-01,2025-05-01,633430.0,641091.5522923169,3,damped_ridge_change,holdout,0
2025-07-01,2025-06-01,644270.0,632415.6848903546,3,damped_ridge_change,holdout,0
2025-08-01,2025-07-01,640338.0,643769.0486693011,3,damped_ridge_change,holdout,0
2025-09-01,2025-08-01,637211.0,638051.399569736,3,damped_ridge_change,holdout,0
2025-10-01,2025-09-01,644610.0,634977.0750321341,3,damped_ridge_change,holdout,0
2025-11-01,2025-10-01,651793.0,643618.7743918619,3,damped_ridge_change,holdout,0
2025-12-01,2025-11-01,641399.0,653499.0810932561,3,damped_ridge_change,holdout,0
2026-01-01,2025-12-01,639513.0,641094.2680467454,3,damped_ridge_change,holdout,0
2026-02-01,2026-01-01,665153.0,639656.9734590189,3,damped_ridge_change,holdout,0
2026-03-01,2026-02-01,675361.0,668225.6830125473,3,damped_ridge_change,holdout,0
2026-04-01,2026-03-01,653282.0,676460.257556932,3,damped_ridge_change,holdout,0
2026-05-01,2026-04-01,599784.0,651266.6082395148,3,damped_ridge_change,holdout,0
2026-06-01,2026-05-01,555461.0,591779.5339697258,3,damped_ridge_change,holdout,0
2024-07-01,2024-06-01,613406.0,619173.5415225718,3,ensemble_change,holdout,0
2024-08-01,2024-07-01,614415.0,606552.7530175778,3,ensemble_change,holdout,0
2024-09-01,2024-08-01,616735.0,609764.8834952841,3,ensemble_change,holdout,0
2024-10-01,2024-09-01,628939.0,613286.1563237994,3,ensemble_change,holdout,0
2024-11-01,2024-10-01,624167.0,626147.0692726423,3,ensemble_change,holdout,0
2024-12-01,2024-11-01,621631.0,620366.5740004755,3,ensemble_change,holdout,0
2025-01-01,2024-12-01,629823.0,624306.1643753301,3,ensemble_change,holdout,0
2025-02-01,2025-01-01,636670.0,634755.85212484,3,ensemble_change,holdout,0
2025-03-01,2025-02-01,642968.0,639916.8959686535,3,ensemble_change,holdout,0
2025-04-01,2025-03-01,644458.0,644202.002033461,3,ensemble_change,holdout,0
2025-05-01,2025-04-01,642395.0,643421.7496795882,3,ensemble_change,holdout,0
2025-06-01,2025-05-01,633430.0,637212.6294317306,3,ensemble_change,holdout,0
2025-07-01,2025-06-01,644270.0,627329.3846822573,3,ensemble_change,holdout,0
2025-08-01,2025-07-01,640338.0,640235.2646259627,3,ensemble_change,holdout,0
2025-09-01,2025-08-01,637211.0,635696.9378863005,3,ensemble_change,holdout,0
2025-10-01,2025-09-01,644610.0,632960.8998424181,3,ensemble_change,holdout,0
2025-11-01,2025-10-01,651793.0,640723.9661851764,3,ensemble_change,holdout,0
2025-12-01,2025-11-01,641399.0,648285.7509627867,3,ensemble_change,holdout,0
2026-01-01,2025-12-01,639513.0,641117.7166578933,3,ensemble_change,holdout,0
2026-02-01,2026-01-01,665153.0,643529.8821680438,3,ensemble_change,holdout,0
2026-03-01,2026-02-01,675361.0,669900.0926262094,3,ensemble_change,holdout,0
2026-04-01,2026-03-01,653282.0,678300.1235202691,3,ensemble_change,holdout,0
2026-05-01,2026-04-01,599784.0,648214.2781377865,3,ensemble_change,holdout,0
2026-06-01,2026-05-01,555461.0,587604.8917232925,3,ensemble_change,holdout,0
2014-07-01,2014-06-01,16906.0,16917.0,4,persistence,cv,1
2014-08-01,2014-07-01,16470.0,16906.0,4,persistence,cv,1
2014-09-01,2014-08-01,15792.0,16470.0,4,persistence,cv,1
2014-10-01,2014-09-01,16434.0,15792.0,4,persistence,cv,1
2014-11-01,2014-10-01,16050.0,16434.0,4,persistence,cv,1
2014-12-01,2014-11-01,16412.0,16050.0,4,persistence,cv,1
2015-01-01,2014-12-01,17304.0,16412.0,4,persistence,cv,1
2015-02-01,2015-01-01,17595.0,17304.0,4,persistence,cv,1
2015-03-01,2015-02-01,19977.0,17595.0,4,persistence,cv,1
2015-04-01,2015-03-01,20717.0,19977.0,4,persistence,cv,1
2015-05-01,2015-04-01,18960.0,20717.0,4,persistence,cv,1
2015-06-01,2015-05-01,18599.0,18960.0,4,persistence,cv,1
2015-07-01,2015-06-01,18948.0,18599.0,4,persistence,cv,2
2015-08-01,2015-07-01,18041.0,18948.0,4,persistence,cv,2
2015-09-01,2015-08-01,18428.0,18041.0,4,persistence,cv,2
2015-10-01,2015-09-01,19229.0,18428.0,4,persistence,cv,2
2015-11-01,2015-10-01,19611.0,19229.0,4,persistence,cv,2
2015-12-01,2015-11-01,19746.0,19611.0,4,persistence,cv,2
2016-01-01,2015-12-01,20688.0,19746.0,4,persistence,cv,2
2016-02-01,2016-01-01,20769.0,20688.0,4,persistence,cv,2
2016-03-01,2016-02-01,21354.0,20769.0,4,persistence,cv,2
2016-04-01,2016-03-01,22094.0,21354.0,4,persistence,cv,2
2016-05-01,2016-04-01,21160.0,22094.0,4,persistence,cv,2
2016-06-01,2016-05-01,20849.0,21160.0,4,persistence,cv,2
2016-07-01,2016-06-01,20925.0,20849.0,4,persistence,cv,3
2016-08-01,2016-07-01,21737.0,20925.0,4,persistence,cv,3
2016-09-01,2016-08-01,21705.0,21737.0,4,persistence,cv,3
2016-10-01,2016-09-01,24299.0,21705.0,4,persistence,cv,3
2016-11-01,2016-10-01,23970.0,24299.0,4,persistence,cv,3
2016-12-01,2016-11-01,23332.0,23970.0,4,persistence,cv,3
2017-01-01,2016-12-01,23208.0,23332.0,4,persistence,cv,3
2017-02-01,2017-01-01,24658.0,23208.0,4,persistence,cv,3
2017-03-01,2017-02-01,25831.0,24658.0,4,persistence,cv,3
2017-04-01,2017-03-01,24922.0,25831.0,4,persistence,cv,3
2017-05-01,2017-04-01,23830.0,24922.0,4,persistence,cv,3
2017-06-01,2017-05-01,22902.0,23830.0,4,persistence,cv,3
2017-07-01,2017-06-01,21810.0,22902.0,4,persistence,cv,4
2017-08-01,2017-07-01,21958.0,21810.0,4,persistence,cv,4
2017-09-01,2017-08-01,21053.0,21958.0,4,persistence,cv,4
2017-10-01,2017-09-01,20934.0,21053.0,4,persistence,cv,4
2017-11-01,2017-10-01,22659.0,20934.0,4,persistence,cv,4
2017-12-01,2017-11-01,22502.0,22659.0,4,persistence,cv,4
2018-01-01,2017-12-01,21769.0,22502.0,4,persistence,cv,4
2018-02-01,2018-01-01,21673.0,21769.0,4,persistence,cv,4
2018-03-01,2018-02-01,23148.0,21673.0,4,persistence,cv,4
2018-04-01,2018-03-01,23739.0,23148.0,4,persistence,cv,4
2018-05-01,2018-04-01,23830.0,23739.0,4,persistence,cv,4
2018-06-01,2018-05-01,22056.0,23830.0,4,persistence,cv,4
2018-07-01,2018-06-01,21418.0,22056.0,4,persistence,cv,5
2018-08-01,2018-07-01,22309.0,21418.0,4,persistence,cv,5
2018-09-01,2018-08-01,21523.0,22309.0,4,persistence,cv,5
2018-10-01,2018-09-01,22068.0,21523.0,4,persistence,cv,5
2018-11-01,2018-10-01,23711.0,22068.0,4,persistence,cv,5
2018-12-01,2018-11-01,21540.0,23711.0,4,persistence,cv,5
2019-01-01,2018-12-01,20798.0,21540.0,4,persistence,cv,5
2019-02-01,2019-01-01,20715.0,20798.0,4,persistence,cv,5
2019-03-01,2019-02-01,22905.0,20715.0,4,persistence,cv,5
2019-04-01,2019-03-01,24151.0,22905.0,4,persistence,cv,5
2019-05-01,2019-04-01,25317.0,24151.0,4,persistence,cv,5
2019-06-01,2019-05-01,21857.0,25317.0,4,persistence,cv,5
2019-07-01,2019-06-01,20832.0,21857.0,4,persistence,cv,6
2019-08-01,2019-07-01,20542.0,20832.0,4,persistence,cv,6
2019-09-01,2019-08-01,20850.0,20542.0,4,persistence,cv,6
2019-10-01,2019-09-01,23255.0,20850.0,4,persistence,cv,6
2019-11-01,2019-10-01,24381.0,23255.0,4,persistence,cv,6
2019-12-01,2019-11-01,23890.0,24381.0,4,persistence,cv,6
2020-01-01,2019-12-01,22824.0,23890.0,4,persistence,cv,6
2020-02-01,2020-01-01,21253.0,22824.0,4,persistence,cv,6
2020-03-01,2020-02-01,23655.0,21253.0,4,persistence,cv,6
2020-04-01,2020-03-01,25662.0,23655.0,4,persistence,cv,6
2020-05-01,2020-04-01,24897.0,25662.0,4,persistence,cv,6
2020-06-01,2020-05-01,26525.0,24897.0,4,persistence,cv,6
2020-07-01,2020-06-01,25529.0,26525.0,4,persistence,cv,7
2020-08-01,2020-07-01,24575.0,25529.0,4,persistence,cv,7
2020-09-01,2020-08-01,23509.0,24575.0,4,persistence,cv,7
2020-10-01,2020-09-01,24222.0,23509.0,4,persistence,cv,7
2020-11-01,2020-10-01,24528.0,24222.0,4,persistence,cv,7
2020-12-01,2020-11-01,24398.0,24528.0,4,persistence,cv,7
2021-01-01,2020-12-01,24949.0,24398.0,4,persistence,cv,7
2021-02-01,2021-01-01,22852.0,24949.0,4,persistence,cv,7
2021-03-01,2021-02-01,23617.0,22852.0,4,persistence,cv,7
2021-04-01,2021-03-01,25326.0,23617.0,4,persistence,cv,7
2021-05-01,2021-04-01,25379.0,25326.0,4,persistence,cv,7
2021-06-01,2021-05-01,24512.0,25379.0,4,persistence,cv,7
2021-07-01,2021-06-01,24171.0,24512.0,4,persistence,cv,8
2021-08-01,2021-07-01,23904.0,24171.0,4,persistence,cv,8
2021-09-01,2021-08-01,23216.0,23904.0,4,persistence,cv,8
2021-10-01,2021-09-01,23663.0,23216.0,4,persistence,cv,8
2021-11-01,2021-10-01,24529.0,23663.0,4,persistence,cv,8
2021-12-01,2021-11-01,24328.0,24529.0,4,persistence,cv,8
2022-01-01,2021-12-01,23746.0,24328.0,4,persistence,cv,8
2022-02-01,2022-01-01,24060.0,23746.0,4,persistence,cv,8
2022-03-01,2022-02-01,25698.0,24060.0,4,persistence,cv,8
2022-04-01,2022-03-01,23192.0,25698.0,4,persistence,cv,8
2022-05-01,2022-04-01,25732.0,23192.0,4,persistence,cv,8
2022-06-01,2022-05-01,24100.0,25732.0,4,persistence,cv,8
2022-07-01,2022-06-01,23644.0,24100.0,4,persistence,cv,9
2022-08-01,2022-07-01,22754.0,23644.0,4,persistence,cv,9
2022-09-01,2022-08-01,23471.0,22754.0,4,persistence,cv,9
2022-10-01,2022-09-01,23509.0,23471.0,4,persistence,cv,9
2022-11-01,2022-10-01,24902.0,23509.0,4,persistence,cv,9
2022-12-01,2022-11-01,24421.0,24902.0,4,persistence,cv,9
2023-01-01,2022-12-01,23934.0,24421.0,4,persistence,cv,9
2023-02-01,2023-01-01,24737.0,23934.0,4,persistence,cv,9
2023-03-01,2023-02-01,25756.0,24737.0,4,persistence,cv,9
2023-04-01,2023-03-01,25956.0,25756.0,4,persistence,cv,9
2023-05-01,2023-04-01,26155.0,25956.0,4,persistence,cv,9
2023-06-01,2023-05-01,24830.0,26155.0,4,persistence,cv,9
2023-07-01,2023-06-01,24055.0,24830.0,4,persistence,cv,10
2023-08-01,2023-07-01,23585.0,24055.0,4,persistence,cv,10
2023-09-01,2023-08-01,24045.0,23585.0,4,persistence,cv,10
2023-10-01,2023-09-01,23932.0,24045.0,4,persistence,cv,10
2023-11-01,2023-10-01,24684.0,23932.0,4,persistence,cv,10
2023-12-01,2023-11-01,25827.0,24684.0,4,persistence,cv,10
2024-01-01,2023-12-01,24185.0,25827.0,4,persistence,cv,10
2024-02-01,2024-01-01,25631.0,24185.0,4,persistence,cv,10
2024-03-01,2024-02-01,26186.0,25631.0,4,persistence,cv,10
2024-04-01,2024-03-01,24951.0,26186.0,4,persistence,cv,10
2024-05-01,2024-04-01,24254.0,24951.0,4,persistence,cv,10
2024-06-01,2024-05-01,22935.0,24254.0,4,persistence,cv,10
2014-07-01,2014-06-01,16906.0,14452.0,4,seasonal_naive,cv,1
2014-08-01,2014-07-01,16470.0,15558.0,4,seasonal_naive,cv,1
2014-09-01,2014-08-01,15792.0,15418.0,4,seasonal_naive,cv,1
2014-10-01,2014-09-01,16434.0,16281.0,4,seasonal_naive,cv,1
2014-11-01,2014-10-01,16050.0,15879.0,4,seasonal_naive,cv,1
2014-12-01,2014-11-01,16412.0,16160.0,4,seasonal_naive,cv,1
2015-01-01,2014-12-01,17304.0,16482.0,4,seasonal_naive,cv,1
2015-02-01,2015-01-01,17595.0,17334.0,4,seasonal_naive,cv,1
2015-03-01,2015-02-01,19977.0,17553.0,4,seasonal_naive,cv,1
2015-04-01,2015-03-01,20717.0,17417.0,4,seasonal_naive,cv,1
2015-05-01,2015-04-01,18960.0,16963.0,4,seasonal_naive,cv,1
2015-06-01,2015-05-01,18599.0,16917.0,4,seasonal_naive,cv,1
2015-07-01,2015-06-01,18948.0,16906.0,4,seasonal_naive,cv,2
2015-08-01,2015-07-01,18041.0,16470.0,4,seasonal_naive,cv,2
2015-09-01,2015-08-01,18428.0,15792.0,4,seasonal_naive,cv,2
2015-10-01,2015-09-01,19229.0,16434.0,4,seasonal_naive,cv,2
2015-11-01,2015-10-01,19611.0,16050.0,4,seasonal_naive,cv,2
2015-12-01,2015-11-01,19746.0,16412.0,4,seasonal_naive,cv,2
2016-01-01,2015-12-01,20688.0,17304.0,4,seasonal_naive,cv,2
2016-02-01,2016-01-01,20769.0,17595.0,4,seasonal_naive,cv,2
2016-03-01,2016-02-01,21354.0,19977.0,4,seasonal_naive,cv,2
2016-04-01,2016-03-01,22094.0,20717.0,4,seasonal_naive,cv,2
2016-05-01,2016-04-01,21160.0,18960.0,4,seasonal_naive,cv,2
2016-06-01,2016-05-01,20849.0,18599.0,4,seasonal_naive,cv,2
2016-07-01,2016-06-01,20925.0,18948.0,4,seasonal_naive,cv,3
2016-08-01,2016-07-01,21737.0,18041.0,4,seasonal_naive,cv,3
2016-09-01,2016-08-01,21705.0,18428.0,4,seasonal_naive,cv,3
2016-10-01,2016-09-01,24299.0,19229.0,4,seasonal_naive,cv,3
2016-11-01,2016-10-01,23970.0,19611.0,4,seasonal_naive,cv,3
2016-12-01,2016-11-01,23332.0,19746.0,4,seasonal_naive,cv,3
2017-01-01,2016-12-01,23208.0,20688.0,4,seasonal_naive,cv,3
2017-02-01,2017-01-01,24658.0,20769.0,4,seasonal_naive,cv,3
2017-03-01,2017-02-01,25831.0,21354.0,4,seasonal_naive,cv,3
2017-04-01,2017-03-01,24922.0,22094.0,4,seasonal_naive,cv,3
2017-05-01,2017-04-01,23830.0,21160.0,4,seasonal_naive,cv,3
2017-06-01,2017-05-01,22902.0,20849.0,4,seasonal_naive,cv,3
2017-07-01,2017-06-01,21810.0,20925.0,4,seasonal_naive,cv,4
2017-08-01,2017-07-01,21958.0,21737.0,4,seasonal_naive,cv,4
2017-09-01,2017-08-01,21053.0,21705.0,4,seasonal_naive,cv,4
2017-10-01,2017-09-01,20934.0,24299.0,4,seasonal_naive,cv,4
2017-11-01,2017-10-01,22659.0,23970.0,4,seasonal_naive,cv,4
2017-12-01,2017-11-01,22502.0,23332.0,4,seasonal_naive,cv,4
2018-01-01,2017-12-01,21769.0,23208.0,4,seasonal_naive,cv,4
2018-02-01,2018-01-01,21673.0,24658.0,4,seasonal_naive,cv,4
2018-03-01,2018-02-01,23148.0,25831.0,4,seasonal_naive,cv,4
2018-04-01,2018-03-01,23739.0,24922.0,4,seasonal_naive,cv,4
2018-05-01,2018-04-01,23830.0,23830.0,4,seasonal_naive,cv,4
2018-06-01,2018-05-01,22056.0,22902.0,4,seasonal_naive,cv,4
2018-07-01,2018-06-01,21418.0,21810.0,4,seasonal_naive,cv,5
2018-08-01,2018-07-01,22309.0,21958.0,4,seasonal_naive,cv,5
2018-09-01,2018-08-01,21523.0,21053.0,4,seasonal_naive,cv,5
2018-10-01,2018-09-01,22068.0,20934.0,4,seasonal_naive,cv,5
2018-11-01,2018-10-01,23711.0,22659.0,4,seasonal_naive,cv,5
2018-12-01,2018-11-01,21540.0,22502.0,4,seasonal_naive,cv,5
2019-01-01,2018-12-01,20798.0,21769.0,4,seasonal_naive,cv,5
2019-02-01,2019-01-01,20715.0,21673.0,4,seasonal_naive,cv,5
2019-03-01,2019-02-01,22905.0,23148.0,4,seasonal_naive,cv,5
2019-04-01,2019-03-01,24151.0,23739.0,4,seasonal_naive,cv,5
2019-05-01,2019-04-01,25317.0,23830.0,4,seasonal_naive,cv,5
2019-06-01,2019-05-01,21857.0,22056.0,4,seasonal_naive,cv,5
2019-07-01,2019-06-01,20832.0,21418.0,4,seasonal_naive,cv,6
2019-08-01,2019-07-01,20542.0,22309.0,4,seasonal_naive,cv,6
2019-09-01,2019-08-01,20850.0,21523.0,4,seasonal_naive,cv,6
2019-10-01,2019-09-01,23255.0,22068.0,4,seasonal_naive,cv,6
2019-11-01,2019-10-01,24381.0,23711.0,4,seasonal_naive,cv,6
2019-12-01,2019-11-01,23890.0,21540.0,4,seasonal_naive,cv,6
2020-01-01,2019-12-01,22824.0,20798.0,4,seasonal_naive,cv,6
2020-02-01,2020-01-01,21253.0,20715.0,4,seasonal_naive,cv,6
2020-03-01,2020-02-01,23655.0,22905.0,4,seasonal_naive,cv,6
2020-04-01,2020-03-01,25662.0,24151.0,4,seasonal_naive,cv,6
2020-05-01,2020-04-01,24897.0,25317.0,4,seasonal_naive,cv,6
2020-06-01,2020-05-01,26525.0,21857.0,4,seasonal_naive,cv,6
2020-07-01,2020-06-01,25529.0,20832.0,4,seasonal_naive,cv,7
2020-08-01,2020-07-01,24575.0,20542.0,4,seasonal_naive,cv,7
2020-09-01,2020-08-01,23509.0,20850.0,4,seasonal_naive,cv,7
2020-10-01,2020-09-01,24222.0,23255.0,4,seasonal_naive,cv,7
2020-11-01,2020-10-01,24528.0,24381.0,4,seasonal_naive,cv,7
2020-12-01,2020-11-01,24398.0,23890.0,4,seasonal_naive,cv,7
2021-01-01,2020-12-01,24949.0,22824.0,4,seasonal_naive,cv,7
2021-02-01,2021-01-01,22852.0,21253.0,4,seasonal_naive,cv,7
2021-03-01,2021-02-01,23617.0,23655.0,4,seasonal_naive,cv,7
2021-04-01,2021-03-01,25326.0,25662.0,4,seasonal_naive,cv,7
2021-05-01,2021-04-01,25379.0,24897.0,4,seasonal_naive,cv,7
2021-06-01,2021-05-01,24512.0,26525.0,4,seasonal_naive,cv,7
2021-07-01,2021-06-01,24171.0,25529.0,4,seasonal_naive,cv,8
2021-08-01,2021-07-01,23904.0,24575.0,4,seasonal_naive,cv,8
2021-09-01,2021-08-01,23216.0,23509.0,4,seasonal_naive,cv,8
2021-10-01,2021-09-01,23663.0,24222.0,4,seasonal_naive,cv,8
2021-11-01,2021-10-01,24529.0,24528.0,4,seasonal_naive,cv,8
2021-12-01,2021-11-01,24328.0,24398.0,4,seasonal_naive,cv,8
2022-01-01,2021-12-01,23746.0,24949.0,4,seasonal_naive,cv,8
2022-02-01,2022-01-01,24060.0,22852.0,4,seasonal_naive,cv,8
2022-03-01,2022-02-01,25698.0,23617.0,4,seasonal_naive,cv,8
2022-04-01,2022-03-01,23192.0,25326.0,4,seasonal_naive,cv,8
2022-05-01,2022-04-01,25732.0,25379.0,4,seasonal_naive,cv,8
2022-06-01,2022-05-01,24100.0,24512.0,4,seasonal_naive,cv,8
2022-07-01,2022-06-01,23644.0,24171.0,4,seasonal_naive,cv,9
2022-08-01,2022-07-01,22754.0,23904.0,4,seasonal_naive,cv,9
2022-09-01,2022-08-01,23471.0,23216.0,4,seasonal_naive,cv,9
2022-10-01,2022-09-01,23509.0,23663.0,4,seasonal_naive,cv,9
2022-11-01,2022-10-01,24902.0,24529.0,4,seasonal_naive,cv,9
2022-12-01,2022-11-01,24421.0,24328.0,4,seasonal_naive,cv,9
2023-01-01,2022-12-01,23934.0,23746.0,4,seasonal_naive,cv,9
2023-02-01,2023-01-01,24737.0,24060.0,4,seasonal_naive,cv,9
2023-03-01,2023-02-01,25756.0,25698.0,4,seasonal_naive,cv,9
2023-04-01,2023-03-01,25956.0,23192.0,4,seasonal_naive,cv,9
2023-05-01,2023-04-01,26155.0,25732.0,4,seasonal_naive,cv,9
2023-06-01,2023-05-01,24830.0,24100.0,4,seasonal_naive,cv,9
2023-07-01,2023-06-01,24055.0,23644.0,4,seasonal_naive,cv,10
2023-08-01,2023-07-01,23585.0,22754.0,4,seasonal_naive,cv,10
2023-09-01,2023-08-01,24045.0,23471.0,4,seasonal_naive,cv,10
2023-10-01,2023-09-01,23932.0,23509.0,4,seasonal_naive,cv,10
2023-11-01,2023-10-01,24684.0,24902.0,4,seasonal_naive,cv,10
2023-12-01,2023-11-01,25827.0,24421.0,4,seasonal_naive,cv,10
2024-01-01,2023-12-01,24185.0,23934.0,4,seasonal_naive,cv,10
2024-02-01,2024-01-01,25631.0,24737.0,4,seasonal_naive,cv,10
2024-03-01,2024-02-01,26186.0,25756.0,4,seasonal_naive,cv,10
2024-04-01,2024-03-01,24951.0,25956.0,4,seasonal_naive,cv,10
2024-05-01,2024-04-01,24254.0,26155.0,4,seasonal_naive,cv,10
2024-06-01,2024-05-01,22935.0,24830.0,4,seasonal_naive,cv,10
2014-07-01,2014-06-01,16906.0,16638.6,4,seasonal_change,cv,1
2014-08-01,2014-07-01,16470.0,17102.4,4,seasonal_change,cv,1
2014-09-01,2014-08-01,15792.0,16869.0,4,seasonal_change,cv,1
2014-10-01,2014-09-01,16434.0,16210.4,4,seasonal_change,cv,1
2014-11-01,2014-10-01,16050.0,16304.8,4,seasonal_change,cv,1
2014-12-01,2014-11-01,16412.0,15709.8,4,seasonal_change,cv,1
2015-01-01,2014-12-01,17304.0,17104.8,4,seasonal_change,cv,1
2015-02-01,2015-01-01,17595.0,17344.6,4,seasonal_change,cv,1
2015-03-01,2015-02-01,19977.0,17508.2,4,seasonal_change,cv,1
2015-04-01,2015-03-01,20717.0,20343.0,4,seasonal_change,cv,1
2015-05-01,2015-04-01,18960.0,20594.4,4,seasonal_change,cv,1
2015-06-01,2015-05-01,18599.0,18211.6,4,seasonal_change,cv,1
2015-07-01,2015-06-01,18948.0,18414.4,4,seasonal_change,cv,2
2015-08-01,2015-07-01,18041.0,19150.8,4,seasonal_change,cv,2
2015-09-01,2015-08-01,18428.0,18354.0,4,seasonal_change,cv,2
2015-10-01,2015-09-01,19229.0,18914.4,4,seasonal_change,cv,2
2015-11-01,2015-10-01,19611.0,18970.0,4,seasonal_change,cv,2
2015-12-01,2015-11-01,19746.0,19473.4,4,seasonal_change,cv,2
2016-01-01,2015-12-01,20688.0,20621.6,4,seasonal_change,cv,2
2016-02-01,2016-01-01,20769.0,20869.4,4,seasonal_change,cv,2
2016-03-01,2016-02-01,21354.0,20906.6,4,seasonal_change,cv,2
2016-04-01,2016-03-01,22094.0,21702.0,4,seasonal_change,cv,2
2016-05-01,2016-04-01,21160.0,21461.4,4,seasonal_change,cv,2
2016-06-01,2016-05-01,20849.0,20607.2,4,seasonal_change,cv,2
2016-07-01,2016-06-01,20925.0,20879.2,4,seasonal_change,cv,3
2016-08-01,2016-07-01,21737.0,20864.6,4,seasonal_change,cv,3
2016-09-01,2016-08-01,21705.0,22222.2,4,seasonal_change,cv,3
2016-10-01,2016-09-01,24299.0,22221.4,4,seasonal_change,cv,3
2016-11-01,2016-10-01,23970.0,24092.6,4,seasonal_change,cv,3
2016-12-01,2016-11-01,23332.0,23999.8,4,seasonal_change,cv,3
2017-01-01,2016-12-01,23208.0,24348.4,4,seasonal_change,cv,3
2017-02-01,2017-01-01,24658.0,23434.0,4,seasonal_change,cv,3
2017-03-01,2017-02-01,25831.0,25105.0,4,seasonal_change,cv,3
2017-04-01,2017-03-01,24922.0,26163.0,4,seasonal_change,cv,3
2017-05-01,2017-04-01,23830.0,24267.4,4,seasonal_change,cv,3
2017-06-01,2017-05-01,22902.0,23286.6,4,seasonal_change,cv,3
2017-07-01,2017-06-01,21810.0,22903.2,4,seasonal_change,cv,4
2017-08-01,2017-07-01,21958.0,21834.6,4,seasonal_change,cv,4
2017-09-01,2017-08-01,21053.0,22141.6,4,seasonal_change,cv,4
2017-10-01,2017-09-01,20934.0,22189.6,4,seasonal_change,cv,4
2017-11-01,2017-10-01,22659.0,20817.8,4,seasonal_change,cv,4
2017-12-01,2017-11-01,22502.0,22532.4,4,seasonal_change,cv,4
2018-01-01,2017-12-01,21769.0,23153.8,4,seasonal_change,cv,4
2018-02-01,2018-01-01,21673.0,22356.8,4,seasonal_change,cv,4
2018-03-01,2018-02-01,23148.0,22395.0,4,seasonal_change,cv,4
2018-04-01,2018-03-01,23739.0,23163.6,4,seasonal_change,cv,4
2018-05-01,2018-04-01,23830.0,22835.2,4,seasonal_change,cv,4
2018-06-01,2018-05-01,22056.0,23342.8,4,seasonal_change,cv,4
2018-07-01,2018-06-01,21418.0,21939.6,4,seasonal_change,cv,5
2018-08-01,2018-07-01,22309.0,21562.6,4,seasonal_change,cv,5
2018-09-01,2018-08-01,21523.0,22035.4,4,seasonal_change,cv,5
2018-10-01,2018-09-01,22068.0,22479.2,4,seasonal_change,cv,5
2018-11-01,2018-10-01,23711.0,22266.4,4,seasonal_change,cv,5
2018-12-01,2018-11-01,21540.0,23707.6,4,seasonal_change,cv,5
2019-01-01,2018-12-01,20798.0,21799.8,4,seasonal_change,cv,5
2019-02-01,2019-01-01,20715.0,21313.6,4,seasonal_change,cv,5
2019-03-01,2019-02-01,22905.0,21881.8,4,seasonal_change,cv,5
2019-04-01,2019-03-01,24151.0,23110.2,4,seasonal_change,cv,5
2019-05-01,2019-04-01,25317.0,23321.8,4,seasonal_change,cv,5
2019-06-01,2019-05-01,21857.0,24633.0,4,seasonal_change,cv,5
2019-07-01,2019-06-01,20832.0,21593.8,4,seasonal_change,cv,6
2019-08-01,2019-07-01,20542.0,20933.6,4,seasonal_change,cv,6
2019-09-01,2019-08-01,20850.0,20139.2,4,seasonal_change,cv,6
2019-10-01,2019-09-01,23255.0,21742.6,4,seasonal_change,cv,6
2019-11-01,2019-10-01,24381.0,23862.4,4,seasonal_change,cv,6
2019-12-01,2019-11-01,23890.0,23887.2,4,seasonal_change,cv,6
2020-01-01,2019-12-01,22824.0,23937.0,4,seasonal_change,cv,6
2020-02-01,2020-01-01,21253.0,23152.6,4,seasonal_change,cv,6
2020-03-01,2020-02-01,23655.0,22814.0,4,seasonal_change,cv,6
2020-04-01,2020-03-01,25662.0,24136.6,4,seasonal_change,cv,6
2020-05-01,2020-04-01,24897.0,25156.8,4,seasonal_change,cv,6
2020-06-01,2020-05-01,26525.0,23530.2,4,seasonal_change,cv,6
2020-07-01,2020-06-01,25529.0,26059.0,4,seasonal_change,cv,7
2020-08-01,2020-07-01,24575.0,25659.8,4,seasonal_change,cv,7
2020-09-01,2020-08-01,23509.0,24369.4,4,seasonal_change,cv,7
2020-10-01,2020-09-01,24222.0,24754.2,4,seasonal_change,cv,7
2020-11-01,2020-10-01,24528.0,25131.4,4,seasonal_change,cv,7
2020-12-01,2020-11-01,24398.0,23863.6,4,seasonal_change,cv,7
2021-01-01,2020-12-01,24949.0,24053.4,4,seasonal_change,cv,7
2021-02-01,2021-01-01,22852.0,24905.2,4,seasonal_change,cv,7
2021-03-01,2021-02-01,23617.0,24417.0,4,seasonal_change,cv,7
2021-04-01,2021-03-01,25326.0,24352.0,4,seasonal_change,cv,7
2021-05-01,2021-04-01,25379.0,25019.2,4,seasonal_change,cv,7
2021-06-01,2021-05-01,24512.0,24410.0,4,seasonal_change,cv,7
2021-07-01,2021-06-01,24171.0,23777.0,4,seasonal_change,cv,8
2021-08-01,2021-07-01,23904.0,24292.4,4,seasonal_change,cv,8
2021-09-01,2021-08-01,23216.0,23407.8,4,seasonal_change,cv,8
2021-10-01,2021-09-01,23663.0,24443.6,4,seasonal_change,cv,8
2021-11-01,2021-10-01,24529.0,24557.2,4,seasonal_change,cv,8
2021-12-01,2021-11-01,24328.0,23811.6,4,seasonal_change,cv,8
2022-01-01,2021-12-01,23746.0,23905.2,4,seasonal_change,cv,8
2022-02-01,2022-01-01,24060.0,23266.6,4,seasonal_change,cv,8
2022-03-01,2022-02-01,25698.0,25661.0,4,seasonal_change,cv,8
2022-04-01,2022-03-01,23192.0,26626.8,4,seasonal_change,cv,8
2022-05-01,2022-04-01,25732.0,23082.6,4,seasonal_change,cv,8
2022-06-01,2022-05-01,24100.0,24651.8,4,seasonal_change,cv,8
2022-07-01,2022-06-01,23644.0,23281.6,4,seasonal_change,cv,9
2022-08-01,2022-07-01,22754.0,23549.6,4,seasonal_change,cv,9
2022-09-01,2022-08-01,23471.0,22126.6,4,seasonal_change,cv,9
2022-10-01,2022-09-01,23509.0,24269.2,4,seasonal_change,cv,9
2022-11-01,2022-10-01,24902.0,24642.2,4,seasonal_change,cv,9
2022-12-01,2022-11-01,24421.0,24272.0,4,seasonal_change,cv,9
2023-01-01,2022-12-01,23934.0,23906.6,4,seasonal_change,cv,9
2023-02-01,2023-01-01,24737.0,23227.4,4,seasonal_change,cv,9
2023-03-01,2023-02-01,25756.0,26431.0,4,seasonal_change,cv,9
2023-04-01,2023-03-01,25956.0,26365.4,4,seasonal_change,cv,9
2023-05-01,2023-04-01,26155.0,26573.0,4,seasonal_change,cv,9
2023-06-01,2023-05-01,24830.0,24934.0,4,seasonal_change,cv,9
2023-07-01,2023-06-01,24055.0,24138.8,4,seasonal_change,cv,10
2023-08-01,2023-07-01,23585.0,23753.0,4,seasonal_change,cv,10
2023-09-01,2023-08-01,24045.0,23282.0,4,seasonal_change,cv,10
2023-10-01,2023-09-01,23932.0,24874.6,4,seasonal_change,cv,10
2023-11-01,2023-10-01,24684.0,24998.8,4,seasonal_change,cv,10
2023-12-01,2023-11-01,25827.0,23989.2,4,seasonal_change,cv,10
2024-01-01,2023-12-01,24185.0,25361.8,4,seasonal_change,cv,10
2024-02-01,2024-01-01,25631.0,23658.2,4,seasonal_change,cv,10
2024-03-01,2024-02-01,26186.0,27233.8,4,seasonal_change,cv,10
2024-04-01,2024-03-01,24951.0,26717.2,4,seasonal_change,cv,10
2024-05-01,2024-04-01,24254.0,25589.6,4,seasonal_change,cv,10
2024-06-01,2024-05-01,22935.0,23122.8,4,seasonal_change,cv,10
2014-07-01,2014-06-01,16906.0,16829.25744047619,4,forecast_flow_identity,cv,1
2014-08-01,2014-07-01,16470.0,17291.307440476186,4,forecast_flow_identity,cv,1
2014-09-01,2014-08-01,15792.0,16973.191071428566,4,forecast_flow_identity,cv,1
2014-10-01,2014-09-01,16434.0,16212.121607142852,4,forecast_flow_identity,cv,1
2014-11-01,2014-10-01,16050.0,16308.837039170508,4,forecast_flow_identity,cv,1
2014-12-01,2014-11-01,16412.0,15731.157440476185,4,forecast_flow_identity,cv,1
2015-01-01,2014-12-01,17304.0,17137.957440476188,4,forecast_flow_identity,cv,1
2015-02-01,2015-01-01,17595.0,17337.601937337782,4,forecast_flow_identity,cv,1
2015-03-01,2015-02-01,19977.0,17474.013905993426,4,forecast_flow_identity,cv,1
2015-04-01,2015-03-01,20717.0,20527.260231606546,4,forecast_flow_identity,cv,1
2015-05-01,2015-04-01,18960.0,20839.4205726601,4,forecast_flow_identity,cv,1
2015-06-01,2015-05-01,18599.0,18436.28119934848,4,forecast_flow_identity,cv,1
2015-07-01,2015-06-01,18948.0,18620.81473932677,4,forecast_flow_identity,cv,2
2015-08-01,2015-07-01,18041.0,19343.314739326765,4,forecast_flow_identity,cv,2
2015-09-01,2015-08-01,18428.0,18501.570715477515,4,forecast_flow_identity,cv,2
2015-10-01,2015-09-01,19229.0,19009.66890599342,4,forecast_flow_identity,cv,2
2015-11-01,2015-10-01,19611.0,19089.413457413004,4,forecast_flow_identity,cv,2
2015-12-01,2015-11-01,19746.0,19659.458905993422,4,forecast_flow_identity,cv,2
2016-01-01,2015-12-01,20688.0,20778.483905993435,4,forecast_flow_identity,cv,2
2016-02-01,2016-01-01,20769.0,20983.509368279563,4,forecast_flow_identity,cv,2
2016-03-01,2016-02-01,21354.0,20986.252717569794,4,forecast_flow_identity,cv,2
2016-04-01,2016-03-01,22094.0,21721.273597648185,4,forecast_flow_identity,cv,2
2016-05-01,2016-04-01,21160.0,21537.83271756978,4,forecast_flow_identity,cv,2
2016-06-01,2016-05-01,20849.0,20652.473597648175,4,forecast_flow_identity,cv,2
2016-07-01,2016-06-01,20925.0,20953.372717569793,4,forecast_flow_identity,cv,3
2016-08-01,2016-07-01,21737.0,20955.647717569787,4,forecast_flow_identity,cv,3
2016-09-01,2016-08-01,21705.0,22384.844565390114,4,forecast_flow_identity,cv,3
2016-10-01,2016-09-01,24299.0,22439.963550903107,4,forecast_flow_identity,cv,3
2016-11-01,2016-10-01,23970.0,24330.345371841722,4,forecast_flow_identity,cv,3
2016-12-01,2016-11-01,23332.0,24194.39771756978,4,forecast_flow_identity,cv,3
2017-01-01,2016-12-01,23208.0,24518.17271756979,4,forecast_flow_identity,cv,3
2017-02-01,2017-01-01,24658.0,23583.753889506854,4,forecast_flow_identity,cv,3
2017-03-01,2017-02-01,25831.0,25288.72459564861,4,forecast_flow_identity,cv,3
2017-04-01,2017-03-01,24922.0,26329.31251191801,4,forecast_flow_identity,cv,3
2017-05-01,2017-04-01,23830.0,24401.610428981934,4,forecast_flow_identity,cv,3
2017-06-01,2017-05-01,22902.0,23453.787511917995,4,forecast_flow_identity,cv,3
2017-07-01,2017-06-01,21810.0,23004.557095648604,4,forecast_flow_identity,cv,4
2017-08-01,2017-07-01,21958.0,21843.6570956486,4,forecast_flow_identity,cv,4
2017-09-01,2017-08-01,21053.0,22121.27783449865,4,forecast_flow_identity,cv,4
2017-10-01,2017-09-01,20934.0,22205.53542898194,4,forecast_flow_identity,cv,4
2017-11-01,2017-10-01,22659.0,20746.63267320833,4,forecast_flow_identity,cv,4
2017-12-01,2017-11-01,22502.0,22574.77459564861,4,forecast_flow_identity,cv,4
2018-01-01,2017-12-01,21769.0,23145.974595648604,4,forecast_flow_identity,cv,4
2018-02-01,2018-01-01,21673.0,22325.802304412315,4,forecast_flow_identity,cv,4
2018-03-01,2018-02-01,23148.0,22296.319761904757,4,forecast_flow_identity,cv,4
2018-04-01,2018-03-01,23739.0,22998.207834101377,4,forecast_flow_identity,cv,4
2018-05-01,2018-04-01,23830.0,22627.056011904766,4,forecast_flow_identity,cv,4
2018-06-01,2018-05-01,22056.0,23271.67476958526,4,forecast_flow_identity,cv,4
2018-07-01,2018-06-01,21418.0,21776.119761904763,4,forecast_flow_identity,cv,5
2018-08-01,2018-07-01,22309.0,21298.520178571438,4,forecast_flow_identity,cv,5
2018-09-01,2018-08-01,21523.0,21972.69654377881,4,forecast_flow_identity,cv,5
2018-10-01,2018-09-01,22068.0,22257.510178571432,4,forecast_flow_identity,cv,5
2018-11-01,2018-10-01,23711.0,22161.738479262676,4,forecast_flow_identity,cv,5
2018-12-01,2018-11-01,21540.0,23627.556428571435,4,forecast_flow_identity,cv,5
2019-01-01,2018-12-01,20798.0,21632.506428571432,4,forecast_flow_identity,cv,5
2019-02-01,2019-01-01,20715.0,20967.40388023731,4,forecast_flow_identity,cv,5
2019-03-01,2019-02-01,22905.0,21613.454172824306,4,forecast_flow_identity,cv,5
2019-04-01,2019-03-01,24151.0,22880.285932782455,4,forecast_flow_identity,cv,5
2019-05-01,2019-04-01,25317.0,22783.27750615764,4,forecast_flow_identity,cv,5
2019-06-01,2019-05-01,21857.0,24298.349199507385,4,forecast_flow_identity,cv,5
2019-07-01,2019-06-01,20832.0,21223.161672824303,4,forecast_flow_identity,cv,6
2019-08-01,2019-07-01,20542.0,20404.986672824307,4,forecast_flow_identity,cv,6
2019-09-01,2019-08-01,20850.0,19748.91936079772,4,forecast_flow_identity,cv,6
2019-10-01,2019-09-01,23255.0,21204.009172824313,4,forecast_flow_identity,cv,6
2019-11-01,2019-10-01,24381.0,23547.421780152552,4,forecast_flow_identity,cv,6
2019-12-01,2019-11-01,23890.0,23654.008797208535,4,forecast_flow_identity,cv,6
2020-01-01,2019-12-01,22824.0,23768.05879720854,4,forecast_flow_identity,cv,6
2020-02-01,2020-01-01,21253.0,22860.525481950837,4,forecast_flow_identity,cv,6
2020-03-01,2020-02-01,23655.0,22547.378686371096,4,forecast_flow_identity,cv,6
2020-04-01,2020-03-01,25662.0,23979.02453519784,4,forecast_flow_identity,cv,6
2020-05-01,2020-04-01,24897.0,24855.592071018058,4,forecast_flow_identity,cv,6
2020-06-01,2020-05-01,26525.0,23174.318133243283,4,forecast_flow_identity,cv,6
2020-07-01,2020-06-01,25529.0,25967.40373768472,4,forecast_flow_identity,cv,7
2020-08-01,2020-07-01,24575.0,25528.378737684718,4,forecast_flow_identity,cv,7
2020-09-01,2020-08-01,23509.0,24105.02942356587,4,forecast_flow_identity,cv,7
2020-10-01,2020-09-01,24222.0,24475.297071018053,4,forecast_flow_identity,cv,7
2020-11-01,2020-10-01,24528.0,24843.590713888436,4,forecast_flow_identity,cv,7
2020-12-01,2020-11-01,24398.0,23549.6754043514,4,forecast_flow_identity,cv,7
2021-01-01,2020-12-01,24949.0,23973.923686371098,4,forecast_flow_identity,cv,7
2021-02-01,2021-01-01,22852.0,24875.73507044865,4,forecast_flow_identity,cv,7
2021-03-01,2021-02-01,23617.0,24373.900903119866,4,forecast_flow_identity,cv,7
2021-04-01,2021-03-01,25326.0,24200.397648180515,4,forecast_flow_identity,cv,7
2021-05-01,2021-04-01,25379.0,24896.265285303765,4,forecast_flow_identity,cv,7
2021-06-01,2021-05-01,24512.0,24268.37124384236,4,forecast_flow_identity,cv,7
2021-07-01,2021-06-01,24171.0,23687.25445197044,4,forecast_flow_identity,cv,8
2021-08-01,2021-07-01,23904.0,24274.929451970434,4,forecast_flow_identity,cv,8
2021-09-01,2021-08-01,23216.0,23415.03334061656,4,forecast_flow_identity,cv,8
2021-10-01,2021-09-01,23663.0,24473.1286186371,4,forecast_flow_identity,cv,8
2021-11-01,2021-10-01,24529.0,24652.422856745587,4,forecast_flow_identity,cv,8
2021-12-01,2021-11-01,24328.0,23806.989451970447,4,forecast_flow_identity,cv,8
2022-01-01,2021-12-01,23746.0,23939.814451970444,4,forecast_flow_identity,cv,8
2022-02-01,2022-01-01,24060.0,23344.479061920654,4,forecast_flow_identity,cv,8
2022-03-01,2022-02-01,25698.0,25917.327321428576,4,forecast_flow_identity,cv,8
2022-04-01,2022-03-01,23192.0,26852.61514976959,4,forecast_flow_identity,cv,8
2022-05-01,2022-04-01,25732.0,22996.843154761897,4,forecast_flow_identity,cv,8
2022-06-01,2022-05-01,24100.0,24631.724020737325,4,forecast_flow_identity,cv,8
2022-07-01,2022-06-01,23644.0,23250.095654761913,4,forecast_flow_identity,cv,9
2022-08-01,2022-07-01,22754.0,23515.52910714286,4,forecast_flow_identity,cv,9
2022-09-01,2022-08-01,23471.0,22066.979665898623,4,forecast_flow_identity,cv,9
2022-10-01,2022-09-01,23509.0,24257.81065476191,4,forecast_flow_identity,cv,9
2022-11-01,2022-10-01,24902.0,24528.834504608294,4,forecast_flow_identity,cv,9
2022-12-01,2022-11-01,24421.0,24214.05398809524,4,forecast_flow_identity,cv,9
2023-01-01,2022-12-01,23934.0,23894.089107142856,4,forecast_flow_identity,cv,9
2023-02-01,2023-01-01,24737.0,23213.566579532817,4,forecast_flow_identity,cv,9
2023-03-01,2023-02-01,25756.0,26536.313799261086,4,forecast_flow_identity,cv,9
2023-04-01,2023-03-01,25956.0,26416.443387494044,4,forecast_flow_identity,cv,9
2023-05-01,2023-04-01,26155.0,26600.06650041051,4,forecast_flow_identity,cv,9
2023-06-01,2023-05-01,24830.0,24902.238548784368,4,forecast_flow_identity,cv,9
2023-07-01,2023-06-01,24055.0,24057.63233374384,4,forecast_flow_identity,cv,10
2023-08-01,2023-07-01,23585.0,23671.457333743845,4,forecast_flow_identity,cv,10
2023-09-01,2023-08-01,24045.0,23281.12967781662,4,forecast_flow_identity,cv,10
2023-10-01,2023-09-01,23932.0,24875.6965004105,4,forecast_flow_identity,cv,10
2023-11-01,2023-10-01,24684.0,24933.340161687596,4,forecast_flow_identity,cv,10
2023-12-01,2023-11-01,25827.0,23950.814000410508,4,forecast_flow_identity,cv,10
2024-01-01,2023-12-01,24185.0,25304.239000410504,4,forecast_flow_identity,cv,10
2024-02-01,2024-01-01,25631.0,23527.852382872494,4,forecast_flow_identity,cv,10
2024-03-01,2024-02-01,26186.0,27232.54598932676,4,forecast_flow_identity,cv,10
2024-04-01,2024-03-01,24951.0,26708.17192515494,4,forecast_flow_identity,cv,10
2024-05-01,2024-04-01,24254.0,25544.665989326764,4,forecast_flow_identity,cv,10
2024-06-01,2024-05-01,22935.0,23052.950957412995,4,forecast_flow_identity,cv,10
2014-07-01,2014-06-01,16906.0,17190.031513158407,4,legacy_constrained_level,cv,1
2014-08-01,2014-07-01,16470.0,17273.86676720591,4,legacy_constrained_level,cv,1
2014-09-01,2014-08-01,15792.0,16953.998354503572,4,legacy_constrained_level,cv,1
2014-10-01,2014-09-01,16434.0,16444.794110013212,4,legacy_constrained_level,cv,1
2014-11-01,2014-10-01,16050.0,17138.26090741616,4,legacy_constrained_level,cv,1
2014-12-01,2014-11-01,16412.0,16722.402582820585,4,legacy_constrained_level,cv,1
2015-01-01,2014-12-01,17304.0,17169.319746025605,4,legacy_constrained_level,cv,1
2015-02-01,2015-01-01,17595.0,17859.289138075867,4,legacy_constrained_level,cv,1
2015-03-01,2015-02-01,19977.0,17845.038429432687,4,legacy_constrained_level,cv,1
2015-04-01,2015-03-01,20717.0,19926.746891436625,4,legacy_constrained_level,cv,1
2015-05-01,2015-04-01,18960.0,20360.715897471237,4,legacy_constrained_level,cv,1
2015-06-01,2015-05-01,18599.0,19098.921067658044,4,legacy_constrained_level,cv,1
2015-07-01,2015-06-01,18948.0,18504.76181073903,4,legacy_constrained_level,cv,2
2015-08-01,2015-07-01,18041.0,18780.83019446385,4,legacy_constrained_level,cv,2
2015-09-01,2015-08-01,18428.0,18232.956523309105,4,legacy_constrained_level,cv,2
2015-10-01,2015-09-01,19229.0,18424.106981632496,4,legacy_constrained_level,cv,2
2015-11-01,2015-10-01,19611.0,19159.794938768297,4,legacy_constrained_level,cv,2
2015-12-01,2015-11-01,19746.0,19214.899554517422,4,legacy_constrained_level,cv,2
2016-01-01,2015-12-01,20688.0,19340.25805560485,4,legacy_constrained_level,cv,2
2016-02-01,2016-01-01,20769.0,20047.67304369167,4,legacy_constrained_level,cv,2
2016-03-01,2016-02-01,21354.0,19914.532756936176,4,legacy_constrained_level,cv,2
2016-04-01,2016-03-01,22094.0,20400.816303903965,4,legacy_constrained_level,cv,2
2016-05-01,2016-04-01,21160.0,21092.16025009199,4,legacy_constrained_level,cv,2
2016-06-01,2016-05-01,20849.0,20179.48491316008,4,legacy_constrained_level,cv,2
2016-07-01,2016-06-01,20925.0,20284.496745451215,4,legacy_constrained_level,cv,3
2016-08-01,2016-07-01,21737.0,20465.50730017182,4,legacy_constrained_level,cv,3
2016-09-01,2016-08-01,21705.0,21212.363243434353,4,legacy_constrained_level,cv,3
2016-10-01,2016-09-01,24299.0,21114.079768096133,4,legacy_constrained_level,cv,3
2016-11-01,2016-10-01,23970.0,23475.592661618124,4,legacy_constrained_level,cv,3
2016-12-01,2016-11-01,23332.0,23151.844395380904,4,legacy_constrained_level,cv,3
2017-01-01,2016-12-01,23208.0,22453.368174138763,4,legacy_constrained_level,cv,3
2017-02-01,2017-01-01,24658.0,22470.523354814773,4,legacy_constrained_level,cv,3
2017-03-01,2017-02-01,25831.0,23565.706168211836,4,legacy_constrained_level,cv,3
2017-04-01,2017-03-01,24922.0,24774.11457393662,4,legacy_constrained_level,cv,3
2017-05-01,2017-04-01,23830.0,23846.425595326342,4,legacy_constrained_level,cv,3
2017-06-01,2017-05-01,22902.0,23008.514362942034,4,legacy_constrained_level,cv,3
2017-07-01,2017-06-01,21810.0,22777.023406478416,4,legacy_constrained_level,cv,4
2017-08-01,2017-07-01,21958.0,21789.458380214484,4,legacy_constrained_level,cv,4
2017-09-01,2017-08-01,21053.0,22145.75691754592,4,legacy_constrained_level,cv,4
2017-10-01,2017-09-01,20934.0,21259.011368176994,4,legacy_constrained_level,cv,4
2017-11-01,2017-10-01,22659.0,21230.531328121004,4,legacy_constrained_level,cv,4
2017-12-01,2017-11-01,22502.0,22835.04832725045,4,legacy_constrained_level,cv,4
2018-01-01,2017-12-01,21769.0,22777.618146286542,4,legacy_constrained_level,cv,4
2018-02-01,2018-01-01,21673.0,22196.86741811235,4,legacy_constrained_level,cv,4
2018-03-01,2018-02-01,23148.0,21803.119332955175,4,legacy_constrained_level,cv,4
2018-04-01,2018-03-01,23739.0,23464.84244424245,4,legacy_constrained_level,cv,4
2018-05-01,2018-04-01,23830.0,23910.27607919836,4,legacy_constrained_level,cv,4
2018-06-01,2018-05-01,22056.0,24099.957433845375,4,legacy_constrained_level,cv,4
2018-07-01,2018-06-01,21418.0,22220.004189956588,4,legacy_constrained_level,cv,5
2018-08-01,2018-07-01,22309.0,21703.67052369852,4,legacy_constrained_level,cv,5
2018-09-01,2018-08-01,21523.0,22638.13249409934,4,legacy_constrained_level,cv,5
2018-10-01,2018-09-01,22068.0,21856.74462557272,4,legacy_constrained_level,cv,5
2018-11-01,2018-10-01,23711.0,22444.53153831008,4,legacy_constrained_level,cv,5
2018-12-01,2018-11-01,21540.0,24051.461644055587,4,legacy_constrained_level,cv,5
2019-01-01,2018-12-01,20798.0,21910.017019790437,4,legacy_constrained_level,cv,5
2019-02-01,2019-01-01,20715.0,21346.74997626859,4,legacy_constrained_level,cv,5
2019-03-01,2019-02-01,22905.0,20933.652954382767,4,legacy_constrained_level,cv,5
2019-04-01,2019-03-01,24151.0,23131.64402644752,4,legacy_constrained_level,cv,5
2019-05-01,2019-04-01,25317.0,24277.229120034273,4,legacy_constrained_level,cv,5
2019-06-01,2019-05-01,21857.0,25527.29466236201,4,legacy_constrained_level,cv,5
2019-07-01,2019-06-01,20832.0,22031.69210823054,4,legacy_constrained_level,cv,6
2019-08-01,2019-07-01,20542.0,21117.485921388143,4,legacy_constrained_level,cv,6
2019-09-01,2019-08-01,20850.0,20862.19710417491,4,legacy_constrained_level,cv,6
2019-10-01,2019-09-01,23255.0,21121.77923293793,4,legacy_constrained_level,cv,6
2019-11-01,2019-10-01,24381.0,23432.37694859183,4,legacy_constrained_level,cv,6
2019-12-01,2019-11-01,23890.0,24446.5525314509,4,legacy_constrained_level,cv,6
2020-01-01,2019-12-01,22824.0,24013.893352191008,4,legacy_constrained_level,cv,6
2020-02-01,2020-01-01,21253.0,22992.431256619137,4,legacy_constrained_level,cv,6
2020-03-01,2020-02-01,23655.0,21434.25518093067,4,legacy_constrained_level,cv,6
2020-04-01,2020-03-01,25662.0,23721.209915380117,4,legacy_constrained_level,cv,6
2020-05-01,2020-04-01,24897.0,25452.389661249188,4,legacy_constrained_level,cv,6
2020-06-01,2020-05-01,26525.0,24604.01267928695,4,legacy_constrained_level,cv,6
2020-07-01,2020-06-01,25529.0,26286.20634812791,4,legacy_constrained_level,cv,7
2020-08-01,2020-07-01,24575.0,25347.088930005862,4,legacy_constrained_level,cv,7
2020-09-01,2020-08-01,23509.0,24504.12798435641,4,legacy_constrained_level,cv,7
2020-10-01,2020-09-01,24222.0,23499.5768826953,4,legacy_constrained_level,cv,7
2020-11-01,2020-10-01,24528.0,24222.97481902578,4,legacy_constrained_level,cv,7
2020-12-01,2020-11-01,24398.0,24454.84291350953,4,legacy_constrained_level,cv,7
2021-01-01,2020-12-01,24949.0,24321.00886108618,4,legacy_constrained_level,cv,7
2021-02-01,2021-01-01,22852.0,24817.843630210788,4,legacy_constrained_level,cv,7
2021-03-01,2021-02-01,23617.0,22807.456062572244,4,legacy_constrained_level,cv,7
2021-04-01,2021-03-01,25326.0,23559.291526900444,4,legacy_constrained_level,cv,7
2021-05-01,2021-04-01,25379.0,25262.882540238737,4,legacy_constrained_level,cv,7
2021-06-01,2021-05-01,24512.0,25296.182441790254,4,legacy_constrained_level,cv,7
2021-07-01,2021-06-01,24171.0,24409.050098656633,4,legacy_constrained_level,cv,8
2021-08-01,2021-07-01,23904.0,23989.261668091945,4,legacy_constrained_level,cv,8
2021-09-01,2021-08-01,23216.0,23777.410513744508,4,legacy_constrained_level,cv,8
2021-10-01,2021-09-01,23663.0,23159.216286332405,4,legacy_constrained_level,cv,8
2021-11-01,2021-10-01,24529.0,23782.578378223036,4,legacy_constrained_level,cv,8
2021-12-01,2021-11-01,24328.0,24495.97046167068,4,legacy_constrained_level,cv,8
2022-01-01,2021-12-01,23746.0,24288.730682335612,4,legacy_constrained_level,cv,8
2022-02-01,2022-01-01,24060.0,23696.364692493895,4,legacy_constrained_level,cv,8
2022-03-01,2022-02-01,25698.0,24044.1469929324,4,legacy_constrained_level,cv,8
2022-04-01,2022-03-01,23192.0,25606.596859571502,4,legacy_constrained_level,cv,8
2022-05-01,2022-04-01,25732.0,23348.06864153935,4,legacy_constrained_level,cv,8
2022-06-01,2022-05-01,24100.0,25864.601501849836,4,legacy_constrained_level,cv,8
2022-07-01,2022-06-01,23644.0,24028.56642453776,4,legacy_constrained_level,cv,9
2022-08-01,2022-07-01,22754.0,23547.987481996908,4,legacy_constrained_level,cv,9
2022-09-01,2022-08-01,23471.0,22807.17328302743,4,legacy_constrained_level,cv,9
2022-10-01,2022-09-01,23509.0,23479.573764574565,4,legacy_constrained_level,cv,9
2022-11-01,2022-10-01,24902.0,23556.65547999429,4,legacy_constrained_level,cv,9
2022-12-01,2022-11-01,24421.0,24894.10717023989,4,legacy_constrained_level,cv,9
2023-01-01,2022-12-01,23934.0,24412.572843887418,4,legacy_constrained_level,cv,9
2023-02-01,2023-01-01,24737.0,24211.277275496534,4,legacy_constrained_level,cv,9
2023-03-01,2023-02-01,25756.0,24788.07476863708,4,legacy_constrained_level,cv,9
2023-04-01,2023-03-01,25956.0,25757.27452427023,4,legacy_constrained_level,cv,9
2023-05-01,2023-04-01,26155.0,26026.115455283816,4,legacy_constrained_level,cv,9
2023-06-01,2023-05-01,24830.0,26213.911430515844,4,legacy_constrained_level,cv,9
2023-07-01,2023-06-01,24055.0,24823.711745465433,4,legacy_constrained_level,cv,10
2023-08-01,2023-07-01,23585.0,24106.264698032937,4,legacy_constrained_level,cv,10
2023-09-01,2023-08-01,24045.0,23702.285095699863,4,legacy_constrained_level,cv,10
2023-10-01,2023-09-01,23932.0,24077.575073163254,4,legacy_constrained_level,cv,10
2023-11-01,2023-10-01,24684.0,24002.192498788834,4,legacy_constrained_level,cv,10
2023-12-01,2023-11-01,25827.0,24800.27325038659,4,legacy_constrained_level,cv,10
2024-01-01,2023-12-01,24185.0,25966.028594614647,4,legacy_constrained_level,cv,10
2024-02-01,2024-01-01,25631.0,24357.333621116177,4,legacy_constrained_level,cv,10
2024-03-01,2024-02-01,26186.0,25805.32100790594,4,legacy_constrained_level,cv,10
2024-04-01,2024-03-01,24951.0,26378.993895006643,4,legacy_constrained_level,cv,10
2024-05-01,2024-04-01,24254.0,25115.248316672634,4,legacy_constrained_level,cv,10
2024-06-01,2024-05-01,22935.0,24410.899855572778,4,legacy_constrained_level,cv,10
2014-07-01,2014-06-01,16906.0,17177.24066705763,4,constrained_level,cv,1
2014-08-01,2014-07-01,16470.0,17275.005986178796,4,constrained_level,cv,1
2014-09-01,2014-08-01,15792.0,16953.221813082255,4,constrained_level,cv,1
2014-10-01,2014-09-01,16434.0,16565.822763299555,4,constrained_level,cv,1
2014-11-01,2014-10-01,16050.0,17222.0330624808,4,constrained_level,cv,1
2014-12-01,2014-11-01,16412.0,16688.45684470588,4,constrained_level,cv,1
2015-01-01,2014-12-01,17304.0,17393.46226073791,4,constrained_level,cv,1
2015-02-01,2015-01-01,17595.0,17957.402381485233,4,constrained_level,cv,1
2015-03-01,2015-02-01,19977.0,17780.5384875188,4,constrained_level,cv,1
2015-04-01,2015-03-01,20717.0,20123.497502134076,4,constrained_level,cv,1
2015-05-01,2015-04-01,18960.0,20235.365648576375,4,constrained_level,cv,1
2015-06-01,2015-05-01,18599.0,18539.41240083885,4,constrained_level,cv,1
2015-07-01,2015-06-01,18948.0,18621.777106552465,4,constrained_level,cv,2
2015-08-01,2015-07-01,18041.0,19172.46975036356,4,constrained_level,cv,2
2015-09-01,2015-08-01,18428.0,17774.27294442262,4,constrained_level,cv,2
2015-10-01,2015-09-01,19229.0,18441.719167742238,4,constrained_level,cv,2
2015-11-01,2015-10-01,19611.0,19034.377509565733,4,constrained_level,cv,2
2015-12-01,2015-11-01,19746.0,19278.36303133716,4,constrained_level,cv,2
2016-01-01,2015-12-01,20688.0,19421.247910988124,4,constrained_level,cv,2
2016-02-01,2016-01-01,20769.0,20408.634947332976,4,constrained_level,cv,2
2016-03-01,2016-02-01,21354.0,19704.908196977245,4,constrained_level,cv,2
2016-04-01,2016-03-01,22094.0,20551.558050453234,4,constrained_level,cv,2
2016-05-01,2016-04-01,21160.0,21389.409138983843,4,constrained_level,cv,2
2016-06-01,2016-05-01,20849.0,19889.757150695637,4,constrained_level,cv,2
2016-07-01,2016-06-01,20925.0,20224.316837357546,4,constrained_level,cv,3
2016-08-01,2016-07-01,21737.0,20440.76231206022,4,constrained_level,cv,3
2016-09-01,2016-08-01,21705.0,21440.533000270883,4,constrained_level,cv,3
2016-10-01,2016-09-01,24299.0,21062.671185060597,4,constrained_level,cv,3
2016-11-01,2016-10-01,23970.0,23509.657894914835,4,constrained_level,cv,3
2016-12-01,2016-11-01,23332.0,22856.150843665924,4,constrained_level,cv,3
2017-01-01,2016-12-01,23208.0,22336.992293287905,4,constrained_level,cv,3
2017-02-01,2017-01-01,24658.0,22287.511560605777,4,constrained_level,cv,3
2017-03-01,2017-02-01,25831.0,23538.016976406027,4,constrained_level,cv,3
2017-04-01,2017-03-01,24922.0,24760.79118745823,4,constrained_level,cv,3
2017-05-01,2017-04-01,23830.0,23628.6973405176,4,constrained_level,cv,3
2017-06-01,2017-05-01,22902.0,22864.531511040183,4,constrained_level,cv,3
2017-07-01,2017-06-01,21810.0,22683.786977941163,4,constrained_level,cv,4
2017-08-01,2017-07-01,21958.0,21786.628357938207,4,constrained_level,cv,4
2017-09-01,2017-08-01,21053.0,22304.061495332004,4,constrained_level,cv,4
2017-10-01,2017-09-01,20934.0,21232.051573149874,4,constrained_level,cv,4
2017-11-01,2017-10-01,22659.0,21205.12953091287,4,constrained_level,cv,4
2017-12-01,2017-11-01,22502.0,22882.686793657318,4,constrained_level,cv,4
2018-01-01,2017-12-01,21769.0,22745.617739697977,4,constrained_level,cv,4
2018-02-01,2018-01-01,21673.0,22032.896835854517,4,constrained_level,cv,4
2018-03-01,2018-02-01,23148.0,21799.21429324666,4,constrained_level,cv,4
2018-04-01,2018-03-01,23739.0,23564.516920172777,4,constrained_level,cv,4
2018-05-01,2018-04-01,23830.0,23874.69128916267,4,constrained_level,cv,4
2018-06-01,2018-05-01,22056.0,23924.710416883296,4,constrained_level,cv,4
2018-07-01,2018-06-01,21418.0,21928.721351754328,4,constrained_level,cv,5
2018-08-01,2018-07-01,22309.0,21634.45706327894,4,constrained_level,cv,5
2018-09-01,2018-08-01,21523.0,22603.041999869398,4,constrained_level,cv,5
2018-10-01,2018-09-01,22068.0,21670.47246374342,4,constrained_level,cv,5
2018-11-01,2018-10-01,23711.0,22469.22196464407,4,constrained_level,cv,5
2018-12-01,2018-11-01,21540.0,23934.834916573054,4,constrained_level,cv,5
2019-01-01,2018-12-01,20798.0,21674.70185030394,4,constrained_level,cv,5
2019-02-01,2019-01-01,20715.0,21166.899058903855,4,constrained_level,cv,5
2019-03-01,2019-02-01,22905.0,20787.47961895131,4,constrained_level,cv,5
2019-04-01,2019-03-01,24151.0,23368.729894835506,4,constrained_level,cv,5
2019-05-01,2019-04-01,25317.0,24142.705468153952,4,constrained_level,cv,5
2019-06-01,2019-05-01,21857.0,25490.181088405036,4,constrained_level,cv,5
2019-07-01,2019-06-01,20832.0,21746.547984190955,4,constrained_level,cv,6
2019-08-01,2019-07-01,20542.0,21008.022442658403,4,constrained_level,cv,6
2019-09-01,2019-08-01,20850.0,20918.30862489638,4,constrained_level,cv,6
2019-10-01,2019-09-01,23255.0,21137.19917927753,4,constrained_level,cv,6
2019-11-01,2019-10-01,24381.0,23536.85092784588,4,constrained_level,cv,6
2019-12-01,2019-11-01,23890.0,24275.166240933977,4,constrained_level,cv,6
2020-01-01,2019-12-01,22824.0,23916.58634513631,4,constrained_level,cv,6
2020-02-01,2020-01-01,21253.0,22775.362829753052,4,constrained_level,cv,6
2020-03-01,2020-02-01,23655.0,21053.56525573592,4,constrained_level,cv,6
2020-04-01,2020-03-01,25662.0,24077.176286173533,4,constrained_level,cv,6
2020-05-01,2020-04-01,24897.0,25547.69060850641,4,constrained_level,cv,6
2020-06-01,2020-05-01,26525.0,24258.972669115763,4,constrained_level,cv,6
2020-07-01,2020-06-01,25529.0,26388.703436298285,4,constrained_level,cv,7
2020-08-01,2020-07-01,24575.0,25403.92585587116,4,constrained_level,cv,7
2020-09-01,2020-08-01,23509.0,24516.088822605805,4,constrained_level,cv,7
2020-10-01,2020-09-01,24222.0,23418.24171505822,4,constrained_level,cv,7
2020-11-01,2020-10-01,24528.0,24311.6239307957,4,constrained_level,cv,7
2020-12-01,2020-11-01,24398.0,24511.745804498325,4,constrained_level,cv,7
2021-01-01,2020-12-01,24949.0,24351.14764433414,4,constrained_level,cv,7
2021-02-01,2021-01-01,22852.0,24938.977737149395,4,constrained_level,cv,7
2021-03-01,2021-02-01,23617.0,22691.5881411282,4,constrained_level,cv,7
2021-04-01,2021-03-01,25326.0,23764.46314117046,4,constrained_level,cv,7
2021-05-01,2021-04-01,25379.0,25352.7190746164,4,constrained_level,cv,7
2021-06-01,2021-05-01,24512.0,25430.936696713885,4,constrained_level,cv,7
2021-07-01,2021-06-01,24171.0,24351.16410608743,4,constrained_level,cv,8
2021-08-01,2021-07-01,23904.0,24087.429038062925,4,constrained_level,cv,8
2021-09-01,2021-08-01,23216.0,23824.788744053207,4,constrained_level,cv,8
2021-10-01,2021-09-01,23663.0,23049.782661944002,4,constrained_level,cv,8
2021-11-01,2021-10-01,24529.0,23855.737042583933,4,constrained_level,cv,8
2021-12-01,2021-11-01,24328.0,24540.180573771984,4,constrained_level,cv,8
2022-01-01,2021-12-01,23746.0,24220.662227093566,4,constrained_level,cv,8
2022-02-01,2022-01-01,24060.0,23758.278711149527,4,constrained_level,cv,8
2022-03-01,2022-02-01,25698.0,23995.363535747514,4,constrained_level,cv,8
2022-04-01,2022-03-01,23192.0,25527.202390608196,4,constrained_level,cv,8
2022-05-01,2022-04-01,25732.0,23060.90916239825,4,constrained_level,cv,8
2022-06-01,2022-05-01,24100.0,26115.326839882662,4,constrained_level,cv,8
2022-07-01,2022-06-01,23644.0,24110.539114969608,4,constrained_level,cv,9
2022-08-01,2022-07-01,22754.0,23663.44042634531,4,constrained_level,cv,9
2022-09-01,2022-08-01,23471.0,22844.775033587444,4,constrained_level,cv,9
2022-10-01,2022-09-01,23509.0,23623.03456152902,4,constrained_level,cv,9
2022-11-01,2022-10-01,24902.0,23720.97664024982,4,constrained_level,cv,9
2022-12-01,2022-11-01,24421.0,25045.158982687404,4,constrained_level,cv,9
2023-01-01,2022-12-01,23934.0,24351.863667509053,4,constrained_level,cv,9
2023-02-01,2023-01-01,24737.0,24131.944339061665,4,constrained_level,cv,9
2023-03-01,2023-02-01,25756.0,24927.86426675319,4,constrained_level,cv,9
2023-04-01,2023-03-01,25956.0,25713.34553034893,4,constrained_level,cv,9
2023-05-01,2023-04-01,26155.0,25954.607755275574,4,constrained_level,cv,9
2023-06-01,2023-05-01,24830.0,26401.779639333552,4,constrained_level,cv,9
2023-07-01,2023-06-01,24055.0,24849.00701479632,4,constrained_level,cv,10
2023-08-01,2023-07-01,23585.0,24142.87010079415,4,constrained_level,cv,10
2023-09-01,2023-08-01,24045.0,23644.9342281137,4,constrained_level,cv,10
2023-10-01,2023-09-01,23932.0,23899.59126367404,4,constrained_level,cv,10
2023-11-01,2023-10-01,24684.0,23884.52935079911,4,constrained_level,cv,10
2023-12-01,2023-11-01,25827.0,24897.659458589114,4,constrained_level,cv,10
2024-01-01,2023-12-01,24185.0,26001.275726699037,4,constrained_level,cv,10
2024-02-01,2024-01-01,25631.0,24404.498622906613,4,constrained_level,cv,10
2024-03-01,2024-02-01,26186.0,25872.064186802323,4,constrained_level,cv,10
2024-04-01,2024-03-01,24951.0,26569.281617968598,4,constrained_level,cv,10
2024-05-01,2024-04-01,24254.0,25315.19184550469,4,constrained_level,cv,10
2024-06-01,2024-05-01,22935.0,24922.204017031865,4,constrained_level,cv,10
2014-07-01,2014-06-01,16906.0,17034.171618912384,4,ridge_change,cv,1
2014-08-01,2014-07-01,16470.0,17254.866522172215,4,ridge_change,cv,1
2014-09-01,2014-08-01,15792.0,16617.56666606297,4,ridge_change,cv,1
2014-10-01,2014-09-01,16434.0,16842.85669827644,4,ridge_change,cv,1
2014-11-01,2014-10-01,16050.0,16588.072948514666,4,ridge_change,cv,1
2014-12-01,2014-11-01,16412.0,16732.48428313091,4,ridge_change,cv,1
2015-01-01,2014-12-01,17304.0,17612.79072187625,4,ridge_change,cv,1
2015-02-01,2015-01-01,17595.0,17866.75689057486,4,ridge_change,cv,1
2015-03-01,2015-02-01,19977.0,18030.386591812752,4,ridge_change,cv,1
2015-04-01,2015-03-01,20717.0,20236.94949646704,4,ridge_change,cv,1
2015-05-01,2015-04-01,18960.0,20867.522779186063,4,ridge_change,cv,1
2015-06-01,2015-05-01,18599.0,18976.626839941455,4,ridge_change,cv,1
2015-07-01,2015-06-01,18948.0,18693.22084365097,4,ridge_change,cv,2
2015-08-01,2015-07-01,18041.0,19118.484789036276,4,ridge_change,cv,2
2015-09-01,2015-08-01,18428.0,17942.30621235718,4,ridge_change,cv,2
2015-10-01,2015-09-01,19229.0,18438.831662630808,4,ridge_change,cv,2
2015-11-01,2015-10-01,19611.0,19198.401593085546,4,ridge_change,cv,2
2015-12-01,2015-11-01,19746.0,19603.94636599267,4,ridge_change,cv,2
2016-01-01,2015-12-01,20688.0,19854.578634986934,4,ridge_change,cv,2
2016-02-01,2016-01-01,20769.0,21049.64034208412,4,ridge_change,cv,2
2016-03-01,2016-02-01,21354.0,20694.787500776947,4,ridge_change,cv,2
2016-04-01,2016-03-01,22094.0,21593.35082047672,4,ridge_change,cv,2
2016-05-01,2016-04-01,21160.0,22586.388009103775,4,ridge_change,cv,2
2016-06-01,2016-05-01,20849.0,21014.996496184627,4,ridge_change,cv,2
2016-07-01,2016-06-01,20925.0,20933.540197725095,4,ridge_change,cv,3
2016-08-01,2016-07-01,21737.0,21017.68563402085,4,ridge_change,cv,3
2016-09-01,2016-08-01,21705.0,21872.450590038377,4,ridge_change,cv,3
2016-10-01,2016-09-01,24299.0,21822.29562511317,4,ridge_change,cv,3
2016-11-01,2016-10-01,23970.0,24433.157757186505,4,ridge_change,cv,3
2016-12-01,2016-11-01,23332.0,24037.822725872215,4,ridge_change,cv,3
2017-01-01,2016-12-01,23208.0,23378.615890656576,4,ridge_change,cv,3
2017-02-01,2017-01-01,24658.0,23349.245882790972,4,ridge_change,cv,3
2017-03-01,2017-02-01,25831.0,24724.997849870713,4,ridge_change,cv,3
2017-04-01,2017-03-01,24922.0,25978.985215466608,4,ridge_change,cv,3
2017-05-01,2017-04-01,23830.0,24950.739037933403,4,ridge_change,cv,3
2017-06-01,2017-05-01,22902.0,23875.40160979294,4,ridge_change,cv,3
2017-07-01,2017-06-01,21810.0,22960.423680216158,4,ridge_change,cv,4
2017-08-01,2017-07-01,21958.0,21931.16887874738,4,ridge_change,cv,4
2017-09-01,2017-08-01,21053.0,22192.606913980377,4,ridge_change,cv,4
2017-10-01,2017-09-01,20934.0,21276.495393353576,4,ridge_change,cv,4
2017-11-01,2017-10-01,22659.0,21181.672932471738,4,ridge_change,cv,4
2017-12-01,2017-11-01,22502.0,22903.410258790034,4,ridge_change,cv,4
2018-01-01,2017-12-01,21769.0,22708.7243394209,4,ridge_change,cv,4
2018-02-01,2018-01-01,21673.0,22035.031608127047,4,ridge_change,cv,4
2018-03-01,2018-02-01,23148.0,21905.904904493105,4,ridge_change,cv,4
2018-04-01,2018-03-01,23739.0,23470.784308490776,4,ridge_change,cv,4
2018-05-01,2018-04-01,23830.0,23930.314235783193,4,ridge_change,cv,4
2018-06-01,2018-05-01,22056.0,24016.92715341619,4,ridge_change,cv,4
2018-07-01,2018-06-01,21418.0,22043.04623029575,4,ridge_change,cv,5
2018-08-01,2018-07-01,22309.0,21500.202981595798,4,ridge_change,cv,5
2018-09-01,2018-08-01,21523.0,22419.960544081077,4,ridge_change,cv,5
2018-10-01,2018-09-01,22068.0,21562.320431395452,4,ridge_change,cv,5
2018-11-01,2018-10-01,23711.0,22204.436353206533,4,ridge_change,cv,5
2018-12-01,2018-11-01,21540.0,23827.31186391008,4,ridge_change,cv,5
2019-01-01,2018-12-01,20798.0,21501.26627293876,4,ridge_change,cv,5
2019-02-01,2019-01-01,20715.0,20882.812218088886,4,ridge_change,cv,5
2019-03-01,2019-02-01,22905.0,20761.448656433593,4,ridge_change,cv,5
2019-04-01,2019-03-01,24151.0,23101.597154909938,4,ridge_change,cv,5
2019-05-01,2019-04-01,25317.0,24209.706650884727,4,ridge_change,cv,5
2019-06-01,2019-05-01,21857.0,25419.853463426713,4,ridge_change,cv,5
2019-07-01,2019-06-01,20832.0,21704.32240828842,4,ridge_change,cv,6
2019-08-01,2019-07-01,20542.0,20750.984670049005,4,ridge_change,cv,6
2019-09-01,2019-08-01,20850.0,20524.652911955134,4,ridge_change,cv,6
2019-10-01,2019-09-01,23255.0,20850.47147345517,4,ridge_change,cv,6
2019-11-01,2019-10-01,24381.0,23272.15688125667,4,ridge_change,cv,6
2019-12-01,2019-11-01,23890.0,24278.160575314527,4,ridge_change,cv,6
2020-01-01,2019-12-01,22824.0,23756.275431783226,4,ridge_change,cv,6
2020-02-01,2020-01-01,21253.0,22664.47812635831,4,ridge_change,cv,6
2020-03-01,2020-02-01,23655.0,21154.33586504062,4,ridge_change,cv,6
2020-04-01,2020-03-01,25662.0,23754.401916570918,4,ridge_change,cv,6
2020-05-01,2020-04-01,24897.0,25698.76263670175,4,ridge_change,cv,6
2020-06-01,2020-05-01,26525.0,24760.571962671624,4,ridge_change,cv,6
2020-07-01,2020-06-01,25529.0,26590.386036747706,4,ridge_change,cv,7
2020-08-01,2020-07-01,24575.0,25453.392790525446,4,ridge_change,cv,7
2020-09-01,2020-08-01,23509.0,24553.15247452131,4,ridge_change,cv,7
2020-10-01,2020-09-01,24222.0,23551.590767644848,4,ridge_change,cv,7
2020-11-01,2020-10-01,24528.0,24403.277928860247,4,ridge_change,cv,7
2020-12-01,2020-11-01,24398.0,24655.025146276716,4,ridge_change,cv,7
2021-01-01,2020-12-01,24949.0,24466.219805384364,4,ridge_change,cv,7
2021-02-01,2021-01-01,22852.0,24998.132592882324,4,ridge_change,cv,7
2021-03-01,2021-02-01,23617.0,22910.382499859596,4,ridge_change,cv,7
2021-04-01,2021-03-01,25326.0,23826.316290815015,4,ridge_change,cv,7
2021-05-01,2021-04-01,25379.0,25529.505451344645,4,ridge_change,cv,7
2021-06-01,2021-05-01,24512.0,25531.988607684798,4,ridge_change,cv,7
2021-07-01,2021-06-01,24171.0,24534.794613636168,4,ridge_change,cv,8
2021-08-01,2021-07-01,23904.0,24172.48341043562,4,ridge_change,cv,8
2021-09-01,2021-08-01,23216.0,23891.661771851406,4,ridge_change,cv,8
2021-10-01,2021-09-01,23663.0,23208.90615174003,4,ridge_change,cv,8
2021-11-01,2021-10-01,24529.0,23765.871308698734,4,ridge_change,cv,8
2021-12-01,2021-11-01,24328.0,24581.680073368014,4,ridge_change,cv,8
2022-01-01,2021-12-01,23746.0,24318.624717005772,4,ridge_change,cv,8
2022-02-01,2022-01-01,24060.0,23737.777445314765,4,ridge_change,cv,8
2022-03-01,2022-02-01,25698.0,24150.032019764163,4,ridge_change,cv,8
2022-04-01,2022-03-01,23192.0,25761.849677481983,4,ridge_change,cv,8
2022-05-01,2022-04-01,25732.0,23227.238887744006,4,ridge_change,cv,8
2022-06-01,2022-05-01,24100.0,25946.871093552298,4,ridge_change,cv,8
2022-07-01,2022-06-01,23644.0,23909.500462948858,4,ridge_change,cv,9
2022-08-01,2022-07-01,22754.0,23420.05775955711,4,ridge_change,cv,9
2022-09-01,2022-08-01,23471.0,22489.85562377336,4,ridge_change,cv,9
2022-10-01,2022-09-01,23509.0,23286.60590111153,4,ridge_change,cv,9
2022-11-01,2022-10-01,24902.0,23267.216666523993,4,ridge_change,cv,9
2022-12-01,2022-11-01,24421.0,24749.10638520646,4,ridge_change,cv,9
2023-01-01,2022-12-01,23934.0,24288.716412786936,4,ridge_change,cv,9
2023-02-01,2023-01-01,24737.0,23690.586357380485,4,ridge_change,cv,9
2023-03-01,2023-02-01,25756.0,24555.740578613604,4,ridge_change,cv,9
2023-04-01,2023-03-01,25956.0,25352.570496327913,4,ridge_change,cv,9
2023-05-01,2023-04-01,26155.0,25799.530288158814,4,ridge_change,cv,9
2023-06-01,2023-05-01,24830.0,25843.452534667078,4,ridge_change,cv,9
2023-07-01,2023-06-01,24055.0,24845.62340570507,4,ridge_change,cv,10
2023-08-01,2023-07-01,23585.0,24038.104515465806,4,ridge_change,cv,10
2023-09-01,2023-08-01,24045.0,23518.652205671642,4,ridge_change,cv,10
2023-10-01,2023-09-01,23932.0,23992.755554419775,4,ridge_change,cv,10
2023-11-01,2023-10-01,24684.0,23902.59464308069,4,ridge_change,cv,10
2023-12-01,2023-11-01,25827.0,24639.49170810449,4,ridge_change,cv,10
2024-01-01,2023-12-01,24185.0,25723.058569291465,4,ridge_change,cv,10
2024-02-01,2024-01-01,25631.0,24204.42334729857,4,ridge_change,cv,10
2024-03-01,2024-02-01,26186.0,25684.317175487,4,ridge_change,cv,10
2024-04-01,2024-03-01,24951.0,26220.6686105071,4,ridge_change,cv,10
2024-05-01,2024-04-01,24254.0,25033.83255928657,4,ridge_change,cv,10
2024-06-01,2024-05-01,22935.0,24297.70345031166,4,ridge_change,cv,10
2014-07-01,2014-06-01,16906.0,16968.97324734459,4,seasonal_ridge_change,cv,1
2014-08-01,2014-07-01,16470.0,17195.65698818193,4,seasonal_ridge_change,cv,1
2014-09-01,2014-08-01,15792.0,16591.677445806665,4,seasonal_ridge_change,cv,1
2014-10-01,2014-09-01,16434.0,16827.49599607786,4,seasonal_ridge_change,cv,1
2014-11-01,2014-10-01,16050.0,16607.530172553936,4,seasonal_ridge_change,cv,1
2014-12-01,2014-11-01,16412.0,16770.03535756455,4,seasonal_ridge_change,cv,1
2015-01-01,2014-12-01,17304.0,17651.318157798563,4,seasonal_ridge_change,cv,1
2015-02-01,2015-01-01,17595.0,17904.722451646932,4,seasonal_ridge_change,cv,1
2015-03-01,2015-02-01,19977.0,18047.098241392283,4,seasonal_ridge_change,cv,1
2015-04-01,2015-03-01,20717.0,20225.502507235662,4,seasonal_ridge_change,cv,1
2015-05-01,2015-04-01,18960.0,20831.729115137674,4,seasonal_ridge_change,cv,1
2015-06-01,2015-05-01,18599.0,18927.423911538168,4,seasonal_ridge_change,cv,1
2015-07-01,2015-06-01,18948.0,18605.42195860383,4,seasonal_ridge_change,cv,2
2015-08-01,2015-07-01,18041.0,19034.214033367727,4,seasonal_ridge_change,cv,2
2015-09-01,2015-08-01,18428.0,17894.7939825903,4,seasonal_ridge_change,cv,2
2015-10-01,2015-09-01,19229.0,18419.803929718975,4,seasonal_ridge_change,cv,2
2015-11-01,2015-10-01,19611.0,19226.257046348874,4,seasonal_ridge_change,cv,2
2015-12-01,2015-11-01,19746.0,19670.8450877838,4,seasonal_ridge_change,cv,2
2016-01-01,2015-12-01,20688.0,19938.716275291936,4,seasonal_ridge_change,cv,2
2016-02-01,2016-01-01,20769.0,21107.27796723958,4,seasonal_ridge_change,cv,2
2016-03-01,2016-02-01,21354.0,20750.766111565594,4,seasonal_ridge_change,cv,2
2016-04-01,2016-03-01,22094.0,21597.12229126549,4,seasonal_ridge_change,cv,2
2016-05-01,2016-04-01,21160.0,22502.171984400164,4,seasonal_ridge_change,cv,2
2016-06-01,2016-05-01,20849.0,20954.574715426446,4,seasonal_ridge_change,cv,2
2016-07-01,2016-06-01,20925.0,20839.27786465544,4,seasonal_ridge_change,cv,3
2016-08-01,2016-07-01,21737.0,20929.726187081862,4,seasonal_ridge_change,cv,3
2016-09-01,2016-08-01,21705.0,21812.91959669866,4,seasonal_ridge_change,cv,3
2016-10-01,2016-09-01,24299.0,21823.279715480803,4,seasonal_ridge_change,cv,3
2016-11-01,2016-10-01,23970.0,24467.16685077605,4,seasonal_ridge_change,cv,3
2016-12-01,2016-11-01,23332.0,24135.590543844268,4,seasonal_ridge_change,cv,3
2017-01-01,2016-12-01,23208.0,23511.014700374348,4,seasonal_ridge_change,cv,3
2017-02-01,2017-01-01,24658.0,23457.59439841217,4,seasonal_ridge_change,cv,3
2017-03-01,2017-02-01,25831.0,24778.34589865693,4,seasonal_ridge_change,cv,3
2017-04-01,2017-03-01,24922.0,25986.148959928232,4,seasonal_ridge_change,cv,3
2017-05-01,2017-04-01,23830.0,24924.787269088985,4,seasonal_ridge_change,cv,3
2017-06-01,2017-05-01,22902.0,23803.068728031845,4,seasonal_ridge_change,cv,3
2017-07-01,2017-06-01,21810.0,22850.811146394644,4,seasonal_ridge_change,cv,4
2017-08-01,2017-07-01,21958.0,21859.400783593268,4,seasonal_ridge_change,cv,4
2017-09-01,2017-08-01,21053.0,22152.252772917018,4,seasonal_ridge_change,cv,4
2017-10-01,2017-09-01,20934.0,21304.465318590726,4,seasonal_ridge_change,cv,4
2017-11-01,2017-10-01,22659.0,21254.62600894543,4,seasonal_ridge_change,cv,4
2017-12-01,2017-11-01,22502.0,22993.586501990343,4,seasonal_ridge_change,cv,4
2018-01-01,2017-12-01,21769.0,22823.164070264032,4,seasonal_ridge_change,cv,4
2018-02-01,2018-01-01,21673.0,22118.202654000932,4,seasonal_ridge_change,cv,4
2018-03-01,2018-02-01,23148.0,21949.054769160684,4,seasonal_ridge_change,cv,4
2018-04-01,2018-03-01,23739.0,23429.186841667062,4,seasonal_ridge_change,cv,4
2018-05-01,2018-04-01,23830.0,23834.006954792494,4,seasonal_ridge_change,cv,4
2018-06-01,2018-05-01,22056.0,23879.46700349686,4,seasonal_ridge_change,cv,4
2018-07-01,2018-06-01,21418.0,21896.962408582614,4,seasonal_ridge_change,cv,5
2018-08-01,2018-07-01,22309.0,21372.06221039446,4,seasonal_ridge_change,cv,5
2018-09-01,2018-08-01,21523.0,22319.048439110484,4,seasonal_ridge_change,cv,5
2018-10-01,2018-09-01,22068.0,21566.999669535817,4,seasonal_ridge_change,cv,5
2018-11-01,2018-10-01,23711.0,22265.07925817842,4,seasonal_ridge_change,cv,5
2018-12-01,2018-11-01,21540.0,23888.345530649112,4,seasonal_ridge_change,cv,5
2019-01-01,2018-12-01,20798.0,21663.489868384942,4,seasonal_ridge_change,cv,5
2019-02-01,2019-01-01,20715.0,20980.79472784159,4,seasonal_ridge_change,cv,5
2019-03-01,2019-02-01,22905.0,20806.347147864977,4,seasonal_ridge_change,cv,5
2019-04-01,2019-03-01,24151.0,23057.924865869907,4,seasonal_ridge_change,cv,5
2019-05-01,2019-04-01,25317.0,24081.475786430994,4,seasonal_ridge_change,cv,5
2019-06-01,2019-05-01,21857.0,25255.6310924216,4,seasonal_ridge_change,cv,5
2019-07-01,2019-06-01,20832.0,21566.246262280652,4,seasonal_ridge_change,cv,6
2019-08-01,2019-07-01,20542.0,20603.94997153967,4,seasonal_ridge_change,cv,6
2019-09-01,2019-08-01,20850.0,20446.562148987356,4,seasonal_ridge_change,cv,6
2019-10-01,2019-09-01,23255.0,20833.67827290866,4,seasonal_ridge_change,cv,6
2019-11-01,2019-10-01,24381.0,23293.84237216721,4,seasonal_ridge_change,cv,6
2019-12-01,2019-11-01,23890.0,24380.874182345528,4,seasonal_ridge_change,cv,6
2020-01-01,2019-12-01,22824.0,23910.389000849766,4,seasonal_ridge_change,cv,6
2020-02-01,2020-01-01,21253.0,22785.427890137555,4,seasonal_ridge_change,cv,6
2020-03-01,2020-02-01,23655.0,21204.529782695452,4,seasonal_ridge_change,cv,6
2020-04-01,2020-03-01,25662.0,23704.99634335746,4,seasonal_ridge_change,cv,6
2020-05-01,2020-04-01,24897.0,25544.245032479106,4,seasonal_ridge_change,cv,6
2020-06-01,2020-05-01,26525.0,24585.26312255977,4,seasonal_ridge_change,cv,6
2020-07-01,2020-06-01,25529.0,26440.520864824302,4,seasonal_ridge_change,cv,7
2020-08-01,2020-07-01,24575.0,25349.553235068866,4,seasonal_ridge_change,cv,7
2020-09-01,2020-08-01,23509.0,24509.58134828908,4,seasonal_ridge_change,cv,7
2020-10-01,2020-09-01,24222.0,23562.960077503572,4,seasonal_ridge_change,cv,7
2020-11-01,2020-10-01,24528.0,24474.86745221731,4,seasonal_ridge_change,cv,7
2020-12-01,2020-11-01,24398.0,24769.240798467283,4,seasonal_ridge_change,cv,7
2021-01-01,2020-12-01,24949.0,24591.260005827065,4,seasonal_ridge_change,cv,7
2021-02-01,2021-01-01,22852.0,25095.563934034926,4,seasonal_ridge_change,cv,7
2021-03-01,2021-02-01,23617.0,22983.12203489322,4,seasonal_ridge_change,cv,7
2021-04-01,2021-03-01,25326.0,23802.28045562244,4,seasonal_ridge_change,cv,7
2021-05-01,2021-04-01,25379.0,25418.779319312227,4,seasonal_ridge_change,cv,7
2021-06-01,2021-05-01,24512.0,25392.063211520614,4,seasonal_ridge_change,cv,7
2021-07-01,2021-06-01,24171.0,24371.91607477092,4,seasonal_ridge_change,cv,8
2021-08-01,2021-07-01,23904.0,24046.567590082603,4,seasonal_ridge_change,cv,8
2021-09-01,2021-08-01,23216.0,23817.10610227153,4,seasonal_ridge_change,cv,8
2021-10-01,2021-09-01,23663.0,23197.765062632778,4,seasonal_ridge_change,cv,8
2021-11-01,2021-10-01,24529.0,23824.15658006758,4,seasonal_ridge_change,cv,8
2021-12-01,2021-11-01,24328.0,24686.577968284248,4,seasonal_ridge_change,cv,8
2022-01-01,2021-12-01,23746.0,24444.616090468815,4,seasonal_ridge_change,cv,8
2022-02-01,2022-01-01,24060.0,23868.243033567764,4,seasonal_ridge_change,cv,8
2022-03-01,2022-02-01,25698.0,24204.71552349957,4,seasonal_ridge_change,cv,8
2022-04-01,2022-03-01,23192.0,25721.301939236953,4,seasonal_ridge_change,cv,8
2022-05-01,2022-04-01,25732.0,23146.878307181607,4,seasonal_ridge_change,cv,8
2022-06-01,2022-05-01,24100.0,25785.96022917149,4,seasonal_ridge_change,cv,8
2022-07-01,2022-06-01,23644.0,23789.452926593254,4,seasonal_ridge_change,cv,9
2022-08-01,2022-07-01,22754.0,23308.959461298862,4,seasonal_ridge_change,cv,9
2022-09-01,2022-08-01,23471.0,22438.75889507783,4,seasonal_ridge_change,cv,9
2022-10-01,2022-09-01,23509.0,23301.421846875437,4,seasonal_ridge_change,cv,9
2022-11-01,2022-10-01,24902.0,23368.214311866886,4,seasonal_ridge_change,cv,9
2022-12-01,2022-11-01,24421.0,24893.06516168421,4,seasonal_ridge_change,cv,9
2023-01-01,2022-12-01,23934.0,24450.25755447706,4,seasonal_ridge_change,cv,9
2023-02-01,2023-01-01,24737.0,23820.30704322647,4,seasonal_ridge_change,cv,9
2023-03-01,2023-02-01,25756.0,24633.75030443515,4,seasonal_ridge_change,cv,9
2023-04-01,2023-03-01,25956.0,25366.299420514002,4,seasonal_ridge_change,cv,9
2023-05-01,2023-04-01,26155.0,25734.838306915746,4,seasonal_ridge_change,cv,9
2023-06-01,2023-05-01,24830.0,25734.718628388,4,seasonal_ridge_change,cv,9
2023-07-01,2023-06-01,24055.0,24706.10815610277,4,seasonal_ridge_change,cv,10
2023-08-01,2023-07-01,23585.0,23926.177909233826,4,seasonal_ridge_change,cv,10
2023-09-01,2023-08-01,24045.0,23452.09924885742,4,seasonal_ridge_change,cv,10
2023-10-01,2023-09-01,23932.0,24003.08485933052,4,seasonal_ridge_change,cv,10
2023-11-01,2023-10-01,24684.0,24011.721845161755,4,seasonal_ridge_change,cv,10
2023-12-01,2023-11-01,25827.0,24809.235127614786,4,seasonal_ridge_change,cv,10
2024-01-01,2023-12-01,24185.0,25884.068314129134,4,seasonal_ridge_change,cv,10
2024-02-01,2024-01-01,25631.0,24382.728226427575,4,seasonal_ridge_change,cv,10
2024-03-01,2024-02-01,26186.0,25762.697180611132,4,seasonal_ridge_change,cv,10
2024-04-01,2024-03-01,24951.0,26223.79091117659,4,seasonal_ridge_change,cv,10
2024-05-01,2024-04-01,24254.0,24969.389582563163,4,seasonal_ridge_change,cv,10
2024-06-01,2024-05-01,22935.0,24215.311628574436,4,seasonal_ridge_change,cv,10
2014-07-01,2014-06-01,16906.0,16843.68383627188,4,polynomial_ridge_change,cv,1
2014-08-01,2014-07-01,16470.0,17186.79203669551,4,polynomial_ridge_change,cv,1
2014-09-01,2014-08-01,15792.0,16800.916350973628,4,polynomial_ridge_change,cv,1
2014-10-01,2014-09-01,16434.0,18116.553965824365,4,polynomial_ridge_change,cv,1
2014-11-01,2014-10-01,16050.0,16553.14929415908,4,polynomial_ridge_change,cv,1
2014-12-01,2014-11-01,16412.0,16861.323779297923,4,polynomial_ridge_change,cv,1
2015-01-01,2014-12-01,17304.0,18271.32938855192,4,polynomial_ridge_change,cv,1
2015-02-01,2015-01-01,17595.0,17555.412723434092,4,polynomial_ridge_change,cv,1
2015-03-01,2015-02-01,19977.0,17846.923739527814,4,polynomial_ridge_change,cv,1
2015-04-01,2015-03-01,20717.0,19808.84361398266,4,polynomial_ridge_change,cv,1
2015-05-01,2015-04-01,18960.0,20693.341548409455,4,polynomial_ridge_change,cv,1
2015-06-01,2015-05-01,18599.0,19323.47276842211,4,polynomial_ridge_change,cv,1
2015-07-01,2015-06-01,18948.0,18628.103285975965,4,polynomial_ridge_change,cv,2
2015-08-01,2015-07-01,18041.0,19175.85059718211,4,polynomial_ridge_change,cv,2
2015-09-01,2015-08-01,18428.0,17953.050242768717,4,polynomial_ridge_change,cv,2
2015-10-01,2015-09-01,19229.0,18575.191904960953,4,polynomial_ridge_change,cv,2
2015-11-01,2015-10-01,19611.0,19307.892570056876,4,polynomial_ridge_change,cv,2
2015-12-01,2015-11-01,19746.0,19768.832938578,4,polynomial_ridge_change,cv,2
2016-01-01,2015-12-01,20688.0,20086.919826487236,4,polynomial_ridge_change,cv,2
2016-02-01,2016-01-01,20769.0,21283.2883346493,4,polynomial_ridge_change,cv,2
2016-03-01,2016-02-01,21354.0,20876.509602503338,4,polynomial_ridge_change,cv,2
2016-04-01,2016-03-01,22094.0,21732.22668957247,4,polynomial_ridge_change,cv,2
2016-05-01,2016-04-01,21160.0,22598.644535561805,4,polynomial_ridge_change,cv,2
2016-06-01,2016-05-01,20849.0,21011.614663873526,4,polynomial_ridge_change,cv,2
2016-07-01,2016-06-01,20925.0,20904.429650015474,4,polynomial_ridge_change,cv,3
2016-08-01,2016-07-01,21737.0,21080.09664814306,4,polynomial_ridge_change,cv,3
2016-09-01,2016-08-01,21705.0,21973.864096066474,4,polynomial_ridge_change,cv,3
2016-10-01,2016-09-01,24299.0,22052.75272045023,4,polynomial_ridge_change,cv,3
2016-11-01,2016-10-01,23970.0,24621.767436144175,4,polynomial_ridge_change,cv,3
2016-12-01,2016-11-01,23332.0,24393.837406992796,4,polynomial_ridge_change,cv,3
2017-01-01,2016-12-01,23208.0,23727.456725384487,4,polynomial_ridge_change,cv,3
2017-02-01,2017-01-01,24658.0,23733.841367655372,4,polynomial_ridge_change,cv,3
2017-03-01,2017-02-01,25831.0,24896.255553999432,4,polynomial_ridge_change,cv,3
2017-04-01,2017-03-01,24922.0,26230.750166492362,4,polynomial_ridge_change,cv,3
2017-05-01,2017-04-01,23830.0,25082.41973921452,4,polynomial_ridge_change,cv,3
2017-06-01,2017-05-01,22902.0,23883.240776274586,4,polynomial_ridge_change,cv,3
2017-07-01,2017-06-01,21810.0,22834.489884154147,4,polynomial_ridge_change,cv,4
2017-08-01,2017-07-01,21958.0,21906.389558270523,4,polynomial_ridge_change,cv,4
2017-09-01,2017-08-01,21053.0,22207.278684144472,4,polynomial_ridge_change,cv,4
2017-10-01,2017-09-01,20934.0,21373.335192720824,4,polynomial_ridge_change,cv,4
2017-11-01,2017-10-01,22659.0,21219.76068362968,4,polynomial_ridge_change,cv,4
2017-12-01,2017-11-01,22502.0,22861.409972241247,4,polynomial_ridge_change,cv,4
2018-01-01,2017-12-01,21769.0,22758.872919669884,4,polynomial_ridge_change,cv,4
2018-02-01,2018-01-01,21673.0,22049.65177074655,4,polynomial_ridge_change,cv,4
2018-03-01,2018-02-01,23148.0,21857.38688616097,4,polynomial_ridge_change,cv,4
2018-04-01,2018-03-01,23739.0,23249.991947149952,4,polynomial_ridge_change,cv,4
2018-05-01,2018-04-01,23830.0,23690.170944906422,4,polynomial_ridge_change,cv,4
2018-06-01,2018-05-01,22056.0,23703.830535510937,4,polynomial_ridge_change,cv,4
2018-07-01,2018-06-01,21418.0,21688.9394847949,4,polynomial_ridge_change,cv,5
2018-08-01,2018-07-01,22309.0,21247.9276758264,4,polynomial_ridge_change,cv,5
2018-09-01,2018-08-01,21523.0,22198.79350976041,4,polynomial_ridge_change,cv,5
2018-10-01,2018-09-01,22068.0,21487.20560712535,4,polynomial_ridge_change,cv,5
2018-11-01,2018-10-01,23711.0,22042.099918827993,4,polynomial_ridge_change,cv,5
2018-12-01,2018-11-01,21540.0,23499.091022408113,4,polynomial_ridge_change,cv,5
2019-01-01,2018-12-01,20798.0,21457.0026591671,4,polynomial_ridge_change,cv,5
2019-02-01,2019-01-01,20715.0,20713.40493296485,4,polynomial_ridge_change,cv,5
2019-03-01,2019-02-01,22905.0,20845.090555240295,4,polynomial_ridge_change,cv,5
2019-04-01,2019-03-01,24151.0,22933.228433541095,4,polynomial_ridge_change,cv,5
2019-05-01,2019-04-01,25317.0,23947.736813258878,4,polynomial_ridge_change,cv,5
2019-06-01,2019-05-01,21857.0,24809.56320503586,4,polynomial_ridge_change,cv,5
2019-07-01,2019-06-01,20832.0,21297.70892112526,4,polynomial_ridge_change,cv,6
2019-08-01,2019-07-01,20542.0,20079.541099912734,4,polynomial_ridge_change,cv,6
2019-09-01,2019-08-01,20850.0,20168.86127348207,4,polynomial_ridge_change,cv,6
2019-10-01,2019-09-01,23255.0,20683.463551511704,4,polynomial_ridge_change,cv,6
2019-11-01,2019-10-01,24381.0,22816.388498296634,4,polynomial_ridge_change,cv,6
2019-12-01,2019-11-01,23890.0,23981.866514231424,4,polynomial_ridge_change,cv,6
2020-01-01,2019-12-01,22824.0,23519.155881962815,4,polynomial_ridge_change,cv,6
2020-02-01,2020-01-01,21253.0,22501.599399305484,4,polynomial_ridge_change,cv,6
2020-03-01,2020-02-01,23655.0,21204.622005972764,4,polynomial_ridge_change,cv,6
2020-04-01,2020-03-01,25662.0,23739.95397921946,4,polynomial_ridge_change,cv,6
2020-05-01,2020-04-01,24897.0,25931.462165723915,4,polynomial_ridge_change,cv,6
2020-06-01,2020-05-01,26525.0,24831.80827755954,4,polynomial_ridge_change,cv,6
2020-07-01,2020-06-01,25529.0,26463.596384869823,4,polynomial_ridge_change,cv,7
2020-08-01,2020-07-01,24575.0,25369.441464339474,4,polynomial_ridge_change,cv,7
2020-09-01,2020-08-01,23509.0,24705.760268711507,4,polynomial_ridge_change,cv,7
2020-10-01,2020-09-01,24222.0,23681.091924359494,4,polynomial_ridge_change,cv,7
2020-11-01,2020-10-01,24528.0,24428.17235699774,4,polynomial_ridge_change,cv,7
2020-12-01,2020-11-01,24398.0,24609.027571105325,4,polynomial_ridge_change,cv,7
2021-01-01,2020-12-01,24949.0,24437.287907275004,4,polynomial_ridge_change,cv,7
2021-02-01,2021-01-01,22852.0,25024.49772448835,4,polynomial_ridge_change,cv,7
2021-03-01,2021-02-01,23617.0,23132.100249145034,4,polynomial_ridge_change,cv,7
2021-04-01,2021-03-01,25326.0,23861.0595170638,4,polynomial_ridge_change,cv,7
2021-05-01,2021-04-01,25379.0,25453.72167928707,4,polynomial_ridge_change,cv,7
2021-06-01,2021-05-01,24512.0,25314.301783714294,4,polynomial_ridge_change,cv,7
2021-07-01,2021-06-01,24171.0,24378.097780159038,4,polynomial_ridge_change,cv,8
2021-08-01,2021-07-01,23904.0,24027.80704128917,4,polynomial_ridge_change,cv,8
2021-09-01,2021-08-01,23216.0,23896.156765537606,4,polynomial_ridge_change,cv,8
2021-10-01,2021-09-01,23663.0,23195.67984578416,4,polynomial_ridge_change,cv,8
2021-11-01,2021-10-01,24529.0,23732.148153657734,4,polynomial_ridge_change,cv,8
2021-12-01,2021-11-01,24328.0,24374.921766151834,4,polynomial_ridge_change,cv,8
2022-01-01,2021-12-01,23746.0,24067.398873034213,4,polynomial_ridge_change,cv,8
2022-02-01,2022-01-01,24060.0,23773.327681934992,4,polynomial_ridge_change,cv,8
2022-03-01,2022-02-01,25698.0,24367.885589902355,4,polynomial_ridge_change,cv,8
2022-04-01,2022-03-01,23192.0,25591.247076937765,4,polynomial_ridge_change,cv,8
2022-05-01,2022-04-01,25732.0,23331.518677027525,4,polynomial_ridge_change,cv,8
2022-06-01,2022-05-01,24100.0,25813.800275439902,4,polynomial_ridge_change,cv,8
2022-07-01,2022-06-01,23644.0,23951.403068231833,4,polynomial_ridge_change,cv,9
2022-08-01,2022-07-01,22754.0,23260.01243076169,4,polynomial_ridge_change,cv,9
2022-09-01,2022-08-01,23471.0,22606.27440869315,4,polynomial_ridge_change,cv,9
2022-10-01,2022-09-01,23509.0,23307.315832811324,4,polynomial_ridge_change,cv,9
2022-11-01,2022-10-01,24902.0,23121.71321931806,4,polynomial_ridge_change,cv,9
2022-12-01,2022-11-01,24421.0,24557.728795906674,4,polynomial_ridge_change,cv,9
2023-01-01,2022-12-01,23934.0,24314.10836422745,4,polynomial_ridge_change,cv,9
2023-02-01,2023-01-01,24737.0,23851.342865158047,4,polynomial_ridge_change,cv,9
2023-03-01,2023-02-01,25756.0,24509.109822119943,4,polynomial_ridge_change,cv,9
2023-04-01,2023-03-01,25956.0,25093.46475863693,4,polynomial_ridge_change,cv,9
2023-05-01,2023-04-01,26155.0,25958.362166001847,4,polynomial_ridge_change,cv,9
2023-06-01,2023-05-01,24830.0,25498.04052614687,4,polynomial_ridge_change,cv,9
2023-07-01,2023-06-01,24055.0,24738.910303984627,4,polynomial_ridge_change,cv,10
2023-08-01,2023-07-01,23585.0,24058.71038182835,4,polynomial_ridge_change,cv,10
2023-09-01,2023-08-01,24045.0,23579.34550736915,4,polynomial_ridge_change,cv,10
2023-10-01,2023-09-01,23932.0,24040.80191186152,4,polynomial_ridge_change,cv,10
2023-11-01,2023-10-01,24684.0,23942.911859299726,4,polynomial_ridge_change,cv,10
2023-12-01,2023-11-01,25827.0,24485.77510812047,4,polynomial_ridge_change,cv,10
2024-01-01,2023-12-01,24185.0,25307.663123397317,4,polynomial_ridge_change,cv,10
2024-02-01,2024-01-01,25631.0,24608.71867414659,4,polynomial_ridge_change,cv,10
2024-03-01,2024-02-01,26186.0,25573.503165141166,4,polynomial_ridge_change,cv,10
2024-04-01,2024-03-01,24951.0,26047.617272175536,4,polynomial_ridge_change,cv,10
2024-05-01,2024-04-01,24254.0,24914.088001897755,4,polynomial_ridge_change,cv,10
2024-06-01,2024-05-01,22935.0,23605.79822907853,4,polynomial_ridge_change,cv,10
2014-07-01,2014-06-01,16906.0,16902.717055894762,4,spline_ridge_change,cv,1
2014-08-01,2014-07-01,16470.0,17378.68276569338,4,spline_ridge_change,cv,1
2014-09-01,2014-08-01,15792.0,16946.531178844645,4,spline_ridge_change,cv,1
2014-10-01,2014-09-01,16434.0,16491.868597716428,4,spline_ridge_change,cv,1
2014-11-01,2014-10-01,16050.0,16473.636887598317,4,spline_ridge_change,cv,1
2014-12-01,2014-11-01,16412.0,16480.675586478996,4,spline_ridge_change,cv,1
2015-01-01,2014-12-01,17304.0,17029.1694440891,4,spline_ridge_change,cv,1
2015-02-01,2015-01-01,17595.0,18188.7953117293,4,spline_ridge_change,cv,1
2015-03-01,2015-02-01,19977.0,18364.3631799072,4,spline_ridge_change,cv,1
2015-04-01,2015-03-01,20717.0,20339.065433074225,4,spline_ridge_change,cv,1
2015-05-01,2015-04-01,18960.0,21169.279004505173,4,spline_ridge_change,cv,1
2015-06-01,2015-05-01,18599.0,18893.48472609423,4,spline_ridge_change,cv,1
2015-07-01,2015-06-01,18948.0,18586.13484024436,4,spline_ridge_change,cv,2
2015-08-01,2015-07-01,18041.0,19025.089213300485,4,spline_ridge_change,cv,2
2015-09-01,2015-08-01,18428.0,17921.263651688747,4,spline_ridge_change,cv,2
2015-10-01,2015-09-01,19229.0,18650.174535134403,4,spline_ridge_change,cv,2
2015-11-01,2015-10-01,19611.0,18831.64862936737,4,spline_ridge_change,cv,2
2015-12-01,2015-11-01,19746.0,19347.86758696002,4,spline_ridge_change,cv,2
2016-01-01,2015-12-01,20688.0,20083.56608304544,4,spline_ridge_change,cv,2
2016-02-01,2016-01-01,20769.0,21386.048993628225,4,spline_ridge_change,cv,2
2016-03-01,2016-02-01,21354.0,21649.279987521022,4,spline_ridge_change,cv,2
2016-04-01,2016-03-01,22094.0,22665.150123561565,4,spline_ridge_change,cv,2
2016-05-01,2016-04-01,21160.0,22701.495781040263,4,spline_ridge_change,cv,2
2016-06-01,2016-05-01,20849.0,20863.512622835024,4,spline_ridge_change,cv,2
2016-07-01,2016-06-01,20925.0,20770.488110977458,4,spline_ridge_change,cv,3
2016-08-01,2016-07-01,21737.0,21007.147691246802,4,spline_ridge_change,cv,3
2016-09-01,2016-08-01,21705.0,21530.70808265471,4,spline_ridge_change,cv,3
2016-10-01,2016-09-01,24299.0,21878.258453787836,4,spline_ridge_change,cv,3
2016-11-01,2016-10-01,23970.0,24031.650044329705,4,spline_ridge_change,cv,3
2016-12-01,2016-11-01,23332.0,23211.406876255456,4,spline_ridge_change,cv,3
2017-01-01,2016-12-01,23208.0,23257.838151287186,4,spline_ridge_change,cv,3
2017-02-01,2017-01-01,24658.0,22988.087119155818,4,spline_ridge_change,cv,3
2017-03-01,2017-02-01,25831.0,24418.22532716814,4,spline_ridge_change,cv,3
2017-04-01,2017-03-01,24922.0,25121.240693942218,4,spline_ridge_change,cv,3
2017-05-01,2017-04-01,23830.0,24180.212777473414,4,spline_ridge_change,cv,3
2017-06-01,2017-05-01,22902.0,23084.144910201634,4,spline_ridge_change,cv,3
2017-07-01,2017-06-01,21810.0,22875.761396424692,4,spline_ridge_change,cv,4
2017-08-01,2017-07-01,21958.0,21794.26391679656,4,spline_ridge_change,cv,4
2017-09-01,2017-08-01,21053.0,22079.90102632827,4,spline_ridge_change,cv,4
2017-10-01,2017-09-01,20934.0,20926.984438560594,4,spline_ridge_change,cv,4
2017-11-01,2017-10-01,22659.0,20727.053485436056,4,spline_ridge_change,cv,4
2017-12-01,2017-11-01,22502.0,22143.75358489854,4,spline_ridge_change,cv,4
2018-01-01,2017-12-01,21769.0,22321.49609740971,4,spline_ridge_change,cv,4
2018-02-01,2018-01-01,21673.0,21271.022719337954,4,spline_ridge_change,cv,4
2018-03-01,2018-02-01,23148.0,21612.822627320427,4,spline_ridge_change,cv,4
2018-04-01,2018-03-01,23739.0,22627.39401514327,4,spline_ridge_change,cv,4
2018-05-01,2018-04-01,23830.0,23015.794709520174,4,spline_ridge_change,cv,4
2018-06-01,2018-05-01,22056.0,22813.274316076306,4,spline_ridge_change,cv,4
2018-07-01,2018-06-01,21418.0,21418.269497527755,4,spline_ridge_change,cv,5
2018-08-01,2018-07-01,22309.0,21117.67640723224,4,spline_ridge_change,cv,5
2018-09-01,2018-08-01,21523.0,21945.419637926545,4,spline_ridge_change,cv,5
2018-10-01,2018-09-01,22068.0,21222.601577279518,4,spline_ridge_change,cv,5
2018-11-01,2018-10-01,23711.0,21554.427278136365,4,spline_ridge_change,cv,5
2018-12-01,2018-11-01,21540.0,21928.118684224803,4,spline_ridge_change,cv,5
2019-01-01,2018-12-01,20798.0,20875.007301349666,4,spline_ridge_change,cv,5
2019-02-01,2019-01-01,20715.0,19980.243087770938,4,spline_ridge_change,cv,5
2019-03-01,2019-02-01,22905.0,20851.739258590667,4,spline_ridge_change,cv,5
2019-04-01,2019-03-01,24151.0,22900.87178875233,4,spline_ridge_change,cv,5
2019-05-01,2019-04-01,25317.0,23170.188448591405,4,spline_ridge_change,cv,5
2019-06-01,2019-05-01,21857.0,23361.717584179947,4,spline_ridge_change,cv,5
2019-07-01,2019-06-01,20832.0,20083.56146246905,4,spline_ridge_change,cv,6
2019-08-01,2019-07-01,20542.0,18971.6993648071,4,spline_ridge_change,cv,6
2019-09-01,2019-08-01,20850.0,19420.675088978776,4,spline_ridge_change,cv,6
2019-10-01,2019-09-01,23255.0,20937.080436425145,4,spline_ridge_change,cv,6
2019-11-01,2019-10-01,24381.0,22664.2840784503,4,spline_ridge_change,cv,6
2019-12-01,2019-11-01,23890.0,23255.24129526414,4,spline_ridge_change,cv,6
2020-01-01,2019-12-01,22824.0,22956.030238413463,4,spline_ridge_change,cv,6
2020-02-01,2020-01-01,21253.0,22189.30056997102,4,spline_ridge_change,cv,6
2020-03-01,2020-02-01,23655.0,20973.487115486227,4,spline_ridge_change,cv,6
2020-04-01,2020-03-01,25662.0,23896.790008893087,4,spline_ridge_change,cv,6
2020-05-01,2020-04-01,24897.0,25454.802394047205,4,spline_ridge_change,cv,6
2020-06-01,2020-05-01,26525.0,24013.551814048507,4,spline_ridge_change,cv,6
2020-07-01,2020-06-01,25529.0,25855.763893090698,4,spline_ridge_change,cv,7
2020-08-01,2020-07-01,24575.0,25092.524243988264,4,spline_ridge_change,cv,7
2020-09-01,2020-08-01,23509.0,24951.282609679365,4,spline_ridge_change,cv,7
2020-10-01,2020-09-01,24222.0,23922.226035711596,4,spline_ridge_change,cv,7
2020-11-01,2020-10-01,24528.0,24728.82289307279,4,spline_ridge_change,cv,7
2020-12-01,2020-11-01,24398.0,24452.681844393537,4,spline_ridge_change,cv,7
2021-01-01,2020-12-01,24949.0,24317.563686180678,4,spline_ridge_change,cv,7
2021-02-01,2021-01-01,22852.0,24870.075223776872,4,spline_ridge_change,cv,7
2021-03-01,2021-02-01,23617.0,23785.093433582893,4,spline_ridge_change,cv,7
2021-04-01,2021-03-01,25326.0,24249.127464619305,4,spline_ridge_change,cv,7
2021-05-01,2021-04-01,25379.0,25003.09024876762,4,spline_ridge_change,cv,7
2021-06-01,2021-05-01,24512.0,24800.228757263445,4,spline_ridge_change,cv,7
2021-07-01,2021-06-01,24171.0,24292.65332868207,4,spline_ridge_change,cv,8
2021-08-01,2021-07-01,23904.0,24092.055976071388,4,spline_ridge_change,cv,8
2021-09-01,2021-08-01,23216.0,23874.349526617312,4,spline_ridge_change,cv,8
2021-10-01,2021-09-01,23663.0,23025.335619374015,4,spline_ridge_change,cv,8
2021-11-01,2021-10-01,24529.0,23936.70725288127,4,spline_ridge_change,cv,8
2021-12-01,2021-11-01,24328.0,23728.63777270761,4,spline_ridge_change,cv,8
2022-01-01,2021-12-01,23746.0,23382.966272068436,4,spline_ridge_change,cv,8
2022-02-01,2022-01-01,24060.0,24042.458628620345,4,spline_ridge_change,cv,8
2022-03-01,2022-02-01,25698.0,24842.155615937743,4,spline_ridge_change,cv,8
2022-04-01,2022-03-01,23192.0,25000.080512382556,4,spline_ridge_change,cv,8
2022-05-01,2022-04-01,25732.0,23231.553807964876,4,spline_ridge_change,cv,8
2022-06-01,2022-05-01,24100.0,25492.76522740201,4,spline_ridge_change,cv,8
2022-07-01,2022-06-01,23644.0,22498.49489347024,4,spline_ridge_change,cv,9
2022-08-01,2022-07-01,22754.0,23459.749778109843,4,spline_ridge_change,cv,9
2022-09-01,2022-08-01,23471.0,20868.194893265787,4,spline_ridge_change,cv,9
2022-10-01,2022-09-01,23509.0,23606.609063471573,4,spline_ridge_change,cv,9
2022-11-01,2022-10-01,24902.0,22084.420965492536,4,spline_ridge_change,cv,9
2022-12-01,2022-11-01,24421.0,25054.993081733723,4,spline_ridge_change,cv,9
2023-01-01,2022-12-01,23934.0,25054.09371174615,4,spline_ridge_change,cv,9
2023-02-01,2023-01-01,24737.0,20012.829407612066,4,spline_ridge_change,cv,9
2023-03-01,2023-02-01,25756.0,22515.589421961053,4,spline_ridge_change,cv,9
2023-04-01,2023-03-01,25956.0,20086.17501281439,4,spline_ridge_change,cv,9
2023-05-01,2023-04-01,26155.0,22198.540121145656,4,spline_ridge_change,cv,9
2023-06-01,2023-05-01,24830.0,20687.06930300223,4,spline_ridge_change,cv,9
2023-07-01,2023-06-01,24055.0,24668.78544935969,4,spline_ridge_change,cv,10
2023-08-01,2023-07-01,23585.0,24329.13595080287,4,spline_ridge_change,cv,10
2023-09-01,2023-08-01,24045.0,23500.803427471667,4,spline_ridge_change,cv,10
2023-10-01,2023-09-01,23932.0,24123.777772027475,4,spline_ridge_change,cv,10
2023-11-01,2023-10-01,24684.0,24001.214559954016,4,spline_ridge_change,cv,10
2023-12-01,2023-11-01,25827.0,24306.567977334773,4,spline_ridge_change,cv,10
2024-01-01,2023-12-01,24185.0,24693.58543772704,4,spline_ridge_change,cv,10
2024-02-01,2024-01-01,25631.0,24583.819470340062,4,spline_ridge_change,cv,10
2024-03-01,2024-02-01,26186.0,26313.573711771445,4,spline_ridge_change,cv,10
2024-04-01,2024-03-01,24951.0,26366.46931013667,4,spline_ridge_change,cv,10
2024-05-01,2024-04-01,24254.0,24998.366567343684,4,spline_ridge_change,cv,10
2024-06-01,2024-05-01,22935.0,23074.380583520306,4,spline_ridge_change,cv,10
2014-07-01,2014-06-01,16906.0,16728.568133963206,4,random_forest_change,cv,1
2014-08-01,2014-07-01,16470.0,16958.225308383833,4,random_forest_change,cv,1
2014-09-01,2014-08-01,15792.0,16553.24193794363,4,random_forest_change,cv,1
2014-10-01,2014-09-01,16434.0,15866.412807917652,4,random_forest_change,cv,1
2014-11-01,2014-10-01,16050.0,16472.146027958424,4,random_forest_change,cv,1
2014-12-01,2014-11-01,16412.0,16175.173539756563,4,random_forest_change,cv,1
2015-01-01,2014-12-01,17304.0,16597.074558499902,4,random_forest_change,cv,1
2015-02-01,2015-01-01,17595.0,17489.62042516657,4,random_forest_change,cv,1
2015-03-01,2015-02-01,19977.0,17705.389005263623,4,random_forest_change,cv,1
2015-04-01,2015-03-01,20717.0,20113.018126703715,4,random_forest_change,cv,1
2015-05-01,2015-04-01,18960.0,20806.113253380772,4,random_forest_change,cv,1
2015-06-01,2015-05-01,18599.0,18906.047961516477,4,random_forest_change,cv,1
2015-07-01,2015-06-01,18948.0,18411.296660424596,4,random_forest_change,cv,2
2015-08-01,2015-07-01,18041.0,19088.811632286797,4,random_forest_change,cv,2
2015-09-01,2015-08-01,18428.0,18193.72744092266,4,random_forest_change,cv,2
2015-10-01,2015-09-01,19229.0,18681.035916117886,4,random_forest_change,cv,2
2015-11-01,2015-10-01,19611.0,19455.523194867874,4,random_forest_change,cv,2
2015-12-01,2015-11-01,19746.0,19756.0237256103,4,random_forest_change,cv,2
2016-01-01,2015-12-01,20688.0,20007.421291716168,4,random_forest_change,cv,2
2016-02-01,2016-01-01,20769.0,21036.09642395845,4,random_forest_change,cv,2
2016-03-01,2016-02-01,21354.0,20889.384169331785,4,random_forest_change,cv,2
2016-04-01,2016-03-01,22094.0,21623.256359018582,4,random_forest_change,cv,2
2016-05-01,2016-04-01,21160.0,22004.654655393875,4,random_forest_change,cv,2
2016-06-01,2016-05-01,20849.0,20958.369474215702,4,random_forest_change,cv,2
2016-07-01,2016-06-01,20925.0,20766.680081669863,4,random_forest_change,cv,3
2016-08-01,2016-07-01,21737.0,21206.30654647678,4,random_forest_change,cv,3
2016-09-01,2016-08-01,21705.0,22068.46046432899,4,random_forest_change,cv,3
2016-10-01,2016-09-01,24299.0,22059.12011385677,4,random_forest_change,cv,3
2016-11-01,2016-10-01,23970.0,24647.178869074825,4,random_forest_change,cv,3
2016-12-01,2016-11-01,23332.0,24263.15585005089,4,random_forest_change,cv,3
2017-01-01,2016-12-01,23208.0,23713.062911476914,4,random_forest_change,cv,3
2017-02-01,2017-01-01,24658.0,23636.838979232853,4,random_forest_change,cv,3
2017-03-01,2017-02-01,25831.0,25035.033984203328,4,random_forest_change,cv,3
2017-04-01,2017-03-01,24922.0,26222.356893916294,4,random_forest_change,cv,3
2017-05-01,2017-04-01,23830.0,24862.766783732197,4,random_forest_change,cv,3
2017-06-01,2017-05-01,22902.0,23743.69040350262,4,random_forest_change,cv,3
2017-07-01,2017-06-01,21810.0,22655.53601713057,4,random_forest_change,cv,4
2017-08-01,2017-07-01,21958.0,22090.716512462674,4,random_forest_change,cv,4
2017-09-01,2017-08-01,21053.0,22352.14081275853,4,random_forest_change,cv,4
2017-10-01,2017-09-01,20934.0,21477.49764416797,4,random_forest_change,cv,4
2017-11-01,2017-10-01,22659.0,21317.860495542245,4,random_forest_change,cv,4
2017-12-01,2017-11-01,22502.0,22981.823309548778,4,random_forest_change,cv,4
2018-01-01,2017-12-01,21769.0,22912.963930438404,4,random_forest_change,cv,4
2018-02-01,2018-01-01,21673.0,22161.176814101498,4,random_forest_change,cv,4
2018-03-01,2018-02-01,23148.0,22188.711475812335,4,random_forest_change,cv,4
2018-04-01,2018-03-01,23739.0,23485.615400918752,4,random_forest_change,cv,4
2018-05-01,2018-04-01,23830.0,23548.131479639727,4,random_forest_change,cv,4
2018-06-01,2018-05-01,22056.0,23626.83560742255,4,random_forest_change,cv,4
2018-07-01,2018-06-01,21418.0,21671.82633888542,4,random_forest_change,cv,5
2018-08-01,2018-07-01,22309.0,21570.305149664426,4,random_forest_change,cv,5
2018-09-01,2018-08-01,21523.0,22391.720556836986,4,random_forest_change,cv,5
2018-10-01,2018-09-01,22068.0,21738.60117407915,4,random_forest_change,cv,5
2018-11-01,2018-10-01,23711.0,22212.598411520194,4,random_forest_change,cv,5
2018-12-01,2018-11-01,21540.0,23812.0853104941,4,random_forest_change,cv,5
2019-01-01,2018-12-01,20798.0,21907.947233049486,4,random_forest_change,cv,5
2019-02-01,2019-01-01,20715.0,21088.046567529076,4,random_forest_change,cv,5
2019-03-01,2019-02-01,22905.0,21187.877587707007,4,random_forest_change,cv,5
2019-04-01,2019-03-01,24151.0,23116.554903671564,4,random_forest_change,cv,5
2019-05-01,2019-04-01,25317.0,23781.992392644614,4,random_forest_change,cv,5
2019-06-01,2019-05-01,21857.0,24929.047149711936,4,random_forest_change,cv,5
2019-07-01,2019-06-01,20832.0,21429.568205425458,4,random_forest_change,cv,6
2019-08-01,2019-07-01,20542.0,20927.5977120403,4,random_forest_change,cv,6
2019-09-01,2019-08-01,20850.0,20753.435990565038,4,random_forest_change,cv,6
2019-10-01,2019-09-01,23255.0,21083.998472565818,4,random_forest_change,cv,6
2019-11-01,2019-10-01,24381.0,23051.65663750931,4,random_forest_change,cv,6
2019-12-01,2019-11-01,23890.0,24189.798613167903,4,random_forest_change,cv,6
2020-01-01,2019-12-01,22824.0,23748.758527477294,4,random_forest_change,cv,6
2020-02-01,2020-01-01,21253.0,22864.314578229787,4,random_forest_change,cv,6
2020-03-01,2020-02-01,23655.0,21504.541869448065,4,random_forest_change,cv,6
2020-04-01,2020-03-01,25662.0,23842.98564861212,4,random_forest_change,cv,6
2020-05-01,2020-04-01,24897.0,25227.120426807844,4,random_forest_change,cv,6
2020-06-01,2020-05-01,26525.0,24414.544970636394,4,random_forest_change,cv,6
2020-07-01,2020-06-01,25529.0,26022.84225725355,4,random_forest_change,cv,7
2020-08-01,2020-07-01,24575.0,25423.070328422604,4,random_forest_change,cv,7
2020-09-01,2020-08-01,23509.0,24531.489012471942,4,random_forest_change,cv,7
2020-10-01,2020-09-01,24222.0,23719.587091119156,4,random_forest_change,cv,7
2020-11-01,2020-10-01,24528.0,24376.382080650008,4,random_forest_change,cv,7
2020-12-01,2020-11-01,24398.0,24653.925552028384,4,random_forest_change,cv,7
2021-01-01,2020-12-01,24949.0,24506.195236190368,4,random_forest_change,cv,7
2021-02-01,2021-01-01,22852.0,25155.05173407376,4,random_forest_change,cv,7
2021-03-01,2021-02-01,23617.0,23283.279569505434,4,random_forest_change,cv,7
2021-04-01,2021-03-01,25326.0,23948.68153686841,4,random_forest_change,cv,7
2021-05-01,2021-04-01,25379.0,25050.62709333422,4,random_forest_change,cv,7
2021-06-01,2021-05-01,24512.0,25103.379364868495,4,random_forest_change,cv,7
2021-07-01,2021-06-01,24171.0,24165.184973309613,4,random_forest_change,cv,8
2021-08-01,2021-07-01,23904.0,24127.159328624122,4,random_forest_change,cv,8
2021-09-01,2021-08-01,23216.0,23875.117594516127,4,random_forest_change,cv,8
2021-10-01,2021-09-01,23663.0,23581.28283046498,4,random_forest_change,cv,8
2021-11-01,2021-10-01,24529.0,24030.271502771928,4,random_forest_change,cv,8
2021-12-01,2021-11-01,24328.0,24498.72378103799,4,random_forest_change,cv,8
2022-01-01,2021-12-01,23746.0,24279.35051288589,4,random_forest_change,cv,8
2022-02-01,2022-01-01,24060.0,23828.84327307941,4,random_forest_change,cv,8
2022-03-01,2022-02-01,25698.0,24282.805032851218,4,random_forest_change,cv,8
2022-04-01,2022-03-01,23192.0,25753.56076602769,4,random_forest_change,cv,8
2022-05-01,2022-04-01,25732.0,23252.776594273044,4,random_forest_change,cv,8
2022-06-01,2022-05-01,24100.0,25430.807098397356,4,random_forest_change,cv,8
2022-07-01,2022-06-01,23644.0,23941.686892902544,4,random_forest_change,cv,9
2022-08-01,2022-07-01,22754.0,23743.512554091867,4,random_forest_change,cv,9
2022-09-01,2022-08-01,23471.0,22875.53161504557,4,random_forest_change,cv,9
2022-10-01,2022-09-01,23509.0,24121.000655749915,4,random_forest_change,cv,9
2022-11-01,2022-10-01,24902.0,23710.294766947427,4,random_forest_change,cv,9
2022-12-01,2022-11-01,24421.0,24826.302135412694,4,random_forest_change,cv,9
2023-01-01,2022-12-01,23934.0,23915.300273498808,4,random_forest_change,cv,9
2023-02-01,2023-01-01,24737.0,23636.003495543588,4,random_forest_change,cv,9
2023-03-01,2023-02-01,25756.0,24296.84271114709,4,random_forest_change,cv,9
2023-04-01,2023-03-01,25956.0,25773.59272905443,4,random_forest_change,cv,9
2023-05-01,2023-04-01,26155.0,25665.8870455936,4,random_forest_change,cv,9
2023-06-01,2023-05-01,24830.0,25804.826361063777,4,random_forest_change,cv,9
2023-07-01,2023-06-01,24055.0,24269.450856787706,4,random_forest_change,cv,10
2023-08-01,2023-07-01,23585.0,23990.410085420015,4,random_forest_change,cv,10
2023-09-01,2023-08-01,24045.0,23708.890867538925,4,random_forest_change,cv,10
2023-10-01,2023-09-01,23932.0,23932.464812802584,4,random_forest_change,cv,10
2023-11-01,2023-10-01,24684.0,23755.848491521352,4,random_forest_change,cv,10
2023-12-01,2023-11-01,25827.0,24243.029950305354,4,random_forest_change,cv,10
2024-01-01,2023-12-01,24185.0,25218.34595848043,4,random_forest_change,cv,10
2024-02-01,2024-01-01,25631.0,24086.931105865107,4,random_forest_change,cv,10
2024-03-01,2024-02-01,26186.0,25664.160590371102,4,random_forest_change,cv,10
2024-04-01,2024-03-01,24951.0,26056.11348020914,4,random_forest_change,cv,10
2024-05-01,2024-04-01,24254.0,24464.185540287617,4,random_forest_change,cv,10
2024-06-01,2024-05-01,22935.0,23840.215625454945,4,random_forest_change,cv,10
2014-07-01,2014-06-01,16906.0,16662.4375,4,xgboost_change,cv,1
2014-08-01,2014-07-01,16470.0,17091.7265625,4,xgboost_change,cv,1
2014-09-01,2014-08-01,15792.0,16673.09765625,4,xgboost_change,cv,1
2014-10-01,2014-09-01,16434.0,15994.736328125,4,xgboost_change,cv,1
2014-11-01,2014-10-01,16050.0,16469.626953125,4,xgboost_change,cv,1
2014-12-01,2014-11-01,16412.0,16171.962890625,4,xgboost_change,cv,1
2015-01-01,2014-12-01,17304.0,16577.578125,4,xgboost_change,cv,1
2015-02-01,2015-01-01,17595.0,17533.642578125,4,xgboost_change,cv,1
2015-03-01,2015-02-01,19977.0,17743.689453125,4,xgboost_change,cv,1
2015-04-01,2015-03-01,20717.0,20097.287109375,4,xgboost_change,cv,1
2015-05-01,2015-04-01,18960.0,20779.80859375,4,xgboost_change,cv,1
2015-06-01,2015-05-01,18599.0,18921.31640625,4,xgboost_change,cv,1
2015-07-01,2015-06-01,18948.0,18449.111328125,4,xgboost_change,cv,2
2015-08-01,2015-07-01,18041.0,19093.8828125,4,xgboost_change,cv,2
2015-09-01,2015-08-01,18428.0,18147.796875,4,xgboost_change,cv,2
2015-10-01,2015-09-01,19229.0,18628.392578125,4,xgboost_change,cv,2
2015-11-01,2015-10-01,19611.0,19323.130859375,4,xgboost_change,cv,2
2015-12-01,2015-11-01,19746.0,19738.560546875,4,xgboost_change,cv,2
2016-01-01,2015-12-01,20688.0,19992.748046875,4,xgboost_change,cv,2
2016-02-01,2016-01-01,20769.0,20985.693359375,4,xgboost_change,cv,2
2016-03-01,2016-02-01,21354.0,20866.962890625,4,xgboost_change,cv,2
2016-04-01,2016-03-01,22094.0,21589.640625,4,xgboost_change,cv,2
2016-05-01,2016-04-01,21160.0,21994.322265625,4,xgboost_change,cv,2
2016-06-01,2016-05-01,20849.0,20992.4453125,4,xgboost_change,cv,2
2016-07-01,2016-06-01,20925.0,20757.947265625,4,xgboost_change,cv,3
2016-08-01,2016-07-01,21737.0,21128.587890625,4,xgboost_change,cv,3
2016-09-01,2016-08-01,21705.0,21970.630859375,4,xgboost_change,cv,3
2016-10-01,2016-09-01,24299.0,21993.681640625,4,xgboost_change,cv,3
2016-11-01,2016-10-01,23970.0,24542.88671875,4,xgboost_change,cv,3
2016-12-01,2016-11-01,23332.0,24232.8828125,4,xgboost_change,cv,3
2017-01-01,2016-12-01,23208.0,23683.55078125,4,xgboost_change,cv,3
2017-02-01,2017-01-01,24658.0,23600.072265625,4,xgboost_change,cv,3
2017-03-01,2017-02-01,25831.0,24944.32421875,4,xgboost_change,cv,3
2017-04-01,2017-03-01,24922.0,26155.83984375,4,xgboost_change,cv,3
2017-05-01,2017-04-01,23830.0,24867.404296875,4,xgboost_change,cv,3
2017-06-01,2017-05-01,22902.0,23733.07421875,4,xgboost_change,cv,3
2017-07-01,2017-06-01,21810.0,22671.50390625,4,xgboost_change,cv,4
2017-08-01,2017-07-01,21958.0,21964.01953125,4,xgboost_change,cv,4
2017-09-01,2017-08-01,21053.0,22193.021484375,4,xgboost_change,cv,4
2017-10-01,2017-09-01,20934.0,21411.0625,4,xgboost_change,cv,4
2017-11-01,2017-10-01,22659.0,21239.423828125,4,xgboost_change,cv,4
2017-12-01,2017-11-01,22502.0,22910.599609375,4,xgboost_change,cv,4
2018-01-01,2017-12-01,21769.0,22807.267578125,4,xgboost_change,cv,4
2018-02-01,2018-01-01,21673.0,22109.126953125,4,xgboost_change,cv,4
2018-03-01,2018-02-01,23148.0,22110.865234375,4,xgboost_change,cv,4
2018-04-01,2018-03-01,23739.0,23351.265625,4,xgboost_change,cv,4
2018-05-01,2018-04-01,23830.0,23590.021484375,4,xgboost_change,cv,4
2018-06-01,2018-05-01,22056.0,23615.138671875,4,xgboost_change,cv,4
2018-07-01,2018-06-01,21418.0,21662.611328125,4,xgboost_change,cv,5
2018-08-01,2018-07-01,22309.0,21471.033203125,4,xgboost_change,cv,5
2018-09-01,2018-08-01,21523.0,22264.322265625,4,xgboost_change,cv,5
2018-10-01,2018-09-01,22068.0,21715.857421875,4,xgboost_change,cv,5
2018-11-01,2018-10-01,23711.0,22129.080078125,4,xgboost_change,cv,5
2018-12-01,2018-11-01,21540.0,23698.81640625,4,xgboost_change,cv,5
2019-01-01,2018-12-01,20798.0,21877.869140625,4,xgboost_change,cv,5
2019-02-01,2019-01-01,20715.0,21149.30078125,4,xgboost_change,cv,5
2019-03-01,2019-02-01,22905.0,21130.3359375,4,xgboost_change,cv,5
2019-04-01,2019-03-01,24151.0,23059.89453125,4,xgboost_change,cv,5
2019-05-01,2019-04-01,25317.0,23821.736328125,4,xgboost_change,cv,5
2019-06-01,2019-05-01,21857.0,24914.599609375,4,xgboost_change,cv,5
2019-07-01,2019-06-01,20832.0,21500.595703125,4,xgboost_change,cv,6
2019-08-01,2019-07-01,20542.0,20872.62109375,4,xgboost_change,cv,6
2019-09-01,2019-08-01,20850.0,20703.8828125,4,xgboost_change,cv,6
2019-10-01,2019-09-01,23255.0,20955.337890625,4,xgboost_change,cv,6
2019-11-01,2019-10-01,24381.0,23114.91015625,4,xgboost_change,cv,6
2019-12-01,2019-11-01,23890.0,24078.939453125,4,xgboost_change,cv,6
2020-01-01,2019-12-01,22824.0,23748.7109375,4,xgboost_change,cv,6
2020-02-01,2020-01-01,21253.0,22916.654296875,4,xgboost_change,cv,6
2020-03-01,2020-02-01,23655.0,21486.265625,4,xgboost_change,cv,6
2020-04-01,2020-03-01,25662.0,23879.37109375,4,xgboost_change,cv,6
2020-05-01,2020-04-01,24897.0,25387.466796875,4,xgboost_change,cv,6
2020-06-01,2020-05-01,26525.0,24438.80078125,4,xgboost_change,cv,6
2020-07-01,2020-06-01,25529.0,26077.63671875,4,xgboost_change,cv,7
2020-08-01,2020-07-01,24575.0,25425.900390625,4,xgboost_change,cv,7
2020-09-01,2020-08-01,23509.0,24525.5078125,4,xgboost_change,cv,7
2020-10-01,2020-09-01,24222.0,23747.123046875,4,xgboost_change,cv,7
2020-11-01,2020-10-01,24528.0,24462.181640625,4,xgboost_change,cv,7
2020-12-01,2020-11-01,24398.0,24611.138671875,4,xgboost_change,cv,7
2021-01-01,2020-12-01,24949.0,24371.896484375,4,xgboost_change,cv,7
2021-02-01,2021-01-01,22852.0,25086.7109375,4,xgboost_change,cv,7
2021-03-01,2021-02-01,23617.0,23301.12109375,4,xgboost_change,cv,7
2021-04-01,2021-03-01,25326.0,23969.91796875,4,xgboost_change,cv,7
2021-05-01,2021-04-01,25379.0,25137.880859375,4,xgboost_change,cv,7
2021-06-01,2021-05-01,24512.0,25160.7734375,4,xgboost_change,cv,7
2021-07-01,2021-06-01,24171.0,24311.861328125,4,xgboost_change,cv,8
2021-08-01,2021-07-01,23904.0,24083.859375,4,xgboost_change,cv,8
2021-09-01,2021-08-01,23216.0,23816.859375,4,xgboost_change,cv,8
2021-10-01,2021-09-01,23663.0,23490.482421875,4,xgboost_change,cv,8
2021-11-01,2021-10-01,24529.0,24081.703125,4,xgboost_change,cv,8
2021-12-01,2021-11-01,24328.0,24434.826171875,4,xgboost_change,cv,8
2022-01-01,2021-12-01,23746.0,24202.90234375,4,xgboost_change,cv,8
2022-02-01,2022-01-01,24060.0,23813.646484375,4,xgboost_change,cv,8
2022-03-01,2022-02-01,25698.0,24432.365234375,4,xgboost_change,cv,8
2022-04-01,2022-03-01,23192.0,25742.318359375,4,xgboost_change,cv,8
2022-05-01,2022-04-01,25732.0,23323.939453125,4,xgboost_change,cv,8
2022-06-01,2022-05-01,24100.0,25604.22265625,4,xgboost_change,cv,8
2022-07-01,2022-06-01,23644.0,23753.783203125,4,xgboost_change,cv,9
2022-08-01,2022-07-01,22754.0,23749.14453125,4,xgboost_change,cv,9
2022-09-01,2022-08-01,23471.0,22872.58984375,4,xgboost_change,cv,9
2022-10-01,2022-09-01,23509.0,23988.990234375,4,xgboost_change,cv,9
2022-11-01,2022-10-01,24902.0,23643.181640625,4,xgboost_change,cv,9
2022-12-01,2022-11-01,24421.0,24692.740234375,4,xgboost_change,cv,9
2023-01-01,2022-12-01,23934.0,24081.861328125,4,xgboost_change,cv,9
2023-02-01,2023-01-01,24737.0,23706.443359375,4,xgboost_change,cv,9
2023-03-01,2023-02-01,25756.0,24585.7890625,4,xgboost_change,cv,9
2023-04-01,2023-03-01,25956.0,25858.966796875,4,xgboost_change,cv,9
2023-05-01,2023-04-01,26155.0,25851.396484375,4,xgboost_change,cv,9
2023-06-01,2023-05-01,24830.0,25946.099609375,4,xgboost_change,cv,9
2023-07-01,2023-06-01,24055.0,24506.22265625,4,xgboost_change,cv,10
2023-08-01,2023-07-01,23585.0,23936.46875,4,xgboost_change,cv,10
2023-09-01,2023-08-01,24045.0,23766.61328125,4,xgboost_change,cv,10
2023-10-01,2023-09-01,23932.0,23874.134765625,4,xgboost_change,cv,10
2023-11-01,2023-10-01,24684.0,23686.171875,4,xgboost_change,cv,10
2023-12-01,2023-11-01,25827.0,24338.521484375,4,xgboost_change,cv,10
2024-01-01,2023-12-01,24185.0,25234.314453125,4,xgboost_change,cv,10
2024-02-01,2024-01-01,25631.0,24042.619140625,4,xgboost_change,cv,10
2024-03-01,2024-02-01,26186.0,25726.7578125,4,xgboost_change,cv,10
2024-04-01,2024-03-01,24951.0,26159.953125,4,xgboost_change,cv,10
2024-05-01,2024-04-01,24254.0,24642.95703125,4,xgboost_change,cv,10
2024-06-01,2024-05-01,22935.0,23895.751953125,4,xgboost_change,cv,10
2014-07-01,2014-06-01,16906.0,16936.06596485478,4,neural_network_change,cv,1
2014-08-01,2014-07-01,16470.0,17482.46401088842,4,neural_network_change,cv,1
2014-09-01,2014-08-01,15792.0,16886.89210665605,4,neural_network_change,cv,1
2014-10-01,2014-09-01,16434.0,17262.06874839809,4,neural_network_change,cv,1
2014-11-01,2014-10-01,16050.0,16838.58785144429,4,neural_network_change,cv,1
2014-12-01,2014-11-01,16412.0,17104.033546508777,4,neural_network_change,cv,1
2015-01-01,2014-12-01,17304.0,18001.907275694968,4,neural_network_change,cv,1
2015-02-01,2015-01-01,17595.0,18154.52792644773,4,neural_network_change,cv,1
2015-03-01,2015-02-01,19977.0,18247.68901959906,4,neural_network_change,cv,1
2015-04-01,2015-03-01,20717.0,20320.495230319822,4,neural_network_change,cv,1
2015-05-01,2015-04-01,18960.0,20962.801079575842,4,neural_network_change,cv,1
2015-06-01,2015-05-01,18599.0,18967.436494491973,4,neural_network_change,cv,1
2015-07-01,2015-06-01,18948.0,18665.24897373423,4,neural_network_change,cv,2
2015-08-01,2015-07-01,18041.0,19307.859541440666,4,neural_network_change,cv,2
2015-09-01,2015-08-01,18428.0,17639.05529104488,4,neural_network_change,cv,2
2015-10-01,2015-09-01,19229.0,18389.99267713907,4,neural_network_change,cv,2
2015-11-01,2015-10-01,19611.0,19091.300804961,4,neural_network_change,cv,2
2015-12-01,2015-11-01,19746.0,19619.90279073182,4,neural_network_change,cv,2
2016-01-01,2015-12-01,20688.0,20001.325440812576,4,neural_network_change,cv,2
2016-02-01,2016-01-01,20769.0,21317.94406421195,4,neural_network_change,cv,2
2016-03-01,2016-02-01,21354.0,20498.56626785662,4,neural_network_change,cv,2
2016-04-01,2016-03-01,22094.0,21816.83960561331,4,neural_network_change,cv,2
2016-05-01,2016-04-01,21160.0,22813.888238853295,4,neural_network_change,cv,2
2016-06-01,2016-05-01,20849.0,20551.9480729969,4,neural_network_change,cv,2
2016-07-01,2016-06-01,20925.0,20673.686840824466,4,neural_network_change,cv,3
2016-08-01,2016-07-01,21737.0,20788.68440455727,4,neural_network_change,cv,3
2016-09-01,2016-08-01,21705.0,21769.54466284223,4,neural_network_change,cv,3
2016-10-01,2016-09-01,24299.0,21847.75334727712,4,neural_network_change,cv,3
2016-11-01,2016-10-01,23970.0,24437.47976138506,4,neural_network_change,cv,3
2016-12-01,2016-11-01,23332.0,24227.869177940902,4,neural_network_change,cv,3
2017-01-01,2016-12-01,23208.0,23699.916071185122,4,neural_network_change,cv,3
2017-02-01,2017-01-01,24658.0,23734.829879596244,4,neural_network_change,cv,3
2017-03-01,2017-02-01,25831.0,24763.1570130759,4,neural_network_change,cv,3
2017-04-01,2017-03-01,24922.0,25981.123096368363,4,neural_network_change,cv,3
2017-05-01,2017-04-01,23830.0,24737.534533536815,4,neural_network_change,cv,3
2017-06-01,2017-05-01,22902.0,23574.881002543716,4,neural_network_change,cv,3
2017-07-01,2017-06-01,21810.0,22600.87674946039,4,neural_network_change,cv,4
2017-08-01,2017-07-01,21958.0,21717.003684743373,4,neural_network_change,cv,4
2017-09-01,2017-08-01,21053.0,22230.665944770917,4,neural_network_change,cv,4
2017-10-01,2017-09-01,20934.0,21542.76158015475,4,neural_network_change,cv,4
2017-11-01,2017-10-01,22659.0,21451.36217549391,4,neural_network_change,cv,4
2017-12-01,2017-11-01,22502.0,23225.434300703324,4,neural_network_change,cv,4
2018-01-01,2017-12-01,21769.0,23110.475354304715,4,neural_network_change,cv,4
2018-02-01,2018-01-01,21673.0,22486.211467154735,4,neural_network_change,cv,4
2018-03-01,2018-02-01,23148.0,22223.23531682199,4,neural_network_change,cv,4
2018-04-01,2018-03-01,23739.0,23595.763411531378,4,neural_network_change,cv,4
2018-05-01,2018-04-01,23830.0,23805.28616522202,4,neural_network_change,cv,4
2018-06-01,2018-05-01,22056.0,23815.043751860885,4,neural_network_change,cv,4
2018-07-01,2018-06-01,21418.0,21295.065565194214,4,neural_network_change,cv,5
2018-08-01,2018-07-01,22309.0,21106.122659180957,4,neural_network_change,cv,5
2018-09-01,2018-08-01,21523.0,22032.027228350606,4,neural_network_change,cv,5
2018-10-01,2018-09-01,22068.0,21467.158521566475,4,neural_network_change,cv,5
2018-11-01,2018-10-01,23711.0,22326.734851037443,4,neural_network_change,cv,5
2018-12-01,2018-11-01,21540.0,23656.557587627183,4,neural_network_change,cv,5
2019-01-01,2018-12-01,20798.0,21806.769882526834,4,neural_network_change,cv,5
2019-02-01,2019-01-01,20715.0,20915.77072392315,4,neural_network_change,cv,5
2019-03-01,2019-02-01,22905.0,20907.11960210474,4,neural_network_change,cv,5
2019-04-01,2019-03-01,24151.0,23223.95431630731,4,neural_network_change,cv,5
2019-05-01,2019-04-01,25317.0,23748.20488255936,4,neural_network_change,cv,5
2019-06-01,2019-05-01,21857.0,24765.22566246059,4,neural_network_change,cv,5
2019-07-01,2019-06-01,20832.0,21079.336074574258,4,neural_network_change,cv,6
2019-08-01,2019-07-01,20542.0,19983.442586013538,4,neural_network_change,cv,6
2019-09-01,2019-08-01,20850.0,20158.432711235146,4,neural_network_change,cv,6
2019-10-01,2019-09-01,23255.0,20728.65006132799,4,neural_network_change,cv,6
2019-11-01,2019-10-01,24381.0,23018.241682589996,4,neural_network_change,cv,6
2019-12-01,2019-11-01,23890.0,24110.947787620007,4,neural_network_change,cv,6
2020-01-01,2019-12-01,22824.0,23664.27494817051,4,neural_network_change,cv,6
2020-02-01,2020-01-01,21253.0,22506.88274601005,4,neural_network_change,cv,6
2020-03-01,2020-02-01,23655.0,21154.433352364747,4,neural_network_change,cv,6
2020-04-01,2020-03-01,25662.0,24006.625800438065,4,neural_network_change,cv,6
2020-05-01,2020-04-01,24897.0,25771.37929698797,4,neural_network_change,cv,6
2020-06-01,2020-05-01,26525.0,24083.103149666265,4,neural_network_change,cv,6
2020-07-01,2020-06-01,25529.0,26171.858434859838,4,neural_network_change,cv,7
2020-08-01,2020-07-01,24575.0,25150.969531310177,4,neural_network_change,cv,7
2020-09-01,2020-08-01,23509.0,24718.22580698614,4,neural_network_change,cv,7
2020-10-01,2020-09-01,24222.0,24058.066554157565,4,neural_network_change,cv,7
2020-11-01,2020-10-01,24528.0,24676.10343353073,4,neural_network_change,cv,7
2020-12-01,2020-11-01,24398.0,24862.336833217418,4,neural_network_change,cv,7
2021-01-01,2020-12-01,24949.0,24767.286259342298,4,neural_network_change,cv,7
2021-02-01,2021-01-01,22852.0,25293.314505106962,4,neural_network_change,cv,7
2021-03-01,2021-02-01,23617.0,23525.092111496317,4,neural_network_change,cv,7
2021-04-01,2021-03-01,25326.0,24199.133711725164,4,neural_network_change,cv,7
2021-05-01,2021-04-01,25379.0,25783.705886795855,4,neural_network_change,cv,7
2021-06-01,2021-05-01,24512.0,25403.256202287313,4,neural_network_change,cv,7
2021-07-01,2021-06-01,24171.0,24113.309997917935,4,neural_network_change,cv,8
2021-08-01,2021-07-01,23904.0,23858.461215906147,4,neural_network_change,cv,8
2021-09-01,2021-08-01,23216.0,23847.54710370308,4,neural_network_change,cv,8
2021-10-01,2021-09-01,23663.0,23359.79573953911,4,neural_network_change,cv,8
2021-11-01,2021-10-01,24529.0,23913.72834712893,4,neural_network_change,cv,8
2021-12-01,2021-11-01,24328.0,24478.65821424473,4,neural_network_change,cv,8
2022-01-01,2021-12-01,23746.0,24090.242796693186,4,neural_network_change,cv,8
2022-02-01,2022-01-01,24060.0,23724.30725201222,4,neural_network_change,cv,8
2022-03-01,2022-02-01,25698.0,24626.29277822446,4,neural_network_change,cv,8
2022-04-01,2022-03-01,23192.0,25645.44309312261,4,neural_network_change,cv,8
2022-05-01,2022-04-01,25732.0,23406.875673472536,4,neural_network_change,cv,8
2022-06-01,2022-05-01,24100.0,25791.76898117181,4,neural_network_change,cv,8
2022-07-01,2022-06-01,23644.0,23448.27010577917,4,neural_network_change,cv,9
2022-08-01,2022-07-01,22754.0,22872.790674936467,4,neural_network_change,cv,9
2022-09-01,2022-08-01,23471.0,21942.646832087397,4,neural_network_change,cv,9
2022-10-01,2022-09-01,23509.0,23224.423443616128,4,neural_network_change,cv,9
2022-11-01,2022-10-01,24902.0,22996.024901061413,4,neural_network_change,cv,9
2022-12-01,2022-11-01,24421.0,24688.36526418831,4,neural_network_change,cv,9
2023-01-01,2022-12-01,23934.0,24327.54591647409,4,neural_network_change,cv,9
2023-02-01,2023-01-01,24737.0,23811.278577705518,4,neural_network_change,cv,9
2023-03-01,2023-02-01,25756.0,24760.77506568505,4,neural_network_change,cv,9
2023-04-01,2023-03-01,25956.0,24422.984043520115,4,neural_network_change,cv,9
2023-05-01,2023-04-01,26155.0,25526.333978893348,4,neural_network_change,cv,9
2023-06-01,2023-05-01,24830.0,24957.640049190824,4,neural_network_change,cv,9
2023-07-01,2023-06-01,24055.0,24377.63967257141,4,neural_network_change,cv,10
2023-08-01,2023-07-01,23585.0,23641.200281338522,4,neural_network_change,cv,10
2023-09-01,2023-08-01,24045.0,22911.29709604626,4,neural_network_change,cv,10
2023-10-01,2023-09-01,23932.0,23577.03567541635,4,neural_network_change,cv,10
2023-11-01,2023-10-01,24684.0,23931.00601947576,4,neural_network_change,cv,10
2023-12-01,2023-11-01,25827.0,24869.452449970573,4,neural_network_change,cv,10
2024-01-01,2023-12-01,24185.0,25248.88005384044,4,neural_network_change,cv,10
2024-02-01,2024-01-01,25631.0,24622.211520814933,4,neural_network_change,cv,10
2024-03-01,2024-02-01,26186.0,25723.208488101744,4,neural_network_change,cv,10
2024-04-01,2024-03-01,24951.0,26324.608267470037,4,neural_network_change,cv,10
2024-05-01,2024-04-01,24254.0,25075.10409170626,4,neural_network_change,cv,10
2024-06-01,2024-05-01,22935.0,24023.715554883453,4,neural_network_change,cv,10
2014-07-01,2014-06-01,16906.0,16942.621435553505,4,rolling_ridge_change,cv,1
2014-08-01,2014-07-01,16470.0,17234.92845423951,4,rolling_ridge_change,cv,1
2014-09-01,2014-08-01,15792.0,16699.406794248658,4,rolling_ridge_change,cv,1
2014-10-01,2014-09-01,16434.0,16923.947248990535,4,rolling_ridge_change,cv,1
2014-11-01,2014-10-01,16050.0,16681.831320331676,4,rolling_ridge_change,cv,1
2014-12-01,2014-11-01,16412.0,16878.064861109207,4,rolling_ridge_change,cv,1
2015-01-01,2014-12-01,17304.0,17719.02172891023,4,rolling_ridge_change,cv,1
2015-02-01,2015-01-01,17595.0,17973.928630950464,4,rolling_ridge_change,cv,1
2015-03-01,2015-02-01,19977.0,18091.657229136938,4,rolling_ridge_change,cv,1
2015-04-01,2015-03-01,20717.0,20209.66137824007,4,rolling_ridge_change,cv,1
2015-05-01,2015-04-01,18960.0,20851.8782077348,4,rolling_ridge_change,cv,1
2015-06-01,2015-05-01,18599.0,19079.790574451556,4,rolling_ridge_change,cv,1
2015-07-01,2015-06-01,18948.0,18675.26966889211,4,rolling_ridge_change,cv,2
2015-08-01,2015-07-01,18041.0,19125.56728912275,4,rolling_ridge_change,cv,2
2015-09-01,2015-08-01,18428.0,18103.733200250557,4,rolling_ridge_change,cv,2
2015-10-01,2015-09-01,19229.0,18540.5124182231,4,rolling_ridge_change,cv,2
2015-11-01,2015-10-01,19611.0,19396.448014379817,4,rolling_ridge_change,cv,2
2015-12-01,2015-11-01,19746.0,19749.647962261006,4,rolling_ridge_change,cv,2
2016-01-01,2015-12-01,20688.0,20003.482662094255,4,rolling_ridge_change,cv,2
2016-02-01,2016-01-01,20769.0,21030.268569256492,4,rolling_ridge_change,cv,2
2016-03-01,2016-02-01,21354.0,20752.92673686431,4,rolling_ridge_change,cv,2
2016-04-01,2016-03-01,22094.0,21578.245032837276,4,rolling_ridge_change,cv,2
2016-05-01,2016-04-01,21160.0,22300.527445051706,4,rolling_ridge_change,cv,2
2016-06-01,2016-05-01,20849.0,21058.054264392944,4,rolling_ridge_change,cv,2
2016-07-01,2016-06-01,20925.0,20920.639457234676,4,rolling_ridge_change,cv,3
2016-08-01,2016-07-01,21737.0,21030.7835867427,4,rolling_ridge_change,cv,3
2016-09-01,2016-08-01,21705.0,21910.449825974963,4,rolling_ridge_change,cv,3
2016-10-01,2016-09-01,24299.0,21978.105732137403,4,rolling_ridge_change,cv,3
2016-11-01,2016-10-01,23970.0,24569.521719527605,4,rolling_ridge_change,cv,3
2016-12-01,2016-11-01,23332.0,24319.913847133317,4,rolling_ridge_change,cv,3
2017-01-01,2016-12-01,23208.0,23599.87978216004,4,rolling_ridge_change,cv,3
2017-02-01,2017-01-01,24658.0,23586.587559122487,4,rolling_ridge_change,cv,3
2017-03-01,2017-02-01,25831.0,24795.87220494065,4,rolling_ridge_change,cv,3
2017-04-01,2017-03-01,24922.0,26052.387121644773,4,rolling_ridge_change,cv,3
2017-05-01,2017-04-01,23830.0,25010.96076671314,4,rolling_ridge_change,cv,3
2017-06-01,2017-05-01,22902.0,23879.59124789919,4,rolling_ridge_change,cv,3
2017-07-01,2017-06-01,21810.0,22882.11173487486,4,rolling_ridge_change,cv,4
2017-08-01,2017-07-01,21958.0,21894.161651596038,4,rolling_ridge_change,cv,4
2017-09-01,2017-08-01,21053.0,22187.21249173071,4,rolling_ridge_change,cv,4
2017-10-01,2017-09-01,20934.0,21345.91394084459,4,rolling_ridge_change,cv,4
2017-11-01,2017-10-01,22659.0,21275.845903065245,4,rolling_ridge_change,cv,4
2017-12-01,2017-11-01,22502.0,22991.029915876457,4,rolling_ridge_change,cv,4
2018-01-01,2017-12-01,21769.0,22805.88263255581,4,rolling_ridge_change,cv,4
2018-02-01,2018-01-01,21673.0,22078.988583411203,4,rolling_ridge_change,cv,4
2018-03-01,2018-02-01,23148.0,21885.290070521794,4,rolling_ridge_change,cv,4
2018-04-01,2018-03-01,23739.0,23329.923374314832,4,rolling_ridge_change,cv,4
2018-05-01,2018-04-01,23830.0,23764.738148289787,4,rolling_ridge_change,cv,4
2018-06-01,2018-05-01,22056.0,23842.246230396173,4,rolling_ridge_change,cv,4
2018-07-01,2018-06-01,21418.0,21872.105435855476,4,rolling_ridge_change,cv,5
2018-08-01,2018-07-01,22309.0,21283.0729159147,4,rolling_ridge_change,cv,5
2018-09-01,2018-08-01,21523.0,22194.62844488477,4,rolling_ridge_change,cv,5
2018-10-01,2018-09-01,22068.0,21463.52605675047,4,rolling_ridge_change,cv,5
2018-11-01,2018-10-01,23711.0,22096.821754303925,4,rolling_ridge_change,cv,5
2018-12-01,2018-11-01,21540.0,23763.096997190194,4,rolling_ridge_change,cv,5
2019-01-01,2018-12-01,20798.0,21509.160561306893,4,rolling_ridge_change,cv,5
2019-02-01,2019-01-01,20715.0,20830.343383388445,4,rolling_ridge_change,cv,5
2019-03-01,2019-02-01,22905.0,20747.92875864845,4,rolling_ridge_change,cv,5
2019-04-01,2019-03-01,24151.0,22852.561132327566,4,rolling_ridge_change,cv,5
2019-05-01,2019-04-01,25317.0,23933.08422507427,4,rolling_ridge_change,cv,5
2019-06-01,2019-05-01,21857.0,25025.251226728662,4,rolling_ridge_change,cv,5
2019-07-01,2019-06-01,20832.0,21408.512081808512,4,rolling_ridge_change,cv,6
2019-08-01,2019-07-01,20542.0,20403.19548704005,4,rolling_ridge_change,cv,6
2019-09-01,2019-08-01,20850.0,20223.96393100032,4,rolling_ridge_change,cv,6
2019-10-01,2019-09-01,23255.0,20714.894171805998,4,rolling_ridge_change,cv,6
2019-11-01,2019-10-01,24381.0,23147.924792533595,4,rolling_ridge_change,cv,6
2019-12-01,2019-11-01,23890.0,24231.04451680305,4,rolling_ridge_change,cv,6
2020-01-01,2019-12-01,22824.0,23664.732186473946,4,rolling_ridge_change,cv,6
2020-02-01,2020-01-01,21253.0,22631.91625599538,4,rolling_ridge_change,cv,6
2020-03-01,2020-02-01,23655.0,21203.943069108325,4,rolling_ridge_change,cv,6
2020-04-01,2020-03-01,25662.0,23570.96244059634,4,rolling_ridge_change,cv,6
2020-05-01,2020-04-01,24897.0,25593.52305835879,4,rolling_ridge_change,cv,6
2020-06-01,2020-05-01,26525.0,24706.940765118517,4,rolling_ridge_change,cv,6
2020-07-01,2020-06-01,25529.0,26254.28386700718,4,rolling_ridge_change,cv,7
2020-08-01,2020-07-01,24575.0,25091.806734564,4,rolling_ridge_change,cv,7
2020-09-01,2020-08-01,23509.0,24367.229496292104,4,rolling_ridge_change,cv,7
2020-10-01,2020-09-01,24222.0,23554.202294807368,4,rolling_ridge_change,cv,7
2020-11-01,2020-10-01,24528.0,24457.267891521526,4,rolling_ridge_change,cv,7
2020-12-01,2020-11-01,24398.0,24706.879010354038,4,rolling_ridge_change,cv,7
2021-01-01,2020-12-01,24949.0,24496.629939100378,4,rolling_ridge_change,cv,7
2021-02-01,2021-01-01,22852.0,24923.51483844096,4,rolling_ridge_change,cv,7
2021-03-01,2021-02-01,23617.0,23125.52673713018,4,rolling_ridge_change,cv,7
2021-04-01,2021-03-01,25326.0,23795.36308880996,4,rolling_ridge_change,cv,7
2021-05-01,2021-04-01,25379.0,25377.855101851103,4,rolling_ridge_change,cv,7
2021-06-01,2021-05-01,24512.0,25279.630623231657,4,rolling_ridge_change,cv,7
2021-07-01,2021-06-01,24171.0,24376.269175213503,4,rolling_ridge_change,cv,8
2021-08-01,2021-07-01,23904.0,23924.348657784394,4,rolling_ridge_change,cv,8
2021-09-01,2021-08-01,23216.0,23691.141769695852,4,rolling_ridge_change,cv,8
2021-10-01,2021-09-01,23663.0,23158.956861967734,4,rolling_ridge_change,cv,8
2021-11-01,2021-10-01,24529.0,23791.172745457443,4,rolling_ridge_change,cv,8
2021-12-01,2021-11-01,24328.0,24477.84969222845,4,rolling_ridge_change,cv,8
2022-01-01,2021-12-01,23746.0,24185.127592847253,4,rolling_ridge_change,cv,8
2022-02-01,2022-01-01,24060.0,23699.994695351354,4,rolling_ridge_change,cv,8
2022-03-01,2022-02-01,25698.0,24250.719918209605,4,rolling_ridge_change,cv,8
2022-04-01,2022-03-01,23192.0,25449.304407983436,4,rolling_ridge_change,cv,8
2022-05-01,2022-04-01,25732.0,23342.08499754891,4,rolling_ridge_change,cv,8
2022-06-01,2022-05-01,24100.0,25755.206447246404,4,rolling_ridge_change,cv,8
2022-07-01,2022-06-01,23644.0,23907.97962381811,4,rolling_ridge_change,cv,9
2022-08-01,2022-07-01,22754.0,23255.86419448943,4,rolling_ridge_change,cv,9
2022-09-01,2022-08-01,23471.0,22495.442918059678,4,rolling_ridge_change,cv,9
2022-10-01,2022-09-01,23509.0,23266.37213023043,4,rolling_ridge_change,cv,9
2022-11-01,2022-10-01,24902.0,23279.1942681815,4,rolling_ridge_change,cv,9
2022-12-01,2022-11-01,24421.0,24706.157873456363,4,rolling_ridge_change,cv,9
2023-01-01,2022-12-01,23934.0,24309.57191131565,4,rolling_ridge_change,cv,9
2023-02-01,2023-01-01,24737.0,23947.84725364162,4,rolling_ridge_change,cv,9
2023-03-01,2023-02-01,25756.0,24778.237037238145,4,rolling_ridge_change,cv,9
2023-04-01,2023-03-01,25956.0,25283.46671255137,4,rolling_ridge_change,cv,9
2023-05-01,2023-04-01,26155.0,26007.479658647906,4,rolling_ridge_change,cv,9
2023-06-01,2023-05-01,24830.0,25706.10537510136,4,rolling_ridge_change,cv,9
2023-07-01,2023-06-01,24055.0,24650.845139499143,4,rolling_ridge_change,cv,10
2023-08-01,2023-07-01,23585.0,23887.685186592484,4,rolling_ridge_change,cv,10
2023-09-01,2023-08-01,24045.0,23249.952297086907,4,rolling_ridge_change,cv,10
2023-10-01,2023-09-01,23932.0,23915.314685007528,4,rolling_ridge_change,cv,10
2023-11-01,2023-10-01,24684.0,23847.15715363915,4,rolling_ridge_change,cv,10
2023-12-01,2023-11-01,25827.0,24452.662076991925,4,rolling_ridge_change,cv,10
2024-01-01,2023-12-01,24185.0,25165.02552276984,4,rolling_ridge_change,cv,10
2024-02-01,2024-01-01,25631.0,24093.594807548678,4,rolling_ridge_change,cv,10
2024-03-01,2024-02-01,26186.0,25609.01986995192,4,rolling_ridge_change,cv,10
2024-04-01,2024-03-01,24951.0,25832.61251651942,4,rolling_ridge_change,cv,10
2024-05-01,2024-04-01,24254.0,24799.047269134266,4,rolling_ridge_change,cv,10
2024-06-01,2024-05-01,22935.0,24090.02708212395,4,rolling_ridge_change,cv,10
2014-07-01,2014-06-01,16906.0,16942.986623672296,4,damped_ridge_change,cv,1
2014-08-01,2014-07-01,16470.0,17050.828494090965,4,damped_ridge_change,cv,1
2014-09-01,2014-08-01,15792.0,16530.838722903332,4,damped_ridge_change,cv,1
2014-10-01,2014-09-01,16434.0,16309.74799803893,4,damped_ridge_change,cv,1
2014-11-01,2014-10-01,16050.0,16520.76508627697,4,damped_ridge_change,cv,1
2014-12-01,2014-11-01,16412.0,16410.017678782275,4,damped_ridge_change,cv,1
2015-01-01,2014-12-01,17304.0,17031.65907889928,4,damped_ridge_change,cv,1
2015-02-01,2015-01-01,17595.0,17604.361225823464,4,damped_ridge_change,cv,1
2015-03-01,2015-02-01,19977.0,17821.04912069614,4,damped_ridge_change,cv,1
2015-04-01,2015-03-01,20717.0,20101.25125361783,4,damped_ridge_change,cv,1
2015-05-01,2015-04-01,18960.0,20774.364557568835,4,damped_ridge_change,cv,1
2015-06-01,2015-05-01,18599.0,18943.711955769086,4,damped_ridge_change,cv,1
2015-07-01,2015-06-01,18948.0,18602.210979301915,4,damped_ridge_change,cv,2
2015-08-01,2015-07-01,18041.0,18991.107016683865,4,damped_ridge_change,cv,2
2015-09-01,2015-08-01,18428.0,17967.89699129515,4,damped_ridge_change,cv,2
2015-10-01,2015-09-01,19229.0,18423.901964859488,4,damped_ridge_change,cv,2
2015-11-01,2015-10-01,19611.0,19227.628523174437,4,damped_ridge_change,cv,2
2015-12-01,2015-11-01,19746.0,19640.922543891902,4,damped_ridge_change,cv,2
2016-01-01,2015-12-01,20688.0,19842.358137645966,4,damped_ridge_change,cv,2
2016-02-01,2016-01-01,20769.0,20897.638983619792,4,damped_ridge_change,cv,2
2016-03-01,2016-02-01,21354.0,20759.883055782797,4,damped_ridge_change,cv,2
2016-04-01,2016-03-01,22094.0,21475.561145632742,4,damped_ridge_change,cv,2
2016-05-01,2016-04-01,21160.0,22298.08599220008,4,damped_ridge_change,cv,2
2016-06-01,2016-05-01,20849.0,21057.287357713223,4,damped_ridge_change,cv,2
2016-07-01,2016-06-01,20925.0,20844.138932327718,4,damped_ridge_change,cv,3
2016-08-01,2016-07-01,21737.0,20927.36309354093,4,damped_ridge_change,cv,3
2016-09-01,2016-08-01,21705.0,21774.95979834933,4,damped_ridge_change,cv,3
2016-10-01,2016-09-01,24299.0,21764.139857740403,4,damped_ridge_change,cv,3
2016-11-01,2016-10-01,23970.0,24383.083425388024,4,damped_ridge_change,cv,3
2016-12-01,2016-11-01,23332.0,24052.795271922136,4,damped_ridge_change,cv,3
2017-01-01,2016-12-01,23208.0,23421.507350187174,4,damped_ridge_change,cv,3
2017-02-01,2017-01-01,24658.0,23332.797199206085,4,damped_ridge_change,cv,3
2017-03-01,2017-02-01,25831.0,24718.172949328466,4,damped_ridge_change,cv,3
2017-04-01,2017-03-01,24922.0,25908.574479964118,4,damped_ridge_change,cv,3
2017-05-01,2017-04-01,23830.0,24923.393634544493,4,damped_ridge_change,cv,3
2017-06-01,2017-05-01,22902.0,23816.534364015923,4,damped_ridge_change,cv,3
2017-07-01,2017-06-01,21810.0,22876.40557319732,4,damped_ridge_change,cv,4
2017-08-01,2017-07-01,21958.0,21834.700391796632,4,damped_ridge_change,cv,4
2017-09-01,2017-08-01,21053.0,22055.12638645851,4,damped_ridge_change,cv,4
2017-10-01,2017-09-01,20934.0,21178.732659295365,4,damped_ridge_change,cv,4
2017-11-01,2017-10-01,22659.0,21094.313004472715,4,damped_ridge_change,cv,4
2017-12-01,2017-11-01,22502.0,22826.29325099517,4,damped_ridge_change,cv,4
2018-01-01,2017-12-01,21769.0,22662.582035132014,4,damped_ridge_change,cv,4
2018-02-01,2018-01-01,21673.0,21943.601327000466,4,damped_ridge_change,cv,4
2018-03-01,2018-02-01,23148.0,21811.027384580342,4,damped_ridge_change,cv,4
2018-04-01,2018-03-01,23739.0,23288.59342083353,4,damped_ridge_change,cv,4
2018-05-01,2018-04-01,23830.0,23786.503477396247,4,damped_ridge_change,cv,4
2018-06-01,2018-05-01,22056.0,23854.73350174843,4,damped_ridge_change,cv,4
2018-07-01,2018-06-01,21418.0,21976.481204291307,4,damped_ridge_change,cv,5
2018-08-01,2018-07-01,22309.0,21395.03110519723,4,damped_ridge_change,cv,5
2018-09-01,2018-08-01,21523.0,22314.024219555242,4,damped_ridge_change,cv,5
2018-10-01,2018-09-01,22068.0,21544.99983476791,4,damped_ridge_change,cv,5
2018-11-01,2018-10-01,23711.0,22166.53962908921,4,damped_ridge_change,cv,5
2018-12-01,2018-11-01,21540.0,23799.672765324554,4,damped_ridge_change,cv,5
2019-01-01,2018-12-01,20798.0,21601.74493419247,4,damped_ridge_change,cv,5
2019-02-01,2019-01-01,20715.0,20889.397363920794,4,damped_ridge_change,cv,5
2019-03-01,2019-02-01,22905.0,20760.673573932487,4,damped_ridge_change,cv,5
2019-04-01,2019-03-01,24151.0,22981.462432934954,4,damped_ridge_change,cv,5
2019-05-01,2019-04-01,25317.0,24116.237893215497,4,damped_ridge_change,cv,5
2019-06-01,2019-05-01,21857.0,25286.3155462108,4,damped_ridge_change,cv,5
2019-07-01,2019-06-01,20832.0,21711.623131140324,4,damped_ridge_change,cv,6
2019-08-01,2019-07-01,20542.0,20717.974985769833,4,damped_ridge_change,cv,6
2019-09-01,2019-08-01,20850.0,20494.281074493676,4,damped_ridge_change,cv,6
2019-10-01,2019-09-01,23255.0,20841.839136454328,4,damped_ridge_change,cv,6
2019-11-01,2019-10-01,24381.0,23274.421186083604,4,damped_ridge_change,cv,6
2019-12-01,2019-11-01,23890.0,24380.937091172764,4,damped_ridge_change,cv,6
2020-01-01,2019-12-01,22824.0,23900.194500424885,4,damped_ridge_change,cv,6
2020-02-01,2020-01-01,21253.0,22804.713945068776,4,damped_ridge_change,cv,6
2020-03-01,2020-02-01,23655.0,21228.764891347724,4,damped_ridge_change,cv,6
2020-04-01,2020-03-01,25662.0,23679.99817167873,4,damped_ridge_change,cv,6
2020-05-01,2020-04-01,24897.0,25603.122516239553,4,damped_ridge_change,cv,6
2020-06-01,2020-05-01,26525.0,24741.131561279886,4,damped_ridge_change,cv,6
2020-07-01,2020-06-01,25529.0,26482.76043241215,4,damped_ridge_change,cv,7
2020-08-01,2020-07-01,24575.0,25439.276617534433,4,damped_ridge_change,cv,7
2020-09-01,2020-08-01,23509.0,24542.29067414454,4,damped_ridge_change,cv,7
2020-10-01,2020-09-01,24222.0,23535.980038751786,4,damped_ridge_change,cv,7
2020-11-01,2020-10-01,24528.0,24348.433726108655,4,damped_ridge_change,cv,7
2020-12-01,2020-11-01,24398.0,24648.62039923364,4,damped_ridge_change,cv,7
2021-01-01,2020-12-01,24949.0,24494.630002913535,4,damped_ridge_change,cv,7
2021-02-01,2021-01-01,22852.0,25022.28196701746,4,damped_ridge_change,cv,7
2021-03-01,2021-02-01,23617.0,22917.56101744661,4,damped_ridge_change,cv,7
2021-04-01,2021-03-01,25326.0,23709.64022781122,4,damped_ridge_change,cv,7
2021-05-01,2021-04-01,25379.0,25372.389659656114,4,damped_ridge_change,cv,7
2021-06-01,2021-05-01,24512.0,25385.531605760305,4,damped_ridge_change,cv,7
2021-07-01,2021-06-01,24171.0,24441.958037385462,4,damped_ridge_change,cv,8
2021-08-01,2021-07-01,23904.0,24108.7837950413,4,damped_ridge_change,cv,8
2021-09-01,2021-08-01,23216.0,23860.553051135765,4,damped_ridge_change,cv,8
2021-10-01,2021-09-01,23663.0,23206.88253131639,4,damped_ridge_change,cv,8
2021-11-01,2021-10-01,24529.0,23743.57829003379,4,damped_ridge_change,cv,8
2021-12-01,2021-11-01,24328.0,24607.788984142124,4,damped_ridge_change,cv,8
2022-01-01,2021-12-01,23746.0,24386.308045234407,4,damped_ridge_change,cv,8
2022-02-01,2022-01-01,24060.0,23807.12151678388,4,damped_ridge_change,cv,8
2022-03-01,2022-02-01,25698.0,24132.357761749783,4,damped_ridge_change,cv,8
2022-04-01,2022-03-01,23192.0,25709.650969618477,4,damped_ridge_change,cv,8
2022-05-01,2022-04-01,25732.0,23169.439153590803,4,damped_ridge_change,cv,8
2022-06-01,2022-05-01,24100.0,25758.980114585745,4,damped_ridge_change,cv,8
2022-07-01,2022-06-01,23644.0,23944.72646329663,4,damped_ridge_change,cv,9
2022-08-01,2022-07-01,22754.0,23476.479730649433,4,damped_ridge_change,cv,9
2022-09-01,2022-08-01,23471.0,22596.379447538915,4,damped_ridge_change,cv,9
2022-10-01,2022-09-01,23509.0,23386.21092343772,4,damped_ridge_change,cv,9
2022-11-01,2022-10-01,24902.0,23438.607155933445,4,damped_ridge_change,cv,9
2022-12-01,2022-11-01,24421.0,24897.532580842104,4,damped_ridge_change,cv,9
2023-01-01,2022-12-01,23934.0,24435.62877723853,4,damped_ridge_change,cv,9
2023-02-01,2023-01-01,24737.0,23877.153521613236,4,damped_ridge_change,cv,9
2023-03-01,2023-02-01,25756.0,24685.375152217573,4,damped_ridge_change,cv,9
2023-04-01,2023-03-01,25956.0,25561.149710257,4,damped_ridge_change,cv,9
2023-05-01,2023-04-01,26155.0,25845.419153457875,4,damped_ridge_change,cv,9
2023-06-01,2023-05-01,24830.0,25944.859314194,4,damped_ridge_change,cv,9
2023-07-01,2023-06-01,24055.0,24768.054078051387,4,damped_ridge_change,cv,10
2023-08-01,2023-07-01,23585.0,23990.588954616913,4,damped_ridge_change,cv,10
2023-09-01,2023-08-01,24045.0,23518.54962442871,4,damped_ridge_change,cv,10
2023-10-01,2023-09-01,23932.0,24024.04242966526,4,damped_ridge_change,cv,10
2023-11-01,2023-10-01,24684.0,23971.860922580876,4,damped_ridge_change,cv,10
2023-12-01,2023-11-01,25827.0,24746.617563807395,4,damped_ridge_change,cv,10
2024-01-01,2023-12-01,24185.0,25855.534157064565,4,damped_ridge_change,cv,10
2024-02-01,2024-01-01,25631.0,24283.86411321379,4,damped_ridge_change,cv,10
2024-03-01,2024-02-01,26186.0,25696.848590305566,4,damped_ridge_change,cv,10
2024-04-01,2024-03-01,24951.0,26204.895455588296,4,damped_ridge_change,cv,10
2024-05-01,2024-04-01,24254.0,24960.19479128158,4,damped_ridge_change,cv,10
2024-06-01,2024-05-01,22935.0,24234.65581428722,4,damped_ridge_change,cv,10
2014-07-01,2014-06-01,16906.0,16786.659581326232,4,ensemble_change,cv,1
2014-08-01,2014-07-01,16470.0,17081.869634947376,4,ensemble_change,cv,1
2014-09-01,2014-08-01,15792.0,16606.005390083104,4,ensemble_change,cv,1
2014-10-01,2014-09-01,16434.0,16229.548290907032,4,ensemble_change,cv,1
2014-11-01,2014-10-01,16050.0,16516.434078098442,4,ensemble_change,cv,1
2014-12-01,2014-11-01,16412.0,16372.390756199322,4,ensemble_change,cv,1
2015-01-01,2014-12-01,17304.0,16941.990305864136,4,ensemble_change,cv,1
2015-02-01,2015-01-01,17595.0,17642.661518223314,4,ensemble_change,cv,1
2015-03-01,2015-02-01,19977.0,17832.058584578663,4,ensemble_change,cv,1
2015-04-01,2015-03-01,20717.0,20145.269120614885,4,ensemble_change,cv,1
2015-05-01,2015-04-01,18960.0,20805.88347225558,4,ensemble_change,cv,1
2015-06-01,2015-05-01,18599.0,18918.26274959569,4,ensemble_change,cv,1
2015-07-01,2015-06-01,18948.0,18488.610216352576,4,ensemble_change,cv,2
2015-08-01,2015-07-01,18041.0,19072.302754843826,4,ensemble_change,cv,2
2015-09-01,2015-08-01,18428.0,18078.772570349858,4,ensemble_change,cv,2
2015-10-01,2015-09-01,19229.0,18576.410507897766,4,ensemble_change,cv,2
2015-11-01,2015-10-01,19611.0,19334.97064152212,4,ensemble_change,cv,2
2015-12-01,2015-11-01,19746.0,19721.810063957702,4,ensemble_change,cv,2
2016-01-01,2015-12-01,20688.0,19979.62836502809,4,ensemble_change,cv,2
2016-02-01,2016-01-01,20769.0,21043.022807319918,4,ensemble_change,cv,2
2016-03-01,2016-02-01,21354.0,20835.704403223117,4,ensemble_change,cv,2
2016-04-01,2016-03-01,22094.0,21603.339682134076,4,ensemble_change,cv,2
2016-05-01,2016-04-01,21160.0,22167.049622424023,4,ensemble_change,cv,2
2016-06-01,2016-05-01,20849.0,20968.46296901646,4,ensemble_change,cv,2
2016-07-01,2016-06-01,20925.0,20787.968528596877,4,ensemble_change,cv,3
2016-08-01,2016-07-01,21737.0,21088.206584810887,4,ensemble_change,cv,3
2016-09-01,2016-08-01,21705.0,21950.67016438552,4,ensemble_change,cv,3
2016-10-01,2016-09-01,24299.0,21958.694016598853,4,ensemble_change,cv,3
2016-11-01,2016-10-01,23970.0,24552.41105192132,4,ensemble_change,cv,3
2016-12-01,2016-11-01,23332.0,24210.54331293901,4,ensemble_change,cv,3
2017-01-01,2016-12-01,23208.0,23635.87622258649,4,ensemble_change,cv,3
2017-02-01,2017-01-01,24658.0,23564.83490924756,4,ensemble_change,cv,3
2017-03-01,2017-02-01,25831.0,24919.234893814748,4,ensemble_change,cv,3
2017-04-01,2017-03-01,24922.0,26121.448738797786,4,ensemble_change,cv,3
2017-05-01,2017-04-01,23830.0,24884.985894041387,4,ensemble_change,cv,3
2017-06-01,2017-05-01,22902.0,23759.944645915948,4,ensemble_change,cv,3
2017-07-01,2017-06-01,21810.0,22725.95011245111,4,ensemble_change,cv,4
2017-08-01,2017-07-01,21958.0,21971.379232352305,4,ensemble_change,cv,4
2017-09-01,2017-08-01,21053.0,22232.471939243736,4,ensemble_change,cv,4
2017-10-01,2017-09-01,20934.0,21397.675449256152,4,ensemble_change,cv,4
2017-11-01,2017-10-01,22659.0,21270.63664529472,4,ensemble_change,cv,4
2017-12-01,2017-11-01,22502.0,22962.003074183285,4,ensemble_change,cv,4
2018-01-01,2017-12-01,21769.0,22847.798770416437,4,ensemble_change,cv,4
2018-02-01,2018-01-01,21673.0,22129.50240489482,4,ensemble_change,cv,4
2018-03-01,2018-02-01,23148.0,22082.876864779417,4,ensemble_change,cv,4
2018-04-01,2018-03-01,23739.0,23422.02232752535,4,ensemble_change,cv,4
2018-05-01,2018-04-01,23830.0,23657.38635985794,4,ensemble_change,cv,4
2018-06-01,2018-05-01,22056.0,23707.147155299957,4,ensemble_change,cv,4
2018-07-01,2018-06-01,21418.0,21743.80027951083,4,ensemble_change,cv,5
2018-08-01,2018-07-01,22309.0,21471.133741042173,4,ensemble_change,cv,5
2018-09-01,2018-08-01,21523.0,22325.030181469796,4,ensemble_change,cv,5
2018-10-01,2018-09-01,22068.0,21673.819671056877,4,ensemble_change,cv,5
2018-11-01,2018-10-01,23711.0,22202.252351182902,4,ensemble_change,cv,5
2018-12-01,2018-11-01,21540.0,23799.749080239162,4,ensemble_change,cv,5
2019-01-01,2018-12-01,20798.0,21816.435119016554,4,ensemble_change,cv,5
2019-02-01,2019-01-01,20715.0,21072.713811917176,4,ensemble_change,cv,5
2019-03-01,2019-02-01,22905.0,21041.520478670478,4,ensemble_change,cv,5
2019-04-01,2019-03-01,24151.0,23078.125016157377,4,ensemble_change,cv,5
2019-05-01,2019-04-01,25317.0,23895.06788423614,4,ensemble_change,cv,5
2019-06-01,2019-05-01,21857.0,25033.09254596183,4,ensemble_change,cv,5
2019-07-01,2019-06-01,20832.0,21498.80364459019,4,ensemble_change,cv,6
2019-08-01,2019-07-01,20542.0,20801.38959625802,4,ensemble_change,cv,6
2019-09-01,2019-08-01,20850.0,20634.626663582894,4,ensemble_change,cv,6
2019-10-01,2019-09-01,23255.0,20957.671855628538,4,ensemble_change,cv,6
2019-11-01,2019-10-01,24381.0,23153.46982878703,4,ensemble_change,cv,6
2019-12-01,2019-11-01,23890.0,24216.537151727134,4,ensemble_change,cv,6
2020-01-01,2019-12-01,22824.0,23802.619356366184,4,ensemble_change,cv,6
2020-02-01,2020-01-01,21253.0,22855.465367161672,4,ensemble_change,cv,6
2020-03-01,2020-02-01,23655.0,21398.445647150053,4,ensemble_change,cv,6
2020-04-01,2020-03-01,25662.0,23809.11787834533,4,ensemble_change,cv,6
2020-05-01,2020-04-01,24897.0,25386.27733734044,4,ensemble_change,cv,6
2020-06-01,2020-05-01,26525.0,24479.53609820406,4,ensemble_change,cv,6
2020-07-01,2020-06-01,25529.0,26180.333382001212,4,ensemble_change,cv,7
2020-08-01,2020-07-01,24575.0,25399.507959274175,4,ensemble_change,cv,7
2020-09-01,2020-08-01,23509.0,24522.192930413992,4,ensemble_change,cv,7
2020-10-01,2020-09-01,24222.0,23676.556845310766,4,ensemble_change,cv,7
2020-11-01,2020-10-01,24528.0,24437.810655649784,4,ensemble_change,cv,7
2020-12-01,2020-11-01,24398.0,24678.10140963788,4,ensemble_change,cv,7
2021-01-01,2020-12-01,24949.0,24489.78361379422,4,ensemble_change,cv,7
2021-02-01,2021-01-01,22852.0,25112.442354457453,4,ensemble_change,cv,7
2021-03-01,2021-02-01,23617.0,23189.17403943822,4,ensemble_change,cv,7
2021-04-01,2021-03-01,25326.0,23906.959956562707,4,ensemble_change,cv,7
2021-05-01,2021-04-01,25379.0,25202.42925343423,4,ensemble_change,cv,7
2021-06-01,2021-05-01,24512.0,25218.73867129637,4,ensemble_change,cv,7
2021-07-01,2021-06-01,24171.0,24282.987626581857,4,ensemble_change,cv,8
2021-08-01,2021-07-01,23904.0,24085.862298809632,4,ensemble_change,cv,8
2021-09-01,2021-08-01,23216.0,23836.361224836608,4,ensemble_change,cv,8
2021-10-01,2021-09-01,23663.0,23423.176710622432,4,ensemble_change,cv,8
2021-11-01,2021-10-01,24529.0,23978.71032123296,4,ensemble_change,cv,8
2021-12-01,2021-11-01,24328.0,24540.042439491688,4,ensemble_change,cv,8
2022-01-01,2021-12-01,23746.0,24308.95653949714,4,ensemble_change,cv,8
2022-02-01,2022-01-01,24060.0,23836.910917625068,4,ensemble_change,cv,8
2022-03-01,2022-02-01,25698.0,24306.628912256903,4,ensemble_change,cv,8
2022-04-01,2022-03-01,23192.0,25739.060147614662,4,ensemble_change,cv,8
2022-05-01,2022-04-01,25732.0,23241.198438627787,4,ensemble_change,cv,8
2022-06-01,2022-05-01,24100.0,25606.996778257,4,ensemble_change,cv,8
2022-07-01,2022-06-01,23644.0,23828.30793869261,4,ensemble_change,cv,9
2022-08-01,2022-07-01,22754.0,23600.538703921746,4,ensemble_change,cv,9
2022-09-01,2022-08-01,23471.0,22728.96033921024,4,ensemble_change,cv,9
2022-10-01,2022-09-01,23509.0,23803.804001526158,4,ensemble_change,cv,9
2022-11-01,2022-10-01,24902.0,23573.89670302925,4,ensemble_change,cv,9
2022-12-01,2022-11-01,24421.0,24804.035686149815,4,ensemble_change,cv,9
2023-01-01,2022-12-01,23934.0,24149.13987128818,4,ensemble_change,cv,9
2023-02-01,2023-01-01,24737.0,23720.917930444513,4,ensemble_change,cv,9
2023-03-01,2023-02-01,25756.0,24505.460901230865,4,ensemble_change,cv,9
2023-04-01,2023-03-01,25956.0,25666.286188324568,4,ensemble_change,cv,9
2023-05-01,2023-04-01,26155.0,25750.707268788923,4,ensemble_change,cv,9
2023-06-01,2023-05-01,24830.0,25828.54807245235,4,ensemble_change,cv,9
2023-07-01,2023-06-01,24055.0,24493.927406152296,4,ensemble_change,cv,10
2023-08-01,2023-07-01,23585.0,23951.019232776052,4,ensemble_change,cv,10
2023-09-01,2023-08-01,24045.0,23642.534669332636,4,ensemble_change,cv,10
2023-10-01,2023-09-01,23932.0,23936.561769169693,4,ensemble_change,cv,10
2023-11-01,2023-10-01,24684.0,23817.913821334147,4,ensemble_change,cv,10
2023-12-01,2023-11-01,25827.0,24463.595754733145,4,ensemble_change,cv,10
2024-01-01,2023-12-01,24185.0,25445.57634363678,4,ensemble_change,cv,10
2024-02-01,2024-01-01,25631.0,24170.759348557196,4,ensemble_change,cv,10
2024-03-01,2024-02-01,26186.0,25717.871647537697,4,ensemble_change,cv,10
2024-04-01,2024-03-01,24951.0,26146.618903828203,4,ensemble_change,cv,10
2024-05-01,2024-04-01,24254.0,24692.17764918594,4,ensemble_change,cv,10
2024-06-01,2024-05-01,22935.0,23983.760051066434,4,ensemble_change,cv,10
2024-07-01,2024-06-01,22660.0,22935.0,4,persistence,holdout,0
2024-08-01,2024-07-01,22246.0,22660.0,4,persistence,holdout,0
2024-09-01,2024-08-01,22265.0,22246.0,4,persistence,holdout,0
2024-10-01,2024-09-01,22786.0,22265.0,4,persistence,holdout,0
2024-11-01,2024-10-01,23917.0,22786.0,4,persistence,holdout,0
2024-12-01,2024-11-01,24434.0,23917.0,4,persistence,holdout,0
2025-01-01,2024-12-01,24174.0,24434.0,4,persistence,holdout,0
2025-02-01,2025-01-01,24889.0,24174.0,4,persistence,holdout,0
2025-03-01,2025-02-01,24271.0,24889.0,4,persistence,holdout,0
2025-04-01,2025-03-01,24801.0,24271.0,4,persistence,holdout,0
2025-05-01,2025-04-01,24905.0,24801.0,4,persistence,holdout,0
2025-06-01,2025-05-01,23999.0,24905.0,4,persistence,holdout,0
2025-07-01,2025-06-01,22926.0,23999.0,4,persistence,holdout,0
2025-08-01,2025-07-01,22414.0,22926.0,4,persistence,holdout,0
2025-09-01,2025-08-01,22582.0,22414.0,4,persistence,holdout,0
2025-10-01,2025-09-01,23643.0,22582.0,4,persistence,holdout,0
2025-11-01,2025-10-01,24528.0,23643.0,4,persistence,holdout,0
2025-12-01,2025-11-01,24594.0,24528.0,4,persistence,holdout,0
2026-01-01,2025-12-01,23734.0,24594.0,4,persistence,holdout,0
2026-02-01,2026-01-01,24618.0,23734.0,4,persistence,holdout,0
2026-03-01,2026-02-01,25225.0,24618.0,4,persistence,holdout,0
2026-04-01,2026-03-01,25900.0,25225.0,4,persistence,holdout,0
2026-05-01,2026-04-01,24106.0,25900.0,4,persistence,holdout,0
2026-06-01,2026-05-01,22336.0,24106.0,4,persistence,holdout,0
2024-07-01,2024-06-01,22660.0,24055.0,4,seasonal_naive,holdout,0
2024-08-01,2024-07-01,22246.0,23585.0,4,seasonal_naive,holdout,0
2024-09-01,2024-08-01,22265.0,24045.0,4,seasonal_naive,holdout,0
2024-10-01,2024-09-01,22786.0,23932.0,4,seasonal_naive,holdout,0
2024-11-01,2024-10-01,23917.0,24684.0,4,seasonal_naive,holdout,0
2024-12-01,2024-11-01,24434.0,25827.0,4,seasonal_naive,holdout,0
2025-01-01,2024-12-01,24174.0,24185.0,4,seasonal_naive,holdout,0
2025-02-01,2025-01-01,24889.0,25631.0,4,seasonal_naive,holdout,0
2025-03-01,2025-02-01,24271.0,26186.0,4,seasonal_naive,holdout,0
2025-04-01,2025-03-01,24801.0,24951.0,4,seasonal_naive,holdout,0
2025-05-01,2025-04-01,24905.0,24254.0,4,seasonal_naive,holdout,0
2025-06-01,2025-05-01,23999.0,22935.0,4,seasonal_naive,holdout,0
2025-07-01,2025-06-01,22926.0,22660.0,4,seasonal_naive,holdout,0
2025-08-01,2025-07-01,22414.0,22246.0,4,seasonal_naive,holdout,0
2025-09-01,2025-08-01,22582.0,22265.0,4,seasonal_naive,holdout,0
2025-10-01,2025-09-01,23643.0,22786.0,4,seasonal_naive,holdout,0
2025-11-01,2025-10-01,24528.0,23917.0,4,seasonal_naive,holdout,0
2025-12-01,2025-11-01,24594.0,24434.0,4,seasonal_naive,holdout,0
2026-01-01,2025-12-01,23734.0,24174.0,4,seasonal_naive,holdout,0
2026-02-01,2026-01-01,24618.0,24889.0,4,seasonal_naive,holdout,0
2026-03-01,2026-02-01,25225.0,24271.0,4,seasonal_naive,holdout,0
2026-04-01,2026-03-01,25900.0,24801.0,4,seasonal_naive,holdout,0
2026-05-01,2026-04-01,24106.0,24905.0,4,seasonal_naive,holdout,0
2026-06-01,2026-05-01,22336.0,23999.0,4,seasonal_naive,holdout,0
2024-07-01,2024-06-01,22660.0,22216.4,4,seasonal_change,holdout,0
2024-08-01,2024-07-01,22246.0,22085.8,4,seasonal_change,holdout,0
2024-09-01,2024-08-01,22265.0,22192.2,4,seasonal_change,holdout,0
2024-10-01,2024-09-01,22786.0,22963.0,4,seasonal_change,holdout,0
2024-11-01,2024-10-01,23917.0,23674.6,4,seasonal_change,holdout,0
2024-12-01,2024-11-01,24434.0,23885.0,4,seasonal_change,holdout,0
2025-01-01,2024-12-01,24174.0,23788.8,4,seasonal_change,holdout,0
2025-02-01,2025-01-01,24889.0,23953.0,4,seasonal_change,holdout,0
2025-03-01,2025-02-01,24271.0,26164.8,4,seasonal_change,holdout,0
2025-04-01,2025-03-01,24801.0,24306.0,4,seasonal_change,holdout,0
2025-05-01,2025-04-01,24905.0,25067.0,4,seasonal_change,holdout,0
2025-06-01,2025-05-01,23999.0,24202.0,4,seasonal_change,holdout,0
2025-07-01,2025-06-01,22926.0,23430.4,4,seasonal_change,holdout,0
2025-08-01,2025-07-01,22414.0,22327.0,4,seasonal_change,holdout,0
2025-09-01,2025-08-01,22582.0,22302.4,4,seasonal_change,holdout,0
2025-10-01,2025-09-01,23643.0,22903.2,4,seasonal_change,holdout,0
2025-11-01,2025-10-01,24528.0,24532.6,4,seasonal_change,holdout,0
2025-12-01,2025-11-01,24594.0,24697.6,4,seasonal_change,holdout,0
2026-01-01,2025-12-01,23734.0,24110.0,4,seasonal_change,holdout,0
2026-02-01,2026-01-01,24618.0,23970.2,4,seasonal_change,holdout,0
2026-03-01,2026-02-01,25225.0,25289.8,4,seasonal_change,holdout,0
2026-04-01,2026-03-01,25900.0,24964.6,4,seasonal_change,holdout,0
2026-05-01,2026-04-01,24106.0,26339.8,4,seasonal_change,holdout,0
2026-06-01,2026-05-01,22336.0,22896.2,4,seasonal_change,holdout,0
2024-07-01,2024-06-01,22660.0,21954.08265599343,4,forecast_flow_identity,holdout,0
2024-08-01,2024-07-01,22246.0,21822.70765599343,4,forecast_flow_identity,holdout,0
2024-09-01,2024-08-01,22265.0,21965.955796122675,4,forecast_flow_identity,holdout,0
2024-10-01,2024-09-01,22786.0,22760.782655993433,4,forecast_flow_identity,holdout,0
2024-11-01,2024-10-01,23917.0,23593.836441283955,4,forecast_flow_identity,holdout,0
2024-12-01,2024-11-01,24434.0,23833.654322660088,4,forecast_flow_identity,holdout,0
2025-01-01,2024-12-01,24174.0,23729.65432266011,4,forecast_flow_identity,holdout,0
2025-02-01,2025-01-01,24889.0,23900.12236929922,4,forecast_flow_identity,holdout,0
2025-03-01,2025-02-01,24271.0,26048.96322044336,4,forecast_flow_identity,holdout,0
2025-04-01,2025-03-01,24801.0,24184.204729461304,4,forecast_flow_identity,holdout,0
2025-05-01,2025-04-01,24905.0,25119.517387110005,4,forecast_flow_identity,holdout,0
2025-06-01,2025-05-01,23999.0,24169.93618107422,4,forecast_flow_identity,holdout,0
2025-07-01,2025-06-01,22926.0,23567.83155377669,4,forecast_flow_identity,holdout,0
2025-08-01,2025-07-01,22414.0,22406.906553776687,4,forecast_flow_identity,holdout,0
2025-09-01,2025-08-01,22582.0,22358.1547294613,4,forecast_flow_identity,holdout,0
2025-10-01,2025-09-01,23643.0,22901.060720443347,4,forecast_flow_identity,holdout,0
2025-11-01,2025-10-01,24528.0,24594.51521333227,4,forecast_flow_identity,holdout,0
2025-12-01,2025-11-01,24594.0,24716.59655377668,4,forecast_flow_identity,holdout,0
2026-01-01,2025-12-01,23734.0,24100.971553776682,4,forecast_flow_identity,holdout,0
2026-02-01,2026-01-01,24618.0,24005.730480163133,4,forecast_flow_identity,holdout,0
2026-03-01,2026-02-01,25225.0,25183.079404761906,4,forecast_flow_identity,holdout,0
2026-04-01,2026-03-01,25900.0,24865.102649769597,4,forecast_flow_identity,holdout,0
2026-05-01,2026-04-01,24106.0,26437.91107142857,4,forecast_flow_identity,holdout,0
2026-06-01,2026-05-01,22336.0,22854.767165898622,4,forecast_flow_identity,holdout,0
2024-07-01,2024-06-01,22660.0,23053.121839751537,4,legacy_constrained_level,holdout,0
2024-08-01,2024-07-01,22246.0,22861.58095557351,4,legacy_constrained_level,holdout,0
2024-09-01,2024-08-01,22265.0,22434.47489686078,4,legacy_constrained_level,holdout,0
2024-10-01,2024-09-01,22786.0,22594.001248742523,4,legacy_constrained_level,holdout,0
2024-11-01,2024-10-01,23917.0,23129.703178592856,4,legacy_constrained_level,holdout,0
2024-12-01,2024-11-01,24434.0,24184.004231678507,4,legacy_constrained_level,holdout,0
2025-01-01,2024-12-01,24174.0,24726.66715771005,4,legacy_constrained_level,holdout,0
2025-02-01,2025-01-01,24889.0,24401.790801965373,4,legacy_constrained_level,holdout,0
2025-03-01,2025-02-01,24271.0,25032.830612567464,4,legacy_constrained_level,holdout,0
2025-04-01,2025-03-01,24801.0,24501.60411825389,4,legacy_constrained_level,holdout,0
2025-05-01,2025-04-01,24905.0,24959.616128417947,4,legacy_constrained_level,holdout,0
2025-06-01,2025-05-01,23999.0,25048.79431824707,4,legacy_constrained_level,holdout,0
2025-07-01,2025-06-01,22926.0,24132.70516082071,4,legacy_constrained_level,holdout,0
2025-08-01,2025-07-01,22414.0,23147.463716120248,4,legacy_constrained_level,holdout,0
2025-09-01,2025-08-01,22582.0,22679.650574104908,4,legacy_constrained_level,holdout,0
2025-10-01,2025-09-01,23643.0,22800.01030241162,4,legacy_constrained_level,holdout,0
2025-11-01,2025-10-01,24528.0,23821.738600605546,4,legacy_constrained_level,holdout,0
2025-12-01,2025-11-01,24594.0,24556.40081919551,4,legacy_constrained_level,holdout,0
2026-01-01,2025-12-01,23734.0,24659.270929971342,4,legacy_constrained_level,holdout,0
2026-02-01,2026-01-01,24618.0,23825.69128808065,4,legacy_constrained_level,holdout,0
2026-03-01,2026-02-01,25225.0,24611.608551928693,4,legacy_constrained_level,holdout,0
2026-04-01,2026-03-01,25900.0,25303.094816800436,4,legacy_constrained_level,holdout,0
2026-05-01,2026-04-01,24106.0,26183.90222632011,4,legacy_constrained_level,holdout,0
2026-06-01,2026-05-01,22336.0,24327.90293016562,4,legacy_constrained_level,holdout,0
2024-07-01,2024-06-01,22660.0,23061.80089509151,4,constrained_level,holdout,0
2024-08-01,2024-07-01,22246.0,22915.86165306443,4,constrained_level,holdout,0
2024-09-01,2024-08-01,22265.0,22508.10116771255,4,constrained_level,holdout,0
2024-10-01,2024-09-01,22786.0,22623.882528620587,4,constrained_level,holdout,0
2024-11-01,2024-10-01,23917.0,23207.761373806807,4,constrained_level,holdout,0
2024-12-01,2024-11-01,24434.0,24181.15978476481,4,constrained_level,holdout,0
2025-01-01,2024-12-01,24174.0,24760.121052082388,4,constrained_level,holdout,0
2025-02-01,2025-01-01,24889.0,24466.544240203464,4,constrained_level,holdout,0
2025-03-01,2025-02-01,24271.0,25028.2325314035,4,constrained_level,holdout,0
2025-04-01,2025-03-01,24801.0,24606.16571021263,4,constrained_level,holdout,0
2025-05-01,2025-04-01,24905.0,24942.09130858164,4,constrained_level,holdout,0
2025-06-01,2025-05-01,23999.0,25050.42927175881,4,constrained_level,holdout,0
2025-07-01,2025-06-01,22926.0,24131.579333236667,4,constrained_level,holdout,0
2025-08-01,2025-07-01,22414.0,23210.150926767143,4,constrained_level,holdout,0
2025-09-01,2025-08-01,22582.0,22749.596138739762,4,constrained_level,holdout,0
2025-10-01,2025-09-01,23643.0,22840.846268504723,4,constrained_level,holdout,0
2025-11-01,2025-10-01,24528.0,23781.310973361342,4,constrained_level,holdout,0
2025-12-01,2025-11-01,24594.0,24571.278469327248,4,constrained_level,holdout,0
2026-01-01,2025-12-01,23734.0,24681.190698368206,4,constrained_level,holdout,0
2026-02-01,2026-01-01,24618.0,23922.301746040303,4,constrained_level,holdout,0
2026-03-01,2026-02-01,25225.0,24686.413268279517,4,constrained_level,holdout,0
2026-04-01,2026-03-01,25900.0,25309.964352248317,4,constrained_level,holdout,0
2026-05-01,2026-04-01,24106.0,26179.55967348579,4,constrained_level,holdout,0
2026-06-01,2026-05-01,22336.0,24396.86202212464,4,constrained_level,holdout,0
2024-07-01,2024-06-01,22660.0,22961.024107255584,4,ridge_change,holdout,0
2024-08-01,2024-07-01,22246.0,22633.480157315706,4,ridge_change,holdout,0
2024-09-01,2024-08-01,22265.0,22219.449928439433,4,ridge_change,holdout,0
2024-10-01,2024-09-01,22786.0,22316.966658989633,4,ridge_change,holdout,0
2024-11-01,2024-10-01,23917.0,22811.57193971027,4,ridge_change,holdout,0
2024-12-01,2024-11-01,24434.0,23994.425943121383,4,ridge_change,holdout,0
2025-01-01,2024-12-01,24174.0,24442.251160440595,4,ridge_change,holdout,0
2025-02-01,2025-01-01,24889.0,24200.24111561133,4,ridge_change,holdout,0
2025-03-01,2025-02-01,24271.0,24999.903361089346,4,ridge_change,holdout,0
2025-04-01,2025-03-01,24801.0,24290.39536402516,4,ridge_change,holdout,0
2025-05-01,2025-04-01,24905.0,24836.9265466632,4,ridge_change,holdout,0
2025-06-01,2025-05-01,23999.0,24855.31851687786,4,ridge_change,holdout,0
2025-07-01,2025-06-01,22926.0,23985.329585711548,4,ridge_change,holdout,0
2025-08-01,2025-07-01,22414.0,22865.619057275537,4,ridge_change,holdout,0
2025-09-01,2025-08-01,22582.0,22365.694032700787,4,ridge_change,holdout,0
2025-10-01,2025-09-01,23643.0,22534.197112751015,4,ridge_change,holdout,0
2025-11-01,2025-10-01,24528.0,23655.356686579693,4,ridge_change,holdout,0
2025-12-01,2025-11-01,24594.0,24519.636280207844,4,ridge_change,holdout,0
2026-01-01,2025-12-01,23734.0,24529.068902021907,4,ridge_change,holdout,0
2026-02-01,2026-01-01,24618.0,23698.071095101823,4,ridge_change,holdout,0
2026-03-01,2026-02-01,25225.0,24531.831266928824,4,ridge_change,holdout,0
2026-04-01,2026-03-01,25900.0,25189.871874837394,4,ridge_change,holdout,0
2026-05-01,2026-04-01,24106.0,26001.34295794575,4,ridge_change,holdout,0
2026-06-01,2026-05-01,22336.0,24107.011323567895,4,ridge_change,holdout,0
2024-07-01,2024-06-01,22660.0,22791.77773753008,4,seasonal_ridge_change,holdout,0
2024-08-01,2024-07-01,22246.0,22493.05301942971,4,seasonal_ridge_change,holdout,0
2024-09-01,2024-08-01,22265.0,22184.982967192595,4,seasonal_ridge_change,holdout,0
2024-10-01,2024-09-01,22786.0,22329.53228130224,4,seasonal_ridge_change,holdout,0
2024-11-01,2024-10-01,23917.0,22953.557762470977,4,seasonal_ridge_change,holdout,0
2024-12-01,2024-11-01,24434.0,24162.584876976787,4,seasonal_ridge_change,holdout,0
2025-01-01,2024-12-01,24174.0,24634.745963130263,4,seasonal_ridge_change,holdout,0
2025-02-01,2025-01-01,24889.0,24380.36534008014,4,seasonal_ridge_change,holdout,0
2025-03-01,2025-02-01,24271.0,25061.722157743126,4,seasonal_ridge_change,holdout,0
2025-04-01,2025-03-01,24801.0,24349.978412556993,4,seasonal_ridge_change,holdout,0
2025-05-01,2025-04-01,24905.0,24703.746777133132,4,seasonal_ridge_change,holdout,0
2025-06-01,2025-05-01,23999.0,24674.222424789434,4,seasonal_ridge_change,holdout,0
2025-07-01,2025-06-01,22926.0,23810.367872550807,4,seasonal_ridge_change,holdout,0
2025-08-01,2025-07-01,22414.0,22749.684628372455,4,seasonal_ridge_change,holdout,0
2025-09-01,2025-08-01,22582.0,22327.395487050253,4,seasonal_ridge_change,holdout,0
2025-10-01,2025-09-01,23643.0,22547.119736814104,4,seasonal_ridge_change,holdout,0
2025-11-01,2025-10-01,24528.0,23726.52492837495,4,seasonal_ridge_change,holdout,0
2025-12-01,2025-11-01,24594.0,24708.5852999074,4,seasonal_ridge_change,holdout,0
2026-01-01,2025-12-01,23734.0,24708.977442833584,4,seasonal_ridge_change,holdout,0
2026-02-01,2026-01-01,24618.0,23912.66947315444,4,seasonal_ridge_change,holdout,0
2026-03-01,2026-02-01,25225.0,24602.5229009839,4,seasonal_ridge_change,holdout,0
2026-04-01,2026-03-01,25900.0,25152.02393181752,4,seasonal_ridge_change,holdout,0
2026-05-01,2026-04-01,24106.0,25859.246728122813,4,seasonal_ridge_change,holdout,0
2026-06-01,2026-05-01,22336.0,23975.3676175862,4,seasonal_ridge_change,holdout,0
2024-07-01,2024-06-01,22660.0,22772.76639895138,4,polynomial_ridge_change,holdout,0
2024-08-01,2024-07-01,22246.0,22537.45269782782,4,polynomial_ridge_change,holdout,0
2024-09-01,2024-08-01,22265.0,22310.36627817532,4,polynomial_ridge_change,holdout,0
2024-10-01,2024-09-01,22786.0,22422.990939289335,4,polynomial_ridge_change,holdout,0
2024-11-01,2024-10-01,23917.0,22876.99754225818,4,polynomial_ridge_change,holdout,0
2024-12-01,2024-11-01,24434.0,23984.73341895182,4,polynomial_ridge_change,holdout,0
2025-01-01,2024-12-01,24174.0,24467.17329829185,4,polynomial_ridge_change,holdout,0
2025-02-01,2025-01-01,24889.0,24218.399781810163,4,polynomial_ridge_change,holdout,0
2025-03-01,2025-02-01,24271.0,25189.69647937986,4,polynomial_ridge_change,holdout,0
2025-04-01,2025-03-01,24801.0,24010.95516506236,4,polynomial_ridge_change,holdout,0
2025-05-01,2025-04-01,24905.0,24655.22681036565,4,polynomial_ridge_change,holdout,0
2025-06-01,2025-05-01,23999.0,24492.821485088258,4,polynomial_ridge_change,holdout,0
2025-07-01,2025-06-01,22926.0,23773.58458857502,4,polynomial_ridge_change,holdout,0
2025-08-01,2025-07-01,22414.0,22745.748976142455,4,polynomial_ridge_change,holdout,0
2025-09-01,2025-08-01,22582.0,22471.26379796463,4,polynomial_ridge_change,holdout,0
2025-10-01,2025-09-01,23643.0,22684.710255132744,4,polynomial_ridge_change,holdout,0
2025-11-01,2025-10-01,24528.0,23592.602622439266,4,polynomial_ridge_change,holdout,0
2025-12-01,2025-11-01,24594.0,24585.55160320708,4,polynomial_ridge_change,holdout,0
2026-01-01,2025-12-01,23734.0,24435.58151154295,4,polynomial_ridge_change,holdout,0
2026-02-01,2026-01-01,24618.0,23678.298070575256,4,polynomial_ridge_change,holdout,0
2026-03-01,2026-02-01,25225.0,24477.8884472673,4,polynomial_ridge_change,holdout,0
2026-04-01,2026-03-01,25900.0,24997.765741887506,4,polynomial_ridge_change,holdout,0
2026-05-01,2026-04-01,24106.0,25904.57432603555,4,polynomial_ridge_change,holdout,0
2026-06-01,2026-05-01,22336.0,23795.74235847022,4,polynomial_ridge_change,holdout,0
2024-07-01,2024-06-01,22660.0,22872.589435783142,4,spline_ridge_change,holdout,0
2024-08-01,2024-07-01,22246.0,22829.022804259817,4,spline_ridge_change,holdout,0
2024-09-01,2024-08-01,22265.0,22749.151453013084,4,spline_ridge_change,holdout,0
2024-10-01,2024-09-01,22786.0,22863.41187280646,4,spline_ridge_change,holdout,0
2024-11-01,2024-10-01,23917.0,23269.649983906944,4,spline_ridge_change,holdout,0
2024-12-01,2024-11-01,24434.0,24014.940471275033,4,spline_ridge_change,holdout,0
2025-01-01,2024-12-01,24174.0,25325.712270903536,4,spline_ridge_change,holdout,0
2025-02-01,2025-01-01,24889.0,24782.81538409267,4,spline_ridge_change,holdout,0
2025-03-01,2025-02-01,24271.0,25748.645342140775,4,spline_ridge_change,holdout,0
2025-04-01,2025-03-01,24801.0,24103.04569675697,4,spline_ridge_change,holdout,0
2025-05-01,2025-04-01,24905.0,25089.643340392573,4,spline_ridge_change,holdout,0
2025-06-01,2025-05-01,23999.0,23891.85841414289,4,spline_ridge_change,holdout,0
2025-07-01,2025-06-01,22926.0,23816.275980943974,4,spline_ridge_change,holdout,0
2025-08-01,2025-07-01,22414.0,22813.465226766497,4,spline_ridge_change,holdout,0
2025-09-01,2025-08-01,22582.0,22642.951268129127,4,spline_ridge_change,holdout,0
2025-10-01,2025-09-01,23643.0,22677.32393581275,4,spline_ridge_change,holdout,0
2025-11-01,2025-10-01,24528.0,23848.510295566062,4,spline_ridge_change,holdout,0
2025-12-01,2025-11-01,24594.0,24420.901116844892,4,spline_ridge_change,holdout,0
2026-01-01,2025-12-01,23734.0,23923.679270356548,4,spline_ridge_change,holdout,0
2026-02-01,2026-01-01,24618.0,24181.910902508407,4,spline_ridge_change,holdout,0
2026-03-01,2026-02-01,25225.0,24486.72366050451,4,spline_ridge_change,holdout,0
2026-04-01,2026-03-01,25900.0,26220.944735821697,4,spline_ridge_change,holdout,0
2026-05-01,2026-04-01,24106.0,26132.83559008683,4,spline_ridge_change,holdout,0
2026-06-01,2026-05-01,22336.0,23526.9635424465,4,spline_ridge_change,holdout,0
2024-07-01,2024-06-01,22660.0,22925.085651021716,4,random_forest_change,holdout,0
2024-08-01,2024-07-01,22246.0,22948.38212505669,4,random_forest_change,holdout,0
2024-09-01,2024-08-01,22265.0,22605.598175901418,4,random_forest_change,holdout,0
2024-10-01,2024-09-01,22786.0,22858.65932930873,4,random_forest_change,holdout,0
2024-11-01,2024-10-01,23917.0,23384.00173815117,4,random_forest_change,holdout,0
2024-12-01,2024-11-01,24434.0,24115.930829351433,4,random_forest_change,holdout,0
2025-01-01,2024-12-01,24174.0,24515.144288543343,4,random_forest_change,holdout,0
2025-02-01,2025-01-01,24889.0,24514.637837164104,4,random_forest_change,holdout,0
2025-03-01,2025-02-01,24271.0,25055.947703801758,4,random_forest_change,holdout,0
2025-04-01,2025-03-01,24801.0,24429.053310203144,4,random_forest_change,holdout,0
2025-05-01,2025-04-01,24905.0,24412.946395962044,4,random_forest_change,holdout,0
2025-06-01,2025-05-01,23999.0,24151.81731915094,4,random_forest_change,holdout,0
2025-07-01,2025-06-01,22926.0,23614.065330748133,4,random_forest_change,holdout,0
2025-08-01,2025-07-01,22414.0,23106.528950848347,4,random_forest_change,holdout,0
2025-09-01,2025-08-01,22582.0,22649.44882572099,4,random_forest_change,holdout,0
2025-10-01,2025-09-01,23643.0,22960.97648590238,4,random_forest_change,holdout,0
2025-11-01,2025-10-01,24528.0,23984.111861006284,4,random_forest_change,holdout,0
2025-12-01,2025-11-01,24594.0,24575.374186688972,4,random_forest_change,holdout,0
2026-01-01,2025-12-01,23734.0,24559.339052779997,4,random_forest_change,holdout,0
2026-02-01,2026-01-01,24618.0,24126.940537625705,4,random_forest_change,holdout,0
2026-03-01,2026-02-01,25225.0,24920.515028466194,4,random_forest_change,holdout,0
2026-04-01,2026-03-01,25900.0,24607.200614875554,4,random_forest_change,holdout,0
2026-05-01,2026-04-01,24106.0,25207.3871288169,4,random_forest_change,holdout,0
2026-06-01,2026-05-01,22336.0,23753.460814193644,4,random_forest_change,holdout,0
2024-07-01,2024-06-01,22660.0,23034.04296875,4,xgboost_change,holdout,0
2024-08-01,2024-07-01,22246.0,23005.3984375,4,xgboost_change,holdout,0
2024-09-01,2024-08-01,22265.0,22581.189453125,4,xgboost_change,holdout,0
2024-10-01,2024-09-01,22786.0,22784.40625,4,xgboost_change,holdout,0
2024-11-01,2024-10-01,23917.0,23277.3203125,4,xgboost_change,holdout,0
2024-12-01,2024-11-01,24434.0,23955.951171875,4,xgboost_change,holdout,0
2025-01-01,2024-12-01,24174.0,24454.322265625,4,xgboost_change,holdout,0
2025-02-01,2025-01-01,24889.0,24367.9140625,4,xgboost_change,holdout,0
2025-03-01,2025-02-01,24271.0,25336.765625,4,xgboost_change,holdout,0
2025-04-01,2025-03-01,24801.0,24274.087890625,4,xgboost_change,holdout,0
2025-05-01,2025-04-01,24905.0,24572.2734375,4,xgboost_change,holdout,0
2025-06-01,2025-05-01,23999.0,24253.875,4,xgboost_change,holdout,0
2025-07-01,2025-06-01,22926.0,23628.251953125,4,xgboost_change,holdout,0
2025-08-01,2025-07-01,22414.0,23141.9375,4,xgboost_change,holdout,0
2025-09-01,2025-08-01,22582.0,22638.53515625,4,xgboost_change,holdout,0
2025-10-01,2025-09-01,23643.0,22932.357421875,4,xgboost_change,holdout,0
2025-11-01,2025-10-01,24528.0,24043.966796875,4,xgboost_change,holdout,0
2025-12-01,2025-11-01,24594.0,24484.142578125,4,xgboost_change,holdout,0
2026-01-01,2025-12-01,23734.0,24540.03125,4,xgboost_change,holdout,0
2026-02-01,2026-01-01,24618.0,23968.421875,4,xgboost_change,holdout,0
2026-03-01,2026-02-01,25225.0,24771.591796875,4,xgboost_change,holdout,0
2026-04-01,2026-03-01,25900.0,24712.853515625,4,xgboost_change,holdout,0
2026-05-01,2026-04-01,24106.0,25577.59375,4,xgboost_change,holdout,0
2026-06-01,2026-05-01,22336.0,23787.373046875,4,xgboost_change,holdout,0
2024-07-01,2024-06-01,22660.0,22557.212576222253,4,neural_network_change,holdout,0
2024-08-01,2024-07-01,22246.0,22404.33429251368,4,neural_network_change,holdout,0
2024-09-01,2024-08-01,22265.0,22331.064669150746,4,neural_network_change,holdout,0
2024-10-01,2024-09-01,22786.0,22865.971799388906,4,neural_network_change,holdout,0
2024-11-01,2024-10-01,23917.0,23174.625615914967,4,neural_network_change,holdout,0
2024-12-01,2024-11-01,24434.0,24669.78929211652,4,neural_network_change,holdout,0
2025-01-01,2024-12-01,24174.0,24912.578546911052,4,neural_network_change,holdout,0
2025-02-01,2025-01-01,24889.0,24392.529911493883,4,neural_network_change,holdout,0
2025-03-01,2025-02-01,24271.0,25901.082213487945,4,neural_network_change,holdout,0
2025-04-01,2025-03-01,24801.0,24095.94417350664,4,neural_network_change,holdout,0
2025-05-01,2025-04-01,24905.0,24447.841009961823,4,neural_network_change,holdout,0
2025-06-01,2025-05-01,23999.0,23969.599545732057,4,neural_network_change,holdout,0
2025-07-01,2025-06-01,22926.0,23364.467327784318,4,neural_network_change,holdout,0
2025-08-01,2025-07-01,22414.0,22457.456004860156,4,neural_network_change,holdout,0
2025-09-01,2025-08-01,22582.0,22393.331882173326,4,neural_network_change,holdout,0
2025-10-01,2025-09-01,23643.0,22922.501971829573,4,neural_network_change,holdout,0
2025-11-01,2025-10-01,24528.0,23777.630499023566,4,neural_network_change,holdout,0
2025-12-01,2025-11-01,24594.0,25071.872867443006,4,neural_network_change,holdout,0
2026-01-01,2025-12-01,23734.0,24538.814309062065,4,neural_network_change,holdout,0
2026-02-01,2026-01-01,24618.0,23839.536146640283,4,neural_network_change,holdout,0
2026-03-01,2026-02-01,25225.0,24509.225374888094,4,neural_network_change,holdout,0
2026-04-01,2026-03-01,25900.0,24670.75519663687,4,neural_network_change,holdout,0
2026-05-01,2026-04-01,24106.0,25803.928764792898,4,neural_network_change,holdout,0
2026-06-01,2026-05-01,22336.0,23419.36881785675,4,neural_network_change,holdout,0
2024-07-01,2024-06-01,22660.0,22950.36264465681,4,rolling_ridge_change,holdout,0
2024-08-01,2024-07-01,22246.0,22556.792581968803,4,rolling_ridge_change,holdout,0
2024-09-01,2024-08-01,22265.0,22242.412294136822,4,rolling_ridge_change,holdout,0
2024-10-01,2024-09-01,22786.0,22450.61926760742,4,rolling_ridge_change,holdout,0
2024-11-01,2024-10-01,23917.0,22863.239953797063,4,rolling_ridge_change,holdout,0
2024-12-01,2024-11-01,24434.0,24131.030717683134,4,rolling_ridge_change,holdout,0
2025-01-01,2024-12-01,24174.0,24378.961469149643,4,rolling_ridge_change,holdout,0
2025-02-01,2025-01-01,24889.0,24118.023769855827,4,rolling_ridge_change,holdout,0
2025-03-01,2025-02-01,24271.0,25050.59867045297,4,rolling_ridge_change,holdout,0
2025-04-01,2025-03-01,24801.0,24081.294462087026,4,rolling_ridge_change,holdout,0
2025-05-01,2025-04-01,24905.0,24703.289354807286,4,rolling_ridge_change,holdout,0
2025-06-01,2025-05-01,23999.0,24481.36376568971,4,rolling_ridge_change,holdout,0
2025-07-01,2025-06-01,22926.0,23743.58103034013,4,rolling_ridge_change,holdout,0
2025-08-01,2025-07-01,22414.0,22653.972490368225,4,rolling_ridge_change,holdout,0
2025-09-01,2025-08-01,22582.0,22293.525420906884,4,rolling_ridge_change,holdout,0
2025-10-01,2025-09-01,23643.0,22551.228385933282,4,rolling_ridge_change,holdout,0
2025-11-01,2025-10-01,24528.0,23760.086363734652,4,rolling_ridge_change,holdout,0
2025-12-01,2025-11-01,24594.0,24577.10071150649,4,rolling_ridge_change,holdout,0
2026-01-01,2025-12-01,23734.0,24392.18882260996,4,rolling_ridge_change,holdout,0
2026-02-01,2026-01-01,24618.0,23675.5138317132,4,rolling_ridge_change,holdout,0
2026-03-01,2026-02-01,25225.0,24347.66277609014,4,rolling_ridge_change,holdout,0
2026-04-01,2026-03-01,25900.0,24930.245342604667,4,rolling_ridge_change,holdout,0
2026-05-01,2026-04-01,24106.0,25779.746681760782,4,rolling_ridge_change,holdout,0
2026-06-01,2026-05-01,22336.0,23818.716174012297,4,rolling_ridge_change,holdout,0
2024-07-01,2024-06-01,22660.0,22863.38886876504,4,damped_ridge_change,holdout,0
2024-08-01,2024-07-01,22246.0,22576.526509714855,4,damped_ridge_change,holdout,0
2024-09-01,2024-08-01,22265.0,22215.491483596295,4,damped_ridge_change,holdout,0
2024-10-01,2024-09-01,22786.0,22297.266140651118,4,damped_ridge_change,holdout,0
2024-11-01,2024-10-01,23917.0,22869.77888123549,4,damped_ridge_change,holdout,0
2024-12-01,2024-11-01,24434.0,24039.79243848839,4,damped_ridge_change,holdout,0
2025-01-01,2024-12-01,24174.0,24534.37298156513,4,damped_ridge_change,holdout,0
2025-02-01,2025-01-01,24889.0,24277.18267004007,4,damped_ridge_change,holdout,0
2025-03-01,2025-02-01,24271.0,24975.361078871563,4,damped_ridge_change,holdout,0
2025-04-01,2025-03-01,24801.0,24310.489206278497,4,damped_ridge_change,holdout,0
2025-05-01,2025-04-01,24905.0,24752.373388566564,4,damped_ridge_change,holdout,0
2025-06-01,2025-05-01,23999.0,24789.611212394717,4,damped_ridge_change,holdout,0
2025-07-01,2025-06-01,22926.0,23904.683936275404,4,damped_ridge_change,holdout,0
2025-08-01,2025-07-01,22414.0,22837.842314186226,4,damped_ridge_change,holdout,0
2025-09-01,2025-08-01,22582.0,22370.69774352513,4,damped_ridge_change,holdout,0
2025-10-01,2025-09-01,23643.0,22564.55986840705,4,damped_ridge_change,holdout,0
2025-11-01,2025-10-01,24528.0,23684.762464187475,4,damped_ridge_change,holdout,0
2025-12-01,2025-11-01,24594.0,24618.2926499537,4,damped_ridge_change,holdout,0
2026-01-01,2025-12-01,23734.0,24651.488721416794,4,damped_ridge_change,holdout,0
2026-02-01,2026-01-01,24618.0,23823.33473657722,4,damped_ridge_change,holdout,0
2026-03-01,2026-02-01,25225.0,24610.26145049195,4,damped_ridge_change,holdout,0
2026-04-01,2026-03-01,25900.0,25188.511965908758,4,damped_ridge_change,holdout,0
2026-05-01,2026-04-01,24106.0,25879.623364061405,4,damped_ridge_change,holdout,0
2026-06-01,2026-05-01,22336.0,24040.6838087931,4,damped_ridge_change,holdout,0
2024-07-01,2024-06-01,22660.0,22916.96853908351,4,ensemble_change,holdout,0
2024-08-01,2024-07-01,22246.0,22815.611438136093,4,ensemble_change,holdout,0
2024-09-01,2024-08-01,22265.0,22457.25658057561,4,ensemble_change,holdout,0
2024-10-01,2024-09-01,22786.0,22657.532315027875,4,ensemble_change,holdout,0
2024-11-01,2024-10-01,23917.0,23204.960212365586,4,ensemble_change,holdout,0
2024-12-01,2024-11-01,24434.0,24078.15534759484,4,ensemble_change,holdout,0
2025-01-01,2024-12-01,24174.0,24534.737673612883,4,ensemble_change,holdout,0
2025-02-01,2025-01-01,24889.0,24420.972652302444,4,ensemble_change,holdout,0
2025-03-01,2025-02-01,24271.0,25151.478515860013,4,ensemble_change,holdout,0
2025-04-01,2025-03-01,24801.0,24351.039862386366,4,ensemble_change,holdout,0
2025-05-01,2025-04-01,24905.0,24562.98864640282,4,ensemble_change,holdout,0
2025-06-01,2025-05-01,23999.0,24359.97168303872,4,ensemble_change,holdout,0
2025-07-01,2025-06-01,22926.0,23684.228151506548,4,ensemble_change,holdout,0
2025-08-01,2025-07-01,22414.0,22999.38352014066,4,ensemble_change,holdout,0
2025-09-01,2025-08-01,22582.0,22538.459538176354,4,ensemble_change,holdout,0
2025-10-01,2025-09-01,23643.0,22813.48459905979,4,ensemble_change,holdout,0
2025-11-01,2025-10-01,24528.0,23918.20135817916,4,ensemble_change,holdout,0
2025-12-01,2025-11-01,24594.0,24589.367070076394,4,ensemble_change,holdout,0
2026-01-01,2025-12-01,23734.0,24602.782276695412,4,ensemble_change,holdout,0
2026-02-01,2026-01-01,24618.0,24002.67703077437,4,ensemble_change,holdout,0
2026-03-01,2026-02-01,25225.0,24764.876728029587,4,ensemble_change,holdout,0
2026-04-01,2026-03-01,25900.0,24824.02581732217,4,ensemble_change,holdout,0
2026-05-01,2026-04-01,24106.0,25548.076184328213,4,ensemble_change,holdout,0
2026-06-01,2026-05-01,22336.0,23838.733866908384,4,ensemble_change,holdout,0
2014-07-01,2014-06-01,53884.0,55874.0,5,persistence,cv,1
2014-08-01,2014-07-01,50091.0,53884.0,5,persistence,cv,1
2014-09-01,2014-08-01,53870.0,50091.0,5,persistence,cv,1
2014-10-01,2014-09-01,54076.0,53870.0,5,persistence,cv,1
2014-11-01,2014-10-01,52061.0,54076.0,5,persistence,cv,1
2014-12-01,2014-11-01,48955.0,52061.0,5,persistence,cv,1
2015-01-01,2014-12-01,50715.0,48955.0,5,persistence,cv,1
2015-02-01,2015-01-01,53664.0,50715.0,5,persistence,cv,1
2015-03-01,2015-02-01,57103.0,53664.0,5,persistence,cv,1
2015-04-01,2015-03-01,56431.0,57103.0,5,persistence,cv,1
2015-05-01,2015-04-01,57363.0,56431.0,5,persistence,cv,1
2015-06-01,2015-05-01,55067.0,57363.0,5,persistence,cv,1
2015-07-01,2015-06-01,51606.0,55067.0,5,persistence,cv,2
2015-08-01,2015-07-01,50265.0,51606.0,5,persistence,cv,2
2015-09-01,2015-08-01,49963.0,50265.0,5,persistence,cv,2
2015-10-01,2015-09-01,54597.0,49963.0,5,persistence,cv,2
2015-11-01,2015-10-01,56100.0,54597.0,5,persistence,cv,2
2015-12-01,2015-11-01,54144.0,56100.0,5,persistence,cv,2
2016-01-01,2015-12-01,56084.0,54144.0,5,persistence,cv,2
2016-02-01,2016-01-01,56398.0,56084.0,5,persistence,cv,2
2016-03-01,2016-02-01,54575.0,56398.0,5,persistence,cv,2
2016-04-01,2016-03-01,51786.0,54575.0,5,persistence,cv,2
2016-05-01,2016-04-01,59504.0,51786.0,5,persistence,cv,2
2016-06-01,2016-05-01,58485.0,59504.0,5,persistence,cv,2
2016-07-01,2016-06-01,54600.0,58485.0,5,persistence,cv,3
2016-08-01,2016-07-01,50172.0,54600.0,5,persistence,cv,3
2016-09-01,2016-08-01,49983.0,50172.0,5,persistence,cv,3
2016-10-01,2016-09-01,50779.0,49983.0,5,persistence,cv,3
2016-11-01,2016-10-01,52121.0,50779.0,5,persistence,cv,3
2016-12-01,2016-11-01,51705.0,52121.0,5,persistence,cv,3
2017-01-01,2016-12-01,49807.0,51705.0,5,persistence,cv,3
2017-02-01,2017-01-01,53997.0,49807.0,5,persistence,cv,3
2017-03-01,2017-02-01,55191.0,53997.0,5,persistence,cv,3
2017-04-01,2017-03-01,52748.0,55191.0,5,persistence,cv,3
2017-05-01,2017-04-01,56513.0,52748.0,5,persistence,cv,3
2017-06-01,2017-05-01,54257.0,56513.0,5,persistence,cv,3
2017-07-01,2017-06-01,50858.0,54257.0,5,persistence,cv,4
2017-08-01,2017-07-01,48478.0,50858.0,5,persistence,cv,4
2017-09-01,2017-08-01,48337.0,48478.0,5,persistence,cv,4
2017-10-01,2017-09-01,52498.0,48337.0,5,persistence,cv,4
2017-11-01,2017-10-01,53896.0,52498.0,5,persistence,cv,4
2017-12-01,2017-11-01,51108.0,53896.0,5,persistence,cv,4
2018-01-01,2017-12-01,49964.0,51108.0,5,persistence,cv,4
2018-02-01,2018-01-01,49005.0,49964.0,5,persistence,cv,4
2018-03-01,2018-02-01,49623.0,49005.0,5,persistence,cv,4
2018-04-01,2018-03-01,51051.0,49623.0,5,persistence,cv,4
2018-05-01,2018-04-01,54765.0,51051.0,5,persistence,cv,4
2018-06-01,2018-05-01,51140.0,54765.0,5,persistence,cv,4
2018-07-01,2018-06-01,49029.0,51140.0,5,persistence,cv,5
2018-08-01,2018-07-01,48728.0,49029.0,5,persistence,cv,5
2018-09-01,2018-08-01,49086.0,48728.0,5,persistence,cv,5
2018-10-01,2018-09-01,49209.0,49086.0,5,persistence,cv,5
2018-11-01,2018-10-01,46399.0,49209.0,5,persistence,cv,5
2018-12-01,2018-11-01,45152.0,46399.0,5,persistence,cv,5
2019-01-01,2018-12-01,49359.0,45152.0,5,persistence,cv,5
2019-02-01,2019-01-01,51643.0,49359.0,5,persistence,cv,5
2019-03-01,2019-02-01,49767.0,51643.0,5,persistence,cv,5
2019-04-01,2019-03-01,53082.0,49767.0,5,persistence,cv,5
2019-05-01,2019-04-01,52006.0,53082.0,5,persistence,cv,5
2019-06-01,2019-05-01,50711.0,52006.0,5,persistence,cv,5
2019-07-01,2019-06-01,49031.0,50711.0,5,persistence,cv,6
2019-08-01,2019-07-01,45344.0,49031.0,5,persistence,cv,6
2019-09-01,2019-08-01,46239.0,45344.0,5,persistence,cv,6
2019-10-01,2019-09-01,51006.0,46239.0,5,persistence,cv,6
2019-11-01,2019-10-01,52413.0,51006.0,5,persistence,cv,6
2019-12-01,2019-11-01,52898.0,52413.0,5,persistence,cv,6
2020-01-01,2019-12-01,52073.0,52898.0,5,persistence,cv,6
2020-02-01,2020-01-01,52311.0,52073.0,5,persistence,cv,6
2020-03-01,2020-02-01,57074.0,52311.0,5,persistence,cv,6
2020-04-01,2020-03-01,56720.0,57074.0,5,persistence,cv,6
2020-05-01,2020-04-01,57391.0,56720.0,5,persistence,cv,6
2020-06-01,2020-05-01,56563.0,57391.0,5,persistence,cv,6
2020-07-01,2020-06-01,54137.0,56563.0,5,persistence,cv,7
2020-08-01,2020-07-01,54804.0,54137.0,5,persistence,cv,7
2020-09-01,2020-08-01,51428.0,54804.0,5,persistence,cv,7
2020-10-01,2020-09-01,51073.0,51428.0,5,persistence,cv,7
2020-11-01,2020-10-01,46690.0,51073.0,5,persistence,cv,7
2020-12-01,2020-11-01,45098.0,46690.0,5,persistence,cv,7
2021-01-01,2020-12-01,47258.0,45098.0,5,persistence,cv,7
2021-02-01,2021-01-01,51532.0,47258.0,5,persistence,cv,7
2021-03-01,2021-02-01,48325.0,51532.0,5,persistence,cv,7
2021-04-01,2021-03-01,48041.0,48325.0,5,persistence,cv,7
2021-05-01,2021-04-01,48296.0,48041.0,5,persistence,cv,7
2021-06-01,2021-05-01,47846.0,48296.0,5,persistence,cv,7
2021-07-01,2021-06-01,45141.0,47846.0,5,persistence,cv,8
2021-08-01,2021-07-01,46345.0,45141.0,5,persistence,cv,8
2021-09-01,2021-08-01,47895.0,46345.0,5,persistence,cv,8
2021-10-01,2021-09-01,48905.0,47895.0,5,persistence,cv,8
2021-11-01,2021-10-01,48624.0,48905.0,5,persistence,cv,8
2021-12-01,2021-11-01,46748.0,48624.0,5,persistence,cv,8
2022-01-01,2021-12-01,51196.0,46748.0,5,persistence,cv,8
2022-02-01,2022-01-01,49640.0,51196.0,5,persistence,cv,8
2022-03-01,2022-02-01,46797.0,49640.0,5,persistence,cv,8
2022-04-01,2022-03-01,48399.0,46797.0,5,persistence,cv,8
2022-05-01,2022-04-01,46490.0,48399.0,5,persistence,cv,8
2022-06-01,2022-05-01,46323.0,46490.0,5,persistence,cv,8
2022-07-01,2022-06-01,50121.0,46323.0,5,persistence,cv,9
2022-08-01,2022-07-01,48567.0,50121.0,5,persistence,cv,9
2022-09-01,2022-08-01,48438.0,48567.0,5,persistence,cv,9
2022-10-01,2022-09-01,49593.0,48438.0,5,persistence,cv,9
2022-11-01,2022-10-01,48722.0,49593.0,5,persistence,cv,9
2022-12-01,2022-11-01,48002.0,48722.0,5,persistence,cv,9
2023-01-01,2022-12-01,48005.0,48002.0,5,persistence,cv,9
2023-02-01,2023-01-01,49287.0,48005.0,5,persistence,cv,9
2023-03-01,2023-02-01,49402.0,49287.0,5,persistence,cv,9
2023-04-01,2023-03-01,52191.0,49402.0,5,persistence,cv,9
2023-05-01,2023-04-01,51745.0,52191.0,5,persistence,cv,9
2023-06-01,2023-05-01,49774.0,51745.0,5,persistence,cv,9
2023-07-01,2023-06-01,44796.0,49774.0,5,persistence,cv,10
2023-08-01,2023-07-01,45906.0,44796.0,5,persistence,cv,10
2023-09-01,2023-08-01,43997.0,45906.0,5,persistence,cv,10
2023-10-01,2023-09-01,44355.0,43997.0,5,persistence,cv,10
2023-11-01,2023-10-01,50123.0,44355.0,5,persistence,cv,10
2023-12-01,2023-11-01,49423.0,50123.0,5,persistence,cv,10
2024-01-01,2023-12-01,46173.0,49423.0,5,persistence,cv,10
2024-02-01,2024-01-01,49347.0,46173.0,5,persistence,cv,10
2024-03-01,2024-02-01,47617.0,49347.0,5,persistence,cv,10
2024-04-01,2024-03-01,45362.0,47617.0,5,persistence,cv,10
2024-05-01,2024-04-01,46523.0,45362.0,5,persistence,cv,10
2024-06-01,2024-05-01,44390.0,46523.0,5,persistence,cv,10
2014-07-01,2014-06-01,53884.0,51472.0,5,seasonal_naive,cv,1
2014-08-01,2014-07-01,50091.0,51999.0,5,seasonal_naive,cv,1
2014-09-01,2014-08-01,53870.0,52042.0,5,seasonal_naive,cv,1
2014-10-01,2014-09-01,54076.0,51813.0,5,seasonal_naive,cv,1
2014-11-01,2014-10-01,52061.0,50248.0,5,seasonal_naive,cv,1
2014-12-01,2014-11-01,48955.0,48142.0,5,seasonal_naive,cv,1
2015-01-01,2014-12-01,50715.0,50224.0,5,seasonal_naive,cv,1
2015-02-01,2015-01-01,53664.0,51226.0,5,seasonal_naive,cv,1
2015-03-01,2015-02-01,57103.0,52920.0,5,seasonal_naive,cv,1
2015-04-01,2015-03-01,56431.0,55423.0,5,seasonal_naive,cv,1
2015-05-01,2015-04-01,57363.0,57882.0,5,seasonal_naive,cv,1
2015-06-01,2015-05-01,55067.0,55874.0,5,seasonal_naive,cv,1
2015-07-01,2015-06-01,51606.0,53884.0,5,seasonal_naive,cv,2
2015-08-01,2015-07-01,50265.0,50091.0,5,seasonal_naive,cv,2
2015-09-01,2015-08-01,49963.0,53870.0,5,seasonal_naive,cv,2
2015-10-01,2015-09-01,54597.0,54076.0,5,seasonal_naive,cv,2
2015-11-01,2015-10-01,56100.0,52061.0,5,seasonal_naive,cv,2
2015-12-01,2015-11-01,54144.0,48955.0,5,seasonal_naive,cv,2
2016-01-01,2015-12-01,56084.0,50715.0,5,seasonal_naive,cv,2
2016-02-01,2016-01-01,56398.0,53664.0,5,seasonal_naive,cv,2
2016-03-01,2016-02-01,54575.0,57103.0,5,seasonal_naive,cv,2
2016-04-01,2016-03-01,51786.0,56431.0,5,seasonal_naive,cv,2
2016-05-01,2016-04-01,59504.0,57363.0,5,seasonal_naive,cv,2
2016-06-01,2016-05-01,58485.0,55067.0,5,seasonal_naive,cv,2
2016-07-01,2016-06-01,54600.0,51606.0,5,seasonal_naive,cv,3
2016-08-01,2016-07-01,50172.0,50265.0,5,seasonal_naive,cv,3
2016-09-01,2016-08-01,49983.0,49963.0,5,seasonal_naive,cv,3
2016-10-01,2016-09-01,50779.0,54597.0,5,seasonal_naive,cv,3
2016-11-01,2016-10-01,52121.0,56100.0,5,seasonal_naive,cv,3
2016-12-01,2016-11-01,51705.0,54144.0,5,seasonal_naive,cv,3
2017-01-01,2016-12-01,49807.0,56084.0,5,seasonal_naive,cv,3
2017-02-01,2017-01-01,53997.0,56398.0,5,seasonal_naive,cv,3
2017-03-01,2017-02-01,55191.0,54575.0,5,seasonal_naive,cv,3
2017-04-01,2017-03-01,52748.0,51786.0,5,seasonal_naive,cv,3
2017-05-01,2017-04-01,56513.0,59504.0,5,seasonal_naive,cv,3
2017-06-01,2017-05-01,54257.0,58485.0,5,seasonal_naive,cv,3
2017-07-01,2017-06-01,50858.0,54600.0,5,seasonal_naive,cv,4
2017-08-01,2017-07-01,48478.0,50172.0,5,seasonal_naive,cv,4
2017-09-01,2017-08-01,48337.0,49983.0,5,seasonal_naive,cv,4
2017-10-01,2017-09-01,52498.0,50779.0,5,seasonal_naive,cv,4
2017-11-01,2017-10-01,53896.0,52121.0,5,seasonal_naive,cv,4
2017-12-01,2017-11-01,51108.0,51705.0,5,seasonal_naive,cv,4
2018-01-01,2017-12-01,49964.0,49807.0,5,seasonal_naive,cv,4
2018-02-01,2018-01-01,49005.0,53997.0,5,seasonal_naive,cv,4
2018-03-01,2018-02-01,49623.0,55191.0,5,seasonal_naive,cv,4
2018-04-01,2018-03-01,51051.0,52748.0,5,seasonal_naive,cv,4
2018-05-01,2018-04-01,54765.0,56513.0,5,seasonal_naive,cv,4
2018-06-01,2018-05-01,51140.0,54257.0,5,seasonal_naive,cv,4
2018-07-01,2018-06-01,49029.0,50858.0,5,seasonal_naive,cv,5
2018-08-01,2018-07-01,48728.0,48478.0,5,seasonal_naive,cv,5
2018-09-01,2018-08-01,49086.0,48337.0,5,seasonal_naive,cv,5
2018-10-01,2018-09-01,49209.0,52498.0,5,seasonal_naive,cv,5
2018-11-01,2018-10-01,46399.0,53896.0,5,seasonal_naive,cv,5
2018-12-01,2018-11-01,45152.0,51108.0,5,seasonal_naive,cv,5
2019-01-01,2018-12-01,49359.0,49964.0,5,seasonal_naive,cv,5
2019-02-01,2019-01-01,51643.0,49005.0,5,seasonal_naive,cv,5
2019-03-01,2019-02-01,49767.0,49623.0,5,seasonal_naive,cv,5
2019-04-01,2019-03-01,53082.0,51051.0,5,seasonal_naive,cv,5
2019-05-01,2019-04-01,52006.0,54765.0,5,seasonal_naive,cv,5
2019-06-01,2019-05-01,50711.0,51140.0,5,seasonal_naive,cv,5
2019-07-01,2019-06-01,49031.0,49029.0,5,seasonal_naive,cv,6
2019-08-01,2019-07-01,45344.0,48728.0,5,seasonal_naive,cv,6
2019-09-01,2019-08-01,46239.0,49086.0,5,seasonal_naive,cv,6
2019-10-01,2019-09-01,51006.0,49209.0,5,seasonal_naive,cv,6
2019-11-01,2019-10-01,52413.0,46399.0,5,seasonal_naive,cv,6
2019-12-01,2019-11-01,52898.0,45152.0,5,seasonal_naive,cv,6
2020-01-01,2019-12-01,52073.0,49359.0,5,seasonal_naive,cv,6
2020-02-01,2020-01-01,52311.0,51643.0,5,seasonal_naive,cv,6
2020-03-01,2020-02-01,57074.0,49767.0,5,seasonal_naive,cv,6
2020-04-01,2020-03-01,56720.0,53082.0,5,seasonal_naive,cv,6
2020-05-01,2020-04-01,57391.0,52006.0,5,seasonal_naive,cv,6
2020-06-01,2020-05-01,56563.0,50711.0,5,seasonal_naive,cv,6
2020-07-01,2020-06-01,54137.0,49031.0,5,seasonal_naive,cv,7
2020-08-01,2020-07-01,54804.0,45344.0,5,seasonal_naive,cv,7
2020-09-01,2020-08-01,51428.0,46239.0,5,seasonal_naive,cv,7
2020-10-01,2020-09-01,51073.0,51006.0,5,seasonal_naive,cv,7
2020-11-01,2020-10-01,46690.0,52413.0,5,seasonal_naive,cv,7
2020-12-01,2020-11-01,45098.0,52898.0,5,seasonal_naive,cv,7
2021-01-01,2020-12-01,47258.0,52073.0,5,seasonal_naive,cv,7
2021-02-01,2021-01-01,51532.0,52311.0,5,seasonal_naive,cv,7
2021-03-01,2021-02-01,48325.0,57074.0,5,seasonal_naive,cv,7
2021-04-01,2021-03-01,48041.0,56720.0,5,seasonal_naive,cv,7
2021-05-01,2021-04-01,48296.0,57391.0,5,seasonal_naive,cv,7
2021-06-01,2021-05-01,47846.0,56563.0,5,seasonal_naive,cv,7
2021-07-01,2021-06-01,45141.0,54137.0,5,seasonal_naive,cv,8
2021-08-01,2021-07-01,46345.0,54804.0,5,seasonal_naive,cv,8
2021-09-01,2021-08-01,47895.0,51428.0,5,seasonal_naive,cv,8
2021-10-01,2021-09-01,48905.0,51073.0,5,seasonal_naive,cv,8
2021-11-01,2021-10-01,48624.0,46690.0,5,seasonal_naive,cv,8
2021-12-01,2021-11-01,46748.0,45098.0,5,seasonal_naive,cv,8
2022-01-01,2021-12-01,51196.0,47258.0,5,seasonal_naive,cv,8
2022-02-01,2022-01-01,49640.0,51532.0,5,seasonal_naive,cv,8
2022-03-01,2022-02-01,46797.0,48325.0,5,seasonal_naive,cv,8
2022-04-01,2022-03-01,48399.0,48041.0,5,seasonal_naive,cv,8
2022-05-01,2022-04-01,46490.0,48296.0,5,seasonal_naive,cv,8
2022-06-01,2022-05-01,46323.0,47846.0,5,seasonal_naive,cv,8
2022-07-01,2022-06-01,50121.0,45141.0,5,seasonal_naive,cv,9
2022-08-01,2022-07-01,48567.0,46345.0,5,seasonal_naive,cv,9
2022-09-01,2022-08-01,48438.0,47895.0,5,seasonal_naive,cv,9
2022-10-01,2022-09-01,49593.0,48905.0,5,seasonal_naive,cv,9
2022-11-01,2022-10-01,48722.0,48624.0,5,seasonal_naive,cv,9
2022-12-01,2022-11-01,48002.0,46748.0,5,seasonal_naive,cv,9
2023-01-01,2022-12-01,48005.0,51196.0,5,seasonal_naive,cv,9
2023-02-01,2023-01-01,49287.0,49640.0,5,seasonal_naive,cv,9
2023-03-01,2023-02-01,49402.0,46797.0,5,seasonal_naive,cv,9
2023-04-01,2023-03-01,52191.0,48399.0,5,seasonal_naive,cv,9
2023-05-01,2023-04-01,51745.0,46490.0,5,seasonal_naive,cv,9
2023-06-01,2023-05-01,49774.0,46323.0,5,seasonal_naive,cv,9
2023-07-01,2023-06-01,44796.0,50121.0,5,seasonal_naive,cv,10
2023-08-01,2023-07-01,45906.0,48567.0,5,seasonal_naive,cv,10
2023-09-01,2023-08-01,43997.0,48438.0,5,seasonal_naive,cv,10
2023-10-01,2023-09-01,44355.0,49593.0,5,seasonal_naive,cv,10
2023-11-01,2023-10-01,50123.0,48722.0,5,seasonal_naive,cv,10
2023-12-01,2023-11-01,49423.0,48002.0,5,seasonal_naive,cv,10
2024-01-01,2023-12-01,46173.0,48005.0,5,seasonal_naive,cv,10
2024-02-01,2024-01-01,49347.0,49287.0,5,seasonal_naive,cv,10
2024-03-01,2024-02-01,47617.0,49402.0,5,seasonal_naive,cv,10
2024-04-01,2024-03-01,45362.0,52191.0,5,seasonal_naive,cv,10
2024-05-01,2024-04-01,46523.0,51745.0,5,seasonal_naive,cv,10
2024-06-01,2024-05-01,44390.0,49774.0,5,seasonal_naive,cv,10
2014-07-01,2014-06-01,53884.0,53292.2,5,seasonal_change,cv,1
2014-08-01,2014-07-01,50091.0,53492.2,5,seasonal_change,cv,1
2014-09-01,2014-08-01,53870.0,50623.8,5,seasonal_change,cv,1
2014-10-01,2014-09-01,54076.0,55581.2,5,seasonal_change,cv,1
2014-11-01,2014-10-01,52061.0,54666.6,5,seasonal_change,cv,1
2014-12-01,2014-11-01,48955.0,49275.4,5,seasonal_change,cv,1
2015-01-01,2014-12-01,50715.0,48825.2,5,seasonal_change,cv,1
2015-02-01,2015-01-01,53664.0,52641.0,5,seasonal_change,cv,1
2015-03-01,2015-02-01,57103.0,54549.0,5,seasonal_change,cv,1
2015-04-01,2015-03-01,56431.0,58127.0,5,seasonal_change,cv,1
2015-05-01,2015-04-01,57363.0,57266.0,5,seasonal_change,cv,1
2015-06-01,2015-05-01,55067.0,56492.8,5,seasonal_change,cv,1
2015-07-01,2015-06-01,51606.0,52052.0,5,seasonal_change,cv,2
2015-08-01,2015-07-01,50265.0,50336.0,5,seasonal_change,cv,2
2015-09-01,2015-08-01,49963.0,51656.8,5,seasonal_change,cv,2
2015-10-01,2015-09-01,54597.0,51351.2,5,seasonal_change,cv,2
2015-11-01,2015-10-01,56100.0,54459.8,5,seasonal_change,cv,2
2015-12-01,2015-11-01,54144.0,54073.8,5,seasonal_change,cv,2
2016-01-01,2015-12-01,56084.0,54760.4,5,seasonal_change,cv,2
2016-02-01,2016-01-01,56398.0,57821.8,5,seasonal_change,cv,2
2016-03-01,2016-02-01,54575.0,57791.0,5,seasonal_change,cv,2
2016-04-01,2016-03-01,51786.0,55136.2,5,seasonal_change,cv,2
2016-05-01,2016-04-01,59504.0,52381.6,5,seasonal_change,cv,2
2016-06-01,2016-05-01,58485.0,58365.2,5,seasonal_change,cv,2
2016-07-01,2016-06-01,54600.0,55705.2,5,seasonal_change,cv,3
2016-08-01,2016-07-01,50172.0,52920.2,5,seasonal_change,cv,3
2016-09-01,2016-08-01,49983.0,50878.2,5,seasonal_change,cv,3
2016-10-01,2016-09-01,50779.0,51850.6,5,seasonal_change,cv,3
2016-11-01,2016-10-01,52121.0,51113.8,5,seasonal_change,cv,3
2016-12-01,2016-11-01,51705.0,51025.4,5,seasonal_change,cv,3
2017-01-01,2016-12-01,49807.0,52948.4,5,seasonal_change,cv,3
2017-02-01,2017-01-01,53997.0,51048.6,5,seasonal_change,cv,3
2017-03-01,2017-02-01,55191.0,54808.2,5,seasonal_change,cv,3
2017-04-01,2017-03-01,52748.0,54994.6,5,seasonal_change,cv,3
2017-05-01,2017-04-01,56513.0,54208.6,5,seasonal_change,cv,3
2017-06-01,2017-05-01,54257.0,55203.4,5,seasonal_change,cv,3
2017-07-01,2017-06-01,50858.0,51782.2,5,seasonal_change,cv,4
2017-08-01,2017-07-01,48478.0,48523.4,5,seasonal_change,cv,4
2017-09-01,2017-08-01,48337.0,49259.4,5,seasonal_change,cv,4
2017-10-01,2017-09-01,52498.0,49920.2,5,seasonal_change,cv,4
2017-11-01,2017-10-01,53896.0,52283.4,5,seasonal_change,cv,4
2017-12-01,2017-11-01,51108.0,52749.2,5,seasonal_change,cv,4
2018-01-01,2017-12-01,49964.0,51863.6,5,seasonal_change,cv,4
2018-02-01,2018-01-01,49005.0,51479.8,5,seasonal_change,cv,4
2018-03-01,2018-02-01,49623.0,50138.2,5,seasonal_change,cv,4
2018-04-01,2018-03-01,51051.0,48998.0,5,seasonal_change,cv,4
2018-05-01,2018-04-01,54765.0,53345.8,5,seasonal_change,cv,4
2018-06-01,2018-05-01,51140.0,53020.6,5,seasonal_change,cv,4
2018-07-01,2018-06-01,49029.0,48533.6,5,seasonal_change,cv,5
2018-08-01,2018-07-01,48728.0,46746.0,5,seasonal_change,cv,5
2018-09-01,2018-08-01,49086.0,49366.0,5,seasonal_change,cv,5
2018-10-01,2018-09-01,49209.0,50999.6,5,seasonal_change,cv,5
2018-11-01,2018-10-01,46399.0,49341.6,5,seasonal_change,cv,5
2018-12-01,2018-11-01,45152.0,44324.6,5,seasonal_change,cv,5
2019-01-01,2018-12-01,49359.0,45700.0,5,seasonal_change,cv,5
2019-02-01,2019-01-01,51643.0,50858.2,5,seasonal_change,cv,5
2019-03-01,2019-02-01,49767.0,52667.4,5,seasonal_change,cv,5
2019-04-01,2019-03-01,53082.0,49372.4,5,seasonal_change,cv,5
2019-05-01,2019-04-01,52006.0,56799.6,5,seasonal_change,cv,5
2019-06-01,2019-05-01,50711.0,49765.2,5,seasonal_change,cv,5
2019-07-01,2019-06-01,49031.0,47741.8,5,seasonal_change,cv,6
2019-08-01,2019-07-01,45344.0,46582.4,5,seasonal_change,cv,6
2019-09-01,2019-08-01,46239.0,46045.0,5,seasonal_change,cv,6
2019-10-01,2019-09-01,51006.0,48223.0,5,seasonal_change,cv,6
2019-11-01,2019-10-01,52413.0,50889.6,5,seasonal_change,cv,6
2019-12-01,2019-11-01,52898.0,50510.4,5,seasonal_change,cv,6
2020-01-01,2019-12-01,52073.0,53871.0,5,seasonal_change,cv,6
2020-02-01,2020-01-01,52311.0,53828.6,5,seasonal_change,cv,6
2020-03-01,2020-02-01,57074.0,52621.4,5,seasonal_change,cv,6
2020-04-01,2020-03-01,56720.0,56841.8,5,seasonal_change,cv,6
2020-05-01,2020-04-01,57391.0,59730.6,5,seasonal_change,cv,6
2020-06-01,2020-05-01,56563.0,55292.8,5,seasonal_change,cv,6
2020-07-01,2020-06-01,54137.0,53655.8,5,seasonal_change,cv,7
2020-08-01,2020-07-01,54804.0,51709.6,5,seasonal_change,cv,7
2020-09-01,2020-08-01,51428.0,54928.2,5,seasonal_change,cv,7
2020-10-01,2020-09-01,51073.0,54324.2,5,seasonal_change,cv,7
2020-11-01,2020-10-01,46690.0,51641.0,5,seasonal_change,cv,7
2020-12-01,2020-11-01,45098.0,45505.6,5,seasonal_change,cv,7
2021-01-01,2020-12-01,47258.0,45554.0,5,seasonal_change,cv,7
2021-02-01,2021-01-01,51532.0,48471.4,5,seasonal_change,cv,7
2021-03-01,2021-02-01,48325.0,52107.2,5,seasonal_change,cv,7
2021-04-01,2021-03-01,48041.0,48156.4,5,seasonal_change,cv,7
2021-05-01,2021-04-01,48296.0,50999.4,5,seasonal_change,cv,7
2021-06-01,2021-05-01,47846.0,46491.4,5,seasonal_change,cv,7
2021-07-01,2021-06-01,45141.0,45145.8,5,seasonal_change,cv,8
2021-08-01,2021-07-01,46345.0,43115.2,5,seasonal_change,cv,8
2021-09-01,2021-08-01,47895.0,45854.4,5,seasonal_change,cv,8
2021-10-01,2021-09-01,48905.0,49793.4,5,seasonal_change,cv,8
2021-11-01,2021-10-01,48624.0,48295.8,5,seasonal_change,cv,8
2021-12-01,2021-11-01,46748.0,47512.4,5,seasonal_change,cv,8
2022-01-01,2021-12-01,51196.0,47248.0,5,seasonal_change,cv,8
2022-02-01,2022-01-01,49640.0,53201.4,5,seasonal_change,cv,8
2022-03-01,2022-02-01,46797.0,49938.4,5,seasonal_change,cv,8
2022-04-01,2022-03-01,48399.0,47129.4,5,seasonal_change,cv,8
2022-05-01,2022-04-01,46490.0,49864.8,5,seasonal_change,cv,8
2022-06-01,2022-05-01,46323.0,44799.2,5,seasonal_change,cv,8
2022-07-01,2022-06-01,50121.0,43858.8,5,seasonal_change,cv,9
2022-08-01,2022-07-01,48567.0,49221.6,5,seasonal_change,cv,9
2022-09-01,2022-08-01,48438.0,48424.2,5,seasonal_change,cv,9
2022-10-01,2022-09-01,49593.0,50379.2,5,seasonal_change,cv,9
2022-11-01,2022-10-01,48722.0,48659.2,5,seasonal_change,cv,9
2022-12-01,2022-11-01,48002.0,47318.4,5,seasonal_change,cv,9
2023-01-01,2022-12-01,48005.0,49771.2,5,seasonal_change,cv,9
2023-02-01,2023-01-01,49287.0,48861.2,5,seasonal_change,cv,9
2023-03-01,2023-02-01,49402.0,48778.0,5,seasonal_change,cv,9
2023-04-01,2023-03-01,52191.0,50543.4,5,seasonal_change,cv,9
2023-05-01,2023-04-01,51745.0,52522.0,5,seasonal_change,cv,9
2023-06-01,2023-05-01,49774.0,50472.0,5,seasonal_change,cv,9
2023-07-01,2023-06-01,44796.0,48749.2,5,seasonal_change,cv,10
2023-08-01,2023-07-01,45906.0,44061.8,5,seasonal_change,cv,10
2023-09-01,2023-08-01,43997.0,45765.6,5,seasonal_change,cv,10
2023-10-01,2023-09-01,44355.0,45337.0,5,seasonal_change,cv,10
2023-11-01,2023-10-01,50123.0,42967.4,5,seasonal_change,cv,10
2023-12-01,2023-11-01,49423.0,49133.0,5,seasonal_change,cv,10
2024-01-01,2023-12-01,46173.0,51421.6,5,seasonal_change,cv,10
2024-02-01,2024-01-01,49347.0,47477.4,5,seasonal_change,cv,10
2024-03-01,2024-02-01,47617.0,48737.4,5,seasonal_change,cv,10
2024-04-01,2024-03-01,45362.0,49030.6,5,seasonal_change,cv,10
2024-05-01,2024-04-01,46523.0,44861.0,5,seasonal_change,cv,10
2024-06-01,2024-05-01,44390.0,45580.8,5,seasonal_change,cv,10
2014-07-01,2014-06-01,53884.0,53199.17535714285,5,forecast_flow_identity,cv,1
2014-08-01,2014-07-01,50091.0,53635.150357142884,5,forecast_flow_identity,cv,1
2014-09-01,2014-08-01,53870.0,50669.405184331816,5,forecast_flow_identity,cv,1
2014-10-01,2014-09-01,54076.0,55714.51202380951,5,forecast_flow_identity,cv,1
2014-11-01,2014-10-01,52061.0,54731.166474654376,5,forecast_flow_identity,cv,1
2014-12-01,2014-11-01,48955.0,49287.15202380952,5,forecast_flow_identity,cv,1
2015-01-01,2014-12-01,50715.0,48512.35202380951,5,forecast_flow_identity,cv,1
2015-02-01,2015-01-01,53664.0,52299.21250648868,5,forecast_flow_identity,cv,1
2015-03-01,2015-02-01,57103.0,54415.154117405546,5,forecast_flow_identity,cv,1
2015-04-01,2015-03-01,56431.0,58122.123339424754,5,forecast_flow_identity,cv,1
2015-05-01,2015-04-01,57363.0,57221.22245073893,5,forecast_flow_identity,cv,1
2015-06-01,2015-05-01,55067.0,56547.78946845701,5,forecast_flow_identity,cv,1
2015-07-01,2015-06-01,51606.0,52029.13911740558,5,forecast_flow_identity,cv,2
2015-08-01,2015-07-01,50265.0,50168.73911740559,5,forecast_flow_identity,cv,2
2015-09-01,2015-08-01,49963.0,51634.86366200541,5,forecast_flow_identity,cv,2
2015-10-01,2015-09-01,54597.0,51375.45245073894,5,forecast_flow_identity,cv,2
2015-11-01,2015-10-01,56100.0,54702.300758779595,5,forecast_flow_identity,cv,2
2015-12-01,2015-11-01,54144.0,54352.91078407226,5,forecast_flow_identity,cv,2
2016-01-01,2015-12-01,56084.0,54699.53578407224,5,forecast_flow_identity,cv,2
2016-02-01,2016-01-01,56398.0,57740.996954685084,5,forecast_flow_identity,cv,2
2016-03-01,2016-02-01,54575.0,57671.60188628898,5,forecast_flow_identity,cv,2
2016-04-01,2016-03-01,51786.0,54842.50988995707,5,forecast_flow_identity,cv,2
2016-05-01,2016-04-01,59504.0,51939.640219622335,5,forecast_flow_identity,cv,2
2016-06-01,2016-05-01,58485.0,58484.73085769901,5,forecast_flow_identity,cv,2
2016-07-01,2016-06-01,54600.0,55910.774386289,5,forecast_flow_identity,cv,3
2016-08-01,2016-07-01,50172.0,52872.924386289014,5,forecast_flow_identity,cv,3
2016-09-01,2016-08-01,49983.0,50737.48327705387,5,forecast_flow_identity,cv,3
2016-10-01,2016-09-01,50779.0,51560.384386289006,5,forecast_flow_identity,cv,3
2016-11-01,2016-10-01,52121.0,50807.16230931193,5,forecast_flow_identity,cv,3
2016-12-01,2016-11-01,51705.0,51051.097719622296,5,forecast_flow_identity,cv,3
2017-01-01,2016-12-01,49807.0,53078.47271962233,5,forecast_flow_identity,cv,3
2017-02-01,2017-01-01,53997.0,50954.43342417499,5,forecast_flow_identity,cv,3
2017-03-01,2017-02-01,55191.0,55017.38340311988,5,forecast_flow_identity,cv,3
2017-04-01,2017-03-01,52748.0,55126.70490624501,5,forecast_flow_identity,cv,3
2017-05-01,2017-04-01,56513.0,54221.40506978653,5,forecast_flow_identity,cv,3
2017-06-01,2017-05-01,54257.0,55191.33232559987,5,forecast_flow_identity,cv,3
2017-07-01,2017-06-01,50858.0,51816.423403119865,5,forecast_flow_identity,cv,4
2017-08-01,2017-07-01,48478.0,48491.22340311983,5,forecast_flow_identity,cv,4
2017-09-01,2017-08-01,48337.0,49203.62587398693,5,forecast_flow_identity,cv,4
2017-10-01,2017-09-01,52498.0,49798.79756978653,5,forecast_flow_identity,cv,4
2017-11-01,2017-10-01,53896.0,52358.35571269664,5,forecast_flow_identity,cv,4
2017-12-01,2017-11-01,51108.0,52899.97590311988,5,forecast_flow_identity,cv,4
2018-01-01,2017-12-01,49964.0,52157.225903119856,5,forecast_flow_identity,cv,4
2018-02-01,2018-01-01,49005.0,51598.09013718949,5,forecast_flow_identity,cv,4
2018-03-01,2018-02-01,49623.0,49936.722916666695,5,forecast_flow_identity,cv,4
2018-04-01,2018-03-01,51051.0,48780.401209677424,5,forecast_flow_identity,cv,4
2018-05-01,2018-04-01,54765.0,53297.04708333333,5,forecast_flow_identity,cv,4
2018-06-01,2018-05-01,51140.0,52628.81330645161,5,forecast_flow_identity,cv,4
2018-07-01,2018-06-01,49029.0,48077.965416666666,5,forecast_flow_identity,cv,5
2018-08-01,2018-07-01,48728.0,46488.54041666668,5,forecast_flow_identity,cv,5
2018-09-01,2018-08-01,49086.0,49416.6826612903,5,forecast_flow_identity,cv,5
2018-10-01,2018-09-01,49209.0,50990.76041666666,5,forecast_flow_identity,cv,5
2018-11-01,2018-10-01,46399.0,49091.57620967739,5,forecast_flow_identity,cv,5
2018-12-01,2018-11-01,45152.0,43782.48875000001,5,forecast_flow_identity,cv,5
2019-01-01,2018-12-01,49359.0,45196.888749999984,5,forecast_flow_identity,cv,5
2019-02-01,2019-01-01,51643.0,50670.37270856507,5,forecast_flow_identity,cv,5
2019-03-01,2019-02-01,49767.0,52464.65808497538,5,forecast_flow_identity,cv,5
2019-04-01,2019-03-01,53082.0,49084.673953201986,5,forecast_flow_identity,cv,5
2019-05-01,2019-04-01,52006.0,56918.50975164207,5,forecast_flow_identity,cv,5
2019-06-01,2019-05-01,50711.0,49557.24814675037,5,forecast_flow_identity,cv,5
2019-07-01,2019-06-01,49031.0,47593.64391830871,5,forecast_flow_identity,cv,6
2019-08-01,2019-07-01,45344.0,46572.343918308725,5,forecast_flow_identity,cv,6
2019-09-01,2019-08-01,46239.0,45877.702179008455,5,forecast_flow_identity,cv,6
2019-10-01,2019-09-01,51006.0,48298.183918308714,5,forecast_flow_identity,cv,6
2019-11-01,2019-10-01,52413.0,50968.23766287939,5,forecast_flow_identity,cv,6
2019-12-01,2019-11-01,52898.0,50523.22641830869,5,forecast_flow_identity,cv,6
2020-01-01,2019-12-01,52073.0,53912.95141830869,5,forecast_flow_identity,cv,6
2020-02-01,2020-01-01,52311.0,53899.25858486943,5,forecast_flow_identity,cv,6
2020-03-01,2020-02-01,57074.0,52647.201264367824,5,forecast_flow_identity,cv,6
2020-04-01,2020-03-01,56720.0,57309.51090100114,5,forecast_flow_identity,cv,6
2020-05-01,2020-04-01,57391.0,60173.246264367815,5,forecast_flow_identity,cv,6
2020-06-01,2020-05-01,56563.0,55457.71251390436,5,forecast_flow_identity,cv,6
2020-07-01,2020-06-01,54137.0,53876.042097701145,5,forecast_flow_identity,cv,7
2020-08-01,2020-07-01,54804.0,51912.36709770116,5,forecast_flow_identity,cv,7
2020-09-01,2020-08-01,51428.0,55353.40686874304,5,forecast_flow_identity,cv,7
2020-10-01,2020-09-01,51073.0,54549.24126436781,5,forecast_flow_identity,cv,7
2020-11-01,2020-10-01,46690.0,51827.52380422692,5,forecast_flow_identity,cv,7
2020-12-01,2020-11-01,45098.0,45514.95043103445,5,forecast_flow_identity,cv,7
2021-01-01,2020-12-01,47258.0,45485.25043103448,5,forecast_flow_identity,cv,7
2021-02-01,2021-01-01,51532.0,48582.777363737485,5,forecast_flow_identity,cv,7
2021-03-01,2021-02-01,48325.0,52328.896951970455,5,forecast_flow_identity,cv,7
2021-04-01,2021-03-01,48041.0,48014.21801803593,5,forecast_flow_identity,cv,7
2021-05-01,2021-04-01,48296.0,50643.13195197043,5,forecast_flow_identity,cv,7
2021-06-01,2021-05-01,47846.0,46361.887372874626,5,forecast_flow_identity,cv,7
2021-07-01,2021-06-01,45141.0,45142.37695197044,5,forecast_flow_identity,cv,8
2021-08-01,2021-07-01,46345.0,43022.75195197045,5,forecast_flow_identity,cv,8
2021-09-01,2021-08-01,47895.0,45747.334147068184,5,forecast_flow_identity,cv,8
2021-10-01,2021-09-01,48905.0,49811.331118637114,5,forecast_flow_identity,cv,8
2021-11-01,2021-10-01,48624.0,48189.73495351978,5,forecast_flow_identity,cv,8
2021-12-01,2021-11-01,46748.0,47571.006951970434,5,forecast_flow_identity,cv,8
2022-01-01,2021-12-01,51196.0,47321.03195197045,5,forecast_flow_identity,cv,8
2022-02-01,2022-01-01,49640.0,53281.416512792,5,forecast_flow_identity,cv,8
2022-03-01,2022-02-01,46797.0,50013.25732142856,5,forecast_flow_identity,cv,8
2022-04-01,2022-03-01,48399.0,47115.04256912443,5,forecast_flow_identity,cv,8
2022-05-01,2022-04-01,46490.0,49700.03398809522,5,forecast_flow_identity,cv,8
2022-06-01,2022-05-01,46323.0,44643.92321428569,5,forecast_flow_identity,cv,8
2022-07-01,2022-06-01,50121.0,43732.68648809522,5,forecast_flow_identity,cv,9
2022-08-01,2022-07-01,48567.0,49338.48648809523,5,forecast_flow_identity,cv,9
2022-09-01,2022-08-01,48438.0,48398.34821428571,5,forecast_flow_identity,cv,9
2022-10-01,2022-09-01,49593.0,50353.66815476188,5,forecast_flow_identity,cv,9
2022-11-01,2022-10-01,48722.0,48757.07402073733,5,forecast_flow_identity,cv,9
2022-12-01,2022-11-01,48002.0,47603.67648809523,5,forecast_flow_identity,cv,9
2023-01-01,2022-12-01,48005.0,49987.226488095264,5,forecast_flow_identity,cv,9
2023-02-01,2023-01-01,49287.0,48777.563190582136,5,forecast_flow_identity,cv,9
2023-03-01,2023-02-01,49402.0,48559.73757183908,5,forecast_flow_identity,cv,9
2023-04-01,2023-03-01,52191.0,50444.41861790877,5,forecast_flow_identity,cv,9
2023-05-01,2023-04-01,51745.0,52527.02423850577,5,forecast_flow_identity,cv,9
2023-06-01,2023-05-01,49774.0,50684.78797274749,5,forecast_flow_identity,cv,9
2023-07-01,2023-06-01,44796.0,48704.55858374382,5,forecast_flow_identity,cv,10
2023-08-01,2023-07-01,45906.0,43783.55507183907,5,forecast_flow_identity,cv,10
2023-09-01,2023-08-01,43997.0,45617.443617908764,5,forecast_flow_identity,cv,10
2023-10-01,2023-09-01,44355.0,45131.5534051724,5,forecast_flow_identity,cv,10
2023-11-01,2023-10-01,50123.0,42631.97103726362,5,forecast_flow_identity,cv,10
2023-12-01,2023-11-01,49423.0,49046.32507183907,5,forecast_flow_identity,cv,10
2024-01-01,2023-12-01,46173.0,51330.55007183907,5,forecast_flow_identity,cv,10
2024-02-01,2024-01-01,49347.0,47083.135407066045,5,forecast_flow_identity,cv,10
2024-03-01,2024-02-01,47617.0,48687.579259031205,5,forecast_flow_identity,cv,10
2024-04-01,2024-03-01,45362.0,48875.75452288257,5,forecast_flow_identity,cv,10
2024-05-01,2024-04-01,46523.0,44658.774673645305,5,forecast_flow_identity,cv,10
2024-06-01,2024-05-01,44390.0,45423.71742610837,5,forecast_flow_identity,cv,10
2014-07-01,2014-06-01,53884.0,54484.816062400416,5,legacy_constrained_level,cv,1
2014-08-01,2014-07-01,50091.0,51926.821667656855,5,legacy_constrained_level,cv,1
2014-09-01,2014-08-01,53870.0,49668.71705745465,5,legacy_constrained_level,cv,1
2014-10-01,2014-09-01,54076.0,52637.39744957753,5,legacy_constrained_level,cv,1
2014-11-01,2014-10-01,52061.0,53258.30950491431,5,legacy_constrained_level,cv,1
2014-12-01,2014-11-01,48955.0,51805.06878024021,5,legacy_constrained_level,cv,1
2015-01-01,2014-12-01,50715.0,49373.50277274709,5,legacy_constrained_level,cv,1
2015-02-01,2015-01-01,53664.0,51346.55825707561,5,legacy_constrained_level,cv,1
2015-03-01,2015-02-01,57103.0,53800.413902648004,5,legacy_constrained_level,cv,1
2015-04-01,2015-03-01,56431.0,55150.858383859115,5,legacy_constrained_level,cv,1
2015-05-01,2015-04-01,57363.0,53377.17659797259,5,legacy_constrained_level,cv,1
2015-06-01,2015-05-01,55067.0,55160.103398781874,5,legacy_constrained_level,cv,1
2015-07-01,2015-06-01,51606.0,53593.93380555032,5,legacy_constrained_level,cv,2
2015-08-01,2015-07-01,50265.0,50694.26188898619,5,legacy_constrained_level,cv,2
2015-09-01,2015-08-01,49963.0,49573.30674952021,5,legacy_constrained_level,cv,2
2015-10-01,2015-09-01,54597.0,50144.257184133734,5,legacy_constrained_level,cv,2
2015-11-01,2015-10-01,56100.0,53325.07622082797,5,legacy_constrained_level,cv,2
2015-12-01,2015-11-01,54144.0,54271.87668330426,5,legacy_constrained_level,cv,2
2016-01-01,2015-12-01,56084.0,53187.80789793091,5,legacy_constrained_level,cv,2
2016-02-01,2016-01-01,56398.0,54453.3565584241,5,legacy_constrained_level,cv,2
2016-03-01,2016-02-01,54575.0,55324.96582951151,5,legacy_constrained_level,cv,2
2016-04-01,2016-03-01,51786.0,53194.80447787218,5,legacy_constrained_level,cv,2
2016-05-01,2016-04-01,59504.0,51469.185128447294,5,legacy_constrained_level,cv,2
2016-06-01,2016-05-01,58485.0,56766.39546254884,5,legacy_constrained_level,cv,2
2016-07-01,2016-06-01,54600.0,56021.44381577873,5,legacy_constrained_level,cv,3
2016-08-01,2016-07-01,50172.0,53132.574585215334,5,legacy_constrained_level,cv,3
2016-09-01,2016-08-01,49983.0,50416.1093816117,5,legacy_constrained_level,cv,3
2016-10-01,2016-09-01,50779.0,51018.36195999547,5,legacy_constrained_level,cv,3
2016-11-01,2016-10-01,52121.0,52581.10392701134,5,legacy_constrained_level,cv,3
2016-12-01,2016-11-01,51705.0,53332.93023899432,5,legacy_constrained_level,cv,3
2017-01-01,2016-12-01,49807.0,52516.75702577761,5,legacy_constrained_level,cv,3
2017-02-01,2017-01-01,53997.0,51036.05736883586,5,legacy_constrained_level,cv,3
2017-03-01,2017-02-01,55191.0,54864.10412835171,5,legacy_constrained_level,cv,3
2017-04-01,2017-03-01,52748.0,54300.55693487865,5,legacy_constrained_level,cv,3
2017-05-01,2017-04-01,56513.0,52324.95490854574,5,legacy_constrained_level,cv,3
2017-06-01,2017-05-01,54257.0,54947.31285087444,5,legacy_constrained_level,cv,3
2017-07-01,2017-06-01,50858.0,53530.89864130835,5,legacy_constrained_level,cv,4
2017-08-01,2017-07-01,48478.0,50735.08736555221,5,legacy_constrained_level,cv,4
2017-09-01,2017-08-01,48337.0,49281.32811787614,5,legacy_constrained_level,cv,4
2017-10-01,2017-09-01,52498.0,49677.4815580305,5,legacy_constrained_level,cv,4
2017-11-01,2017-10-01,53896.0,52922.66205472368,5,legacy_constrained_level,cv,4
2017-12-01,2017-11-01,51108.0,53224.49670794382,5,legacy_constrained_level,cv,4
2018-01-01,2017-12-01,49964.0,51097.04588573436,5,legacy_constrained_level,cv,4
2018-02-01,2018-01-01,49005.0,50921.338255212875,5,legacy_constrained_level,cv,4
2018-03-01,2018-02-01,49623.0,51200.18014489624,5,legacy_constrained_level,cv,4
2018-04-01,2018-03-01,51051.0,49964.1983465993,5,legacy_constrained_level,cv,4
2018-05-01,2018-04-01,54765.0,52114.19107713519,5,legacy_constrained_level,cv,4
2018-06-01,2018-05-01,51140.0,53858.46505144035,5,legacy_constrained_level,cv,4
2018-07-01,2018-06-01,49029.0,50442.40963818705,5,legacy_constrained_level,cv,5
2018-08-01,2018-07-01,48728.0,48836.16160012572,5,legacy_constrained_level,cv,5
2018-09-01,2018-08-01,49086.0,49152.25426785376,5,legacy_constrained_level,cv,5
2018-10-01,2018-09-01,49209.0,49570.782936718795,5,legacy_constrained_level,cv,5
2018-11-01,2018-10-01,46399.0,50175.43039336502,5,legacy_constrained_level,cv,5
2018-12-01,2018-11-01,45152.0,48451.48209516096,5,legacy_constrained_level,cv,5
2019-01-01,2018-12-01,49359.0,47705.19716349846,5,legacy_constrained_level,cv,5
2019-02-01,2019-01-01,51643.0,50396.85772896824,5,legacy_constrained_level,cv,5
2019-03-01,2019-02-01,49767.0,52446.583334456955,5,legacy_constrained_level,cv,5
2019-04-01,2019-03-01,53082.0,50489.67084323478,5,legacy_constrained_level,cv,5
2019-05-01,2019-04-01,52006.0,53231.871296656325,5,legacy_constrained_level,cv,5
2019-06-01,2019-05-01,50711.0,51604.66719896972,5,legacy_constrained_level,cv,5
2019-07-01,2019-06-01,49031.0,50319.9897587421,5,legacy_constrained_level,cv,6
2019-08-01,2019-07-01,45344.0,48926.53888151058,5,legacy_constrained_level,cv,6
2019-09-01,2019-08-01,46239.0,46886.64115918508,5,legacy_constrained_level,cv,6
2019-10-01,2019-09-01,51006.0,47915.09289269741,5,legacy_constrained_level,cv,6
2019-11-01,2019-10-01,52413.0,50963.21498121832,5,legacy_constrained_level,cv,6
2019-12-01,2019-11-01,52898.0,51762.554011442844,5,legacy_constrained_level,cv,6
2020-01-01,2019-12-01,52073.0,51849.163563026224,5,legacy_constrained_level,cv,6
2020-02-01,2020-01-01,52311.0,51391.899092003776,5,legacy_constrained_level,cv,6
2020-03-01,2020-02-01,57074.0,51962.13278878901,5,legacy_constrained_level,cv,6
2020-04-01,2020-03-01,56720.0,55026.546915528466,5,legacy_constrained_level,cv,6
2020-05-01,2020-04-01,57391.0,56688.38148420219,5,legacy_constrained_level,cv,6
2020-06-01,2020-05-01,56563.0,55927.4356857332,5,legacy_constrained_level,cv,6
2020-07-01,2020-06-01,54137.0,56428.15588461752,5,legacy_constrained_level,cv,7
2020-08-01,2020-07-01,54804.0,54925.615142897936,5,legacy_constrained_level,cv,7
2020-09-01,2020-08-01,51428.0,54765.145159855914,5,legacy_constrained_level,cv,7
2020-10-01,2020-09-01,51073.0,52840.50767821818,5,legacy_constrained_level,cv,7
2020-11-01,2020-10-01,46690.0,52817.06650865771,5,legacy_constrained_level,cv,7
2020-12-01,2020-11-01,45098.0,50503.25669599723,5,legacy_constrained_level,cv,7
2021-01-01,2020-12-01,47258.0,50034.905345141466,5,legacy_constrained_level,cv,7
2021-02-01,2021-01-01,51532.0,51085.105295920264,5,legacy_constrained_level,cv,7
2021-03-01,2021-02-01,48325.0,54104.99413614575,5,legacy_constrained_level,cv,7
2021-04-01,2021-03-01,48041.0,50702.789109848076,5,legacy_constrained_level,cv,7
2021-05-01,2021-04-01,48296.0,50385.01434840865,5,legacy_constrained_level,cv,7
2021-06-01,2021-05-01,47846.0,50285.4953852266,5,legacy_constrained_level,cv,7
2021-07-01,2021-06-01,45141.0,48790.13149748691,5,legacy_constrained_level,cv,8
2021-08-01,2021-07-01,46345.0,47575.44121788832,5,legacy_constrained_level,cv,8
2021-09-01,2021-08-01,47895.0,47597.53228697122,5,legacy_constrained_level,cv,8
2021-10-01,2021-09-01,48905.0,49472.55537157568,5,legacy_constrained_level,cv,8
2021-11-01,2021-10-01,48624.0,50202.17446012761,5,legacy_constrained_level,cv,8
2021-12-01,2021-11-01,46748.0,50313.541745329916,5,legacy_constrained_level,cv,8
2022-01-01,2021-12-01,51196.0,48409.313844261465,5,legacy_constrained_level,cv,8
2022-02-01,2022-01-01,49640.0,51806.223131125895,5,legacy_constrained_level,cv,8
2022-03-01,2022-02-01,46797.0,50568.85335394313,5,legacy_constrained_level,cv,8
2022-04-01,2022-03-01,48399.0,47774.532805042996,5,legacy_constrained_level,cv,8
2022-05-01,2022-04-01,46490.0,50118.28929860276,5,legacy_constrained_level,cv,8
2022-06-01,2022-05-01,46323.0,48193.5454491677,5,legacy_constrained_level,cv,8
2022-07-01,2022-06-01,50121.0,47535.33646468798,5,legacy_constrained_level,cv,9
2022-08-01,2022-07-01,48567.0,50241.986224198205,5,legacy_constrained_level,cv,9
2022-09-01,2022-08-01,48438.0,48847.13974961506,5,legacy_constrained_level,cv,9
2022-10-01,2022-09-01,49593.0,49101.65843522122,5,legacy_constrained_level,cv,9
2022-11-01,2022-10-01,48722.0,49659.99246145826,5,legacy_constrained_level,cv,9
2022-12-01,2022-11-01,48002.0,48916.480847378174,5,legacy_constrained_level,cv,9
2023-01-01,2022-12-01,48005.0,48172.634500638844,5,legacy_constrained_level,cv,9
2023-02-01,2023-01-01,49287.0,49062.73964717179,5,legacy_constrained_level,cv,9
2023-03-01,2023-02-01,49402.0,49856.16584001571,5,legacy_constrained_level,cv,9
2023-04-01,2023-03-01,52191.0,49179.48755165345,5,legacy_constrained_level,cv,9
2023-05-01,2023-04-01,51745.0,51538.08072640305,5,legacy_constrained_level,cv,9
2023-06-01,2023-05-01,49774.0,51004.64387414891,5,legacy_constrained_level,cv,9
2023-07-01,2023-06-01,44796.0,49166.32517888327,5,legacy_constrained_level,cv,10
2023-08-01,2023-07-01,45906.0,46317.13501679653,5,legacy_constrained_level,cv,10
2023-09-01,2023-08-01,43997.0,46826.24153443272,5,legacy_constrained_level,cv,10
2023-10-01,2023-09-01,44355.0,45901.789255620584,5,legacy_constrained_level,cv,10
2023-11-01,2023-10-01,50123.0,46857.67465626486,5,legacy_constrained_level,cv,10
2023-12-01,2023-11-01,49423.0,50346.67408449153,5,legacy_constrained_level,cv,10
2024-01-01,2023-12-01,46173.0,49583.37370656168,5,legacy_constrained_level,cv,10
2024-02-01,2024-01-01,49347.0,47733.082983484484,5,legacy_constrained_level,cv,10
2024-03-01,2024-02-01,47617.0,49696.793835919496,5,legacy_constrained_level,cv,10
2024-04-01,2024-03-01,45362.0,48563.688036278254,5,legacy_constrained_level,cv,10
2024-05-01,2024-04-01,46523.0,47129.28688225806,5,legacy_constrained_level,cv,10
2024-06-01,2024-05-01,44390.0,47423.449903996094,5,legacy_constrained_level,cv,10
2014-07-01,2014-06-01,53884.0,53443.62434847037,5,constrained_level,cv,1
2014-08-01,2014-07-01,50091.0,52245.335298178994,5,constrained_level,cv,1
2014-09-01,2014-08-01,53870.0,49869.2747227455,5,constrained_level,cv,1
2014-10-01,2014-09-01,54076.0,55313.710634028,5,constrained_level,cv,1
2014-11-01,2014-10-01,52061.0,53365.16070171635,5,constrained_level,cv,1
2014-12-01,2014-11-01,48955.0,52110.59453085321,5,constrained_level,cv,1
2015-01-01,2014-12-01,50715.0,50012.78876564125,5,constrained_level,cv,1
2015-02-01,2015-01-01,53664.0,52639.66116441101,5,constrained_level,cv,1
2015-03-01,2015-02-01,57103.0,55053.16035891848,5,constrained_level,cv,1
2015-04-01,2015-03-01,56431.0,56585.438307234304,5,constrained_level,cv,1
2015-05-01,2015-04-01,57363.0,56020.64523783204,5,constrained_level,cv,1
2015-06-01,2015-05-01,55067.0,55898.78884960399,5,constrained_level,cv,1
2015-07-01,2015-06-01,51606.0,52650.86586922,5,constrained_level,cv,2
2015-08-01,2015-07-01,50265.0,50384.16249640035,5,constrained_level,cv,2
2015-09-01,2015-08-01,49963.0,50745.95278854475,5,constrained_level,cv,2
2015-10-01,2015-09-01,54597.0,51167.75205698045,5,constrained_level,cv,2
2015-11-01,2015-10-01,56100.0,55614.082616605105,5,constrained_level,cv,2
2015-12-01,2015-11-01,54144.0,55102.404920049274,5,constrained_level,cv,2
2016-01-01,2015-12-01,56084.0,52867.85435630911,5,constrained_level,cv,2
2016-02-01,2016-01-01,56398.0,54728.833056727104,5,constrained_level,cv,2
2016-03-01,2016-02-01,54575.0,54800.997232017966,5,constrained_level,cv,2
2016-04-01,2016-03-01,51786.0,53099.15853411249,5,constrained_level,cv,2
2016-05-01,2016-04-01,59504.0,51141.93681810452,5,constrained_level,cv,2
2016-06-01,2016-05-01,58485.0,58710.4908644916,5,constrained_level,cv,2
2016-07-01,2016-06-01,54600.0,55454.82398900553,5,constrained_level,cv,3
2016-08-01,2016-07-01,50172.0,52572.81393308951,5,constrained_level,cv,3
2016-09-01,2016-08-01,49983.0,50534.433752529134,5,constrained_level,cv,3
2016-10-01,2016-09-01,50779.0,51221.1958995952,5,constrained_level,cv,3
2016-11-01,2016-10-01,52121.0,53460.84276518889,5,constrained_level,cv,3
2016-12-01,2016-11-01,51705.0,53837.227790459765,5,constrained_level,cv,3
2017-01-01,2016-12-01,49807.0,52660.26055781763,5,constrained_level,cv,3
2017-02-01,2017-01-01,53997.0,51233.80209039139,5,constrained_level,cv,3
2017-03-01,2017-02-01,55191.0,55569.09245109676,5,constrained_level,cv,3
2017-04-01,2017-03-01,52748.0,54070.27478226925,5,constrained_level,cv,3
2017-05-01,2017-04-01,56513.0,52001.85239855181,5,constrained_level,cv,3
2017-06-01,2017-05-01,54257.0,56705.340846649444,5,constrained_level,cv,3
2017-07-01,2017-06-01,50858.0,52324.541592321206,5,constrained_level,cv,4
2017-08-01,2017-07-01,48478.0,50823.73120935025,5,constrained_level,cv,4
2017-09-01,2017-08-01,48337.0,49241.336724047695,5,constrained_level,cv,4
2017-10-01,2017-09-01,52498.0,50296.79295831061,5,constrained_level,cv,4
2017-11-01,2017-10-01,53896.0,54038.84251285567,5,constrained_level,cv,4
2017-12-01,2017-11-01,51108.0,54302.69342945714,5,constrained_level,cv,4
2018-01-01,2017-12-01,49964.0,50199.71845026938,5,constrained_level,cv,4
2018-02-01,2018-01-01,49005.0,50795.09119731598,5,constrained_level,cv,4
2018-03-01,2018-02-01,49623.0,50596.100265941524,5,constrained_level,cv,4
2018-04-01,2018-03-01,51051.0,51795.98490452503,5,constrained_level,cv,4
2018-05-01,2018-04-01,54765.0,52268.10632399014,5,constrained_level,cv,4
2018-06-01,2018-05-01,51140.0,54698.50256313005,5,constrained_level,cv,4
2018-07-01,2018-06-01,49029.0,49621.96834148053,5,constrained_level,cv,5
2018-08-01,2018-07-01,48728.0,50015.31389827818,5,constrained_level,cv,5
2018-09-01,2018-08-01,49086.0,48894.754400187885,5,constrained_level,cv,5
2018-10-01,2018-09-01,49209.0,51298.826281012996,5,constrained_level,cv,5
2018-11-01,2018-10-01,46399.0,50890.61808746515,5,constrained_level,cv,5
2018-12-01,2018-11-01,45152.0,48638.384923100646,5,constrained_level,cv,5
2019-01-01,2018-12-01,49359.0,48745.990588908615,5,constrained_level,cv,5
2019-02-01,2019-01-01,51643.0,52317.691012126976,5,constrained_level,cv,5
2019-03-01,2019-02-01,49767.0,52899.40845755251,5,constrained_level,cv,5
2019-04-01,2019-03-01,53082.0,50641.81464441051,5,constrained_level,cv,5
2019-05-01,2019-04-01,52006.0,54176.03297041529,5,constrained_level,cv,5
2019-06-01,2019-05-01,50711.0,51973.504575131505,5,constrained_level,cv,5
2019-07-01,2019-06-01,49031.0,49985.036234672094,5,constrained_level,cv,6
2019-08-01,2019-07-01,45344.0,49580.106361062106,5,constrained_level,cv,6
2019-09-01,2019-08-01,46239.0,46392.04601142224,5,constrained_level,cv,6
2019-10-01,2019-09-01,51006.0,48171.7354597784,5,constrained_level,cv,6
2019-11-01,2019-10-01,52413.0,52505.94912893916,5,constrained_level,cv,6
2019-12-01,2019-11-01,52898.0,52533.80634821869,5,constrained_level,cv,6
2020-01-01,2019-12-01,52073.0,52309.647508791255,5,constrained_level,cv,6
2020-02-01,2020-01-01,52311.0,50780.08787637379,5,constrained_level,cv,6
2020-03-01,2020-02-01,57074.0,52335.51324309009,5,constrained_level,cv,6
2020-04-01,2020-03-01,56720.0,56286.08578748554,5,constrained_level,cv,6
2020-05-01,2020-04-01,57391.0,55070.52434277246,5,constrained_level,cv,6
2020-06-01,2020-05-01,56563.0,54631.80483959519,5,constrained_level,cv,6
2020-07-01,2020-06-01,54137.0,55212.79631760242,5,constrained_level,cv,7
2020-08-01,2020-07-01,54804.0,53925.07588681931,5,constrained_level,cv,7
2020-09-01,2020-08-01,51428.0,54402.70306953581,5,constrained_level,cv,7
2020-10-01,2020-09-01,51073.0,51258.74233842135,5,constrained_level,cv,7
2020-11-01,2020-10-01,46690.0,52414.74182384214,5,constrained_level,cv,7
2020-12-01,2020-11-01,45098.0,49274.179584964135,5,constrained_level,cv,7
2021-01-01,2020-12-01,47258.0,49332.01497150099,5,constrained_level,cv,7
2021-02-01,2021-01-01,51532.0,51602.12252289753,5,constrained_level,cv,7
2021-03-01,2021-02-01,48325.0,53832.71903277086,5,constrained_level,cv,7
2021-04-01,2021-03-01,48041.0,50027.95526997978,5,constrained_level,cv,7
2021-05-01,2021-04-01,48296.0,49993.02211341642,5,constrained_level,cv,7
2021-06-01,2021-05-01,47846.0,50298.23994574319,5,constrained_level,cv,7
2021-07-01,2021-06-01,45141.0,48270.4906501429,5,constrained_level,cv,8
2021-08-01,2021-07-01,46345.0,46555.70752629523,5,constrained_level,cv,8
2021-09-01,2021-08-01,47895.0,47815.80128534925,5,constrained_level,cv,8
2021-10-01,2021-09-01,48905.0,49516.60076086345,5,constrained_level,cv,8
2021-11-01,2021-10-01,48624.0,50183.76287064717,5,constrained_level,cv,8
2021-12-01,2021-11-01,46748.0,49832.80186567882,5,constrained_level,cv,8
2022-01-01,2021-12-01,51196.0,47814.8251639312,5,constrained_level,cv,8
2022-02-01,2022-01-01,49640.0,51941.43970996326,5,constrained_level,cv,8
2022-03-01,2022-02-01,46797.0,48727.70469909601,5,constrained_level,cv,8
2022-04-01,2022-03-01,48399.0,45897.3412945013,5,constrained_level,cv,8
2022-05-01,2022-04-01,46490.0,49466.75863073635,5,constrained_level,cv,8
2022-06-01,2022-05-01,46323.0,48133.342493400305,5,constrained_level,cv,8
2022-07-01,2022-06-01,50121.0,46860.18683483817,5,constrained_level,cv,9
2022-08-01,2022-07-01,48567.0,50168.09118309831,5,constrained_level,cv,9
2022-09-01,2022-08-01,48438.0,48233.26272839942,5,constrained_level,cv,9
2022-10-01,2022-09-01,49593.0,47922.24583462317,5,constrained_level,cv,9
2022-11-01,2022-10-01,48722.0,49478.60541615942,5,constrained_level,cv,9
2022-12-01,2022-11-01,48002.0,47335.39023645748,5,constrained_level,cv,9
2023-01-01,2022-12-01,48005.0,47451.251217493635,5,constrained_level,cv,9
2023-02-01,2023-01-01,49287.0,47865.63404789636,5,constrained_level,cv,9
2023-03-01,2023-02-01,49402.0,49300.22776429615,5,constrained_level,cv,9
2023-04-01,2023-03-01,52191.0,48658.47909727206,5,constrained_level,cv,9
2023-05-01,2023-04-01,51745.0,50231.39218056343,5,constrained_level,cv,9
2023-06-01,2023-05-01,49774.0,49945.33483678903,5,constrained_level,cv,9
2023-07-01,2023-06-01,44796.0,48193.657419845156,5,constrained_level,cv,10
2023-08-01,2023-07-01,45906.0,45461.00656182016,5,constrained_level,cv,10
2023-09-01,2023-08-01,43997.0,46801.96359013197,5,constrained_level,cv,10
2023-10-01,2023-09-01,44355.0,44837.86943496816,5,constrained_level,cv,10
2023-11-01,2023-10-01,50123.0,46634.97985885883,5,constrained_level,cv,10
2023-12-01,2023-11-01,49423.0,51152.78194991636,5,constrained_level,cv,10
2024-01-01,2023-12-01,46173.0,49474.62596916031,5,constrained_level,cv,10
2024-02-01,2024-01-01,49347.0,46130.630977298744,5,constrained_level,cv,10
2024-03-01,2024-02-01,47617.0,49468.39477246972,5,constrained_level,cv,10
2024-04-01,2024-03-01,45362.0,47897.12949401727,5,constrained_level,cv,10
2024-05-01,2024-04-01,46523.0,46603.305637010264,5,constrained_level,cv,10
2024-06-01,2024-05-01,44390.0,47588.42182179983,5,constrained_level,cv,10
2014-07-01,2014-06-01,53884.0,54894.599414368735,5,ridge_change,cv,1
2014-08-01,2014-07-01,50091.0,53299.38847131344,5,ridge_change,cv,1
2014-09-01,2014-08-01,53870.0,50080.45521181895,5,ridge_change,cv,1
2014-10-01,2014-09-01,54076.0,53020.924199365465,5,ridge_change,cv,1
2014-11-01,2014-10-01,52061.0,53497.057907696144,5,ridge_change,cv,1
2014-12-01,2014-11-01,48955.0,51833.80373121637,5,ridge_change,cv,1
2015-01-01,2014-12-01,50715.0,49187.15289914105,5,ridge_change,cv,1
2015-02-01,2015-01-01,53664.0,51140.28681595207,5,ridge_change,cv,1
2015-03-01,2015-02-01,57103.0,54192.784624009946,5,ridge_change,cv,1
2015-04-01,2015-03-01,56431.0,56595.54738538866,5,ridge_change,cv,1
2015-05-01,2015-04-01,57363.0,53629.60017893169,5,ridge_change,cv,1
2015-06-01,2015-05-01,55067.0,56828.70789767809,5,ridge_change,cv,1
2015-07-01,2015-06-01,51606.0,54279.891611840496,5,ridge_change,cv,2
2015-08-01,2015-07-01,50265.0,51061.39213816624,5,ridge_change,cv,2
2015-09-01,2015-08-01,49963.0,50665.74710297259,5,ridge_change,cv,2
2015-10-01,2015-09-01,54597.0,50553.25279987165,5,ridge_change,cv,2
2015-11-01,2015-10-01,56100.0,54882.73803414399,5,ridge_change,cv,2
2015-12-01,2015-11-01,54144.0,55464.21460076994,5,ridge_change,cv,2
2016-01-01,2015-12-01,56084.0,53591.15419288158,5,ridge_change,cv,2
2016-02-01,2016-01-01,56398.0,55505.90466840529,5,ridge_change,cv,2
2016-03-01,2016-02-01,54575.0,56113.33703816089,5,ridge_change,cv,2
2016-04-01,2016-03-01,51786.0,54360.927753468255,5,ridge_change,cv,2
2016-05-01,2016-04-01,59504.0,51988.42167861249,5,ridge_change,cv,2
2016-06-01,2016-05-01,58485.0,59027.5735968253,5,ridge_change,cv,2
2016-07-01,2016-06-01,54600.0,57230.78084025161,5,ridge_change,cv,3
2016-08-01,2016-07-01,50172.0,53768.081163327966,5,ridge_change,cv,3
2016-09-01,2016-08-01,49983.0,50302.687233099845,5,ridge_change,cv,3
2016-10-01,2016-09-01,50779.0,50680.381985569424,5,ridge_change,cv,3
2016-11-01,2016-10-01,52121.0,52213.50521996981,5,ridge_change,cv,3
2016-12-01,2016-11-01,51705.0,52841.47017385117,5,ridge_change,cv,3
2017-01-01,2016-12-01,49807.0,52390.970495224916,5,ridge_change,cv,3
2017-02-01,2017-01-01,53997.0,50795.4020708764,5,ridge_change,cv,3
2017-03-01,2017-02-01,55191.0,54624.55389068202,5,ridge_change,cv,3
2017-04-01,2017-03-01,52748.0,54500.430745483296,5,ridge_change,cv,3
2017-05-01,2017-04-01,56513.0,53171.78472487053,5,ridge_change,cv,3
2017-06-01,2017-05-01,54257.0,56726.92005614453,5,ridge_change,cv,3
2017-07-01,2017-06-01,50858.0,53542.92343353781,5,ridge_change,cv,4
2017-08-01,2017-07-01,48478.0,50846.19427399353,5,ridge_change,cv,4
2017-09-01,2017-08-01,48337.0,48479.56842537234,5,ridge_change,cv,4
2017-10-01,2017-09-01,52498.0,48947.75807819802,5,ridge_change,cv,4
2017-11-01,2017-10-01,53896.0,52851.33055835436,5,ridge_change,cv,4
2017-12-01,2017-11-01,51108.0,54052.90190570234,5,ridge_change,cv,4
2018-01-01,2017-12-01,49964.0,50343.58863943865,5,ridge_change,cv,4
2018-02-01,2018-01-01,49005.0,50314.36246517641,5,ridge_change,cv,4
2018-03-01,2018-02-01,49623.0,49865.78294857983,5,ridge_change,cv,4
2018-04-01,2018-03-01,51051.0,50586.33838867369,5,ridge_change,cv,4
2018-05-01,2018-04-01,54765.0,51764.97098204259,5,ridge_change,cv,4
2018-06-01,2018-05-01,51140.0,54460.853207963555,5,ridge_change,cv,4
2018-07-01,2018-06-01,49029.0,50080.4927014394,5,ridge_change,cv,5
2018-08-01,2018-07-01,48728.0,49497.16314463202,5,ridge_change,cv,5
2018-09-01,2018-08-01,49086.0,48218.97724476939,5,ridge_change,cv,5
2018-10-01,2018-09-01,49209.0,50333.39833325402,5,ridge_change,cv,5
2018-11-01,2018-10-01,46399.0,50159.2869049853,5,ridge_change,cv,5
2018-12-01,2018-11-01,45152.0,47049.88015174934,5,ridge_change,cv,5
2019-01-01,2018-12-01,49359.0,46656.29179416532,5,ridge_change,cv,5
2019-02-01,2019-01-01,51643.0,50213.160066302065,5,ridge_change,cv,5
2019-03-01,2019-02-01,49767.0,51928.34865564331,5,ridge_change,cv,5
2019-04-01,2019-03-01,53082.0,50117.04505012824,5,ridge_change,cv,5
2019-05-01,2019-04-01,52006.0,53427.518933591,5,ridge_change,cv,5
2019-06-01,2019-05-01,50711.0,51607.23744033131,5,ridge_change,cv,5
2019-07-01,2019-06-01,49031.0,49774.30233600637,5,ridge_change,cv,6
2019-08-01,2019-07-01,45344.0,48879.96931051703,5,ridge_change,cv,6
2019-09-01,2019-08-01,46239.0,45795.31620053754,5,ridge_change,cv,6
2019-10-01,2019-09-01,51006.0,46068.29435702335,5,ridge_change,cv,6
2019-11-01,2019-10-01,52413.0,51038.01893776874,5,ridge_change,cv,6
2019-12-01,2019-11-01,52898.0,51839.877828802804,5,ridge_change,cv,6
2020-01-01,2019-12-01,52073.0,52507.909484156844,5,ridge_change,cv,6
2020-02-01,2020-01-01,52311.0,50515.32627402111,5,ridge_change,cv,6
2020-03-01,2020-02-01,57074.0,52352.66055488489,5,ridge_change,cv,6
2020-04-01,2020-03-01,56720.0,56778.81371860007,5,ridge_change,cv,6
2020-05-01,2020-04-01,57391.0,55325.15847363359,5,ridge_change,cv,6
2020-06-01,2020-05-01,56563.0,54845.93431946868,5,ridge_change,cv,6
2020-07-01,2020-06-01,54137.0,55809.29629225565,5,ridge_change,cv,7
2020-08-01,2020-07-01,54804.0,53652.954994798405,5,ridge_change,cv,7
2020-09-01,2020-08-01,51428.0,54025.190964014684,5,ridge_change,cv,7
2020-10-01,2020-09-01,51073.0,51064.95774793696,5,ridge_change,cv,7
2020-11-01,2020-10-01,46690.0,51549.64293752784,5,ridge_change,cv,7
2020-12-01,2020-11-01,45098.0,47887.10392334127,5,ridge_change,cv,7
2021-01-01,2020-12-01,47258.0,46922.793277201126,5,ridge_change,cv,7
2021-02-01,2021-01-01,51532.0,49218.87166818924,5,ridge_change,cv,7
2021-03-01,2021-02-01,48325.0,52794.442813190624,5,ridge_change,cv,7
2021-04-01,2021-03-01,48041.0,49531.43807959349,5,ridge_change,cv,7
2021-05-01,2021-04-01,48296.0,49190.238607104046,5,ridge_change,cv,7
2021-06-01,2021-05-01,47846.0,49654.10834722402,5,ridge_change,cv,7
2021-07-01,2021-06-01,45141.0,48234.25592159727,5,ridge_change,cv,8
2021-08-01,2021-07-01,46345.0,46259.591447207065,5,ridge_change,cv,8
2021-09-01,2021-08-01,47895.0,47131.01320986602,5,ridge_change,cv,8
2021-10-01,2021-09-01,48905.0,48772.44872131463,5,ridge_change,cv,8
2021-11-01,2021-10-01,48624.0,49380.72217221356,5,ridge_change,cv,8
2021-12-01,2021-11-01,46748.0,48833.81888196046,5,ridge_change,cv,8
2022-01-01,2021-12-01,51196.0,46975.50289746028,5,ridge_change,cv,8
2022-02-01,2022-01-01,49640.0,51961.99046324252,5,ridge_change,cv,8
2022-03-01,2022-02-01,46797.0,49417.917350890064,5,ridge_change,cv,8
2022-04-01,2022-03-01,48399.0,46820.56600887158,5,ridge_change,cv,8
2022-05-01,2022-04-01,46490.0,48944.355134037454,5,ridge_change,cv,8
2022-06-01,2022-05-01,46323.0,47797.09011570413,5,ridge_change,cv,8
2022-07-01,2022-06-01,50121.0,46256.84516114322,5,ridge_change,cv,9
2022-08-01,2022-07-01,48567.0,49871.51227191945,5,ridge_change,cv,9
2022-09-01,2022-08-01,48438.0,48585.14414981931,5,ridge_change,cv,9
2022-10-01,2022-09-01,49593.0,48073.09756751981,5,ridge_change,cv,9
2022-11-01,2022-10-01,48722.0,49697.36893048961,5,ridge_change,cv,9
2022-12-01,2022-11-01,48002.0,47773.5243467129,5,ridge_change,cv,9
2023-01-01,2022-12-01,48005.0,47886.93528995507,5,ridge_change,cv,9
2023-02-01,2023-01-01,49287.0,47723.83703965153,5,ridge_change,cv,9
2023-03-01,2023-02-01,49402.0,49076.30647819447,5,ridge_change,cv,9
2023-04-01,2023-03-01,52191.0,48978.089928989284,5,ridge_change,cv,9
2023-05-01,2023-04-01,51745.0,50694.31956377931,5,ridge_change,cv,9
2023-06-01,2023-05-01,49774.0,50661.02959587614,5,ridge_change,cv,9
2023-07-01,2023-06-01,44796.0,49051.33658716489,5,ridge_change,cv,10
2023-08-01,2023-07-01,45906.0,45337.83723603166,5,ridge_change,cv,10
2023-09-01,2023-08-01,43997.0,46343.83257095119,5,ridge_change,cv,10
2023-10-01,2023-09-01,44355.0,44559.638623010826,5,ridge_change,cv,10
2023-11-01,2023-10-01,50123.0,45329.08485020646,5,ridge_change,cv,10
2023-12-01,2023-11-01,49423.0,50507.05388954585,5,ridge_change,cv,10
2024-01-01,2023-12-01,46173.0,49566.52062335599,5,ridge_change,cv,10
2024-02-01,2024-01-01,49347.0,46259.40619025399,5,ridge_change,cv,10
2024-03-01,2024-02-01,47617.0,49214.04472561396,5,ridge_change,cv,10
2024-04-01,2024-03-01,45362.0,48102.05391926099,5,ridge_change,cv,10
2024-05-01,2024-04-01,46523.0,46261.04323158996,5,ridge_change,cv,10
2024-06-01,2024-05-01,44390.0,47078.66880606106,5,ridge_change,cv,10
2014-07-01,2014-06-01,53884.0,54653.42485428206,5,seasonal_ridge_change,cv,1
2014-08-01,2014-07-01,50091.0,53135.00741466432,5,seasonal_ridge_change,cv,1
2014-09-01,2014-08-01,53870.0,49937.9405495516,5,seasonal_ridge_change,cv,1
2014-10-01,2014-09-01,54076.0,52646.2993810874,5,seasonal_ridge_change,cv,1
2014-11-01,2014-10-01,52061.0,53540.85229735673,5,seasonal_ridge_change,cv,1
2014-12-01,2014-11-01,48955.0,51970.38243733145,5,seasonal_ridge_change,cv,1
2015-01-01,2014-12-01,50715.0,49424.77627600934,5,seasonal_ridge_change,cv,1
2015-02-01,2015-01-01,53664.0,51372.616980248495,5,seasonal_ridge_change,cv,1
2015-03-01,2015-02-01,57103.0,54313.36675957985,5,seasonal_ridge_change,cv,1
2015-04-01,2015-03-01,56431.0,56597.10573632159,5,seasonal_ridge_change,cv,1
2015-05-01,2015-04-01,57363.0,52810.31234977863,5,seasonal_ridge_change,cv,1
2015-06-01,2015-05-01,55067.0,56596.65545780451,5,seasonal_ridge_change,cv,1
2015-07-01,2015-06-01,51606.0,54084.22629165569,5,seasonal_ridge_change,cv,2
2015-08-01,2015-07-01,50265.0,50900.20373047524,5,seasonal_ridge_change,cv,2
2015-09-01,2015-08-01,49963.0,50554.742349569,5,seasonal_ridge_change,cv,2
2015-10-01,2015-09-01,54597.0,50475.218849873054,5,seasonal_ridge_change,cv,2
2015-11-01,2015-10-01,56100.0,54932.835120553354,5,seasonal_ridge_change,cv,2
2015-12-01,2015-11-01,54144.0,55642.15085519745,5,seasonal_ridge_change,cv,2
2016-01-01,2015-12-01,56084.0,53857.06823475029,5,seasonal_ridge_change,cv,2
2016-02-01,2016-01-01,56398.0,55866.854245102186,5,seasonal_ridge_change,cv,2
2016-03-01,2016-02-01,54575.0,56332.769844210976,5,seasonal_ridge_change,cv,2
2016-04-01,2016-03-01,51786.0,54519.33705155411,5,seasonal_ridge_change,cv,2
2016-05-01,2016-04-01,59504.0,52032.234816349475,5,seasonal_ridge_change,cv,2
2016-06-01,2016-05-01,58485.0,58993.76150785662,5,seasonal_ridge_change,cv,2
2016-07-01,2016-06-01,54600.0,57085.33017381788,5,seasonal_ridge_change,cv,3
2016-08-01,2016-07-01,50172.0,53655.11776954447,5,seasonal_ridge_change,cv,3
2016-09-01,2016-08-01,49983.0,50212.90033980507,5,seasonal_ridge_change,cv,3
2016-10-01,2016-09-01,50779.0,50654.610842435286,5,seasonal_ridge_change,cv,3
2016-11-01,2016-10-01,52121.0,52063.35131080139,5,seasonal_ridge_change,cv,3
2016-12-01,2016-11-01,51705.0,52882.42237328352,5,seasonal_ridge_change,cv,3
2017-01-01,2016-12-01,49807.0,52633.64866667038,5,seasonal_ridge_change,cv,3
2017-02-01,2017-01-01,53997.0,51103.57621297428,5,seasonal_ridge_change,cv,3
2017-03-01,2017-02-01,55191.0,54778.39957966394,5,seasonal_ridge_change,cv,3
2017-04-01,2017-03-01,52748.0,54725.46719138614,5,seasonal_ridge_change,cv,3
2017-05-01,2017-04-01,56513.0,53244.92140079452,5,seasonal_ridge_change,cv,3
2017-06-01,2017-05-01,54257.0,56713.87992280842,5,seasonal_ridge_change,cv,3
2017-07-01,2017-06-01,50858.0,53352.23873406996,5,seasonal_ridge_change,cv,4
2017-08-01,2017-07-01,48478.0,50698.587087917505,5,seasonal_ridge_change,cv,4
2017-09-01,2017-08-01,48337.0,48450.869864064036,5,seasonal_ridge_change,cv,4
2017-10-01,2017-09-01,52498.0,48935.908119137,5,seasonal_ridge_change,cv,4
2017-11-01,2017-10-01,53896.0,52862.63395797222,5,seasonal_ridge_change,cv,4
2017-12-01,2017-11-01,51108.0,54270.784115172,5,seasonal_ridge_change,cv,4
2018-01-01,2017-12-01,49964.0,50847.234384614676,5,seasonal_ridge_change,cv,4
2018-02-01,2018-01-01,49005.0,50744.09357475587,5,seasonal_ridge_change,cv,4
2018-03-01,2018-02-01,49623.0,50178.36168311781,5,seasonal_ridge_change,cv,4
2018-04-01,2018-03-01,51051.0,50935.092670121645,5,seasonal_ridge_change,cv,4
2018-05-01,2018-04-01,54765.0,51821.35745319436,5,seasonal_ridge_change,cv,4
2018-06-01,2018-05-01,51140.0,54438.67758307673,5,seasonal_ridge_change,cv,4
2018-07-01,2018-06-01,49029.0,50052.0735260612,5,seasonal_ridge_change,cv,5
2018-08-01,2018-07-01,48728.0,49383.309112255316,5,seasonal_ridge_change,cv,5
2018-09-01,2018-08-01,49086.0,48201.03784796851,5,seasonal_ridge_change,cv,5
2018-10-01,2018-09-01,49209.0,50248.876444021706,5,seasonal_ridge_change,cv,5
2018-11-01,2018-10-01,46399.0,50198.62881800326,5,seasonal_ridge_change,cv,5
2018-12-01,2018-11-01,45152.0,47301.824067730755,5,seasonal_ridge_change,cv,5
2019-01-01,2018-12-01,49359.0,46986.97485265101,5,seasonal_ridge_change,cv,5
2019-02-01,2019-01-01,51643.0,50595.11299087978,5,seasonal_ridge_change,cv,5
2019-03-01,2019-02-01,49767.0,52198.012052629514,5,seasonal_ridge_change,cv,5
2019-04-01,2019-03-01,53082.0,50319.030921839796,5,seasonal_ridge_change,cv,5
2019-05-01,2019-04-01,52006.0,53377.3162987522,5,seasonal_ridge_change,cv,5
2019-06-01,2019-05-01,50711.0,51538.12327374027,5,seasonal_ridge_change,cv,5
2019-07-01,2019-06-01,49031.0,49637.86774185427,5,seasonal_ridge_change,cv,6
2019-08-01,2019-07-01,45344.0,48663.02667442212,5,seasonal_ridge_change,cv,6
2019-09-01,2019-08-01,46239.0,45670.395754878584,5,seasonal_ridge_change,cv,6
2019-10-01,2019-09-01,51006.0,45965.56977535255,5,seasonal_ridge_change,cv,6
2019-11-01,2019-10-01,52413.0,51077.94589492036,5,seasonal_ridge_change,cv,6
2019-12-01,2019-11-01,52898.0,52033.08341350494,5,seasonal_ridge_change,cv,6
2020-01-01,2019-12-01,52073.0,52873.29326423705,5,seasonal_ridge_change,cv,6
2020-02-01,2020-01-01,52311.0,50930.45878071259,5,seasonal_ridge_change,cv,6
2020-03-01,2020-02-01,57074.0,52668.49547325192,5,seasonal_ridge_change,cv,6
2020-04-01,2020-03-01,56720.0,56898.94130748306,5,seasonal_ridge_change,cv,6
2020-05-01,2020-04-01,57391.0,55049.94758473788,5,seasonal_ridge_change,cv,6
2020-06-01,2020-05-01,56563.0,54556.34555006502,5,seasonal_ridge_change,cv,6
2020-07-01,2020-06-01,54137.0,55356.329979774964,5,seasonal_ridge_change,cv,7
2020-08-01,2020-07-01,54804.0,53061.9538567056,5,seasonal_ridge_change,cv,7
2020-09-01,2020-08-01,51428.0,53578.39601166289,5,seasonal_ridge_change,cv,7
2020-10-01,2020-09-01,51073.0,50827.783719605526,5,seasonal_ridge_change,cv,7
2020-11-01,2020-10-01,46690.0,51421.75618626876,5,seasonal_ridge_change,cv,7
2020-12-01,2020-11-01,45098.0,47937.338548827065,5,seasonal_ridge_change,cv,7
2021-01-01,2020-12-01,47258.0,47029.38812489637,5,seasonal_ridge_change,cv,7
2021-02-01,2021-01-01,51532.0,49371.16285928032,5,seasonal_ridge_change,cv,7
2021-03-01,2021-02-01,48325.0,52919.701072462674,5,seasonal_ridge_change,cv,7
2021-04-01,2021-03-01,48041.0,49616.47972068409,5,seasonal_ridge_change,cv,7
2021-05-01,2021-04-01,48296.0,49191.37964557992,5,seasonal_ridge_change,cv,7
2021-06-01,2021-05-01,47846.0,49446.03102853153,5,seasonal_ridge_change,cv,7
2021-07-01,2021-06-01,45141.0,47969.13338669392,5,seasonal_ridge_change,cv,8
2021-08-01,2021-07-01,46345.0,45879.58778286844,5,seasonal_ridge_change,cv,8
2021-09-01,2021-08-01,47895.0,46859.86509550969,5,seasonal_ridge_change,cv,8
2021-10-01,2021-09-01,48905.0,48537.14084373196,5,seasonal_ridge_change,cv,8
2021-11-01,2021-10-01,48624.0,49384.81854813792,5,seasonal_ridge_change,cv,8
2021-12-01,2021-11-01,46748.0,48999.73209566875,5,seasonal_ridge_change,cv,8
2022-01-01,2021-12-01,51196.0,47364.032299088445,5,seasonal_ridge_change,cv,8
2022-02-01,2022-01-01,49640.0,52304.59456691222,5,seasonal_ridge_change,cv,8
2022-03-01,2022-02-01,46797.0,49813.5699941111,5,seasonal_ridge_change,cv,8
2022-04-01,2022-03-01,48399.0,47214.9200058672,5,seasonal_ridge_change,cv,8
2022-05-01,2022-04-01,46490.0,48967.58868661816,5,seasonal_ridge_change,cv,8
2022-06-01,2022-05-01,46323.0,47690.96776421476,5,seasonal_ridge_change,cv,8
2022-07-01,2022-06-01,50121.0,45871.1330378714,5,seasonal_ridge_change,cv,9
2022-08-01,2022-07-01,48567.0,49312.7355727975,5,seasonal_ridge_change,cv,9
2022-09-01,2022-08-01,48438.0,48207.43465597253,5,seasonal_ridge_change,cv,9
2022-10-01,2022-09-01,49593.0,47769.41899220097,5,seasonal_ridge_change,cv,9
2022-11-01,2022-10-01,48722.0,49684.25250822132,5,seasonal_ridge_change,cv,9
2022-12-01,2022-11-01,48002.0,47925.19084490854,5,seasonal_ridge_change,cv,9
2023-01-01,2022-12-01,48005.0,48238.86410635916,5,seasonal_ridge_change,cv,9
2023-02-01,2023-01-01,49287.0,47971.08468096457,5,seasonal_ridge_change,cv,9
2023-03-01,2023-02-01,49402.0,49319.8695162501,5,seasonal_ridge_change,cv,9
2023-04-01,2023-03-01,52191.0,49272.292620827386,5,seasonal_ridge_change,cv,9
2023-05-01,2023-04-01,51745.0,50541.97268130313,5,seasonal_ridge_change,cv,9
2023-06-01,2023-05-01,49774.0,50408.77952583638,5,seasonal_ridge_change,cv,9
2023-07-01,2023-06-01,44796.0,48884.05613674317,5,seasonal_ridge_change,cv,10
2023-08-01,2023-07-01,45906.0,44976.426290831114,5,seasonal_ridge_change,cv,10
2023-09-01,2023-08-01,43997.0,46107.72689931308,5,seasonal_ridge_change,cv,10
2023-10-01,2023-09-01,44355.0,44319.89396739348,5,seasonal_ridge_change,cv,10
2023-11-01,2023-10-01,50123.0,45131.36266706323,5,seasonal_ridge_change,cv,10
2023-12-01,2023-11-01,49423.0,50579.868311004495,5,seasonal_ridge_change,cv,10
2024-01-01,2023-12-01,46173.0,49822.461808427164,5,seasonal_ridge_change,cv,10
2024-02-01,2024-01-01,49347.0,46643.57835905267,5,seasonal_ridge_change,cv,10
2024-03-01,2024-02-01,47617.0,49456.132082403135,5,seasonal_ridge_change,cv,10
2024-04-01,2024-03-01,45362.0,48264.21114447431,5,seasonal_ridge_change,cv,10
2024-05-01,2024-04-01,46523.0,46239.182626112284,5,seasonal_ridge_change,cv,10
2024-06-01,2024-05-01,44390.0,46912.63302274446,5,seasonal_ridge_change,cv,10
2014-07-01,2014-06-01,53884.0,55770.638011884104,5,polynomial_ridge_change,cv,1
2014-08-01,2014-07-01,50091.0,53970.41122305598,5,polynomial_ridge_change,cv,1
2014-09-01,2014-08-01,53870.0,50416.82813543603,5,polynomial_ridge_change,cv,1
2014-10-01,2014-09-01,54076.0,47618.19443274089,5,polynomial_ridge_change,cv,1
2014-11-01,2014-10-01,52061.0,54126.860923899236,5,polynomial_ridge_change,cv,1
2014-12-01,2014-11-01,48955.0,52157.345319074164,5,polynomial_ridge_change,cv,1
2015-01-01,2014-12-01,50715.0,49126.629984803934,5,polynomial_ridge_change,cv,1
2015-02-01,2015-01-01,53664.0,51004.62918193428,5,polynomial_ridge_change,cv,1
2015-03-01,2015-02-01,57103.0,53927.31750466717,5,polynomial_ridge_change,cv,1
2015-04-01,2015-03-01,56431.0,55551.53849809191,5,polynomial_ridge_change,cv,1
2015-05-01,2015-04-01,57363.0,54149.51267501917,5,polynomial_ridge_change,cv,1
2015-06-01,2015-05-01,55067.0,56937.56104901784,5,polynomial_ridge_change,cv,1
2015-07-01,2015-06-01,51606.0,54717.50612779131,5,polynomial_ridge_change,cv,2
2015-08-01,2015-07-01,50265.0,51416.98478701238,5,polynomial_ridge_change,cv,2
2015-09-01,2015-08-01,49963.0,50547.93520796902,5,polynomial_ridge_change,cv,2
2015-10-01,2015-09-01,54597.0,50259.477408720355,5,polynomial_ridge_change,cv,2
2015-11-01,2015-10-01,56100.0,54751.32909736396,5,polynomial_ridge_change,cv,2
2015-12-01,2015-11-01,54144.0,56108.97153162797,5,polynomial_ridge_change,cv,2
2016-01-01,2015-12-01,56084.0,54107.83180417968,5,polynomial_ridge_change,cv,2
2016-02-01,2016-01-01,56398.0,56176.80335067629,5,polynomial_ridge_change,cv,2
2016-03-01,2016-02-01,54575.0,56616.76749833726,5,polynomial_ridge_change,cv,2
2016-04-01,2016-03-01,51786.0,54763.40691843957,5,polynomial_ridge_change,cv,2
2016-05-01,2016-04-01,59504.0,51805.05788960439,5,polynomial_ridge_change,cv,2
2016-06-01,2016-05-01,58485.0,58940.28199120493,5,polynomial_ridge_change,cv,2
2016-07-01,2016-06-01,54600.0,58281.83222152094,5,polynomial_ridge_change,cv,3
2016-08-01,2016-07-01,50172.0,54572.69431888704,5,polynomial_ridge_change,cv,3
2016-09-01,2016-08-01,49983.0,50536.17226597084,5,polynomial_ridge_change,cv,3
2016-10-01,2016-09-01,50779.0,50351.42171470712,5,polynomial_ridge_change,cv,3
2016-11-01,2016-10-01,52121.0,50751.06043826144,5,polynomial_ridge_change,cv,3
2016-12-01,2016-11-01,51705.0,51928.82665526448,5,polynomial_ridge_change,cv,3
2017-01-01,2016-12-01,49807.0,51768.89091251894,5,polynomial_ridge_change,cv,3
2017-02-01,2017-01-01,53997.0,50219.77036133135,5,polynomial_ridge_change,cv,3
2017-03-01,2017-02-01,55191.0,54284.495011390514,5,polynomial_ridge_change,cv,3
2017-04-01,2017-03-01,52748.0,55149.63340140534,5,polynomial_ridge_change,cv,3
2017-05-01,2017-04-01,56513.0,52933.32002926228,5,polynomial_ridge_change,cv,3
2017-06-01,2017-05-01,54257.0,56159.03306745441,5,polynomial_ridge_change,cv,3
2017-07-01,2017-06-01,50858.0,53799.914257931174,5,polynomial_ridge_change,cv,4
2017-08-01,2017-07-01,48478.0,50766.93144329035,5,polynomial_ridge_change,cv,4
2017-09-01,2017-08-01,48337.0,48013.7861959491,5,polynomial_ridge_change,cv,4
2017-10-01,2017-09-01,52498.0,48471.51047477764,5,polynomial_ridge_change,cv,4
2017-11-01,2017-10-01,53896.0,52571.77234085746,5,polynomial_ridge_change,cv,4
2017-12-01,2017-11-01,51108.0,54019.81977768236,5,polynomial_ridge_change,cv,4
2018-01-01,2017-12-01,49964.0,50687.64599724904,5,polynomial_ridge_change,cv,4
2018-02-01,2018-01-01,49005.0,50222.59189189022,5,polynomial_ridge_change,cv,4
2018-03-01,2018-02-01,49623.0,49597.103968439274,5,polynomial_ridge_change,cv,4
2018-04-01,2018-03-01,51051.0,50022.971771452634,5,polynomial_ridge_change,cv,4
2018-05-01,2018-04-01,54765.0,51191.927671586745,5,polynomial_ridge_change,cv,4
2018-06-01,2018-05-01,51140.0,54005.300639650486,5,polynomial_ridge_change,cv,4
2018-07-01,2018-06-01,49029.0,49734.67783651111,5,polynomial_ridge_change,cv,5
2018-08-01,2018-07-01,48728.0,48981.88102300413,5,polynomial_ridge_change,cv,5
2018-09-01,2018-08-01,49086.0,47950.437559672995,5,polynomial_ridge_change,cv,5
2018-10-01,2018-09-01,49209.0,49689.04566349762,5,polynomial_ridge_change,cv,5
2018-11-01,2018-10-01,46399.0,49580.229125018,5,polynomial_ridge_change,cv,5
2018-12-01,2018-11-01,45152.0,46160.6811008646,5,polynomial_ridge_change,cv,5
2019-01-01,2018-12-01,49359.0,45507.67918422303,5,polynomial_ridge_change,cv,5
2019-02-01,2019-01-01,51643.0,49533.76370637434,5,polynomial_ridge_change,cv,5
2019-03-01,2019-02-01,49767.0,52038.48596895865,5,polynomial_ridge_change,cv,5
2019-04-01,2019-03-01,53082.0,50233.211336888984,5,polynomial_ridge_change,cv,5
2019-05-01,2019-04-01,52006.0,53040.34868689192,5,polynomial_ridge_change,cv,5
2019-06-01,2019-05-01,50711.0,51418.62253836205,5,polynomial_ridge_change,cv,5
2019-07-01,2019-06-01,49031.0,49698.3648438841,5,polynomial_ridge_change,cv,6
2019-08-01,2019-07-01,45344.0,48570.32601849493,5,polynomial_ridge_change,cv,6
2019-09-01,2019-08-01,46239.0,45679.10254278969,5,polynomial_ridge_change,cv,6
2019-10-01,2019-09-01,51006.0,44945.19466870554,5,polynomial_ridge_change,cv,6
2019-11-01,2019-10-01,52413.0,51418.25057359022,5,polynomial_ridge_change,cv,6
2019-12-01,2019-11-01,52898.0,52586.126040897936,5,polynomial_ridge_change,cv,6
2020-01-01,2019-12-01,52073.0,53045.605735168276,5,polynomial_ridge_change,cv,6
2020-02-01,2020-01-01,52311.0,51288.040381920415,5,polynomial_ridge_change,cv,6
2020-03-01,2020-02-01,57074.0,52836.96964968962,5,polynomial_ridge_change,cv,6
2020-04-01,2020-03-01,56720.0,57381.376880129494,5,polynomial_ridge_change,cv,6
2020-05-01,2020-04-01,57391.0,56744.77453145662,5,polynomial_ridge_change,cv,6
2020-06-01,2020-05-01,56563.0,56639.82309205593,5,polynomial_ridge_change,cv,6
2020-07-01,2020-06-01,54137.0,56667.452912602486,5,polynomial_ridge_change,cv,7
2020-08-01,2020-07-01,54804.0,54451.9046931212,5,polynomial_ridge_change,cv,7
2020-09-01,2020-08-01,51428.0,55315.7501719084,5,polynomial_ridge_change,cv,7
2020-10-01,2020-09-01,51073.0,51847.094872458714,5,polynomial_ridge_change,cv,7
2020-11-01,2020-10-01,46690.0,51182.72243027361,5,polynomial_ridge_change,cv,7
2020-12-01,2020-11-01,45098.0,46752.21148692196,5,polynomial_ridge_change,cv,7
2021-01-01,2020-12-01,47258.0,45248.335543107336,5,polynomial_ridge_change,cv,7
2021-02-01,2021-01-01,51532.0,47434.514966826646,5,polynomial_ridge_change,cv,7
2021-03-01,2021-02-01,48325.0,51597.23232264652,5,polynomial_ridge_change,cv,7
2021-04-01,2021-03-01,48041.0,48900.63420687706,5,polynomial_ridge_change,cv,7
2021-05-01,2021-04-01,48296.0,48063.57639268392,5,polynomial_ridge_change,cv,7
2021-06-01,2021-05-01,47846.0,48252.79343551108,5,polynomial_ridge_change,cv,7
2021-07-01,2021-06-01,45141.0,47634.45180159673,5,polynomial_ridge_change,cv,8
2021-08-01,2021-07-01,46345.0,45509.4116575114,5,polynomial_ridge_change,cv,8
2021-09-01,2021-08-01,47895.0,46702.06165521019,5,polynomial_ridge_change,cv,8
2021-10-01,2021-09-01,48905.0,48324.37650327249,5,polynomial_ridge_change,cv,8
2021-11-01,2021-10-01,48624.0,49197.84923511068,5,polynomial_ridge_change,cv,8
2021-12-01,2021-11-01,46748.0,48734.362320527114,5,polynomial_ridge_change,cv,8
2022-01-01,2021-12-01,51196.0,46906.51290643541,5,polynomial_ridge_change,cv,8
2022-02-01,2022-01-01,49640.0,51353.711944424416,5,polynomial_ridge_change,cv,8
2022-03-01,2022-02-01,46797.0,50009.36726381443,5,polynomial_ridge_change,cv,8
2022-04-01,2022-03-01,48399.0,47186.39141533331,5,polynomial_ridge_change,cv,8
2022-05-01,2022-04-01,46490.0,48549.20904516889,5,polynomial_ridge_change,cv,8
2022-06-01,2022-05-01,46323.0,46546.23647104602,5,polynomial_ridge_change,cv,8
2022-07-01,2022-06-01,50121.0,46215.07737306769,5,polynomial_ridge_change,cv,9
2022-08-01,2022-07-01,48567.0,49953.9673546222,5,polynomial_ridge_change,cv,9
2022-09-01,2022-08-01,48438.0,48753.08729960185,5,polynomial_ridge_change,cv,9
2022-10-01,2022-09-01,49593.0,48496.49040626016,5,polynomial_ridge_change,cv,9
2022-11-01,2022-10-01,48722.0,49611.37223997565,5,polynomial_ridge_change,cv,9
2022-12-01,2022-11-01,48002.0,48649.48496843093,5,polynomial_ridge_change,cv,9
2023-01-01,2022-12-01,48005.0,47867.67375542137,5,polynomial_ridge_change,cv,9
2023-02-01,2023-01-01,49287.0,47391.02790443182,5,polynomial_ridge_change,cv,9
2023-03-01,2023-02-01,49402.0,49058.812709440055,5,polynomial_ridge_change,cv,9
2023-04-01,2023-03-01,52191.0,49672.962554125486,5,polynomial_ridge_change,cv,9
2023-05-01,2023-04-01,51745.0,51551.86378575671,5,polynomial_ridge_change,cv,9
2023-06-01,2023-05-01,49774.0,51463.54708072599,5,polynomial_ridge_change,cv,9
2023-07-01,2023-06-01,44796.0,49626.34729046034,5,polynomial_ridge_change,cv,10
2023-08-01,2023-07-01,45906.0,45236.01317635108,5,polynomial_ridge_change,cv,10
2023-09-01,2023-08-01,43997.0,46558.69355510924,5,polynomial_ridge_change,cv,10
2023-10-01,2023-09-01,44355.0,44782.44943939154,5,polynomial_ridge_change,cv,10
2023-11-01,2023-10-01,50123.0,44454.63187868083,5,polynomial_ridge_change,cv,10
2023-12-01,2023-11-01,49423.0,49816.747599370065,5,polynomial_ridge_change,cv,10
2024-01-01,2023-12-01,46173.0,49042.79845625621,5,polynomial_ridge_change,cv,10
2024-02-01,2024-01-01,49347.0,46248.51638350841,5,polynomial_ridge_change,cv,10
2024-03-01,2024-02-01,47617.0,49170.563351275865,5,polynomial_ridge_change,cv,10
2024-04-01,2024-03-01,45362.0,47734.81913766095,5,polynomial_ridge_change,cv,10
2024-05-01,2024-04-01,46523.0,45621.40041482571,5,polynomial_ridge_change,cv,10
2024-06-01,2024-05-01,44390.0,46492.343580097215,5,polynomial_ridge_change,cv,10
2014-07-01,2014-06-01,53884.0,54224.80963425533,5,spline_ridge_change,cv,1
2014-08-01,2014-07-01,50091.0,53767.5641152826,5,spline_ridge_change,cv,1
2014-09-01,2014-08-01,53870.0,51062.89566460509,5,spline_ridge_change,cv,1
2014-10-01,2014-09-01,54076.0,54046.46250677123,5,spline_ridge_change,cv,1
2014-11-01,2014-10-01,52061.0,54050.16589918475,5,spline_ridge_change,cv,1
2014-12-01,2014-11-01,48955.0,50489.7057142421,5,spline_ridge_change,cv,1
2015-01-01,2014-12-01,50715.0,50083.87906820923,5,spline_ridge_change,cv,1
2015-02-01,2015-01-01,53664.0,52989.578586424264,5,spline_ridge_change,cv,1
2015-03-01,2015-02-01,57103.0,54366.75038630147,5,spline_ridge_change,cv,1
2015-04-01,2015-03-01,56431.0,56194.432385352935,5,spline_ridge_change,cv,1
2015-05-01,2015-04-01,57363.0,54746.86026745299,5,spline_ridge_change,cv,1
2015-06-01,2015-05-01,55067.0,55739.87814861562,5,spline_ridge_change,cv,1
2015-07-01,2015-06-01,51606.0,54081.43399331198,5,spline_ridge_change,cv,2
2015-08-01,2015-07-01,50265.0,51318.103607488796,5,spline_ridge_change,cv,2
2015-09-01,2015-08-01,49963.0,51616.639237705385,5,spline_ridge_change,cv,2
2015-10-01,2015-09-01,54597.0,51701.63847491279,5,spline_ridge_change,cv,2
2015-11-01,2015-10-01,56100.0,54439.712499478206,5,spline_ridge_change,cv,2
2015-12-01,2015-11-01,54144.0,54879.27601698998,5,spline_ridge_change,cv,2
2016-01-01,2015-12-01,56084.0,53459.71360488002,5,spline_ridge_change,cv,2
2016-02-01,2016-01-01,56398.0,56456.605429996926,5,spline_ridge_change,cv,2
2016-03-01,2016-02-01,54575.0,57079.52754109722,5,spline_ridge_change,cv,2
2016-04-01,2016-03-01,51786.0,54778.43965471481,5,spline_ridge_change,cv,2
2016-05-01,2016-04-01,59504.0,52509.37353381918,5,spline_ridge_change,cv,2
2016-06-01,2016-05-01,58485.0,55700.37172863391,5,spline_ridge_change,cv,2
2016-07-01,2016-06-01,54600.0,57013.22721880076,5,spline_ridge_change,cv,3
2016-08-01,2016-07-01,50172.0,53775.66277645185,5,spline_ridge_change,cv,3
2016-09-01,2016-08-01,49983.0,50921.942548240535,5,spline_ridge_change,cv,3
2016-10-01,2016-09-01,50779.0,51635.182056549536,5,spline_ridge_change,cv,3
2016-11-01,2016-10-01,52121.0,50938.53687541687,5,spline_ridge_change,cv,3
2016-12-01,2016-11-01,51705.0,52017.86685822786,5,spline_ridge_change,cv,3
2017-01-01,2016-12-01,49807.0,53100.54608369007,5,spline_ridge_change,cv,3
2017-02-01,2017-01-01,53997.0,52244.19558650367,5,spline_ridge_change,cv,3
2017-03-01,2017-02-01,55191.0,56271.10235509047,5,spline_ridge_change,cv,3
2017-04-01,2017-03-01,52748.0,54685.22354724981,5,spline_ridge_change,cv,3
2017-05-01,2017-04-01,56513.0,54072.84329593618,5,spline_ridge_change,cv,3
2017-06-01,2017-05-01,54257.0,56724.69189578456,5,spline_ridge_change,cv,3
2017-07-01,2017-06-01,50858.0,52548.02422055542,5,spline_ridge_change,cv,4
2017-08-01,2017-07-01,48478.0,50677.63908722538,5,spline_ridge_change,cv,4
2017-09-01,2017-08-01,48337.0,47583.89767687294,5,spline_ridge_change,cv,4
2017-10-01,2017-09-01,52498.0,48831.98590581661,5,spline_ridge_change,cv,4
2017-11-01,2017-10-01,53896.0,52795.50581525483,5,spline_ridge_change,cv,4
2017-12-01,2017-11-01,51108.0,53555.674081144614,5,spline_ridge_change,cv,4
2018-01-01,2017-12-01,49964.0,49965.97299368799,5,spline_ridge_change,cv,4
2018-02-01,2018-01-01,49005.0,51407.89318777592,5,spline_ridge_change,cv,4
2018-03-01,2018-02-01,49623.0,50597.407342291255,5,spline_ridge_change,cv,4
2018-04-01,2018-03-01,51051.0,50863.17692779324,5,spline_ridge_change,cv,4
2018-05-01,2018-04-01,54765.0,51676.509342142075,5,spline_ridge_change,cv,4
2018-06-01,2018-05-01,51140.0,52715.636945192164,5,spline_ridge_change,cv,4
2018-07-01,2018-06-01,49029.0,48270.685752065256,5,spline_ridge_change,cv,5
2018-08-01,2018-07-01,48728.0,48643.82312763845,5,spline_ridge_change,cv,5
2018-09-01,2018-08-01,49086.0,48377.58362815022,5,spline_ridge_change,cv,5
2018-10-01,2018-09-01,49209.0,51130.305655786535,5,spline_ridge_change,cv,5
2018-11-01,2018-10-01,46399.0,50125.46973791782,5,spline_ridge_change,cv,5
2018-12-01,2018-11-01,45152.0,46319.15066763554,5,spline_ridge_change,cv,5
2019-01-01,2018-12-01,49359.0,47783.068594758086,5,spline_ridge_change,cv,5
2019-02-01,2019-01-01,51643.0,51347.40346491256,5,spline_ridge_change,cv,5
2019-03-01,2019-02-01,49767.0,52574.0841689295,5,spline_ridge_change,cv,5
2019-04-01,2019-03-01,53082.0,50968.61969420128,5,spline_ridge_change,cv,5
2019-05-01,2019-04-01,52006.0,53574.21133400363,5,spline_ridge_change,cv,5
2019-06-01,2019-05-01,50711.0,50610.60761172561,5,spline_ridge_change,cv,5
2019-07-01,2019-06-01,49031.0,48499.31327691454,5,spline_ridge_change,cv,6
2019-08-01,2019-07-01,45344.0,48122.27470363346,5,spline_ridge_change,cv,6
2019-09-01,2019-08-01,46239.0,45810.964852349105,5,spline_ridge_change,cv,6
2019-10-01,2019-09-01,51006.0,47946.721778038846,5,spline_ridge_change,cv,6
2019-11-01,2019-10-01,52413.0,50688.894633759934,5,spline_ridge_change,cv,6
2019-12-01,2019-11-01,52898.0,50499.68241808571,5,spline_ridge_change,cv,6
2020-01-01,2019-12-01,52073.0,52928.77897293461,5,spline_ridge_change,cv,6
2020-02-01,2020-01-01,52311.0,52447.14110814137,5,spline_ridge_change,cv,6
2020-03-01,2020-02-01,57074.0,52494.54193103331,5,spline_ridge_change,cv,6
2020-04-01,2020-03-01,56720.0,57050.679708420175,5,spline_ridge_change,cv,6
2020-05-01,2020-04-01,57391.0,52852.38251427963,5,spline_ridge_change,cv,6
2020-06-01,2020-05-01,56563.0,56154.65057836626,5,spline_ridge_change,cv,6
2020-07-01,2020-06-01,54137.0,54188.12260555837,5,spline_ridge_change,cv,7
2020-08-01,2020-07-01,54804.0,53764.70042222416,5,spline_ridge_change,cv,7
2020-09-01,2020-08-01,51428.0,53656.255679694725,5,spline_ridge_change,cv,7
2020-10-01,2020-09-01,51073.0,51779.04141245239,5,spline_ridge_change,cv,7
2020-11-01,2020-10-01,46690.0,51102.47304450828,5,spline_ridge_change,cv,7
2020-12-01,2020-11-01,45098.0,46981.37156682991,5,spline_ridge_change,cv,7
2021-01-01,2020-12-01,47258.0,46474.334768236076,5,spline_ridge_change,cv,7
2021-02-01,2021-01-01,51532.0,49401.55577664282,5,spline_ridge_change,cv,7
2021-03-01,2021-02-01,48325.0,53354.92217466108,5,spline_ridge_change,cv,7
2021-04-01,2021-03-01,48041.0,48975.8449204484,5,spline_ridge_change,cv,7
2021-05-01,2021-04-01,48296.0,50402.641399101754,5,spline_ridge_change,cv,7
2021-06-01,2021-05-01,47846.0,48358.491056503095,5,spline_ridge_change,cv,7
2021-07-01,2021-06-01,45141.0,46647.33948070137,5,spline_ridge_change,cv,8
2021-08-01,2021-07-01,46345.0,46288.505177757936,5,spline_ridge_change,cv,8
2021-09-01,2021-08-01,47895.0,46808.55691458113,5,spline_ridge_change,cv,8
2021-10-01,2021-09-01,48905.0,49056.564444021846,5,spline_ridge_change,cv,8
2021-11-01,2021-10-01,48624.0,49288.35337928019,5,spline_ridge_change,cv,8
2021-12-01,2021-11-01,46748.0,48394.84101353398,5,spline_ridge_change,cv,8
2022-01-01,2021-12-01,51196.0,47155.000985758496,5,spline_ridge_change,cv,8
2022-02-01,2022-01-01,49640.0,53384.57204452834,5,spline_ridge_change,cv,8
2022-03-01,2022-02-01,46797.0,48872.51237259097,5,spline_ridge_change,cv,8
2022-04-01,2022-03-01,48399.0,46925.21719058669,5,spline_ridge_change,cv,8
2022-05-01,2022-04-01,46490.0,48863.20808184966,5,spline_ridge_change,cv,8
2022-06-01,2022-05-01,46323.0,46620.97867853421,5,spline_ridge_change,cv,8
2022-07-01,2022-06-01,50121.0,45201.766116719285,5,spline_ridge_change,cv,9
2022-08-01,2022-07-01,48567.0,48869.62710939399,5,spline_ridge_change,cv,9
2022-09-01,2022-08-01,48438.0,47818.27558763799,5,spline_ridge_change,cv,9
2022-10-01,2022-09-01,49593.0,46832.4827901057,5,spline_ridge_change,cv,9
2022-11-01,2022-10-01,48722.0,48768.28951215375,5,spline_ridge_change,cv,9
2022-12-01,2022-11-01,48002.0,45551.99614277565,5,spline_ridge_change,cv,9
2023-01-01,2022-12-01,48005.0,46703.19434533503,5,spline_ridge_change,cv,9
2023-02-01,2023-01-01,49287.0,47290.09788186976,5,spline_ridge_change,cv,9
2023-03-01,2023-02-01,49402.0,48451.93216737221,5,spline_ridge_change,cv,9
2023-04-01,2023-03-01,52191.0,48214.40981625755,5,spline_ridge_change,cv,9
2023-05-01,2023-04-01,51745.0,50653.544641442204,5,spline_ridge_change,cv,9
2023-06-01,2023-05-01,49774.0,49044.312723259616,5,spline_ridge_change,cv,9
2023-07-01,2023-06-01,44796.0,47916.750892288954,5,spline_ridge_change,cv,10
2023-08-01,2023-07-01,45906.0,45963.374108007425,5,spline_ridge_change,cv,10
2023-09-01,2023-08-01,43997.0,46879.37872606447,5,spline_ridge_change,cv,10
2023-10-01,2023-09-01,44355.0,45524.66080293968,5,spline_ridge_change,cv,10
2023-11-01,2023-10-01,50123.0,45311.5597889955,5,spline_ridge_change,cv,10
2023-12-01,2023-11-01,49423.0,49495.05306679732,5,spline_ridge_change,cv,10
2024-01-01,2023-12-01,46173.0,49614.06904008462,5,spline_ridge_change,cv,10
2024-02-01,2024-01-01,49347.0,47483.28519276649,5,spline_ridge_change,cv,10
2024-03-01,2024-02-01,47617.0,48211.173118170445,5,spline_ridge_change,cv,10
2024-04-01,2024-03-01,45362.0,48097.703494588204,5,spline_ridge_change,cv,10
2024-05-01,2024-04-01,46523.0,47109.53245847985,5,spline_ridge_change,cv,10
2024-06-01,2024-05-01,44390.0,45905.39907955732,5,spline_ridge_change,cv,10
2014-07-01,2014-06-01,53884.0,54247.8475083766,5,random_forest_change,cv,1
2014-08-01,2014-07-01,50091.0,53117.278888172106,5,random_forest_change,cv,1
2014-09-01,2014-08-01,53870.0,50516.38840677424,5,random_forest_change,cv,1
2014-10-01,2014-09-01,54076.0,54131.33130150196,5,random_forest_change,cv,1
2014-11-01,2014-10-01,52061.0,53521.59421247941,5,random_forest_change,cv,1
2014-12-01,2014-11-01,48955.0,52431.255599560514,5,random_forest_change,cv,1
2015-01-01,2014-12-01,50715.0,49383.2837903297,5,random_forest_change,cv,1
2015-02-01,2015-01-01,53664.0,51811.231620298335,5,random_forest_change,cv,1
2015-03-01,2015-02-01,57103.0,54358.44194311789,5,random_forest_change,cv,1
2015-04-01,2015-03-01,56431.0,56547.99249818442,5,random_forest_change,cv,1
2015-05-01,2015-04-01,57363.0,55432.46504379454,5,random_forest_change,cv,1
2015-06-01,2015-05-01,55067.0,56396.59715386875,5,random_forest_change,cv,1
2015-07-01,2015-06-01,51606.0,53837.016419044514,5,random_forest_change,cv,2
2015-08-01,2015-07-01,50265.0,51755.147181381275,5,random_forest_change,cv,2
2015-09-01,2015-08-01,49963.0,50721.457655045175,5,random_forest_change,cv,2
2015-10-01,2015-09-01,54597.0,50803.1907810615,5,random_forest_change,cv,2
2015-11-01,2015-10-01,56100.0,53897.247379983964,5,random_forest_change,cv,2
2015-12-01,2015-11-01,54144.0,55024.86675265302,5,random_forest_change,cv,2
2016-01-01,2015-12-01,56084.0,53740.795284664295,5,random_forest_change,cv,2
2016-02-01,2016-01-01,56398.0,55606.48985858692,5,random_forest_change,cv,2
2016-03-01,2016-02-01,54575.0,55682.1550317055,5,random_forest_change,cv,2
2016-04-01,2016-03-01,51786.0,54221.45067630777,5,random_forest_change,cv,2
2016-05-01,2016-04-01,59504.0,52387.644020543354,5,random_forest_change,cv,2
2016-06-01,2016-05-01,58485.0,58430.58795678414,5,random_forest_change,cv,2
2016-07-01,2016-06-01,54600.0,56827.33981252414,5,random_forest_change,cv,3
2016-08-01,2016-07-01,50172.0,53140.22414035731,5,random_forest_change,cv,3
2016-09-01,2016-08-01,49983.0,50628.58823138704,5,random_forest_change,cv,3
2016-10-01,2016-09-01,50779.0,51195.53957572951,5,random_forest_change,cv,3
2016-11-01,2016-10-01,52121.0,52275.51780283856,5,random_forest_change,cv,3
2016-12-01,2016-11-01,51705.0,53074.56973092745,5,random_forest_change,cv,3
2017-01-01,2016-12-01,49807.0,53333.88752289687,5,random_forest_change,cv,3
2017-02-01,2017-01-01,53997.0,51304.86747266665,5,random_forest_change,cv,3
2017-03-01,2017-02-01,55191.0,54611.00530717076,5,random_forest_change,cv,3
2017-04-01,2017-03-01,52748.0,54609.436702751555,5,random_forest_change,cv,3
2017-05-01,2017-04-01,56513.0,53184.37225876329,5,random_forest_change,cv,3
2017-06-01,2017-05-01,54257.0,55518.21913569879,5,random_forest_change,cv,3
2017-07-01,2017-06-01,50858.0,53055.39762773359,5,random_forest_change,cv,4
2017-08-01,2017-07-01,48478.0,51207.18686506039,5,random_forest_change,cv,4
2017-09-01,2017-08-01,48337.0,48800.0828300771,5,random_forest_change,cv,4
2017-10-01,2017-09-01,52498.0,49129.88503862471,5,random_forest_change,cv,4
2017-11-01,2017-10-01,53896.0,53145.880864977174,5,random_forest_change,cv,4
2017-12-01,2017-11-01,51108.0,53846.703320508095,5,random_forest_change,cv,4
2018-01-01,2017-12-01,49964.0,51773.1329908331,5,random_forest_change,cv,4
2018-02-01,2018-01-01,49005.0,50864.33815672835,5,random_forest_change,cv,4
2018-03-01,2018-02-01,49623.0,50565.75128265802,5,random_forest_change,cv,4
2018-04-01,2018-03-01,51051.0,50600.58457135507,5,random_forest_change,cv,4
2018-05-01,2018-04-01,54765.0,52362.52081683319,5,random_forest_change,cv,4
2018-06-01,2018-05-01,51140.0,53916.99841948404,5,random_forest_change,cv,4
2018-07-01,2018-06-01,49029.0,51124.5004455626,5,random_forest_change,cv,5
2018-08-01,2018-07-01,48728.0,49143.3858999931,5,random_forest_change,cv,5
2018-09-01,2018-08-01,49086.0,49254.08598202834,5,random_forest_change,cv,5
2018-10-01,2018-09-01,49209.0,50180.28884439921,5,random_forest_change,cv,5
2018-11-01,2018-10-01,46399.0,50207.27397013568,5,random_forest_change,cv,5
2018-12-01,2018-11-01,45152.0,47113.368751524955,5,random_forest_change,cv,5
2019-01-01,2018-12-01,49359.0,46061.84242257964,5,random_forest_change,cv,5
2019-02-01,2019-01-01,51643.0,50513.99541542443,5,random_forest_change,cv,5
2019-03-01,2019-02-01,49767.0,52878.08315760429,5,random_forest_change,cv,5
2019-04-01,2019-03-01,53082.0,51016.93306375834,5,random_forest_change,cv,5
2019-05-01,2019-04-01,52006.0,54217.898098916055,5,random_forest_change,cv,5
2019-06-01,2019-05-01,50711.0,52223.68200658298,5,random_forest_change,cv,5
2019-07-01,2019-06-01,49031.0,50572.61205410614,5,random_forest_change,cv,6
2019-08-01,2019-07-01,45344.0,49131.688000490896,5,random_forest_change,cv,6
2019-09-01,2019-08-01,46239.0,45696.51888418659,5,random_forest_change,cv,6
2019-10-01,2019-09-01,51006.0,46678.01577209947,5,random_forest_change,cv,6
2019-11-01,2019-10-01,52413.0,50995.43079066199,5,random_forest_change,cv,6
2019-12-01,2019-11-01,52898.0,52352.37805376162,5,random_forest_change,cv,6
2020-01-01,2019-12-01,52073.0,53248.5375273925,5,random_forest_change,cv,6
2020-02-01,2020-01-01,52311.0,52599.92940750366,5,random_forest_change,cv,6
2020-03-01,2020-02-01,57074.0,53135.655102598146,5,random_forest_change,cv,6
2020-04-01,2020-03-01,56720.0,56628.24464534803,5,random_forest_change,cv,6
2020-05-01,2020-04-01,57391.0,55803.22811996217,5,random_forest_change,cv,6
2020-06-01,2020-05-01,56563.0,55700.91844062342,5,random_forest_change,cv,6
2020-07-01,2020-06-01,54137.0,54463.59500518932,5,random_forest_change,cv,7
2020-08-01,2020-07-01,54804.0,52529.54742862771,5,random_forest_change,cv,7
2020-09-01,2020-08-01,51428.0,53238.558101799375,5,random_forest_change,cv,7
2020-10-01,2020-09-01,51073.0,51737.485508338395,5,random_forest_change,cv,7
2020-11-01,2020-10-01,46690.0,51738.73604753469,5,random_forest_change,cv,7
2020-12-01,2020-11-01,45098.0,47073.323352198284,5,random_forest_change,cv,7
2021-01-01,2020-12-01,47258.0,45957.86532650016,5,random_forest_change,cv,7
2021-02-01,2021-01-01,51532.0,48687.21728141387,5,random_forest_change,cv,7
2021-03-01,2021-02-01,48325.0,52822.19313484199,5,random_forest_change,cv,7
2021-04-01,2021-03-01,48041.0,49489.61669127199,5,random_forest_change,cv,7
2021-05-01,2021-04-01,48296.0,49456.6303854384,5,random_forest_change,cv,7
2021-06-01,2021-05-01,47846.0,49312.21141086581,5,random_forest_change,cv,7
2021-07-01,2021-06-01,45141.0,47751.002582727655,5,random_forest_change,cv,8
2021-08-01,2021-07-01,46345.0,45637.551305260116,5,random_forest_change,cv,8
2021-09-01,2021-08-01,47895.0,47098.023508810875,5,random_forest_change,cv,8
2021-10-01,2021-09-01,48905.0,49241.351828573606,5,random_forest_change,cv,8
2021-11-01,2021-10-01,48624.0,49897.55528498225,5,random_forest_change,cv,8
2021-12-01,2021-11-01,46748.0,49309.1396721067,5,random_forest_change,cv,8
2022-01-01,2021-12-01,51196.0,47256.504843534625,5,random_forest_change,cv,8
2022-02-01,2022-01-01,49640.0,52546.04475718604,5,random_forest_change,cv,8
2022-03-01,2022-02-01,46797.0,50102.35545444906,5,random_forest_change,cv,8
2022-04-01,2022-03-01,48399.0,47408.54059411239,5,random_forest_change,cv,8
2022-05-01,2022-04-01,46490.0,49815.11593553521,5,random_forest_change,cv,8
2022-06-01,2022-05-01,46323.0,47153.05504472482,5,random_forest_change,cv,8
2022-07-01,2022-06-01,50121.0,46137.48626471166,5,random_forest_change,cv,9
2022-08-01,2022-07-01,48567.0,50220.99481435435,5,random_forest_change,cv,9
2022-09-01,2022-08-01,48438.0,48824.168571990056,5,random_forest_change,cv,9
2022-10-01,2022-09-01,49593.0,48776.801106323925,5,random_forest_change,cv,9
2022-11-01,2022-10-01,48722.0,49786.7006366679,5,random_forest_change,cv,9
2022-12-01,2022-11-01,48002.0,48450.43132374113,5,random_forest_change,cv,9
2023-01-01,2022-12-01,48005.0,48950.510083607944,5,random_forest_change,cv,9
2023-02-01,2023-01-01,49287.0,48734.1782326607,5,random_forest_change,cv,9
2023-03-01,2023-02-01,49402.0,49895.592136684325,5,random_forest_change,cv,9
2023-04-01,2023-03-01,52191.0,49863.964480228366,5,random_forest_change,cv,9
2023-05-01,2023-04-01,51745.0,52367.26171168909,5,random_forest_change,cv,9
2023-06-01,2023-05-01,49774.0,51166.19814802149,5,random_forest_change,cv,9
2023-07-01,2023-06-01,44796.0,49003.985460543576,5,random_forest_change,cv,10
2023-08-01,2023-07-01,45906.0,45175.38063789362,5,random_forest_change,cv,10
2023-09-01,2023-08-01,43997.0,46781.81905032461,5,random_forest_change,cv,10
2023-10-01,2023-09-01,44355.0,44565.233265961884,5,random_forest_change,cv,10
2023-11-01,2023-10-01,50123.0,44848.061082807246,5,random_forest_change,cv,10
2023-12-01,2023-11-01,49423.0,49971.5631551987,5,random_forest_change,cv,10
2024-01-01,2023-12-01,46173.0,49898.23218275936,5,random_forest_change,cv,10
2024-02-01,2024-01-01,49347.0,46897.45318560781,5,random_forest_change,cv,10
2024-03-01,2024-02-01,47617.0,49513.76235838101,5,random_forest_change,cv,10
2024-04-01,2024-03-01,45362.0,48837.99074391666,5,random_forest_change,cv,10
2024-05-01,2024-04-01,46523.0,46397.15884769765,5,random_forest_change,cv,10
2024-06-01,2024-05-01,44390.0,46902.54892860035,5,random_forest_change,cv,10
2014-07-01,2014-06-01,53884.0,54123.5390625,5,xgboost_change,cv,1
2014-08-01,2014-07-01,50091.0,52708.83203125,5,xgboost_change,cv,1
2014-09-01,2014-08-01,53870.0,50290.03515625,5,xgboost_change,cv,1
2014-10-01,2014-09-01,54076.0,54119.64453125,5,xgboost_change,cv,1
2014-11-01,2014-10-01,52061.0,53408.69921875,5,xgboost_change,cv,1
2014-12-01,2014-11-01,48955.0,52129.92578125,5,xgboost_change,cv,1
2015-01-01,2014-12-01,50715.0,49581.71484375,5,xgboost_change,cv,1
2015-02-01,2015-01-01,53664.0,51741.55078125,5,xgboost_change,cv,1
2015-03-01,2015-02-01,57103.0,54525.46484375,5,xgboost_change,cv,1
2015-04-01,2015-03-01,56431.0,57122.04296875,5,xgboost_change,cv,1
2015-05-01,2015-04-01,57363.0,55708.2578125,5,xgboost_change,cv,1
2015-06-01,2015-05-01,55067.0,56183.9609375,5,xgboost_change,cv,1
2015-07-01,2015-06-01,51606.0,53577.19140625,5,xgboost_change,cv,2
2015-08-01,2015-07-01,50265.0,51615.5078125,5,xgboost_change,cv,2
2015-09-01,2015-08-01,49963.0,50609.1015625,5,xgboost_change,cv,2
2015-10-01,2015-09-01,54597.0,50871.6953125,5,xgboost_change,cv,2
2015-11-01,2015-10-01,56100.0,54186.77734375,5,xgboost_change,cv,2
2015-12-01,2015-11-01,54144.0,54715.90625,5,xgboost_change,cv,2
2016-01-01,2015-12-01,56084.0,53920.62109375,5,xgboost_change,cv,2
2016-02-01,2016-01-01,56398.0,56166.11328125,5,xgboost_change,cv,2
2016-03-01,2016-02-01,54575.0,55893.5859375,5,xgboost_change,cv,2
2016-04-01,2016-03-01,51786.0,54560.03515625,5,xgboost_change,cv,2
2016-05-01,2016-04-01,59504.0,52492.3125,5,xgboost_change,cv,2
2016-06-01,2016-05-01,58485.0,58471.21484375,5,xgboost_change,cv,2
2016-07-01,2016-06-01,54600.0,56605.60546875,5,xgboost_change,cv,3
2016-08-01,2016-07-01,50172.0,52934.5234375,5,xgboost_change,cv,3
2016-09-01,2016-08-01,49983.0,50563.015625,5,xgboost_change,cv,3
2016-10-01,2016-09-01,50779.0,51000.1875,5,xgboost_change,cv,3
2016-11-01,2016-10-01,52121.0,51864.8046875,5,xgboost_change,cv,3
2016-12-01,2016-11-01,51705.0,52528.05859375,5,xgboost_change,cv,3
2017-01-01,2016-12-01,49807.0,53061.66796875,5,xgboost_change,cv,3
2017-02-01,2017-01-01,53997.0,51223.16015625,5,xgboost_change,cv,3
2017-03-01,2017-02-01,55191.0,55047.1015625,5,xgboost_change,cv,3
2017-04-01,2017-03-01,52748.0,54809.26953125,5,xgboost_change,cv,3
2017-05-01,2017-04-01,56513.0,53509.80859375,5,xgboost_change,cv,3
2017-06-01,2017-05-01,54257.0,55665.77734375,5,xgboost_change,cv,3
2017-07-01,2017-06-01,50858.0,52786.53125,5,xgboost_change,cv,4
2017-08-01,2017-07-01,48478.0,51128.65625,5,xgboost_change,cv,4
2017-09-01,2017-08-01,48337.0,48683.57421875,5,xgboost_change,cv,4
2017-10-01,2017-09-01,52498.0,49168.97265625,5,xgboost_change,cv,4
2017-11-01,2017-10-01,53896.0,52922.62890625,5,xgboost_change,cv,4
2017-12-01,2017-11-01,51108.0,53314.03515625,5,xgboost_change,cv,4
2018-01-01,2017-12-01,49964.0,51799.53125,5,xgboost_change,cv,4
2018-02-01,2018-01-01,49005.0,50781.8984375,5,xgboost_change,cv,4
2018-03-01,2018-02-01,49623.0,50270.1328125,5,xgboost_change,cv,4
2018-04-01,2018-03-01,51051.0,50430.73046875,5,xgboost_change,cv,4
2018-05-01,2018-04-01,54765.0,51946.50390625,5,xgboost_change,cv,4
2018-06-01,2018-05-01,51140.0,53906.359375,5,xgboost_change,cv,4
2018-07-01,2018-06-01,49029.0,50888.54296875,5,xgboost_change,cv,5
2018-08-01,2018-07-01,48728.0,48746.7734375,5,xgboost_change,cv,5
2018-09-01,2018-08-01,49086.0,49233.22265625,5,xgboost_change,cv,5
2018-10-01,2018-09-01,49209.0,50433.796875,5,xgboost_change,cv,5
2018-11-01,2018-10-01,46399.0,50289.6640625,5,xgboost_change,cv,5
2018-12-01,2018-11-01,45152.0,47049.21484375,5,xgboost_change,cv,5
2019-01-01,2018-12-01,49359.0,46327.828125,5,xgboost_change,cv,5
2019-02-01,2019-01-01,51643.0,50604.3515625,5,xgboost_change,cv,5
2019-03-01,2019-02-01,49767.0,53186.7734375,5,xgboost_change,cv,5
2019-04-01,2019-03-01,53082.0,51355.69140625,5,xgboost_change,cv,5
2019-05-01,2019-04-01,52006.0,54214.81640625,5,xgboost_change,cv,5
2019-06-01,2019-05-01,50711.0,52000.51171875,5,xgboost_change,cv,5
2019-07-01,2019-06-01,49031.0,50445.34765625,5,xgboost_change,cv,6
2019-08-01,2019-07-01,45344.0,48864.0859375,5,xgboost_change,cv,6
2019-09-01,2019-08-01,46239.0,45489.23828125,5,xgboost_change,cv,6
2019-10-01,2019-09-01,51006.0,46438.64453125,5,xgboost_change,cv,6
2019-11-01,2019-10-01,52413.0,50981.13671875,5,xgboost_change,cv,6
2019-12-01,2019-11-01,52898.0,52164.21875,5,xgboost_change,cv,6
2020-01-01,2019-12-01,52073.0,53581.91015625,5,xgboost_change,cv,6
2020-02-01,2020-01-01,52311.0,52515.62890625,5,xgboost_change,cv,6
2020-03-01,2020-02-01,57074.0,53434.06640625,5,xgboost_change,cv,6
2020-04-01,2020-03-01,56720.0,57293.88671875,5,xgboost_change,cv,6
2020-05-01,2020-04-01,57391.0,55721.99609375,5,xgboost_change,cv,6
2020-06-01,2020-05-01,56563.0,55456.91015625,5,xgboost_change,cv,6
2020-07-01,2020-06-01,54137.0,54474.109375,5,xgboost_change,cv,7
2020-08-01,2020-07-01,54804.0,52582.640625,5,xgboost_change,cv,7
2020-09-01,2020-08-01,51428.0,53563.671875,5,xgboost_change,cv,7
2020-10-01,2020-09-01,51073.0,51527.578125,5,xgboost_change,cv,7
2020-11-01,2020-10-01,46690.0,51286.78125,5,xgboost_change,cv,7
2020-12-01,2020-11-01,45098.0,46735.4296875,5,xgboost_change,cv,7
2021-01-01,2020-12-01,47258.0,45541.40234375,5,xgboost_change,cv,7
2021-02-01,2021-01-01,51532.0,48337.53125,5,xgboost_change,cv,7
2021-03-01,2021-02-01,48325.0,52241.86328125,5,xgboost_change,cv,7
2021-04-01,2021-03-01,48041.0,49216.6796875,5,xgboost_change,cv,7
2021-05-01,2021-04-01,48296.0,49184.875,5,xgboost_change,cv,7
2021-06-01,2021-05-01,47846.0,48725.67578125,5,xgboost_change,cv,7
2021-07-01,2021-06-01,45141.0,47802.23828125,5,xgboost_change,cv,8
2021-08-01,2021-07-01,46345.0,45532.65625,5,xgboost_change,cv,8
2021-09-01,2021-08-01,47895.0,46946.62109375,5,xgboost_change,cv,8
2021-10-01,2021-09-01,48905.0,49055.29296875,5,xgboost_change,cv,8
2021-11-01,2021-10-01,48624.0,49713.16796875,5,xgboost_change,cv,8
2021-12-01,2021-11-01,46748.0,49247.11328125,5,xgboost_change,cv,8
2022-01-01,2021-12-01,51196.0,47516.89453125,5,xgboost_change,cv,8
2022-02-01,2022-01-01,49640.0,52584.66015625,5,xgboost_change,cv,8
2022-03-01,2022-02-01,46797.0,50022.6953125,5,xgboost_change,cv,8
2022-04-01,2022-03-01,48399.0,47496.65234375,5,xgboost_change,cv,8
2022-05-01,2022-04-01,46490.0,49569.98828125,5,xgboost_change,cv,8
2022-06-01,2022-05-01,46323.0,46720.3125,5,xgboost_change,cv,8
2022-07-01,2022-06-01,50121.0,46257.203125,5,xgboost_change,cv,9
2022-08-01,2022-07-01,48567.0,50239.23828125,5,xgboost_change,cv,9
2022-09-01,2022-08-01,48438.0,48784.18359375,5,xgboost_change,cv,9
2022-10-01,2022-09-01,49593.0,48594.4140625,5,xgboost_change,cv,9
2022-11-01,2022-10-01,48722.0,49617.46484375,5,xgboost_change,cv,9
2022-12-01,2022-11-01,48002.0,48454.515625,5,xgboost_change,cv,9
2023-01-01,2022-12-01,48005.0,48821.140625,5,xgboost_change,cv,9
2023-02-01,2023-01-01,49287.0,48622.04296875,5,xgboost_change,cv,9
2023-03-01,2023-02-01,49402.0,49696.640625,5,xgboost_change,cv,9
2023-04-01,2023-03-01,52191.0,49764.921875,5,xgboost_change,cv,9
2023-05-01,2023-04-01,51745.0,52297.2578125,5,xgboost_change,cv,9
2023-06-01,2023-05-01,49774.0,51035.578125,5,xgboost_change,cv,9
2023-07-01,2023-06-01,44796.0,49181.73828125,5,xgboost_change,cv,10
2023-08-01,2023-07-01,45906.0,45088.55859375,5,xgboost_change,cv,10
2023-09-01,2023-08-01,43997.0,46552.19921875,5,xgboost_change,cv,10
2023-10-01,2023-09-01,44355.0,44721.3203125,5,xgboost_change,cv,10
2023-11-01,2023-10-01,50123.0,44853.7265625,5,xgboost_change,cv,10
2023-12-01,2023-11-01,49423.0,49860.078125,5,xgboost_change,cv,10
2024-01-01,2023-12-01,46173.0,50077.15625,5,xgboost_change,cv,10
2024-02-01,2024-01-01,49347.0,46813.5546875,5,xgboost_change,cv,10
2024-03-01,2024-02-01,47617.0,49561.08203125,5,xgboost_change,cv,10
2024-04-01,2024-03-01,45362.0,48755.45703125,5,xgboost_change,cv,10
2024-05-01,2024-04-01,46523.0,46382.34375,5,xgboost_change,cv,10
2024-06-01,2024-05-01,44390.0,46735.57421875,5,xgboost_change,cv,10
2014-07-01,2014-06-01,53884.0,53642.46779684764,5,neural_network_change,cv,1
2014-08-01,2014-07-01,50091.0,52452.3816384258,5,neural_network_change,cv,1
2014-09-01,2014-08-01,53870.0,49679.76325892394,5,neural_network_change,cv,1
2014-10-01,2014-09-01,54076.0,51955.58370448094,5,neural_network_change,cv,1
2014-11-01,2014-10-01,52061.0,52910.15479552956,5,neural_network_change,cv,1
2014-12-01,2014-11-01,48955.0,51616.45603426092,5,neural_network_change,cv,1
2015-01-01,2014-12-01,50715.0,49286.14631073346,5,neural_network_change,cv,1
2015-02-01,2015-01-01,53664.0,51974.621120251,5,neural_network_change,cv,1
2015-03-01,2015-02-01,57103.0,54831.224930249504,5,neural_network_change,cv,1
2015-04-01,2015-03-01,56431.0,56362.749124519156,5,neural_network_change,cv,1
2015-05-01,2015-04-01,57363.0,50837.038741674725,5,neural_network_change,cv,1
2015-06-01,2015-05-01,55067.0,55884.73272367926,5,neural_network_change,cv,1
2015-07-01,2015-06-01,51606.0,53030.09977131232,5,neural_network_change,cv,2
2015-08-01,2015-07-01,50265.0,50373.73213054717,5,neural_network_change,cv,2
2015-09-01,2015-08-01,49963.0,51068.33426528124,5,neural_network_change,cv,2
2015-10-01,2015-09-01,54597.0,51095.191626725245,5,neural_network_change,cv,2
2015-11-01,2015-10-01,56100.0,55401.292342984954,5,neural_network_change,cv,2
2015-12-01,2015-11-01,54144.0,54859.27287052117,5,neural_network_change,cv,2
2016-01-01,2015-12-01,56084.0,53184.407950643,5,neural_network_change,cv,2
2016-02-01,2016-01-01,56398.0,55609.27265643397,5,neural_network_change,cv,2
2016-03-01,2016-02-01,54575.0,55975.79078015478,5,neural_network_change,cv,2
2016-04-01,2016-03-01,51786.0,54400.05907762767,5,neural_network_change,cv,2
2016-05-01,2016-04-01,59504.0,52563.0435485843,5,neural_network_change,cv,2
2016-06-01,2016-05-01,58485.0,58872.983967504995,5,neural_network_change,cv,2
2016-07-01,2016-06-01,54600.0,55603.19407848162,5,neural_network_change,cv,3
2016-08-01,2016-07-01,50172.0,52251.61073289967,5,neural_network_change,cv,3
2016-09-01,2016-08-01,49983.0,50091.606941837905,5,neural_network_change,cv,3
2016-10-01,2016-09-01,50779.0,51578.0815457749,5,neural_network_change,cv,3
2016-11-01,2016-10-01,52121.0,52235.0793278636,5,neural_network_change,cv,3
2016-12-01,2016-11-01,51705.0,53022.904531075365,5,neural_network_change,cv,3
2017-01-01,2016-12-01,49807.0,53103.12839215298,5,neural_network_change,cv,3
2017-02-01,2017-01-01,53997.0,51917.86943539285,5,neural_network_change,cv,3
2017-03-01,2017-02-01,55191.0,55544.00831715393,5,neural_network_change,cv,3
2017-04-01,2017-03-01,52748.0,54784.21913129197,5,neural_network_change,cv,3
2017-05-01,2017-04-01,56513.0,53854.816259849686,5,neural_network_change,cv,3
2017-06-01,2017-05-01,54257.0,56445.372455617246,5,neural_network_change,cv,3
2017-07-01,2017-06-01,50858.0,52697.869265402405,5,neural_network_change,cv,4
2017-08-01,2017-07-01,48478.0,50822.592929933446,5,neural_network_change,cv,4
2017-09-01,2017-08-01,48337.0,48795.46746380123,5,neural_network_change,cv,4
2017-10-01,2017-09-01,52498.0,49956.69841798878,5,neural_network_change,cv,4
2017-11-01,2017-10-01,53896.0,53830.92631884771,5,neural_network_change,cv,4
2017-12-01,2017-11-01,51108.0,54850.44711577337,5,neural_network_change,cv,4
2018-01-01,2017-12-01,49964.0,50876.416608206324,5,neural_network_change,cv,4
2018-02-01,2018-01-01,49005.0,51988.30771597903,5,neural_network_change,cv,4
2018-03-01,2018-02-01,49623.0,51045.590103875664,5,neural_network_change,cv,4
2018-04-01,2018-03-01,51051.0,51771.91177778698,5,neural_network_change,cv,4
2018-05-01,2018-04-01,54765.0,52941.57532179258,5,neural_network_change,cv,4
2018-06-01,2018-05-01,51140.0,54416.4540707348,5,neural_network_change,cv,4
2018-07-01,2018-06-01,49029.0,49172.85114353242,5,neural_network_change,cv,5
2018-08-01,2018-07-01,48728.0,49711.064752153594,5,neural_network_change,cv,5
2018-09-01,2018-08-01,49086.0,48114.61684674775,5,neural_network_change,cv,5
2018-10-01,2018-09-01,49209.0,51028.346507329006,5,neural_network_change,cv,5
2018-11-01,2018-10-01,46399.0,50994.116391700314,5,neural_network_change,cv,5
2018-12-01,2018-11-01,45152.0,47774.400779176554,5,neural_network_change,cv,5
2019-01-01,2018-12-01,49359.0,47836.71996688633,5,neural_network_change,cv,5
2019-02-01,2019-01-01,51643.0,51367.42831652826,5,neural_network_change,cv,5
2019-03-01,2019-02-01,49767.0,53055.6743051064,5,neural_network_change,cv,5
2019-04-01,2019-03-01,53082.0,51400.05322221692,5,neural_network_change,cv,5
2019-05-01,2019-04-01,52006.0,54212.5014551598,5,neural_network_change,cv,5
2019-06-01,2019-05-01,50711.0,51619.42698017869,5,neural_network_change,cv,5
2019-07-01,2019-06-01,49031.0,49092.39332811155,5,neural_network_change,cv,6
2019-08-01,2019-07-01,45344.0,48317.65593286979,5,neural_network_change,cv,6
2019-09-01,2019-08-01,46239.0,46816.470380871535,5,neural_network_change,cv,6
2019-10-01,2019-09-01,51006.0,45662.97946130416,5,neural_network_change,cv,6
2019-11-01,2019-10-01,52413.0,51562.55961387911,5,neural_network_change,cv,6
2019-12-01,2019-11-01,52898.0,51715.307283459464,5,neural_network_change,cv,6
2020-01-01,2019-12-01,52073.0,52772.72540818117,5,neural_network_change,cv,6
2020-02-01,2020-01-01,52311.0,51058.26711384801,5,neural_network_change,cv,6
2020-03-01,2020-02-01,57074.0,52950.5676555723,5,neural_network_change,cv,6
2020-04-01,2020-03-01,56720.0,57152.99717149295,5,neural_network_change,cv,6
2020-05-01,2020-04-01,57391.0,55050.966687472384,5,neural_network_change,cv,6
2020-06-01,2020-05-01,56563.0,55915.7510645116,5,neural_network_change,cv,6
2020-07-01,2020-06-01,54137.0,55324.82870178908,5,neural_network_change,cv,7
2020-08-01,2020-07-01,54804.0,52761.076653230375,5,neural_network_change,cv,7
2020-09-01,2020-08-01,51428.0,53150.95996279491,5,neural_network_change,cv,7
2020-10-01,2020-09-01,51073.0,50493.45904686753,5,neural_network_change,cv,7
2020-11-01,2020-10-01,46690.0,51028.479450259714,5,neural_network_change,cv,7
2020-12-01,2020-11-01,45098.0,47322.51634137444,5,neural_network_change,cv,7
2021-01-01,2020-12-01,47258.0,46959.34000727987,5,neural_network_change,cv,7
2021-02-01,2021-01-01,51532.0,49061.695071070324,5,neural_network_change,cv,7
2021-03-01,2021-02-01,48325.0,52499.607223929284,5,neural_network_change,cv,7
2021-04-01,2021-03-01,48041.0,49922.75967296738,5,neural_network_change,cv,7
2021-05-01,2021-04-01,48296.0,49556.76364906503,5,neural_network_change,cv,7
2021-06-01,2021-05-01,47846.0,50261.76526192455,5,neural_network_change,cv,7
2021-07-01,2021-06-01,45141.0,48706.46506594968,5,neural_network_change,cv,8
2021-08-01,2021-07-01,46345.0,47446.50821433062,5,neural_network_change,cv,8
2021-09-01,2021-08-01,47895.0,47920.706573760326,5,neural_network_change,cv,8
2021-10-01,2021-09-01,48905.0,49637.778612029164,5,neural_network_change,cv,8
2021-11-01,2021-10-01,48624.0,49861.508236280846,5,neural_network_change,cv,8
2021-12-01,2021-11-01,46748.0,49060.83353444999,5,neural_network_change,cv,8
2022-01-01,2021-12-01,51196.0,47299.451231710744,5,neural_network_change,cv,8
2022-02-01,2022-01-01,49640.0,52860.96940804541,5,neural_network_change,cv,8
2022-03-01,2022-02-01,46797.0,50400.982153862744,5,neural_network_change,cv,8
2022-04-01,2022-03-01,48399.0,49238.355508956876,5,neural_network_change,cv,8
2022-05-01,2022-04-01,46490.0,49982.22693203516,5,neural_network_change,cv,8
2022-06-01,2022-05-01,46323.0,48685.20298915465,5,neural_network_change,cv,8
2022-07-01,2022-06-01,50121.0,45509.095361746644,5,neural_network_change,cv,9
2022-08-01,2022-07-01,48567.0,48651.06214585066,5,neural_network_change,cv,9
2022-09-01,2022-08-01,48438.0,47678.79315729606,5,neural_network_change,cv,9
2022-10-01,2022-09-01,49593.0,47436.82850025632,5,neural_network_change,cv,9
2022-11-01,2022-10-01,48722.0,49424.170733466744,5,neural_network_change,cv,9
2022-12-01,2022-11-01,48002.0,47455.15877885457,5,neural_network_change,cv,9
2023-01-01,2022-12-01,48005.0,47632.84115445217,5,neural_network_change,cv,9
2023-02-01,2023-01-01,49287.0,47077.20456875825,5,neural_network_change,cv,9
2023-03-01,2023-02-01,49402.0,48626.11666742479,5,neural_network_change,cv,9
2023-04-01,2023-03-01,52191.0,49014.17879460763,5,neural_network_change,cv,9
2023-05-01,2023-04-01,51745.0,50191.19602767746,5,neural_network_change,cv,9
2023-06-01,2023-05-01,49774.0,49911.32176624549,5,neural_network_change,cv,9
2023-07-01,2023-06-01,44796.0,48475.56461685174,5,neural_network_change,cv,10
2023-08-01,2023-07-01,45906.0,45813.185058378294,5,neural_network_change,cv,10
2023-09-01,2023-08-01,43997.0,46895.88904529952,5,neural_network_change,cv,10
2023-10-01,2023-09-01,44355.0,45092.45127435289,5,neural_network_change,cv,10
2023-11-01,2023-10-01,50123.0,45589.73636422248,5,neural_network_change,cv,10
2023-12-01,2023-11-01,49423.0,50280.133025975105,5,neural_network_change,cv,10
2024-01-01,2023-12-01,46173.0,49442.64278584445,5,neural_network_change,cv,10
2024-02-01,2024-01-01,49347.0,46614.189930826935,5,neural_network_change,cv,10
2024-03-01,2024-02-01,47617.0,49056.50291957426,5,neural_network_change,cv,10
2024-04-01,2024-03-01,45362.0,48255.93753954313,5,neural_network_change,cv,10
2024-05-01,2024-04-01,46523.0,46614.38705883002,5,neural_network_change,cv,10
2024-06-01,2024-05-01,44390.0,47535.02080228087,5,neural_network_change,cv,10
2014-07-01,2014-06-01,53884.0,54993.70321096417,5,rolling_ridge_change,cv,1
2014-08-01,2014-07-01,50091.0,53291.2247103146,5,rolling_ridge_change,cv,1
2014-09-01,2014-08-01,53870.0,49936.437581130696,5,rolling_ridge_change,cv,1
2014-10-01,2014-09-01,54076.0,52886.47660185367,5,rolling_ridge_change,cv,1
2014-11-01,2014-10-01,52061.0,53598.215026949896,5,rolling_ridge_change,cv,1
2014-12-01,2014-11-01,48955.0,51852.28916704682,5,rolling_ridge_change,cv,1
2015-01-01,2014-12-01,50715.0,49212.10150954869,5,rolling_ridge_change,cv,1
2015-02-01,2015-01-01,53664.0,51218.37974192383,5,rolling_ridge_change,cv,1
2015-03-01,2015-02-01,57103.0,54187.16559452692,5,rolling_ridge_change,cv,1
2015-04-01,2015-03-01,56431.0,56740.89226473751,5,rolling_ridge_change,cv,1
2015-05-01,2015-04-01,57363.0,53576.62850357096,5,rolling_ridge_change,cv,1
2015-06-01,2015-05-01,55067.0,56824.097125079956,5,rolling_ridge_change,cv,1
2015-07-01,2015-06-01,51606.0,54285.83978401673,5,rolling_ridge_change,cv,2
2015-08-01,2015-07-01,50265.0,50895.09185423201,5,rolling_ridge_change,cv,2
2015-09-01,2015-08-01,49963.0,50356.167743120954,5,rolling_ridge_change,cv,2
2015-10-01,2015-09-01,54597.0,50317.877471605294,5,rolling_ridge_change,cv,2
2015-11-01,2015-10-01,56100.0,54858.93231011611,5,rolling_ridge_change,cv,2
2015-12-01,2015-11-01,54144.0,55750.50829855912,5,rolling_ridge_change,cv,2
2016-01-01,2015-12-01,56084.0,53917.0230740408,5,rolling_ridge_change,cv,2
2016-02-01,2016-01-01,56398.0,55885.69204446926,5,rolling_ridge_change,cv,2
2016-03-01,2016-02-01,54575.0,56481.15796000787,5,rolling_ridge_change,cv,2
2016-04-01,2016-03-01,51786.0,54519.66193803005,5,rolling_ridge_change,cv,2
2016-05-01,2016-04-01,59504.0,51942.37276452877,5,rolling_ridge_change,cv,2
2016-06-01,2016-05-01,58485.0,59070.662238303536,5,rolling_ridge_change,cv,2
2016-07-01,2016-06-01,54600.0,57509.32903515239,5,rolling_ridge_change,cv,3
2016-08-01,2016-07-01,50172.0,53974.77977561664,5,rolling_ridge_change,cv,3
2016-09-01,2016-08-01,49983.0,50276.556315524285,5,rolling_ridge_change,cv,3
2016-10-01,2016-09-01,50779.0,50453.27993366574,5,rolling_ridge_change,cv,3
2016-11-01,2016-10-01,52121.0,51921.553843114816,5,rolling_ridge_change,cv,3
2016-12-01,2016-11-01,51705.0,52898.554911087085,5,rolling_ridge_change,cv,3
2017-01-01,2016-12-01,49807.0,52538.426704029785,5,rolling_ridge_change,cv,3
2017-02-01,2017-01-01,53997.0,50850.84953842751,5,rolling_ridge_change,cv,3
2017-03-01,2017-02-01,55191.0,54643.80371888818,5,rolling_ridge_change,cv,3
2017-04-01,2017-03-01,52748.0,54796.26814919589,5,rolling_ridge_change,cv,3
2017-05-01,2017-04-01,56513.0,53001.25132675359,5,rolling_ridge_change,cv,3
2017-06-01,2017-05-01,54257.0,56404.65751387786,5,rolling_ridge_change,cv,3
2017-07-01,2017-06-01,50858.0,53544.058030056905,5,rolling_ridge_change,cv,4
2017-08-01,2017-07-01,48478.0,50893.63075001038,5,rolling_ridge_change,cv,4
2017-09-01,2017-08-01,48337.0,48427.4034850208,5,rolling_ridge_change,cv,4
2017-10-01,2017-09-01,52498.0,48729.46615232037,5,rolling_ridge_change,cv,4
2017-11-01,2017-10-01,53896.0,52569.68942712698,5,rolling_ridge_change,cv,4
2017-12-01,2017-11-01,51108.0,54231.38571561719,5,rolling_ridge_change,cv,4
2018-01-01,2017-12-01,49964.0,50893.72918120007,5,rolling_ridge_change,cv,4
2018-02-01,2018-01-01,49005.0,50541.70736501583,5,rolling_ridge_change,cv,4
2018-03-01,2018-02-01,49623.0,49838.83181097014,5,rolling_ridge_change,cv,4
2018-04-01,2018-03-01,51051.0,50708.0662097337,5,rolling_ridge_change,cv,4
2018-05-01,2018-04-01,54765.0,51463.41431513035,5,rolling_ridge_change,cv,4
2018-06-01,2018-05-01,51140.0,54336.726143526306,5,rolling_ridge_change,cv,4
2018-07-01,2018-06-01,49029.0,50350.71316612298,5,rolling_ridge_change,cv,5
2018-08-01,2018-07-01,48728.0,49166.194561830474,5,rolling_ridge_change,cv,5
2018-09-01,2018-08-01,49086.0,48030.97512099784,5,rolling_ridge_change,cv,5
2018-10-01,2018-09-01,49209.0,49825.804906908386,5,rolling_ridge_change,cv,5
2018-11-01,2018-10-01,46399.0,49813.42153242627,5,rolling_ridge_change,cv,5
2018-12-01,2018-11-01,45152.0,47019.14494731755,5,rolling_ridge_change,cv,5
2019-01-01,2018-12-01,49359.0,46392.05462650692,5,rolling_ridge_change,cv,5
2019-02-01,2019-01-01,51643.0,49983.517740929565,5,rolling_ridge_change,cv,5
2019-03-01,2019-02-01,49767.0,51757.38515236232,5,rolling_ridge_change,cv,5
2019-04-01,2019-03-01,53082.0,50249.77738181039,5,rolling_ridge_change,cv,5
2019-05-01,2019-04-01,52006.0,53334.98071354199,5,rolling_ridge_change,cv,5
2019-06-01,2019-05-01,50711.0,51778.340988802884,5,rolling_ridge_change,cv,5
2019-07-01,2019-06-01,49031.0,49849.584347143296,5,rolling_ridge_change,cv,6
2019-08-01,2019-07-01,45344.0,48767.73958292505,5,rolling_ridge_change,cv,6
2019-09-01,2019-08-01,46239.0,45457.71862061713,5,rolling_ridge_change,cv,6
2019-10-01,2019-09-01,51006.0,45759.244533654884,5,rolling_ridge_change,cv,6
2019-11-01,2019-10-01,52413.0,50743.99475674751,5,rolling_ridge_change,cv,6
2019-12-01,2019-11-01,52898.0,51988.07742300023,5,rolling_ridge_change,cv,6
2020-01-01,2019-12-01,52073.0,52823.42315450856,5,rolling_ridge_change,cv,6
2020-02-01,2020-01-01,52311.0,51399.63445787144,5,rolling_ridge_change,cv,6
2020-03-01,2020-02-01,57074.0,52458.039097124354,5,rolling_ridge_change,cv,6
2020-04-01,2020-03-01,56720.0,56844.211860345,5,rolling_ridge_change,cv,6
2020-05-01,2020-04-01,57391.0,55478.998992412635,5,rolling_ridge_change,cv,6
2020-06-01,2020-05-01,56563.0,55145.306486209614,5,rolling_ridge_change,cv,6
2020-07-01,2020-06-01,54137.0,55740.27611641874,5,rolling_ridge_change,cv,7
2020-08-01,2020-07-01,54804.0,53625.19762433993,5,rolling_ridge_change,cv,7
2020-09-01,2020-08-01,51428.0,54126.85788403742,5,rolling_ridge_change,cv,7
2020-10-01,2020-09-01,51073.0,51137.91143596471,5,rolling_ridge_change,cv,7
2020-11-01,2020-10-01,46690.0,51281.47095807233,5,rolling_ridge_change,cv,7
2020-12-01,2020-11-01,45098.0,47543.86032379772,5,rolling_ridge_change,cv,7
2021-01-01,2020-12-01,47258.0,46380.80072574988,5,rolling_ridge_change,cv,7
2021-02-01,2021-01-01,51532.0,48494.65738231989,5,rolling_ridge_change,cv,7
2021-03-01,2021-02-01,48325.0,52214.301448714075,5,rolling_ridge_change,cv,7
2021-04-01,2021-03-01,48041.0,49160.65211623748,5,rolling_ridge_change,cv,7
2021-05-01,2021-04-01,48296.0,48517.06626494721,5,rolling_ridge_change,cv,7
2021-06-01,2021-05-01,47846.0,48747.0574429022,5,rolling_ridge_change,cv,7
2021-07-01,2021-06-01,45141.0,47469.5751076327,5,rolling_ridge_change,cv,8
2021-08-01,2021-07-01,46345.0,45102.73406362173,5,rolling_ridge_change,cv,8
2021-09-01,2021-08-01,47895.0,46138.98628778639,5,rolling_ridge_change,cv,8
2021-10-01,2021-09-01,48905.0,47875.19914940431,5,rolling_ridge_change,cv,8
2021-11-01,2021-10-01,48624.0,48889.927171246905,5,rolling_ridge_change,cv,8
2021-12-01,2021-11-01,46748.0,48827.29483604035,5,rolling_ridge_change,cv,8
2022-01-01,2021-12-01,51196.0,47102.67600633275,5,rolling_ridge_change,cv,8
2022-02-01,2022-01-01,49640.0,51421.580537856964,5,rolling_ridge_change,cv,8
2022-03-01,2022-02-01,46797.0,49580.919821743926,5,rolling_ridge_change,cv,8
2022-04-01,2022-03-01,48399.0,46970.38954822592,5,rolling_ridge_change,cv,8
2022-05-01,2022-04-01,46490.0,48510.29112293342,5,rolling_ridge_change,cv,8
2022-06-01,2022-05-01,46323.0,46698.327432844875,5,rolling_ridge_change,cv,8
2022-07-01,2022-06-01,50121.0,46228.562023939034,5,rolling_ridge_change,cv,9
2022-08-01,2022-07-01,48567.0,49551.715552120884,5,rolling_ridge_change,cv,9
2022-09-01,2022-08-01,48438.0,48157.82125554457,5,rolling_ridge_change,cv,9
2022-10-01,2022-09-01,49593.0,48014.867790963806,5,rolling_ridge_change,cv,9
2022-11-01,2022-10-01,48722.0,49384.32871599321,5,rolling_ridge_change,cv,9
2022-12-01,2022-11-01,48002.0,48546.366124875574,5,rolling_ridge_change,cv,9
2023-01-01,2022-12-01,48005.0,47940.12804965119,5,rolling_ridge_change,cv,9
2023-02-01,2023-01-01,49287.0,47978.94579686822,5,rolling_ridge_change,cv,9
2023-03-01,2023-02-01,49402.0,49248.71391050963,5,rolling_ridge_change,cv,9
2023-04-01,2023-03-01,52191.0,49255.077327550905,5,rolling_ridge_change,cv,9
2023-05-01,2023-04-01,51745.0,51483.157721062904,5,rolling_ridge_change,cv,9
2023-06-01,2023-05-01,49774.0,51080.96282619786,5,rolling_ridge_change,cv,9
2023-07-01,2023-06-01,44796.0,49468.68217687534,5,rolling_ridge_change,cv,10
2023-08-01,2023-07-01,45906.0,44991.03640377392,5,rolling_ridge_change,cv,10
2023-09-01,2023-08-01,43997.0,46070.24427817416,5,rolling_ridge_change,cv,10
2023-10-01,2023-09-01,44355.0,44228.40765383003,5,rolling_ridge_change,cv,10
2023-11-01,2023-10-01,50123.0,44721.309541798364,5,rolling_ridge_change,cv,10
2023-12-01,2023-11-01,49423.0,50162.643109583616,5,rolling_ridge_change,cv,10
2024-01-01,2023-12-01,46173.0,49593.979226192976,5,rolling_ridge_change,cv,10
2024-02-01,2024-01-01,49347.0,46567.39140789501,5,rolling_ridge_change,cv,10
2024-03-01,2024-02-01,47617.0,49325.7687537993,5,rolling_ridge_change,cv,10
2024-04-01,2024-03-01,45362.0,47696.18803320052,5,rolling_ridge_change,cv,10
2024-05-01,2024-04-01,46523.0,45592.22841241207,5,rolling_ridge_change,cv,10
2024-06-01,2024-05-01,44390.0,46612.75085325535,5,rolling_ridge_change,cv,10
2014-07-01,2014-06-01,53884.0,55263.71242714103,5,damped_ridge_change,cv,1
2014-08-01,2014-07-01,50091.0,53509.50370733216,5,damped_ridge_change,cv,1
2014-09-01,2014-08-01,53870.0,50014.4702747758,5,damped_ridge_change,cv,1
2014-10-01,2014-09-01,54076.0,53258.1496905437,5,damped_ridge_change,cv,1
2014-11-01,2014-10-01,52061.0,53808.426148678365,5,damped_ridge_change,cv,1
2014-12-01,2014-11-01,48955.0,52015.69121866572,5,damped_ridge_change,cv,1
2015-01-01,2014-12-01,50715.0,49189.888138004666,5,damped_ridge_change,cv,1
2015-02-01,2015-01-01,53664.0,51043.80849012425,5,damped_ridge_change,cv,1
2015-03-01,2015-02-01,57103.0,53988.68337978992,5,damped_ridge_change,cv,1
2015-04-01,2015-03-01,56431.0,56850.05286816079,5,damped_ridge_change,cv,1
2015-05-01,2015-04-01,57363.0,54620.656174889315,5,damped_ridge_change,cv,1
2015-06-01,2015-05-01,55067.0,56979.82772890225,5,damped_ridge_change,cv,1
2015-07-01,2015-06-01,51606.0,54575.61314582785,5,damped_ridge_change,cv,2
2015-08-01,2015-07-01,50265.0,51253.10186523762,5,damped_ridge_change,cv,2
2015-09-01,2015-08-01,49963.0,50409.8711747845,5,damped_ridge_change,cv,2
2015-10-01,2015-09-01,54597.0,50219.10942493653,5,damped_ridge_change,cv,2
2015-11-01,2015-10-01,56100.0,54764.91756027668,5,damped_ridge_change,cv,2
2015-12-01,2015-11-01,54144.0,55871.07542759872,5,damped_ridge_change,cv,2
2016-01-01,2015-12-01,56084.0,54000.534117375144,5,damped_ridge_change,cv,2
2016-02-01,2016-01-01,56398.0,55975.4271225511,5,damped_ridge_change,cv,2
2016-03-01,2016-02-01,54575.0,56365.38492210549,5,damped_ridge_change,cv,2
2016-04-01,2016-03-01,51786.0,54547.16852577705,5,damped_ridge_change,cv,2
2016-05-01,2016-04-01,59504.0,51909.11740817474,5,damped_ridge_change,cv,2
2016-06-01,2016-05-01,58485.0,59248.880753928315,5,damped_ridge_change,cv,2
2016-07-01,2016-06-01,54600.0,57785.165086908935,5,damped_ridge_change,cv,3
2016-08-01,2016-07-01,50172.0,54127.55888477224,5,damped_ridge_change,cv,3
2016-09-01,2016-08-01,49983.0,50192.450169902535,5,damped_ridge_change,cv,3
2016-10-01,2016-09-01,50779.0,50318.80542121764,5,damped_ridge_change,cv,3
2016-11-01,2016-10-01,52121.0,51421.17565540069,5,damped_ridge_change,cv,3
2016-12-01,2016-11-01,51705.0,52501.71118664176,5,damped_ridge_change,cv,3
2017-01-01,2016-12-01,49807.0,52169.324333335186,5,damped_ridge_change,cv,3
2017-02-01,2017-01-01,53997.0,50455.28810648714,5,damped_ridge_change,cv,3
2017-03-01,2017-02-01,55191.0,54387.699789831975,5,damped_ridge_change,cv,3
2017-04-01,2017-03-01,52748.0,54958.23359569307,5,damped_ridge_change,cv,3
2017-05-01,2017-04-01,56513.0,52996.46070039726,5,damped_ridge_change,cv,3
2017-06-01,2017-05-01,54257.0,56613.43996140421,5,damped_ridge_change,cv,3
2017-07-01,2017-06-01,50858.0,53804.619367034975,5,damped_ridge_change,cv,4
2017-08-01,2017-07-01,48478.0,50778.29354395875,5,damped_ridge_change,cv,4
2017-09-01,2017-08-01,48337.0,48464.43493203202,5,damped_ridge_change,cv,4
2017-10-01,2017-09-01,52498.0,48636.4540595685,5,damped_ridge_change,cv,4
2017-11-01,2017-10-01,53896.0,52680.31697898611,5,damped_ridge_change,cv,4
2017-12-01,2017-11-01,51108.0,54083.392057586,5,damped_ridge_change,cv,4
2018-01-01,2017-12-01,49964.0,50977.61719230734,5,damped_ridge_change,cv,4
2018-02-01,2018-01-01,49005.0,50354.046787377934,5,damped_ridge_change,cv,4
2018-03-01,2018-02-01,49623.0,49591.680841558904,5,damped_ridge_change,cv,4
2018-04-01,2018-03-01,51051.0,50279.04633506082,5,damped_ridge_change,cv,4
2018-05-01,2018-04-01,54765.0,51436.17872659718,5,damped_ridge_change,cv,4
2018-06-01,2018-05-01,51140.0,54601.838791538365,5,damped_ridge_change,cv,4
2018-07-01,2018-06-01,49029.0,50596.0367630306,5,damped_ridge_change,cv,5
2018-08-01,2018-07-01,48728.0,49206.15455612766,5,damped_ridge_change,cv,5
2018-09-01,2018-08-01,49086.0,48464.51892398426,5,damped_ridge_change,cv,5
2018-10-01,2018-09-01,49209.0,49667.43822201085,5,damped_ridge_change,cv,5
2018-11-01,2018-10-01,46399.0,49703.81440900163,5,damped_ridge_change,cv,5
2018-12-01,2018-11-01,45152.0,46850.41203386538,5,damped_ridge_change,cv,5
2019-01-01,2018-12-01,49359.0,46069.487426325504,5,damped_ridge_change,cv,5
2019-02-01,2019-01-01,51643.0,49977.056495439894,5,damped_ridge_change,cv,5
2019-03-01,2019-02-01,49767.0,51920.50602631476,5,damped_ridge_change,cv,5
2019-04-01,2019-03-01,53082.0,50043.015460919894,5,damped_ridge_change,cv,5
2019-05-01,2019-04-01,52006.0,53229.658149376104,5,damped_ridge_change,cv,5
2019-06-01,2019-05-01,50711.0,51772.06163687014,5,damped_ridge_change,cv,5
2019-07-01,2019-06-01,49031.0,50174.43387092713,5,damped_ridge_change,cv,6
2019-08-01,2019-07-01,45344.0,48847.01333721106,5,damped_ridge_change,cv,6
2019-09-01,2019-08-01,46239.0,45507.19787743929,5,damped_ridge_change,cv,6
2019-10-01,2019-09-01,51006.0,46102.28488767628,5,damped_ridge_change,cv,6
2019-11-01,2019-10-01,52413.0,51041.972947460185,5,damped_ridge_change,cv,6
2019-12-01,2019-11-01,52898.0,52223.04170675247,5,damped_ridge_change,cv,6
2020-01-01,2019-12-01,52073.0,52885.64663211853,5,damped_ridge_change,cv,6
2020-02-01,2020-01-01,52311.0,51501.7293903563,5,damped_ridge_change,cv,6
2020-03-01,2020-02-01,57074.0,52489.747736625955,5,damped_ridge_change,cv,6
2020-04-01,2020-03-01,56720.0,56986.470653741526,5,damped_ridge_change,cv,6
2020-05-01,2020-04-01,57391.0,55884.97379236894,5,damped_ridge_change,cv,6
2020-06-01,2020-05-01,56563.0,55973.67277503251,5,damped_ridge_change,cv,6
2020-07-01,2020-06-01,54137.0,55959.66498988748,5,damped_ridge_change,cv,7
2020-08-01,2020-07-01,54804.0,53599.4769283528,5,damped_ridge_change,cv,7
2020-09-01,2020-08-01,51428.0,54191.198005831444,5,damped_ridge_change,cv,7
2020-10-01,2020-09-01,51073.0,51127.89185980277,5,damped_ridge_change,cv,7
2020-11-01,2020-10-01,46690.0,51247.37809313438,5,damped_ridge_change,cv,7
2020-12-01,2020-11-01,45098.0,47313.66927441353,5,damped_ridge_change,cv,7
2021-01-01,2020-12-01,47258.0,46063.69406244819,5,damped_ridge_change,cv,7
2021-02-01,2021-01-01,51532.0,48314.58142964016,5,damped_ridge_change,cv,7
2021-03-01,2021-02-01,48325.0,52225.85053623134,5,damped_ridge_change,cv,7
2021-04-01,2021-03-01,48041.0,48970.739860342044,5,damped_ridge_change,cv,7
2021-05-01,2021-04-01,48296.0,48616.18982278996,5,damped_ridge_change,cv,7
2021-06-01,2021-05-01,47846.0,48871.01551426576,5,damped_ridge_change,cv,7
2021-07-01,2021-06-01,45141.0,47907.56669334696,5,damped_ridge_change,cv,8
2021-08-01,2021-07-01,46345.0,45510.293891434216,5,damped_ridge_change,cv,8
2021-09-01,2021-08-01,47895.0,46602.43254775485,5,damped_ridge_change,cv,8
2021-10-01,2021-09-01,48905.0,48216.07042186598,5,damped_ridge_change,cv,8
2021-11-01,2021-10-01,48624.0,49144.90927406896,5,damped_ridge_change,cv,8
2021-12-01,2021-11-01,46748.0,48811.86604783437,5,damped_ridge_change,cv,8
2022-01-01,2021-12-01,51196.0,47056.01614954422,5,damped_ridge_change,cv,8
2022-02-01,2022-01-01,49640.0,51750.297283456115,5,damped_ridge_change,cv,8
2022-03-01,2022-02-01,46797.0,49726.78499705555,5,damped_ridge_change,cv,8
2022-04-01,2022-03-01,48399.0,47005.9600029336,5,damped_ridge_change,cv,8
2022-05-01,2022-04-01,46490.0,48683.294343309084,5,damped_ridge_change,cv,8
2022-06-01,2022-05-01,46323.0,47090.48388210738,5,damped_ridge_change,cv,8
2022-07-01,2022-06-01,50121.0,46097.066518935695,5,damped_ridge_change,cv,9
2022-08-01,2022-07-01,48567.0,49716.86778639875,5,damped_ridge_change,cv,9
2022-09-01,2022-08-01,48438.0,48387.21732798626,5,damped_ridge_change,cv,9
2022-10-01,2022-09-01,49593.0,48103.709496100484,5,damped_ridge_change,cv,9
2022-11-01,2022-10-01,48722.0,49638.626254110655,5,damped_ridge_change,cv,9
2022-12-01,2022-11-01,48002.0,48323.59542245427,5,damped_ridge_change,cv,9
2023-01-01,2022-12-01,48005.0,48120.432053179575,5,damped_ridge_change,cv,9
2023-02-01,2023-01-01,49287.0,47988.04234048229,5,damped_ridge_change,cv,9
2023-03-01,2023-02-01,49402.0,49303.434758125055,5,damped_ridge_change,cv,9
2023-04-01,2023-03-01,52191.0,49337.14631041369,5,damped_ridge_change,cv,9
2023-05-01,2023-04-01,51745.0,51366.486340651565,5,damped_ridge_change,cv,9
2023-06-01,2023-05-01,49774.0,51076.88976291819,5,damped_ridge_change,cv,9
2023-07-01,2023-06-01,44796.0,49329.02806837159,5,damped_ridge_change,cv,10
2023-08-01,2023-07-01,45906.0,44886.21314541556,5,damped_ridge_change,cv,10
2023-09-01,2023-08-01,43997.0,46006.863449656536,5,damped_ridge_change,cv,10
2023-10-01,2023-09-01,44355.0,44158.44698369674,5,damped_ridge_change,cv,10
2023-11-01,2023-10-01,50123.0,44743.18133353161,5,damped_ridge_change,cv,10
2023-12-01,2023-11-01,49423.0,50351.43415550225,5,damped_ridge_change,cv,10
2024-01-01,2023-12-01,46173.0,49622.73090421358,5,damped_ridge_change,cv,10
2024-02-01,2024-01-01,49347.0,46408.289179526335,5,damped_ridge_change,cv,10
2024-03-01,2024-02-01,47617.0,49401.566041201564,5,damped_ridge_change,cv,10
2024-04-01,2024-03-01,45362.0,47940.60557223716,5,damped_ridge_change,cv,10
2024-05-01,2024-04-01,46523.0,45800.591313056146,5,damped_ridge_change,cv,10
2024-06-01,2024-05-01,44390.0,46717.81651137223,5,damped_ridge_change,cv,10
2014-07-01,2014-06-01,53884.0,54341.60417459716,5,ensemble_change,cv,1
2014-08-01,2014-07-01,50091.0,52987.039444695474,5,ensemble_change,cv,1
2014-09-01,2014-08-01,53870.0,50248.12104533778,5,ensemble_change,cv,1
2014-10-01,2014-09-01,54076.0,53632.42571214893,5,ensemble_change,cv,1
2014-11-01,2014-10-01,52061.0,53490.381706078195,5,ensemble_change,cv,1
2014-12-01,2014-11-01,48955.0,52177.1875477384,5,ensemble_change,cv,1
2015-01-01,2014-12-01,50715.0,49463.25881198931,5,ensemble_change,cv,1
2015-02-01,2015-01-01,53664.0,51641.800363593735,5,ensemble_change,cv,1
2015-03-01,2015-02-01,57103.0,54399.091060078936,5,ensemble_change,cv,1
2015-04-01,2015-03-01,56431.0,56755.71337710869,5,ensemble_change,cv,1
2015-05-01,2015-04-01,57363.0,54650.34488558559,5,ensemble_change,cv,1
2015-06-01,2015-05-01,55067.0,56392.40427225046,5,ensemble_change,cv,1
2015-07-01,2015-06-01,51606.0,53832.81141300684,5,ensemble_change,cv,2
2015-08-01,2015-07-01,50265.0,51423.619050264635,5,ensemble_change,cv,2
2015-09-01,2015-08-01,49963.0,50628.43373363441,5,ensemble_change,cv,2
2015-10-01,2015-09-01,54597.0,50716.70166815657,5,ensemble_change,cv,2
2015-11-01,2015-10-01,56100.0,54338.95316953132,5,ensemble_change,cv,2
2015-12-01,2015-11-01,54144.0,55127.641082499635,5,ensemble_change,cv,2
2016-01-01,2015-12-01,56084.0,53839.494504843926,5,ensemble_change,cv,2
2016-02-01,2016-01-01,56398.0,55879.81896555262,5,ensemble_change,cv,2
2016-03-01,2016-02-01,54575.0,55969.502994120594,5,ensemble_change,cv,2
2016-04-01,2016-03-01,51786.0,54433.60738135353,5,ensemble_change,cv,2
2016-05-01,2016-04-01,59504.0,52304.06422655542,5,ensemble_change,cv,2
2016-06-01,2016-05-01,58485.0,58631.855339125046,5,ensemble_change,cv,2
2016-07-01,2016-06-01,54600.0,56839.42507031713,5,ensemble_change,cv,3
2016-08-01,2016-07-01,50172.0,53243.2882049933,5,ensemble_change,cv,3
2016-09-01,2016-08-01,49983.0,50468.16786194685,5,ensemble_change,cv,3
2016-10-01,2016-09-01,50779.0,50950.112252832274,5,ensemble_change,cv,3
2016-11-01,2016-10-01,52121.0,52067.89191808832,5,ensemble_change,cv,3
2016-12-01,2016-11-01,51705.0,52828.350731107435,5,ensemble_change,cv,3
2017-01-01,2016-12-01,49807.0,53009.73508565002,5,ensemble_change,cv,3
2017-02-01,2017-01-01,53997.0,51210.53441051312,5,ensemble_change,cv,3
2017-03-01,2017-02-01,55191.0,54812.16824678344,5,ensemble_change,cv,3
2017-04-01,2017-03-01,52748.0,54714.72478030501,5,ensemble_change,cv,3
2017-05-01,2017-04-01,56513.0,53313.03451168203,5,ensemble_change,cv,3
2017-06-01,2017-05-01,54257.0,55965.95873971724,5,ensemble_change,cv,3
2017-07-01,2017-06-01,50858.0,53064.722618648055,5,ensemble_change,cv,4
2017-08-01,2017-07-01,48478.0,51011.47662242818,5,ensemble_change,cv,4
2017-09-01,2017-08-01,48337.0,48644.842543351406,5,ensemble_change,cv,4
2017-10-01,2017-09-01,52498.0,49078.25518995703,5,ensemble_change,cv,4
2017-11-01,2017-10-01,53896.0,52977.04751300462,5,ensemble_change,cv,4
2017-12-01,2017-11-01,51108.0,53810.50746960821,5,ensemble_change,cv,4
2018-01-01,2017-12-01,49964.0,51473.30009113233,5,ensemble_change,cv,4
2018-02-01,2018-01-01,49005.0,50796.77735369135,5,ensemble_change,cv,4
2018-03-01,2018-02-01,49623.0,50338.082251612774,5,ensemble_change,cv,4
2018-04-01,2018-03-01,51051.0,50655.468768806044,5,ensemble_change,cv,4
2018-05-01,2018-04-01,54765.0,52043.46082715111,5,ensemble_change,cv,4
2018-06-01,2018-05-01,51140.0,54087.344983438226,5,ensemble_change,cv,4
2018-07-01,2018-06-01,49029.0,50688.37232363046,5,ensemble_change,cv,5
2018-08-01,2018-07-01,48728.0,49091.15627198645,5,ensemble_change,cv,5
2018-09-01,2018-08-01,49086.0,48896.11536317278,5,ensemble_change,cv,5
2018-10-01,2018-09-01,49209.0,50287.653688262704,5,ensemble_change,cv,5
2018-11-01,2018-10-01,46399.0,50231.856227231205,5,ensemble_change,cv,5
2018-12-01,2018-11-01,45152.0,47154.80204570894,5,ensemble_change,cv,5
2019-01-01,2018-12-01,49359.0,46458.88175938678,5,ensemble_change,cv,5
2019-02-01,2019-01-01,51643.0,50571.15352638526,5,ensemble_change,cv,5
2019-03-01,2019-02-01,49767.0,52754.290037525854,5,ensemble_change,cv,5
2019-04-01,2019-03-01,53082.0,50897.21813842854,5,ensemble_change,cv,5
2019-05-01,2019-04-01,52006.0,53936.67726016025,5,ensemble_change,cv,5
2019-06-01,2019-05-01,50711.0,51920.772491970136,5,ensemble_change,cv,5
2019-07-01,2019-06-01,49031.0,50218.60928297964,5,ensemble_change,cv,6
2019-08-01,2019-07-01,45344.0,48886.26630622914,5,ensemble_change,cv,6
2019-09-01,2019-08-01,46239.0,45618.71713656502,5,ensemble_change,cv,6
2019-10-01,2019-09-01,51006.0,46360.74333413602,5,ensemble_change,cv,6
2019-11-01,2019-10-01,52413.0,51018.17098536847,5,ensemble_change,cv,6
2019-12-01,2019-11-01,52898.0,52183.22640339549,5,ensemble_change,cv,6
2020-01-01,2019-12-01,52073.0,53234.580478720265,5,ensemble_change,cv,6
2020-02-01,2020-01-01,52311.0,52015.33941804474,5,ensemble_change,cv,6
2020-03-01,2020-02-01,57074.0,53079.40578277033,5,ensemble_change,cv,6
2020-04-01,2020-03-01,56720.0,56940.35760297006,5,ensemble_change,cv,6
2020-05-01,2020-04-01,57391.0,55525.05718476981,5,ensemble_change,cv,6
2020-06-01,2020-05-01,56563.0,55238.05865933104,5,ensemble_change,cv,6
2020-07-01,2020-06-01,54137.0,54764.678201368304,5,ensemble_change,cv,7
2020-08-01,2020-07-01,54804.0,52724.71405149131,5,ensemble_change,cv,7
2020-09-01,2020-08-01,51428.0,53460.20898834159,5,ensemble_change,cv,7
2020-10-01,2020-09-01,51073.0,51364.28253999091,5,ensemble_change,cv,7
2020-11-01,2020-10-01,46690.0,51482.42426063305,5,ensemble_change,cv,7
2020-12-01,2020-11-01,45098.0,47248.69679436034,5,ensemble_change,cv,7
2021-01-01,2020-12-01,47258.0,46176.217998203145,5,ensemble_change,cv,7
2021-02-01,2021-01-01,51532.0,48798.63745575223,5,ensemble_change,cv,7
2021-03-01,2021-02-01,48325.0,52661.25298446614,5,ensemble_change,cv,7
2021-04-01,2021-03-01,48041.0,49440.92473578875,5,ensemble_change,cv,7
2021-05-01,2021-04-01,48296.0,49277.62850643319,5,ensemble_change,cv,7
2021-06-01,2021-05-01,47846.0,49161.30596165133,5,ensemble_change,cv,7
2021-07-01,2021-06-01,45141.0,47840.79187211106,5,ensemble_change,cv,8
2021-08-01,2021-07-01,46345.0,45683.26576375119,5,ensemble_change,cv,8
2021-09-01,2021-08-01,47895.0,46968.170001082115,5,ensemble_change,cv,8
2021-10-01,2021-09-01,48905.0,48944.59496954456,5,ensemble_change,cv,8
2021-11-01,2021-10-01,48624.0,49665.181231320006,5,ensemble_change,cv,8
2021-12-01,2021-11-01,46748.0,49185.3283700202,5,ensemble_change,cv,8
2022-01-01,2021-12-01,51196.0,47379.14374887566,5,ensemble_change,cv,8
2022-02-01,2022-01-01,49640.0,52478.43368908744,5,ensemble_change,cv,8
2022-03-01,2022-02-01,46797.0,49979.539602645054,5,ensemble_change,cv,8
2022-04-01,2022-03-01,48399.0,47373.370513306996,5,ensemble_change,cv,8
2022-05-01,2022-04-01,46490.0,49450.897675157896,5,ensemble_change,cv,8
2022-06-01,2022-05-01,46323.0,47188.111444125694,5,ensemble_change,cv,8
2022-07-01,2022-06-01,50121.0,46088.60695960532,5,ensemble_change,cv,9
2022-08-01,2022-07-01,48567.0,49924.32279028516,5,ensemble_change,cv,9
2022-09-01,2022-08-01,48438.0,48605.26232985309,5,ensemble_change,cv,9
2022-10-01,2022-09-01,49593.0,48380.21202279117,5,ensemble_change,cv,9
2022-11-01,2022-10-01,48722.0,49696.139709744566,5,ensemble_change,cv,9
2022-12-01,2022-11-01,48002.0,48276.71316754469,5,ensemble_change,cv,9
2023-01-01,2022-12-01,48005.0,48670.17134050336,5,ensemble_change,cv,9
2023-02-01,2023-01-01,49287.0,48442.43543654046,5,ensemble_change,cv,9
2023-03-01,2023-02-01,49402.0,49637.36798546708,5,ensemble_change,cv,9
2023-04-01,2023-03-01,52191.0,49633.72627448929,5,ensemble_change,cv,9
2023-05-01,2023-04-01,51745.0,51735.49780873178,5,ensemble_change,cv,9
2023-06-01,2023-05-01,49774.0,50870.18504249038,5,ensemble_change,cv,9
2023-07-01,2023-06-01,44796.0,49023.26006123751,5,ensemble_change,cv,10
2023-08-01,2023-07-01,45906.0,45080.12139323377,5,ensemble_change,cv,10
2023-09-01,2023-08-01,43997.0,46480.58113278938,5,ensemble_change,cv,10
2023-10-01,2023-09-01,44355.0,44535.48223045439,5,ensemble_change,cv,10
2023-11-01,2023-10-01,50123.0,44944.384078325966,5,ensemble_change,cv,10
2023-12-01,2023-11-01,49423.0,50137.16954838609,5,ensemble_change,cv,10
2024-01-01,2023-12-01,46173.0,49932.61684878744,5,ensemble_change,cv,10
2024-02-01,2024-01-01,49347.0,46784.861751865996,5,ensemble_change,cv,10
2024-03-01,2024-02-01,47617.0,49510.325078690745,5,ensemble_change,cv,10
2024-04-01,2024-03-01,45362.0,48619.21931435949,5,ensemble_change,cv,10
2024-05-01,2024-04-01,46523.0,46339.561497129354,5,ensemble_change,cv,10
2024-06-01,2024-05-01,44390.0,46850.25144126044,5,ensemble_change,cv,10
2024-07-01,2024-06-01,48679.0,44390.0,5,persistence,holdout,0
2024-08-01,2024-07-01,48397.0,48679.0,5,persistence,holdout,0
2024-09-01,2024-08-01,44599.0,48397.0,5,persistence,holdout,0
2024-10-01,2024-09-01,45253.0,44599.0,5,persistence,holdout,0
2024-11-01,2024-10-01,49689.0,45253.0,5,persistence,holdout,0
2024-12-01,2024-11-01,49330.0,49689.0,5,persistence,holdout,0
2025-01-01,2024-12-01,48567.0,49330.0,5,persistence,holdout,0
2025-02-01,2025-01-01,47148.0,48567.0,5,persistence,holdout,0
2025-03-01,2025-02-01,45729.0,47148.0,5,persistence,holdout,0
2025-04-01,2025-03-01,48608.0,45729.0,5,persistence,holdout,0
2025-05-01,2025-04-01,49527.0,48608.0,5,persistence,holdout,0
2025-06-01,2025-05-01,46992.0,49527.0,5,persistence,holdout,0
2025-07-01,2025-06-01,44737.0,46992.0,5,persistence,holdout,0
2025-08-01,2025-07-01,46079.0,44737.0,5,persistence,holdout,0
2025-09-01,2025-08-01,45411.0,46079.0,5,persistence,holdout,0
2025-10-01,2025-09-01,48782.0,45411.0,5,persistence,holdout,0
2025-11-01,2025-10-01,45934.0,48782.0,5,persistence,holdout,0
2025-12-01,2025-11-01,46424.0,45934.0,5,persistence,holdout,0
2026-01-01,2025-12-01,44359.0,46424.0,5,persistence,holdout,0
2026-02-01,2026-01-01,43997.0,44359.0,5,persistence,holdout,0
2026-03-01,2026-02-01,44981.0,43997.0,5,persistence,holdout,0
2026-04-01,2026-03-01,46089.0,44981.0,5,persistence,holdout,0
2026-05-01,2026-04-01,47371.0,46089.0,5,persistence,holdout,0
2026-06-01,2026-05-01,40752.0,47371.0,5,persistence,holdout,0
2024-07-01,2024-06-01,48679.0,44796.0,5,seasonal_naive,holdout,0
2024-08-01,2024-07-01,48397.0,45906.0,5,seasonal_naive,holdout,0
2024-09-01,2024-08-01,44599.0,43997.0,5,seasonal_naive,holdout,0
2024-10-01,2024-09-01,45253.0,44355.0,5,seasonal_naive,holdout,0
2024-11-01,2024-10-01,49689.0,50123.0,5,seasonal_naive,holdout,0
2024-12-01,2024-11-01,49330.0,49423.0,5,seasonal_naive,holdout,0
2025-01-01,2024-12-01,48567.0,46173.0,5,seasonal_naive,holdout,0
2025-02-01,2025-01-01,47148.0,49347.0,5,seasonal_naive,holdout,0
2025-03-01,2025-02-01,45729.0,47617.0,5,seasonal_naive,holdout,0
2025-04-01,2025-03-01,48608.0,45362.0,5,seasonal_naive,holdout,0
2025-05-01,2025-04-01,49527.0,46523.0,5,seasonal_naive,holdout,0
2025-06-01,2025-05-01,46992.0,44390.0,5,seasonal_naive,holdout,0
2025-07-01,2025-06-01,44737.0,48679.0,5,seasonal_naive,holdout,0
2025-08-01,2025-07-01,46079.0,48397.0,5,seasonal_naive,holdout,0
2025-09-01,2025-08-01,45411.0,44599.0,5,seasonal_naive,holdout,0
2025-10-01,2025-09-01,48782.0,45253.0,5,seasonal_naive,holdout,0
2025-11-01,2025-10-01,45934.0,49689.0,5,seasonal_naive,holdout,0
2025-12-01,2025-11-01,46424.0,49330.0,5,seasonal_naive,holdout,0
2026-01-01,2025-12-01,44359.0,48567.0,5,seasonal_naive,holdout,0
2026-02-01,2026-01-01,43997.0,47148.0,5,seasonal_naive,holdout,0
2026-03-01,2026-02-01,44981.0,45729.0,5,seasonal_naive,holdout,0
2026-04-01,2026-03-01,46089.0,48608.0,5,seasonal_naive,holdout,0
2026-05-01,2026-04-01,47371.0,49527.0,5,seasonal_naive,holdout,0
2026-06-01,2026-05-01,40752.0,46992.0,5,seasonal_naive,holdout,0
2024-07-01,2024-06-01,48679.0,42791.8,5,seasonal_change,holdout,0
2024-08-01,2024-07-01,48397.0,48227.0,5,seasonal_change,holdout,0
2024-09-01,2024-08-01,44599.0,47803.2,5,seasonal_change,holdout,0
2024-10-01,2024-09-01,45253.0,45986.0,5,seasonal_change,holdout,0
2024-11-01,2024-10-01,49689.0,45581.0,5,seasonal_change,holdout,0
2024-12-01,2024-11-01,49330.0,48808.4,5,seasonal_change,holdout,0
2025-01-01,2024-12-01,48567.0,49837.2,5,seasonal_change,holdout,0
2025-02-01,2025-01-01,47148.0,50049.4,5,seasonal_change,holdout,0
2025-03-01,2025-02-01,45729.0,46567.6,5,seasonal_change,holdout,0
2025-04-01,2025-03-01,48608.0,46028.6,5,seasonal_change,holdout,0
2025-05-01,2025-04-01,49527.0,48554.4,5,seasonal_change,holdout,0
2025-06-01,2025-05-01,46992.0,48417.2,5,seasonal_change,holdout,0
2025-07-01,2025-06-01,44737.0,46587.6,5,seasonal_change,holdout,0
2025-08-01,2025-07-01,46079.0,44966.0,5,seasonal_change,holdout,0
2025-09-01,2025-08-01,45411.0,44546.6,5,seasonal_change,holdout,0
2025-10-01,2025-09-01,48782.0,45975.4,5,seasonal_change,holdout,0
2025-11-01,2025-10-01,45934.0,49715.8,5,seasonal_change,holdout,0
2025-12-01,2025-11-01,46424.0,44884.6,5,seasonal_change,holdout,0
2026-01-01,2025-12-01,44359.0,46943.6,5,seasonal_change,holdout,0
2026-02-01,2026-01-01,43997.0,45510.0,5,seasonal_change,holdout,0
2026-03-01,2026-02-01,44981.0,42180.2,5,seasonal_change,holdout,0
2026-04-01,2026-03-01,46089.0,45927.2,5,seasonal_change,holdout,0
2026-05-01,2026-04-01,47371.0,46085.0,5,seasonal_change,holdout,0
2026-06-01,2026-05-01,40752.0,45919.8,5,seasonal_change,holdout,0
2024-07-01,2024-06-01,48679.0,41966.50092569788,5,forecast_flow_identity,holdout,0
2024-08-01,2024-07-01,48397.0,48190.075925697856,5,forecast_flow_identity,holdout,0
2024-09-01,2024-08-01,44599.0,47612.273877721265,5,forecast_flow_identity,holdout,0
2024-10-01,2024-09-01,45253.0,45531.510925697854,5,forecast_flow_identity,holdout,0
2024-11-01,2024-10-01,49689.0,45355.76863777214,5,forecast_flow_identity,holdout,0
2024-12-01,2024-11-01,49330.0,48950.93092569788,5,forecast_flow_identity,holdout,0
2025-01-01,2024-12-01,48567.0,50088.35592569788,5,forecast_flow_identity,holdout,0
2025-02-01,2025-01-01,47148.0,50150.70679829441,5,forecast_flow_identity,holdout,0
2025-03-01,2025-02-01,45729.0,46395.42917077178,5,forecast_flow_identity,holdout,0
2025-04-01,2025-03-01,48608.0,46295.68952010171,5,forecast_flow_identity,holdout,0
2025-05-01,2025-04-01,49527.0,48964.90652093596,5,forecast_flow_identity,holdout,0
2025-06-01,2025-05-01,46992.0,48914.06921380901,5,forecast_flow_identity,holdout,0
2025-07-01,2025-06-01,44737.0,46435.430837438435,5,forecast_flow_identity,holdout,0
2025-08-01,2025-07-01,46079.0,45183.26068760263,5,forecast_flow_identity,holdout,0
2025-09-01,2025-08-01,45411.0,44842.915181550925,5,forecast_flow_identity,holdout,0
2025-10-01,2025-09-01,48782.0,46070.17750410511,5,forecast_flow_identity,holdout,0
2025-11-01,2025-10-01,45934.0,49985.736955744476,5,forecast_flow_identity,holdout,0
2025-12-01,2025-11-01,46424.0,44556.296520935975,5,forecast_flow_identity,holdout,0
2026-01-01,2025-12-01,44359.0,46652.14652093595,5,forecast_flow_identity,holdout,0
2026-02-01,2026-01-01,43997.0,45218.407202447175,5,forecast_flow_identity,holdout,0
2026-03-01,2026-02-01,44981.0,42060.643749999996,5,forecast_flow_identity,holdout,0
2026-04-01,2026-03-01,46089.0,45846.0552419355,5,forecast_flow_identity,holdout,0
2026-05-01,2026-04-01,47371.0,45913.814583333326,5,forecast_flow_identity,holdout,0
2026-06-01,2026-05-01,40752.0,45835.37862903225,5,forecast_flow_identity,holdout,0
2024-07-01,2024-06-01,48679.0,45427.42151383184,5,legacy_constrained_level,holdout,0
2024-08-01,2024-07-01,48397.0,48382.85363620207,5,legacy_constrained_level,holdout,0
2024-09-01,2024-08-01,44599.0,48141.2973489171,5,legacy_constrained_level,holdout,0
2024-10-01,2024-09-01,45253.0,45276.81297337632,5,legacy_constrained_level,holdout,0
2024-11-01,2024-10-01,49689.0,46594.91601927429,5,legacy_constrained_level,holdout,0
2024-12-01,2024-11-01,49330.0,49362.35188373988,5,legacy_constrained_level,holdout,0
2025-01-01,2024-12-01,48567.0,49238.78736388168,5,legacy_constrained_level,holdout,0
2025-02-01,2025-01-01,47148.0,48391.38663005411,5,legacy_constrained_level,holdout,0
2025-03-01,2025-02-01,45729.0,48030.44544984284,5,legacy_constrained_level,holdout,0
2025-04-01,2025-03-01,48608.0,47233.64006287354,5,legacy_constrained_level,holdout,0
2025-05-01,2025-04-01,49527.0,49009.94777231675,5,legacy_constrained_level,holdout,0
2025-06-01,2025-05-01,46992.0,49622.32229119833,5,legacy_constrained_level,holdout,0
2025-07-01,2025-06-01,44737.0,47576.45059397749,5,legacy_constrained_level,holdout,0
2025-08-01,2025-07-01,46079.0,45704.38491932114,5,legacy_constrained_level,holdout,0
2025-09-01,2025-08-01,45411.0,46610.08649945033,5,legacy_constrained_level,holdout,0
2025-10-01,2025-09-01,48782.0,46577.06598513661,5,legacy_constrained_level,holdout,0
2025-11-01,2025-10-01,45934.0,49272.96969040477,5,legacy_constrained_level,holdout,0
2025-12-01,2025-11-01,46424.0,47499.816825464215,5,legacy_constrained_level,holdout,0
2026-01-01,2025-12-01,44359.0,47551.19680791559,5,legacy_constrained_level,holdout,0
2026-02-01,2026-01-01,43997.0,46057.741958666375,5,legacy_constrained_level,holdout,0
2026-03-01,2026-02-01,44981.0,45854.680840967456,5,legacy_constrained_level,holdout,0
2026-04-01,2026-03-01,46089.0,46644.26347361586,5,legacy_constrained_level,holdout,0
2026-05-01,2026-04-01,47371.0,47263.68581496373,5,legacy_constrained_level,holdout,0
2026-06-01,2026-05-01,40752.0,47568.761946476625,5,legacy_constrained_level,holdout,0
2024-07-01,2024-06-01,48679.0,44385.919341449524,5,constrained_level,holdout,0
2024-08-01,2024-07-01,48397.0,48890.48284192272,5,constrained_level,holdout,0
2024-09-01,2024-08-01,44599.0,47899.83452822737,5,constrained_level,holdout,0
2024-10-01,2024-09-01,45253.0,44092.10593916418,5,constrained_level,holdout,0
2024-11-01,2024-10-01,49689.0,46515.25141041959,5,constrained_level,holdout,0
2024-12-01,2024-11-01,49330.0,49673.54664080705,5,constrained_level,holdout,0
2025-01-01,2024-12-01,48567.0,48649.277714720156,5,constrained_level,holdout,0
2025-02-01,2025-01-01,47148.0,47152.77699544605,5,constrained_level,holdout,0
2025-03-01,2025-02-01,45729.0,46887.21829199648,5,constrained_level,holdout,0
2025-04-01,2025-03-01,48608.0,46615.37140218915,5,constrained_level,holdout,0
2025-05-01,2025-04-01,49527.0,49469.775218008625,5,constrained_level,holdout,0
2025-06-01,2025-05-01,46992.0,49550.1247442577,5,constrained_level,holdout,0
2025-07-01,2025-06-01,44737.0,46902.757734317434,5,constrained_level,holdout,0
2025-08-01,2025-07-01,46079.0,45151.5829147717,5,constrained_level,holdout,0
2025-09-01,2025-08-01,45411.0,46963.306616956426,5,constrained_level,holdout,0
2025-10-01,2025-09-01,48782.0,46185.64515027369,5,constrained_level,holdout,0
2025-11-01,2025-10-01,45934.0,49848.08875157627,5,constrained_level,holdout,0
2025-12-01,2025-11-01,46424.0,46465.492173246035,5,constrained_level,holdout,0
2026-01-01,2025-12-01,44359.0,48049.63821130822,5,constrained_level,holdout,0
2026-02-01,2026-01-01,43997.0,45022.00883067495,5,constrained_level,holdout,0
2026-03-01,2026-02-01,44981.0,45915.24232346762,5,constrained_level,holdout,0
2026-04-01,2026-03-01,46089.0,47468.83874570075,5,constrained_level,holdout,0
2026-05-01,2026-04-01,47371.0,47551.69725529647,5,constrained_level,holdout,0
2026-06-01,2026-05-01,40752.0,47127.09808667031,5,constrained_level,holdout,0
2024-07-01,2024-06-01,48679.0,44081.53699247195,5,ridge_change,holdout,0
2024-08-01,2024-07-01,48397.0,48618.45889925601,5,ridge_change,holdout,0
2024-09-01,2024-08-01,44599.0,47883.2778744231,5,ridge_change,holdout,0
2024-10-01,2024-09-01,45253.0,43961.103620783346,5,ridge_change,holdout,0
2024-11-01,2024-10-01,49689.0,46022.2958977191,5,ridge_change,holdout,0
2024-12-01,2024-11-01,49330.0,49739.00793283032,5,ridge_change,holdout,0
2025-01-01,2024-12-01,48567.0,48878.69637626648,5,ridge_change,holdout,0
2025-02-01,2025-01-01,47148.0,47744.36156266146,5,ridge_change,holdout,0
2025-03-01,2025-02-01,45729.0,47084.0165018487,5,ridge_change,holdout,0
2025-04-01,2025-03-01,48608.0,45898.42069867899,5,ridge_change,holdout,0
2025-05-01,2025-04-01,49527.0,48831.018743749846,5,ridge_change,holdout,0
2025-06-01,2025-05-01,46992.0,49316.00591888235,5,ridge_change,holdout,0
2025-07-01,2025-06-01,44737.0,47022.315669539865,5,ridge_change,holdout,0
2025-08-01,2025-07-01,46079.0,45102.2931541707,5,ridge_change,holdout,0
2025-09-01,2025-08-01,45411.0,46349.400463093334,5,ridge_change,holdout,0
2025-10-01,2025-09-01,48782.0,45806.52817953775,5,ridge_change,holdout,0
2025-11-01,2025-10-01,45934.0,49307.561526867095,5,ridge_change,holdout,0
2025-12-01,2025-11-01,46424.0,46283.62521575225,5,ridge_change,holdout,0
2026-01-01,2025-12-01,44359.0,47331.92599606966,5,ridge_change,holdout,0
2026-02-01,2026-01-01,43997.0,44569.684316974985,5,ridge_change,holdout,0
2026-03-01,2026-02-01,44981.0,44859.7088385376,5,ridge_change,holdout,0
2026-04-01,2026-03-01,46089.0,46174.53643949026,5,ridge_change,holdout,0
2026-05-01,2026-04-01,47371.0,46671.08604324758,5,ridge_change,holdout,0
2026-06-01,2026-05-01,40752.0,46732.15687866745,5,ridge_change,holdout,0
2024-07-01,2024-06-01,48679.0,43781.796132097275,5,seasonal_ridge_change,holdout,0
2024-08-01,2024-07-01,48397.0,48329.21784146692,5,seasonal_ridge_change,holdout,0
2024-09-01,2024-08-01,44599.0,47661.462393255046,5,seasonal_ridge_change,holdout,0
2024-10-01,2024-09-01,45253.0,43890.96348393202,5,seasonal_ridge_change,holdout,0
2024-11-01,2024-10-01,49689.0,45977.070334494776,5,seasonal_ridge_change,holdout,0
2024-12-01,2024-11-01,49330.0,49905.25792008092,5,seasonal_ridge_change,holdout,0
2025-01-01,2024-12-01,48567.0,49191.403958009774,5,seasonal_ridge_change,holdout,0
2025-02-01,2025-01-01,47148.0,48220.56385934624,5,seasonal_ridge_change,holdout,0
2025-03-01,2025-02-01,45729.0,47325.020802764004,5,seasonal_ridge_change,holdout,0
2025-04-01,2025-03-01,48608.0,46009.02775661191,5,seasonal_ridge_change,holdout,0
2025-05-01,2025-04-01,49527.0,48739.3045367012,5,seasonal_ridge_change,holdout,0
2025-06-01,2025-05-01,46992.0,49069.390349024405,5,seasonal_ridge_change,holdout,0
2025-07-01,2025-06-01,44737.0,46622.71078322753,5,seasonal_ridge_change,holdout,0
2025-08-01,2025-07-01,46079.0,44718.99028998714,5,seasonal_ridge_change,holdout,0
2025-09-01,2025-08-01,45411.0,46061.81827162084,5,seasonal_ridge_change,holdout,0
2025-10-01,2025-09-01,48782.0,45551.914157393985,5,seasonal_ridge_change,holdout,0
2025-11-01,2025-10-01,45934.0,49038.98551218036,5,seasonal_ridge_change,holdout,0
2025-12-01,2025-11-01,46424.0,46295.04963064003,5,seasonal_ridge_change,holdout,0
2026-01-01,2025-12-01,44359.0,47596.49227622771,5,seasonal_ridge_change,holdout,0
2026-02-01,2026-01-01,43997.0,44906.16919832214,5,seasonal_ridge_change,holdout,0
2026-03-01,2026-02-01,44981.0,45040.14036776776,5,seasonal_ridge_change,holdout,0
2026-04-01,2026-03-01,46089.0,46195.305033076686,5,seasonal_ridge_change,holdout,0
2026-05-01,2026-04-01,47371.0,46422.912618906426,5,seasonal_ridge_change,holdout,0
2026-06-01,2026-05-01,40752.0,46366.06562914813,5,seasonal_ridge_change,holdout,0
2024-07-01,2024-06-01,48679.0,44848.97886219314,5,polynomial_ridge_change,holdout,0
2024-08-01,2024-07-01,48397.0,48582.11665651408,5,polynomial_ridge_change,holdout,0
2024-09-01,2024-08-01,44599.0,49097.04326222136,5,polynomial_ridge_change,holdout,0
2024-10-01,2024-09-01,45253.0,45539.53430382063,5,polynomial_ridge_change,holdout,0
2024-11-01,2024-10-01,49689.0,45467.22973880884,5,polynomial_ridge_change,holdout,0
2024-12-01,2024-11-01,49330.0,49316.786850045624,5,polynomial_ridge_change,holdout,0
2025-01-01,2024-12-01,48567.0,49413.41596567327,5,polynomial_ridge_change,holdout,0
2025-02-01,2025-01-01,47148.0,48888.205112359785,5,polynomial_ridge_change,holdout,0
2025-03-01,2025-02-01,45729.0,47395.80868424497,5,polynomial_ridge_change,holdout,0
2025-04-01,2025-03-01,48608.0,46399.98468600096,5,polynomial_ridge_change,holdout,0
2025-05-01,2025-04-01,49527.0,48336.07609065243,5,polynomial_ridge_change,holdout,0
2025-06-01,2025-05-01,46992.0,49396.88334664022,5,polynomial_ridge_change,holdout,0
2025-07-01,2025-06-01,44737.0,47219.95885482716,5,polynomial_ridge_change,holdout,0
2025-08-01,2025-07-01,46079.0,45181.444880948126,5,polynomial_ridge_change,holdout,0
2025-09-01,2025-08-01,45411.0,46696.7926858046,5,polynomial_ridge_change,holdout,0
2025-10-01,2025-09-01,48782.0,45728.20151350964,5,polynomial_ridge_change,holdout,0
2025-11-01,2025-10-01,45934.0,47998.581938920084,5,polynomial_ridge_change,holdout,0
2025-12-01,2025-11-01,46424.0,46070.00905976563,5,polynomial_ridge_change,holdout,0
2026-01-01,2025-12-01,44359.0,46036.53369495516,5,polynomial_ridge_change,holdout,0
2026-02-01,2026-01-01,43997.0,45349.76809601315,5,polynomial_ridge_change,holdout,0
2026-03-01,2026-02-01,44981.0,43702.56439970238,5,polynomial_ridge_change,holdout,0
2026-04-01,2026-03-01,46089.0,45088.98545336298,5,polynomial_ridge_change,holdout,0
2026-05-01,2026-04-01,47371.0,45562.965293636604,5,polynomial_ridge_change,holdout,0
2026-06-01,2026-05-01,40752.0,46628.50080856311,5,polynomial_ridge_change,holdout,0
2024-07-01,2024-06-01,48679.0,44857.41623179657,5,spline_ridge_change,holdout,0
2024-08-01,2024-07-01,48397.0,48379.56335483402,5,spline_ridge_change,holdout,0
2024-09-01,2024-08-01,44599.0,49257.04984651962,5,spline_ridge_change,holdout,0
2024-10-01,2024-09-01,45253.0,46114.71304390597,5,spline_ridge_change,holdout,0
2024-11-01,2024-10-01,49689.0,45642.6003609459,5,spline_ridge_change,holdout,0
2024-12-01,2024-11-01,49330.0,47752.70236809847,5,spline_ridge_change,holdout,0
2025-01-01,2024-12-01,48567.0,49263.30482910066,5,spline_ridge_change,holdout,0
2025-02-01,2025-01-01,47148.0,48567.52060014344,5,spline_ridge_change,holdout,0
2025-03-01,2025-02-01,45729.0,46753.56088605019,5,spline_ridge_change,holdout,0
2025-04-01,2025-03-01,48608.0,47267.00752986126,5,spline_ridge_change,holdout,0
2025-05-01,2025-04-01,49527.0,48357.60996272439,5,spline_ridge_change,holdout,0
2025-06-01,2025-05-01,46992.0,49352.923882747426,5,spline_ridge_change,holdout,0
2025-07-01,2025-06-01,44737.0,45914.302260757104,5,spline_ridge_change,holdout,0
2025-08-01,2025-07-01,46079.0,44958.590142240406,5,spline_ridge_change,holdout,0
2025-09-01,2025-08-01,45411.0,47592.25420283223,5,spline_ridge_change,holdout,0
2025-10-01,2025-09-01,48782.0,47186.22078455781,5,spline_ridge_change,holdout,0
2025-11-01,2025-10-01,45934.0,47770.40714217687,5,spline_ridge_change,holdout,0
2025-12-01,2025-11-01,46424.0,44322.87837127039,5,spline_ridge_change,holdout,0
2026-01-01,2025-12-01,44359.0,47820.24220518993,5,spline_ridge_change,holdout,0
2026-02-01,2026-01-01,43997.0,48116.046897493776,5,spline_ridge_change,holdout,0
2026-03-01,2026-02-01,44981.0,45802.36718088862,5,spline_ridge_change,holdout,0
2026-04-01,2026-03-01,46089.0,46602.66165545369,5,spline_ridge_change,holdout,0
2026-05-01,2026-04-01,47371.0,44967.29486198332,5,spline_ridge_change,holdout,0
2026-06-01,2026-05-01,40752.0,48111.17750987172,5,spline_ridge_change,holdout,0
2024-07-01,2024-06-01,48679.0,44378.21191106637,5,random_forest_change,holdout,0
2024-08-01,2024-07-01,48397.0,48495.236896939765,5,random_forest_change,holdout,0
2024-09-01,2024-08-01,44599.0,48512.96356061492,5,random_forest_change,holdout,0
2024-10-01,2024-09-01,45253.0,45265.53885447123,5,random_forest_change,holdout,0
2024-11-01,2024-10-01,49689.0,46135.828967269306,5,random_forest_change,holdout,0
2024-12-01,2024-11-01,49330.0,49402.8352530036,5,random_forest_change,holdout,0
2025-01-01,2024-12-01,48567.0,49069.688892175756,5,random_forest_change,holdout,0
2025-02-01,2025-01-01,47148.0,47977.90683735065,5,random_forest_change,holdout,0
2025-03-01,2025-02-01,45729.0,47875.98212294947,5,random_forest_change,holdout,0
2025-04-01,2025-03-01,48608.0,46427.31417453126,5,random_forest_change,holdout,0
2025-05-01,2025-04-01,49527.0,48403.72112443675,5,random_forest_change,holdout,0
2025-06-01,2025-05-01,46992.0,49087.0649787241,5,random_forest_change,holdout,0
2025-07-01,2025-06-01,44737.0,47584.273313755926,5,random_forest_change,holdout,0
2025-08-01,2025-07-01,46079.0,44939.5775152706,5,random_forest_change,holdout,0
2025-09-01,2025-08-01,45411.0,47225.85962100845,5,random_forest_change,holdout,0
2025-10-01,2025-09-01,48782.0,46203.478587775586,5,random_forest_change,holdout,0
2025-11-01,2025-10-01,45934.0,48669.28009181493,5,random_forest_change,holdout,0
2025-12-01,2025-11-01,46424.0,46548.96986166476,5,random_forest_change,holdout,0
2026-01-01,2025-12-01,44359.0,47344.7488063008,5,random_forest_change,holdout,0
2026-02-01,2026-01-01,43997.0,45373.171380007814,5,random_forest_change,holdout,0
2026-03-01,2026-02-01,44981.0,44860.78703891124,5,random_forest_change,holdout,0
2026-04-01,2026-03-01,46089.0,46063.76690542612,5,random_forest_change,holdout,0
2026-05-01,2026-04-01,47371.0,46778.06814081867,5,random_forest_change,holdout,0
2026-06-01,2026-05-01,40752.0,47566.34732629516,5,random_forest_change,holdout,0
2024-07-01,2024-06-01,48679.0,43991.09765625,5,xgboost_change,holdout,0
2024-08-01,2024-07-01,48397.0,48541.38671875,5,xgboost_change,holdout,0
2024-09-01,2024-08-01,44599.0,48755.07421875,5,xgboost_change,holdout,0
2024-10-01,2024-09-01,45253.0,44875.29296875,5,xgboost_change,holdout,0
2024-11-01,2024-10-01,49689.0,45908.46484375,5,xgboost_change,holdout,0
2024-12-01,2024-11-01,49330.0,49553.2734375,5,xgboost_change,holdout,0
2025-01-01,2024-12-01,48567.0,49238.5859375,5,xgboost_change,holdout,0
2025-02-01,2025-01-01,47148.0,48011.5546875,5,xgboost_change,holdout,0
2025-03-01,2025-02-01,45729.0,47396.79296875,5,xgboost_change,holdout,0
2025-04-01,2025-03-01,48608.0,45886.453125,5,xgboost_change,holdout,0
2025-05-01,2025-04-01,49527.0,48479.36328125,5,xgboost_change,holdout,0
2025-06-01,2025-05-01,46992.0,49183.68359375,5,xgboost_change,holdout,0
2025-07-01,2025-06-01,44737.0,47120.5390625,5,xgboost_change,holdout,0
2025-08-01,2025-07-01,46079.0,44665.25,5,xgboost_change,holdout,0
2025-09-01,2025-08-01,45411.0,46807.8046875,5,xgboost_change,holdout,0
2025-10-01,2025-09-01,48782.0,45851.73046875,5,xgboost_change,holdout,0
2025-11-01,2025-10-01,45934.0,48632.4453125,5,xgboost_change,holdout,0
2025-12-01,2025-11-01,46424.0,46325.81640625,5,xgboost_change,holdout,0
2026-01-01,2025-12-01,44359.0,47361.65234375,5,xgboost_change,holdout,0
2026-02-01,2026-01-01,43997.0,45005.8671875,5,xgboost_change,holdout,0
2026-03-01,2026-02-01,44981.0,44510.8515625,5,xgboost_change,holdout,0
2026-04-01,2026-03-01,46089.0,45762.1640625,5,xgboost_change,holdout,0
2026-05-01,2026-04-01,47371.0,46190.5703125,5,xgboost_change,holdout,0
2026-06-01,2026-05-01,40752.0,47062.640625,5,xgboost_change,holdout,0
2024-07-01,2024-06-01,48679.0,44772.417590388795,5,neural_network_change,holdout,0
2024-08-01,2024-07-01,48397.0,47974.20170112451,5,neural_network_change,holdout,0
2024-09-01,2024-08-01,44599.0,48237.039740506974,5,neural_network_change,holdout,0
2024-10-01,2024-09-01,45253.0,44863.552236319745,5,neural_network_change,holdout,0
2024-11-01,2024-10-01,49689.0,46728.2371254345,5,neural_network_change,holdout,0
2024-12-01,2024-11-01,49330.0,49491.66055732394,5,neural_network_change,holdout,0
2025-01-01,2024-12-01,48567.0,48924.61774844933,5,neural_network_change,holdout,0
2025-02-01,2025-01-01,47148.0,47909.12920991992,5,neural_network_change,holdout,0
2025-03-01,2025-02-01,45729.0,47105.42288623215,5,neural_network_change,holdout,0
2025-04-01,2025-03-01,48608.0,46605.026962805445,5,neural_network_change,holdout,0
2025-05-01,2025-04-01,49527.0,48700.51204306139,5,neural_network_change,holdout,0
2025-06-01,2025-05-01,46992.0,48793.097877162836,5,neural_network_change,holdout,0
2025-07-01,2025-06-01,44737.0,47298.97867894539,5,neural_network_change,holdout,0
2025-08-01,2025-07-01,46079.0,45762.36034500918,5,neural_network_change,holdout,0
2025-09-01,2025-08-01,45411.0,46874.32832909384,5,neural_network_change,holdout,0
2025-10-01,2025-09-01,48782.0,46399.68840876651,5,neural_network_change,holdout,0
2025-11-01,2025-10-01,45934.0,48863.9612481091,5,neural_network_change,holdout,0
2025-12-01,2025-11-01,46424.0,46866.372497047174,5,neural_network_change,holdout,0
2026-01-01,2025-12-01,44359.0,47299.26056286708,5,neural_network_change,holdout,0
2026-02-01,2026-01-01,43997.0,45901.620323210744,5,neural_network_change,holdout,0
2026-03-01,2026-02-01,44981.0,44631.40515314318,5,neural_network_change,holdout,0
2026-04-01,2026-03-01,46089.0,46365.15793026526,5,neural_network_change,holdout,0
2026-05-01,2026-04-01,47371.0,46099.45734302025,5,neural_network_change,holdout,0
2026-06-01,2026-05-01,40752.0,46374.00160828513,5,neural_network_change,holdout,0
2024-07-01,2024-06-01,48679.0,44351.939522791785,5,rolling_ridge_change,holdout,0
2024-08-01,2024-07-01,48397.0,48349.674251844255,5,rolling_ridge_change,holdout,0
2024-09-01,2024-08-01,44599.0,48320.346011309906,5,rolling_ridge_change,holdout,0
2024-10-01,2024-09-01,45253.0,44692.674140963696,5,rolling_ridge_change,holdout,0
2024-11-01,2024-10-01,49689.0,45418.592219556645,5,rolling_ridge_change,holdout,0
2024-12-01,2024-11-01,49330.0,49473.35230069204,5,rolling_ridge_change,holdout,0
2025-01-01,2024-12-01,48567.0,49441.813966392016,5,rolling_ridge_change,holdout,0
2025-02-01,2025-01-01,47148.0,48679.03194443776,5,rolling_ridge_change,holdout,0
2025-03-01,2025-02-01,45729.0,47095.38437169053,5,rolling_ridge_change,holdout,0
2025-04-01,2025-03-01,48608.0,46015.00086063897,5,rolling_ridge_change,holdout,0
2025-05-01,2025-04-01,49527.0,48101.680833672326,5,rolling_ridge_change,holdout,0
2025-06-01,2025-05-01,46992.0,49205.8891594028,5,rolling_ridge_change,holdout,0
2025-07-01,2025-06-01,44737.0,46719.79867119999,5,rolling_ridge_change,holdout,0
2025-08-01,2025-07-01,46079.0,44544.166460671426,5,rolling_ridge_change,holdout,0
2025-09-01,2025-08-01,45411.0,45982.68686607631,5,rolling_ridge_change,holdout,0
2025-10-01,2025-09-01,48782.0,45377.2873341933,5,rolling_ridge_change,holdout,0
2025-11-01,2025-10-01,45934.0,48414.10421427349,5,rolling_ridge_change,holdout,0
2025-12-01,2025-11-01,46424.0,46061.706801145556,5,rolling_ridge_change,holdout,0
2026-01-01,2025-12-01,44359.0,46574.50757067392,5,rolling_ridge_change,holdout,0
2026-02-01,2026-01-01,43997.0,44829.207736862736,5,rolling_ridge_change,holdout,0
2026-03-01,2026-02-01,44981.0,43873.91661642261,5,rolling_ridge_change,holdout,0
2026-04-01,2026-03-01,46089.0,44957.84241475477,5,rolling_ridge_change,holdout,0
2026-05-01,2026-04-01,47371.0,45674.08767346822,5,rolling_ridge_change,holdout,0
2026-06-01,2026-05-01,40752.0,46742.78959517146,5,rolling_ridge_change,holdout,0
2024-07-01,2024-06-01,48679.0,44085.89806604864,5,damped_ridge_change,holdout,0
2024-08-01,2024-07-01,48397.0,48504.10892073346,5,damped_ridge_change,holdout,0
2024-09-01,2024-08-01,44599.0,48029.23119662752,5,damped_ridge_change,holdout,0
2024-10-01,2024-09-01,45253.0,44244.98174196601,5,damped_ridge_change,holdout,0
2024-11-01,2024-10-01,49689.0,45615.035167247384,5,damped_ridge_change,holdout,0
2024-12-01,2024-11-01,49330.0,49797.128960040456,5,damped_ridge_change,holdout,0
2025-01-01,2024-12-01,48567.0,49260.70197900489,5,damped_ridge_change,holdout,0
2025-02-01,2025-01-01,47148.0,48393.78192967312,5,damped_ridge_change,holdout,0
2025-03-01,2025-02-01,45729.0,47236.510401382,5,damped_ridge_change,holdout,0
2025-04-01,2025-03-01,48608.0,45869.01387830596,5,damped_ridge_change,holdout,0
2025-05-01,2025-04-01,49527.0,48673.6522683506,5,damped_ridge_change,holdout,0
2025-06-01,2025-05-01,46992.0,49298.195174512206,5,damped_ridge_change,holdout,0
2025-07-01,2025-06-01,44737.0,46807.35539161377,5,damped_ridge_change,holdout,0
2025-08-01,2025-07-01,46079.0,44727.99514499357,5,damped_ridge_change,holdout,0
2025-09-01,2025-08-01,45411.0,46070.40913581042,5,damped_ridge_change,holdout,0
2025-10-01,2025-09-01,48782.0,45481.45707869699,5,damped_ridge_change,holdout,0
2025-11-01,2025-10-01,45934.0,48910.492756090185,5,damped_ridge_change,holdout,0
2025-12-01,2025-11-01,46424.0,46114.524815320015,5,damped_ridge_change,holdout,0
2026-01-01,2025-12-01,44359.0,47010.24613811386,5,damped_ridge_change,holdout,0
2026-02-01,2026-01-01,43997.0,44632.58459916107,5,damped_ridge_change,holdout,0
2026-03-01,2026-02-01,44981.0,44518.57018388388,5,damped_ridge_change,holdout,0
2026-04-01,2026-03-01,46089.0,45588.15251653834,5,damped_ridge_change,holdout,0
2026-05-01,2026-04-01,47371.0,46255.95630945321,5,damped_ridge_change,holdout,0
2026-06-01,2026-05-01,40752.0,46868.532814574064,5,damped_ridge_change,holdout,0
2024-07-01,2024-06-01,48679.0,44050.36894285468,5,ensemble_change,holdout,0
2024-08-01,2024-07-01,48397.0,48455.2799211437,5,ensemble_change,holdout,0
2024-09-01,2024-08-01,44599.0,48309.83344173595,5,ensemble_change,holdout,0
2024-10-01,2024-09-01,45253.0,44677.26553980304,5,ensemble_change,holdout,0
2024-11-01,2024-10-01,49689.0,46007.12142252813,5,ensemble_change,holdout,0
2024-12-01,2024-11-01,49330.0,49620.454906164894,5,ensemble_change,holdout,0
2025-01-01,2024-12-01,48567.0,49166.55904657877,5,ensemble_change,holdout,0
2025-02-01,2025-01-01,47148.0,48070.00888864506,5,ensemble_change,holdout,0
2025-03-01,2025-02-01,45729.0,47532.599160459176,5,ensemble_change,holdout,0
2025-04-01,2025-03-01,48608.0,46107.59787902526,5,ensemble_change,holdout,0
2025-05-01,2025-04-01,49527.0,48540.79685835946,5,ensemble_change,holdout,0
2025-06-01,2025-05-01,46992.0,49113.380149125805,5,ensemble_change,holdout,0
2025-07-01,2025-06-01,44737.0,47109.17471710158,5,ensemble_change,holdout,0
2025-08-01,2025-07-01,46079.0,44774.6058613351,5,ensemble_change,holdout,0
2025-09-01,2025-08-01,45411.0,46698.49360336992,5,ensemble_change,holdout,0
2025-10-01,2025-09-01,48782.0,45869.040603370326,5,ensemble_change,holdout,0
2025-11-01,2025-10-01,45934.0,48780.237419756246,5,ensemble_change,holdout,0
2025-12-01,2025-11-01,46424.0,46389.94561486657,5,ensemble_change,holdout,0
2026-01-01,2025-12-01,44359.0,47434.297930829816,5,ensemble_change,holdout,0
2026-02-01,2026-01-01,43997.0,45095.06949941727,5,ensemble_change,holdout,0
2026-03-01,2026-02-01,44981.0,44803.926221334405,5,ensemble_change,holdout,0
2026-04-01,2026-03-01,46089.0,46007.07821940979,5,ensemble_change,holdout,0
2026-05-01,2026-04-01,47371.0,46463.850789740725,5,ensemble_change,holdout,0
2026-06-01,2026-05-01,40752.0,46998.35135624151,5,ensemble_change,holdout,0
2014-07-01,2014-06-01,9805.0,11709.74565726781,1,selected_padd_models,cv,1
2014-08-01,2014-07-01,10256.0,10274.657842995197,1,selected_padd_models,cv,1
2014-09-01,2014-08-01,10049.0,9859.384993762249,1,selected_padd_models,cv,1
2014-10-01,2014-09-01,12030.0,10116.816448020656,1,selected_padd_models,cv,1
2014-11-01,2014-10-01,12754.0,11308.514399873678,1,selected_padd_models,cv,1
2014-12-01,2014-11-01,14890.0,11636.099761828085,1,selected_padd_models,cv,1
2015-01-01,2014-12-01,14787.0,13770.80842113285,1,selected_padd_models,cv,1
2015-02-01,2015-01-01,15115.0,14026.141684737202,1,selected_padd_models,cv,1
2015-03-01,2015-02-01,15064.0,13816.915286927217,1,selected_padd_models,cv,1
2015-04-01,2015-03-01,14823.0,14341.85360139012,1,selected_padd_models,cv,1
2015-05-01,2015-04-01,16615.0,14268.779728542848,1,selected_padd_models,cv,1
2015-06-01,2015-05-01,15455.0,14974.245712920481,1,selected_padd_models,cv,1
2015-07-01,2015-06-01,14161.0,14826.2471768596,1,selected_padd_models,cv,2
2015-08-01,2015-07-01,13910.0,13924.586253967158,1,selected_padd_models,cv,2
2015-09-01,2015-08-01,14637.0,13433.493440347367,1,selected_padd_models,cv,2
2015-10-01,2015-09-01,15795.0,13995.652401328905,1,selected_padd_models,cv,2
2015-11-01,2015-10-01,14984.0,15233.646795457369,1,selected_padd_models,cv,2
2015-12-01,2015-11-01,16151.0,15292.404831643415,1,selected_padd_models,cv,2
2016-01-01,2015-12-01,18005.0,16159.13663389054,1,selected_padd_models,cv,2
2016-02-01,2016-01-01,20742.0,17963.513026971672,1,selected_padd_models,cv,2
2016-03-01,2016-02-01,19278.0,19705.84735855653,1,selected_padd_models,cv,2
2016-04-01,2016-03-01,22080.0,19041.91844996762,1,selected_padd_models,cv,2
2016-05-01,2016-04-01,19368.0,20892.316240099426,1,selected_padd_models,cv,2
2016-06-01,2016-05-01,18229.0,19142.29017378918,1,selected_padd_models,cv,2
2016-07-01,2016-06-01,19348.0,17703.07351986174,1,selected_padd_models,cv,3
2016-08-01,2016-07-01,19605.0,18431.565935488718,1,selected_padd_models,cv,3
2016-09-01,2016-08-01,16292.0,18720.081012424966,1,selected_padd_models,cv,3
2016-10-01,2016-09-01,19574.0,17013.063923644346,1,selected_padd_models,cv,3
2016-11-01,2016-10-01,15731.0,18716.204051436212,1,selected_padd_models,cv,3
2016-12-01,2016-11-01,13812.0,16694.27978568093,1,selected_padd_models,cv,3
2017-01-01,2016-12-01,17923.0,15166.984812759063,1,selected_padd_models,cv,3
2017-02-01,2017-01-01,16550.0,17770.78509973875,1,selected_padd_models,cv,3
2017-03-01,2017-02-01,18812.0,17057.348450366262,1,selected_padd_models,cv,3
2017-04-01,2017-03-01,17348.0,18148.044477128744,1,selected_padd_models,cv,3
2017-05-01,2017-04-01,16805.0,17326.212324305365,1,selected_padd_models,cv,3
2017-06-01,2017-05-01,15773.0,16424.199326478956,1,selected_padd_models,cv,3
2017-07-01,2017-06-01,16155.0,15205.285847826726,1,selected_padd_models,cv,4
2017-08-01,2017-07-01,17334.0,15131.465534291328,1,selected_padd_models,cv,4
2017-09-01,2017-08-01,11969.0,15864.391065260139,1,selected_padd_models,cv,4
2017-10-01,2017-09-01,13740.0,13737.148650350293,1,selected_padd_models,cv,4
2017-11-01,2017-10-01,13016.0,13185.141293894,1,selected_padd_models,cv,4
2017-12-01,2017-11-01,11479.0,13603.33940190756,1,selected_padd_models,cv,4
2018-01-01,2017-12-01,13729.0,13227.02024907902,1,selected_padd_models,cv,4
2018-02-01,2018-01-01,12392.0,14015.399582102658,1,selected_padd_models,cv,4
2018-03-01,2018-02-01,12309.0,14085.331851923564,1,selected_padd_models,cv,4
2018-04-01,2018-03-01,15788.0,13621.858733452078,1,selected_padd_models,cv,4
2018-05-01,2018-04-01,14913.0,14728.422616765387,1,selected_padd_models,cv,4
2018-06-01,2018-05-01,16070.0,14771.494873232623,1,selected_padd_models,cv,4
2018-07-01,2018-06-01,11942.0,14765.145106668633,1,selected_padd_models,cv,5
2018-08-01,2018-07-01,11359.0,13309.660692567453,1,selected_padd_models,cv,5
2018-09-01,2018-08-01,12259.0,11521.855634396974,1,selected_padd_models,cv,5
2018-10-01,2018-09-01,10961.0,11892.19766054548,1,selected_padd_models,cv,5
2018-11-01,2018-10-01,12290.0,11459.732610040879,1,selected_padd_models,cv,5
2018-12-01,2018-11-01,11655.0,11821.469536326087,1,selected_padd_models,cv,5
2019-01-01,2018-12-01,13175.0,12547.670284690608,1,selected_padd_models,cv,5
2019-02-01,2019-01-01,11704.0,13113.534269857517,1,selected_padd_models,cv,5
2019-03-01,2019-02-01,13873.0,12007.566610615833,1,selected_padd_models,cv,5
2019-04-01,2019-03-01,12654.0,13605.846364569185,1,selected_padd_models,cv,5
2019-05-01,2019-04-01,15125.0,13092.943894084261,1,selected_padd_models,cv,5
2019-06-01,2019-05-01,14786.0,14284.904070018165,1,selected_padd_models,cv,5
2019-07-01,2019-06-01,10651.0,13510.58607223941,1,selected_padd_models,cv,6
2019-08-01,2019-07-01,10412.0,11230.6818454836,1,selected_padd_models,cv,6
2019-09-01,2019-08-01,9779.0,9944.063908891805,1,selected_padd_models,cv,6
2019-10-01,2019-09-01,10744.0,10072.913015708236,1,selected_padd_models,cv,6
2019-11-01,2019-10-01,10698.0,10299.455527295471,1,selected_padd_models,cv,6
2019-12-01,2019-11-01,9646.0,11029.223109353234,1,selected_padd_models,cv,6
2020-01-01,2019-12-01,9729.0,10757.648423405453,1,selected_padd_models,cv,6
2020-02-01,2020-01-01,10374.0,10884.078992368297,1,selected_padd_models,cv,6
2020-03-01,2020-02-01,11369.0,11359.346274344629,1,selected_padd_models,cv,6
2020-04-01,2020-03-01,11968.0,11803.499311713347,1,selected_padd_models,cv,6
2020-05-01,2020-04-01,12820.0,12029.2810751245,1,selected_padd_models,cv,6
2020-06-01,2020-05-01,12539.0,12116.167554124808,1,selected_padd_models,cv,6
2020-07-01,2020-06-01,11454.0,11164.346010448755,1,selected_padd_models,cv,7
2020-08-01,2020-07-01,12065.0,10691.08165734998,1,selected_padd_models,cv,7
2020-09-01,2020-08-01,11148.0,10311.419154024914,1,selected_padd_models,cv,7
2020-10-01,2020-09-01,10510.0,10843.18507788867,1,selected_padd_models,cv,7
2020-11-01,2020-10-01,9916.0,10060.765503942663,1,selected_padd_models,cv,7
2020-12-01,2020-11-01,9876.0,9676.428668486684,1,selected_padd_models,cv,7
2021-01-01,2020-12-01,9925.0,10064.051837160954,1,selected_padd_models,cv,7
2021-02-01,2021-01-01,7396.0,10252.180316760894,1,selected_padd_models,cv,7
2021-03-01,2021-02-01,8357.0,8390.270355014245,1,selected_padd_models,cv,7
2021-04-01,2021-03-01,8739.0,8920.288390991996,1,selected_padd_models,cv,7
2021-05-01,2021-04-01,8347.0,9096.076374230397,1,selected_padd_models,cv,7
2021-06-01,2021-05-01,7753.0,8607.586315898281,1,selected_padd_models,cv,7
2021-07-01,2021-06-01,8102.0,7844.360535393699,1,selected_padd_models,cv,8
2021-08-01,2021-07-01,8501.0,8075.303757449434,1,selected_padd_models,cv,8
2021-09-01,2021-08-01,7728.0,8444.319781807097,1,selected_padd_models,cv,8
2021-10-01,2021-09-01,7439.0,7733.011689953397,1,selected_padd_models,cv,8
2021-11-01,2021-10-01,7418.0,7400.325182229023,1,selected_padd_models,cv,8
2021-12-01,2021-11-01,7395.0,7479.176942402256,1,selected_padd_models,cv,8
2022-01-01,2021-12-01,7035.0,7675.986080606074,1,selected_padd_models,cv,8
2022-02-01,2022-01-01,7823.0,7203.032964230261,1,selected_padd_models,cv,8
2022-03-01,2022-02-01,6984.0,7784.196099943542,1,selected_padd_models,cv,8
2022-04-01,2022-03-01,7739.0,7112.794090744466,1,selected_padd_models,cv,8
2022-05-01,2022-04-01,7120.0,7656.062864459059,1,selected_padd_models,cv,8
2022-06-01,2022-05-01,8711.0,7163.935947935676,1,selected_padd_models,cv,8
2022-07-01,2022-06-01,7451.0,8361.524123676518,1,selected_padd_models,cv,9
2022-08-01,2022-07-01,7044.0,8060.123466796357,1,selected_padd_models,cv,9
2022-09-01,2022-08-01,7597.0,7630.906161605562,1,selected_padd_models,cv,9
2022-10-01,2022-09-01,8411.0,7508.3751050734245,1,selected_padd_models,cv,9
2022-11-01,2022-10-01,7340.0,8041.097069947951,1,selected_padd_models,cv,9
2022-12-01,2022-11-01,7612.0,7616.472383398161,1,selected_padd_models,cv,9
2023-01-01,2022-12-01,7164.0,7751.106143143627,1,selected_padd_models,cv,9
2023-02-01,2023-01-01,7617.0,7547.605982486655,1,selected_padd_models,cv,9
2023-03-01,2023-02-01,7033.0,7380.719390433222,1,selected_padd_models,cv,9
2023-04-01,2023-03-01,8147.0,7197.954829832912,1,selected_padd_models,cv,9
2023-05-01,2023-04-01,7900.0,7934.809691375605,1,selected_padd_models,cv,9
2023-06-01,2023-05-01,7493.0,8003.181423168251,1,selected_padd_models,cv,9
2023-07-01,2023-06-01,7796.0,7117.21044892417,1,selected_padd_models,cv,10
2023-08-01,2023-07-01,6905.0,6860.858998663203,1,selected_padd_models,cv,10
2023-09-01,2023-08-01,7540.0,6490.630243501847,1,selected_padd_models,cv,10
2023-10-01,2023-09-01,8621.0,6853.920295574642,1,selected_padd_models,cv,10
2023-11-01,2023-10-01,8518.0,7354.966575473034,1,selected_padd_models,cv,10
2023-12-01,2023-11-01,7201.0,7484.492478281474,1,selected_padd_models,cv,10
2024-01-01,2023-12-01,8093.0,7485.908712125471,1,selected_padd_models,cv,10
2024-02-01,2024-01-01,8615.0,7376.282141841388,1,selected_padd_models,cv,10
2024-03-01,2024-02-01,8824.0,8421.315472925482,1,selected_padd_models,cv,10
2024-04-01,2024-03-01,8943.0,8484.00501594498,1,selected_padd_models,cv,10
2024-05-01,2024-04-01,7981.0,8327.083063229793,1,selected_padd_models,cv,10
2024-06-01,2024-05-01,7754.0,7727.586024439492,1,selected_padd_models,cv,10
2024-07-01,2024-06-01,8245.0,7736.393932941462,1,selected_padd_models,holdout,0
2024-08-01,2024-07-01,7460.0,7748.446431851189,1,selected_padd_models,holdout,0
2024-09-01,2024-08-01,7911.0,7606.027681896204,1,selected_padd_models,holdout,0
2024-10-01,2024-09-01,7822.0,7926.288253980604,1,selected_padd_models,holdout,0
2024-11-01,2024-10-01,8416.0,7957.079051918134,1,selected_padd_models,holdout,0
2024-12-01,2024-11-01,7872.0,8249.852552334538,1,selected_padd_models,holdout,0
2025-01-01,2024-12-01,8666.0,8287.042335706445,1,selected_padd_models,holdout,0
2025-02-01,2025-01-01,8068.0,8816.310805824109,1,selected_padd_models,holdout,0
2025-03-01,2025-02-01,7651.0,8569.84939118805,1,selected_padd_models,holdout,0
2025-04-01,2025-03-01,8110.0,8133.406807696844,1,selected_padd_models,holdout,0
2025-05-01,2025-04-01,8824.0,8050.562522119263,1,selected_padd_models,holdout,0
2025-06-01,2025-05-01,9739.0,8481.300336622588,1,selected_padd_models,holdout,0
2025-07-01,2025-06-01,8439.0,9034.470190508628,1,selected_padd_models,holdout,0
2025-08-01,2025-07-01,7752.0,8289.903787691006,1,selected_padd_models,holdout,0
2025-09-01,2025-08-01,7395.0,7870.318654046711,1,selected_padd_models,holdout,0
2025-10-01,2025-09-01,7832.0,7526.534957508146,1,selected_padd_models,holdout,0
2025-11-01,2025-10-01,8383.0,7734.41295963962,1,selected_padd_models,holdout,0
2025-12-01,2025-11-01,6591.0,8395.626778160577,1,selected_padd_models,holdout,0
2026-01-01,2025-12-01,6482.0,7385.214663983645,1,selected_padd_models,holdout,0
2026-02-01,2026-01-01,8564.0,7037.75597619375,1,selected_padd_models,holdout,0
2026-03-01,2026-02-01,8537.0,8319.456020634947,1,selected_padd_models,holdout,0
2026-04-01,2026-03-01,8832.0,8664.54631807817,1,selected_padd_models,holdout,0
2026-05-01,2026-04-01,8707.0,8603.706189989633,1,selected_padd_models,holdout,0
2026-06-01,2026-05-01,9139.0,8913.185320001725,1,selected_padd_models,holdout,0
2014-07-01,2014-06-01,81491.0,84132.63518041758,2,selected_padd_models,cv,1
2014-08-01,2014-07-01,82048.0,79365.70573877197,2,selected_padd_models,cv,1
2014-09-01,2014-08-01,86512.0,81648.38751068387,2,selected_padd_models,cv,1
2014-10-01,2014-09-01,93374.0,87191.81918978313,2,selected_padd_models,cv,1
2014-11-01,2014-10-01,98813.0,95175.06719178954,2,selected_padd_models,cv,1
2014-12-01,2014-11-01,104555.0,100654.1339103822,2,selected_padd_models,cv,1
2015-01-01,2014-12-01,116913.0,105118.14428393671,2,selected_padd_models,cv,1
2015-02-01,2015-01-01,126655.0,118956.17861347143,2,selected_padd_models,cv,1
2015-03-01,2015-02-01,139376.0,127976.66490969624,2,selected_padd_models,cv,1
2015-04-01,2015-03-01,139444.0,140036.12379385057,2,selected_padd_models,cv,1
2015-05-01,2015-04-01,135599.0,137707.68137923797,2,selected_padd_models,cv,1
2015-06-01,2015-05-01,133942.0,132740.7903559082,2,selected_padd_models,cv,1
2015-07-01,2015-06-01,133792.0,132379.95597283737,2,selected_padd_models,cv,2
2015-08-01,2015-07-01,135307.0,132841.4007375335,2,selected_padd_models,cv,2
2015-09-01,2015-08-01,127240.0,136290.35014101694,2,selected_padd_models,cv,2
2015-10-01,2015-09-01,132906.0,126219.81131838764,2,selected_padd_models,cv,2
2015-11-01,2015-10-01,142507.0,136217.77937299132,2,selected_padd_models,cv,2
2015-12-01,2015-11-01,144504.0,146052.50404213087,2,selected_padd_models,cv,2
2016-01-01,2015-12-01,145942.0,145408.77713776228,2,selected_padd_models,cv,2
2016-02-01,2016-01-01,148304.0,145924.64431384124,2,selected_padd_models,cv,2
2016-03-01,2016-02-01,150319.0,148327.1786692472,2,selected_padd_models,cv,2
2016-04-01,2016-03-01,153620.0,149050.41211506622,2,selected_padd_models,cv,2
2016-05-01,2016-04-01,151708.0,152698.7426517302,2,selected_padd_models,cv,2
2016-06-01,2016-05-01,145355.0,149150.84265401977,2,selected_padd_models,cv,2
2016-07-01,2016-06-01,147655.0,142333.58922044432,2,selected_padd_models,cv,3
2016-08-01,2016-07-01,148120.0,145645.93474122664,2,selected_padd_models,cv,3
2016-09-01,2016-08-01,143651.0,146672.10760744504,2,selected_padd_models,cv,3
2016-10-01,2016-09-01,141439.0,142575.0736771799,2,selected_padd_models,cv,3
2016-11-01,2016-10-01,149205.0,141525.57178759808,2,selected_padd_models,cv,3
2016-12-01,2016-11-01,151751.0,153529.57498217473,2,selected_padd_models,cv,3
2017-01-01,2016-12-01,150558.0,153161.8086070603,2,selected_padd_models,cv,3
2017-02-01,2017-01-01,152242.0,150692.0611819538,2,selected_padd_models,cv,3
2017-03-01,2017-02-01,156144.0,153732.71988790025,2,selected_padd_models,cv,3
2017-04-01,2017-03-01,159074.0,156351.04026365248,2,selected_padd_models,cv,3
2017-05-01,2017-04-01,157036.0,157852.87818197426,2,selected_padd_models,cv,3
2017-06-01,2017-05-01,149105.0,154513.15905966106,2,selected_padd_models,cv,3
2017-07-01,2017-06-01,144641.0,146085.58853318475,2,selected_padd_models,cv,4
2017-08-01,2017-07-01,140560.0,142294.1353505218,2,selected_padd_models,cv,4
2017-09-01,2017-08-01,149558.0,138851.04077888012,2,selected_padd_models,cv,4
2017-10-01,2017-09-01,153828.0,152820.29440693252,2,selected_padd_models,cv,4
2017-11-01,2017-10-01,142790.0,157349.74259594164,2,selected_padd_models,cv,4
2017-12-01,2017-11-01,132031.0,142790.38282250497,2,selected_padd_models,cv,4
2018-01-01,2017-12-01,118434.0,131684.8887431955,2,selected_padd_models,cv,4
2018-02-01,2018-01-01,111232.0,117504.15903017871,2,selected_padd_models,cv,4
2018-03-01,2018-02-01,122305.0,112037.98379587736,2,selected_padd_models,cv,4
2018-04-01,2018-03-01,125576.0,125304.54586736896,2,selected_padd_models,cv,4
2018-05-01,2018-04-01,123718.0,125408.67052681578,2,selected_padd_models,cv,4
2018-06-01,2018-05-01,112849.0,121383.77355897172,2,selected_padd_models,cv,4
2018-07-01,2018-06-01,107744.0,108912.02312171149,2,selected_padd_models,cv,5
2018-08-01,2018-07-01,111093.0,105085.54212971652,2,selected_padd_models,cv,5
2018-09-01,2018-08-01,113024.0,110799.68572632167,2,selected_padd_models,cv,5
2018-10-01,2018-09-01,124368.0,114550.21750929853,2,selected_padd_models,cv,5
2018-11-01,2018-10-01,129427.0,131928.05285220497,2,selected_padd_models,cv,5
2018-12-01,2018-11-01,132102.0,132645.26798905773,2,selected_padd_models,cv,5
2019-01-01,2018-12-01,133648.0,133695.5547814547,2,selected_padd_models,cv,5
2019-02-01,2019-01-01,138140.0,134773.29569489037,2,selected_padd_models,cv,5
2019-03-01,2019-02-01,138437.0,141631.65386233357,2,selected_padd_models,cv,5
2019-04-01,2019-03-01,137310.0,138131.2490992828,2,selected_padd_models,cv,5
2019-05-01,2019-04-01,143617.0,135509.0659622963,2,selected_padd_models,cv,5
2019-06-01,2019-05-01,142220.0,144048.3904039762,2,selected_padd_models,cv,5
2019-07-01,2019-06-01,134881.0,140636.6600185693,2,selected_padd_models,cv,6
2019-08-01,2019-07-01,125698.0,133146.65671606583,2,selected_padd_models,cv,6
2019-09-01,2019-08-01,128143.0,124265.3163906994,2,selected_padd_models,cv,6
2019-10-01,2019-09-01,134781.0,130242.1992392883,2,selected_padd_models,cv,6
2019-11-01,2019-10-01,130126.0,139195.30258133807,2,selected_padd_models,cv,6
2019-12-01,2019-11-01,126547.0,130158.99556513195,2,selected_padd_models,cv,6
2020-01-01,2019-12-01,127714.0,127365.5940226267,2,selected_padd_models,cv,6
2020-02-01,2020-01-01,126836.0,129119.39068377786,2,selected_padd_models,cv,6
2020-03-01,2020-02-01,139824.0,127917.1762917836,2,selected_padd_models,cv,6
2020-04-01,2020-03-01,156466.0,144440.12919618073,2,selected_padd_models,cv,6
2020-05-01,2020-04-01,140663.0,162723.3358343226,2,selected_padd_models,cv,6
2020-06-01,2020-05-01,136483.0,136379.361550039,2,selected_padd_models,cv,6
2020-07-01,2020-06-01,140336.0,133597.9516779819,2,selected_padd_models,cv,7
2020-08-01,2020-07-01,140141.0,139417.24103695975,2,selected_padd_models,cv,7
2020-09-01,2020-08-01,140970.0,139493.48760224725,2,selected_padd_models,cv,7
2020-10-01,2020-09-01,146472.0,142080.81027478617,2,selected_padd_models,cv,7
2020-11-01,2020-10-01,148412.0,148831.4259097126,2,selected_padd_models,cv,7
2020-12-01,2020-11-01,147225.0,150059.2146766053,2,selected_padd_models,cv,7
2021-01-01,2020-12-01,136136.0,148156.84538455273,2,selected_padd_models,cv,7
2021-02-01,2021-01-01,134483.0,133662.88481330808,2,selected_padd_models,cv,7
2021-03-01,2021-02-01,127473.0,135511.5421612893,2,selected_padd_models,cv,7
2021-04-01,2021-03-01,133881.0,126115.26379267931,2,selected_padd_models,cv,7
2021-05-01,2021-04-01,134056.0,134028.9397341116,2,selected_padd_models,cv,7
2021-06-01,2021-05-01,124235.0,131702.90753236818,2,selected_padd_models,cv,7
2021-07-01,2021-06-01,119009.0,120429.21006570688,2,selected_padd_models,cv,8
2021-08-01,2021-07-01,116402.0,116435.58862644318,2,selected_padd_models,cv,8
2021-09-01,2021-08-01,113164.0,116024.55020644698,2,selected_padd_models,cv,8
2021-10-01,2021-09-01,108697.0,113197.72131302187,2,selected_padd_models,cv,8
2021-11-01,2021-10-01,114800.0,108511.55217884816,2,selected_padd_models,cv,8
2021-12-01,2021-11-01,117519.0,117627.29955584065,2,selected_padd_models,cv,8
2022-01-01,2021-12-01,110478.0,118997.64686549063,2,selected_padd_models,cv,8
2022-02-01,2022-01-01,102418.0,108625.34885299156,2,selected_padd_models,cv,8
2022-03-01,2022-02-01,106991.0,101510.31756722472,2,selected_padd_models,cv,8
2022-04-01,2022-03-01,105393.0,108962.93965930594,2,selected_padd_models,cv,8
2022-05-01,2022-04-01,103433.0,104758.34229030278,2,selected_padd_models,cv,8
2022-06-01,2022-05-01,103711.0,102392.99959366198,2,selected_padd_models,cv,8
2022-07-01,2022-06-01,108992.0,103015.55287509026,2,selected_padd_models,cv,9
2022-08-01,2022-07-01,106416.0,108668.97807113267,2,selected_padd_models,cv,9
2022-09-01,2022-08-01,109108.0,105369.26892572266,2,selected_padd_models,cv,9
2022-10-01,2022-09-01,113699.0,106554.8891239677,2,selected_padd_models,cv,9
2022-11-01,2022-10-01,106829.0,115660.12059312395,2,selected_padd_models,cv,9
2022-12-01,2022-11-01,107006.0,106734.75063092052,2,selected_padd_models,cv,9
2023-01-01,2022-12-01,123976.0,109638.87807373647,2,selected_padd_models,cv,9
2023-02-01,2023-01-01,127518.0,129325.54760369856,2,selected_padd_models,cv,9
2023-03-01,2023-02-01,121224.0,129814.05558525909,2,selected_padd_models,cv,9
2023-04-01,2023-03-01,120647.0,120973.2764795791,2,selected_padd_models,cv,9
2023-05-01,2023-04-01,125119.0,120350.00028295703,2,selected_padd_models,cv,9
2023-06-01,2023-05-01,126189.0,124497.81136103232,2,selected_padd_models,cv,9
2023-07-01,2023-06-01,118771.0,124249.81749365765,2,selected_padd_models,cv,10
2023-08-01,2023-07-01,109216.0,115713.71581501466,2,selected_padd_models,cv,10
2023-09-01,2023-08-01,104432.0,108731.02729103567,2,selected_padd_models,cv,10
2023-10-01,2023-09-01,105146.0,106895.43822329171,2,selected_padd_models,cv,10
2023-11-01,2023-10-01,110776.0,107650.0093083201,2,selected_padd_models,cv,10
2023-12-01,2023-11-01,116557.0,113846.26173520305,2,selected_padd_models,cv,10
2024-01-01,2023-12-01,109117.0,117541.640522448,2,selected_padd_models,cv,10
2024-02-01,2024-01-01,117652.0,111830.97190230986,2,selected_padd_models,cv,10
2024-03-01,2024-02-01,119599.0,121437.35840679276,2,selected_padd_models,cv,10
2024-04-01,2024-03-01,122265.0,121829.62585239428,2,selected_padd_models,cv,10
2024-05-01,2024-04-01,116543.0,123154.36009454048,2,selected_padd_models,cv,10
2024-06-01,2024-05-01,114321.0,115400.37825738436,2,selected_padd_models,cv,10
2024-07-01,2024-06-01,110115.0,113323.72815551274,2,selected_padd_models,holdout,0
2024-08-01,2024-07-01,104799.0,108613.05119936328,2,selected_padd_models,holdout,0
2024-09-01,2024-08-01,106571.0,103456.79809923908,2,selected_padd_models,holdout,0
2024-10-01,2024-09-01,106183.0,109289.48659458327,2,selected_padd_models,holdout,0
2024-11-01,2024-10-01,106836.0,109331.91137870707,2,selected_padd_models,holdout,0
2024-12-01,2024-11-01,103681.0,108400.78733188407,2,selected_padd_models,holdout,0
2025-01-01,2024-12-01,102855.0,104225.48896506598,2,selected_padd_models,holdout,0
2025-02-01,2025-01-01,108554.0,103882.85378698327,2,selected_padd_models,holdout,0
2025-03-01,2025-02-01,108259.0,111237.86835764487,2,selected_padd_models,holdout,0
2025-04-01,2025-03-01,108574.0,109486.75290763266,2,selected_padd_models,holdout,0
2025-05-01,2025-04-01,107516.0,108431.5552810749,2,selected_padd_models,holdout,0
2025-06-01,2025-05-01,103093.0,106855.83798166097,2,selected_padd_models,holdout,0
2025-07-01,2025-06-01,102773.0,100690.58317743722,2,selected_padd_models,holdout,0
2025-08-01,2025-07-01,105652.0,102018.53252565765,2,selected_padd_models,holdout,0
2025-09-01,2025-08-01,102148.0,105159.24843443453,2,selected_padd_models,holdout,0
2025-10-01,2025-09-01,105721.0,103742.73650888825,2,selected_padd_models,holdout,0
2025-11-01,2025-10-01,102571.0,108799.89428763486,2,selected_padd_models,holdout,0
2025-12-01,2025-11-01,105627.0,103650.20633487782,2,selected_padd_models,holdout,0
2026-01-01,2025-12-01,107268.0,109519.55118113576,2,selected_padd_models,holdout,0
2026-02-01,2026-01-01,108017.0,110903.30871117032,2,selected_padd_models,holdout,0
2026-03-01,2026-02-01,114145.0,110030.04501538078,2,selected_padd_models,holdout,0
2026-04-01,2026-03-01,110594.0,115715.7084516336,2,selected_padd_models,holdout,0
2026-05-01,2026-04-01,100616.0,110184.20433888274,2,selected_padd_models,holdout,0
2026-06-01,2026-05-01,98619.0,99619.3889606111,2,selected_padd_models,holdout,0
2014-07-01,2014-06-01,867623.0,870527.8,3,selected_padd_models,cv,1
2014-08-01,2014-07-01,863183.0,861254.0,3,selected_padd_models,cv,1
2014-09-01,2014-08-01,856901.0,863607.6,3,selected_padd_models,cv,1
2014-10-01,2014-09-01,866769.0,859572.8,3,selected_padd_models,cv,1
2014-11-01,2014-10-01,868014.0,860452.0,3,selected_padd_models,cv,1
2014-12-01,2014-11-01,867012.0,855079.2,3,selected_padd_models,cv,1
2015-01-01,2014-12-01,880450.0,875047.6,3,selected_padd_models,cv,1
2015-02-01,2015-01-01,893237.0,885533.6,3,selected_padd_models,cv,1
2015-03-01,2015-02-01,902630.0,903497.4,3,selected_padd_models,cv,1
2015-04-01,2015-03-01,912245.0,907494.4,3,selected_padd_models,cv,1
2015-05-01,2015-04-01,912769.0,910963.6,3,selected_padd_models,cv,1
2015-06-01,2015-05-01,909638.0,909313.8,3,selected_padd_models,cv,1
2015-07-01,2015-06-01,901436.0,904127.2,3,selected_padd_models,cv,2
2015-08-01,2015-07-01,903460.0,895901.8,3,selected_padd_models,cv,2
2015-09-01,2015-08-01,913989.0,901820.4,3,selected_padd_models,cv,2
2015-10-01,2015-09-01,927812.0,919126.8,3,selected_padd_models,cv,2
2015-11-01,2015-10-01,917915.0,922588.6,3,selected_padd_models,cv,2
2015-12-01,2015-11-01,909794.0,906437.8,3,selected_padd_models,cv,2
2016-01-01,2015-12-01,926164.0,917670.0,3,selected_padd_models,cv,2
2016-02-01,2016-01-01,941054.0,932306.6,3,selected_padd_models,cv,2
2016-03-01,2016-02-01,954397.0,951575.4,3,selected_padd_models,cv,2
2016-04-01,2016-03-01,954850.0,961573.2,3,selected_padd_models,cv,2
2016-05-01,2016-04-01,955225.0,955215.2,3,selected_padd_models,cv,2
2016-06-01,2016-05-01,953039.0,950139.0,3,selected_padd_models,cv,2
2016-07-01,2016-06-01,946026.0,946670.8,3,selected_padd_models,cv,3
2016-08-01,2016-07-01,942134.0,939651.2,3,selected_padd_models,cv,3
2016-09-01,2016-08-01,934996.0,942336.8,3,selected_padd_models,cv,3
2016-10-01,2016-09-01,950199.0,942281.4,3,selected_padd_models,cv,3
2016-11-01,2016-10-01,944791.0,945952.2,3,selected_padd_models,cv,3
2016-12-01,2016-11-01,939104.0,935202.2,3,selected_padd_models,cv,3
2017-01-01,2016-12-01,960380.0,948204.4,3,selected_padd_models,cv,3
2017-02-01,2017-01-01,972797.0,970181.0,3,selected_padd_models,cv,3
2017-03-01,2017-02-01,974127.0,984318.4,3,selected_padd_models,cv,3
2017-04-01,2017-03-01,958981.0,980454.0,3,selected_padd_models,cv,3
2017-05-01,2017-04-01,947102.0,959092.2,3,selected_padd_models,cv,3
2017-06-01,2017-05-01,938694.0,943219.6,3,selected_padd_models,cv,3
2017-07-01,2017-06-01,928830.0,932926.4,3,selected_padd_models,cv,4
2017-08-01,2017-07-01,910451.0,925839.2,3,selected_padd_models,cv,4
2017-09-01,2017-08-01,912311.0,911787.8,3,selected_padd_models,cv,4
2017-10-01,2017-09-01,887682.0,921574.2,3,selected_padd_models,cv,4
2017-11-01,2017-10-01,881971.0,883159.2,3,selected_padd_models,cv,4
2017-12-01,2017-11-01,867357.0,872346.0,3,selected_padd_models,cv,4
2018-01-01,2017-12-01,881098.0,879704.0,3,selected_padd_models,cv,4
2018-02-01,2018-01-01,894999.0,893820.6,3,selected_padd_models,cv,4
2018-03-01,2018-02-01,883010.0,902779.0,3,selected_padd_models,cv,4
2018-04-01,2018-03-01,884390.0,884942.0,3,selected_padd_models,cv,4
2018-05-01,2018-04-01,877138.0,881381.6,3,selected_padd_models,cv,4
2018-06-01,2018-05-01,873052.0,871369.8,3,selected_padd_models,cv,4
2018-07-01,2018-06-01,879521.0,866846.2,3,selected_padd_models,cv,5
2018-08-01,2018-07-01,874105.0,874136.6,3,selected_padd_models,cv,5
2018-09-01,2018-08-01,880801.0,875474.8,3,selected_padd_models,cv,5
2018-10-01,2018-09-01,882042.0,884156.0,3,selected_padd_models,cv,5
2018-11-01,2018-10-01,887119.0,876690.4,3,selected_padd_models,cv,5
2018-12-01,2018-11-01,881191.0,878321.6,3,selected_padd_models,cv,5
2019-01-01,2018-12-01,881131.0,895345.6,3,selected_padd_models,cv,5
2019-02-01,2019-01-01,878584.0,894835.2,3,selected_padd_models,cv,5
2019-03-01,2019-02-01,883034.0,882989.0,3,selected_padd_models,cv,5
2019-04-01,2019-03-01,891193.0,884350.8,3,selected_padd_models,cv,5
2019-05-01,2019-04-01,889878.0,886844.8,3,selected_padd_models,cv,5
2019-06-01,2019-05-01,878690.0,885100.4,3,selected_padd_models,cv,5
2019-07-01,2019-06-01,871011.0,873524.0,3,selected_padd_models,cv,6
2019-08-01,2019-07-01,872940.0,864990.4,3,selected_padd_models,cv,6
2019-09-01,2019-08-01,865421.0,874073.0,3,selected_padd_models,cv,6
2019-10-01,2019-09-01,864734.0,868522.2,3,selected_padd_models,cv,6
2019-11-01,2019-10-01,863236.0,861795.2,3,selected_padd_models,cv,6
2019-12-01,2019-11-01,854758.0,856165.6,3,selected_padd_models,cv,6
2020-01-01,2019-12-01,862880.0,867711.0,3,selected_padd_models,cv,6
2020-02-01,2020-01-01,876756.0,873169.6,3,selected_padd_models,cv,6
2020-03-01,2020-02-01,886386.0,880061.4,3,selected_padd_models,cv,6
2020-04-01,2020-03-01,916045.0,887278.2,3,selected_padd_models,cv,6
2020-05-01,2020-04-01,934148.0,912135.6,3,selected_padd_models,cv,6
2020-06-01,2020-05-01,956570.0,928348.2,3,selected_padd_models,cv,6
2020-07-01,2020-06-01,944808.0,951312.2,3,selected_padd_models,cv,7
2020-08-01,2020-07-01,920344.0,940061.2,3,selected_padd_models,cv,7
2020-09-01,2020-08-01,912855.0,921229.6,3,selected_padd_models,cv,7
2020-10-01,2020-09-01,900201.0,913845.2,3,selected_padd_models,cv,7
2020-11-01,2020-10-01,909291.0,896713.6,3,selected_padd_models,cv,7
2020-12-01,2020-11-01,896960.0,900725.4,3,selected_padd_models,cv,7
2021-01-01,2020-12-01,896086.0,908849.8,3,selected_padd_models,cv,7
2021-02-01,2021-01-01,915386.0,906593.4,3,selected_padd_models,cv,7
2021-03-01,2021-02-01,932466.0,918738.8,3,selected_padd_models,cv,7
2021-04-01,2021-03-01,906599.0,937367.0,3,selected_padd_models,cv,7
2021-05-01,2021-04-01,888487.0,906205.4,3,selected_padd_models,cv,7
2021-06-01,2021-05-01,865066.0,887797.8,3,selected_padd_models,cv,7
2021-07-01,2021-06-01,863624.0,859096.2,3,selected_padd_models,cv,8
2021-08-01,2021-07-01,847675.0,853579.6,3,selected_padd_models,cv,8
2021-09-01,2021-08-01,846108.0,844957.0,3,selected_padd_models,cv,8
2021-10-01,2021-09-01,858522.0,841802.8,3,selected_padd_models,cv,8
2021-11-01,2021-10-01,839483.0,858832.0,3,selected_padd_models,cv,8
2021-12-01,2021-11-01,818876.0,830075.4,3,selected_padd_models,cv,8
2022-01-01,2021-12-01,809576.0,827317.0,3,selected_padd_models,cv,8
2022-02-01,2022-01-01,803457.0,820965.4,3,selected_padd_models,cv,8
2022-03-01,2022-02-01,793798.0,807557.2,3,selected_padd_models,cv,8
2022-04-01,2022-03-01,780525.0,793435.0,3,selected_padd_models,cv,8
2022-05-01,2022-04-01,755399.0,776434.0,3,selected_padd_models,cv,8
2022-06-01,2022-05-01,728278.0,750462.8,3,selected_padd_models,cv,8
2022-07-01,2022-06-01,701873.0,723422.4,3,selected_padd_models,cv,9
2022-08-01,2022-07-01,680061.0,689417.2,3,selected_padd_models,cv,9
2022-09-01,2022-08-01,656779.0,678457.2,3,selected_padd_models,cv,9
2022-10-01,2022-09-01,643035.0,651916.0,3,selected_padd_models,cv,9
2022-11-01,2022-10-01,617247.0,640618.8,3,selected_padd_models,cv,9
2022-12-01,2022-11-01,615091.0,604855.4,3,selected_padd_models,cv,9
2023-01-01,2022-12-01,627659.0,617416.8,3,selected_padd_models,cv,9
2023-02-01,2023-01-01,634789.0,635341.2,3,selected_padd_models,cv,9
2023-03-01,2023-02-01,632979.0,636691.4,3,selected_padd_models,cv,9
2023-04-01,2023-03-01,616409.0,632990.6,3,selected_padd_models,cv,9
2023-05-01,2023-04-01,604090.0,609668.6,3,selected_padd_models,cv,9
2023-06-01,2023-05-01,593587.0,595411.2,3,selected_padd_models,cv,9
2023-07-01,2023-06-01,591983.0,585423.2,3,selected_padd_models,cv,10
2023-08-01,2023-07-01,582019.0,578840.6,3,selected_padd_models,cv,10
2023-09-01,2023-08-01,589125.0,575386.8,3,selected_padd_models,cv,10
2023-10-01,2023-09-01,595213.0,586439.0,3,selected_padd_models,cv,10
2023-11-01,2023-10-01,599648.0,588781.4,3,selected_padd_models,cv,10
2023-12-01,2023-11-01,582167.0,589748.0,3,selected_padd_models,cv,10
2024-01-01,2023-12-01,598600.0,584258.2,3,selected_padd_models,cv,10
2024-02-01,2024-01-01,608050.0,604928.0,3,selected_padd_models,cv,10
2024-03-01,2024-02-01,609462.0,611988.2,3,selected_padd_models,cv,10
2024-04-01,2024-03-01,629996.0,605883.6,3,selected_padd_models,cv,10
2024-05-01,2024-04-01,629892.0,622242.2,3,selected_padd_models,cv,10
2024-06-01,2024-05-01,624154.0,619929.8,3,selected_padd_models,cv,10
2024-07-01,2024-06-01,613406.0,614375.6,3,selected_padd_models,holdout,0
2024-08-01,2024-07-01,614415.0,599354.0,3,selected_padd_models,holdout,0
2024-09-01,2024-08-01,616735.0,607864.8,3,selected_padd_models,holdout,0
2024-10-01,2024-09-01,628939.0,615018.4,3,selected_padd_models,holdout,0
2024-11-01,2024-10-01,624167.0,622379.0,3,selected_padd_models,holdout,0
2024-12-01,2024-11-01,621631.0,611956.4,3,selected_padd_models,holdout,0
2025-01-01,2024-12-01,629823.0,627020.8,3,selected_padd_models,holdout,0
2025-02-01,2025-01-01,636670.0,638550.4,3,selected_padd_models,holdout,0
2025-03-01,2025-02-01,642968.0,640000.6,3,selected_padd_models,holdout,0
2025-04-01,2025-03-01,644458.0,641864.6,3,selected_padd_models,holdout,0
2025-05-01,2025-04-01,642395.0,636946.4,3,selected_padd_models,holdout,0
2025-06-01,2025-05-01,633430.0,633522.8,3,selected_padd_models,holdout,0
2025-07-01,2025-06-01,644270.0,623037.8,3,selected_padd_models,holdout,0
2025-08-01,2025-07-01,640338.0,630034.0,3,selected_padd_models,holdout,0
2025-09-01,2025-08-01,637211.0,635755.6,3,selected_padd_models,holdout,0
2025-10-01,2025-09-01,644610.0,638072.6,3,selected_padd_models,holdout,0
2025-11-01,2025-10-01,651793.0,637395.2,3,selected_padd_models,holdout,0
2025-12-01,2025-11-01,641399.0,640770.8,3,selected_padd_models,holdout,0
2026-01-01,2025-12-01,639513.0,646802.8,3,selected_padd_models,holdout,0
2026-02-01,2026-01-01,665153.0,646834.6,3,selected_padd_models,holdout,0
2026-03-01,2026-02-01,675361.0,667817.2,3,selected_padd_models,holdout,0
2026-04-01,2026-03-01,653282.0,668623.8,3,selected_padd_models,holdout,0
2026-05-01,2026-04-01,599784.0,641737.2,3,selected_padd_models,holdout,0
2026-06-01,2026-05-01,555461.0,584634.4,3,selected_padd_models,holdout,0
2014-07-01,2014-06-01,16906.0,16662.4375,4,selected_padd_models,cv,1
2014-08-01,2014-07-01,16470.0,17091.7265625,4,selected_padd_models,cv,1
2014-09-01,2014-08-01,15792.0,16673.09765625,4,selected_padd_models,cv,1
2014-10-01,2014-09-01,16434.0,15994.736328125,4,selected_padd_models,cv,1
2014-11-01,2014-10-01,16050.0,16469.626953125,4,selected_padd_models,cv,1
2014-12-01,2014-11-01,16412.0,16171.962890625,4,selected_padd_models,cv,1
2015-01-01,2014-12-01,17304.0,16577.578125,4,selected_padd_models,cv,1
2015-02-01,2015-01-01,17595.0,17533.642578125,4,selected_padd_models,cv,1
2015-03-01,2015-02-01,19977.0,17743.689453125,4,selected_padd_models,cv,1
2015-04-01,2015-03-01,20717.0,20097.287109375,4,selected_padd_models,cv,1
2015-05-01,2015-04-01,18960.0,20779.80859375,4,selected_padd_models,cv,1
2015-06-01,2015-05-01,18599.0,18921.31640625,4,selected_padd_models,cv,1
2015-07-01,2015-06-01,18948.0,18449.111328125,4,selected_padd_models,cv,2
2015-08-01,2015-07-01,18041.0,19093.8828125,4,selected_padd_models,cv,2
2015-09-01,2015-08-01,18428.0,18147.796875,4,selected_padd_models,cv,2
2015-10-01,2015-09-01,19229.0,18628.392578125,4,selected_padd_models,cv,2
2015-11-01,2015-10-01,19611.0,19323.130859375,4,selected_padd_models,cv,2
2015-12-01,2015-11-01,19746.0,19738.560546875,4,selected_padd_models,cv,2
2016-01-01,2015-12-01,20688.0,19992.748046875,4,selected_padd_models,cv,2
2016-02-01,2016-01-01,20769.0,20985.693359375,4,selected_padd_models,cv,2
2016-03-01,2016-02-01,21354.0,20866.962890625,4,selected_padd_models,cv,2
2016-04-01,2016-03-01,22094.0,21589.640625,4,selected_padd_models,cv,2
2016-05-01,2016-04-01,21160.0,21994.322265625,4,selected_padd_models,cv,2
2016-06-01,2016-05-01,20849.0,20992.4453125,4,selected_padd_models,cv,2
2016-07-01,2016-06-01,20925.0,20757.947265625,4,selected_padd_models,cv,3
2016-08-01,2016-07-01,21737.0,21128.587890625,4,selected_padd_models,cv,3
2016-09-01,2016-08-01,21705.0,21970.630859375,4,selected_padd_models,cv,3
2016-10-01,2016-09-01,24299.0,21993.681640625,4,selected_padd_models,cv,3
2016-11-01,2016-10-01,23970.0,24542.88671875,4,selected_padd_models,cv,3
2016-12-01,2016-11-01,23332.0,24232.8828125,4,selected_padd_models,cv,3
2017-01-01,2016-12-01,23208.0,23683.55078125,4,selected_padd_models,cv,3
2017-02-01,2017-01-01,24658.0,23600.072265625,4,selected_padd_models,cv,3
2017-03-01,2017-02-01,25831.0,24944.32421875,4,selected_padd_models,cv,3
2017-04-01,2017-03-01,24922.0,26155.83984375,4,selected_padd_models,cv,3
2017-05-01,2017-04-01,23830.0,24867.404296875,4,selected_padd_models,cv,3
2017-06-01,2017-05-01,22902.0,23733.07421875,4,selected_padd_models,cv,3
2017-07-01,2017-06-01,21810.0,22671.50390625,4,selected_padd_models,cv,4
2017-08-01,2017-07-01,21958.0,21964.01953125,4,selected_padd_models,cv,4
2017-09-01,2017-08-01,21053.0,22193.021484375,4,selected_padd_models,cv,4
2017-10-01,2017-09-01,20934.0,21411.0625,4,selected_padd_models,cv,4
2017-11-01,2017-10-01,22659.0,21239.423828125,4,selected_padd_models,cv,4
2017-12-01,2017-11-01,22502.0,22910.599609375,4,selected_padd_models,cv,4
2018-01-01,2017-12-01,21769.0,22807.267578125,4,selected_padd_models,cv,4
2018-02-01,2018-01-01,21673.0,22109.126953125,4,selected_padd_models,cv,4
2018-03-01,2018-02-01,23148.0,22110.865234375,4,selected_padd_models,cv,4
2018-04-01,2018-03-01,23739.0,23351.265625,4,selected_padd_models,cv,4
2018-05-01,2018-04-01,23830.0,23590.021484375,4,selected_padd_models,cv,4
2018-06-01,2018-05-01,22056.0,23615.138671875,4,selected_padd_models,cv,4
2018-07-01,2018-06-01,21418.0,21662.611328125,4,selected_padd_models,cv,5
2018-08-01,2018-07-01,22309.0,21471.033203125,4,selected_padd_models,cv,5
2018-09-01,2018-08-01,21523.0,22264.322265625,4,selected_padd_models,cv,5
2018-10-01,2018-09-01,22068.0,21715.857421875,4,selected_padd_models,cv,5
2018-11-01,2018-10-01,23711.0,22129.080078125,4,selected_padd_models,cv,5
2018-12-01,2018-11-01,21540.0,23698.81640625,4,selected_padd_models,cv,5
2019-01-01,2018-12-01,20798.0,21877.869140625,4,selected_padd_models,cv,5
2019-02-01,2019-01-01,20715.0,21149.30078125,4,selected_padd_models,cv,5
2019-03-01,2019-02-01,22905.0,21130.3359375,4,selected_padd_models,cv,5
2019-04-01,2019-03-01,24151.0,23059.89453125,4,selected_padd_models,cv,5
2019-05-01,2019-04-01,25317.0,23821.736328125,4,selected_padd_models,cv,5
2019-06-01,2019-05-01,21857.0,24914.599609375,4,selected_padd_models,cv,5
2019-07-01,2019-06-01,20832.0,21500.595703125,4,selected_padd_models,cv,6
2019-08-01,2019-07-01,20542.0,20872.62109375,4,selected_padd_models,cv,6
2019-09-01,2019-08-01,20850.0,20703.8828125,4,selected_padd_models,cv,6
2019-10-01,2019-09-01,23255.0,20955.337890625,4,selected_padd_models,cv,6
2019-11-01,2019-10-01,24381.0,23114.91015625,4,selected_padd_models,cv,6
2019-12-01,2019-11-01,23890.0,24078.939453125,4,selected_padd_models,cv,6
2020-01-01,2019-12-01,22824.0,23748.7109375,4,selected_padd_models,cv,6
2020-02-01,2020-01-01,21253.0,22916.654296875,4,selected_padd_models,cv,6
2020-03-01,2020-02-01,23655.0,21486.265625,4,selected_padd_models,cv,6
2020-04-01,2020-03-01,25662.0,23879.37109375,4,selected_padd_models,cv,6
2020-05-01,2020-04-01,24897.0,25387.466796875,4,selected_padd_models,cv,6
2020-06-01,2020-05-01,26525.0,24438.80078125,4,selected_padd_models,cv,6
2020-07-01,2020-06-01,25529.0,26077.63671875,4,selected_padd_models,cv,7
2020-08-01,2020-07-01,24575.0,25425.900390625,4,selected_padd_models,cv,7
2020-09-01,2020-08-01,23509.0,24525.5078125,4,selected_padd_models,cv,7
2020-10-01,2020-09-01,24222.0,23747.123046875,4,selected_padd_models,cv,7
2020-11-01,2020-10-01,24528.0,24462.181640625,4,selected_padd_models,cv,7
2020-12-01,2020-11-01,24398.0,24611.138671875,4,selected_padd_models,cv,7
2021-01-01,2020-12-01,24949.0,24371.896484375,4,selected_padd_models,cv,7
2021-02-01,2021-01-01,22852.0,25086.7109375,4,selected_padd_models,cv,7
2021-03-01,2021-02-01,23617.0,23301.12109375,4,selected_padd_models,cv,7
2021-04-01,2021-03-01,25326.0,23969.91796875,4,selected_padd_models,cv,7
2021-05-01,2021-04-01,25379.0,25137.880859375,4,selected_padd_models,cv,7
2021-06-01,2021-05-01,24512.0,25160.7734375,4,selected_padd_models,cv,7
2021-07-01,2021-06-01,24171.0,24311.861328125,4,selected_padd_models,cv,8
2021-08-01,2021-07-01,23904.0,24083.859375,4,selected_padd_models,cv,8
2021-09-01,2021-08-01,23216.0,23816.859375,4,selected_padd_models,cv,8
2021-10-01,2021-09-01,23663.0,23490.482421875,4,selected_padd_models,cv,8
2021-11-01,2021-10-01,24529.0,24081.703125,4,selected_padd_models,cv,8
2021-12-01,2021-11-01,24328.0,24434.826171875,4,selected_padd_models,cv,8
2022-01-01,2021-12-01,23746.0,24202.90234375,4,selected_padd_models,cv,8
2022-02-01,2022-01-01,24060.0,23813.646484375,4,selected_padd_models,cv,8
2022-03-01,2022-02-01,25698.0,24432.365234375,4,selected_padd_models,cv,8
2022-04-01,2022-03-01,23192.0,25742.318359375,4,selected_padd_models,cv,8
2022-05-01,2022-04-01,25732.0,23323.939453125,4,selected_padd_models,cv,8
2022-06-01,2022-05-01,24100.0,25604.22265625,4,selected_padd_models,cv,8
2022-07-01,2022-06-01,23644.0,23753.783203125,4,selected_padd_models,cv,9
2022-08-01,2022-07-01,22754.0,23749.14453125,4,selected_padd_models,cv,9
2022-09-01,2022-08-01,23471.0,22872.58984375,4,selected_padd_models,cv,9
2022-10-01,2022-09-01,23509.0,23988.990234375,4,selected_padd_models,cv,9
2022-11-01,2022-10-01,24902.0,23643.181640625,4,selected_padd_models,cv,9
2022-12-01,2022-11-01,24421.0,24692.740234375,4,selected_padd_models,cv,9
2023-01-01,2022-12-01,23934.0,24081.861328125,4,selected_padd_models,cv,9
2023-02-01,2023-01-01,24737.0,23706.443359375,4,selected_padd_models,cv,9
2023-03-01,2023-02-01,25756.0,24585.7890625,4,selected_padd_models,cv,9
2023-04-01,2023-03-01,25956.0,25858.966796875,4,selected_padd_models,cv,9
2023-05-01,2023-04-01,26155.0,25851.396484375,4,selected_padd_models,cv,9
2023-06-01,2023-05-01,24830.0,25946.099609375,4,selected_padd_models,cv,9
2023-07-01,2023-06-01,24055.0,24506.22265625,4,selected_padd_models,cv,10
2023-08-01,2023-07-01,23585.0,23936.46875,4,selected_padd_models,cv,10
2023-09-01,2023-08-01,24045.0,23766.61328125,4,selected_padd_models,cv,10
2023-10-01,2023-09-01,23932.0,23874.134765625,4,selected_padd_models,cv,10
2023-11-01,2023-10-01,24684.0,23686.171875,4,selected_padd_models,cv,10
2023-12-01,2023-11-01,25827.0,24338.521484375,4,selected_padd_models,cv,10
2024-01-01,2023-12-01,24185.0,25234.314453125,4,selected_padd_models,cv,10
2024-02-01,2024-01-01,25631.0,24042.619140625,4,selected_padd_models,cv,10
2024-03-01,2024-02-01,26186.0,25726.7578125,4,selected_padd_models,cv,10
2024-04-01,2024-03-01,24951.0,26159.953125,4,selected_padd_models,cv,10
2024-05-01,2024-04-01,24254.0,24642.95703125,4,selected_padd_models,cv,10
2024-06-01,2024-05-01,22935.0,23895.751953125,4,selected_padd_models,cv,10
2024-07-01,2024-06-01,22660.0,23034.04296875,4,selected_padd_models,holdout,0
2024-08-01,2024-07-01,22246.0,23005.3984375,4,selected_padd_models,holdout,0
2024-09-01,2024-08-01,22265.0,22581.189453125,4,selected_padd_models,holdout,0
2024-10-01,2024-09-01,22786.0,22784.40625,4,selected_padd_models,holdout,0
2024-11-01,2024-10-01,23917.0,23277.3203125,4,selected_padd_models,holdout,0
2024-12-01,2024-11-01,24434.0,23955.951171875,4,selected_padd_models,holdout,0
2025-01-01,2024-12-01,24174.0,24454.322265625,4,selected_padd_models,holdout,0
2025-02-01,2025-01-01,24889.0,24367.9140625,4,selected_padd_models,holdout,0
2025-03-01,2025-02-01,24271.0,25336.765625,4,selected_padd_models,holdout,0
2025-04-01,2025-03-01,24801.0,24274.087890625,4,selected_padd_models,holdout,0
2025-05-01,2025-04-01,24905.0,24572.2734375,4,selected_padd_models,holdout,0
2025-06-01,2025-05-01,23999.0,24253.875,4,selected_padd_models,holdout,0
2025-07-01,2025-06-01,22926.0,23628.251953125,4,selected_padd_models,holdout,0
2025-08-01,2025-07-01,22414.0,23141.9375,4,selected_padd_models,holdout,0
2025-09-01,2025-08-01,22582.0,22638.53515625,4,selected_padd_models,holdout,0
2025-10-01,2025-09-01,23643.0,22932.357421875,4,selected_padd_models,holdout,0
2025-11-01,2025-10-01,24528.0,24043.966796875,4,selected_padd_models,holdout,0
2025-12-01,2025-11-01,24594.0,24484.142578125,4,selected_padd_models,holdout,0
2026-01-01,2025-12-01,23734.0,24540.03125,4,selected_padd_models,holdout,0
2026-02-01,2026-01-01,24618.0,23968.421875,4,selected_padd_models,holdout,0
2026-03-01,2026-02-01,25225.0,24771.591796875,4,selected_padd_models,holdout,0
2026-04-01,2026-03-01,25900.0,24712.853515625,4,selected_padd_models,holdout,0
2026-05-01,2026-04-01,24106.0,25577.59375,4,selected_padd_models,holdout,0
2026-06-01,2026-05-01,22336.0,23787.373046875,4,selected_padd_models,holdout,0
2014-07-01,2014-06-01,53884.0,54224.80963425533,5,selected_padd_models,cv,1
2014-08-01,2014-07-01,50091.0,53767.5641152826,5,selected_padd_models,cv,1
2014-09-01,2014-08-01,53870.0,51062.89566460509,5,selected_padd_models,cv,1
2014-10-01,2014-09-01,54076.0,54046.46250677123,5,selected_padd_models,cv,1
2014-11-01,2014-10-01,52061.0,54050.16589918475,5,selected_padd_models,cv,1
2014-12-01,2014-11-01,48955.0,50489.7057142421,5,selected_padd_models,cv,1
2015-01-01,2014-12-01,50715.0,50083.87906820923,5,selected_padd_models,cv,1
2015-02-01,2015-01-01,53664.0,52989.578586424264,5,selected_padd_models,cv,1
2015-03-01,2015-02-01,57103.0,54366.75038630147,5,selected_padd_models,cv,1
2015-04-01,2015-03-01,56431.0,56194.432385352935,5,selected_padd_models,cv,1
2015-05-01,2015-04-01,57363.0,54746.86026745299,5,selected_padd_models,cv,1
2015-06-01,2015-05-01,55067.0,55739.87814861562,5,selected_padd_models,cv,1
2015-07-01,2015-06-01,51606.0,54081.43399331198,5,selected_padd_models,cv,2
2015-08-01,2015-07-01,50265.0,51318.103607488796,5,selected_padd_models,cv,2
2015-09-01,2015-08-01,49963.0,51616.639237705385,5,selected_padd_models,cv,2
2015-10-01,2015-09-01,54597.0,51701.63847491279,5,selected_padd_models,cv,2
2015-11-01,2015-10-01,56100.0,54439.712499478206,5,selected_padd_models,cv,2
2015-12-01,2015-11-01,54144.0,54879.27601698998,5,selected_padd_models,cv,2
2016-01-01,2015-12-01,56084.0,53459.71360488002,5,selected_padd_models,cv,2
2016-02-01,2016-01-01,56398.0,56456.605429996926,5,selected_padd_models,cv,2
2016-03-01,2016-02-01,54575.0,57079.52754109722,5,selected_padd_models,cv,2
2016-04-01,2016-03-01,51786.0,54778.43965471481,5,selected_padd_models,cv,2
2016-05-01,2016-04-01,59504.0,52509.37353381918,5,selected_padd_models,cv,2
2016-06-01,2016-05-01,58485.0,55700.37172863391,5,selected_padd_models,cv,2
2016-07-01,2016-06-01,54600.0,57013.22721880076,5,selected_padd_models,cv,3
2016-08-01,2016-07-01,50172.0,53775.66277645185,5,selected_padd_models,cv,3
2016-09-01,2016-08-01,49983.0,50921.942548240535,5,selected_padd_models,cv,3
2016-10-01,2016-09-01,50779.0,51635.182056549536,5,selected_padd_models,cv,3
2016-11-01,2016-10-01,52121.0,50938.53687541687,5,selected_padd_models,cv,3
2016-12-01,2016-11-01,51705.0,52017.86685822786,5,selected_padd_models,cv,3
2017-01-01,2016-12-01,49807.0,53100.54608369007,5,selected_padd_models,cv,3
2017-02-01,2017-01-01,53997.0,52244.19558650367,5,selected_padd_models,cv,3
2017-03-01,2017-02-01,55191.0,56271.10235509047,5,selected_padd_models,cv,3
2017-04-01,2017-03-01,52748.0,54685.22354724981,5,selected_padd_models,cv,3
2017-05-01,2017-04-01,56513.0,54072.84329593618,5,selected_padd_models,cv,3
2017-06-01,2017-05-01,54257.0,56724.69189578456,5,selected_padd_models,cv,3
2017-07-01,2017-06-01,50858.0,52548.02422055542,5,selected_padd_models,cv,4
2017-08-01,2017-07-01,48478.0,50677.63908722538,5,selected_padd_models,cv,4
2017-09-01,2017-08-01,48337.0,47583.89767687294,5,selected_padd_models,cv,4
2017-10-01,2017-09-01,52498.0,48831.98590581661,5,selected_padd_models,cv,4
2017-11-01,2017-10-01,53896.0,52795.50581525483,5,selected_padd_models,cv,4
2017-12-01,2017-11-01,51108.0,53555.674081144614,5,selected_padd_models,cv,4
2018-01-01,2017-12-01,49964.0,49965.97299368799,5,selected_padd_models,cv,4
2018-02-01,2018-01-01,49005.0,51407.89318777592,5,selected_padd_models,cv,4
2018-03-01,2018-02-01,49623.0,50597.407342291255,5,selected_padd_models,cv,4
2018-04-01,2018-03-01,51051.0,50863.17692779324,5,selected_padd_models,cv,4
2018-05-01,2018-04-01,54765.0,51676.509342142075,5,selected_padd_models,cv,4
2018-06-01,2018-05-01,51140.0,52715.636945192164,5,selected_padd_models,cv,4
2018-07-01,2018-06-01,49029.0,48270.685752065256,5,selected_padd_models,cv,5
2018-08-01,2018-07-01,48728.0,48643.82312763845,5,selected_padd_models,cv,5
2018-09-01,2018-08-01,49086.0,48377.58362815022,5,selected_padd_models,cv,5
2018-10-01,2018-09-01,49209.0,51130.305655786535,5,selected_padd_models,cv,5
2018-11-01,2018-10-01,46399.0,50125.46973791782,5,selected_padd_models,cv,5
2018-12-01,2018-11-01,45152.0,46319.15066763554,5,selected_padd_models,cv,5
2019-01-01,2018-12-01,49359.0,47783.068594758086,5,selected_padd_models,cv,5
2019-02-01,2019-01-01,51643.0,51347.40346491256,5,selected_padd_models,cv,5
2019-03-01,2019-02-01,49767.0,52574.0841689295,5,selected_padd_models,cv,5
2019-04-01,2019-03-01,53082.0,50968.61969420128,5,selected_padd_models,cv,5
2019-05-01,2019-04-01,52006.0,53574.21133400363,5,selected_padd_models,cv,5
2019-06-01,2019-05-01,50711.0,50610.60761172561,5,selected_padd_models,cv,5
2019-07-01,2019-06-01,49031.0,48499.31327691454,5,selected_padd_models,cv,6
2019-08-01,2019-07-01,45344.0,48122.27470363346,5,selected_padd_models,cv,6
2019-09-01,2019-08-01,46239.0,45810.964852349105,5,selected_padd_models,cv,6
2019-10-01,2019-09-01,51006.0,47946.721778038846,5,selected_padd_models,cv,6
2019-11-01,2019-10-01,52413.0,50688.894633759934,5,selected_padd_models,cv,6
2019-12-01,2019-11-01,52898.0,50499.68241808571,5,selected_padd_models,cv,6
2020-01-01,2019-12-01,52073.0,52928.77897293461,5,selected_padd_models,cv,6
2020-02-01,2020-01-01,52311.0,52447.14110814137,5,selected_padd_models,cv,6
2020-03-01,2020-02-01,57074.0,52494.54193103331,5,selected_padd_models,cv,6
2020-04-01,2020-03-01,56720.0,57050.679708420175,5,selected_padd_models,cv,6
2020-05-01,2020-04-01,57391.0,52852.38251427963,5,selected_padd_models,cv,6
2020-06-01,2020-05-01,56563.0,56154.65057836626,5,selected_padd_models,cv,6
2020-07-01,2020-06-01,54137.0,54188.12260555837,5,selected_padd_models,cv,7
2020-08-01,2020-07-01,54804.0,53764.70042222416,5,selected_padd_models,cv,7
2020-09-01,2020-08-01,51428.0,53656.255679694725,5,selected_padd_models,cv,7
2020-10-01,2020-09-01,51073.0,51779.04141245239,5,selected_padd_models,cv,7
2020-11-01,2020-10-01,46690.0,51102.47304450828,5,selected_padd_models,cv,7
2020-12-01,2020-11-01,45098.0,46981.37156682991,5,selected_padd_models,cv,7
2021-01-01,2020-12-01,47258.0,46474.334768236076,5,selected_padd_models,cv,7
2021-02-01,2021-01-01,51532.0,49401.55577664282,5,selected_padd_models,cv,7
2021-03-01,2021-02-01,48325.0,53354.92217466108,5,selected_padd_models,cv,7
2021-04-01,2021-03-01,48041.0,48975.8449204484,5,selected_padd_models,cv,7
2021-05-01,2021-04-01,48296.0,50402.641399101754,5,selected_padd_models,cv,7
2021-06-01,2021-05-01,47846.0,48358.491056503095,5,selected_padd_models,cv,7
2021-07-01,2021-06-01,45141.0,46647.33948070137,5,selected_padd_models,cv,8
2021-08-01,2021-07-01,46345.0,46288.505177757936,5,selected_padd_models,cv,8
2021-09-01,2021-08-01,47895.0,46808.55691458113,5,selected_padd_models,cv,8
2021-10-01,2021-09-01,48905.0,49056.564444021846,5,selected_padd_models,cv,8
2021-11-01,2021-10-01,48624.0,49288.35337928019,5,selected_padd_models,cv,8
2021-12-01,2021-11-01,46748.0,48394.84101353398,5,selected_padd_models,cv,8
2022-01-01,2021-12-01,51196.0,47155.000985758496,5,selected_padd_models,cv,8
2022-02-01,2022-01-01,49640.0,53384.57204452834,5,selected_padd_models,cv,8
2022-03-01,2022-02-01,46797.0,48872.51237259097,5,selected_padd_models,cv,8
2022-04-01,2022-03-01,48399.0,46925.21719058669,5,selected_padd_models,cv,8
2022-05-01,2022-04-01,46490.0,48863.20808184966,5,selected_padd_models,cv,8
2022-06-01,2022-05-01,46323.0,46620.97867853421,5,selected_padd_models,cv,8
2022-07-01,2022-06-01,50121.0,45201.766116719285,5,selected_padd_models,cv,9
2022-08-01,2022-07-01,48567.0,48869.62710939399,5,selected_padd_models,cv,9
2022-09-01,2022-08-01,48438.0,47818.27558763799,5,selected_padd_models,cv,9
2022-10-01,2022-09-01,49593.0,46832.4827901057,5,selected_padd_models,cv,9
2022-11-01,2022-10-01,48722.0,48768.28951215375,5,selected_padd_models,cv,9
2022-12-01,2022-11-01,48002.0,45551.99614277565,5,selected_padd_models,cv,9
2023-01-01,2022-12-01,48005.0,46703.19434533503,5,selected_padd_models,cv,9
2023-02-01,2023-01-01,49287.0,47290.09788186976,5,selected_padd_models,cv,9
2023-03-01,2023-02-01,49402.0,48451.93216737221,5,selected_padd_models,cv,9
2023-04-01,2023-03-01,52191.0,48214.40981625755,5,selected_padd_models,cv,9
2023-05-01,2023-04-01,51745.0,50653.544641442204,5,selected_padd_models,cv,9
2023-06-01,2023-05-01,49774.0,49044.312723259616,5,selected_padd_models,cv,9
2023-07-01,2023-06-01,44796.0,47916.750892288954,5,selected_padd_models,cv,10
2023-08-01,2023-07-01,45906.0,45963.374108007425,5,selected_padd_models,cv,10
2023-09-01,2023-08-01,43997.0,46879.37872606447,5,selected_padd_models,cv,10
2023-10-01,2023-09-01,44355.0,45524.66080293968,5,selected_padd_models,cv,10
2023-11-01,2023-10-01,50123.0,45311.5597889955,5,selected_padd_models,cv,10
2023-12-01,2023-11-01,49423.0,49495.05306679732,5,selected_padd_models,cv,10
2024-01-01,2023-12-01,46173.0,49614.06904008462,5,selected_padd_models,cv,10
2024-02-01,2024-01-01,49347.0,47483.28519276649,5,selected_padd_models,cv,10
2024-03-01,2024-02-01,47617.0,48211.173118170445,5,selected_padd_models,cv,10
2024-04-01,2024-03-01,45362.0,48097.703494588204,5,selected_padd_models,cv,10
2024-05-01,2024-04-01,46523.0,47109.53245847985,5,selected_padd_models,cv,10
2024-06-01,2024-05-01,44390.0,45905.39907955732,5,selected_padd_models,cv,10
2024-07-01,2024-06-01,48679.0,44857.41623179657,5,selected_padd_models,holdout,0
2024-08-01,2024-07-01,48397.0,48379.56335483402,5,selected_padd_models,holdout,0
2024-09-01,2024-08-01,44599.0,49257.04984651962,5,selected_padd_models,holdout,0
2024-10-01,2024-09-01,45253.0,46114.71304390597,5,selected_padd_models,holdout,0
2024-11-01,2024-10-01,49689.0,45642.6003609459,5,selected_padd_models,holdout,0
2024-12-01,2024-11-01,49330.0,47752.70236809847,5,selected_padd_models,holdout,0
2025-01-01,2024-12-01,48567.0,49263.30482910066,5,selected_padd_models,holdout,0
2025-02-01,2025-01-01,47148.0,48567.52060014344,5,selected_padd_models,holdout,0
2025-03-01,2025-02-01,45729.0,46753.56088605019,5,selected_padd_models,holdout,0
2025-04-01,2025-03-01,48608.0,47267.00752986126,5,selected_padd_models,holdout,0
2025-05-01,2025-04-01,49527.0,48357.60996272439,5,selected_padd_models,holdout,0
2025-06-01,2025-05-01,46992.0,49352.923882747426,5,selected_padd_models,holdout,0
2025-07-01,2025-06-01,44737.0,45914.302260757104,5,selected_padd_models,holdout,0
2025-08-01,2025-07-01,46079.0,44958.590142240406,5,selected_padd_models,holdout,0
2025-09-01,2025-08-01,45411.0,47592.25420283223,5,selected_padd_models,holdout,0
2025-10-01,2025-09-01,48782.0,47186.22078455781,5,selected_padd_models,holdout,0
2025-11-01,2025-10-01,45934.0,47770.40714217687,5,selected_padd_models,holdout,0
2025-12-01,2025-11-01,46424.0,44322.87837127039,5,selected_padd_models,holdout,0
2026-01-01,2025-12-01,44359.0,47820.24220518993,5,selected_padd_models,holdout,0
2026-02-01,2026-01-01,43997.0,48116.046897493776,5,selected_padd_models,holdout,0
2026-03-01,2026-02-01,44981.0,45802.36718088862,5,selected_padd_models,holdout,0
2026-04-01,2026-03-01,46089.0,46602.66165545369,5,selected_padd_models,holdout,0
2026-05-01,2026-04-01,47371.0,44967.29486198332,5,selected_padd_models,holdout,0
2026-06-01,2026-05-01,40752.0,48111.17750987172,5,selected_padd_models,holdout,0
2014-07-01,2014-06-01,9805.0,11440.0,1,deployed_policy,cv,1
2014-08-01,2014-07-01,10256.0,10231.8,1,deployed_policy,cv,1
2014-09-01,2014-08-01,10049.0,9998.0,1,deployed_policy,cv,1
2014-10-01,2014-09-01,12030.0,9599.6,1,deployed_policy,cv,1
2014-11-01,2014-10-01,12754.0,11777.0,1,deployed_policy,cv,1
2014-12-01,2014-11-01,14890.0,12177.4,1,deployed_policy,cv,1
2015-01-01,2014-12-01,14787.0,16027.2,1,deployed_policy,cv,1
2015-02-01,2015-01-01,15115.0,14816.4,1,deployed_policy,cv,1
2015-03-01,2015-02-01,15064.0,15886.2,1,deployed_policy,cv,1
2015-04-01,2015-03-01,14823.0,14759.0,1,deployed_policy,cv,1
2015-05-01,2015-04-01,16615.0,14980.2,1,deployed_policy,cv,1
2015-06-01,2015-05-01,15455.0,15839.0,1,deployed_policy,cv,1
2015-07-01,2015-06-01,14161.0,15283.6,1,deployed_policy,cv,2
2015-08-01,2015-07-01,13910.0,14198.2,1,deployed_policy,cv,2
2015-09-01,2015-08-01,14637.0,13468.0,1,deployed_policy,cv,2
2015-10-01,2015-09-01,15795.0,15081.4,1,deployed_policy,cv,2
2015-11-01,2015-10-01,14984.0,15905.8,1,deployed_policy,cv,2
2015-12-01,2015-11-01,16151.0,14443.0,1,deployed_policy,cv,2
2016-01-01,2015-12-01,18005.0,16983.4,1,deployed_policy,cv,2
2016-02-01,2016-01-01,20742.0,18614.6,1,deployed_policy,cv,2
2016-03-01,2016-02-01,19278.0,21108.6,1,deployed_policy,cv,2
2016-04-01,2016-03-01,22080.0,19461.0,1,deployed_policy,cv,2
2016-05-01,2016-04-01,19368.0,22416.4,1,deployed_policy,cv,2
2016-06-01,2016-05-01,18229.0,18320.2,1,deployed_policy,cv,2
2016-07-01,2016-06-01,19348.0,17845.4,1,deployed_policy,cv,3
2016-08-01,2016-07-01,19605.0,19760.6,1,deployed_policy,cv,3
2016-09-01,2016-08-01,16292.0,19104.4,1,deployed_policy,cv,3
2016-10-01,2016-09-01,19574.0,16891.0,1,deployed_policy,cv,3
2016-11-01,2016-10-01,15731.0,19801.4,1,deployed_policy,cv,3
2016-12-01,2016-11-01,13812.0,15520.6,1,deployed_policy,cv,3
2017-01-01,2016-12-01,17923.0,14679.4,1,deployed_policy,cv,3
2017-02-01,2017-01-01,16550.0,19110.2,1,deployed_policy,cv,3
2017-03-01,2017-02-01,18812.0,16461.0,1,deployed_policy,cv,3
2017-04-01,2017-03-01,17348.0,19292.6,1,deployed_policy,cv,3
2017-05-01,2017-04-01,16805.0,17178.0,1,deployed_policy,cv,3
2017-06-01,2017-05-01,15773.0,15683.6,1,deployed_policy,cv,3
2017-07-01,2017-06-01,16155.0,15527.8,1,deployed_policy,cv,4
2017-08-01,2017-07-01,17334.0,16574.6,1,deployed_policy,cv,4
2017-09-01,2017-08-01,11969.0,16446.8,1,deployed_policy,cv,4
2017-10-01,2017-09-01,13740.0,13353.2,1,deployed_policy,cv,4
2017-11-01,2017-10-01,13016.0,13136.4,1,deployed_policy,cv,4
2017-12-01,2017-11-01,11479.0,12597.0,1,deployed_policy,cv,4
2018-01-01,2017-12-01,13729.0,13042.6,1,deployed_policy,cv,4
2018-02-01,2018-01-01,12392.0,14464.6,1,deployed_policy,cv,4
2018-03-01,2018-02-01,12309.0,12571.4,1,deployed_policy,cv,4
2018-04-01,2018-03-01,15788.0,12758.0,1,deployed_policy,cv,4
2018-05-01,2018-04-01,14913.0,15611.2,1,deployed_policy,cv,4
2018-06-01,2018-05-01,16070.0,13779.0,1,deployed_policy,cv,4
2018-07-01,2018-06-01,11942.0,15802.8,1,deployed_policy,cv,5
2018-08-01,2018-07-01,11359.0,12467.2,1,deployed_policy,cv,5
2018-09-01,2018-08-01,12259.0,9474.4,1,deployed_policy,cv,5
2018-10-01,2018-09-01,10961.0,14091.6,1,deployed_policy,cv,5
2018-11-01,2018-10-01,12290.0,9949.2,1,deployed_policy,cv,5
2018-12-01,2018-11-01,11655.0,12140.8,1,deployed_policy,cv,5
2019-01-01,2018-12-01,13175.0,13265.2,1,deployed_policy,cv,5
2019-02-01,2019-01-01,11704.0,13337.6,1,deployed_policy,cv,5
2019-03-01,2019-02-01,13873.0,11907.0,1,deployed_policy,cv,5
2019-04-01,2019-03-01,12654.0,15070.0,1,deployed_policy,cv,5
2019-05-01,2019-04-01,15125.0,12495.2,1,deployed_policy,cv,5
2019-06-01,2019-05-01,14786.0,14288.6,1,deployed_policy,cv,5
2019-07-01,2019-06-01,10651.0,13595.2,1,deployed_policy,cv,6
2019-08-01,2019-07-01,10412.0,10861.6,1,deployed_policy,cv,6
2019-09-01,2019-08-01,9779.0,8960.4,1,deployed_policy,cv,6
2019-10-01,2019-09-01,10744.0,11157.8,1,deployed_policy,cv,6
2019-11-01,2019-10-01,10698.0,10079.0,1,deployed_policy,cv,6
2019-12-01,2019-11-01,9646.0,10540.4,1,deployed_policy,cv,6
2020-01-01,2019-12-01,9729.0,11572.4,1,deployed_policy,cv,6
2020-02-01,2020-01-01,10374.0,9505.8,1,deployed_policy,cv,6
2020-03-01,2020-02-01,11369.0,10940.6,1,deployed_policy,cv,6
2020-04-01,2020-03-01,11968.0,12040.4,1,deployed_policy,cv,6
2020-05-01,2020-04-01,12820.0,11994.6,1,deployed_policy,cv,6
2020-06-01,2020-05-01,12539.0,12317.4,1,deployed_policy,cv,6
2020-07-01,2020-06-01,11454.0,10927.8,1,deployed_policy,cv,7
2020-08-01,2020-07-01,12065.0,11526.6,1,deployed_policy,cv,7
2020-09-01,2020-08-01,11148.0,10528.2,1,deployed_policy,cv,7
2020-10-01,2020-09-01,10510.0,12323.6,1,deployed_policy,cv,7
2020-11-01,2020-10-01,9916.0,9691.0,1,deployed_policy,cv,7
2020-12-01,2020-11-01,9876.0,9120.8,1,deployed_policy,cv,7
2021-01-01,2020-12-01,9925.0,11839.6,1,deployed_policy,cv,7
2021-02-01,2021-01-01,7396.0,9765.2,1,deployed_policy,cv,7
2021-03-01,2021-02-01,8357.0,8171.8,1,deployed_policy,cv,7
2021-04-01,2021-03-01,8739.0,9196.4,1,deployed_policy,cv,7
2021-05-01,2021-04-01,8347.0,8577.6,1,deployed_policy,cv,7
2021-06-01,2021-05-01,7753.0,8020.2,1,deployed_policy,cv,7
2021-07-01,2021-06-01,8102.0,6183.6,1,deployed_policy,cv,8
2021-08-01,2021-07-01,8501.0,8347.0,1,deployed_policy,cv,8
2021-09-01,2021-08-01,7728.0,6635.4,1,deployed_policy,cv,8
2021-10-01,2021-09-01,7439.0,8544.4,1,deployed_policy,cv,8
2021-11-01,2021-10-01,7418.0,6663.4,1,deployed_policy,cv,8
2021-12-01,2021-11-01,7395.0,6381.4,1,deployed_policy,cv,8
2022-01-01,2021-12-01,7035.0,8997.6,1,deployed_policy,cv,8
2022-02-01,2022-01-01,7823.0,5822.0,1,deployed_policy,cv,8
2022-03-01,2022-02-01,6984.0,9083.8,1,deployed_policy,cv,8
2022-04-01,2022-03-01,7739.0,7339.4,1,deployed_policy,cv,8
2022-05-01,2022-04-01,7120.0,8041.6,1,deployed_policy,cv,8
2022-06-01,2022-05-01,8711.0,6902.2,1,deployed_policy,cv,8
2022-07-01,2022-06-01,7451.0,6987.6,1,deployed_policy,cv,9
2022-08-01,2022-07-01,7044.0,7724.4,1,deployed_policy,cv,9
2022-09-01,2022-08-01,7597.0,5686.4,1,deployed_policy,cv,9
2022-10-01,2022-09-01,8411.0,7699.2,1,deployed_policy,cv,9
2022-11-01,2022-10-01,7340.0,8399.8,1,deployed_policy,cv,9
2022-12-01,2022-11-01,7612.0,6682.6,1,deployed_policy,cv,9
2023-01-01,2022-12-01,7164.0,8320.4,1,deployed_policy,cv,9
2023-02-01,2023-01-01,7617.0,6383.2,1,deployed_policy,cv,9
2023-03-01,2023-02-01,7033.0,8257.6,1,deployed_policy,cv,9
2023-04-01,2023-03-01,8147.0,7832.2,1,deployed_policy,cv,9
2023-05-01,2023-04-01,7900.0,8434.4,1,deployed_policy,cv,9
2023-06-01,2023-05-01,7493.0,8206.8,1,deployed_policy,cv,9
2023-07-01,2023-06-01,7796.0,5441.2,1,deployed_policy,cv,10
2023-08-01,2023-07-01,6905.0,7752.2,1,deployed_policy,cv,10
2023-09-01,2023-08-01,7540.0,6731.0,1,deployed_policy,cv,10
2023-10-01,2023-09-01,8621.0,7450.8,1,deployed_policy,cv,10
2023-11-01,2023-10-01,8518.0,8540.4,1,deployed_policy,cv,10
2023-12-01,2023-11-01,7201.0,8222.4,1,deployed_policy,cv,10
2024-01-01,2023-12-01,8093.0,7369.8,1,deployed_policy,cv,10
2024-02-01,2024-01-01,8615.0,7670.2,1,deployed_policy,cv,10
2024-03-01,2024-02-01,8824.0,9155.4,1,deployed_policy,cv,10
2024-04-01,2024-03-01,8943.0,9150.2,1,deployed_policy,cv,10
2024-05-01,2024-04-01,7981.0,9356.0,1,deployed_policy,cv,10
2024-06-01,2024-05-01,7754.0,7975.0,1,deployed_policy,cv,10
2024-07-01,2024-06-01,8245.0,6588.4,1,deployed_policy,holdout,0
2024-08-01,2024-07-01,7460.0,8139.6,1,deployed_policy,holdout,0
2024-09-01,2024-08-01,7911.0,7233.0,1,deployed_policy,holdout,0
2024-10-01,2024-09-01,7822.0,8297.6,1,deployed_policy,holdout,0
2024-11-01,2024-10-01,8416.0,7455.0,1,deployed_policy,holdout,0
2024-12-01,2024-11-01,7872.0,7984.0,1,deployed_policy,holdout,0
2025-01-01,2024-12-01,8666.0,7915.2,1,deployed_policy,holdout,0
2025-02-01,2025-01-01,8068.0,8641.8,1,deployed_policy,holdout,0
2025-03-01,2025-02-01,7651.0,8216.4,1,deployed_policy,holdout,0
2025-04-01,2025-03-01,8110.0,8244.8,1,deployed_policy,holdout,0
2025-05-01,2025-04-01,8824.0,7836.4,1,deployed_policy,holdout,0
2025-06-01,2025-05-01,9739.0,8840.4,1,deployed_policy,holdout,0
2025-07-01,2025-06-01,8439.0,9498.6,1,deployed_policy,holdout,0
2025-08-01,2025-07-01,7752.0,8224.4,1,deployed_policy,holdout,0
2025-09-01,2025-08-01,7395.0,7741.8,1,deployed_policy,holdout,0
2025-10-01,2025-09-01,7832.0,7570.8,1,deployed_policy,holdout,0
2025-11-01,2025-10-01,8383.0,7593.0,1,deployed_policy,holdout,0
2025-12-01,2025-11-01,6591.0,8052.6,1,deployed_policy,holdout,0
2026-01-01,2025-12-01,6482.0,6776.4,1,deployed_policy,holdout,0
2026-02-01,2026-01-01,8564.0,6209.2,1,deployed_policy,holdout,0
2026-03-01,2026-02-01,8537.0,8430.0,1,deployed_policy,holdout,0
2026-04-01,2026-03-01,8832.0,9102.8,1,deployed_policy,holdout,0
2026-05-01,2026-04-01,8707.0,8530.8,1,deployed_policy,holdout,0
2026-06-01,2026-05-01,9139.0,8962.6,1,deployed_policy,holdout,0
2014-07-01,2014-06-01,81491.0,82970.6,2,deployed_policy,cv,1
2014-08-01,2014-07-01,82048.0,79277.2,2,deployed_policy,cv,1
2014-09-01,2014-08-01,86512.0,80913.2,2,deployed_policy,cv,1
2014-10-01,2014-09-01,93374.0,86825.2,2,deployed_policy,cv,1
2014-11-01,2014-10-01,98813.0,96328.4,2,deployed_policy,cv,1
2014-12-01,2014-11-01,104555.0,101801.8,2,deployed_policy,cv,1
2015-01-01,2014-12-01,116913.0,105034.8,2,deployed_policy,cv,1
2015-02-01,2015-01-01,126655.0,116098.0,2,deployed_policy,cv,1
2015-03-01,2015-02-01,139376.0,128804.0,2,deployed_policy,cv,1
2015-04-01,2015-03-01,139444.0,139484.4,2,deployed_policy,cv,1
2015-05-01,2015-04-01,135599.0,139964.2,2,deployed_policy,cv,1
2015-06-01,2015-05-01,133942.0,134261.0,2,deployed_policy,cv,1
2015-07-01,2015-06-01,133792.0,129591.8,2,deployed_policy,cv,2
2015-08-01,2015-07-01,135307.0,132406.6,2,deployed_policy,cv,2
2015-09-01,2015-08-01,127240.0,135758.2,2,deployed_policy,cv,2
2015-10-01,2015-09-01,132906.0,128894.2,2,deployed_policy,cv,2
2015-11-01,2015-10-01,142507.0,135165.4,2,deployed_policy,cv,2
2015-12-01,2015-11-01,144504.0,146110.8,2,deployed_policy,cv,2
2016-01-01,2015-12-01,145942.0,148396.2,2,deployed_policy,cv,2
2016-02-01,2016-01-01,148304.0,147501.2,2,deployed_policy,cv,2
2016-03-01,2016-02-01,150319.0,152228.4,2,deployed_policy,cv,2
2016-04-01,2016-03-01,153620.0,149172.8,2,deployed_policy,cv,2
2016-05-01,2016-04-01,151708.0,152864.6,2,deployed_policy,cv,2
2016-06-01,2016-05-01,145355.0,149884.0,2,deployed_policy,cv,2
2016-07-01,2016-06-01,147655.0,140668.0,2,deployed_policy,cv,3
2016-08-01,2016-07-01,148120.0,147276.4,2,deployed_policy,cv,3
2016-09-01,2016-08-01,143651.0,147249.4,2,deployed_policy,cv,3
2016-10-01,2016-09-01,141439.0,146800.2,2,deployed_policy,cv,3
2016-11-01,2016-10-01,149205.0,145314.4,2,deployed_policy,cv,3
2016-12-01,2016-11-01,151751.0,152008.6,2,deployed_policy,cv,3
2017-01-01,2016-12-01,150558.0,155849.8,2,deployed_policy,cv,3
2017-02-01,2017-01-01,152242.0,151738.8,2,deployed_policy,cv,3
2017-03-01,2017-02-01,156144.0,156104.2,2,deployed_policy,cv,3
2017-04-01,2017-03-01,159074.0,156026.0,2,deployed_policy,cv,3
2017-05-01,2017-04-01,157036.0,158411.2,2,deployed_policy,cv,3
2017-06-01,2017-05-01,149105.0,154518.6,2,deployed_policy,cv,3
2017-07-01,2017-06-01,144641.0,145467.0,2,deployed_policy,cv,4
2017-08-01,2017-07-01,140560.0,144330.8,2,deployed_policy,cv,4
2017-09-01,2017-08-01,149558.0,139555.6,2,deployed_policy,cv,4
2017-10-01,2017-09-01,153828.0,152205.6,2,deployed_policy,cv,4
2017-11-01,2017-10-01,142790.0,159239.2,2,deployed_policy,cv,4
2017-12-01,2017-11-01,132031.0,146099.4,2,deployed_policy,cv,4
2018-01-01,2017-12-01,118434.0,135541.6,2,deployed_policy,cv,4
2018-02-01,2018-01-01,111232.0,119183.0,2,deployed_policy,cv,4
2018-03-01,2018-02-01,122305.0,114996.6,2,deployed_policy,cv,4
2018-04-01,2018-03-01,125576.0,122064.8,2,deployed_policy,cv,4
2018-05-01,2018-04-01,123718.0,123754.4,2,deployed_policy,cv,4
2018-06-01,2018-05-01,112849.0,119687.8,2,deployed_policy,cv,4
2018-07-01,2018-06-01,107744.0,109328.4,2,deployed_policy,cv,5
2018-08-01,2018-07-01,111093.0,106904.8,2,deployed_policy,cv,5
2018-09-01,2018-08-01,113024.0,111352.4,2,deployed_policy,cv,5
2018-10-01,2018-09-01,124368.0,116834.4,2,deployed_policy,cv,5
2018-11-01,2018-10-01,129427.0,126908.4,2,deployed_policy,cv,5
2018-12-01,2018-11-01,132102.0,129332.2,2,deployed_policy,cv,5
2019-01-01,2018-12-01,133648.0,132054.4,2,deployed_policy,cv,5
2019-02-01,2019-01-01,138140.0,133404.8,2,deployed_policy,cv,5
2019-03-01,2019-02-01,138437.0,143574.4,2,deployed_policy,cv,5
2019-04-01,2019-03-01,137310.0,139087.0,2,deployed_policy,cv,5
2019-05-01,2019-04-01,143617.0,134927.0,2,deployed_policy,cv,5
2019-06-01,2019-05-01,142220.0,138051.8,2,deployed_policy,cv,5
2019-07-01,2019-06-01,134881.0,139873.4,2,deployed_policy,cv,6
2019-08-01,2019-07-01,125698.0,135242.0,2,deployed_policy,cv,6
2019-09-01,2019-08-01,128143.0,126269.4,2,deployed_policy,cv,6
2019-10-01,2019-09-01,134781.0,133329.0,2,deployed_policy,cv,6
2019-11-01,2019-10-01,130126.0,138146.4,2,deployed_policy,cv,6
2019-12-01,2019-11-01,126547.0,130566.2,2,deployed_policy,cv,6
2020-01-01,2019-12-01,127714.0,126657.4,2,deployed_policy,cv,6
2020-02-01,2020-01-01,126836.0,129929.6,2,deployed_policy,cv,6
2020-03-01,2020-02-01,139824.0,132837.6,2,deployed_policy,cv,6
2020-04-01,2020-03-01,156466.0,141512.6,2,deployed_policy,cv,6
2020-05-01,2020-04-01,140663.0,155796.8,2,deployed_policy,cv,6
2020-06-01,2020-05-01,136483.0,135021.6,2,deployed_policy,cv,6
2020-07-01,2020-06-01,140336.0,133531.4,2,deployed_policy,cv,7
2020-08-01,2020-07-01,140141.0,138749.0,2,deployed_policy,cv,7
2020-09-01,2020-08-01,140970.0,140308.6,2,deployed_policy,cv,7
2020-10-01,2020-09-01,146472.0,146111.2,2,deployed_policy,cv,7
2020-11-01,2020-10-01,148412.0,147818.6,2,deployed_policy,cv,7
2020-12-01,2020-11-01,147225.0,146988.0,2,deployed_policy,cv,7
2021-01-01,2020-12-01,136136.0,145097.2,2,deployed_policy,cv,7
2021-02-01,2021-01-01,134483.0,136227.6,2,deployed_policy,cv,7
2021-03-01,2021-02-01,127473.0,140538.0,2,deployed_policy,cv,7
2021-04-01,2021-03-01,133881.0,132476.4,2,deployed_policy,cv,7
2021-05-01,2021-04-01,134056.0,130820.2,2,deployed_policy,cv,7
2021-06-01,2021-05-01,124235.0,127910.0,2,deployed_policy,cv,7
2021-07-01,2021-06-01,119009.0,122084.0,2,deployed_policy,cv,8
2021-08-01,2021-07-01,116402.0,117080.0,2,deployed_policy,cv,8
2021-09-01,2021-08-01,113164.0,118348.8,2,deployed_policy,cv,8
2021-10-01,2021-09-01,108697.0,118272.4,2,deployed_policy,cv,8
2021-11-01,2021-10-01,114800.0,108511.4,2,deployed_policy,cv,8
2021-12-01,2021-11-01,117519.0,112739.2,2,deployed_policy,cv,8
2022-01-01,2021-12-01,110478.0,112885.8,2,deployed_policy,cv,8
2022-02-01,2022-01-01,102418.0,109766.6,2,deployed_policy,cv,8
2022-03-01,2022-02-01,106991.0,106668.0,2,deployed_policy,cv,8
2022-04-01,2022-03-01,105393.0,112615.8,2,deployed_policy,cv,8
2022-05-01,2022-04-01,103433.0,102749.6,2,deployed_policy,cv,8
2022-06-01,2022-05-01,103711.0,96593.4,2,deployed_policy,cv,8
2022-07-01,2022-06-01,108992.0,100054.8,2,deployed_policy,cv,9
2022-08-01,2022-07-01,106416.0,106448.6,2,deployed_policy,cv,9
2022-09-01,2022-08-01,109108.0,108609.0,2,deployed_policy,cv,9
2022-10-01,2022-09-01,113699.0,113765.4,2,deployed_policy,cv,9
2022-11-01,2022-10-01,106829.0,113180.8,2,deployed_policy,cv,9
2022-12-01,2022-11-01,107006.0,104802.8,2,deployed_policy,cv,9
2023-01-01,2022-12-01,123976.0,101203.2,2,deployed_policy,cv,9
2023-02-01,2023-01-01,127518.0,121315.8,2,deployed_policy,cv,9
2023-03-01,2023-02-01,121224.0,131902.2,2,deployed_policy,cv,9
2023-04-01,2023-03-01,120647.0,125943.2,2,deployed_policy,cv,9
2023-05-01,2023-04-01,125119.0,118019.2,2,deployed_policy,cv,9
2023-06-01,2023-05-01,126189.0,119921.2,2,deployed_policy,cv,9
2023-07-01,2023-06-01,118771.0,124481.8,2,deployed_policy,cv,10
2023-08-01,2023-07-01,109216.0,116528.6,2,deployed_policy,cv,10
2023-09-01,2023-08-01,104432.0,110147.8,2,deployed_policy,cv,10
2023-10-01,2023-09-01,105146.0,109153.6,2,deployed_policy,cv,10
2023-11-01,2023-10-01,110776.0,105461.4,2,deployed_policy,cv,10
2023-12-01,2023-11-01,116557.0,110937.0,2,deployed_policy,cv,10
2024-01-01,2023-12-01,109117.0,116867.6,2,deployed_policy,cv,10
2024-02-01,2024-01-01,117652.0,108605.6,2,deployed_policy,cv,10
2024-03-01,2024-02-01,119599.0,118562.8,2,deployed_policy,cv,10
2024-04-01,2024-03-01,122265.0,123548.6,2,deployed_policy,cv,10
2024-05-01,2024-04-01,116543.0,120903.2,2,deployed_policy,cv,10
2024-06-01,2024-05-01,114321.0,113733.0,2,deployed_policy,cv,10
2024-07-01,2024-06-01,110115.0,112151.2,2,deployed_policy,holdout,0
2024-08-01,2024-07-01,104799.0,105291.8,2,deployed_policy,holdout,0
2024-09-01,2024-08-01,106571.0,104387.8,2,deployed_policy,holdout,0
2024-10-01,2024-09-01,106183.0,109166.6,2,deployed_policy,holdout,0
2024-11-01,2024-10-01,106836.0,106612.6,2,deployed_policy,holdout,0
2024-12-01,2024-11-01,103681.0,107618.2,2,deployed_policy,holdout,0
2025-01-01,2024-12-01,102855.0,102194.4,2,deployed_policy,holdout,0
2025-02-01,2025-01-01,108554.0,103152.2,2,deployed_policy,holdout,0
2025-03-01,2025-02-01,108259.0,109794.8,2,deployed_policy,holdout,0
2025-04-01,2025-03-01,108574.0,112967.2,2,deployed_policy,holdout,0
2025-05-01,2025-04-01,107516.0,104806.4,2,deployed_policy,holdout,0
2025-06-01,2025-05-01,103093.0,104541.0,2,deployed_policy,holdout,0
2025-07-01,2025-06-01,102773.0,101549.8,2,deployed_policy,holdout,0
2025-08-01,2025-07-01,105652.0,98723.2,2,deployed_policy,holdout,0
2025-09-01,2025-08-01,102148.0,105106.2,2,deployed_policy,holdout,0
2025-10-01,2025-09-01,105721.0,103338.4,2,deployed_policy,holdout,0
2025-11-01,2025-10-01,102571.0,107212.2,2,deployed_policy,holdout,0
2025-12-01,2025-11-01,105627.0,103438.0,2,deployed_policy,holdout,0
2026-01-01,2025-12-01,107268.0,103741.8,2,deployed_policy,holdout,0
2026-02-01,2026-01-01,108017.0,108880.6,2,deployed_policy,holdout,0
2026-03-01,2026-02-01,114145.0,106601.2,2,deployed_policy,holdout,0
2026-04-01,2026-03-01,110594.0,115587.8,2,deployed_policy,holdout,0
2026-05-01,2026-04-01,100616.0,109775.4,2,deployed_policy,holdout,0
2026-06-01,2026-05-01,98619.0,97592.4,2,deployed_policy,holdout,0
2014-07-01,2014-06-01,867623.0,870527.8,3,deployed_policy,cv,1
2014-08-01,2014-07-01,863183.0,861254.0,3,deployed_policy,cv,1
2014-09-01,2014-08-01,856901.0,863607.6,3,deployed_policy,cv,1
2014-10-01,2014-09-01,866769.0,859572.8,3,deployed_policy,cv,1
2014-11-01,2014-10-01,868014.0,860452.0,3,deployed_policy,cv,1
2014-12-01,2014-11-01,867012.0,855079.2,3,deployed_policy,cv,1
2015-01-01,2014-12-01,880450.0,875047.6,3,deployed_policy,cv,1
2015-02-01,2015-01-01,893237.0,885533.6,3,deployed_policy,cv,1
2015-03-01,2015-02-01,902630.0,903497.4,3,deployed_policy,cv,1
2015-04-01,2015-03-01,912245.0,907494.4,3,deployed_policy,cv,1
2015-05-01,2015-04-01,912769.0,910963.6,3,deployed_policy,cv,1
2015-06-01,2015-05-01,909638.0,909313.8,3,deployed_policy,cv,1
2015-07-01,2015-06-01,901436.0,904127.2,3,deployed_policy,cv,2
2015-08-01,2015-07-01,903460.0,895901.8,3,deployed_policy,cv,2
2015-09-01,2015-08-01,913989.0,901820.4,3,deployed_policy,cv,2
2015-10-01,2015-09-01,927812.0,919126.8,3,deployed_policy,cv,2
2015-11-01,2015-10-01,917915.0,922588.6,3,deployed_policy,cv,2
2015-12-01,2015-11-01,909794.0,906437.8,3,deployed_policy,cv,2
2016-01-01,2015-12-01,926164.0,917670.0,3,deployed_policy,cv,2
2016-02-01,2016-01-01,941054.0,932306.6,3,deployed_policy,cv,2
2016-03-01,2016-02-01,954397.0,951575.4,3,deployed_policy,cv,2
2016-04-01,2016-03-01,954850.0,961573.2,3,deployed_policy,cv,2
2016-05-01,2016-04-01,955225.0,955215.2,3,deployed_policy,cv,2
2016-06-01,2016-05-01,953039.0,950139.0,3,deployed_policy,cv,2
2016-07-01,2016-06-01,946026.0,946670.8,3,deployed_policy,cv,3
2016-08-01,2016-07-01,942134.0,939651.2,3,deployed_policy,cv,3
2016-09-01,2016-08-01,934996.0,942336.8,3,deployed_policy,cv,3
2016-10-01,2016-09-01,950199.0,942281.4,3,deployed_policy,cv,3
2016-11-01,2016-10-01,944791.0,945952.2,3,deployed_policy,cv,3
2016-12-01,2016-11-01,939104.0,935202.2,3,deployed_policy,cv,3
2017-01-01,2016-12-01,960380.0,948204.4,3,deployed_policy,cv,3
2017-02-01,2017-01-01,972797.0,970181.0,3,deployed_policy,cv,3
2017-03-01,2017-02-01,974127.0,984318.4,3,deployed_policy,cv,3
2017-04-01,2017-03-01,958981.0,980454.0,3,deployed_policy,cv,3
2017-05-01,2017-04-01,947102.0,959092.2,3,deployed_policy,cv,3
2017-06-01,2017-05-01,938694.0,943219.6,3,deployed_policy,cv,3
2017-07-01,2017-06-01,928830.0,932926.4,3,deployed_policy,cv,4
2017-08-01,2017-07-01,910451.0,925839.2,3,deployed_policy,cv,4
2017-09-01,2017-08-01,912311.0,911787.8,3,deployed_policy,cv,4
2017-10-01,2017-09-01,887682.0,921574.2,3,deployed_policy,cv,4
2017-11-01,2017-10-01,881971.0,883159.2,3,deployed_policy,cv,4
2017-12-01,2017-11-01,867357.0,872346.0,3,deployed_policy,cv,4
2018-01-01,2017-12-01,881098.0,879704.0,3,deployed_policy,cv,4
2018-02-01,2018-01-01,894999.0,893820.6,3,deployed_policy,cv,4
2018-03-01,2018-02-01,883010.0,902779.0,3,deployed_policy,cv,4
2018-04-01,2018-03-01,884390.0,884942.0,3,deployed_policy,cv,4
2018-05-01,2018-04-01,877138.0,881381.6,3,deployed_policy,cv,4
2018-06-01,2018-05-01,873052.0,871369.8,3,deployed_policy,cv,4
2018-07-01,2018-06-01,879521.0,866846.2,3,deployed_policy,cv,5
2018-08-01,2018-07-01,874105.0,874136.6,3,deployed_policy,cv,5
2018-09-01,2018-08-01,880801.0,875474.8,3,deployed_policy,cv,5
2018-10-01,2018-09-01,882042.0,884156.0,3,deployed_policy,cv,5
2018-11-01,2018-10-01,887119.0,876690.4,3,deployed_policy,cv,5
2018-12-01,2018-11-01,881191.0,878321.6,3,deployed_policy,cv,5
2019-01-01,2018-12-01,881131.0,895345.6,3,deployed_policy,cv,5
2019-02-01,2019-01-01,878584.0,894835.2,3,deployed_policy,cv,5
2019-03-01,2019-02-01,883034.0,882989.0,3,deployed_policy,cv,5
2019-04-01,2019-03-01,891193.0,884350.8,3,deployed_policy,cv,5
2019-05-01,2019-04-01,889878.0,886844.8,3,deployed_policy,cv,5
2019-06-01,2019-05-01,878690.0,885100.4,3,deployed_policy,cv,5
2019-07-01,2019-06-01,871011.0,873524.0,3,deployed_policy,cv,6
2019-08-01,2019-07-01,872940.0,864990.4,3,deployed_policy,cv,6
2019-09-01,2019-08-01,865421.0,874073.0,3,deployed_policy,cv,6
2019-10-01,2019-09-01,864734.0,868522.2,3,deployed_policy,cv,6
2019-11-01,2019-10-01,863236.0,861795.2,3,deployed_policy,cv,6
2019-12-01,2019-11-01,854758.0,856165.6,3,deployed_policy,cv,6
2020-01-01,2019-12-01,862880.0,867711.0,3,deployed_policy,cv,6
2020-02-01,2020-01-01,876756.0,873169.6,3,deployed_policy,cv,6
2020-03-01,2020-02-01,886386.0,880061.4,3,deployed_policy,cv,6
2020-04-01,2020-03-01,916045.0,887278.2,3,deployed_policy,cv,6
2020-05-01,2020-04-01,934148.0,912135.6,3,deployed_policy,cv,6
2020-06-01,2020-05-01,956570.0,928348.2,3,deployed_policy,cv,6
2020-07-01,2020-06-01,944808.0,951312.2,3,deployed_policy,cv,7
2020-08-01,2020-07-01,920344.0,940061.2,3,deployed_policy,cv,7
2020-09-01,2020-08-01,912855.0,921229.6,3,deployed_policy,cv,7
2020-10-01,2020-09-01,900201.0,913845.2,3,deployed_policy,cv,7
2020-11-01,2020-10-01,909291.0,896713.6,3,deployed_policy,cv,7
2020-12-01,2020-11-01,896960.0,900725.4,3,deployed_policy,cv,7
2021-01-01,2020-12-01,896086.0,908849.8,3,deployed_policy,cv,7
2021-02-01,2021-01-01,915386.0,906593.4,3,deployed_policy,cv,7
2021-03-01,2021-02-01,932466.0,918738.8,3,deployed_policy,cv,7
2021-04-01,2021-03-01,906599.0,937367.0,3,deployed_policy,cv,7
2021-05-01,2021-04-01,888487.0,906205.4,3,deployed_policy,cv,7
2021-06-01,2021-05-01,865066.0,887797.8,3,deployed_policy,cv,7
2021-07-01,2021-06-01,863624.0,859096.2,3,deployed_policy,cv,8
2021-08-01,2021-07-01,847675.0,853579.6,3,deployed_policy,cv,8
2021-09-01,2021-08-01,846108.0,844957.0,3,deployed_policy,cv,8
2021-10-01,2021-09-01,858522.0,841802.8,3,deployed_policy,cv,8
2021-11-01,2021-10-01,839483.0,858832.0,3,deployed_policy,cv,8
2021-12-01,2021-11-01,818876.0,830075.4,3,deployed_policy,cv,8
2022-01-01,2021-12-01,809576.0,827317.0,3,deployed_policy,cv,8
2022-02-01,2022-01-01,803457.0,820965.4,3,deployed_policy,cv,8
2022-03-01,2022-02-01,793798.0,807557.2,3,deployed_policy,cv,8
2022-04-01,2022-03-01,780525.0,793435.0,3,deployed_policy,cv,8
2022-05-01,2022-04-01,755399.0,776434.0,3,deployed_policy,cv,8
2022-06-01,2022-05-01,728278.0,750462.8,3,deployed_policy,cv,8
2022-07-01,2022-06-01,701873.0,723422.4,3,deployed_policy,cv,9
2022-08-01,2022-07-01,680061.0,689417.2,3,deployed_policy,cv,9
2022-09-01,2022-08-01,656779.0,678457.2,3,deployed_policy,cv,9
2022-10-01,2022-09-01,643035.0,651916.0,3,deployed_policy,cv,9
2022-11-01,2022-10-01,617247.0,640618.8,3,deployed_policy,cv,9
2022-12-01,2022-11-01,615091.0,604855.4,3,deployed_policy,cv,9
2023-01-01,2022-12-01,627659.0,617416.8,3,deployed_policy,cv,9
2023-02-01,2023-01-01,634789.0,635341.2,3,deployed_policy,cv,9
2023-03-01,2023-02-01,632979.0,636691.4,3,deployed_policy,cv,9
2023-04-01,2023-03-01,616409.0,632990.6,3,deployed_policy,cv,9
2023-05-01,2023-04-01,604090.0,609668.6,3,deployed_policy,cv,9
2023-06-01,2023-05-01,593587.0,595411.2,3,deployed_policy,cv,9
2023-07-01,2023-06-01,591983.0,585423.2,3,deployed_policy,cv,10
2023-08-01,2023-07-01,582019.0,578840.6,3,deployed_policy,cv,10
2023-09-01,2023-08-01,589125.0,575386.8,3,deployed_policy,cv,10
2023-10-01,2023-09-01,595213.0,586439.0,3,deployed_policy,cv,10
2023-11-01,2023-10-01,599648.0,588781.4,3,deployed_policy,cv,10
2023-12-01,2023-11-01,582167.0,589748.0,3,deployed_policy,cv,10
2024-01-01,2023-12-01,598600.0,584258.2,3,deployed_policy,cv,10
2024-02-01,2024-01-01,608050.0,604928.0,3,deployed_policy,cv,10
2024-03-01,2024-02-01,609462.0,611988.2,3,deployed_policy,cv,10
2024-04-01,2024-03-01,629996.0,605883.6,3,deployed_policy,cv,10
2024-05-01,2024-04-01,629892.0,622242.2,3,deployed_policy,cv,10
2024-06-01,2024-05-01,624154.0,619929.8,3,deployed_policy,cv,10
2024-07-01,2024-06-01,613406.0,614375.6,3,deployed_policy,holdout,0
2024-08-01,2024-07-01,614415.0,599354.0,3,deployed_policy,holdout,0
2024-09-01,2024-08-01,616735.0,607864.8,3,deployed_policy,holdout,0
2024-10-01,2024-09-01,628939.0,615018.4,3,deployed_policy,holdout,0
2024-11-01,2024-10-01,624167.0,622379.0,3,deployed_policy,holdout,0
2024-12-01,2024-11-01,621631.0,611956.4,3,deployed_policy,holdout,0
2025-01-01,2024-12-01,629823.0,627020.8,3,deployed_policy,holdout,0
2025-02-01,2025-01-01,636670.0,638550.4,3,deployed_policy,holdout,0
2025-03-01,2025-02-01,642968.0,640000.6,3,deployed_policy,holdout,0
2025-04-01,2025-03-01,644458.0,641864.6,3,deployed_policy,holdout,0
2025-05-01,2025-04-01,642395.0,636946.4,3,deployed_policy,holdout,0
2025-06-01,2025-05-01,633430.0,633522.8,3,deployed_policy,holdout,0
2025-07-01,2025-06-01,644270.0,623037.8,3,deployed_policy,holdout,0
2025-08-01,2025-07-01,640338.0,630034.0,3,deployed_policy,holdout,0
2025-09-01,2025-08-01,637211.0,635755.6,3,deployed_policy,holdout,0
2025-10-01,2025-09-01,644610.0,638072.6,3,deployed_policy,holdout,0
2025-11-01,2025-10-01,651793.0,637395.2,3,deployed_policy,holdout,0
2025-12-01,2025-11-01,641399.0,640770.8,3,deployed_policy,holdout,0
2026-01-01,2025-12-01,639513.0,646802.8,3,deployed_policy,holdout,0
2026-02-01,2026-01-01,665153.0,646834.6,3,deployed_policy,holdout,0
2026-03-01,2026-02-01,675361.0,667817.2,3,deployed_policy,holdout,0
2026-04-01,2026-03-01,653282.0,668623.8,3,deployed_policy,holdout,0
2026-05-01,2026-04-01,599784.0,641737.2,3,deployed_policy,holdout,0
2026-06-01,2026-05-01,555461.0,584634.4,3,deployed_policy,holdout,0
2014-07-01,2014-06-01,16906.0,16638.6,4,deployed_policy,cv,1
2014-08-01,2014-07-01,16470.0,17102.4,4,deployed_policy,cv,1
2014-09-01,2014-08-01,15792.0,16869.0,4,deployed_policy,cv,1
2014-10-01,2014-09-01,16434.0,16210.4,4,deployed_policy,cv,1
2014-11-01,2014-10-01,16050.0,16304.8,4,deployed_policy,cv,1
2014-12-01,2014-11-01,16412.0,15709.8,4,deployed_policy,cv,1
2015-01-01,2014-12-01,17304.0,17104.8,4,deployed_policy,cv,1
2015-02-01,2015-01-01,17595.0,17344.6,4,deployed_policy,cv,1
2015-03-01,2015-02-01,19977.0,17508.2,4,deployed_policy,cv,1
2015-04-01,2015-03-01,20717.0,20343.0,4,deployed_policy,cv,1
2015-05-01,2015-04-01,18960.0,20594.4,4,deployed_policy,cv,1
2015-06-01,2015-05-01,18599.0,18211.6,4,deployed_policy,cv,1
2015-07-01,2015-06-01,18948.0,18414.4,4,deployed_policy,cv,2
2015-08-01,2015-07-01,18041.0,19150.8,4,deployed_policy,cv,2
2015-09-01,2015-08-01,18428.0,18354.0,4,deployed_policy,cv,2
2015-10-01,2015-09-01,19229.0,18914.4,4,deployed_policy,cv,2
2015-11-01,2015-10-01,19611.0,18970.0,4,deployed_policy,cv,2
2015-12-01,2015-11-01,19746.0,19473.4,4,deployed_policy,cv,2
2016-01-01,2015-12-01,20688.0,20621.6,4,deployed_policy,cv,2
2016-02-01,2016-01-01,20769.0,20869.4,4,deployed_policy,cv,2
2016-03-01,2016-02-01,21354.0,20906.6,4,deployed_policy,cv,2
2016-04-01,2016-03-01,22094.0,21702.0,4,deployed_policy,cv,2
2016-05-01,2016-04-01,21160.0,21461.4,4,deployed_policy,cv,2
2016-06-01,2016-05-01,20849.0,20607.2,4,deployed_policy,cv,2
2016-07-01,2016-06-01,20925.0,20879.2,4,deployed_policy,cv,3
2016-08-01,2016-07-01,21737.0,20864.6,4,deployed_policy,cv,3
2016-09-01,2016-08-01,21705.0,22222.2,4,deployed_policy,cv,3
2016-10-01,2016-09-01,24299.0,22221.4,4,deployed_policy,cv,3
2016-11-01,2016-10-01,23970.0,24092.6,4,deployed_policy,cv,3
2016-12-01,2016-11-01,23332.0,23999.8,4,deployed_policy,cv,3
2017-01-01,2016-12-01,23208.0,24348.4,4,deployed_policy,cv,3
2017-02-01,2017-01-01,24658.0,23434.0,4,deployed_policy,cv,3
2017-03-01,2017-02-01,25831.0,25105.0,4,deployed_policy,cv,3
2017-04-01,2017-03-01,24922.0,26163.0,4,deployed_policy,cv,3
2017-05-01,2017-04-01,23830.0,24267.4,4,deployed_policy,cv,3
2017-06-01,2017-05-01,22902.0,23286.6,4,deployed_policy,cv,3
2017-07-01,2017-06-01,21810.0,22903.2,4,deployed_policy,cv,4
2017-08-01,2017-07-01,21958.0,21834.6,4,deployed_policy,cv,4
2017-09-01,2017-08-01,21053.0,22141.6,4,deployed_policy,cv,4
2017-10-01,2017-09-01,20934.0,22189.6,4,deployed_policy,cv,4
2017-11-01,2017-10-01,22659.0,20817.8,4,deployed_policy,cv,4
2017-12-01,2017-11-01,22502.0,22532.4,4,deployed_policy,cv,4
2018-01-01,2017-12-01,21769.0,23153.8,4,deployed_policy,cv,4
2018-02-01,2018-01-01,21673.0,22356.8,4,deployed_policy,cv,4
2018-03-01,2018-02-01,23148.0,22395.0,4,deployed_policy,cv,4
2018-04-01,2018-03-01,23739.0,23163.6,4,deployed_policy,cv,4
2018-05-01,2018-04-01,23830.0,22835.2,4,deployed_policy,cv,4
2018-06-01,2018-05-01,22056.0,23342.8,4,deployed_policy,cv,4
2018-07-01,2018-06-01,21418.0,21939.6,4,deployed_policy,cv,5
2018-08-01,2018-07-01,22309.0,21562.6,4,deployed_policy,cv,5
2018-09-01,2018-08-01,21523.0,22035.4,4,deployed_policy,cv,5
2018-10-01,2018-09-01,22068.0,22479.2,4,deployed_policy,cv,5
2018-11-01,2018-10-01,23711.0,22266.4,4,deployed_policy,cv,5
2018-12-01,2018-11-01,21540.0,23707.6,4,deployed_policy,cv,5
2019-01-01,2018-12-01,20798.0,21799.8,4,deployed_policy,cv,5
2019-02-01,2019-01-01,20715.0,21313.6,4,deployed_policy,cv,5
2019-03-01,2019-02-01,22905.0,21881.8,4,deployed_policy,cv,5
2019-04-01,2019-03-01,24151.0,23110.2,4,deployed_policy,cv,5
2019-05-01,2019-04-01,25317.0,23321.8,4,deployed_policy,cv,5
2019-06-01,2019-05-01,21857.0,24633.0,4,deployed_policy,cv,5
2019-07-01,2019-06-01,20832.0,21593.8,4,deployed_policy,cv,6
2019-08-01,2019-07-01,20542.0,20933.6,4,deployed_policy,cv,6
2019-09-01,2019-08-01,20850.0,20139.2,4,deployed_policy,cv,6
2019-10-01,2019-09-01,23255.0,21742.6,4,deployed_policy,cv,6
2019-11-01,2019-10-01,24381.0,23862.4,4,deployed_policy,cv,6
2019-12-01,2019-11-01,23890.0,23887.2,4,deployed_policy,cv,6
2020-01-01,2019-12-01,22824.0,23937.0,4,deployed_policy,cv,6
2020-02-01,2020-01-01,21253.0,23152.6,4,deployed_policy,cv,6
2020-03-01,2020-02-01,23655.0,22814.0,4,deployed_policy,cv,6
2020-04-01,2020-03-01,25662.0,24136.6,4,deployed_policy,cv,6
2020-05-01,2020-04-01,24897.0,25156.8,4,deployed_policy,cv,6
2020-06-01,2020-05-01,26525.0,23530.2,4,deployed_policy,cv,6
2020-07-01,2020-06-01,25529.0,26059.0,4,deployed_policy,cv,7
2020-08-01,2020-07-01,24575.0,25659.8,4,deployed_policy,cv,7
2020-09-01,2020-08-01,23509.0,24369.4,4,deployed_policy,cv,7
2020-10-01,2020-09-01,24222.0,24754.2,4,deployed_policy,cv,7
2020-11-01,2020-10-01,24528.0,25131.4,4,deployed_policy,cv,7
2020-12-01,2020-11-01,24398.0,23863.6,4,deployed_policy,cv,7
2021-01-01,2020-12-01,24949.0,24053.4,4,deployed_policy,cv,7
2021-02-01,2021-01-01,22852.0,24905.2,4,deployed_policy,cv,7
2021-03-01,2021-02-01,23617.0,24417.0,4,deployed_policy,cv,7
2021-04-01,2021-03-01,25326.0,24352.0,4,deployed_policy,cv,7
2021-05-01,2021-04-01,25379.0,25019.2,4,deployed_policy,cv,7
2021-06-01,2021-05-01,24512.0,24410.0,4,deployed_policy,cv,7
2021-07-01,2021-06-01,24171.0,23777.0,4,deployed_policy,cv,8
2021-08-01,2021-07-01,23904.0,24292.4,4,deployed_policy,cv,8
2021-09-01,2021-08-01,23216.0,23407.8,4,deployed_policy,cv,8
2021-10-01,2021-09-01,23663.0,24443.6,4,deployed_policy,cv,8
2021-11-01,2021-10-01,24529.0,24557.2,4,deployed_policy,cv,8
2021-12-01,2021-11-01,24328.0,23811.6,4,deployed_policy,cv,8
2022-01-01,2021-12-01,23746.0,23905.2,4,deployed_policy,cv,8
2022-02-01,2022-01-01,24060.0,23266.6,4,deployed_policy,cv,8
2022-03-01,2022-02-01,25698.0,25661.0,4,deployed_policy,cv,8
2022-04-01,2022-03-01,23192.0,26626.8,4,deployed_policy,cv,8
2022-05-01,2022-04-01,25732.0,23082.6,4,deployed_policy,cv,8
2022-06-01,2022-05-01,24100.0,24651.8,4,deployed_policy,cv,8
2022-07-01,2022-06-01,23644.0,23281.6,4,deployed_policy,cv,9
2022-08-01,2022-07-01,22754.0,23549.6,4,deployed_policy,cv,9
2022-09-01,2022-08-01,23471.0,22126.6,4,deployed_policy,cv,9
2022-10-01,2022-09-01,23509.0,24269.2,4,deployed_policy,cv,9
2022-11-01,2022-10-01,24902.0,24642.2,4,deployed_policy,cv,9
2022-12-01,2022-11-01,24421.0,24272.0,4,deployed_policy,cv,9
2023-01-01,2022-12-01,23934.0,23906.6,4,deployed_policy,cv,9
2023-02-01,2023-01-01,24737.0,23227.4,4,deployed_policy,cv,9
2023-03-01,2023-02-01,25756.0,26431.0,4,deployed_policy,cv,9
2023-04-01,2023-03-01,25956.0,26365.4,4,deployed_policy,cv,9
2023-05-01,2023-04-01,26155.0,26573.0,4,deployed_policy,cv,9
2023-06-01,2023-05-01,24830.0,24934.0,4,deployed_policy,cv,9
2023-07-01,2023-06-01,24055.0,24138.8,4,deployed_policy,cv,10
2023-08-01,2023-07-01,23585.0,23753.0,4,deployed_policy,cv,10
2023-09-01,2023-08-01,24045.0,23282.0,4,deployed_policy,cv,10
2023-10-01,2023-09-01,23932.0,24874.6,4,deployed_policy,cv,10
2023-11-01,2023-10-01,24684.0,24998.8,4,deployed_policy,cv,10
2023-12-01,2023-11-01,25827.0,23989.2,4,deployed_policy,cv,10
2024-01-01,2023-12-01,24185.0,25361.8,4,deployed_policy,cv,10
2024-02-01,2024-01-01,25631.0,23658.2,4,deployed_policy,cv,10
2024-03-01,2024-02-01,26186.0,27233.8,4,deployed_policy,cv,10
2024-04-01,2024-03-01,24951.0,26717.2,4,deployed_policy,cv,10
2024-05-01,2024-04-01,24254.0,25589.6,4,deployed_policy,cv,10
2024-06-01,2024-05-01,22935.0,23122.8,4,deployed_policy,cv,10
2024-07-01,2024-06-01,22660.0,22216.4,4,deployed_policy,holdout,0
2024-08-01,2024-07-01,22246.0,22085.8,4,deployed_policy,holdout,0
2024-09-01,2024-08-01,22265.0,22192.2,4,deployed_policy,holdout,0
2024-10-01,2024-09-01,22786.0,22963.0,4,deployed_policy,holdout,0
2024-11-01,2024-10-01,23917.0,23674.6,4,deployed_policy,holdout,0
2024-12-01,2024-11-01,24434.0,23885.0,4,deployed_policy,holdout,0
2025-01-01,2024-12-01,24174.0,23788.8,4,deployed_policy,holdout,0
2025-02-01,2025-01-01,24889.0,23953.0,4,deployed_policy,holdout,0
2025-03-01,2025-02-01,24271.0,26164.8,4,deployed_policy,holdout,0
2025-04-01,2025-03-01,24801.0,24306.0,4,deployed_policy,holdout,0
2025-05-01,2025-04-01,24905.0,25067.0,4,deployed_policy,holdout,0
2025-06-01,2025-05-01,23999.0,24202.0,4,deployed_policy,holdout,0
2025-07-01,2025-06-01,22926.0,23430.4,4,deployed_policy,holdout,0
2025-08-01,2025-07-01,22414.0,22327.0,4,deployed_policy,holdout,0
2025-09-01,2025-08-01,22582.0,22302.4,4,deployed_policy,holdout,0
2025-10-01,2025-09-01,23643.0,22903.2,4,deployed_policy,holdout,0
2025-11-01,2025-10-01,24528.0,24532.6,4,deployed_policy,holdout,0
2025-12-01,2025-11-01,24594.0,24697.6,4,deployed_policy,holdout,0
2026-01-01,2025-12-01,23734.0,24110.0,4,deployed_policy,holdout,0
2026-02-01,2026-01-01,24618.0,23970.2,4,deployed_policy,holdout,0
2026-03-01,2026-02-01,25225.0,25289.8,4,deployed_policy,holdout,0
2026-04-01,2026-03-01,25900.0,24964.6,4,deployed_policy,holdout,0
2026-05-01,2026-04-01,24106.0,26339.8,4,deployed_policy,holdout,0
2026-06-01,2026-05-01,22336.0,22896.2,4,deployed_policy,holdout,0
2014-07-01,2014-06-01,53884.0,53292.2,5,deployed_policy,cv,1
2014-08-01,2014-07-01,50091.0,53492.2,5,deployed_policy,cv,1
2014-09-01,2014-08-01,53870.0,50623.8,5,deployed_policy,cv,1
2014-10-01,2014-09-01,54076.0,55581.2,5,deployed_policy,cv,1
2014-11-01,2014-10-01,52061.0,54666.6,5,deployed_policy,cv,1
2014-12-01,2014-11-01,48955.0,49275.4,5,deployed_policy,cv,1
2015-01-01,2014-12-01,50715.0,48825.2,5,deployed_policy,cv,1
2015-02-01,2015-01-01,53664.0,52641.0,5,deployed_policy,cv,1
2015-03-01,2015-02-01,57103.0,54549.0,5,deployed_policy,cv,1
2015-04-01,2015-03-01,56431.0,58127.0,5,deployed_policy,cv,1
2015-05-01,2015-04-01,57363.0,57266.0,5,deployed_policy,cv,1
2015-06-01,2015-05-01,55067.0,56492.8,5,deployed_policy,cv,1
2015-07-01,2015-06-01,51606.0,52052.0,5,deployed_policy,cv,2
2015-08-01,2015-07-01,50265.0,50336.0,5,deployed_policy,cv,2
2015-09-01,2015-08-01,49963.0,51656.8,5,deployed_policy,cv,2
2015-10-01,2015-09-01,54597.0,51351.2,5,deployed_policy,cv,2
2015-11-01,2015-10-01,56100.0,54459.8,5,deployed_policy,cv,2
2015-12-01,2015-11-01,54144.0,54073.8,5,deployed_policy,cv,2
2016-01-01,2015-12-01,56084.0,54760.4,5,deployed_policy,cv,2
2016-02-01,2016-01-01,56398.0,57821.8,5,deployed_policy,cv,2
2016-03-01,2016-02-01,54575.0,57791.0,5,deployed_policy,cv,2
2016-04-01,2016-03-01,51786.0,55136.2,5,deployed_policy,cv,2
2016-05-01,2016-04-01,59504.0,52381.6,5,deployed_policy,cv,2
2016-06-01,2016-05-01,58485.0,58365.2,5,deployed_policy,cv,2
2016-07-01,2016-06-01,54600.0,55705.2,5,deployed_policy,cv,3
2016-08-01,2016-07-01,50172.0,52920.2,5,deployed_policy,cv,3
2016-09-01,2016-08-01,49983.0,50878.2,5,deployed_policy,cv,3
2016-10-01,2016-09-01,50779.0,51850.6,5,deployed_policy,cv,3
2016-11-01,2016-10-01,52121.0,51113.8,5,deployed_policy,cv,3
2016-12-01,2016-11-01,51705.0,51025.4,5,deployed_policy,cv,3
2017-01-01,2016-12-01,49807.0,52948.4,5,deployed_policy,cv,3
2017-02-01,2017-01-01,53997.0,51048.6,5,deployed_policy,cv,3
2017-03-01,2017-02-01,55191.0,54808.2,5,deployed_policy,cv,3
2017-04-01,2017-03-01,52748.0,54994.6,5,deployed_policy,cv,3
2017-05-01,2017-04-01,56513.0,54208.6,5,deployed_policy,cv,3
2017-06-01,2017-05-01,54257.0,55203.4,5,deployed_policy,cv,3
2017-07-01,2017-06-01,50858.0,51782.2,5,deployed_policy,cv,4
2017-08-01,2017-07-01,48478.0,48523.4,5,deployed_policy,cv,4
2017-09-01,2017-08-01,48337.0,49259.4,5,deployed_policy,cv,4
2017-10-01,2017-09-01,52498.0,49920.2,5,deployed_policy,cv,4
2017-11-01,2017-10-01,53896.0,52283.4,5,deployed_policy,cv,4
2017-12-01,2017-11-01,51108.0,52749.2,5,deployed_policy,cv,4
2018-01-01,2017-12-01,49964.0,51863.6,5,deployed_policy,cv,4
2018-02-01,2018-01-01,49005.0,51479.8,5,deployed_policy,cv,4
2018-03-01,2018-02-01,49623.0,50138.2,5,deployed_policy,cv,4
2018-04-01,2018-03-01,51051.0,48998.0,5,deployed_policy,cv,4
2018-05-01,2018-04-01,54765.0,53345.8,5,deployed_policy,cv,4
2018-06-01,2018-05-01,51140.0,53020.6,5,deployed_policy,cv,4
2018-07-01,2018-06-01,49029.0,48533.6,5,deployed_policy,cv,5
2018-08-01,2018-07-01,48728.0,46746.0,5,deployed_policy,cv,5
2018-09-01,2018-08-01,49086.0,49366.0,5,deployed_policy,cv,5
2018-10-01,2018-09-01,49209.0,50999.6,5,deployed_policy,cv,5
2018-11-01,2018-10-01,46399.0,49341.6,5,deployed_policy,cv,5
2018-12-01,2018-11-01,45152.0,44324.6,5,deployed_policy,cv,5
2019-01-01,2018-12-01,49359.0,45700.0,5,deployed_policy,cv,5
2019-02-01,2019-01-01,51643.0,50858.2,5,deployed_policy,cv,5
2019-03-01,2019-02-01,49767.0,52667.4,5,deployed_policy,cv,5
2019-04-01,2019-03-01,53082.0,49372.4,5,deployed_policy,cv,5
2019-05-01,2019-04-01,52006.0,56799.6,5,deployed_policy,cv,5
2019-06-01,2019-05-01,50711.0,49765.2,5,deployed_policy,cv,5
2019-07-01,2019-06-01,49031.0,47741.8,5,deployed_policy,cv,6
2019-08-01,2019-07-01,45344.0,46582.4,5,deployed_policy,cv,6
2019-09-01,2019-08-01,46239.0,46045.0,5,deployed_policy,cv,6
2019-10-01,2019-09-01,51006.0,48223.0,5,deployed_policy,cv,6
2019-11-01,2019-10-01,52413.0,50889.6,5,deployed_policy,cv,6
2019-12-01,2019-11-01,52898.0,50510.4,5,deployed_policy,cv,6
2020-01-01,2019-12-01,52073.0,53871.0,5,deployed_policy,cv,6
2020-02-01,2020-01-01,52311.0,53828.6,5,deployed_policy,cv,6
2020-03-01,2020-02-01,57074.0,52621.4,5,deployed_policy,cv,6
2020-04-01,2020-03-01,56720.0,56841.8,5,deployed_policy,cv,6
2020-05-01,2020-04-01,57391.0,59730.6,5,deployed_policy,cv,6
2020-06-01,2020-05-01,56563.0,55292.8,5,deployed_policy,cv,6
2020-07-01,2020-06-01,54137.0,53655.8,5,deployed_policy,cv,7
2020-08-01,2020-07-01,54804.0,51709.6,5,deployed_policy,cv,7
2020-09-01,2020-08-01,51428.0,54928.2,5,deployed_policy,cv,7
2020-10-01,2020-09-01,51073.0,54324.2,5,deployed_policy,cv,7
2020-11-01,2020-10-01,46690.0,51641.0,5,deployed_policy,cv,7
2020-12-01,2020-11-01,45098.0,45505.6,5,deployed_policy,cv,7
2021-01-01,2020-12-01,47258.0,45554.0,5,deployed_policy,cv,7
2021-02-01,2021-01-01,51532.0,48471.4,5,deployed_policy,cv,7
2021-03-01,2021-02-01,48325.0,52107.2,5,deployed_policy,cv,7
2021-04-01,2021-03-01,48041.0,48156.4,5,deployed_policy,cv,7
2021-05-01,2021-04-01,48296.0,50999.4,5,deployed_policy,cv,7
2021-06-01,2021-05-01,47846.0,46491.4,5,deployed_policy,cv,7
2021-07-01,2021-06-01,45141.0,45145.8,5,deployed_policy,cv,8
2021-08-01,2021-07-01,46345.0,43115.2,5,deployed_policy,cv,8
2021-09-01,2021-08-01,47895.0,45854.4,5,deployed_policy,cv,8
2021-10-01,2021-09-01,48905.0,49793.4,5,deployed_policy,cv,8
2021-11-01,2021-10-01,48624.0,48295.8,5,deployed_policy,cv,8
2021-12-01,2021-11-01,46748.0,47512.4,5,deployed_policy,cv,8
2022-01-01,2021-12-01,51196.0,47248.0,5,deployed_policy,cv,8
2022-02-01,2022-01-01,49640.0,53201.4,5,deployed_policy,cv,8
2022-03-01,2022-02-01,46797.0,49938.4,5,deployed_policy,cv,8
2022-04-01,2022-03-01,48399.0,47129.4,5,deployed_policy,cv,8
2022-05-01,2022-04-01,46490.0,49864.8,5,deployed_policy,cv,8
2022-06-01,2022-05-01,46323.0,44799.2,5,deployed_policy,cv,8
2022-07-01,2022-06-01,50121.0,43858.8,5,deployed_policy,cv,9
2022-08-01,2022-07-01,48567.0,49221.6,5,deployed_policy,cv,9
2022-09-01,2022-08-01,48438.0,48424.2,5,deployed_policy,cv,9
2022-10-01,2022-09-01,49593.0,50379.2,5,deployed_policy,cv,9
2022-11-01,2022-10-01,48722.0,48659.2,5,deployed_policy,cv,9
2022-12-01,2022-11-01,48002.0,47318.4,5,deployed_policy,cv,9
2023-01-01,2022-12-01,48005.0,49771.2,5,deployed_policy,cv,9
2023-02-01,2023-01-01,49287.0,48861.2,5,deployed_policy,cv,9
2023-03-01,2023-02-01,49402.0,48778.0,5,deployed_policy,cv,9
2023-04-01,2023-03-01,52191.0,50543.4,5,deployed_policy,cv,9
2023-05-01,2023-04-01,51745.0,52522.0,5,deployed_policy,cv,9
2023-06-01,2023-05-01,49774.0,50472.0,5,deployed_policy,cv,9
2023-07-01,2023-06-01,44796.0,48749.2,5,deployed_policy,cv,10
2023-08-01,2023-07-01,45906.0,44061.8,5,deployed_policy,cv,10
2023-09-01,2023-08-01,43997.0,45765.6,5,deployed_policy,cv,10
2023-10-01,2023-09-01,44355.0,45337.0,5,deployed_policy,cv,10
2023-11-01,2023-10-01,50123.0,42967.4,5,deployed_policy,cv,10
2023-12-01,2023-11-01,49423.0,49133.0,5,deployed_policy,cv,10
2024-01-01,2023-12-01,46173.0,51421.6,5,deployed_policy,cv,10
2024-02-01,2024-01-01,49347.0,47477.4,5,deployed_policy,cv,10
2024-03-01,2024-02-01,47617.0,48737.4,5,deployed_policy,cv,10
2024-04-01,2024-03-01,45362.0,49030.6,5,deployed_policy,cv,10
2024-05-01,2024-04-01,46523.0,44861.0,5,deployed_policy,cv,10
2024-06-01,2024-05-01,44390.0,45580.8,5,deployed_policy,cv,10
2024-07-01,2024-06-01,48679.0,42791.8,5,deployed_policy,holdout,0
2024-08-01,2024-07-01,48397.0,48227.0,5,deployed_policy,holdout,0
2024-09-01,2024-08-01,44599.0,47803.2,5,deployed_policy,holdout,0
2024-10-01,2024-09-01,45253.0,45986.0,5,deployed_policy,holdout,0
2024-11-01,2024-10-01,49689.0,45581.0,5,deployed_policy,holdout,0
2024-12-01,2024-11-01,49330.0,48808.4,5,deployed_policy,holdout,0
2025-01-01,2024-12-01,48567.0,49837.2,5,deployed_policy,holdout,0
2025-02-01,2025-01-01,47148.0,50049.4,5,deployed_policy,holdout,0
2025-03-01,2025-02-01,45729.0,46567.6,5,deployed_policy,holdout,0
2025-04-01,2025-03-01,48608.0,46028.6,5,deployed_policy,holdout,0
2025-05-01,2025-04-01,49527.0,48554.4,5,deployed_policy,holdout,0
2025-06-01,2025-05-01,46992.0,48417.2,5,deployed_policy,holdout,0
2025-07-01,2025-06-01,44737.0,46587.6,5,deployed_policy,holdout,0
2025-08-01,2025-07-01,46079.0,44966.0,5,deployed_policy,holdout,0
2025-09-01,2025-08-01,45411.0,44546.6,5,deployed_policy,holdout,0
2025-10-01,2025-09-01,48782.0,45975.4,5,deployed_policy,holdout,0
2025-11-01,2025-10-01,45934.0,49715.8,5,deployed_policy,holdout,0
2025-12-01,2025-11-01,46424.0,44884.6,5,deployed_policy,holdout,0
2026-01-01,2025-12-01,44359.0,46943.6,5,deployed_policy,holdout,0
2026-02-01,2026-01-01,43997.0,45510.0,5,deployed_policy,holdout,0
2026-03-01,2026-02-01,44981.0,42180.2,5,deployed_policy,holdout,0
2026-04-01,2026-03-01,46089.0,45927.2,5,deployed_policy,holdout,0
2026-05-01,2026-04-01,47371.0,46085.0,5,deployed_policy,holdout,0
2026-06-01,2026-05-01,40752.0,45919.8,5,deployed_policy,holdout,0
