month,adjustments_kbd,cdu_capacity_kbd,demand_kbd,direct_use_kbd,exports_kbd,imports_kbd,net_receipts_kbd,production_kbd,stock_kb,transfers_kbd,transfers_kbd_assumed_zero,exports_kbd_assumed_zero,net_receipts_kbd_assumed_zero,padd,padd_name,utilization_ratio,previous_stock_kb,balance_kbd,stock_change_kb,five_term_balance_kbd,five_term_residual_kbd,accounting_residual_kbd
2007-01-01,1.3870967741935485,1715.0,1510.7096774193549,0.0,0.0,1449.3548387096773,-3.6451612903225805,19.838709677419356,13112.0,0.0,True,True,False,1,East Coast,0.8808802783786326,,-43.77419354838731,,-41.51612903225828,,
2007-02-01,-40.642857142857146,1718.0,1372.7857142857142,0.0,5.892857142857143,1434.5,8.892857142857142,19.607142857142858,14335.0,0.0,True,False,False,1,East Coast,0.7990603692000665,13112.0,43.67857142857152,1223.0,75.42857142857153,-31.7500000000001,-9.237055564881302e-14
2007-03-01,9.67741935483871,1718.0,1350.516129032258,0.0,18.903225806451612,1380.3225806451612,-6.612903225806452,21.193548387096776,15425.0,0.0,True,False,False,1,East Coast,0.786097863231815,14335.0,35.16129032258064,1090.0,32.096774193548384,3.0645161290322633,7.105427357601002e-15
2007-04-01,8.4,1718.0,1465.4,0.0,0.0,1417.7666666666667,9.433333333333334,19.833333333333332,15126.0,0.0,True,True,False,1,East Coast,0.8529685681024447,15425.0,-9.966666666666848,-299.0,-27.800000000000182,17.833333333333513,1.8118839761882555e-13
2007-05-01,36.096774193548384,1718.0,1585.774193548387,0.0,3.3548387096774195,1577.967741935484,-21.516129032258064,19.612903225806452,15840.0,0.0,True,False,False,1,East Coast,0.923035036989748,15126.0,23.032258064516075,714.0,8.451612903225755,14.580645161290374,5.3290705182007514e-14
2007-06-01,25.766666666666666,1723.0,1546.8666666666666,0.0,0.0,1475.6333333333334,12.566666666666666,19.633333333333333,15442.0,0.0,True,True,False,1,East Coast,0.8977751982975429,15840.0,-13.266666666666353,-398.0,-51.59999999999968,38.333333333333016,-3.1441516057384433e-13
2007-07-01,73.06451612903226,1723.0,1551.4193548387098,0.0,12.516129032258064,1491.8709677419354,-52.70967741935484,18.580645161290324,14415.0,0.0,True,False,False,1,East Coast,0.9004175013573475,15442.0,-33.12903225806477,-1027.0,-53.48387096774219,20.354838709677672,2.4868995751603507e-13
2007-08-01,-14.774193548387096,1723.0,1507.2903225806451,0.0,33.774193548387096,1555.0645161290322,-22.516129032258064,19.419354838709676,14295.0,0.0,True,False,False,1,East Coast,0.8748057588976467,14415.0,-3.8709677419354307,-120.0,33.41935483870973,-37.29032258064521,-5.3290705182007514e-14
2007-09-01,16.2,1723.0,1547.3,0.0,22.1,1533.2333333333333,18.5,20.033333333333335,14853.0,0.0,True,False,False,1,East Coast,0.8980266976204294,14295.0,18.566666666666695,558.0,-16.133333333333304,34.733333333333306,0.03333333333330657
2007-10-01,-17.870967741935484,1723.0,1590.9354838709678,0.0,0.0,1658.516129032258,-26.419354838709676,19.967741935483872,16194.0,0.0,True,False,False,1,East Coast,0.9233519929605153,14853.0,43.25806451612898,1341.0,87.54838709677415,-44.29032258064512,4.973799150320701e-14
2007-11-01,45.96666666666667,1723.0,1584.4666666666667,0.0,10.0,1430.5666666666666,-8.633333333333333,20.2,13004.0,0.0,True,False,False,1,East Coast,0.9195976010833817,16194.0,-106.3666666666667,-3190.0,-143.70000000000005,37.36666666666672,0.03333333333337407
2007-12-01,37.87096774193548,1723.0,1537.258064516129,0.0,14.193548387096774,1518.516129032258,-29.967741935483872,20.64516129032258,12868.0,0.0,True,False,False,1,East Coast,0.8921985284481306,13004.0,-4.387096774193466,-136.0,-12.290322580645073,7.903225806451525,-8.171241461241152e-14
2008-01-01,-18.838709677419356,1722.0,1536.483870967742,0.0,0.0,1548.3870967741937,-22.741935483870968,21.258064516129032,12607.0,0.0,True,False,False,1,East Coast,0.8922670563111161,12868.0,-8.419354838709598,-261.0,33.161290322580726,-41.580645161290406,-7.993605777301127e-14
2008-02-01,72.48275862068965,1722.0,1442.1724137931035,0.0,10.724137931034482,1415.6896551724137,-21.379310344827587,20.862068965517242,13615.0,0.0,True,False,False,1,East Coast,0.8374984981376907,12607.0,34.758620689655025,1008.0,-16.34482758620704,51.10344827586221,1.4921397450962104e-13
2008-03-01,-1.5161290322580645,1722.0,1324.9032258064517,0.0,7.645161290322581,1404.967741935484,-35.064516129032256,22.516129032258064,15424.0,0.0,True,False,False,1,East Coast,0.7693979243939906,13615.0,58.35483870967735,1809.0,94.93548387096767,-36.580645161290256,6.394884621840902e-14
2008-04-01,-52.833333333333336,1722.0,1400.1666666666667,0.0,0.0,1443.7,9.366666666666667,21.6,16074.0,0.0,True,True,False,1,East Coast,0.8131049167634534,15424.0,21.66666666666655,650.0,65.13333333333321,-43.46666666666654,1.1723955140041653e-13
2008-05-01,94.96774193548387,1722.0,1427.0967741935483,0.0,4.0,1366.3548387096773,-54.516129032258064,18.64516129032258,15899.0,0.0,True,False,False,1,East Coast,0.8287437713086808,16074.0,-5.645161290322491,-175.0,-46.0967741935483,40.451612903225715,-8.970602038971265e-14
2008-06-01,111.5,1722.0,1446.4666666666667,0.0,8.633333333333333,1294.7333333333333,-32.6,20.5,14070.0,0.0,True,False,False,1,East Coast,0.8399922570654278,15899.0,-60.96666666666667,-1829.0,-139.86666666666667,78.9,0.0
2008-07-01,76.96774193548387,1722.0,1437.1935483870968,0.0,4.709677419354839,1370.8387096774193,-33.41935483870968,20.29032258064516,13845.0,0.0,True,False,False,1,East Coast,0.8346071709565023,14070.0,-7.225806451613067,-225.0,-50.77419354838727,43.516129032258235,-0.03225806451596469
2008-08-01,-50.483870967741936,1722.0,1463.8709677419354,0.0,13.96774193548387,1538.741935483871,-18.193548387096776,20.032258064516128,14225.0,0.0,True,False,False,1,East Coast,0.8500992844029822,13845.0,12.258064516129117,380.0,80.93548387096783,-68.6774193548388,-8.526512829121202e-14
2008-09-01,52.43333333333333,1722.0,1455.9,0.0,0.0,1337.4,-3.6,20.2,12741.0,0.0,True,True,False,1,East Coast,0.8454703832752614,14225.0,-49.46666666666662,-1484.0,-98.29999999999995,48.833333333333286,-4.973799150320701e-14
2008-10-01,-62.41935483870968,1722.0,1494.258064516129,0.0,25.0,1577.032258064516,8.35483870967742,20.451612903225808,13490.0,0.0,True,False,False,1,East Coast,0.8677456820651156,12741.0,24.16129032258067,749.0,78.22580645161293,-54.064516129032285,-2.4868995751603507e-14
2008-11-01,-1.2,1722.0,1345.9666666666667,0.0,8.0,1339.2666666666667,9.4,20.266666666666666,13903.0,0.0,True,False,False,1,East Coast,0.7816298877274487,13490.0,13.766666666666607,413.0,5.566666666666606,8.200000000000061,6.039613253960852e-14
2008-12-01,-25.322580645161292,1722.0,1281.967741935484,0.0,0.0,1296.258064516129,13.612903225806452,18.741935483870968,14564.0,0.0,True,True,False,1,East Coast,0.7444644262110824,13903.0,21.322580645161256,661.0,33.0322580645161,-11.709677419354808,3.552713678800501e-14
2009-01-01,-60.58064516129032,1723.0,1354.967741935484,0.0,2.967741935483871,1359.8387096774193,0.4838709677419355,13.516129032258064,13179.0,0.0,True,False,False,1,East Coast,0.7864003145301706,14564.0,-44.67741935483883,-1385.0,15.419354838709552,-60.096774193548264,1.2079226507921703e-13
2009-02-01,-134.89285714285714,1723.0,1251.892857142857,0.0,0.4642857142857143,1325.2857142857142,103.89285714285714,14.25,14751.0,0.0,True,False,False,1,East Coast,0.7265773982256861,13179.0,56.178571428571416,1572.0,87.1785714285714,-31.035714285714256,-0.03571428571427049
2009-03-01,108.29032258064517,1723.0,1153.5483870967741,0.0,4.225806451612903,1046.1935483870968,18.870967741935484,16.387096774193548,15742.0,0.0,True,False,False,1,East Coast,0.6694999344728811,14751.0,31.967741935484085,991.0,-95.19354838709657,127.16129032258044,-2.1316282072803006e-13
2009-04-01,-135.36666666666667,1723.0,1156.4333333333334,0.0,3.6666666666666665,1161.7666666666667,82.5,14.5,14641.0,0.0,True,False,False,1,East Coast,0.6711743083768621,15742.0,-36.70000000000009,-1101.0,16.16666666666659,-52.86666666666659,8.526512829121202e-14
2009-05-01,69.0,1723.0,1261.225806451613,0.0,5.870967741935484,1172.516129032258,-44.935483870967744,14.387096774193548,12901.0,0.0,True,False,False,1,East Coast,0.731994083837268,14641.0,-56.129032258064456,-1740.0,-80.19354838709671,24.064516129032192,-6.394884621840902e-14
2009-06-01,100.43333333333334,1723.0,1352.1,0.0,30.733333333333334,1280.3,32.4,16.633333333333333,14309.0,0.0,True,False,False,1,East Coast,0.7847359257109692,12901.0,46.933333333333486,1408.0,-85.89999999999985,132.83333333333317,-1.5631940186722204e-13
2009-07-01,-24.387096774193548,1723.0,1347.9354838709678,0.0,0.0,1237.6129032258063,18.032258064516128,14.548387096774194,11143.0,0.0,True,True,False,1,East Coast,0.7823189111265049,14309.0,-102.12903225806473,-3166.0,-95.7741935483873,-6.35483870967721,2.1316282072803006e-13
2009-08-01,60.645161290322584,1723.0,1315.9354838709678,0.0,1.935483870967742,1303.0967741935483,16.580645161290324,14.935483870967742,13542.0,0.0,True,False,False,1,East Coast,0.7637466534364293,11143.0,77.38709677419347,2399.0,0.1612903225805571,77.225806451613,8.526512829121202e-14
2009-09-01,-29.633333333333333,1723.0,1335.8666666666666,0.0,2.1,1352.5333333333333,22.166666666666668,16.666666666666668,14255.0,0.0,True,False,False,1,East Coast,0.7753143741536079,13542.0,23.766666666666815,713.0,31.233333333333483,-7.466666666666818,-1.4921397450962104e-13
2009-10-01,-123.54838709677419,1723.0,1324.483870967742,0.0,22.548387096774192,1355.5806451612902,20.258064516129032,14.483870967741936,11767.0,0.0,True,False,False,1,East Coast,0.7687079924362983,14255.0,-80.25806451612911,-2488.0,23.032258064516057,-103.2903225806451,7.105427357601002e-14
2009-11-01,-42.86666666666667,1723.0,1162.9,0.0,2.466666666666667,1136.5333333333333,20.9,14.3,10672.0,0.0,True,False,False,1,East Coast,0.6749274521183982,11767.0,-36.50000000000017,-1095.0,-14.5333333333335,-21.966666666666498,1.7053025658242404e-13
2009-12-01,-64.29032258064517,1723.0,1093.741935483871,0.0,6.709677419354839,1207.7096774193549,3.7419354838709675,16.483870967741936,12630.0,0.0,True,False,False,1,East Coast,0.6347892835077603,10672.0,63.19354838709681,1958.0,123.74193548387102,-60.58064516129037,-0.03225806451616364
2010-01-01,-45.193548387096776,1397.0,1069.1935483870968,0.0,19.322580645161292,1158.1935483870968,3.870967741935484,17.483870967741936,14051.0,0.0,True,False,False,1,East Coast,0.7653497125176069,12630.0,45.83870967741937,1421.0,87.16129032258065,-41.3225806451613,-1.4210854715202004e-14
2010-02-01,11.214285714285714,1397.0,1180.857142857143,0.0,33.892857142857146,1074.7142857142858,18.714285714285715,18.178571428571427,11478.0,0.0,True,False,False,1,East Coast,0.8452807035484201,14051.0,-91.92857142857149,-2573.0,-121.85714285714292,29.96428571428578,0.03571428571434865
2010-03-01,-44.774193548387096,1397.0,1084.967741935484,0.0,2.032258064516129,1157.258064516129,19.483870967741936,18.677419354838708,13450.0,0.0,True,False,False,1,East Coast,0.7766411896460157,11478.0,63.64516129032261,1972.0,88.93548387096777,-25.322580645161324,-0.03225806451616364
2010-04-01,-126.06666666666666,1397.0,1213.7666666666667,0.0,3.533333333333333,1142.6,91.86666666666666,19.5,10769.0,0.0,True,False,False,1,East Coast,0.8688379861608208,13450.0,-89.40000000000008,-2681.0,-55.200000000000074,-34.166666666666586,0.033333333333416704
2010-05-01,-36.61290322580645,1397.0,1260.3870967741937,0.0,0.0,1281.032258064516,24.70967741935484,20.161290322580644,11665.0,0.0,True,False,False,1,East Coast,0.902209804419609,10769.0,28.903225806451573,896.0,40.806451612903174,-11.903225806451562,3.907985046680551e-14
2010-06-01,35.4,1397.0,1243.4666666666667,0.0,0.0,1160.6333333333334,33.166666666666664,20.9,11864.0,0.0,True,True,False,1,East Coast,0.8900978286805059,11665.0,6.633333333333496,199.0,-61.93333333333317,68.5666666666665,-1.6253665080512292e-13
2010-07-01,-52.29032258064516,1397.0,1240.5483870967741,0.0,2.225806451612903,1228.967741935484,37.774193548387096,20.806451612903224,11631.0,0.0,True,False,False,1,East Coast,0.8880088669268247,11864.0,-7.516129032258043,-233.0,7.000000000000022,-14.516129032258087,-2.220446049250313e-14
2010-08-01,17.032258064516128,1397.0,1215.3548387096773,0.0,5.806451612903226,1104.4516129032259,10.548387096774194,20.483870967741936,9503.0,0.0,True,False,False,1,East Coast,0.8699748308587526,11631.0,-68.64516129032243,-2128.0,-96.22580645161275,27.580645161290178,-1.4210854715202004e-13
2010-09-01,7.3,1397.0,1093.0,0.0,0.0,1100.5666666666666,-1.5,20.633333333333333,10523.0,0.0,True,True,False,1,East Coast,0.7823908375089478,9503.0,34.00000000000004,1020.0,28.200000000000045,5.7999999999999545,-4.263256414560601e-14
2010-10-01,-68.74193548387096,1397.0,844.6774193548387,0.0,1.5161290322580645,892.1612903225806,14.774193548387096,20.419354838709676,10908.0,0.0,True,False,False,1,East Coast,0.6046366638187821,10523.0,12.419354838709651,385.0,66.38709677419352,-53.96774193548384,2.6645352591003757e-14
2010-11-01,44.733333333333334,1397.0,940.1666666666666,0.0,1.6,879.1666666666666,-49.3,20.666666666666668,9514.0,0.0,True,False,False,1,East Coast,0.6729897399188738,10908.0,-46.50000000000004,-1394.0,-41.93333333333337,-4.533333333333296,0.03333333333337407
2010-12-01,38.645161290322584,1397.0,1037.8387096774193,0.0,5.645161290322581,950.483870967742,18.29032258064516,20.387096774193548,9028.0,0.0,True,False,False,1,East Coast,0.7429053039924262,9514.0,-15.67741935483862,-486.0,-72.61290322580636,56.93548387096765,-9.059419880941277e-14
2011-01-01,74.51612903225806,1618.0,1061.4516129032259,0.0,5.161290322580645,1039.3225806451612,-14.419354838709678,21.322580645161292,10707.0,0.0,True,False,False,1,East Coast,0.6560269548227601,9028.0,54.12903225806434,1679.0,-5.967741935484047,60.1290322580647,0.03225806451630575
2011-02-01,-4.535714285714286,1618.0,1009.5714285714286,0.0,0.0,951.0714285714286,36.42857142857143,21.178571428571427,10556.0,0.0,True,True,False,1,East Coast,0.6239625640120078,10707.0,-5.42857142857141,-151.0,-37.321428571428555,31.928571428571413,0.035714285714266936
2011-03-01,-93.74193548387096,1618.0,971.1290322580645,0.0,0.03225806451612903,1001.0,68.16129032258064,21.967741935483872,11370.0,0.0,True,False,False,1,East Coast,0.6002033573906456,10556.0,26.22580645161294,814.0,51.80645161290326,-25.548387096774228,0.03225806451609259
2011-04-01,-36.266666666666666,1618.0,928.1333333333333,0.0,11.833333333333334,1013.0333333333333,-14.866666666666667,21.9,12684.0,0.0,True,False,False,1,East Coast,0.5736299958796869,11370.0,43.8333333333333,1314.0,94.96666666666674,-51.16666666666674,-0.03333333333330302
2011-05-01,27.258064516129032,1618.0,1148.6129032258063,0.0,11.258064516129032,1116.4193548387098,-11.516129032258064,21.903225806451612,12504.0,0.0,True,False,False,1,East Coast,0.7098967263447505,12684.0,-5.806451612902961,-180.0,-21.54838709677393,15.741935483870703,-2.646771690706373e-13
2011-06-01,1.2666666666666666,1618.0,1116.7,0.0,8.633333333333333,1093.3666666666666,-16.666666666666668,21.633333333333333,11733.0,0.0,True,False,False,1,East Coast,0.6901730531520396,12504.0,-25.73333333333338,-771.0,-10.333333333333378,-15.366666666666621,0.03333333333338118
2011-07-01,129.1290322580645,1618.0,1285.7096774193549,0.0,7.32258064516129,1152.4516129032259,3.774193548387097,21.451612903225808,12160.0,0.0,True,False,False,1,East Coast,0.7946289724470673,11733.0,13.774193548387146,427.0,-119.12903225806447,132.90322580645156,-4.973799150320701e-14
2011-08-01,-101.0,1618.0,1223.3870967741937,0.0,5.225806451612903,1165.741935483871,148.41935483870967,22.612903225806452,12382.0,0.0,True,False,False,1,East Coast,0.7561106902189083,12160.0,7.161290322580442,222.0,-40.25806451612923,47.41935483870988,2.0339285811132868e-13
2011-09-01,133.1,1618.0,1236.7666666666667,0.0,5.533333333333333,1033.8666666666666,7.1,22.233333333333334,11002.0,0.0,True,False,False,1,East Coast,0.7643798928718583,12382.0,-46.000000000000085,-1380.0,-186.20000000000007,140.20000000000007,8.526512829121202e-14
2011-10-01,1.6129032258064515,1618.0,1131.2903225806451,0.0,2.6129032258064515,1098.6774193548388,-9.290322580645162,22.129032258064516,10358.0,0.0,True,False,False,1,East Coast,0.6991905578372343,11002.0,-20.774193548386886,-644.0,-13.096774193548175,-7.677419354838921,-2.0961010704922955e-13
2011-11-01,54.4,1618.0,1101.8333333333333,0.0,9.566666666666666,1014.9,30.3,22.2,10670.0,0.0,True,False,False,1,East Coast,0.6809847548413679,10358.0,10.400000000000098,312.0,-74.30000000000001,84.70000000000002,-9.769962616701378e-14
2011-12-01,30.032258064516128,1618.0,935.4516129032259,0.0,3.225806451612903,853.9032258064516,4.580645161290323,21.903225806451612,9794.0,0.0,True,False,False,1,East Coast,0.5781530364049604,10670.0,-28.25806451612913,-876.0,-62.87096774193558,34.61290322580655,9.947598300641403e-14
2012-01-01,-69.06451612903226,1188.0,824.3225806451613,0.0,4.193548387096774,850.5806451612904,43.70967741935484,23.612903225806452,10424.0,0.0,True,False,False,1,East Coast,0.6938742261322907,9794.0,20.322580645161295,630.0,45.67741935483871,-25.35483870967742,-3.552713678800501e-15
2012-02-01,-91.34482758620689,1188.0,857.1379310344828,0.0,14.344827586206897,940.9655172413793,28.03448275862069,24.344827586206897,11309.0,0.0,True,False,False,1,East Coast,0.7214965749448509,10424.0,30.517241379310292,885.0,93.82758620689648,-63.310344827586135,5.3290705182007514e-14
2012-03-01,-17.580645161290324,1188.0,903.6129032258065,0.0,5.258064516129032,892.6129032258065,38.70967741935484,24.806451612903224,12229.0,0.0,True,False,False,1,East Coast,0.7606169219072445,11309.0,29.67741935483866,920.0,8.548387096774142,21.129032258064566,4.973799150320701e-14
2012-04-01,-15.933333333333334,1188.0,918.9,0.0,1.6,815.5,53.166666666666664,24.233333333333334,10923.0,0.0,True,False,False,1,East Coast,0.7734848484848484,12229.0,-43.53333333333329,-1306.0,-80.76666666666662,37.23333333333329,-4.263256414560601e-14
2012-05-01,-80.93548387096774,1188.0,844.8064516129032,0.0,5.548387096774194,844.516129032258,46.58064516129032,23.806451612903224,10414.0,0.0,True,False,False,1,East Coast,0.711116541761703,10923.0,-16.387096774193566,-509.0,17.967741935483858,-34.38709677419354,-0.03225806451611035
2012-06-01,-87.86666666666666,1188.0,938.7333333333333,0.0,3.3,894.8666666666667,78.23333333333333,24.5,9445.0,0.0,True,False,False,1,East Coast,0.7901795735129069,10414.0,-32.3,-969.0,-22.666666666666675,-9.633333333333322,0.0
2012-07-01,67.6774193548387,1188.0,962.1612903225806,0.0,5.870967741935484,845.8064516129032,44.516129032258064,25.93548387096774,9937.0,0.0,True,False,False,1,East Coast,0.8099000760291083,9445.0,15.90322580645153,492.0,-96.29032258064524,112.16129032258073,-0.0322580645160464
2012-08-01,-69.93548387096774,1108.0,943.7096774193549,0.0,8.903225806451612,938.7741935483871,78.29032258064517,26.483870967741936,10588.0,0.0,True,False,False,1,East Coast,0.8517235355770351,9937.0,20.999999999999957,651.0,12.645161290322537,8.354838709677463,4.263256414560601e-14
2012-09-01,28.833333333333332,1293.0,950.0,0.0,13.6,825.5,70.66666666666667,25.966666666666665,10210.0,0.0,True,False,False,1,East Coast,0.7347254447022429,10588.0,-12.633333333333294,-378.0,-112.1333333333333,99.5333333333333,0.033333333333294135
2012-10-01,35.354838709677416,1293.0,1002.6129032258065,0.0,24.548387096774192,868.0967741935484,81.29032258064517,27.193548387096776,9739.0,0.0,True,False,False,1,East Coast,0.7754160117755657,10210.0,-15.225806451612847,-471.0,-131.87096774193543,116.67741935483866,0.03225806451607305
2012-11-01,-12.333333333333334,1293.0,904.0,0.0,12.4,850.7,93.23333333333333,28.7,11056.0,0.0,True,False,False,1,East Coast,0.6991492652745553,9739.0,43.90000000000009,1317.0,-36.99999999999991,80.8999999999999,-9.237055564881302e-14
2012-12-01,-72.0,1293.0,971.1612903225806,0.0,13.129032258064516,800.0967741935484,134.61290322580646,28.483870967741936,8170.0,0.0,True,False,False,1,East Coast,0.7510914851682758,11056.0,-93.0967741935483,-2886.0,-155.70967741935476,62.61290322580638,-8.526512829121202e-14
2013-01-01,-41.45161290322581,1293.0,1042.7096774193549,0.0,32.74193548387097,978.6451612903226,171.96774193548387,31.35483870967742,10187.0,0.0,True,False,False,1,East Coast,0.8064266646708081,8170.0,65.06451612903221,2017.0,-65.45161290322585,130.5161290322581,4.263256414560601e-14
2013-02-01,50.0,1293.0,878.7857142857143,0.0,50.57142857142857,713.8928571428571,187.0,33.0,11715.0,0.0,True,False,False,1,East Coast,0.6796486576068943,10187.0,54.53571428571422,1528.0,-182.46428571428578,237.03571428571433,0.03571428571434865
2013-03-01,-5.67741935483871,1293.0,1018.6451612903226,0.0,40.483870967741936,771.4516129032259,251.41935483870967,35.45161290322581,11514.0,0.0,True,False,False,1,East Coast,0.7878152832871791,11715.0,-6.483870967741856,-201.0,-252.2258064516128,245.7419354838709,-7.904787935331115e-14
2013-04-01,-36.6,1293.0,1083.3,0.0,63.53333333333333,837.3333333333334,303.96666666666664,33.43333333333333,11253.0,0.0,True,False,False,1,East Coast,0.8378190255220417,11514.0,-8.699999999999854,-261.0,-276.0666666666666,267.3666666666666,-1.4566126083082054e-13
2013-05-01,45.903225806451616,1294.0,1133.967741935484,0.0,31.161290322580644,870.741935483871,178.93548387096774,38.41935483870968,10288.0,0.0,True,False,False,1,East Coast,0.8763274667198484,11253.0,-31.129032258064456,-965.0,-255.96774193548393,224.83870967741942,-6.039613253960852e-14
2013-06-01,13.766666666666667,1294.0,1133.6,0.0,74.5,852.4333333333333,288.73333333333335,42.13333333333333,9957.0,0.0,True,False,False,1,East Coast,0.8760432766615146,10288.0,-11.033333333333173,-331.0,-313.5333333333333,302.49999999999994,-1.5987211554602254e-13
2013-07-01,87.3225806451613,1297.0,1084.741935483871,0.0,48.41935483870968,789.4193548387096,224.51612903225808,47.70967741935484,10447.0,0.0,True,False,False,1,East Coast,0.8363469047678265,9957.0,15.806451612903217,490.0,-296.03225806451616,311.8387096774194,8.881784197001252e-15
2013-08-01,-19.516129032258064,1297.0,1073.3548387096773,0.0,30.193548387096776,865.8064516129032,240.58064516129033,48.61290322580645,11437.0,0.0,True,False,False,1,East Coast,0.8275673390205684,10447.0,31.9354838709677,990.0,-189.12903225806446,221.0645161290322,3.907985046680551e-14
2013-09-01,-93.3,1297.0,1083.9,0.0,3.1333333333333333,896.9333333333333,195.06666666666666,46.166666666666664,10172.0,0.0,True,False,False,1,East Coast,0.835697764070933,11437.0,-42.16666666666673,-1265.0,-143.9333333333335,101.76666666666685,6.394884621840902e-14
2013-10-01,54.193548387096776,1297.0,887.6451612903226,0.0,35.96774193548387,581.2258064516129,274.93548387096774,44.58064516129032,11143.0,0.0,True,False,False,1,East Coast,0.6843833163379511,10172.0,31.322580645161345,971.0,-297.8064516129032,329.12903225806446,-5.3290705182007514e-14
2013-11-01,43.7,1297.0,955.6666666666666,0.0,29.833333333333332,504.6333333333333,376.3,47.333333333333336,10738.0,0.0,True,False,False,1,East Coast,0.736828578771524,11143.0,-13.533333333333232,-405.0,-433.53333333333325,420.03333333333325,0.03333333333323196
2013-12-01,-62.70967741935484,1297.0,1066.774193548387,0.0,79.61290322580645,636.6129032258065,506.0967741935484,47.29032258064516,10145.0,0.0,True,False,False,1,East Coast,0.8224935956425498,10738.0,-19.096774193548377,-593.0,-462.48387096774195,443.35483870967744,-0.032258064516138774
2014-01-01,90.7741935483871,1297.0,955.3548387096774,0.0,48.25806451612903,522.5483870967741,343.7741935483871,44.58064516129032,10084.0,0.0,True,False,False,1,East Coast,0.7365881562911931,10145.0,-1.9354838709677722,-61.0,-436.48387096774195,434.5161290322581,-0.032258064516098806
2014-02-01,18.5,1297.0,978.5714285714286,0.0,27.928571428571427,567.9285714285714,391.2857142857143,45.107142857142854,10542.0,0.0,True,False,False,1,East Coast,0.7544883797775085,10084.0,16.321428571428612,458.0,-393.46428571428567,409.8214285714285,0.03571428571424562
2014-03-01,5.870967741935484,1297.0,1013.8064516129032,0.0,16.838709677419356,533.9677419354839,456.2258064516129,45.903225806451616,10893.0,0.0,True,False,False,1,East Coast,0.7816549357077125,10542.0,11.322580645161391,351.0,-450.774193548387,462.0967741935483,-1.0125233984581428e-13
2014-04-01,-14.8,1297.0,1073.1333333333334,0.0,25.933333333333334,643.7333333333333,473.8,43.3,12302.0,0.0,True,False,False,1,East Coast,0.8273965561552301,10893.0,46.96666666666654,1409.0,-412.0333333333335,459.0000000000001,1.2789769243681803e-13
2014-05-01,17.806451612903224,1297.0,1148.3870967741937,0.0,14.774193548387096,648.6129032258065,502.2258064516129,44.32258064516129,13846.0,0.0,True,False,False,1,East Coast,0.8854179620464099,12302.0,49.80645161290311,1544.0,-470.2258064516129,520.0322580645161,1.1368683772161603e-13
2014-06-01,34.166666666666664,1297.0,1178.7333333333333,0.0,50.9,635.6666666666666,447.43333333333334,45.43333333333333,11838.0,0.0,True,False,False,1,East Coast,0.9088152145977898,13846.0,-66.93333333333331,-2008.0,-548.5333333333334,481.6000000000001,-2.842170943040401e-14
2014-07-01,-90.35483870967742,1297.0,1134.9354838709678,0.0,31.741935483870968,620.0645161290323,525.3225806451613,46.064516129032256,9805.0,0.0,True,False,False,1,East Coast,0.8750466336707539,11838.0,-65.58064516129035,-2033.0,-500.54838709677415,434.96774193548384,2.842170943040401e-14
2014-08-01,150.2258064516129,1297.0,1082.225806451613,0.0,87.25806451612904,499.3225806451613,486.9032258064516,47.58064516129032,10256.0,0.0,True,False,False,1,East Coast,0.8344069440644664,9805.0,14.548387096774007,451.0,-622.5806451612904,637.1290322580645,1.865174681370263e-13
2014-09-01,-22.8,1297.0,1155.5,0.0,53.3,685.7,490.3666666666667,48.63333333333333,10049.0,0.0,True,False,False,1,East Coast,0.8909020817270624,10256.0,-6.899999999999853,-207.0,-474.46666666666664,467.56666666666666,-1.474376176702208e-13
2014-10-01,-37.41935483870968,1297.0,1130.7096774193549,0.0,58.32258064516129,714.3225806451613,526.9354838709677,49.064516129032256,12030.0,0.0,True,False,False,1,East Coast,0.8717884945407517,10049.0,63.87096774193539,1981.0,-425.6451612903225,489.54838709677415,0.03225806451622759
2014-11-01,98.33333333333333,1269.0,1111.0,0.0,158.9,560.5333333333333,585.5666666666667,49.6,12754.0,0.0,True,False,False,1,East Coast,0.8754925137903862,12030.0,24.133333333333283,724.0,-659.7666666666667,683.9,4.973799150320701e-14
2014-12-01,19.741935483870968,1269.0,1079.8064516129032,0.0,52.54838709677419,558.8064516129032,572.8064516129032,49.935483870967744,14890.0,0.0,True,False,False,1,East Coast,0.8509113093876306,12754.0,68.9354838709678,2136.0,-523.6129032258063,592.5161290322579,-0.03225806451618496
2015-01-01,134.32258064516128,1269.0,1087.3225806451612,0.0,76.96774193548387,540.3225806451613,437.64516129032256,48.67741935483871,14787.0,0.0,True,False,False,1,East Coast,0.8568341849055644,14890.0,-3.3225806451611675,-103.0,-575.2903225806451,571.9677419354838,-1.2301271112846734e-13
2015-02-01,-15.107142857142858,1269.0,870.5357142857143,0.0,82.28571428571429,435.57142857142856,492.2142857142857,51.857142857142854,15115.0,0.0,True,False,False,1,East Coast,0.6860013508949679,14787.0,11.714285714285698,328.0,-465.3928571428572,477.10714285714295,1.5987211554602254e-14
2015-03-01,-40.70967741935484,1269.0,1077.9032258064517,0.0,52.645161290322584,636.3870967741935,480.9032258064516,52.32258064516129,15064.0,0.0,True,False,False,1,East Coast,0.8494115254581968,15115.0,-1.6451612903227542,-51.0,-441.8387096774194,440.1935483870968,1.7341683644644945e-13
2015-04-01,126.03333333333333,1269.0,1129.9,0.0,44.96666666666667,509.1333333333333,481.3666666666667,50.333333333333336,14823.0,0.0,True,False,False,1,East Coast,0.8903861308116628,15064.0,-8.000000000000199,-241.0,-615.4000000000001,607.3666666666668,-0.03333333333313426
2015-05-01,156.1290322580645,1269.0,1162.3870967741937,0.0,139.4516129032258,640.2258064516129,510.83870967741933,52.45161290322581,16615.0,0.0,True,False,False,1,East Coast,0.9159866798851014,14823.0,57.80645161290312,1792.0,-609.1612903225807,666.9677419354839,1.0658141036401503e-13
2015-06-01,124.5,1269.0,1167.0333333333333,0.0,77.6,561.5666666666667,467.7,52.2,15455.0,0.0,True,False,False,1,East Coast,0.9196480168111374,16615.0,-38.66666666666657,-1160.0,-630.8666666666666,592.1999999999999,-9.237055564881302e-14
2015-07-01,131.1290322580645,1273.0,1180.9354838709678,0.0,126.48387096774194,699.1290322580645,385.64516129032256,49.774193548387096,14161.0,0.0,True,False,False,1,East Coast,0.927679091807516,15455.0,-41.74193548387109,-1294.0,-558.5161290322582,516.7741935483872,1.2079226507921703e-13
2015-08-01,-18.35483870967742,1273.0,1199.6451612903227,0.0,77.48387096774194,764.4193548387096,476.1290322580645,46.87096774193548,13910.0,0.0,True,False,False,1,East Coast,0.9423764032131364,14161.0,-8.064516129032523,-251.0,-465.8387096774195,457.7419354838711,-0.032258064515865215
2015-09-01,20.066666666666666,1278.0,1072.2333333333333,0.0,47.0,563.0,514.0666666666667,46.333333333333336,14637.0,0.0,True,False,False,1,East Coast,0.8389932185706833,13910.0,24.233333333333295,727.0,-509.9,534.1333333333333,3.907985046680551e-14
2015-10-01,94.54838709677419,1273.0,1142.6129032258063,0.0,53.58064516129032,676.7096774193549,417.51612903225805,44.774193548387096,15795.0,0.0,True,False,False,1,East Coast,0.8975749436180726,14637.0,37.35483870967754,1158.0,-474.7096774193547,512.0645161290321,-1.2079226507921703e-13
2015-11-01,70.8,1273.0,1200.8333333333333,0.0,41.666666666666664,732.1,368.1,44.46666666666667,14984.0,0.0,True,False,False,1,East Coast,0.9433097669547001,15795.0,-27.033333333333204,-811.0,-465.9333333333332,438.89999999999986,-1.3145040611561853e-13
2015-12-01,106.2258064516129,1273.0,1145.1612903225807,0.0,55.58064516129032,703.4193548387096,380.1290322580645,48.58064516129032,16151.0,0.0,True,False,False,1,East Coast,0.8995768187922865,14984.0,37.612903225806264,1167.0,-448.74193548387103,486.3870967741936,0.03225806451631996
2016-01-01,300.9032258064516,1278.0,1136.6129032258063,0.0,198.4516129032258,725.741935483871,321.6774193548387,46.516129032258064,18005.0,0.0,True,False,False,1,East Coast,0.8893684688777828,16151.0,59.77419354838713,1854.0,-562.8064516129032,622.6129032258063,0.03225806451609259
2016-02-01,177.68965517241378,1278.0,1092.5862068965516,0.0,178.3793103448276,879.9655172413793,262.44827586206895,45.241379310344826,20742.0,0.0,True,False,False,1,East Coast,0.8549187847390858,18005.0,94.37931034482773,2737.0,-345.758620689655,440.13793103448256,-1.4210854715202004e-13
2016-03-01,203.61290322580646,1278.0,1060.774193548387,0.0,240.29032258064515,736.1935483870968,269.93548387096774,44.096774193548384,19278.0,0.0,True,False,False,1,East Coast,0.8300267555151698,20742.0,-47.225806451612755,-1464.0,-520.774193548387,473.54838709677404,-1.4921397450962104e-13
2016-04-01,299.6,1278.0,1158.1666666666667,0.0,178.6,865.3333333333334,219.86666666666667,45.36666666666667,22080.0,0.0,True,False,False,1,East Coast,0.9062336984872197,19278.0,93.39999999999986,2802.0,-426.0666666666667,519.4666666666667,1.4210854715202004e-13
2016-05-01,328.35483870967744,1278.0,1183.5483870967741,0.0,244.1290322580645,720.0,247.03225806451613,44.774193548387096,19368.0,0.0,True,False,False,1,East Coast,0.9260941996062395,22080.0,-87.51612903225805,-2712.0,-662.9032258064516,575.4193548387096,0.032258064516113905
2016-06-01,158.8,1278.0,1125.6,0.0,183.0,858.0333333333333,211.1,42.7,18229.0,0.0,True,False,False,1,East Coast,0.8807511737089201,19368.0,-37.966666666666555,-1139.0,-407.86666666666656,369.89999999999986,-1.1368683772161603e-13
2016-07-01,201.19354838709677,1278.0,1061.0645161290322,0.0,267.06451612903226,926.2258064516129,193.29032258064515,43.516129032258064,19348.0,0.0,True,False,False,1,East Coast,0.8302539249835933,18229.0,36.09677419354844,1119.0,-358.3870967741935,394.48387096774184,-5.684341886080802e-14
2016-08-01,209.2258064516129,1278.0,1097.967741935484,0.0,161.5483870967742,847.0,167.25806451612902,44.32258064516129,19605.0,0.0,True,False,False,1,East Coast,0.8591296885254177,19348.0,8.29032258064504,257.0,-368.19354838709677,376.48387096774195,1.2256862191861728e-13
2016-09-01,178.26666666666668,1278.0,1108.1666666666667,0.0,190.66666666666666,810.0666666666667,158.96666666666667,41.1,16292.0,0.0,True,False,False,1,East Coast,0.8671100678142932,19605.0,-110.43333333333337,-3313.0,-447.66666666666663,337.2333333333333,2.842170943040401e-14
2016-10-01,161.29032258064515,1278.0,1091.1290322580646,0.0,186.19354838709677,1017.8387096774194,162.7741935483871,41.29032258064516,19574.0,0.0,True,False,False,1,East Coast,0.8537785854914434,16292.0,105.87096774193537,3282.0,-218.19354838709677,324.06451612903226,1.1368683772161603e-13
2016-11-01,-41.1,1278.0,1117.9,0.0,24.6,864.4666666666667,148.06666666666666,42.96666666666667,15731.0,0.0,True,False,False,1,East Coast,0.8747261345852896,19574.0,-128.10000000000002,-3843.0,-235.0666666666667,106.9666666666667,2.842170943040401e-14
2016-12-01,35.87096774193548,1278.0,1062.967741935484,0.0,0.0,798.6129032258065,124.74193548387096,41.83870967741935,13812.0,0.0,True,True,False,1,East Coast,0.8317431470543692,15731.0,-61.90322580645161,-1919.0,-222.51612903225805,160.61290322580643,-7.105427357601002e-15
2017-01-01,32.225806451612904,1256.0,1049.741935483871,0.0,55.54838709677419,972.8064516129032,190.4516129032258,42.41935483870968,17923.0,0.0,True,False,False,1,East Coast,0.8357817957674132,13812.0,132.61290322580635,4111.0,-90.06451612903236,222.67741935483883,1.1368683772161603e-13
2017-02-01,2.0,1256.0,902.4285714285714,0.0,21.785714285714285,662.3214285714286,168.64285714285714,42.17857142857143,16550.0,0.0,True,False,False,1,East Coast,0.7184940855323021,17923.0,-49.071428571428584,-1373.0,-219.71428571428572,170.67857142857144,0.03571428571429891
2017-03-01,58.87096774193548,1256.0,890.6451612903226,0.0,0.0,753.0645161290323,110.06451612903226,41.61290322580645,18812.0,0.0,True,True,False,1,East Coast,0.7091123895623588,16550.0,72.96774193548396,2262.0,-95.96774193548379,168.93548387096766,-8.526512829121202e-14
2017-04-01,42.96666666666667,1256.0,1061.5333333333333,0.0,21.8,852.5333333333333,95.8,43.233333333333334,17348.0,0.0,True,False,False,1,East Coast,0.8451698513800424,18812.0,-48.8,-1464.0,-187.56666666666666,138.76666666666665,0.0
2017-05-01,62.74193548387097,1182.0,1111.3225806451612,0.0,28.612903225806452,946.6774193548387,68.93548387096774,44.064516129032256,16805.0,0.0,True,False,False,1,East Coast,0.9402052289722176,17348.0,-17.516129032258114,-543.0,-149.1935483870967,131.67741935483866,4.973799150320701e-14
2017-06-01,-108.46666666666667,1182.0,1128.7666666666667,0.0,0.0,1056.1,102.63333333333334,44.1,15773.0,0.0,True,False,False,1,East Coast,0.9549633389734913,16805.0,-34.40000000000016,-1032.0,-28.566666666666833,-5.833333333333165,1.6342482922482304e-13
2017-07-01,35.96774193548387,1182.0,1078.0645161290322,0.0,0.0,940.6451612903226,65.48387096774194,48.25806451612903,16155.0,0.0,True,False,False,1,East Coast,0.9120681185524807,15773.0,12.290322580645196,382.0,-89.16129032258061,101.48387096774191,0.032258064516094365
2017-08-01,-43.87096774193548,1182.0,1139.774193548387,0.0,0.03225806451612903,1130.6129032258063,42.193548387096776,48.903225806451616,17334.0,0.0,True,False,False,1,East Coast,0.9642759674690246,16155.0,38.032258064516135,1179.0,39.70967741935485,-1.6774193548387188,-7.105427357601002e-15
2017-09-01,46.833333333333336,1182.0,1105.6333333333334,0.0,0.0,801.6666666666666,31.366666666666667,46.93333333333333,11969.0,0.0,True,True,False,1,East Coast,0.9353919909757474,17334.0,-178.8333333333334,-5365.0,-257.03333333333353,78.20000000000019,5.684341886080802e-14
2017-10-01,-62.064516129032256,1182.0,1096.1612903225807,0.0,0.0,1038.967741935484,122.83870967741936,53.54838709677419,13740.0,0.0,True,True,False,1,East Coast,0.9273784182086131,11969.0,57.12903225806443,1771.0,-3.645161290322676,60.774193548387196,9.237055564881302e-14
2017-11-01,16.466666666666665,1182.0,1159.8333333333333,0.0,0.0,944.1,120.83333333333333,54.3,13016.0,0.0,True,False,False,1,East Coast,0.9812464749012971,13740.0,-24.133333333333287,-724.0,-161.43333333333328,137.29999999999995,-4.618527782440651e-14
2017-12-01,25.870967741935484,1182.0,1115.7096774193549,0.0,0.0,828.9354838709677,158.19354838709677,53.12903225806452,11479.0,0.0,True,True,False,1,East Coast,0.9439168167676437,13016.0,-49.580645161290306,-1537.0,-233.64516129032268,184.06451612903237,-1.4210854715202004e-14
2018-01-01,-25.903225806451612,1224.0,1067.967741935484,0.0,35.064516129032256,977.1612903225806,171.5483870967742,52.806451612903224,13729.0,0.0,True,False,False,1,East Coast,0.8725226649799706,11479.0,72.58064516129022,2250.0,-73.06451612903226,145.64516129032256,9.947598300641403e-14
2018-02-01,73.42857142857143,1224.0,967.5357142857143,0.0,66.96428571428571,682.0714285714286,178.46428571428572,52.785714285714285,12392.0,0.0,True,False,False,1,East Coast,0.7904703548085902,13729.0,-47.750000000000014,-1337.0,-299.64285714285717,251.89285714285717,1.4210854715202004e-14
2018-03-01,75.7741935483871,1224.0,919.7741935483871,0.0,105.09677419354838,679.258064516129,213.19354838709677,53.96774193548387,12309.0,0.0,True,False,False,1,East Coast,0.751449504532996,12392.0,-2.6774193548386904,-83.0,-291.64516129032256,288.96774193548384,-1.9095836023552692e-14
2018-04-01,42.63333333333333,1224.0,1110.2666666666667,0.0,25.333333333333332,889.6,265.53333333333336,53.8,15788.0,0.0,True,False,False,1,East Coast,0.9070806100217865,12309.0,115.96666666666667,3479.0,-192.20000000000002,308.1666666666667,0.0
2018-05-01,86.6774193548387,1224.0,1157.3548387096773,0.0,0.06451612903225806,857.4193548387096,131.6451612903226,53.45161290322581,14913.0,0.0,True,False,False,1,East Coast,0.9455513388150959,15788.0,-28.225806451612797,-875.0,-246.5483870967741,218.3225806451612,-1.0658141036401503e-13
2018-06-01,23.966666666666665,1224.0,1127.9333333333334,0.0,0.23333333333333334,903.7666666666667,184.46666666666667,54.53333333333333,16070.0,0.0,True,False,False,1,East Coast,0.9215141612200436,14913.0,38.56666666666658,1157.0,-169.86666666666676,208.43333333333342,9.237055564881302e-14
2018-07-01,36.58064516129032,1224.0,1139.1612903225807,0.0,42.354838709677416,860.6129032258065,94.06451612903226,57.096774193548384,11942.0,0.0,True,False,False,1,East Coast,0.9306873286949189,16070.0,-133.16129032258084,-4128.0,-263.8064516129033,130.64516129032265,1.9895196601282805e-13
2018-08-01,143.6451612903226,1224.0,1068.0,0.0,27.419354838709676,721.2903225806451,149.74193548387098,61.903225806451616,11359.0,0.0,True,False,False,1,East Coast,0.8725490196078431,11942.0,-18.838709677419416,-583.0,-312.225806451613,293.41935483870975,0.032258064516192064
2018-09-01,8.433333333333334,1224.0,1002.9333333333333,0.0,29.466666666666665,780.8333333333334,206.73333333333332,66.4,12259.0,0.0,True,False,False,1,East Coast,0.8193899782135076,11359.0,30.000000000000053,900.0,-185.1666666666666,215.1666666666666,-5.3290705182007514e-14
2018-10-01,74.45161290322581,1224.0,922.0967741935484,0.0,0.03225806451612903,613.8709677419355,123.19354838709677,68.70967741935483,10961.0,0.0,True,False,False,1,East Coast,0.7533470377398271,12259.0,-41.9032258064516,-1298.0,-239.54838709677418,197.6774193548387,0.03225806451612101
2018-11-01,57.8,1224.0,1007.8333333333334,0.0,5.666666666666667,832.5333333333333,105.1,62.36666666666667,12290.0,0.0,True,False,False,1,East Coast,0.8233932461873639,10961.0,44.299999999999926,1329.0,-118.60000000000007,162.90000000000006,7.105427357601002e-14
2018-12-01,-14.096774193548388,1224.0,1047.9354838709678,0.0,0.06451612903225806,757.3548387096774,222.83870967741936,61.41935483870968,11655.0,0.0,True,False,False,1,East Coast,0.8561564410710522,12290.0,-20.48387096774201,-635.0,-229.22580645161298,208.74193548387103,7.460698725481052e-14
2019-01-01,61.516129032258064,1224.0,1013.0322580645161,0.0,0.06451612903225806,778.3548387096774,155.4516129032258,66.83870967741936,13175.0,0.0,True,False,False,1,East Coast,0.82764073371284,11655.0,49.06451612903233,1520.0,-167.90322580645153,216.93548387096766,-0.03225806451619917
2019-02-01,29.392857142857142,1224.0,775.7857142857143,0.0,0.10714285714285714,488.25,144.46428571428572,61.25,11704.0,0.0,True,False,False,1,East Coast,0.633811858076564,13175.0,-52.535714285714334,-1471.0,-226.3928571428572,173.85714285714292,4.973799150320701e-14
2019-03-01,28.967741935483872,1224.0,912.9354838709677,0.0,0.06451612903225806,729.3548387096774,167.90322580645162,56.74193548387097,13873.0,0.0,True,False,False,1,East Coast,0.7458623234239932,11704.0,69.96774193548396,2169.0,-126.90322580645153,196.8709677419354,-8.526512829121202e-14
2019-04-01,-38.6,1224.0,1028.7,0.0,0.0,773.0,189.16666666666666,64.53333333333333,12654.0,0.0,True,False,False,1,East Coast,0.8404411764705882,13873.0,-40.60000000000009,-1219.0,-191.16666666666674,150.53333333333342,-0.03333333333324617
2019-05-01,63.61290322580645,1224.0,1087.0967741935483,0.0,23.64516129032258,824.3548387096774,237.7741935483871,64.74193548387096,15125.0,0.0,True,False,False,1,East Coast,0.8881509593084544,12654.0,79.74193548387107,2471.0,-221.64516129032248,301.3548387096773,-0.0322580645162418
2019-06-01,-33.93333333333333,1224.0,1035.1,0.0,0.03333333333333333,794.0,194.73333333333332,69.03333333333333,14786.0,0.0,True,False,False,1,East Coast,0.8456699346405228,15125.0,-11.299999999999947,-339.0,-172.09999999999994,160.79999999999993,-5.3290705182007514e-14
2019-07-01,13.870967741935484,1224.0,887.4193548387096,0.0,43.935483870967744,534.1935483870968,176.51612903225808,73.35483870967742,10651.0,0.0,True,False,False,1,East Coast,0.7250158127767236,14786.0,-133.41935483870955,-4135.0,-323.8064516129031,190.41935483870958,0.03225806451601443
2019-08-01,-28.225806451612904,1224.0,846.2903225806451,0.0,0.0,690.258064516129,100.2258064516129,76.3225806451613,10412.0,0.0,True,True,False,1,East Coast,0.6914136622390892,10651.0,-7.709677419354769,-239.0,-79.70967741935476,71.99999999999993,-7.016609515630989e-14
2019-09-01,-11.433333333333334,1224.0,818.8666666666667,0.0,48.5,568.2333333333333,209.76666666666668,79.7,9779.0,0.0,True,False,False,1,East Coast,0.6690087145969499,10412.0,-21.099999999999934,-633.0,-219.43333333333328,198.3333333333333,-6.750155989720952e-14
2019-10-01,-66.54838709677419,1224.0,730.4516129032259,0.0,0.03225806451612903,528.1290322580645,215.51612903225808,84.51612903225806,10744.0,0.0,True,False,False,1,East Coast,0.5967741935483871,9779.0,31.12903225806447,965.0,-117.83870967741942,148.96774193548393,4.618527782440651e-14
2019-11-01,-57.4,1224.0,798.8666666666667,0.0,0.0,490.1,283.93333333333334,80.7,10698.0,0.0,True,False,False,1,East Coast,0.6526688453159042,10744.0,-1.5333333333332675,-46.0,-228.0666666666666,226.53333333333327,-6.59472476627343e-14
2019-12-01,-18.258064516129032,1224.0,803.8387096774194,0.0,0.0,513.7096774193549,197.06451612903226,77.38709677419355,9646.0,0.0,True,False,False,1,East Coast,0.656730971958676,10698.0,-33.93548387096775,-1052.0,-212.74193548387098,178.80645161290323,7.105427357601002e-15
2020-01-01,24.032258064516128,1224.0,767.4193548387096,0.0,93.6774193548387,476.93548387096774,282.3225806451613,80.48387096774194,9729.0,0.0,True,False,False,1,East Coast,0.6269765970904491,9646.0,2.6774193548387473,83.0,-303.6774193548387,306.35483870967744,-3.774758283725532e-14
2020-02-01,-42.275862068965516,1224.0,689.1724137931035,0.0,32.689655172413794,419.3103448275862,287.1034482758621,79.96551724137932,10374.0,0.0,True,False,False,1,East Coast,0.5630493576741041,9729.0,22.241379310344833,645.0,-222.58620689655174,244.82758620689657,-3.552713678800501e-15
2020-03-01,-30.516129032258064,1224.0,637.0,0.0,24.419354838709676,394.7741935483871,258.19354838709677,71.09677419354838,11369.0,0.0,True,False,False,1,East Coast,0.5204248366013072,10374.0,32.12903225806453,995.0,-195.54838709677418,227.64516129032256,-0.032258064516142326
2020-04-01,-32.3,1224.0,527.4,0.0,0.03333333333333333,340.3666666666667,174.2,65.1,11968.0,0.0,True,False,False,1,East Coast,0.43088235294117644,11369.0,19.93333333333338,599.0,-121.96666666666661,141.93333333333328,0.03333333333328525
2020-05-01,-52.03225806451613,889.0,597.516129032258,0.0,0.0,454.7096774193548,161.51612903225808,60.806451612903224,12820.0,0.0,True,True,False,1,East Coast,0.6721216299575457,11968.0,27.483870967741893,852.0,-82.0,109.48387096774194,4.263256414560601e-14
2020-06-01,-53.833333333333336,889.0,605.5666666666667,0.0,24.433333333333334,495.56666666666666,112.73333333333333,66.16666666666667,12539.0,0.0,True,False,False,1,East Coast,0.6811773528308962,12820.0,-9.366666666666767,-281.0,-68.26666666666671,58.90000000000004,9.947598300641403e-14
2020-07-01,-41.83870967741935,889.0,522.9677419354839,0.0,35.83870967741935,366.35483870967744,134.6451612903226,64.6774193548387,11454.0,0.0,True,False,False,1,East Coast,0.588265176530353,12539.0,-34.967741935483865,-1085.0,-127.7741935483871,92.7741935483871,-0.03225806451613522
2020-08-01,-13.161290322580646,889.0,599.1290322580645,0.0,14.516129032258064,465.8709677419355,107.29032258064517,73.38709677419355,12065.0,0.0,True,False,False,1,East Coast,0.6739359193004101,11454.0,19.741935483870968,611.0,-74.38709677419355,94.09677419354838,-0.032258064516128115
2020-09-01,-5.1,889.0,548.3666666666667,0.0,79.96666666666667,398.53333333333336,123.96666666666667,80.36666666666666,11148.0,0.0,True,False,False,1,East Coast,0.6168353955755531,12065.0,-30.56666666666664,-917.0,-149.4333333333333,118.86666666666665,-2.4868995751603507e-14
2020-10-01,-43.70967741935484,889.0,569.5806451612904,0.0,2.064516129032258,389.51612903225805,127.93548387096774,77.3225806451613,10510.0,0.0,True,False,False,1,East Coast,0.6406981385391343,11148.0,-20.580645161290384,-638.0,-104.80645161290329,84.22580645161297,6.039613253960852e-14
2020-11-01,-79.23333333333333,889.0,591.1333333333333,0.0,0.0,451.43333333333334,124.03333333333333,75.1,9916.0,0.0,True,True,False,1,East Coast,0.664941882264717,10510.0,-19.79999999999997,-594.0,-64.60000000000002,44.800000000000026,-3.197442310920451e-14
2020-12-01,-25.322580645161292,889.0,592.3225806451613,0.0,23.516129032258064,444.51612903225805,120.93548387096774,74.41935483870968,9876.0,0.0,True,False,False,1,East Coast,0.6662796182735223,9916.0,-1.2903225806452632,-40.0,-96.90322580645172,95.61290322580655,1.0191847366058937e-13
2021-01-01,7.193548387096774,818.0,597.0967741935484,0.0,24.161290322580644,457.38709677419354,82.25806451612904,76.03225806451613,9925.0,0.0,True,False,False,1,East Coast,0.7299471567158293,9876.0,1.612903225806397,49.0,-87.83870967741942,89.41935483870974,-0.03225806451607438
2021-02-01,-38.964285714285715,818.0,591.6785714285714,0.0,33.285714285714285,407.89285714285717,94.85714285714286,70.82142857142857,7396.0,0.0,True,False,False,1,East Coast,0.7233234369542438,9925.0,-90.35714285714286,-2529.0,-146.25,55.92857142857143,0.035714285714291805
2021-03-01,48.483870967741936,818.0,676.9677419354839,0.0,22.516129032258064,506.64516129032256,100.3225806451613,75.03225806451613,8357.0,0.0,True,False,False,1,East Coast,0.8275889265714962,7396.0,30.99999999999993,961.0,-117.8064516129033,148.8064516129033,7.105427357601002e-14
2021-04-01,-73.86666666666666,818.0,630.1,0.0,24.133333333333333,594.5333333333333,66.86666666666666,79.43333333333334,8739.0,0.0,True,False,False,1,East Coast,0.7702933985330074,8357.0,12.73333333333322,382.0,19.73333333333334,-7.000000000000009,1.1191048088221578e-13
2021-05-01,-74.83870967741936,818.0,699.4193548387096,0.0,0.0,570.2903225806451,114.58064516129032,76.7741935483871,8347.0,0.0,True,True,False,1,East Coast,0.855035886110892,8739.0,-12.612903225806477,-392.0,-52.35483870967744,39.70967741935486,-0.032258064516103246
2021-06-01,13.666666666666666,818.0,717.2333333333333,0.0,18.9,555.6,74.06666666666666,73.03333333333333,7753.0,0.0,True,False,False,1,East Coast,0.8768133659331704,8347.0,-19.7666666666667,-594.0,-107.50000000000003,87.70000000000003,-0.033333333333299464
2021-07-01,-43.70967741935484,818.0,674.3870967741935,0.0,15.774193548387096,590.6774193548387,87.54838709677419,66.90322580645162,8102.0,0.0,True,False,False,1,East Coast,0.8244341036359334,7753.0,11.258064516128968,349.0,-32.580645161290384,43.838709677419416,6.394884621840902e-14
2021-08-01,-8.806451612903226,818.0,683.0,0.0,23.032258064516128,556.8064516129032,98.64516129032258,72.25806451612904,8501.0,0.0,True,False,False,1,East Coast,0.8349633251833741,8102.0,12.870967741935422,399.0,-76.96774193548393,89.83870967741942,6.217248937900877e-14
2021-09-01,-27.3,818.0,703.6,0.0,0.0,539.0666666666667,91.73333333333333,74.33333333333333,7728.0,0.0,True,True,False,1,East Coast,0.8601466992665037,8501.0,-25.766666666666598,-773.0,-90.19999999999993,64.43333333333327,-6.750155989720952e-14
2021-10-01,-63.96774193548387,818.0,634.4193548387096,0.0,0.0,538.258064516129,87.38709677419355,63.41935483870968,7439.0,0.0,True,True,False,1,East Coast,0.7755737834214054,7728.0,-9.322580645161295,-289.0,-32.741935483870975,23.419354838709687,5.329070518200751e-15
2021-11-01,-48.46666666666667,818.0,721.9,0.0,0.0,605.7333333333333,101.06666666666666,62.86666666666667,7418.0,0.0,True,False,False,1,East Coast,0.882518337408313,7439.0,-0.6999999999999602,-21.0,-53.299999999999955,52.59999999999995,-3.9745984281580604e-14
2021-12-01,-66.48387096774194,818.0,733.0645161290323,0.0,23.70967741935484,665.9032258064516,96.45161290322581,60.16129032258065,7395.0,0.0,True,False,False,1,East Coast,0.8961668901332913,7418.0,-0.7419354838710746,-23.0,-30.709677419354954,29.967741935483986,1.0680345496894006e-13
2022-01-01,34.61290322580645,818.0,694.483870967742,0.0,55.516129032258064,519.6451612903226,89.3225806451613,59.516129032258064,7035.0,35.29032258064516,False,False,False,1,East Coast,0.8490022872466283,7395.0,-11.612903225806484,-360.0,-170.8387096774194,159.22580645161293,3.197442310920451e-14
2022-02-01,-47.82142857142857,818.0,654.2142857142857,0.0,52.107142857142854,586.0357142857143,75.07142857142857,60.642857142857146,7823.0,60.535714285714285,False,False,False,1,East Coast,0.7997729654208872,7035.0,28.14285714285721,788.0,-59.642857142857075,87.78571428571422,-6.750155989720952e-14
2022-03-01,-100.83870967741936,818.0,638.3870967741935,0.0,23.032258064516128,465.7096774193548,135.19354838709677,66.19354838709677,6984.0,68.09677419354838,False,False,False,1,East Coast,0.7804243236848332,7823.0,-27.06451612903234,-839.0,-129.51612903225808,102.45161290322582,8.171241461241152e-14
2022-04-01,-28.133333333333333,818.0,679.6,0.0,48.733333333333334,567.3666666666667,108.96666666666667,63.43333333333333,7739.0,41.86666666666667,False,False,False,1,East Coast,0.8308068459657701,6984.0,25.1666666666666,755.0,-97.5333333333334,122.70000000000007,6.750155989720952e-14
2022-05-01,29.677419354838708,818.0,780.1612903225806,0.0,24.096774193548388,564.1612903225806,76.96774193548387,60.806451612903224,7120.0,52.67741935483871,False,False,False,1,East Coast,0.9537424087073113,7739.0,-19.96774193548392,-619.0,-179.2903225806452,159.32258064516134,4.973799150320701e-14
2022-06-01,36.56666666666667,818.0,788.9666666666667,0.0,24.4,637.7,99.56666666666666,56.7,8711.0,35.86666666666667,False,False,False,1,East Coast,0.9645069274653627,7120.0,53.03333333333339,1591.0,-118.96666666666661,171.99999999999994,-5.684341886080802e-14
2022-07-01,23.096774193548388,818.0,794.6451612903226,0.0,115.06451612903226,654.483870967742,79.90322580645162,61.74193548387097,7451.0,49.806451612903224,False,False,False,1,East Coast,0.9714488524331572,8711.0,-40.67741935483867,-1260.0,-193.4838709677419,152.8387096774193,0.03225806451608548
2022-08-01,42.935483870967744,818.0,810.6774193548387,0.0,93.51612903225806,636.6129032258065,91.61290322580645,59.064516129032256,7044.0,60.87096774193548,False,False,False,1,East Coast,0.9910481899203407,7451.0,-13.096774193548264,-407.0,-208.51612903225794,195.38709677419342,-0.03225806451625246
2022-09-01,3.433333333333333,878.0,748.5666666666667,0.0,31.2,589.9333333333333,117.86666666666666,58.63333333333333,7597.0,28.333333333333332,False,False,False,1,East Coast,0.8525816249050874,7044.0,18.433333333333223,553.0,-131.2000000000001,149.63333333333344,1.1013412404281553e-13
2022-10-01,-82.45161290322581,878.0,778.8064516129032,0.0,0.0,665.4193548387096,107.51612903225806,56.54838709677419,8411.0,58.03225806451613,False,False,False,1,East Coast,0.8870232934087735,7597.0,26.258064516128997,814.0,-56.83870967741939,83.09677419354841,3.552713678800501e-14
2022-11-01,-64.0,878.0,820.7666666666667,0.0,0.0,635.4,105.46666666666667,58.93333333333333,7340.0,49.266666666666666,False,False,False,1,East Coast,0.9348139711465452,8411.0,-35.70000000000006,-1071.0,-126.4333333333334,90.73333333333339,5.684341886080802e-14
2022-12-01,-11.64516129032258,878.0,757.8387096774194,0.0,44.61290322580645,612.483870967742,108.41935483870968,57.645161290322584,7612.0,44.32258064516129,False,False,False,1,East Coast,0.8631420383569697,7340.0,8.774193548387053,272.0,-132.32258064516134,141.09677419354844,4.263256414560601e-14
2023-01-01,-15.774193548387096,878.0,767.7096774193549,0.0,0.0,532.9354838709677,121.19354838709677,65.64516129032258,7164.0,49.25806451612903,False,False,False,1,East Coast,0.8743845984275113,7612.0,-14.451612903225922,-448.0,-169.12903225806463,154.67741935483883,1.1546319456101628e-13
2023-02-01,-68.60714285714286,878.0,673.0714285714286,0.0,0.0,573.3214285714286,60.035714285714285,69.60714285714286,7617.0,54.892857142857146,False,False,False,1,East Coast,0.7665961601041328,7164.0,16.17857142857146,453.0,-30.14285714285711,46.32142857142854,-3.197442310920451e-14
2023-03-01,-135.70967741935485,878.0,621.258064516129,0.0,0.0,521.0967741935484,73.74193548387096,67.09677419354838,7033.0,76.19354838709677,False,False,False,1,East Coast,0.7075832169887575,7617.0,-18.838709677419317,-584.0,-33.0645161290322,14.225806451612844,-3.907985046680551e-14
2023-04-01,-95.46666666666667,878.0,782.1666666666666,0.0,0.0,668.3333333333334,87.33333333333333,66.93333333333334,8147.0,92.13333333333334,False,False,False,1,East Coast,0.8908504176157934,7033.0,37.10000000000002,1114.0,-46.89999999999998,84.0333333333333,0.03333333333331012
2023-05-01,-84.51612903225806,878.0,752.7096774193549,0.0,0.0,618.4516129032259,66.93548387096774,67.25806451612904,7900.0,76.61290322580645,False,False,False,1,East Coast,0.8573003159673745,8147.0,-7.967741935483872,-247.0,-67.0,59.03225806451613,8.881784197001252e-16
2023-06-01,-152.7,878.0,642.0666666666667,0.0,0.03333333333333333,538.8333333333334,88.56666666666666,69.36666666666666,7493.0,84.46666666666667,False,False,False,1,East Coast,0.731283219438117,7900.0,-13.566666666666663,-407.0,-33.900000000000006,20.33333333333334,-3.552713678800501e-15
2023-07-01,-119.90322580645162,878.0,662.7741935483871,0.0,0.0,556.8387096774194,54.74193548387097,70.51612903225806,7796.0,110.35483870967742,False,False,False,1,East Coast,0.7548681019913293,7493.0,9.774193548387146,303.0,-35.41935483870964,45.19354838709673,-4.973799150320701e-14
2023-08-01,-141.4516129032258,878.0,790.9032258064516,0.0,0.0,659.741935483871,67.93548387096774,71.45161290322581,6905.0,104.48387096774194,False,False,False,1,East Coast,0.9008009405540451,7796.0,-28.741935483870876,-891.0,-59.70967741935476,30.967741935483794,-9.237055564881302e-14
2023-09-01,-56.333333333333336,878.0,674.5,0.0,0.03333333333333333,582.9,27.566666666666666,67.86666666666666,7540.0,73.73333333333333,False,False,False,1,East Coast,0.7682232346241458,6905.0,21.19999999999998,635.0,-23.766666666666683,44.93333333333335,-0.033333333333313675
2023-10-01,-91.19354838709677,878.0,598.483870967742,0.0,0.03225806451612903,548.5483870967741,25.193548387096776,70.54838709677419,8621.0,80.25806451612904,False,False,False,1,East Coast,0.6816444999632596,7540.0,34.83870967741927,1081.0,20.58064516129022,14.29032258064526,0.03225806451621338
2023-11-01,-226.36666666666667,952.0,739.4,0.0,0.03333333333333333,698.1,60.5,68.03333333333333,8518.0,135.76666666666668,False,False,False,1,East Coast,0.7766806722689076,8621.0,-3.3999999999999773,-103.0,26.700000000000014,-30.133333333333347,-0.03333333333335586
2023-12-01,-29.161290322580644,952.0,775.3548387096774,0.0,0.03225806451612903,576.7096774193549,50.483870967741936,60.74193548387097,7201.0,74.12903225806451,False,False,False,1,East Coast,0.814448359989157,8518.0,-42.48387096774191,-1317.0,-137.93548387096772,95.45161290322578,-2.842170943040401e-14
2024-01-01,-169.0,910.0,695.9032258064516,0.0,0.0,670.3548387096774,49.45161290322581,59.903225806451616,8093.0,113.96774193548387,False,False,False,1,East Coast,0.7647288195675292,7201.0,28.774193548387117,892.0,34.35483870967744,-5.580645161290342,-2.1316282072803006e-14
2024-02-01,-7.551724137931035,910.0,771.448275862069,0.0,0.034482758620689655,644.2068965517242,47.55172413793103,55.172413793103445,8615.0,50.10344827586207,False,False,False,1,East Coast,0.8477453580901857,8093.0,18.000000000000107,522.0,-72.10344827586196,90.10344827586196,-1.0658141036401503e-13
2024-03-01,-131.80645161290323,910.0,762.1612903225806,0.0,10.741935483870968,624.6774193548387,99.03225806451613,53.25806451612903,8824.0,134.48387096774192,False,False,False,1,East Coast,0.8375398794753633,8615.0,6.741935483870918,209.0,-94.9677419354839,101.70967741935488,4.973799150320701e-14
2024-04-01,-160.93333333333334,910.0,777.9333333333333,0.0,0.13333333333333333,627.7,99.56666666666666,57.03333333333333,8943.0,158.7,False,False,False,1,East Coast,0.8548717948717948,8824.0,4.000000000000057,119.0,-93.33333333333327,97.29999999999994,-0.03333333333339006
2024-05-01,-188.06451612903226,910.0,828.6774193548387,0.0,10.387096774193548,689.5483870967741,112.3225806451613,55.83870967741935,7981.0,138.41935483870967,False,False,False,1,East Coast,0.9106345267635589,8943.0,-30.99999999999997,-962.0,-93.67741935483868,62.64516129032255,-0.03225806451615654
2024-06-01,-51.53333333333333,910.0,817.8,0.0,2.1,627.9333333333333,88.43333333333334,52.93333333333333,7754.0,94.56666666666666,False,False,False,1,East Coast,0.8986813186813186,7981.0,-7.56666666666672,-227.0,-139.0333333333334,131.46666666666673,5.3290705182007514e-14
2024-07-01,-130.19354838709677,910.0,819.6129032258065,0.0,11.225806451612904,752.483870967742,62.193548387096776,51.225806451612904,8245.0,110.93548387096774,False,False,False,1,East Coast,0.9006735200283588,7754.0,15.80645161290326,491.0,-27.12903225806449,42.96774193548384,0.032258064516094365
2024-08-01,-70.96774193548387,910.0,757.2903225806451,0.0,0.6774193548387096,546.9354838709677,129.19354838709677,49.83870967741935,7460.0,77.64516129032258,False,False,False,1,East Coast,0.8321871676710386,8245.0,-25.322580645161295,-785.0,-161.19354838709677,135.8709677419355,3.552713678800501e-15
2024-09-01,-109.96666666666667,910.0,770.1666666666666,0.0,10.333333333333334,668.3,64.86666666666666,47.46666666666667,7911.0,124.9,False,False,False,1,East Coast,0.8463369963369963,7460.0,15.066666666666691,451.0,-64.7333333333333,79.76666666666664,-0.033333333333358084
2024-10-01,-82.38709677419355,910.0,715.5483870967741,0.0,10.387096774193548,550.1612903225806,101.09677419354838,52.70967741935484,7822.0,101.48387096774194,False,False,False,1,East Coast,0.786316908897554,7911.0,-2.870967741935445,-89.0,-123.06451612903221,120.19354838709673,-3.907985046680551e-14
2024-11-01,-65.1,910.0,742.7666666666667,0.0,0.1,597.5,96.13333333333334,48.2,8416.0,85.9,False,False,False,1,East Coast,0.8162271062271063,7822.0,19.76666666666675,594.0,-97.1666666666666,116.9666666666666,0.033333333333249726
2024-12-01,-107.80645161290323,910.0,744.7096774193549,0.0,14.161290322580646,603.3870967741935,80.83870967741936,45.74193548387097,7872.0,119.16129032258064,False,False,False,1,East Coast,0.818362282878412,8416.0,-17.548387096774235,-544.0,-109.741935483871,92.19354838709681,4.263256414560601e-14
2025-01-01,-104.09677419354838,912.0,735.1290322580645,0.0,10.548387096774194,630.1935483870968,102.96774193548387,46.645161290322584,8666.0,95.58064516129032,False,False,False,1,East Coast,0.8060625353706847,7872.0,25.61290322580649,794.0,-68.83870967741932,94.45161290322577,-3.907985046680551e-14
2025-02-01,-42.57142857142857,912.0,579.5357142857143,0.0,0.32142857142857145,358.85714285714283,109.14285714285714,51.857142857142854,8068.0,81.17857142857143,False,False,False,1,East Coast,0.6354558270676692,8666.0,-21.392857142857196,-598.0,-169.14285714285725,147.7857142857144,0.03571428571433799
2025-03-01,-111.93548387096774,912.0,514.7741935483871,0.0,14.161290322580646,367.9032258064516,122.45161290322581,48.064516129032256,7651.0,88.96774193548387,False,False,False,1,East Coast,0.5644453876627051,8068.0,-13.483870967741936,-417.0,-112.96774193548387,99.51612903225806,0.03225806451612989
2025-04-01,-35.0,912.0,715.2666666666667,0.0,15.8,597.4666666666667,67.86666666666666,51.733333333333334,8110.0,64.3,False,False,False,1,East Coast,0.7842836257309941,7651.0,15.300000000000054,459.0,-81.8666666666666,97.1666666666666,-5.3290705182007514e-14
2025-05-01,-57.83870967741935,912.0,811.1290322580645,0.0,21.032258064516128,658.516129032258,95.74193548387096,59.96774193548387,8824.0,98.7741935483871,False,False,False,1,East Coast,0.8893958687040181,8110.0,23.00000000000003,714.0,-113.67741935483869,136.70967741935482,0.032258064516099694
2025-06-01,-95.43333333333334,912.0,794.2,0.0,11.266666666666667,688.1666666666666,85.66666666666667,55.13333333333333,9739.0,102.46666666666667,False,False,False,1,East Coast,0.8708333333333333,8824.0,30.533333333333246,915.0,-62.16666666666676,92.66666666666676,-0.03333333333324617
2025-07-01,-118.7741935483871,912.0,757.1290322580645,0.0,10.258064516129032,595.5483870967741,108.41935483870968,54.38709677419355,8439.0,85.87096774193549,False,False,False,1,East Coast,0.8301853423882286,9739.0,-41.935483870967786,-1300.0,-117.45161290322585,75.5161290322581,4.263256414560601e-14
2025-08-01,-65.29032258064517,912.0,808.8709677419355,0.0,20.806451612903224,632.6774193548387,84.25806451612904,55.74193548387097,7752.0,100.16129032258064,False,False,False,1,East Coast,0.8869199207696661,8439.0,-22.12903225806457,-687.0,-141.25806451612908,119.09677419354844,-0.032258064516074825
2025-09-01,-121.43333333333334,912.0,794.1333333333333,0.0,20.0,642.7,99.3,58.9,7395.0,122.76666666666667,False,False,False,1,East Coast,0.8707602339181286,7752.0,-11.899999999999963,-357.0,-112.5333333333333,100.6333333333333,-3.730349362740526e-14
2025-10-01,-74.64516129032258,912.0,840.0967741935484,0.0,24.741935483870968,732.8709677419355,100.16129032258064,63.354838709677416,7832.0,57.16129032258065,False,False,False,1,East Coast,0.9211587436332768,7395.0,14.06451612903225,437.0,-68.61290322580646,82.70967741935485,0.032258064516138774
2025-11-01,-22.133333333333333,912.0,849.4333333333333,0.0,10.866666666666667,641.7666666666667,115.7,58.43333333333333,8383.0,84.86666666666666,False,False,False,1,East Coast,0.9313961988304092,7832.0,18.3333333333333,551.0,-160.10000000000002,178.4666666666667,0.033333333333366966
2025-12-01,-80.45161290322581,912.0,826.741935483871,0.0,21.322580645161292,588.0645161290323,138.61290322580646,62.806451612903224,6591.0,81.2258064516129,False,False,False,1,East Coast,0.9065152801358234,8383.0,-57.8064516129032,-1792.0,-197.19354838709677,139.38709677419354,-2.1316282072803006e-14
2026-01-01,-124.12903225806451,928.0,774.3225806451613,0.0,10.806451612903226,635.2903225806451,106.09677419354838,56.83870967741935,6482.0,107.51612903225806,False,False,False,1,East Coast,0.8343993325917687,6591.0,-3.516129032258121,-109.0,-93.00000000000006,89.48387096774199,5.639932965095795e-14
2026-02-01,-87.17857142857143,928.0,795.0357142857143,0.0,24.25,706.8214285714286,126.25,65.89285714285714,8564.0,81.85714285714286,False,False,False,1,East Coast,0.8567195197044335,6482.0,74.35714285714276,2082.0,-46.57142857142867,120.92857142857153,9.947598300641403e-14
2026-03-01,-106.41935483870968,928.0,822.7741935483871,0.0,10.451612903225806,641.3870967741935,103.16129032258064,65.48387096774194,8537.0,128.70967741935485,False,False,False,1,East Coast,0.8866101223581757,8564.0,-0.9032258064515872,-27.0,-126.3548387096774,125.48387096774191,0.03225806451610336
2026-04-01,-81.13333333333334,928.0,811.2666666666667,0.0,11.1,678.2,141.0,59.266666666666666,8832.0,34.833333333333336,False,False,False,1,East Coast,0.8742097701149425,8537.0,9.800000000000047,295.0,-84.89999999999995,94.73333333333328,0.03333333333328703
2026-05-01,-75.41935483870968,928.0,803.8709677419355,0.0,10.612903225806452,487.258064516129,212.74193548387098,54.87096774193548,8707.0,131.0,False,False,False,1,East Coast,0.8662402669632926,8832.0,-4.0322580645161565,-125.0,-272.35483870967744,268.3225806451613,2.7533531010703882e-14
2026-06-01,-142.73333333333332,928.0,727.0,0.0,21.7,528.9666666666667,232.36666666666667,53.5,9139.0,91.03333333333333,False,False,False,1,East Coast,0.7834051724137931,8707.0,14.433333333333394,432.0,-166.2333333333333,180.6333333333333,-0.03333333333339361
2007-01-01,158.93548387096774,3587.0,3295.7419354838707,0.0,8.709677419354838,1177.516129032258,1450.741935483871,435.83870967741933,66002.0,0.0,True,False,False,2,Midwest,0.9188017662347006,,-81.41935483870935,,-1691.0967741935483,,
2007-02-01,38.892857142857146,3587.0,3219.214285714286,0.0,18.714285714285715,1117.9642857142858,1692.142857142857,455.75,67873.0,0.0,True,False,False,2,Midwest,0.8974670436895137,66002.0,66.82142857142847,1871.0,-1664.2142857142858,1731.0357142857144,9.947598300641403e-14
2007-03-01,39.16129032258065,3587.0,3217.032258064516,0.0,14.0,1116.8709677419354,1764.9032258064517,475.38709677419354,72997.0,0.0,True,False,False,2,Midwest,0.896858728203099,67873.0,165.29032258064527,5124.0,-1638.7741935483873,1804.0645161290324,-1.1368683772161603e-13
2007-04-01,-22.0,3587.0,3308.633333333333,0.0,18.433333333333334,1226.8666666666666,1694.9,472.96666666666664,74366.0,0.0,True,False,False,2,Midwest,0.9223956881330732,72997.0,45.66666666666674,1369.0,-1627.2333333333333,1672.8666666666668,-0.0333333333334096
2007-05-01,10.32258064516129,3599.0,3310.6129032258063,0.0,31.774193548387096,1082.4193548387098,1758.8387096774193,486.5483870967742,74234.0,0.0,True,False,False,2,Midwest,0.9198702148446253,74366.0,-4.258064516128959,-132.0,-1773.4193548387095,1769.1612903225805,-7.283063041541027e-14
2007-06-01,-72.76666666666667,3599.0,3237.233333333333,0.0,51.166666666666664,1026.1333333333334,1705.3666666666666,473.8333333333333,69559.0,0.0,True,False,False,2,Midwest,0.8994813374085393,74234.0,-155.83333333333303,-4675.0,-1788.4333333333332,1632.6,-3.126388037344441e-13
2007-07-01,6.903225806451613,3599.0,3203.2258064516127,0.0,13.129032258064516,1043.5483870967741,1579.3548387096773,481.19354838709677,66293.0,0.0,True,False,False,2,Midwest,0.8900321773969472,69559.0,-105.35483870967764,-3266.0,-1691.6129032258063,1586.258064516129,2.1316282072803006e-13
2007-08-01,-113.51612903225806,3599.0,3308.1935483870966,0.0,7.548387096774194,1170.8064516129032,1666.4193548387098,487.5806451612903,63055.0,0.0,True,False,False,2,Midwest,0.9191979851033889,66293.0,-104.45161290322564,-3238.0,-1657.3548387096773,1552.9032258064515,-1.7053025658242404e-13
2007-09-01,71.8,3599.0,3221.5666666666666,0.0,10.866666666666667,1148.3333333333333,1424.7666666666667,495.3,60288.0,0.0,True,False,False,2,Midwest,0.8951282763730666,63055.0,-92.23333333333308,-2767.0,-1588.8,1496.5666666666666,-2.5579538487363607e-13
2007-10-01,-25.451612903225808,3599.0,3063.0,0.0,9.612903225806452,1136.1290322580646,1477.032258064516,461.0,59547.0,0.0,True,False,False,2,Midwest,0.8510697415948875,60288.0,-23.90322580645143,-741.0,-1475.4838709677417,1451.58064516129,-1.8118839761882555e-13
2007-11-01,58.266666666666666,3599.0,3106.266666666667,0.0,8.433333333333334,1151.6,1501.9666666666667,495.8333333333333,62335.0,0.0,True,False,False,2,Midwest,0.8630915995183848,59547.0,92.96666666666648,2788.0,-1467.266666666667,1560.2000000000005,-0.0333333333331467
2007-12-01,-106.70967741935483,3599.0,3223.6774193548385,0.0,5.451612903225806,1153.0,1593.5483870967741,482.96774193548384,59039.0,0.0,True,False,False,2,Midwest,0.8957147594761985,62335.0,-106.32258064516118,-3296.0,-1593.1612903225805,1486.8387096774193,-1.1368683772161603e-13
2008-01-01,-29.193548387096776,3658.0,3213.2903225806454,0.0,10.96774193548387,1244.5806451612902,1528.3225806451612,510.64516129032256,59972.0,0.0,True,False,False,2,Midwest,0.8784281909733859,59039.0,30.096774193547894,933.0,-1469.0322580645166,1499.1290322580649,4.938272013532696e-13
2008-02-01,-82.17241379310344,3658.0,3188.344827586207,0.0,8.96551724137931,1226.344827586207,1572.4137931034484,489.0344827586207,60213.0,0.0,True,False,False,2,Midwest,0.8716087554910352,59972.0,8.310344827586547,241.0,-1481.9310344827586,1490.2413793103449,-3.410605131648481e-13
2008-03-01,47.74193548387097,3658.0,2943.483870967742,0.0,21.70967741935484,1142.0967741935483,1358.3225806451612,517.258064516129,63320.0,0.0,True,False,False,2,Midwest,0.8046702763717173,60213.0,100.22580645161293,3107.0,-1305.8387096774195,1406.0645161290324,-2.842170943040401e-14
2008-04-01,-14.6,3658.0,3248.233333333333,0.0,13.9,1206.4666666666667,1599.5333333333333,529.5333333333333,65084.0,0.0,True,False,False,2,Midwest,0.8879806816110807,63320.0,58.80000000000009,1764.0,-1526.1333333333332,1584.9333333333332,-9.237055564881302e-14
2008-05-01,-0.6129032258064516,3671.0,3376.1612903225805,0.0,14.612903225806452,1126.1935483870968,1699.6774193548388,533.5806451612904,64094.0,0.0,True,False,False,2,Midwest,0.9196843612973523,65084.0,-31.93548387096745,-990.0,-1730.9999999999995,1699.0645161290317,-2.913225216616411e-13
2008-06-01,23.8,3674.0,3359.3,0.0,13.233333333333333,1139.7666666666667,1653.7,536.1,63519.0,0.0,True,False,False,2,Midwest,0.9143440391943386,64094.0,-19.166666666666924,-575.0,-1696.6666666666667,1677.5,2.5579538487363607e-13
2008-07-01,40.25806451612903,3674.0,3283.8709677419356,0.0,24.0,1213.6129032258063,1492.2903225806451,541.0322580645161,62878.0,0.0,True,False,False,2,Midwest,0.8938135459286706,63519.0,-20.677419354838996,-641.0,-1553.2258064516132,1532.5483870967744,2.877698079828406e-13
2008-08-01,60.16129032258065,3674.0,3251.0,0.0,25.774193548387096,1110.4193548387098,1503.8064516129032,560.9354838709677,61593.0,0.0,True,False,False,2,Midwest,0.8848666303756124,62878.0,-41.4516129032257,-1285.0,-1605.4193548387095,1563.9677419354837,-1.0658141036401503e-13
2008-09-01,49.8,3674.0,3212.6666666666665,0.0,39.0,1123.7333333333333,1437.6666666666667,570.7666666666667,59503.0,0.0,True,False,False,2,Midwest,0.8744329522772636,61593.0,-69.69999999999955,-2090.0,-1557.1666666666665,1487.4999999999998,0.03333333333287669
2008-10-01,-55.516129032258064,3680.0,3190.548387096774,0.0,17.548387096774192,1235.6129032258063,1567.9354838709678,582.741935483871,63306.0,0.0,True,False,False,2,Midwest,0.8669968443197756,59503.0,122.67741935483853,3803.0,-1389.741935483871,1512.4193548387098,1.7053025658242404e-13
2008-11-01,185.9,3680.0,3258.9666666666667,0.0,22.433333333333334,1221.0,1485.5,590.9333333333333,69364.0,0.0,True,False,False,2,Midwest,0.885588768115942,63306.0,201.9333333333333,6058.0,-1469.4666666666667,1671.4,2.842170943040401e-14
2008-12-01,148.6451612903226,3680.0,3129.516129032258,0.0,45.483870967741936,1269.2903225806451,1480.9032258064517,566.8387096774194,78375.0,0.0,True,False,False,2,Midwest,0.8504119915848527,69364.0,290.6774193548389,9011.0,-1338.8709677419356,1629.5483870967744,-1.7053025658242404e-13
2009-01-01,220.06451612903226,3672.0,3126.483870967742,0.0,33.193548387096776,1259.5483870967741,1280.4516129032259,555.8709677419355,83218.0,0.0,True,False,False,2,Midwest,0.8514389626818469,78375.0,156.25806451612908,4843.0,-1344.258064516129,1500.483870967742,-0.03225806451618496
2009-02-01,326.82142857142856,3672.0,3164.5714285714284,0.0,29.214285714285715,1084.7142857142858,1312.8214285714287,579.1071428571429,86289.0,0.0,True,False,False,2,Midwest,0.8618113912231559,83218.0,109.6785714285719,3071.0,-1529.9642857142856,1639.6428571428569,-4.689582056016661e-13
2009-03-01,144.4516129032258,3672.0,2954.516129032258,0.0,26.193548387096776,1140.7096774193549,1041.1612903225807,565.9032258064516,83546.0,0.0,True,False,False,2,Midwest,0.80460678895214,86289.0,-88.48387096774178,-2743.0,-1274.0967741935485,1185.6129032258066,-1.5631940186722204e-13
2009-04-01,195.23333333333332,3672.0,3107.7,0.0,22.9,1148.7,1272.9333333333334,567.7,85164.0,0.0,True,False,False,2,Midwest,0.8463235294117647,83546.0,53.96666666666667,1618.0,-1414.1999999999998,1468.1333333333332,-0.033333333333338544
2009-05-01,264.4516129032258,3672.0,3212.6774193548385,0.0,30.225806451612904,987.1935483870968,1332.3548387096773,582.5806451612904,82798.0,0.0,True,False,False,2,Midwest,0.8749121512404244,85164.0,-76.32258064516128,-2366.0,-1673.1290322580642,1596.806451612903,-1.4210854715202004e-14
2009-06-01,93.06666666666666,3672.0,3298.4,0.0,25.866666666666667,1281.4333333333334,1259.3333333333333,594.3333333333334,79916.0,0.0,True,False,False,2,Midwest,0.8982570806100219,82798.0,-96.09999999999985,-2882.0,-1448.4999999999998,1352.4333333333332,0.03333333333318933
2009-07-01,127.64516129032258,3672.0,3287.0,0.0,31.29032258064516,1318.0,1374.8064516129032,603.1612903225806,83181.0,0.0,True,False,False,2,Midwest,0.8951525054466231,79916.0,105.32258064516112,3265.0,-1397.1290322580646,1502.4516129032259,1.7053025658242404e-13
2009-08-01,153.74193548387098,3672.0,3167.6129032258063,0.0,33.29032258064516,1244.0645161290322,1091.6129032258063,595.8387096774194,79596.0,0.0,True,False,False,2,Midwest,0.862639679527725,83181.0,-115.64516129032245,-3585.0,-1360.9999999999998,1245.354838709677,-1.2789769243681803e-13
2009-09-01,238.36666666666667,3672.0,3174.6,0.0,40.06666666666667,1202.7333333333333,1041.3,616.7333333333333,76130.0,0.0,True,False,False,2,Midwest,0.8645424836601306,79596.0,-115.53333333333342,-3466.0,-1395.1999999999998,1279.6666666666665,8.526512829121202e-14
2009-10-01,258.5806451612903,3672.0,2968.064516129032,0.0,49.645161290322584,1139.3870967741937,1017.9677419354839,606.8387096774194,76287.0,0.0,True,False,False,2,Midwest,0.8082964368543116,76130.0,5.064516129032484,157.0,-1271.4838709677417,1276.548387096774,-2.255973186038318e-13
2009-11-01,207.23333333333332,3672.0,3014.4333333333334,0.0,43.03333333333333,1298.1,1234.3333333333333,614.9666666666667,85201.0,0.0,True,False,False,2,Midwest,0.8209241103848948,76287.0,297.1666666666665,8914.0,-1144.4,1441.5333333333333,-0.03333333333318933
2009-12-01,152.70967741935485,3672.0,3152.2580645161293,0.0,58.41935483870968,1332.4193548387098,1214.0,597.5806451612904,87868.0,0.0,True,False,False,2,Midwest,0.8584580785719306,85201.0,86.03225806451584,2667.0,-1280.677419354839,1366.709677419355,2.8421709430404007e-13
2010-01-01,348.38709677419354,3723.0,3199.483870967742,0.0,13.193548387096774,1120.741935483871,1005.8709677419355,585.9677419354839,83164.0,0.0,True,False,False,2,Midwest,0.859383258385104,87868.0,-151.70967741935488,-4704.0,-1505.967741935484,1354.225806451613,-0.032258064516099694
2010-02-01,173.92857142857142,3723.0,3275.6071428571427,0.0,23.75,1137.0,1277.4642857142858,634.9285714285714,81035.0,0.0,True,False,False,2,Midwest,0.8798300141974598,83164.0,-76.03571428571391,-2129.0,-1527.428571428571,1451.3928571428569,-3.836930773104541e-13
2010-03-01,160.25806451612902,3723.0,3084.3225806451615,0.0,42.774193548387096,1217.774193548387,1212.1935483870968,660.9032258064516,84879.0,0.0,True,False,False,2,Midwest,0.8284508677531994,81035.0,124.0322580645161,3844.0,-1248.41935483871,1372.41935483871,-0.032258064516099694
2010-04-01,176.3,3723.0,3133.133333333333,0.0,32.96666666666667,1136.4666666666667,1392.5333333333333,672.1666666666666,91220.0,0.0,True,False,False,2,Midwest,0.8415614647685558,84879.0,211.36666666666662,6341.0,-1357.4666666666667,1568.8333333333335,5.684341886080802e-14
2010-05-01,390.741935483871,3723.0,3410.2903225806454,0.0,36.12903225806452,1246.3225806451612,1216.2903225806451,674.741935483871,93753.0,0.0,True,False,False,2,Midwest,0.9160059958583522,91220.0,81.6774193548381,2533.0,-1525.3548387096778,1607.0645161290327,0.03225806451673918
2010-06-01,270.76666666666665,3723.0,3441.766666666667,0.0,31.2,1361.3,1168.9,697.7666666666667,94526.0,0.0,True,False,False,2,Midwest,0.9244605604798998,93753.0,25.76666666666665,773.0,-1413.9000000000003,1439.666666666667,1.4210854715202004e-14
2010-07-01,371.2258064516129,3728.0,3457.3225806451615,0.0,36.225806451612904,1301.8387096774193,1167.225806451613,702.741935483871,96060.0,0.0,True,False,False,2,Midwest,0.9273933960958051,94526.0,49.483870967741495,1534.0,-1488.9677419354841,1538.451612903226,4.405364961712621e-13
2010-08-01,191.74193548387098,3728.0,3434.483870967742,0.0,30.06451612903226,1193.3225806451612,1256.3548387096773,709.6129032258065,92541.0,0.0,True,False,False,2,Midwest,0.921267132770317,96060.0,-113.51612903225828,-3519.0,-1561.6129032258063,1448.0967741935483,2.1316282072803006e-13
2010-09-01,278.8333333333333,3728.0,3312.266666666667,0.0,61.266666666666666,1125.1666666666667,1186.8,734.1333333333333,91083.0,0.0,True,False,False,2,Midwest,0.888483547925608,92541.0,-48.60000000000031,-1458.0,-1514.2333333333333,1465.6333333333334,3.055333763768431e-13
2010-10-01,342.93548387096774,3728.0,3062.7741935483873,0.0,21.967741935483872,1091.5483870967741,861.9677419354839,729.9032258064516,89274.0,0.0,True,False,False,2,Midwest,0.8215596012737091,91083.0,-58.38709677419371,-1809.0,-1263.2903225806454,1204.935483870968,0.03225806451629154
2010-11-01,328.8333333333333,3728.0,3244.1666666666665,0.0,30.166666666666668,1272.5333333333333,970.1,753.5666666666667,90795.0,0.0,True,False,False,2,Midwest,0.8702163805436337,89274.0,50.69999999999999,1521.0,-1248.2333333333333,1298.9333333333334,1.4210854715202004e-14
2010-12-01,367.3225806451613,3728.0,3319.7096774193546,0.0,34.58064516129032,1327.741935483871,1102.7096774193549,750.0,96793.0,0.0,True,False,False,2,Midwest,0.8904800636854492,90795.0,193.48387096774223,5998.0,-1276.5483870967737,1470.0322580645156,-3.126388037344441e-13
2011-01-01,219.3548387096774,3721.0,3306.1612903225805,0.0,37.54838709677419,1470.0967741935483,934.2903225806451,733.0322580645161,97198.0,0.0,True,False,False,2,Midwest,0.8885141871331848,96793.0,13.064516129032285,405.0,-1140.5806451612902,1153.6451612903224,-2.6645352591003757e-14
2011-02-01,313.07142857142856,3721.0,3305.6785714285716,0.0,30.25,1564.7142857142858,898.3214285714286,711.7142857142857,101452.0,0.0,True,False,False,2,Midwest,0.8883844588628249,97198.0,151.8928571428571,4254.0,-1059.5,1211.4285714285713,0.035714285714306016
2011-03-01,277.48387096774195,3721.0,3240.6129032258063,0.0,31.032258064516128,1506.1935483870968,778.7096774193549,784.2903225806451,103778.0,0.0,True,False,False,2,Midwest,0.8708983883971531,101452.0,75.03225806451655,2326.0,-981.1612903225805,1056.1935483870966,-4.263256414560601e-13
2011-04-01,341.8666666666667,3721.0,3240.5,0.0,28.866666666666667,1389.8666666666666,712.6,763.7333333333333,101938.0,0.0,True,False,False,2,Midwest,0.8708680462241333,103778.0,-61.29999999999973,-1840.0,-1115.7666666666667,1054.4333333333334,-0.03333333333360855
2011-05-01,217.32258064516128,3721.0,3309.2903225806454,0.0,25.612903225806452,1321.8709677419354,939.5483870967741,779.5483870967741,99563.0,0.0,True,False,False,2,Midwest,0.8893550987854462,101938.0,-76.61290322580675,-2375.0,-1233.4838709677424,1156.870967741936,2.984279490192421e-13
2011-06-01,267.5,3721.0,3468.8333333333335,0.0,26.666666666666668,1354.7,967.8,809.3,96677.0,0.0,True,False,False,2,Midwest,0.9322314789931022,99563.0,-96.2000000000005,-2886.0,-1331.5000000000002,1235.3000000000002,4.973799150320701e-13
2011-07-01,333.7096774193548,3721.0,3477.7419354838707,0.0,54.74193548387097,1405.1935483870968,856.8709677419355,841.741935483871,93732.0,0.0,True,False,False,2,Midwest,0.9346256209308978,96677.0,-94.96774193548384,-2945.0,-1285.548387096774,1190.548387096774,-0.03225806451615654
2011-08-01,202.06451612903226,3721.0,3360.064516129032,0.0,28.387096774193548,1490.0967741935483,831.2903225806451,868.9677419354839,93855.0,0.0,True,False,False,2,Midwest,0.9030004074520377,93732.0,3.9677419354837298,123.0,-1029.3870967741937,1033.3548387096776,1.412203687323199e-13
2011-09-01,118.0,3721.0,3459.1666666666665,0.0,29.933333333333334,1626.8666666666666,723.9,893.6666666666666,90055.0,0.0,True,False,False,2,Midwest,0.9296336110364597,93855.0,-126.66666666666674,-3800.0,-968.5666666666665,841.8999999999999,7.105427357601002e-14
2011-10-01,228.41935483870967,3721.0,3344.2258064516127,0.0,47.806451612903224,1512.5483870967741,738.8709677419355,921.741935483871,90351.0,0.0,True,False,False,2,Midwest,0.8987438340369828,90055.0,9.548387096774633,296.0,-957.741935483871,967.2903225806451,-4.3876013933186186e-13
2011-11-01,289.06666666666666,3721.0,3421.8,0.0,54.63333333333333,1591.2666666666667,640.6,958.4,90438.0,0.0,True,False,False,2,Midwest,0.9195915076592315,90351.0,2.8999999999999204,87.0,-926.766666666667,929.666666666667,7.949196856316121e-14
2011-12-01,161.93548387096774,3721.0,3521.7741935483873,0.0,49.806451612903224,1698.1290322580646,737.0645161290323,975.0322580645161,90455.0,0.0,True,False,False,2,Midwest,0.9464590684085964,90438.0,0.5806451612903061,17.0,-898.41935483871,898.9677419354841,-0.03225806451611257
2012-01-01,236.83870967741936,3710.0,3491.8387096774195,0.0,74.03225806451613,1732.0967741935483,647.3548387096774,1005.9677419354839,92203.0,0.0,True,False,False,2,Midwest,0.9411964177028085,90455.0,56.387096774193395,1748.0,-827.8064516129034,884.1935483870969,1.5631940186722204e-13
2012-02-01,130.51724137931035,3710.0,3467.4827586206898,0.0,58.86206896551724,1830.344827586207,664.0,1034.0,96046.0,0.0,True,False,False,2,Midwest,0.9346314713263315,92203.0,132.51724137931035,3843.0,-662.0,794.5172413793103,0.0
2012-03-01,174.5483870967742,3710.0,3375.6774193548385,0.0,45.903225806451616,1752.1935483870968,590.9032258064516,1045.5806451612902,100436.0,0.0,True,False,False,2,Midwest,0.9098860968611424,96046.0,141.64516129032273,4390.0,-623.8064516129028,765.4193548387093,-0.032258064516270224
2012-04-01,116.8,3710.0,3527.233333333333,0.0,39.333333333333336,1766.0666666666666,733.0,1068.7333333333333,103977.0,0.0,True,False,False,2,Midwest,0.9507367475292003,100436.0,118.03333333333323,3541.0,-731.7666666666663,849.7999999999996,9.947598300641403e-14
2012-05-01,151.93548387096774,3710.0,3480.6774193548385,0.0,55.483870967741936,1717.7096774193549,660.2903225806451,1127.4193548387098,107733.0,0.0,True,False,False,2,Midwest,0.9381879836535953,103977.0,121.193548387097,3756.0,-691.0322580645161,812.1935483870967,-0.03225806451635549
2012-06-01,149.7,3710.0,3466.233333333333,0.0,42.733333333333334,1765.8,445.1,1136.1333333333334,107366.0,0.0,True,False,False,2,Midwest,0.93429469901168,107733.0,-12.233333333332837,-367.0,-607.0333333333331,594.7999999999997,-4.956035581926699e-13
2012-07-01,161.48387096774192,3725.0,3498.7741935483873,0.0,71.12903225806451,1780.225806451613,307.38709677419354,1157.8709677419354,102315.0,0.0,True,False,False,2,Midwest,0.9392682398787617,107366.0,-162.93548387096783,-5051.0,-631.8064516129035,468.8709677419358,8.526512829121202e-14
2012-08-01,135.70967741935485,3725.0,3527.064516129032,0.0,51.29032258064516,1754.483870967742,445.1290322580645,1196.7096774193549,100879.0,0.0,True,False,False,2,Midwest,0.9468629573500758,102315.0,-46.32258064516091,-1436.0,-627.1612903225807,580.8387096774194,-3.765876499528531e-13
2012-09-01,151.46666666666667,3726.0,3371.5333333333333,0.0,54.36666666666667,1684.2666666666667,462.53333333333336,1216.9333333333334,103558.0,0.0,True,False,False,2,Midwest,0.9048667024512435,100879.0,89.3000000000001,2679.0,-524.7000000000002,614.0000000000001,-9.947598300641403e-14
2012-10-01,-27.322580645161292,3726.0,3334.064516129032,0.0,42.516129032258064,1570.032258064516,519.8709677419355,1264.225806451613,102014.0,0.0,True,False,False,2,Midwest,0.8948106591865358,103558.0,-49.77419354838726,-1544.0,-542.3225806451615,492.5161290322582,-0.03225806451596469
2012-11-01,141.96666666666667,3726.0,3319.4,0.0,60.96666666666667,1625.3666666666666,474.03333333333336,1249.5666666666666,105330.0,0.0,True,False,False,2,Midwest,0.8908749329039184,102014.0,110.5666666666664,3316.0,-505.4333333333334,615.9666666666667,-0.03333333333307564
2012-12-01,190.0,3726.0,3444.7096774193546,0.0,57.54838709677419,1786.741935483871,455.741935483871,1271.774193548387,111592.0,0.0,True,False,False,2,Midwest,0.924506086263917,105330.0,201.99999999999994,6262.0,-443.7419354838708,645.7419354838707,5.684341886080802e-14
2013-01-01,118.12903225806451,3769.0,3405.2903225806454,0.0,55.70967741935484,1964.774193548387,245.61290322580646,1267.774193548387,115786.0,0.0,True,False,False,2,Midwest,0.9034996876043102,111592.0,135.2903225806447,4194.0,-228.45161290322605,363.7419354838712,4.547473508864641e-13
2013-02-01,89.28571428571429,3769.0,3396.3571428571427,0.0,65.5,2021.9642857142858,9.035714285714286,1261.5,113545.0,0.0,True,False,False,2,Midwest,0.9011295152181328,115786.0,-80.07142857142831,-2241.0,-178.39285714285688,98.35714285714259,0.0357142857140218
2013-03-01,290.8709677419355,3769.0,3269.516129032258,0.0,53.096774193548384,1839.032258064516,-47.29032258064516,1327.8709677419354,116269.0,0.0,True,False,False,2,Midwest,0.8674757572385933,113545.0,87.87096774193537,2724.0,-155.70967741935473,243.58064516129022,1.1368683772161603e-13
2013-04-01,94.1,3769.0,3187.733333333333,0.0,26.0,1777.3666666666666,-49.86666666666667,1352.8,115089.0,0.0,True,False,False,2,Midwest,0.8457769523304147,116269.0,-39.333333333333286,-1180.0,-83.5666666666666,44.23333333333327,-4.973799150320701e-14
2013-05-01,160.58064516129033,3769.0,3136.548387096774,0.0,63.225806451612904,1651.4193548387098,51.903225806451616,1366.516129032258,116038.0,0.0,True,False,False,2,Midwest,0.8321964412567722,115089.0,30.645161290322704,949.0,-181.83870967741925,212.4516129032257,-0.03225806451625246
2013-06-01,171.23333333333332,3769.0,3356.766666666667,0.0,31.833333333333332,1772.0,-43.56666666666667,1382.4666666666667,112844.0,0.0,True,False,False,2,Midwest,0.8906252763774654,116038.0,-106.4666666666669,-3194.0,-234.13333333333352,127.66666666666686,2.2737367544323206e-13
2013-07-01,-47.16129032258065,3769.0,3573.967741935484,0.0,33.096774193548384,1908.032258064516,-38.25806451612903,1430.4193548387098,101869.0,0.0,True,False,False,2,Midwest,0.9482535797122537,112844.0,-354.03225806451616,-10975.0,-268.61290322580646,-85.4193548387097,0.0
2013-08-01,112.12903225806451,3771.0,3531.967741935484,0.0,16.93548387096774,1888.6451612903227,-37.87096774193548,1500.4516129032259,99217.0,0.0,True,False,False,2,Midwest,0.9366130315395078,101869.0,-85.54838709677409,-2652.0,-159.80645161290334,74.25806451612915,-9.947598300641403e-14
2013-09-01,82.3,3771.0,3415.866666666667,0.0,80.4,1841.5333333333333,57.6,1527.2,99588.0,0.0,True,False,False,2,Midwest,0.9058251568991426,99217.0,12.366666666666546,371.0,-127.53333333333322,139.8999999999999,1.2079226507921703e-13
2013-10-01,70.2258064516129,3771.0,3463.7741935483873,0.0,35.806451612903224,1937.3225806451612,84.0,1552.0645161290322,104054.0,0.0,True,False,False,2,Midwest,0.9185293538977426,99588.0,144.0322580645158,4466.0,-10.19354838709733,154.2580645161296,0.032258064516469176
2013-11-01,207.8,3771.0,3569.4,0.0,76.1,1904.1333333333334,9.733333333333333,1554.9666666666667,104988.0,0.0,True,False,False,2,Midwest,0.9465393794749404,104054.0,31.133333333333383,934.0,-186.39999999999972,217.53333333333305,-4.973799150320701e-14
2013-12-01,246.19354838709677,3771.0,3556.3548387096776,0.0,77.19354838709677,1986.5806451612902,-107.29032258064517,1508.0645161290322,104988.0,0.0,True,False,False,2,Midwest,0.9430800420868941,104988.0,-2.8421709430404007e-13,0.0,-138.90322580645187,138.90322580645187,2.8421709430404007e-13
2014-01-01,-174.80645161290323,3810.0,3485.3870967741937,0.0,54.354838709677416,2124.6129032258063,55.32258064516129,1559.0,105744.0,0.0,True,False,False,2,Midwest,0.9147997629328593,104988.0,24.38709677419334,756.0,143.8709677419353,-119.48387096774174,2.0961010704922955e-13
2014-02-01,306.32142857142856,3810.0,3538.3928571428573,0.0,142.67857142857142,1840.357142857143,-294.9642857142857,1550.6785714285713,97942.0,0.0,True,False,False,2,Midwest,0.9287120359955006,105744.0,-278.6785714285717,-7802.0,-290.03571428571456,11.392857142857395,0.03571428571450497
2014-03-01,60.516129032258064,3810.0,3218.6451612903224,0.0,57.903225806451616,1884.4193548387098,-346.3225806451613,1596.0645161290322,95403.0,0.0,True,False,False,2,Midwest,0.8447887562441792,97942.0,-81.87096774193533,-2539.0,203.9354838709679,-285.8387096774195,-0.032258064516284435
2014-04-01,240.26666666666668,3810.0,3482.2,0.0,109.23333333333333,1915.9,-373.4,1598.0,89083.0,0.0,True,False,False,2,Midwest,0.9139632545931758,95403.0,-210.66666666666637,-6320.0,-77.53333333333306,-133.1333333333336,-2.8421709430404007e-13
2014-05-01,247.74193548387098,3810.0,3594.032258064516,0.0,65.61290322580645,1899.3225806451612,-247.3548387096774,1686.967741935484,86821.0,0.0,True,False,False,2,Midwest,0.9433155532977733,89083.0,-72.96774193548384,-2262.0,-73.35483870967765,0.38709677419377897,-2.842170943040401e-14
2014-06-01,33.03333333333333,3810.0,3662.1,0.0,84.7,2117.866666666667,-169.1,1731.1333333333334,85805.0,0.0,True,False,False,2,Midwest,0.9611811023622047,86821.0,-33.86666666666635,-1016.0,102.20000000000009,-136.06666666666675,-3.197442310920451e-13
2014-07-01,167.09677419354838,3810.0,3716.8709677419356,0.0,102.54838709677419,2045.9354838709678,-320.4193548387097,1787.6451612903227,81491.0,0.0,True,False,False,2,Midwest,0.9755566844467023,85805.0,-139.16129032258064,-4314.0,14.16129032258091,-153.32258064516157,0.0
2014-08-01,71.61290322580645,3810.0,3573.9032258064517,0.0,99.38709677419355,2104.2580645161293,-286.1290322580645,1801.516129032258,82048.0,0.0,True,False,False,2,Midwest,0.9380323427313522,81491.0,17.967741935484,557.0,232.48387096774206,-214.5161290322582,-1.2789769243681803e-13
2014-09-01,-85.86666666666666,3810.0,3570.9,0.0,92.63333333333334,2235.766666666667,-206.8,1869.2333333333333,86512.0,0.0,True,False,False,2,Midwest,0.937244094488189,82048.0,148.80000000000013,4464.0,441.4666666666666,-292.6666666666666,-1.1368683772161603e-13
2014-10-01,168.41935483870967,3810.0,3282.8387096774195,0.0,112.09677419354838,2126.8387096774195,-570.3225806451613,1891.3548387096773,93374.0,0.0,True,False,False,2,Midwest,0.8616374566082466,86512.0,221.35483870967724,6862.0,623.2580645161287,-401.90322580645125,1.7053025658242404e-13
2014-11-01,197.36666666666667,3798.0,3465.866666666667,0.0,128.46666666666667,2041.6,-344.53333333333336,1881.1666666666667,98813.0,0.0,True,False,False,2,Midwest,0.9125504651571003,93374.0,181.26666666666648,5439.0,328.43333333333294,-147.13333333333293,0.03333333333353039
2014-12-01,-93.64516129032258,3798.0,3685.2903225806454,0.0,87.12903225806451,2471.3870967741937,-350.96774193548384,1930.8709677419354,104555.0,0.0,True,False,False,2,Midwest,0.9703239395946933,98813.0,185.22580645161275,5742.0,629.8387096774189,-444.612903225806,1.4210854715202004e-13
2015-01-01,61.74193548387097,3859.0,3428.8064516129034,0.0,132.70967741935485,2278.6129032258063,-282.5806451612903,1902.3870967741937,116913.0,0.0,True,False,False,2,Midwest,0.8885220138929524,104555.0,398.6451612903224,12358.0,619.4838709677417,-220.83870967741916,1.7053025658242404e-13
2015-02-01,13.571428571428571,3842.0,3562.25,0.0,107.67857142857143,2359.6071428571427,-216.07142857142858,1860.75,126655.0,0.0,True,False,False,2,Midwest,0.9271863612701717,116913.0,347.9285714285712,9742.0,550.4285714285717,-202.50000000000023,2.2737367544323206e-13
2015-03-01,-65.2258064516129,3842.0,3512.9032258064517,0.0,97.64516129032258,2346.1935483870966,-188.09677419354838,1928.0645161290322,139376.0,0.0,True,False,False,2,Midwest,0.9143423284243758,126655.0,410.3870967741932,12721.0,663.7096774193545,-253.3548387096771,-0.03225806451575863
2015-04-01,-3.7666666666666666,3842.0,3699.733333333333,0.0,131.56666666666666,2370.133333333333,-447.53333333333336,1914.7333333333333,139444.0,0.0,True,False,False,2,Midwest,0.9629706749956619,139376.0,2.26666666666675,68.0,453.566666666667,-451.30000000000035,-8.348877145181177e-14
2015-05-01,7.935483870967742,3842.0,3674.3225806451615,0.0,67.51612903225806,2118.1935483870966,-441.741935483871,1933.4516129032259,135599.0,0.0,True,False,False,2,Midwest,0.9563567362428843,139444.0,-124.00000000000028,-3845.0,309.80645161290295,-433.83870967741905,-0.0322580645158439
2015-06-01,-27.166666666666668,3880.0,3704.633333333333,0.0,96.23333333333333,2175.5333333333333,-353.43333333333334,1950.6666666666667,133942.0,0.0,True,False,False,2,Midwest,0.9548024054982818,135599.0,-55.266666666666524,-1657.0,325.33333333333326,-380.5666666666666,0.03333333333318933
2015-07-01,24.93548387096774,3880.0,3815.483870967742,0.0,89.58064516129032,2184.9032258064517,-228.3548387096774,1918.741935483871,133792.0,0.0,True,False,False,2,Midwest,0.983372131692717,133942.0,-4.838709677419249,-150.0,198.58064516129065,-203.41935483871,-1.056932319443149e-13
2015-08-01,-114.35483870967742,3880.0,3638.0967741935483,0.0,94.3225806451613,2502.6774193548385,-497.5483870967742,1890.483870967742,135307.0,0.0,True,False,False,2,Midwest,0.9376538077818424,133792.0,48.83870967741923,1515.0,660.7419354838709,-611.8709677419354,0.03225806451624891
2015-09-01,-22.966666666666665,3885.0,3483.1,0.0,95.13333333333334,2451.8333333333335,-992.4666666666667,1872.9333333333334,127240.0,0.0,True,False,False,2,Midwest,0.8965508365508366,135307.0,-268.8999999999997,-8067.0,746.5333333333332,-1015.4333333333332,-2.8421709430404007e-13
2015-10-01,-62.16129032258065,3885.0,3010.1612903225805,0.0,38.41935483870968,2102.1935483870966,-697.258064516129,1888.5806451612902,132906.0,0.0,True,False,False,2,Midwest,0.7748162909453231,127240.0,182.77419354838705,5666.0,942.1935483870967,-759.4193548387096,5.684341886080802e-14
2015-11-01,-27.333333333333332,3892.0,3553.366666666667,0.0,28.666666666666668,2349.0666666666666,-282.76666666666665,1863.0666666666666,142507.0,0.0,True,False,False,2,Midwest,0.9129924631723193,132906.0,319.99999999999983,9601.0,630.0999999999998,-310.06666666666644,0.03333333333353039
2015-12-01,-443.7741935483871,3892.0,3661.1612903225805,0.0,29.29032258064516,2567.967741935484,-238.51612903225808,1869.1612903225807,144504.0,0.0,True,False,False,2,Midwest,0.9406889235155654,142507.0,64.38709677419388,1997.0,746.6774193548388,-682.2580645161291,0.032258064515801266
2016-01-01,-276.7096774193548,3922.0,3723.8064516129034,0.0,41.58064516129032,2528.483870967742,-255.06451612903226,1815.0645161290322,145942.0,0.0,True,False,False,2,Midwest,0.9494662038788637,144504.0,46.38709677419331,1438.0,578.1612903225808,-531.7741935483873,2.4158453015843406e-13
2016-02-01,-494.7586206896552,3922.0,3626.5172413793102,0.0,54.86206896551724,2701.2758620689656,-204.3793103448276,1760.6896551724137,148304.0,0.0,True,False,False,2,Midwest,0.9246601839314916,145942.0,81.44827586206912,2362.0,780.5862068965521,-699.1379310344831,-1.5631940186722204e-13
2016-03-01,-389.6774193548387,3924.0,3408.7741935483873,0.0,30.741935483870968,2482.0967741935483,-387.0967741935484,1799.225806451613,150319.0,0.0,True,False,False,2,Midwest,0.8686988260826675,148304.0,65.03225806451582,2015.0,841.8064516129027,-776.8064516129027,-0.03225806451581548
2016-04-01,-303.6333333333333,3924.0,3333.5666666666666,0.0,79.8,2226.5666666666666,-80.46666666666667,1680.9,153620.0,0.0,True,False,False,2,Midwest,0.8495327896704044,150319.0,110.00000000000011,3301.0,494.1000000000001,-384.0666666666667,0.03333333333321775
2016-05-01,-247.1290322580645,3924.0,3607.3548387096776,0.0,113.12903225806451,2068.8709677419356,133.06451612903226,1704.0,151708.0,0.0,True,False,False,2,Midwest,0.9193055144520075,153620.0,-61.67741935483872,-1912.0,52.38709677419354,-114.06451612903226,7.105427357601002e-15
2016-06-01,-202.3,3934.0,3682.633333333333,0.0,126.83333333333333,2049.6,60.5,1689.9,145355.0,0.0,True,False,False,2,Midwest,0.9361040501609896,151708.0,-211.76666666666654,-6353.0,-69.96666666666654,-141.80000000000013,-1.4210854715202004e-13
2016-07-01,-195.93548387096774,3934.0,3723.3870967741937,0.0,103.61290322580645,2132.064516129032,303.741935483871,1661.3225806451612,147655.0,0.0,True,False,False,2,Midwest,0.9464634206340096,145355.0,74.19354838709677,2300.0,-33.6129032258069,107.80645161290367,0.0
2016-08-01,-196.7741935483871,3934.0,3745.7096774193546,0.0,115.83870967741936,2410.548387096774,45.32258064516129,1617.483870967742,148120.0,0.0,True,False,False,2,Midwest,0.9521376912606392,147655.0,15.03225806451627,465.0,166.4838709677421,-151.4838709677421,-0.032258064516270224
2016-09-01,-388.8666666666667,3957.0,3624.4,0.0,90.76666666666667,2427.0,-72.66666666666667,1600.7333333333333,143651.0,0.0,True,False,False,2,Midwest,0.9159464240586302,148120.0,-148.96666666666675,-4469.0,312.56666666666683,-461.53333333333353,8.526512829121202e-14
2016-10-01,-326.38709677419354,3957.0,3577.032258064516,0.0,93.19354838709677,2401.967741935484,-154.7741935483871,1678.0645161290322,141439.0,0.0,True,False,False,2,Midwest,0.903975804413575,143651.0,-71.35483870967741,-2212.0,409.80645161290323,-481.16129032258067,-1.4210854715202004e-14
2016-11-01,-123.23333333333333,3959.0,3674.266666666667,0.0,249.3,2559.5,68.56666666666666,1677.6,149205.0,0.0,True,False,False,2,Midwest,0.9280794813505094,141439.0,258.86666666666633,7766.0,313.5333333333335,-54.6666666666668,3.410605131648481e-13
2016-12-01,-261.7741935483871,3978.0,3714.3548387096776,0.0,175.83870967741936,2613.6129032258063,49.38709677419355,1571.0645161290322,151751.0,0.0,True,False,False,2,Midwest,0.9337241927374755,149205.0,82.09677419354807,2546.0,294.48387096774206,-212.35483870967755,0.032258064516440754
2017-01-01,-145.90322580645162,3999.0,3722.064516129032,0.0,233.09677419354838,2644.8709677419356,-183.19354838709677,1600.8709677419354,150558.0,0.0,True,False,False,2,Midwest,0.9307488162363171,151751.0,-38.516129032257794,-1193.0,290.5806451612906,-329.06451612903254,0.03225806451585811
2017-02-01,-271.75,3999.0,3628.464285714286,0.0,254.42857142857142,2625.714285714286,-89.57142857142857,1678.642857142857,152242.0,0.0,True,False,False,2,Midwest,0.9073429071553603,150558.0,60.14285714285711,1684.0,421.4642857142859,-361.3214285714287,3.552713678800501e-14
2017-03-01,-317.48387096774195,3999.0,3698.0967741935483,0.0,230.16129032258064,2677.2580645161293,10.67741935483871,1683.7096774193549,156144.0,0.0,True,False,False,2,Midwest,0.9247553823939856,152242.0,125.90322580645199,3902.0,432.709677419355,-306.8387096774195,-0.0322580645164976
2017-04-01,-177.16666666666666,3999.0,3800.766666666667,0.0,240.33333333333334,2561.733333333333,55.96666666666667,1698.2666666666667,159074.0,0.0,True,False,False,2,Midwest,0.950429273985163,156144.0,97.69999999999979,2930.0,218.89999999999978,-121.2333333333331,-0.033333333333118276
2017-05-01,-397.38709677419354,3999.0,3818.8064516129034,0.0,216.2258064516129,2681.4193548387098,2.2580645161290325,1683.0,157036.0,0.0,True,False,False,2,Midwest,0.9549403479902234,159074.0,-65.74193548387109,-2038.0,329.3870967741939,-395.12903225806485,1.2789769243681803e-13
2017-06-01,-148.1,4009.0,3910.233333333333,0.0,253.5,2474.266666666667,-129.96666666666667,1703.1666666666667,149105.0,0.0,True,False,False,2,Midwest,0.9753637648623928,157036.0,-264.3666666666664,-7931.0,13.700000000000273,-278.06666666666695,-2.8421709430404007e-13
2017-07-01,-66.29032258064517,4009.0,3859.483870967742,0.0,242.32258064516128,2489.1935483870966,-168.70967741935485,1703.6129032258063,144641.0,0.0,True,False,False,2,Midwest,0.9627048817579801,149105.0,-144.00000000000028,-4464.0,91.00000000000017,-235.00000000000017,2.8421709430404007e-13
2017-08-01,-358.38709677419354,4009.0,3981.4193548387098,0.0,199.61290322580646,2663.516129032258,-25.29032258064516,1769.5483870967741,140560.0,0.0,True,False,False,2,Midwest,0.9931203179941905,144641.0,-131.6451612903227,-4081.0,252.032258064516,-383.67741935483855,1.1368683772161603e-13
2017-09-01,-137.83333333333334,4009.0,3699.0333333333333,0.0,185.3,2553.7,-12.8,1781.2,149558.0,0.0,True,False,False,2,Midwest,0.9226822981624677,140560.0,299.93333333333317,8998.0,450.5666666666663,-150.63333333333298,1.7053025658242404e-13
2017-10-01,-194.90322580645162,4011.0,3411.483870967742,0.0,137.6451612903226,2533.8064516129034,-526.5806451612904,1874.5483870967741,153828.0,0.0,True,False,False,2,Midwest,0.850532004728931,149558.0,137.74193548387106,4270.0,859.2258064516135,-721.4838709677425,-8.526512829121202e-14
2017-11-01,-407.96666666666664,4011.0,3735.2,0.0,182.66666666666666,2580.1,-539.5,1917.3333333333333,142790.0,0.0,True,False,False,2,Midwest,0.931239092495637,153828.0,-367.8999999999999,-11038.0,579.566666666667,-947.5000000000002,-0.033333333333416704
2017-12-01,-355.1290322580645,4011.0,3818.451612903226,0.0,207.19354838709677,2730.483870967742,-583.741935483871,1886.9354838709678,132031.0,0.0,True,False,False,2,Midwest,0.9519949172034968,142790.0,-347.0967741935484,-10759.0,591.7741935483875,-938.8387096774197,0.03225806451615654
2018-01-01,-280.1290322580645,4092.0,3735.7419354838707,0.0,188.19354838709677,2813.0,-948.4193548387096,1900.8709677419354,118434.0,0.0,True,False,False,2,Midwest,0.9129379118973291,132031.0,-438.61290322580635,-13597.0,789.935483870968,-1228.5483870967746,-1.1368683772161603e-13
2018-02-01,-269.67857142857144,4092.0,3637.75,0.0,248.71428571428572,2705.785714285714,-714.75,1907.892857142857,111232.0,0.0,True,False,False,2,Midwest,0.8889907135874878,118434.0,-257.2142857142859,-7202.0,727.2142857142858,-984.4285714285716,1.7053025658242404e-13
2018-03-01,-67.35483870967742,4092.0,3705.5806451612902,0.0,210.03225806451613,2701.2580645161293,-291.38709677419354,1930.2903225806451,122305.0,0.0,True,False,False,2,Midwest,0.9055671175858481,111232.0,357.19354838709705,11073.0,715.9354838709683,-358.7419354838715,-2.8421709430404007e-13
2018-04-01,-161.2,4092.0,3904.5,0.0,207.6,2873.2,-459.8333333333333,1969.0,125576.0,0.0,True,False,False,2,Midwest,0.9541788856304986,122305.0,109.06666666666649,3271.0,730.0999999999998,-621.0666666666665,-0.03333333333316091
2018-05-01,-90.03225806451613,4092.0,4044.548387096774,0.0,229.48387096774192,2849.516129032258,-542.516129032258,1997.1290322580646,123718.0,0.0,True,False,False,2,Midwest,0.9884038091634345,125576.0,-59.9354838709676,-1858.0,572.6129032258068,-632.5483870967746,-1.4210854715202004e-13
2018-06-01,-355.5,4092.0,3978.7,0.0,191.76666666666668,2998.9333333333334,-797.7,1962.4333333333334,112849.0,0.0,True,False,False,2,Midwest,0.9723118279569892,123718.0,-362.2999999999997,-10869.0,790.9000000000003,-1153.2000000000003,-2.8421709430404007e-13
2018-07-01,-155.19354838709677,4092.0,3892.0,0.0,269.83870967741933,2676.7419354838707,-549.0,2024.6129032258063,107744.0,0.0,True,False,False,2,Midwest,0.9511241446725318,112849.0,-164.67741935483895,-5105.0,539.5161290322578,-704.1935483870966,2.2737367544323206e-13
2018-08-01,-352.7741935483871,4092.0,3995.1935483870966,0.0,158.96774193548387,2738.9032258064517,-227.96774193548387,2104.0,111093.0,0.0,True,False,False,2,Midwest,0.9763425093810109,107744.0,108.00000000000023,3349.0,688.7419354838712,-580.7096774193551,0.03225806451590074
2018-09-01,-300.26666666666665,4092.0,3647.133333333333,0.0,97.16666666666667,2680.3333333333335,-709.9333333333333,2138.5,113024.0,0.0,True,False,False,2,Midwest,0.8912838057999348,111093.0,64.3333333333336,1931.0,1074.533333333334,-1010.1666666666673,0.03333333333306143
2018-10-01,-431.5806451612903,4094.0,3240.064516129032,0.0,204.38709677419354,2860.8709677419356,-809.9032258064516,2191.0,124368.0,0.0,True,False,False,2,Midwest,0.7914178104858408,113024.0,365.93548387096786,11344.0,1607.4193548387098,-1241.483870967742,-1.1368683772161603e-13
2018-11-01,-392.3333333333333,4094.0,3819.6,0.0,157.7,2939.4,-584.0,2182.9,129427.0,0.0,True,False,False,2,Midwest,0.9329750854909623,124368.0,168.6666666666669,5059.0,1145.0000000000002,-976.3666666666669,-0.033333333333587234
2018-12-01,-283.6774193548387,4094.0,3930.935483870968,0.0,192.80645161290323,2844.6451612903224,-581.741935483871,2230.8064516129034,132102.0,0.0,True,False,False,2,Midwest,0.9601698788155759,129427.0,86.29032258064518,2675.0,951.7096774193544,-865.4193548387093,-1.4210854715202004e-14
2019-01-01,-411.258064516129,4147.0,3878.6451612903224,0.0,189.5483870967742,2967.548387096774,-645.5806451612904,2207.3870967741937,133648.0,0.0,True,False,False,2,Midwest,0.9352894046998608,132102.0,49.903225806451815,1546.0,1106.7419354838712,-1056.8709677419358,-0.03225806451633417
2019-02-01,-266.0,4147.0,3526.75,0.0,199.60714285714286,2734.285714285714,-699.4285714285714,2117.9285714285716,138140.0,0.0,True,False,False,2,Midwest,0.8504340487099108,133648.0,160.42857142857144,4492.0,1125.8571428571433,-965.4285714285719,-2.842170943040401e-14
2019-03-01,-166.58064516129033,4147.0,3534.7741935483873,0.0,162.0,2790.3870967741937,-1116.483870967742,2199.032258064516,138437.0,0.0,True,False,False,2,Midwest,0.8523689880753285,138140.0,9.580645161290164,297.0,1292.645161290323,-1283.0645161290327,1.580957587066223e-13
2019-04-01,-153.56666666666666,4147.0,3743.3333333333335,0.0,186.03333333333333,2887.266666666667,-1065.0666666666666,2223.1666666666665,137310.0,0.0,True,False,False,2,Midwest,0.9026605578329716,138437.0,-37.56666666666666,-1127.0,1181.0666666666666,-1218.6333333333332,-7.105427357601002e-15
2019-05-01,-122.80645161290323,4147.0,3529.7096774193546,0.0,127.41935483870968,2730.8064516129034,-956.3548387096774,2208.935483870968,143617.0,0.0,True,False,False,2,Midwest,0.8511477399130346,137310.0,203.45161290322613,6307.0,1282.6129032258068,-1079.161290322581,-3.410605131648481e-13
2019-06-01,-212.26666666666668,4147.0,3916.6,0.0,132.63333333333333,2885.5666666666666,-911.0,2240.366666666667,142220.0,0.0,True,False,False,2,Midwest,0.9444417651314203,143617.0,-46.56666666666641,-1397.0,1076.7000000000003,-1123.2666666666669,-2.6290081223123707e-13
2019-07-01,-407.5806451612903,4147.0,4083.3870967741937,0.0,178.5483870967742,3118.7096774193546,-956.258064516129,2270.3225806451615,134881.0,0.0,True,False,False,2,Midwest,0.984660500789533,142220.0,-236.74193548387103,-7339.0,1127.0967741935483,-1363.8387096774193,5.684341886080802e-14
2019-08-01,-231.67741935483872,4147.0,4106.225806451613,0.0,162.4516129032258,2806.9032258064517,-885.741935483871,2282.967741935484,125698.0,0.0,True,False,False,2,Midwest,0.9901677854959279,134881.0,-296.22580645161264,-9183.0,821.193548387097,-1117.41935483871,-2.8421709430404007e-13
2019-09-01,-203.6,4147.0,3887.866666666667,0.0,175.6,2799.866666666667,-754.9666666666667,2303.6666666666665,128143.0,0.0,True,False,False,2,Midwest,0.9375130616509927,125698.0,81.49999999999991,2445.0,1040.0666666666662,-958.5666666666662,8.526512829121202e-14
2019-10-01,-179.06451612903226,4147.0,3653.483870967742,0.0,191.38709677419354,2728.1935483870966,-857.0,2366.8709677419356,134781.0,0.0,True,False,False,2,Midwest,0.8809944227074372,128143.0,214.12903225806434,6638.0,1250.1935483870966,-1036.0645161290322,1.7053025658242404e-13
2019-11-01,75.76666666666667,4147.0,3822.633333333333,0.0,184.46666666666667,2479.6,-1035.2,2331.733333333333,130126.0,0.0,True,False,False,2,Midwest,0.9217828148862631,134781.0,-155.20000000000027,-4655.0,804.2333333333331,-959.3999999999997,0.033333333333615656
2019-12-01,-442.4193548387097,4147.0,3926.7741935483873,0.0,182.90322580645162,3125.6129032258063,-1014.2258064516129,2325.2580645161293,126547.0,0.0,True,False,False,2,Midwest,0.9468951515670092,130126.0,-115.45161290322602,-3579.0,1341.1935483870966,-1456.6451612903224,2.1316282072803006e-13
2020-01-01,25.516129032258064,4196.0,3791.8709677419356,0.0,230.6451612903226,2831.6451612903224,-1001.7741935483871,2204.7741935483873,127714.0,0.0,True,False,False,2,Midwest,0.9036870752483164,126547.0,37.64516129032258,1167.0,1013.903225806452,-976.2580645161295,7.105427357601002e-15
2020-02-01,-329.7931034482759,4196.0,3753.4137931034484,0.0,163.3448275862069,3064.7241379310344,-1084.0,2235.5172413793102,126836.0,0.0,True,False,False,2,Midwest,0.8945218763354262,127714.0,-30.31034482758656,-878.0,1383.4827586206889,-1413.7586206896544,0.03448275862104566
2020-03-01,-29.580645161290324,4196.0,3440.2580645161293,0.0,160.38709677419354,2902.516129032258,-1044.0,2190.6774193548385,139824.0,0.0,True,False,False,2,Midwest,0.8198899105138535,126836.0,418.9677419354834,12988.0,1492.5483870967737,-1073.5806451612898,4.547473508864641e-13
2020-04-01,-329.26666666666665,4196.0,2913.5,0.0,130.0,2705.4333333333334,-652.4333333333333,1874.5,156466.0,0.0,True,False,False,2,Midwest,0.694351763584366,139824.0,554.7333333333335,16642.0,1536.4333333333334,-981.7,-1.1368683772161603e-13
2020-05-01,138.61290322580646,4196.0,3090.7741935483873,0.0,173.74193548387098,2315.3548387096776,-1025.5483870967741,1326.3225806451612,140663.0,0.0,True,False,False,2,Midwest,0.7366001414557644,156466.0,-509.7741935483872,-15803.0,377.1612903225807,-886.9354838709678,1.1368683772161603e-13
2020-06-01,-58.666666666666664,4177.0,3322.233333333333,0.0,104.53333333333333,2447.8333333333335,-660.8666666666667,1559.1,136483.0,0.0,True,False,False,2,Midwest,0.7953634985236613,140663.0,-139.36666666666636,-4180.0,580.166666666667,-719.5000000000003,0.0333333333330188
2020-07-01,39.193548387096776,4177.0,3594.064516129032,0.0,114.19354838709677,2491.451612903226,-433.5806451612903,1735.483870967742,140336.0,0.0,True,False,False,2,Midwest,0.860441588730915,136483.0,124.29032258064524,3853.0,518.6774193548388,-394.3870967741936,-7.105427357601002e-14
2020-08-01,64.3225806451613,4177.0,3664.6774193548385,0.0,154.51612903225808,2476.516129032258,-558.1935483870968,1830.225806451613,140141.0,0.0,True,False,False,2,Midwest,0.8773467606786781,140336.0,-6.322580645161153,-195.0,487.5483870967746,-493.8387096774198,0.032258064515992224
2020-09-01,-103.23333333333333,4177.0,3507.1666666666665,0.0,233.73333333333332,2430.866666666667,-424.46666666666664,1865.3666666666666,140970.0,0.0,True,False,False,2,Midwest,0.8396376985077009,140141.0,27.63333333333351,829.0,555.3333333333337,-527.7000000000004,-1.7763568394002505e-13
2020-10-01,17.193548387096776,4177.0,3431.548387096774,0.0,159.83870967741936,2465.3225806451615,-558.8064516129032,1845.1290322580646,146472.0,0.0,True,False,False,2,Midwest,0.8215342080672191,140970.0,177.45161290322613,5502.0,719.0645161290328,-541.5806451612908,0.032258064515787055
2020-11-01,-70.8,4177.0,3503.0,0.0,181.83333333333334,2725.9333333333334,-781.4333333333333,1875.8,148412.0,0.0,True,False,False,2,Midwest,0.8386401723725162,146472.0,64.6666666666667,1940.0,916.9000000000002,-852.2333333333336,-2.842170943040401e-14
2020-12-01,-151.25806451612902,4177.0,3426.935483870968,0.0,138.58064516129033,2835.516129032258,-983.1612903225806,1826.1290322580646,147225.0,0.0,True,False,False,2,Midwest,0.8204298501007823,148412.0,-38.29032258064501,-1187.0,1096.1290322580649,-1134.41935483871,-1.4921397450962104e-13
2021-01-01,-35.45161290322581,4188.0,3627.967741935484,0.0,88.61290322580645,2804.3870967741937,-1176.3548387096773,1766.2903225806451,136136.0,0.0,True,False,False,2,Midwest,0.8662769202329236,147225.0,-357.7096774193547,-11089.0,854.0967741935486,-1211.8064516129034,-1.1368683772161603e-13
2021-02-01,-31.321428571428573,4188.0,3297.4285714285716,0.0,120.53571428571429,2674.8928571428573,-856.75,1572.107142857143,134483.0,0.0,True,False,False,2,Midwest,0.7873516168645108,136136.0,-59.035714285714235,-1653.0,829.0357142857141,-888.0714285714284,-4.973799150320701e-14
2021-03-01,-220.8709677419355,4188.0,3616.9032258064517,0.0,131.32258064516128,2880.6774193548385,-857.0645161290323,1719.3870967741937,127473.0,0.0,True,False,False,2,Midwest,0.8636349631820562,134483.0,-226.09677419354853,-7010.0,851.8387096774193,-1077.967741935484,-0.03225806451598601
2021-04-01,96.3,4188.0,3454.0,0.0,91.73333333333333,2477.1666666666665,-533.5,1719.3333333333333,133881.0,0.0,True,False,False,2,Midwest,0.8247373447946514,127473.0,213.56666666666644,6408.0,650.7666666666667,-437.16666666666663,0.03333333333355881
2021-05-01,233.83870967741936,4188.0,3730.1290322580644,0.0,131.8709677419355,2459.6129032258063,-556.0,1730.225806451613,134056.0,0.0,True,False,False,2,Midwest,0.8906707335859753,133881.0,5.677419354838747,175.0,327.8387096774196,-322.19354838709705,-0.03225806451616631
2021-06-01,-254.83333333333334,4188.0,4068.9,0.0,144.36666666666667,2945.1,-529.4333333333333,1725.1,124235.0,0.0,True,False,False,2,Midwest,0.9715616045845272,134056.0,-327.3333333333336,-9821.0,456.93333333333305,-784.2999999999997,-0.03333333333307564
2021-07-01,28.870967741935484,4190.0,3909.0967741935483,0.0,122.58064516129032,2652.2580645161293,-472.16129032258067,1654.1290322580646,119009.0,0.0,True,False,False,2,Midwest,0.9329586573254292,124235.0,-168.58064516129014,-5226.0,274.7096774193555,-443.2903225806458,-1.9895196601282805e-13
2021-08-01,-166.8709677419355,4191.0,3892.7741935483873,0.0,79.41935483870968,2604.064516129032,-230.58064516129033,1681.483870967742,116402.0,0.0,True,False,False,2,Midwest,0.9288413728342608,119009.0,-84.09677419354867,-2607.0,313.3548387096776,-397.45161290322596,2.8421709430404007e-13
2021-09-01,-139.06666666666666,4191.0,3945.3333333333335,0.0,67.66666666666667,2677.133333333333,-346.1666666666667,1713.1666666666667,113164.0,0.0,True,False,False,2,Midwest,0.9413823272090989,116402.0,-107.93333333333379,-3238.0,377.3,-485.23333333333335,4.547473508864641e-13
2021-10-01,37.193548387096776,4191.0,3742.967741935484,0.0,38.83870967741935,2586.0967741935483,-687.6451612903226,1702.0645161290322,108697.0,0.0,True,False,False,2,Midwest,0.893096574071936,113164.0,-144.09677419354853,-4467.0,506.35483870967727,-650.4516129032256,1.4210854715202004e-13
2021-11-01,-50.53333333333333,4191.0,3833.6666666666665,0.0,40.43333333333333,3005.0666666666666,-617.8666666666667,1740.8666666666666,114800.0,0.0,True,False,False,2,Midwest,0.914737930485962,108697.0,203.43333333333314,6103.0,871.8333333333336,-668.4000000000003,1.9895196601282805e-13
2021-12-01,-114.51612903225806,4191.0,3885.1290322580644,0.0,67.90322580645162,3147.9032258064517,-736.6451612903226,1744.0,117519.0,0.0,True,False,False,2,Midwest,0.927017187367708,114800.0,87.70967741935509,2719.0,938.8709677419357,-851.1612903225808,-2.5579538487363607e-13
2022-01-01,-28.677419354838708,4197.0,3915.1290322580644,0.0,37.41935483870968,3011.4193548387098,-884.2258064516129,1659.6774193548388,110478.0,-32.774193548387096,False,False,False,2,Midwest,0.9328398933185762,117519.0,-227.12903225806403,-7041.0,718.5483870967743,-945.6774193548388,-4.831690603168681e-13
2022-02-01,-51.214285714285715,4197.0,3881.964285714286,0.0,55.0,2835.214285714286,-789.0,1670.3214285714287,102418.0,-16.214285714285715,False,False,False,2,Midwest,0.9249378807992104,110478.0,-287.85714285714255,-8060.0,568.5714285714289,-856.4285714285718,-2.8421709430404007e-13
2022-03-01,-104.93548387096774,4197.0,3719.1935483870966,0.0,92.93548387096774,3036.967741935484,-724.3548387096774,1744.0,106991.0,7.967741935483871,False,False,False,2,Midwest,0.8861552414551099,102418.0,147.5161290322582,4573.0,968.8387096774195,-821.3225806451615,-1.1368683772161603e-13
2022-04-01,-48.333333333333336,4197.0,3684.7,0.0,67.86666666666666,2709.5333333333333,-553.7,1529.3,105393.0,62.53333333333333,False,False,False,2,Midwest,0.8779366213962354,106991.0,-53.233333333333064,-1598.0,486.26666666666654,-539.5333333333332,-0.033333333333601445
2022-05-01,-110.16129032258064,4197.0,3898.3225806451615,0.0,48.74193548387097,2799.8387096774195,-538.6451612903226,1675.2903225806451,103433.0,57.54838709677419,False,False,False,2,Midwest,0.9288354969371364,105393.0,-63.193548387096584,-1960.0,528.064516129032,-591.2903225806449,-0.03225806451631996
2022-06-01,-96.26666666666667,4197.0,4019.8333333333335,0.0,114.66666666666667,2835.733333333333,-332.1,1717.4666666666667,103711.0,18.933333333333334,False,False,False,2,Midwest,0.9577873083948852,103433.0,9.266666666666293,278.0,418.69999999999965,-409.433333333333,3.7481129311345285e-13
2022-07-01,-34.38709677419355,4197.0,3803.548387096774,0.0,40.61290322580645,2679.3548387096776,-283.80645161290323,1676.032258064516,108992.0,-22.677419354838708,False,False,False,2,Midwest,0.9062540831776922,103711.0,170.35483870967755,5281.0,511.2258064516126,-340.87096774193515,-1.4210854715202004e-13
2022-08-01,-306.1290322580645,4197.0,3852.9032258064517,0.0,49.41935483870968,2944.0967741935483,-477.8709677419355,1686.0967741935483,106416.0,-27.0,False,False,False,2,Midwest,0.9180136349312489,108992.0,-83.12903225806474,-2576.0,727.8709677419353,-810.9677419354837,0.03225806451635549
2022-09-01,168.83333333333334,4197.0,3820.5333333333333,0.0,70.86666666666666,2846.0666666666666,-651.8333333333334,1715.6666666666667,109108.0,-97.6,False,False,False,2,Midwest,0.9103010086569772,106416.0,89.73333333333312,2692.0,670.3333333333336,-580.6000000000003,2.1316282072803006e-13
2022-10-01,9.806451612903226,4197.0,3817.935483870968,0.0,82.09677419354838,2805.7096774193546,-509.80645161290323,1734.8387096774193,113699.0,7.580645161290323,False,False,False,2,Midwest,0.9096820309437617,109108.0,148.09677419354827,4591.0,640.5161290322575,-492.41935483870907,1.1368683772161603e-13
2022-11-01,-77.43333333333334,4197.0,3861.866666666667,0.0,85.2,2864.5,-817.5333333333333,1728.4,106829.0,20.133333333333333,False,False,False,2,Midwest,0.9201493130013502,113699.0,-229.00000000000006,-6870.0,645.8333333333328,-874.8333333333328,5.684341886080802e-14
2022-12-01,-17.70967741935484,4197.0,3687.5806451612902,0.0,70.09677419354838,2661.1290322580644,-513.4193548387096,1567.0,107006.0,66.38709677419355,False,False,False,2,Midwest,0.8786229795476032,106829.0,5.709677419354811,177.0,470.45161290322574,-464.7419354838709,2.7533531010703882e-14
2023-01-01,-36.354838709677416,4206.0,3667.6451612903224,0.0,85.61290322580645,2944.451612903226,-362.6774193548387,1688.7096774193549,123976.0,66.54838709677419,False,False,False,2,Midwest,0.8720031291703096,107006.0,547.4193548387099,16970.0,879.9032258064516,-332.48387096774195,-2.2737367544323206e-13
2023-02-01,-134.14285714285714,4206.0,3835.285714285714,0.0,120.21428571428571,3037.25,-682.2142857142857,1790.6785714285713,127518.0,70.42857142857143,False,False,False,2,Midwest,0.9118606072957,123976.0,126.50000000000007,3542.0,872.4285714285717,-745.9285714285717,-7.105427357601002e-14
2023-03-01,-131.3548387096774,4206.0,3741.064516129032,0.0,67.35483870967742,2872.2258064516127,-1009.258064516129,1773.258064516129,121224.0,100.48387096774194,False,False,False,2,Midwest,0.8894589909959658,127518.0,-203.06451612903243,-6294.0,837.0645161290319,-1040.096774193548,0.032258064516298646
2023-04-01,-8.2,4206.0,3710.8,0.0,45.53333333333333,2691.5666666666666,-836.9333333333333,1780.5,120647.0,110.16666666666667,False,False,False,2,Midwest,0.88226343319068,121224.0,-19.233333333333476,-577.0,715.7333333333331,-734.9666666666665,1.4210854715202004e-13
2023-05-01,-145.74193548387098,4206.0,3804.4193548387098,0.0,108.87096774193549,3025.064516129032,-645.3870967741935,1801.516129032258,125119.0,22.096774193548388,False,False,False,2,Midwest,0.9045219578789134,120647.0,144.25806451612888,4472.0,913.2903225806446,-769.0322580645155,1.4210854715202004e-13
2023-06-01,17.5,4206.0,4014.733333333333,0.0,78.4,2826.3,-558.5333333333333,1824.2666666666667,126189.0,19.266666666666666,False,False,False,2,Midwest,0.9545252813441115,125119.0,35.666666666667325,1070.0,557.4333333333335,-521.7666666666669,-6.608047442568932e-13
2023-07-01,95.0,4208.0,4039.1612903225805,0.0,98.41935483870968,2761.032258064516,-821.3548387096774,1823.1612903225807,118771.0,40.45161290322581,False,False,False,2,Midwest,0.9598767324911075,126189.0,-239.29032258064524,-7418.0,446.6129032258064,-685.9032258064516,8.526512829121202e-14
2023-08-01,-216.0,4208.0,4157.1612903225805,0.0,100.12903225806451,2979.7096774193546,-750.4193548387096,1858.6774193548388,109216.0,77.09677419354838,False,False,False,2,Midwest,0.9879185575861645,118771.0,-308.2258064516126,-9555.0,581.0967741935482,-889.3225806451611,-3.410605131648481e-13
2023-09-01,21.666666666666668,4208.0,3815.633333333333,0.0,166.43333333333334,2823.633333333333,-1024.9333333333334,1916.1666666666667,104432.0,86.06666666666666,False,False,False,2,Midwest,0.9067569708491762,109216.0,-159.46666666666673,-4784.0,757.7333333333336,-917.2000000000003,5.684341886080802e-14
2023-10-01,109.80645161290323,4208.0,3676.935483870968,0.0,110.2258064516129,2855.7741935483873,-1068.4193548387098,1887.4193548387098,105146.0,25.612903225806452,False,False,False,2,Midwest,0.8737964552925304,104432.0,23.03225806451626,714.0,956.0322580645159,-932.9999999999998,-1.3145040611561853e-13
2023-11-01,-230.33333333333334,4208.0,3807.233333333333,0.0,117.46666666666667,3276.4,-838.3,1916.6333333333334,110776.0,-12.033333333333333,False,False,False,2,Midwest,0.9047607731305449,105146.0,187.66666666666708,5630.0,1268.333333333334,-1080.6666666666672,-4.263256414560601e-13
2023-12-01,162.90322580645162,4210.0,3950.7741935483873,0.0,125.7741935483871,2908.7741935483873,-724.0967741935484,1907.3225806451612,116557.0,8.096774193548388,False,False,False,2,Midwest,0.9384261742395219,110776.0,186.45161290322574,5781.0,739.5483870967739,-553.064516129032,0.03225806451618496
2024-01-01,-370.5806451612903,4246.0,3907.6451612903224,0.0,63.61290322580645,3160.3548387096776,-816.8709677419355,1675.1935483870968,109117.0,83.16129032258064,False,False,False,2,Midwest,0.9203120963943293,116557.0,-239.99999999999946,-7440.0,864.2903225806457,-1104.2903225806458,-5.400124791776761e-13
2024-02-01,-250.17241379310346,4246.0,3610.793103448276,0.0,113.34482758620689,2933.5862068965516,-761.6551724137931,1877.448275862069,117652.0,219.24137931034483,False,False,False,2,Midwest,0.8503987525784917,109117.0,294.31034482758616,8535.0,1086.8965517241377,-792.5862068965514,5.684341886080802e-14
2024-03-01,179.09677419354838,4246.0,3777.9032258064517,0.0,173.58064516129033,2875.451612903226,-989.1612903225806,1844.225806451613,119599.0,104.70967741935483,False,False,False,2,Midwest,0.8897558233175816,117652.0,62.83870967741932,1947.0,768.1935483870969,-705.3870967741938,-0.03225806451609259
2024-04-01,-223.16666666666666,4246.0,3694.0666666666666,0.0,131.56666666666666,3101.1666666666665,-949.3666666666667,1877.3,122265.0,108.6,False,False,False,2,Midwest,0.8700109907363793,119599.0,88.89999999999992,2666.0,1152.833333333333,-1063.9666666666665,-0.033333333333260384
2024-05-01,-226.2258064516129,4246.0,4028.1935483870966,0.0,113.83870967741936,3207.1290322580644,-909.483870967742,1820.774193548387,116543.0,65.29032258064517,False,False,False,2,Midwest,0.9487031437557929,122265.0,-184.54838709677398,-5722.0,885.8709677419357,-1070.451612903226,-0.03225806451635549
2024-06-01,-18.266666666666666,4246.0,3974.1,0.0,102.7,2900.6666666666665,-813.4666666666667,1800.1333333333334,114321.0,133.66666666666666,False,False,False,2,Midwest,0.9359632595383891,116543.0,-74.06666666666646,-2222.0,624.0000000000002,-698.0666666666668,-1.9895196601282805e-13
2024-07-01,-245.25806451612902,4246.0,3881.1290322580644,0.0,102.3225806451613,3098.4193548387098,-806.5806451612904,1785.4516129032259,110115.0,15.709677419354838,False,False,False,2,Midwest,0.914067129594457,114321.0,-135.70967741935468,-4206.0,900.4193548387099,-1036.0967741935485,0.032258064515957585
2024-08-01,45.064516129032256,4246.0,4028.3870967741937,0.0,140.32258064516128,2755.1290322580644,-696.7741935483871,1799.7096774193549,104799.0,94.09677419354838,False,False,False,2,Midwest,0.9487487274550621,110115.0,-171.48387096774232,-5316.0,386.12903225806457,-557.6129032258065,3.979039320256561e-13
2024-09-01,-42.9,4246.0,3819.0666666666666,0.0,111.66666666666667,2788.3,-649.6,1830.2,106571.0,63.8,False,False,False,2,Midwest,0.8994504631810332,104799.0,59.06666666666697,1772.0,687.7666666666668,-628.7,-2.984279490192421e-13
2024-10-01,-280.1290322580645,4254.0,3734.2580645161293,0.0,50.70967741935484,2948.3225806451615,-773.1290322580645,1828.4516129032259,106183.0,48.935483870967744,False,False,False,2,Midwest,0.8778227702200586,106571.0,-12.516129032258107,-388.0,991.8064516129032,-1004.3225806451612,4.263256414560601e-14
2024-11-01,76.93333333333334,4254.0,3806.9,0.0,114.03333333333333,2857.266666666667,-882.4,1872.9666666666667,106836.0,17.933333333333334,False,False,False,2,Midwest,0.8948989186647861,106183.0,21.766666666666875,653.0,809.3000000000002,-787.5333333333335,-2.0961010704922955e-13
2024-12-01,-134.51612903225808,4254.0,3942.3548387096776,0.0,106.6774193548387,3105.7741935483873,-895.5483870967741,1843.2903225806451,103681.0,28.258064516129032,False,False,False,2,Midwest,0.9267406767065532,106836.0,-101.77419354838676,-3155.0,900.032258064516,-1001.8064516129031,-3.410605131648481e-13
2025-01-01,-125.19354838709677,4248.0,3958.8064516129034,0.0,126.12903225806451,3102.3225806451615,-755.7096774193549,1819.5806451612902,102855.0,17.322580645161292,False,False,False,2,Midwest,0.9319224226960695,103681.0,-26.612903225806566,-826.0,836.9677419354838,-863.6129032258063,-0.03225806451601443
2025-02-01,-154.28571428571428,4248.0,3896.8928571428573,0.0,103.0,2986.8571428571427,-474.5357142857143,1783.6785714285713,108554.0,61.714285714285715,False,False,False,2,Midwest,0.9173476594027442,102855.0,203.5357142857136,5699.0,770.6428571428564,-567.1071428571422,6.821210263296962e-13
2025-03-01,-73.2258064516129,4248.0,3792.8709677419356,0.0,53.45161290322581,2808.3225806451615,-795.741935483871,1845.6451612903227,108259.0,51.83870967741935,False,False,False,2,Midwest,0.8928603973027155,108554.0,-9.483870967741844,-295.0,807.6451612903224,-817.1612903225805,-0.032258064516220486
2025-04-01,-119.73333333333333,4248.0,3643.8333333333335,0.0,80.6,2779.266666666667,-779.5666666666667,1831.4666666666667,108574.0,23.5,False,False,False,2,Midwest,0.8577762084118017,108259.0,10.500000000000014,315.0,886.3000000000001,-875.8000000000001,-1.4210854715202004e-14
2025-05-01,-92.03225806451613,4248.0,3957.8709677419356,0.0,86.96774193548387,2919.2258064516127,-666.8064516129032,1781.9032258064517,107516.0,68.41935483870968,False,False,False,2,Midwest,0.9317022052123201,108574.0,-34.129032258064726,-1058.0,656.2903225806449,-690.4193548387094,2.0605739337042905e-13
2025-06-01,171.36666666666667,4248.0,4125.8,0.0,161.9,2695.0666666666666,-525.3,1828.1333333333334,103093.0,-28.966666666666665,False,False,False,2,Midwest,0.9712335216572505,107516.0,-147.4000000000003,-4423.0,235.49999999999963,-382.93333333333294,-0.03333333333304722
2025-07-01,-41.41935483870968,4248.0,4183.129032258064,0.0,178.96774193548387,3002.3548387096776,-510.4193548387097,1847.774193548387,102773.0,53.483870967741936,False,False,False,2,Midwest,0.9847290565579248,103093.0,-10.322580645160883,-320.0,488.0322580645161,-498.3548387096774,-4.0678571622265736e-13
2025-08-01,246.16129032258064,4248.0,4062.451612903226,0.0,135.19354838709677,2695.8064516129034,-509.35483870967744,1829.7096774193549,105652.0,28.193548387096776,False,False,False,2,Midwest,0.9563210011542433,102773.0,92.8709677419354,2879.0,327.8709677419359,-235.0000000000004,8.526512829121202e-14
2025-09-01,-242.06666666666666,4248.0,4013.5666666666666,0.0,101.66666666666667,2985.2,-644.2666666666667,1846.8666666666666,102148.0,52.733333333333334,False,False,False,2,Midwest,0.9448132454488386,105652.0,-116.76666666666661,-3504.0,716.8333333333334,-833.6333333333333,-0.03333333333338828
2025-10-01,-147.90322580645162,4248.0,3635.2580645161293,0.0,77.2258064516129,2818.0,-779.3870967741935,1849.032258064516,105721.0,87.96774193548387,False,False,False,2,Midwest,0.8557575481440982,102148.0,115.22580645161264,3573.0,954.5483870967739,-839.2903225806449,0.03225806451639812
2025-11-01,145.93333333333334,4248.0,4064.733333333333,0.0,114.1,2707.5666666666666,-728.6666666666666,1859.1,102571.0,89.86666666666666,False,False,False,2,Midwest,0.9568581293157564,105721.0,-105.03333333333326,-3150.0,387.8333333333329,-492.8333333333329,0.033333333333260384
2025-12-01,-397.83870967741933,4248.0,4086.5806451612902,0.0,107.3225806451613,3328.451612903226,-547.9677419354839,1789.774193548387,105627.0,120.06451612903226,False,False,False,2,Midwest,0.9620010934937124,102571.0,98.58064516129014,3056.0,924.3225806451611,-825.7419354838707,1.8474111129762605e-13
2026-01-01,-95.80645161290323,4283.0,4021.5806451612902,0.0,85.48387096774194,2914.7096774193546,-519.8709677419355,1734.4193548387098,107268.0,124.61290322580645,False,False,False,2,Midwest,0.9389634940838876,105627.0,50.99999999999993,1641.0,542.0645161290322,-489.12903225806446,1.9354838709678148
2026-02-01,-199.14285714285714,4283.0,3858.464285714286,0.0,131.64285714285714,2971.4285714285716,-665.5714285714286,1763.25,108017.0,146.89285714285714,False,False,False,2,Midwest,0.9008788899636436,107268.0,26.750000000000114,749.0,744.5714285714287,-717.8214285714287,-1.1368683772161603e-13
2026-03-01,-104.25806451612904,4283.0,3779.064516129032,0.0,107.61290322580645,3006.2903225806454,-650.4193548387096,1766.8064516129032,114145.0,65.93548387096774,False,False,False,2,Midwest,0.8823405361029727,108017.0,197.67741935483895,6128.0,886.4193548387096,-688.741935483871,-2.2737367544323206e-13
2026-04-01,-81.83333333333333,4283.0,3619.9333333333334,0.0,121.56666666666666,3025.3333333333335,-1153.0,1767.5666666666666,110594.0,65.06666666666666,False,False,False,2,Midwest,0.8451863958284691,114145.0,-118.36666666666656,-3551.0,1051.3999999999996,-1169.7666666666662,-9.947598300641403e-14
2026-05-01,-292.5806451612903,4283.0,3981.7096774193546,0.0,42.12903225806452,2816.032258064516,-794.4516129032259,1767.225806451613,100616.0,205.70967741935485,False,False,False,2,Midwest,0.929654372500433,110594.0,-321.90322580645125,-9978.0,559.4193548387096,-881.2903225806451,0.03225806451575863
2026-06-01,-169.76666666666668,4283.0,4291.166666666667,0.0,104.96666666666667,2885.9333333333334,-330.93333333333334,1821.9,98619.0,122.4,False,False,False,2,Midwest,1.0019067631722314,100616.0,-66.6000000000002,-1997.0,311.7000000000003,-378.26666666666694,0.03333333333353039
2007-01-01,68.29032258064517,8355.0,7143.8387096774195,0.0,0.0,6120.612903225807,-1358.032258064516,2851.6774193548385,165777.0,0.0,True,True,False,3,Gulf Coast,0.8550375475376923,,538.7096774193544,,1828.4516129032263,,
2007-02-01,-8.178571428571429,8355.0,6991.357142857143,0.0,0.0,5244.321428571428,-1586.9285714285713,2872.3928571428573,152625.0,0.0,True,True,False,3,Gulf Coast,0.836787210395828,165777.0,-469.75000000000057,-13152.0,1125.3571428571431,-1595.071428571429,0.03571428571484603
2007-03-01,-171.3548387096774,8355.0,7478.419354838709,0.0,0.0,6647.451612903225,-1650.483870967742,2833.516129032258,158229.0,0.0,True,True,False,3,Gulf Coast,0.8950831065037353,152625.0,180.70967741935524,5604.0,2002.5483870967737,-1821.7741935483866,0.06451612903185833
2007-04-01,118.2,8355.0,7186.666666666667,0.0,0.0,6119.266666666666,-1570.3666666666666,2888.4666666666667,168506.0,0.0,True,True,False,3,Gulf Coast,0.8601635747057651,158229.0,368.8999999999991,10277.0,1821.0666666666666,-1478.5,-26.33333333333246
2007-05-01,266.8709677419355,8355.0,7253.322580645161,0.0,0.0,6007.741935483871,-1586.967741935484,2890.032258064516,177683.0,0.0,True,True,False,3,Gulf Coast,0.8681415416690798,168506.0,324.3548387096779,9177.0,1644.4516129032254,-1348.4193548387093,-28.322580645161736
2007-06-01,230.13333333333333,8355.0,7324.333333333333,0.0,0.0,5994.1,-1572.3666666666666,2826.866666666667,182315.0,0.0,True,True,False,3,Gulf Coast,0.8766407340913625,177683.0,154.4000000000009,4632.0,1496.6333333333341,-1342.233333333334,-8.810729923425242e-13
2007-07-01,-70.2258064516129,8355.0,7675.193548387097,0.0,0.0,5998.129032258064,-1389.6451612903227,2786.1935483870966,171442.0,0.0,True,False,False,3,Gulf Coast,0.9186347753904365,182315.0,-350.7419354838712,-10873.0,1109.1290322580644,-1459.8709677419354,2.2737367544323206e-13
2007-08-01,106.6774193548387,8355.0,7570.935483870968,0.0,0.0,5898.322580645161,-1498.741935483871,2784.2258064516127,162581.0,0.0,True,True,False,3,Gulf Coast,0.9061562518098106,171442.0,-280.45161290322636,-8861.0,1111.612903225805,-1397.4516129032243,-5.387096774192969
2007-09-01,-179.63333333333333,8338.0,7276.833333333333,0.0,0.0,5884.8,-1335.9666666666667,2715.9666666666667,154465.0,0.0,True,True,False,3,Gulf Coast,0.8727312704885264,162581.0,-191.66666666666663,-8116.0,1323.9333333333334,-1594.4666666666667,-78.86666666666673
2007-10-01,99.2258064516129,8338.0,7261.0,0.0,0.0,5451.870967741936,-1346.258064516129,2805.4193548387098,145366.0,0.0,True,True,False,3,Gulf Coast,0.87083233389302,154465.0,-250.74193548387032,-9099.0,996.2903225806458,-1289.8064516129039,-42.77419354838773
2007-11-01,-109.7,8338.0,7299.3,0.0,0.0,5866.6,-1372.6666666666667,2738.9333333333334,138708.0,0.0,True,True,False,3,Gulf Coast,0.8754257615735188,145366.0,-176.13333333333316,-6658.0,1306.2333333333327,-1528.166666666666,-45.80000000000018
2007-12-01,-79.61290322580645,8338.0,7278.322580645161,0.0,0.0,5743.677419354839,-1437.5483870967741,2846.6451612903224,130910.0,0.0,True,True,False,3,Gulf Coast,0.8729098801445384,138708.0,-205.1612903225806,-7798.0,1312.0,-1563.5483870967741,-46.387096774193594
2008-01-01,85.80645161290323,8416.0,6924.290322580645,0.0,0.0,5712.096774193548,-1375.967741935484,2861.935483870968,140649.0,0.0,True,True,False,3,Gulf Coast,0.8227531276830614,130910.0,359.58064516129053,9739.0,1649.7419354838703,-1335.5806451612896,-45.419354838709864
2008-02-01,192.06896551724137,8416.0,6934.068965517241,0.0,0.0,5463.689655172414,-1422.0689655172414,2913.0,146342.0,0.0,True,True,False,3,Gulf Coast,0.8239150386783793,140649.0,212.62068965517298,5693.0,1442.620689655172,-1246.3103448275858,-16.31034482758676
2008-03-01,10.64516129032258,8416.0,7007.354838709677,0.0,0.0,5594.8387096774195,-1203.7096774193549,2900.5806451612902,153937.0,0.0,True,True,False,3,Gulf Coast,0.8326229608732981,146342.0,295.0000000000008,7595.0,1488.064516129033,-1243.064516129033,-50.000000000000796
2008-04-01,-78.36666666666666,8416.0,7164.933333333333,0.0,0.0,5871.8,-1487.8,2895.0,153912.0,0.0,True,True,False,3,Gulf Coast,0.8513466413181242,153937.0,35.70000000000017,-25.0,1601.8666666666659,-1602.6999999999991,-36.53333333333351
2008-05-01,-29.451612903225808,8416.0,7400.967741935484,0.0,0.0,5679.967741935484,-1525.8387096774193,2878.4193548387098,138793.0,0.0,True,True,False,3,Gulf Coast,0.8793925548877713,153912.0,-397.8709677419358,-15119.0,1157.4193548387093,-1645.1290322580642,-89.83870967741905
2008-06-01,-29.966666666666665,8416.0,7368.9,0.0,0.0,5864.466666666666,-1498.2333333333333,2901.4,133154.0,0.0,True,True,False,3,Gulf Coast,0.8755822243346008,138793.0,-131.23333333333377,-5639.0,1396.9666666666672,-1584.9333333333338,-56.733333333332894
2008-07-01,-74.03225806451613,8416.0,7367.064516129032,0.0,0.0,5897.290322580645,-1332.6774193548388,2956.9032258064517,134387.0,0.0,True,True,False,3,Gulf Coast,0.8753641297681835,133154.0,80.4193548387095,1233.0,1487.1290322580644,-1447.3548387096773,-40.6451612903224
2008-08-01,-59.38709677419355,8416.0,7018.741935483871,0.0,0.0,6055.451612903225,-1376.4516129032259,2844.5806451612902,148199.0,0.0,True,True,False,3,Gulf Coast,0.8339759904329694,134387.0,445.4516129032246,13812.0,1881.290322580644,-1435.7419354838698,0.09677419354960648
2008-09-01,119.0,8416.0,4889.9,0.0,0.0,4373.366666666667,-1306.9666666666667,1664.4333333333334,151774.0,0.0,True,True,False,3,Gulf Coast,0.5810242395437262,148199.0,-40.06666666666615,3575.0,1147.9000000000005,-1028.7333333333338,159.23333333333284
2008-10-01,132.74193548387098,8416.0,6789.741935483871,0.0,0.0,5698.8387096774195,-1444.8064516129032,2384.4193548387098,151803.0,0.0,True,True,False,3,Gulf Coast,0.8067659143873421,151774.0,-18.548387096773695,29.0,1293.5161290322576,-1292.5806451612898,19.483870967741435
2008-11-01,-225.86666666666667,8416.0,6891.566666666667,0.0,0.0,5913.9,-1349.0,2699.7,156221.0,0.0,True,True,False,3,Gulf Coast,0.8188648605830164,151803.0,147.16666666666617,4418.0,1722.033333333332,-1574.7666666666653,0.1000000000005059
2008-12-01,-70.06451612903226,8416.0,6993.580645161291,0.0,0.0,5377.032258064516,-1347.6451612903227,2796.6451612903224,148860.0,0.0,True,True,False,3,Gulf Coast,0.8309862933889366,156221.0,-237.61290322580663,-7361.0,1180.0967741935483,-1417.5483870967741,0.16129032258083953
2009-01-01,-11.03225806451613,8440.0,6767.096774193548,0.0,0.0,5720.8387096774195,-1157.8387096774193,2874.1935483870966,167328.0,0.0,True,True,False,3,Gulf Coast,0.8017887173215105,148860.0,659.0645161290324,18468.0,1827.935483870967,-1232.193548387096,-63.32258064516145
2009-02-01,-60.67857142857143,8440.0,6740.107142857143,0.0,0.0,5248.214285714285,-1319.2142857142858,2918.785714285714,166889.0,0.0,True,True,False,3,Gulf Coast,0.7985908937034529,167328.0,46.99999999999922,-439.0,1426.8928571428569,-1442.5714285714282,-62.67857142857065
2009-03-01,-181.70967741935485,8440.0,7080.225806451613,0.0,0.0,5830.774193548387,-951.3225806451613,2936.8387096774195,176815.0,0.0,True,True,False,3,Gulf Coast,0.8388893135606176,166889.0,554.3548387096779,9926.0,1687.387096774194,-1367.1935483870973,-234.16129032258112
2009-04-01,-25.1,8440.0,7238.966666666666,0.0,0.0,5709.566666666667,-1249.9333333333334,3037.4333333333334,177819.0,0.0,True,True,False,3,Gulf Coast,0.8576974723538704,176815.0,233.00000000000037,1004.0,1508.0333333333338,-1474.566666666667,-199.5333333333337
2009-05-01,-238.96774193548387,8440.0,7025.903225806452,0.0,16.580645161290324,5301.677419354839,-1180.032258064516,3099.2903225806454,173030.0,0.0,True,False,False,3,Gulf Coast,0.8324529888396269,177819.0,-60.51612903225757,-4789.0,1358.4838709677429,-1512.9677419354848,-93.96774193548436
2009-06-01,-76.36666666666666,8440.0,7127.033333333334,0.0,0.0,5191.6,-1178.4333333333334,3082.766666666667,167406.0,0.0,True,True,False,3,Gulf Coast,0.8444352290679306,173030.0,-107.46666666666657,-5624.0,1147.333333333333,-1334.7999999999997,-80.0000000000001
2009-07-01,43.0,8440.0,7073.322580645161,0.0,0.0,5024.806451612903,-1275.4193548387098,3240.8709677419356,166168.0,0.0,True,True,False,3,Gulf Coast,0.8380713958110381,167406.0,-40.064516129031745,-1238.0,1192.354838709678,-1232.2903225806458,0.12903225806400087
2009-08-01,-139.74193548387098,8440.0,7277.322580645161,0.0,0.0,4883.096774193548,-994.5483870967741,3250.6451612903224,157556.0,0.0,True,True,False,3,Gulf Coast,0.8622420119247821,166168.0,-277.8709677419354,-8612.0,856.4193548387102,-1134.2258064516134,0.06451612903214254
2009-09-01,-274.3,8440.0,7182.9,0.0,0.0,5257.4,-953.6,3288.0333333333333,160601.0,0.0,True,True,False,3,Gulf Coast,0.8510545023696682,157556.0,134.63333333333327,3045.0,1362.5333333333328,-1261.0333333333328,-33.13333333333327
2009-10-01,-119.29032258064517,8440.0,6927.5161290322585,0.0,0.0,4632.451612903225,-928.7096774193549,3263.6451612903224,158144.0,0.0,True,True,False,3,Gulf Coast,0.8207957498853387,160601.0,-79.4193548387107,-2457.0,968.5806451612889,-1047.838709677418,0.16129032258166376
2009-11-01,-140.53333333333333,8440.0,6918.6,0.0,0.0,4955.133333333333,-1156.0666666666666,3119.3,152873.0,0.0,True,True,False,3,Gulf Coast,0.819739336492891,158144.0,-140.7666666666669,-5271.0,1155.833333333333,-1331.533333333333,-34.93333333333308
2009-12-01,-18.322580645161292,8440.0,6861.967741935484,0.0,0.0,4487.903225806452,-1096.6774193548388,3221.6451612903224,144096.0,0.0,True,True,False,3,Gulf Coast,0.8130293533098915,152873.0,-267.4193548387098,-8777.0,847.5806451612907,-1130.709677419355,-15.709677419354705
2010-01-01,-208.25806451612902,8621.0,6666.645161290323,0.0,0.0,5011.709677419355,-873.7096774193549,3196.1290322580644,158336.0,0.0,True,True,False,3,Gulf Coast,0.7733029998016846,144096.0,459.2258064516127,14240.0,1541.1935483870975,-1081.83870967742,0.12903225806473984
2010-02-01,-112.42857142857143,8621.0,6708.5,0.0,0.0,4964.321428571428,-1167.9642857142858,3292.1428571428573,165832.0,0.0,True,True,False,3,Gulf Coast,0.7781579863124928,158336.0,267.57142857142856,7496.0,1547.9642857142862,-1280.2500000000005,0.14285714285716722
2010-03-01,-117.0,8621.0,7324.290322580645,0.0,0.0,5612.225806451613,-1111.9032258064517,3201.8709677419356,173924.0,0.0,True,True,False,3,Gulf Coast,0.8495870922840326,165832.0,260.9032258064517,8092.0,1489.8064516129043,-1228.7741935483882,0.12903225806445562
2010-04-01,135.56666666666666,8626.0,7817.0,0.0,0.0,5901.0,-1359.4333333333334,3075.0666666666666,171985.0,0.0,True,True,False,3,Gulf Coast,0.9062137723162532,173924.0,-64.80000000000013,-1939.0,1159.0666666666657,-1223.6999999999991,0.1666666666667851
2010-05-01,-264.7096774193548,8626.0,7679.645161290323,0.0,0.0,5692.0,-1141.8387096774193,3145.516129032258,164281.0,0.0,True,True,False,3,Gulf Coast,0.8902904198110738,171985.0,-248.6774193548385,-7704.0,1157.8709677419347,-1406.3870967741927,0.1612903225804132
2010-06-01,-41.3,8626.0,7707.266666666666,0.0,0.0,5845.9,-1074.1333333333334,3144.2,169307.0,0.0,True,True,False,3,Gulf Coast,0.8934925419275059,164281.0,167.39999999999958,5026.0,1282.8333333333321,-1115.2999999999988,0.13333333333375208
2010-07-01,-172.96774193548387,8626.0,7814.290322580645,0.0,30.612903225806452,5910.677419354839,-1071.774193548387,3052.6774193548385,165397.0,0.0,True,False,False,3,Gulf Coast,0.9058996432391195,169307.0,-126.2903225806451,-3910.0,1118.4516129032268,-1244.5806451612912,0.16129032258058373
2010-08-01,53.483870967741936,8626.0,7592.8387096774195,0.0,0.0,5693.290322580645,-1143.9032258064517,3190.8709677419356,171629.0,0.0,True,True,False,3,Gulf Coast,0.8802270704471852,165397.0,200.90322580645125,6232.0,1291.32258064516,-1090.290322580644,0.12903225806488194
2010-09-01,-242.83333333333334,8626.0,7367.933333333333,0.0,0.0,5467.966666666666,-1061.3,3248.0,173014.0,0.0,True,True,False,3,Gulf Coast,0.8541541077363011,171629.0,43.89999999999955,1385.0,1348.0333333333338,-1301.866666666667,2.2666666666671134
2010-10-01,-142.25806451612902,8626.0,7223.741935483871,0.0,0.0,4972.032258064516,-763.483870967742,3256.967741935484,176062.0,0.0,True,True,False,3,Gulf Coast,0.8374382025833377,173014.0,99.51612903225782,3048.0,1005.2580645161288,-906.9354838709675,-1.193548387096527
2010-11-01,-457.93333333333334,8626.0,7535.266666666666,0.0,0.0,5099.1,-804.0666666666667,3205.5,161285.0,0.0,True,True,False,3,Gulf Coast,0.8735528247932607,176062.0,-492.6666666666661,-14777.0,769.3333333333339,-1261.9000000000005,0.0999999999994543
2010-12-01,-188.09677419354838,8626.0,7711.193548387097,0.0,0.0,5087.193548387097,-1002.6451612903226,3248.1935483870966,143724.0,0.0,True,True,False,3,Gulf Coast,0.8939477797805584,161285.0,-566.5483870967744,-17561.0,624.1935483870966,-1190.6774193548385,0.06451612903242676
2011-01-01,-184.48387096774192,8646.0,7364.419354838709,0.0,29.129032258064516,5381.677419354839,-794.1612903225806,3321.0967741935483,153974.0,0.0,True,False,False,3,Gulf Coast,0.8517718430301537,143724.0,330.5806451612908,10250.0,1309.2258064516125,-978.5806451612899,0.06451612903174464
2011-02-01,-59.07142857142857,8646.0,6585.5,0.0,0.0,4231.178571428572,-799.9642857142857,3091.8571428571427,150573.0,0.0,True,True,False,3,Gulf Coast,0.7616817025213972,153974.0,-121.50000000000001,-3401.0,737.5357142857138,-858.9999999999994,0.035714285714306016
2011-03-01,-127.09677419354838,8646.0,7313.032258064516,0.0,0.0,5196.645161290323,-705.0645161290323,3217.6451612903224,158916.0,0.0,True,True,False,3,Gulf Coast,0.8458283897830807,150573.0,269.0967741935485,8343.0,1101.2580645161297,-832.1290322580652,0.03225806451598601
2011-04-01,-219.36666666666667,8646.0,7259.266666666666,0.0,0.0,5016.066666666667,-560.4,3179.6,163615.0,0.0,True,True,False,3,Gulf Coast,0.83960983884648,158916.0,156.63333333333344,4699.0,936.3999999999996,-779.7666666666663,-1.1368683772161603e-13
2011-05-01,-91.03225806451613,8646.0,7461.612903225807,0.0,0.0,5142.645161290323,-788.3870967741935,3251.451612903226,165260.0,0.0,True,True,False,3,Gulf Coast,0.8630132897554715,163615.0,53.06451612903183,1645.0,932.4838709677424,-879.4193548387102,4.263256414560601e-13
2011-06-01,-191.1,8646.0,7673.1,0.0,0.0,5192.833333333333,-811.2333333333333,3209.133333333333,157067.0,0.0,True,True,False,3,Gulf Coast,0.8874739764052741,165260.0,-273.4666666666675,-8193.0,728.8666666666668,-1001.9666666666668,0.36666666666747005
2011-07-01,-95.41935483870968,8646.0,7688.387096774193,0.0,10.774193548387096,5060.774193548387,-725.516129032258,3136.2258064516127,155367.0,0.0,True,False,False,3,Gulf Coast,0.8892420884541051,157067.0,-323.096774193548,-1700.0,497.83870967741973,-552.6774193548391,268.2580645161287
2011-08-01,117.06451612903226,8646.0,7900.354838709677,0.0,0.0,4717.677419354839,-862.9677419354839,3257.2258064516127,156314.0,0.0,True,True,False,3,Gulf Coast,0.9137583667256162,155367.0,-671.3548387096771,947.0,74.5483870967746,-44.00000000000041,701.9032258064512
2011-09-01,8.866666666666667,8646.0,7569.266666666666,0.0,0.0,4628.9,-615.8333333333334,3120.4,144011.0,0.0,True,True,False,3,Gulf Coast,0.8754645693576991,156314.0,-426.93333333333385,-12303.0,180.03333333333285,-590.1333333333329,16.833333333333826
2011-10-01,-124.74193548387096,8646.0,7347.0,0.0,0.0,4869.290322580645,-618.2258064516129,3392.0967741935483,149325.0,0.0,True,True,False,3,Gulf Coast,0.8497571131158917,144011.0,171.4193548387093,5314.0,914.3870967741932,-742.9677419354836,3.694822225952521e-13
2011-11-01,-137.1,8640.0,7650.466666666666,0.0,0.0,4744.9,-549.7333333333333,3458.133333333333,145297.0,0.0,True,True,False,3,Gulf Coast,0.8854706790123457,149325.0,-134.26666666666674,-4028.0,552.5666666666666,-686.8333333333333,5.684341886080802e-14
2011-12-01,-232.6451612903226,8650.0,7483.5161290322585,0.0,0.0,4646.258064516129,-630.8064516129032,3523.0967741935483,139791.0,0.0,True,True,False,3,Gulf Coast,0.865146373298527,145297.0,-177.61290322580717,-5506.0,685.8387096774186,-863.451612903225,7.105427357601002e-13
2012-01-01,-235.6451612903226,8725.0,7168.903225806452,0.0,0.0,4583.0,-565.2903225806451,3549.548387096774,144834.0,0.0,True,True,False,3,Gulf Coast,0.821650799519364,139791.0,162.70967741935473,5043.0,963.6451612903229,-800.9677419354841,-0.03225806451601443
2012-02-01,-93.37931034482759,8725.0,7428.3448275862065,0.0,0.0,4375.241379310345,-542.8620689655172,3613.7586206896553,142643.0,0.0,True,True,False,3,Gulf Coast,0.8513862266574449,144834.0,-75.58620689655086,-2191.0,560.6551724137935,-636.2068965517245,0.034482758619830634
2012-03-01,148.51612903225808,8725.0,7493.032258064516,0.0,19.677419354838708,4806.387096774193,-493.64516129032256,3697.8064516129034,162680.0,0.0,True,False,False,3,Gulf Coast,0.858800258803956,142643.0,646.3548387096773,20037.0,991.4838709677418,-345.1290322580644,1.1368683772161603e-13
2012-04-01,32.6,8725.0,7495.933333333333,0.0,0.0,4676.3,-650.4333333333333,3665.133333333333,169509.0,0.0,True,True,False,3,Gulf Coast,0.8591327602674308,162680.0,227.6666666666667,6829.0,845.5000000000009,-617.8666666666676,-0.03333333333338828
2012-05-01,-14.580645161290322,8725.0,7878.096774193548,0.0,21.903225806451612,4968.870967741936,-576.1612903225806,3641.8387096774195,173228.0,0.0,True,False,False,3,Gulf Coast,0.9029337277012662,169509.0,119.96774193548428,3719.0,710.7096774193561,-590.7419354838722,-4.121147867408581e-13
2012-06-01,118.76666666666667,8725.0,8044.366666666667,0.0,0.0,4765.666666666667,-402.46666666666664,3596.4333333333334,174249.0,0.0,True,True,False,3,Gulf Coast,0.9219904489016237,173228.0,34.0333333333336,1021.0,317.7333333333336,-283.7000000000003,-2.7000623958883807e-13
2012-07-01,-0.5806451612903226,8725.0,8035.709677419355,0.0,0.0,4200.806451612903,-205.3548387096774,3793.3548387096776,166577.0,0.0,True,False,False,3,Gulf Coast,0.9209982438302986,174249.0,-247.48387096774235,-7672.0,-41.548387096773695,-205.93548387096823,4.263256414560601e-13
2012-08-01,-126.93548387096774,8725.0,7764.580645161291,0.0,0.0,4406.677419354839,-399.3225806451613,3677.3548387096776,160166.0,0.0,True,True,False,3,Gulf Coast,0.8899232831130419,166577.0,-206.80645161290317,-6411.0,319.4516129032263,-526.2580645161295,-5.684341886080802e-14
2012-09-01,-57.86666666666667,8725.0,7634.033333333334,0.0,0.0,4352.266666666666,-402.03333333333336,3798.1666666666665,162859.0,0.0,True,True,False,3,Gulf Coast,0.8749608404966571,160166.0,56.499999999999154,2693.0,516.3999999999987,-426.6333333333321,33.26666666666751
2012-10-01,122.38709677419355,8727.0,7696.709677419355,0.0,0.0,4143.258064516129,-463.48387096774195,4053.0,167771.0,0.0,True,True,False,3,Gulf Coast,0.8819422112317354,162859.0,158.45161290322528,4912.0,499.5483870967737,-341.0967741935479,5.115907697472721e-13
2012-11-01,-109.76666666666667,8732.0,8068.7,0.0,0.0,4379.566666666667,-419.3666666666667,4166.033333333334,166204.0,0.0,True,True,False,3,Gulf Coast,0.9240380210719193,167771.0,-52.233333333332794,-1567.0,476.90000000000055,-529.1333333333339,-5.400124791776761e-13
2012-12-01,-52.903225806451616,8715.0,8094.129032258064,0.0,0.0,3820.4193548387098,-461.06451612903226,4182.774193548387,147136.0,0.0,True,False,False,3,Gulf Coast,0.9287583513778617,166204.0,-604.9032258064511,-19068.0,-90.9354838709678,-524.1612903225806,-10.19354838709728
2013-01-01,-33.645161290322584,9102.0,7376.451612903225,0.0,10.225806451612904,3677.4193548387098,-279.4516129032258,4174.064516129032,151302.0,0.0,True,False,False,3,Gulf Coast,0.8104209638434657,147136.0,151.70967741935524,4166.0,464.8064516129041,-330.41935483871055,-17.322580645161707
2013-02-01,65.17857142857143,9093.0,7111.107142857143,0.0,14.178571428571429,3266.9285714285716,-112.46428571428571,4226.821428571428,160131.0,0.0,True,False,False,3,Gulf Coast,0.7820419160735889,151302.0,321.17857142857116,8829.0,368.46428571428544,-53.14285714285688,-5.857142857142605
2013-03-01,40.064516129032256,9093.0,7622.580645161291,0.0,10.774193548387096,3585.1612903225805,-49.45161290322581,4215.193548387097,165017.0,0.0,True,False,False,3,Gulf Coast,0.8382910640230167,160131.0,157.61290322580572,4886.0,166.9999999999993,-9.387096774192827,7.389644451905042e-13
2013-04-01,1.1,9093.0,7820.133333333333,0.0,46.666666666666664,3824.8333333333335,-161.66666666666666,4351.033333333334,169473.0,0.0,True,False,False,3,Gulf Coast,0.8600168627882253,165017.0,148.50000000000068,4456.0,309.0666666666669,-160.53333333333356,0.03333333333264932
2013-05-01,76.2258064516129,9093.0,8173.419354838709,0.0,33.87096774193548,3914.5806451612902,-93.83870967741936,4292.451612903225,168920.0,0.0,True,False,False,3,Gulf Coast,0.8988693890727713,169473.0,-17.8709677419356,-553.0,-0.25806451612958625,-17.58064516128977,0.032258064516245355
2013-06-01,112.2,9093.0,8299.733333333334,0.0,16.566666666666666,3767.233333333333,-117.63333333333334,4253.166666666667,159881.0,0.0,True,False,False,3,Gulf Coast,0.912760731698376,168920.0,-301.3333333333335,-9039.0,-295.9000000000006,-5.399999999999409,0.03333333333347355
2013-07-01,254.80645161290323,9093.0,8430.709677419354,0.0,20.838709677419356,3897.032258064516,-80.29032258064517,4420.935483870968,161151.0,0.0,True,False,False,3,Gulf Coast,0.9271648166083091,159881.0,40.935483870968426,1270.0,-133.58064516128874,174.54838709677261,0.032258064515445994
2013-08-01,36.12903225806452,9093.0,8137.5161290322585,0.0,22.612903225806452,3778.451612903226,-133.48387096774192,4406.935483870968,158916.0,0.0,True,False,False,3,Gulf Coast,0.8949209423768018,161151.0,-72.0967741935487,-2235.0,25.25806451612824,-97.35483870967663,3.126388037344441e-13
2013-09-01,207.16666666666666,9093.0,8106.166666666667,0.0,19.933333333333334,3690.633333333333,-107.66666666666667,4598.633333333333,166796.0,0.0,True,False,False,3,Gulf Coast,0.891473294475604,158916.0,262.6666666666661,7880.0,163.16666666666612,99.50000000000057,5.684341886080801e-13
2013-10-01,99.96774193548387,9093.0,7658.225806451613,0.0,45.774193548387096,3434.9032258064517,-224.1290322580645,4474.258064516129,169306.0,0.0,True,False,False,3,Gulf Coast,0.8422111301497429,166796.0,81.00000000000006,2510.0,205.1612903225807,-124.19354838709683,-0.03225806451618496
2013-11-01,53.1,9093.0,8186.933333333333,0.0,144.46666666666667,3718.266666666667,-264.0,4591.133333333333,162319.0,0.0,True,False,False,3,Gulf Coast,0.9003555848821437,169306.0,-232.9,-6987.0,-22.000000000000426,-210.89999999999958,0.0
2013-12-01,-99.7741935483871,9093.0,8438.870967741936,0.0,61.25806451612903,3708.2580645161293,-250.7741935483871,4672.645161290323,147756.0,0.0,True,False,False,3,Gulf Coast,0.9280623521106275,162319.0,-469.7741935483866,-14563.0,-119.22580645161202,-350.54838709677506,-4.547473508864641e-13
2014-01-01,225.61290322580646,9154.0,7973.645161290323,0.0,144.1290322580645,3564.451612903226,-227.7741935483871,4747.354838709677,153704.0,0.0,True,False,False,3,Gulf Coast,0.871055840210872,147756.0,191.8709677419349,5948.0,194.032258064516,-2.1612903225804985,5.968558980384842e-13
2014-02-01,-4.321428571428571,9154.0,7772.928571428572,0.0,74.75,3497.964285714286,24.321428571428573,4848.535714285715,168230.0,0.0,True,False,False,3,Gulf Coast,0.8491291863041918,153704.0,518.8214285714289,14526.0,498.82142857142844,19.964285714285893,-0.03571428571456181
2014-03-01,47.774193548387096,9154.0,7907.032258064516,0.0,175.5483870967742,3381.8064516129034,60.16129032258065,4913.741935483871,178218.0,0.0,True,False,False,3,Gulf Coast,0.86377892266381,168230.0,320.90322580645204,9988.0,212.9677419354843,109.22580645161247,1.2903225806447267
2014-04-01,168.2,9175.0,8342.0,0.0,144.13333333333333,3555.0666666666666,-1.6,5107.166666666667,191114.0,0.0,True,False,False,3,Gulf Coast,0.9092098092643052,178218.0,342.7000000000003,12896.0,176.10000000000025,253.76666666666642,87.1666666666664
2014-05-01,147.41935483870967,9175.0,8245.161290322581,0.0,226.32258064516128,3230.4193548387098,-139.67741935483872,5120.129032258064,189948.0,0.0,True,False,False,3,Gulf Coast,0.8986551815065483,191114.0,-113.1935483870976,-1166.0,-120.93548387096808,83.32258064516164,75.58064516129114
2014-06-01,133.56666666666666,9175.0,8091.533333333334,0.0,251.8,3004.0,-190.96666666666667,5194.166666666667,183871.0,0.0,True,False,False,3,Gulf Coast,0.8819109900090827,189948.0,-202.56666666666678,-6077.0,-145.1666666666659,-57.40000000000077,1.1368683772161603e-13
2014-07-01,-43.83870967741935,9175.0,8597.838709677419,0.0,273.83870967741933,3482.516129032258,-91.45161290322581,5291.548387096775,176651.0,0.0,True,False,False,3,Gulf Coast,0.9370941372945415,183871.0,-232.90322580645042,-7220.0,-97.61290322580572,-135.2903225806459,-1.1937117960769683e-12
2014-08-01,33.54838709677419,9175.0,8689.41935483871,0.0,200.38709677419354,3454.2258064516127,-97.64516129032258,5356.451612903225,172211.0,0.0,True,False,False,3,Gulf Coast,0.9470756790014943,176651.0,-143.225806451614,-4440.0,-79.12903225806656,-64.09677419354634,1.1084466677857563e-12
2014-09-01,3.066666666666667,9175.0,8357.133333333333,0.0,139.06666666666666,3096.9,-164.33333333333334,5351.2,165932.0,0.0,True,False,False,3,Gulf Coast,0.9108592188919165,172211.0,-209.36666666666665,-6279.0,-48.09999999999951,-161.2000000000005,0.06666666666663446
2014-10-01,-4.580645161290323,9191.0,8013.032258064516,0.0,201.90322580645162,2896.0,174.8709677419355,5466.967741935484,175803.0,0.0,True,False,False,3,Gulf Coast,0.8718346489026783,165932.0,318.3225806451614,9871.0,148.0322580645171,170.3870967741926,0.09677419354829908
2014-11-01,-192.96666666666667,9191.0,8429.166666666666,0.0,211.53333333333333,3332.1666666666665,20.933333333333334,5522.066666666667,177051.0,0.0,True,False,False,3,Gulf Coast,0.917110941863417,175803.0,41.5000000000004,1248.0,213.53333333333418,-171.9333333333342,0.09999999999960352
2014-12-01,264.9032258064516,9191.0,8600.645161290322,0.0,245.0,2828.7096774193546,28.93548387096774,5690.774193548387,176053.0,0.0,True,False,False,3,Gulf Coast,0.9357681602970648,177051.0,-32.32258064516071,-998.0,-326.1612903225796,293.9677419354828,0.12903225806393692
2015-01-01,107.70967741935483,9259.0,8012.419354838709,0.0,270.0,2931.6129032258063,114.48387096774194,5562.096774193548,189494.0,0.0,True,False,False,3,Gulf Coast,0.8653655205571562,176053.0,433.4838709677421,13441.0,211.2903225806449,222.2903225806454,0.0967741935481854
2015-02-01,80.39285714285714,9259.0,8024.678571428572,0.0,236.67857142857142,2922.8214285714284,6.25,5708.535714285715,202284.0,0.0,True,False,False,3,Gulf Coast,0.8666895530217703,189494.0,456.6428571428572,12790.0,370.0000000000001,86.78571428571416,0.14285714285705353
2015-03-01,-103.70967741935483,9259.0,8172.1612903225805,0.0,268.2903225806452,3100.7096774193546,31.0,5715.451612903225,211680.0,0.0,True,False,False,3,Gulf Coast,0.8826181326625533,202284.0,302.99999999999955,9396.0,375.7096774193539,-72.6129032258055,0.09677419354886752
2015-04-01,111.96666666666667,9271.0,8588.166666666666,0.0,332.56666666666666,2986.733333333333,346.46666666666664,5796.066666666667,221298.0,0.0,True,False,False,3,Gulf Coast,0.9263473915075683,211680.0,320.50000000000034,9618.0,-137.93333333333345,458.5333333333335,0.09999999999968168
2015-05-01,-90.48387096774194,9271.0,8685.451612903225,0.0,309.19354838709677,3157.6451612903224,309.258064516129,5635.129032258064,220424.0,0.0,True,False,False,3,Gulf Coast,0.9368408599830897,221298.0,16.903225806451772,-874.0,-201.87096774193577,173.677419354839,-45.09677419354855
2015-06-01,93.3,9327.0,8814.333333333334,0.0,262.3666666666667,3111.266666666667,193.66666666666666,5574.1,215747.0,0.0,True,False,False,3,Gulf Coast,0.9450341303027054,220424.0,-104.36666666666672,-4677.0,-391.3333333333338,235.43333333333382,-51.53333333333329
2015-07-01,-16.096774193548388,9360.0,8731.967741935483,0.0,316.0,2971.7741935483873,129.83870967741936,5697.8387096774195,206302.0,0.0,True,False,False,3,Gulf Coast,0.9329025365315687,215747.0,-264.6129032258052,-9445.0,-378.3548387096762,73.67741935483747,-40.06451612903351
2015-08-01,190.16129032258064,9361.0,8680.645161290322,0.0,288.5483870967742,2850.2258064516127,259.9032258064516,5734.1612903225805,208330.0,0.0,True,False,False,3,Gulf Coast,0.9273202821589918,206302.0,65.25806451612922,2028.0,-384.806451612903,450.2258064516127,0.16129032258045584
2015-09-01,-61.1,9391.0,8486.8,0.0,267.8666666666667,2679.766666666667,716.1333333333333,5770.8,218861.0,0.0,True,False,False,3,Gulf Coast,0.9037163241401341,208330.0,350.9333333333344,10531.0,-304.09999999999843,655.1333333333318,0.09999999999894271
2015-10-01,190.38709677419354,9391.0,8280.516129032258,0.0,407.61290322580646,2738.8709677419356,545.9032258064516,5658.870967741936,232686.0,0.0,True,False,False,3,Gulf Coast,0.8817502000886229,218861.0,445.90322580645227,13825.0,-290.38709677419286,736.3548387096766,0.06451612903157411
2015-11-01,5.7,9437.0,8666.5,0.0,242.9,2848.1666666666665,125.53333333333333,5600.1,222792.0,0.0,True,False,False,3,Gulf Coast,0.9183532902405426,232686.0,-329.8999999999998,-9894.0,-461.13333333333355,131.33333333333354,0.09999999999979536
2015-12-01,59.774193548387096,9437.0,8972.967741935483,0.0,291.80645161290323,3280.4193548387098,109.38709677419355,5553.225806451613,214675.0,0.0,True,False,False,3,Gulf Coast,0.9508284138958867,222792.0,-261.96774193548316,-8117.0,-431.1290322580642,169.2903225806449,0.12903225806383034
2016-01-01,312.61290322580646,9515.0,8145.612903225807,0.0,206.96774193548387,2807.483870967742,185.4516129032258,5575.096774193548,231048.0,0.0,True,False,False,3,Gulf Coast,0.8560812299764379,214675.0,528.0645161290319,16373.0,29.99999999999912,498.1612903225815,0.09677419354875383
2016-02-01,369.13793103448273,9515.0,8269.344827586207,0.0,220.27586206896552,2927.8275862068967,183.10344827586206,5523.0,245940.0,0.0,True,False,False,3,Gulf Coast,0.8690851106238787,231048.0,513.4482758620695,14892.0,-38.7931034482753,552.3103448275856,0.06896551724082656
2016-03-01,95.12903225806451,9515.0,8643.451612903225,0.0,298.06451612903226,3432.1935483870966,306.3225806451613,5538.322580645161,259285.0,0.0,True,False,False,3,Gulf Coast,0.908402691844795,245940.0,430.45161290322574,13345.0,28.999999999999943,401.483870967742,0.03225806451621338
2016-04-01,140.3,9515.0,8467.866666666667,0.0,301.9,3052.266666666667,130.13333333333333,5462.166666666667,259743.0,0.0,True,False,False,3,Gulf Coast,0.8899492030127868,259285.0,15.10000000000042,458.0,-255.33333333333246,270.5999999999991,0.16666666666624685
2016-05-01,240.5483870967742,9515.0,8564.90322580645,0.0,400.83870967741933,3431.0,-104.58064516129032,5410.870967741936,260121.0,0.0,True,False,False,3,Gulf Coast,0.9001474751241672,259743.0,12.096774193549379,378.0,-123.87096774193452,136.0645161290313,0.09677419354739492
2016-06-01,348.06666666666666,9605.0,8578.633333333333,0.0,191.56666666666666,3079.6,-67.33333333333333,5337.0,257939.0,0.0,True,False,False,3,Gulf Coast,0.8931424605240326,260121.0,-72.86666666666662,-2182.0,-353.5999999999995,280.86666666666616,0.13333333333328312
2016-07-01,71.61290322580645,9605.0,8718.935483870968,0.0,131.5483870967742,3468.7096774193546,-268.5806451612903,5352.5161290322585,250930.0,0.0,True,False,False,3,Gulf Coast,0.9077496599553324,257939.0,-226.2258064516127,-7009.0,-29.2580645161284,-196.83870967741998,0.1290322580643135
2016-08-01,207.6451612903226,9605.0,8604.90322580645,0.0,409.5806451612903,3223.548387096774,57.935483870967744,5399.806451612903,247041.0,0.0,True,False,False,3,Gulf Coast,0.8958774831656898,250930.0,-125.54838709677321,-3889.0,-391.1290322580631,265.6774193548373,0.0967741935474038
2016-09-01,200.1,9605.0,8496.766666666666,0.0,491.43333333333334,3109.5333333333333,155.46666666666667,5285.133333333333,239906.0,0.0,True,False,False,3,Gulf Coast,0.8846191219850772,247041.0,-237.9666666666666,-7135.0,-593.5333333333338,355.7000000000004,0.1333333333332689
2016-10-01,305.83870967741933,9620.0,8107.870967741936,0.0,221.38709677419354,2921.4193548387098,169.06451612903226,5423.354838709677,255112.0,0.0,True,False,False,3,Gulf Coast,0.8428140299108041,239906.0,490.4193548387093,15206.0,15.516129032257254,475.0000000000008,0.09677419354875383
2016-11-01,94.53333333333333,9637.0,8649.666666666666,0.0,329.8666666666667,3220.9666666666667,-27.1,5510.9,249707.0,0.0,True,False,False,3,Gulf Coast,0.8975476462246204,255112.0,-180.2333333333331,-5405.0,-247.66666666666595,67.49999999999929,0.0666666666664355
2016-12-01,324.96774193548384,9637.0,8878.967741935483,0.0,291.741935483871,3040.8064516129034,59.45161290322581,5562.0,244022.0,0.0,True,False,False,3,Gulf Coast,0.9213414695377693,249707.0,-183.48387096774093,-5685.0,-567.9032258064506,384.516129032257,0.09677419354738959
2017-01-01,278.35483870967744,9738.0,8387.032258064517,0.0,421.1290322580645,3405.7419354838707,213.03225806451613,5597.354838709677,265302.0,0.0,True,False,False,3,Gulf Coast,0.8612684594438814,244022.0,686.3225806451599,21280.0,194.93548387096587,491.51612903226,0.1290322580659904
2017-02-01,552.5714285714286,9738.0,8177.821428571428,0.0,868.3928571428571,3092.964285714286,104.14285714285714,5740.0,277972.0,0.0,True,False,False,3,Gulf Coast,0.8397844966698941,265302.0,443.4642857142859,12670.0,-213.24999999999932,665.7499999999993,9.035714285714107
2017-03-01,244.3548387096774,9742.0,8502.193548387097,0.0,697.7096774193549,3092.1612903225805,135.41935483870967,5770.870967741936,282617.0,0.0,True,False,False,3,Gulf Coast,0.8727359421460785,277972.0,42.9032258064517,4645.0,-336.8709677419363,486.70967741935567,106.93548387096766
2017-04-01,273.9,9742.0,8925.233333333334,0.0,861.6333333333333,3224.4,110.76666666666667,5672.966666666666,270194.0,0.0,True,False,False,3,Gulf Coast,0.9161602682542942,282617.0,-504.83333333333394,-12423.0,-889.5000000000001,475.4000000000001,90.73333333333392
2017-05-01,496.96774193548384,9752.0,9297.161290322581,0.0,778.3870967741935,3212.2258064516127,198.3548387096774,5784.806451612903,262624.0,0.0,True,False,False,3,Gulf Coast,0.9533594432242187,270194.0,-383.1935483870977,-7570.0,-1078.5161290322599,834.322580645163,139.0000000000009
2017-06-01,460.43333333333334,9752.0,9180.666666666666,0.0,599.4,2974.133333333333,329.93333333333334,5735.3,259520.0,0.0,True,False,False,3,Gulf Coast,0.9414137270987147,262624.0,-280.266666666666,-3104.0,-1070.6333333333318,967.1666666666652,176.79999999999936
2017-07-01,392.7096774193548,9752.0,9226.483870967742,0.0,709.9677419354839,2932.967741935484,401.51612903225805,5891.064516129032,249947.0,0.0,True,False,False,3,Gulf Coast,0.9461119637989892,259520.0,-318.19354838709734,-9573.0,-1112.4193548387111,803.6129032258079,9.387096774194106
2017-08-01,192.96774193548387,9754.0,8610.612903225807,0.0,606.6774193548387,2351.2580645161293,313.6774193548387,5766.5161290322585,231652.0,0.0,True,False,False,3,Gulf Coast,0.8827776197688955,249947.0,-592.8709677419349,-18295.0,-1099.5161290322571,509.3548387096765,2.709677419354307
2017-09-01,283.76666666666665,9764.0,7436.933333333333,0.0,1276.6666666666667,2232.766666666667,296.8333333333333,5962.233333333334,238671.0,0.0,True,False,False,3,Gulf Coast,0.7616687150075105,231652.0,62.000000000000284,7019.0,-518.6000000000001,752.5666666666668,171.96666666666638
2017-10-01,224.0,9764.0,8655.548387096775,0.0,1581.3225806451612,2511.8064516129034,729.483870967742,5977.096774193548,218731.0,0.0,True,False,False,3,Gulf Coast,0.8864756643892641,238671.0,-794.4838709677422,-19940.0,-1747.967741935485,1104.741935483872,151.25806451612925
2017-11-01,430.43333333333334,9772.0,8947.4,0.0,1360.3,2586.0666666666666,765.1,6335.766666666666,220693.0,0.0,True,False,False,3,Gulf Coast,0.9156160458452721,218731.0,-190.3333333333332,1962.0,-1385.8666666666675,1451.2666666666676,255.7333333333332
2017-12-01,460.8709677419355,9810.0,9219.645161290322,0.0,1314.1612903225807,2496.3225806451615,832.2903225806451,6272.903225806452,204526.0,0.0,True,False,False,3,Gulf Coast,0.9398211173588503,220693.0,-471.41935483870895,-16167.0,-1764.580645161289,1243.064516129031,-50.096774193549095
2018-01-01,333.93548387096774,9762.0,8772.032258064517,0.0,1129.6129032258063,2605.548387096774,1130.8064516129032,6274.645161290323,216864.0,0.0,True,False,False,3,Gulf Coast,0.8985896597074899,204526.0,443.2903225806446,12338.0,-1021.4516129032268,1419.4516129032268,-45.29032258064461
2018-02-01,258.0,9762.0,8294.285714285714,0.0,1409.142857142857,2476.964285714286,928.8928571428571,6536.0,229541.0,0.0,True,False,False,3,Gulf Coast,0.8496502473146603,216864.0,496.428571428572,12677.0,-690.4642857142846,1143.2142857142846,-43.67857142857201
2018-03-01,431.48387096774195,9762.0,8871.0,0.0,1644.032258064516,2588.7741935483873,390.35483870967744,6717.677419354839,217554.0,0.0,True,False,False,3,Gulf Coast,0.9087277197295636,229541.0,-386.7419354838704,-11987.0,-1208.5806451612889,821.9032258064501,0.0645161290316878
2018-04-01,415.76666666666665,9762.0,8866.033333333333,0.0,1676.4666666666667,2862.6666666666665,623.9,6686.166666666667,220424.0,0.0,True,False,False,3,Gulf Coast,0.9082189442054224,217554.0,46.00000000000057,2870.0,-993.6666666666656,1089.3333333333323,49.6666666666661
2018-05-01,578.5483870967741,9762.0,8862.451612903225,0.0,1808.6451612903227,2421.3225806451615,803.1290322580645,6634.193548387097,216971.0,0.0,True,False,False,3,Gulf Coast,0.9078520398384783,220424.0,-233.90322580645136,-3453.0,-1615.5806451612905,1504.1935483870968,122.51612903225781
2018-06-01,510.2,9762.0,9273.066666666668,0.0,2050.1666666666665,2767.1666666666665,1005.7,6903.966666666666,213037.0,0.0,True,False,False,3,Gulf Coast,0.9499146349791711,216971.0,-136.20000000000124,-3934.0,-1652.1000000000008,1520.9666666666676,5.066666666667913
2018-07-01,564.7096774193549,9762.0,9088.161290322581,0.0,1994.4516129032259,2710.935483870968,854.0967741935484,7161.5161290322585,219508.0,0.0,True,False,False,3,Gulf Coast,0.9309732934155482,213037.0,208.64516129032233,6471.0,-1210.16129032258,1418.903225806451,0.09677419354864014
2018-08-01,373.48387096774195,9765.0,9350.193548387097,0.0,1672.3225806451612,2522.6451612903224,493.38709677419354,7458.290322580645,214094.0,0.0,True,False,False,3,Gulf Coast,0.9575211007052838,219508.0,-174.709677419355,-5414.0,-1041.58064516129,866.9354838709675,0.06451612903239834
2018-09-01,416.3333333333333,9765.0,9126.4,0.0,1888.4666666666667,2498.1,909.6,7414.066666666667,220792.0,0.0,True,False,False,3,Gulf Coast,0.9346031746031745,214094.0,223.23333333333352,6698.0,-1102.7000000000003,1325.966666666667,0.03333333333316091
2018-10-01,521.0,9765.0,9229.387096774193,0.0,2052.064516129032,2256.2580645161293,1112.8064516129032,7431.387096774193,227202.0,0.0,True,False,False,3,Gulf Coast,0.945149728292288,220792.0,40.00000000000023,6410.0,-1593.8064516129034,1800.5806451612905,166.77419354838688
2018-11-01,807.8666666666667,9765.0,9251.233333333334,0.0,2198.3,2120.9,922.9666666666667,7767.033333333334,237552.0,0.0,True,False,False,3,Gulf Coast,0.9473869260966036,227202.0,169.23333333333346,10350.0,-1561.5999999999995,1906.5999999999995,175.76666666666654
2018-12-01,729.6774193548387,9765.0,9374.516129032258,0.0,2197.7419354838707,1950.9354838709678,887.2903225806451,7813.129032258064,232052.0,0.0,True,False,False,3,Gulf Coast,0.9600118923740151,237552.0,-191.22580645161236,-5500.0,-1808.1935483870961,1630.7741935483864,13.806451612902691
2019-01-01,529.6774193548387,9876.0,8857.90322580645,0.0,2453.3225806451615,2074.032258064516,966.8709677419355,7738.677419354839,231992.0,0.0,True,False,False,3,Gulf Coast,0.8969120317746507,232052.0,-1.9677419354829908,-60.0,-1498.5161290322562,1496.5806451612884,0.03225806451524882
2019-02-01,735.8571428571429,9876.0,8591.107142857143,0.0,2715.1785714285716,1792.7142857142858,1038.5,7648.25,229458.0,0.0,True,False,False,3,Gulf Coast,0.8698974425736273,231992.0,-90.964285714286,-2534.0,-1865.3214285714284,1774.8214285714284,0.4642857142860066
2019-03-01,242.29032258064515,9876.0,8520.322580645161,0.0,2510.9032258064517,1755.0645161290322,1318.3548387096773,7859.096774193548,233908.0,0.0,True,False,False,3,Gulf Coast,0.8627301114464521,229458.0,143.58064516129028,4450.0,-1417.064516129033,1560.6129032258073,-0.03225806451607127
2019-04-01,667.3,9876.0,8791.733333333334,0.0,2699.5666666666666,1844.5333333333333,1245.0666666666666,8006.333333333333,242605.0,0.0,True,False,False,3,Gulf Coast,0.8902119616578912,233908.0,271.9333333333327,8697.0,-1640.4333333333334,1930.3333333333335,17.966666666667265
2019-05-01,635.1935483870968,9876.0,9061.193548387097,0.0,2773.8387096774195,2055.935483870968,1091.2903225806451,8010.193548387097,245060.0,0.0,True,False,False,3,Gulf Coast,0.9174963090711924,242605.0,-42.41935483870975,2455.0,-1768.9032258064517,1848.0967741935485,121.61290322580652
2019-06-01,636.8,9876.0,9125.766666666666,0.0,2930.633333333333,1741.3666666666666,1250.7666666666667,8054.533333333334,233872.0,0.0,True,False,False,3,Gulf Coast,0.92403469690833,245060.0,-372.9333333333325,-11188.0,-2260.5,1887.5666666666666,-8.526512829121202e-13
2019-07-01,639.0,9876.0,9006.41935483871,0.0,2452.8064516129034,1631.6451612903227,1217.8387096774193,7723.032258064516,226193.0,0.0,True,False,False,3,Gulf Coast,0.9119501169338508,233872.0,-247.70967741935533,-7679.0,-2104.5483870967746,1856.8387096774197,4.831690603168681e-13
2019-08-01,531.0,9876.0,9102.645161290322,0.0,2592.5806451612902,1617.4193548387098,1258.3225806451612,8350.709677419354,228122.0,0.0,True,False,False,3,Gulf Coast,0.9216935157240099,226193.0,62.225806451612925,1929.0,-1727.0967741935478,1789.3225806451608,-2.1316282072803006e-14
2019-09-01,435.2,9876.0,8701.266666666666,0.0,2784.366666666667,1417.9333333333334,1026.4,8355.466666666667,220603.0,0.0,True,False,False,3,Gulf Coast,0.8810517078439314,228122.0,-250.6333333333326,-7519.0,-1712.2333333333318,1461.5999999999985,-7.389644451905042e-13
2019-10-01,745.5806451612904,9876.0,8339.032258064517,0.0,3217.8064516129034,1216.516129032258,1131.0,8441.58064516129,223581.0,0.0,True,False,False,3,Gulf Coast,0.8443734566691492,220603.0,-22.161290322582204,2978.0,-1898.741935483873,1994.8064516129052,118.22580645161446
2019-11-01,568.2,9876.0,8856.033333333333,0.0,2886.3333333333335,1226.4,1248.4666666666667,8649.366666666667,228269.0,0.0,True,False,False,3,Gulf Coast,0.8967226947482111,223581.0,-49.93333333333271,4688.0,-1866.6,2022.8666666666666,206.1999999999994
2019-12-01,510.80645161290323,9876.0,9000.90322580645,0.0,3354.0967741935483,1527.741935483871,1365.3548387096773,8677.645161290322,219791.0,0.0,True,False,False,3,Gulf Coast,0.9113915781497014,228269.0,-273.45161290322534,-8478.0,-2149.612903225806,1876.129032258064,-0.032258064516611284
2020-01-01,641.9032258064516,9983.0,8791.612903225807,0.0,2990.3225806451615,1500.8709677419354,1192.774193548387,8708.387096774193,227913.0,0.0,True,False,False,3,Gulf Coast,0.8806584096189328,219791.0,261.999999999999,8122.0,-1572.6774193548395,1834.6774193548395,1.0231815394945443e-12
2020-02-01,772.2413793103449,9983.0,8391.241379310344,0.0,3333.7241379310344,1431.2758620689656,1312.7931034482758,8687.137931034482,241789.0,0.0,True,False,False,3,Gulf Coast,0.8405530781639131,227913.0,478.48275862068954,13876.0,-1606.5517241379312,2085.034482758621,1.1368683772161603e-13
2020-03-01,732.483870967742,9983.0,8442.806451612903,0.0,3440.516129032258,1511.774193548387,1212.225806451613,8737.516129032258,251419.0,0.0,True,False,False,3,Gulf Coast,0.8457183663841434,241789.0,310.6774193548381,9630.0,-1634.0322580645175,1944.67741935484,-0.03225806451553126
2020-04-01,311.26666666666665,9983.0,7238.4,0.0,2709.266666666667,1434.1,971.4333333333333,8219.5,278219.0,0.0,True,False,False,3,Gulf Coast,0.7250726234598818,251419.0,988.6333333333333,26800.0,-294.06666666666615,1187.3999999999996,-95.29999999999995
2020-05-01,306.0,9983.0,7139.870967741936,0.0,2888.2903225806454,2214.548387096774,1289.8064516129032,6801.741935483871,285822.0,0.0,True,False,False,3,Gulf Coast,0.7152029417752114,278219.0,583.9354838709676,7603.0,-1011.8709677419351,1257.1290322580642,-338.67741935483855
2020-06-01,324.56666666666666,9983.0,7477.666666666667,0.0,2575.1,2210.133333333333,1009.8666666666667,7255.6,300547.0,0.0,True,False,False,3,Gulf Coast,0.7490400347257004,285822.0,747.4000000000001,14725.0,-587.0333333333333,1077.8666666666666,-256.5666666666668
2020-07-01,341.0967741935484,9983.0,7765.290322580645,0.0,3190.1612903225805,1897.258064516129,807.3225806451613,7530.354838709677,288668.0,0.0,True,False,False,3,Gulf Coast,0.7778513796033902,300547.0,-379.4193548387095,-11879.0,-1527.8387096774186,1144.6451612903218,-3.7741935483872453
2020-08-01,714.7096774193549,9983.0,7376.903225806452,0.0,3197.548387096774,1179.1935483870968,868.5806451612904,7022.8387096774195,272814.0,0.0,True,False,False,3,Gulf Coast,0.7389465316845089,288668.0,-789.1290322580642,-15854.0,-2372.419354838709,1860.999999999999,277.7096774193545
2020-09-01,270.96666666666664,9956.0,6999.633333333333,0.0,2871.9666666666667,1218.1,774.7666666666667,7358.133333333333,270669.0,0.0,True,False,False,3,Gulf Coast,0.7030567831793223,272814.0,-249.6333333333335,-2145.0,-1295.3666666666663,1223.8666666666663,178.1333333333335
2020-10-01,373.61290322580646,9956.0,7048.806451612903,0.0,2708.8709677419356,1205.774193548387,827.9032258064516,6942.1612903225805,261645.0,0.0,True,False,False,3,Gulf Coast,0.7079958267992068,270669.0,-408.2258064516134,-9024.0,-1609.7419354838712,1318.645161290323,117.12903225806497
2020-11-01,485.43333333333334,9956.0,7600.566666666667,0.0,2534.3,1207.3666666666666,1110.9666666666667,7634.1,271206.0,0.0,True,False,False,3,Gulf Coast,0.7634156957278693,261645.0,303.00000000000017,9561.0,-1293.3999999999996,1612.0999999999997,15.699999999999818
2020-12-01,360.741935483871,9956.0,7750.612903225807,0.0,3160.4193548387098,1194.8709677419354,1291.1612903225807,7666.4838709677415,258874.0,0.0,True,False,False,3,Gulf Coast,0.7784866315011859,271206.0,-397.7741935483882,-12332.0,-2049.6774193548404,1651.8709677419372,-0.03225806451501967
2021-01-01,469.4193548387097,9751.0,7919.0,0.0,3025.032258064516,1244.8387096774193,1498.9032258064517,7702.677419354839,258001.0,0.0,True,False,False,3,Gulf Coast,0.8121218336580863,258874.0,-28.193548387096428,-873.0,-1996.5161290322585,1968.3548387096778,0.0322580645157835
2021-02-01,157.03571428571428,9751.0,6036.964285714285,0.0,2374.3571428571427,1013.5714285714286,1223.7142857142858,6706.321428571428,277613.0,0.0,True,False,False,3,Gulf Coast,0.6191123254757753,258001.0,689.3214285714289,19612.0,-691.4285714285711,1391.8571428571427,11.107142857142549
2021-03-01,423.80645161290323,9751.0,7514.032258064516,0.0,2622.0,1153.8064516129032,1115.4193548387098,7993.967741935484,294692.0,0.0,True,False,False,3,Gulf Coast,0.7705909402178768,277613.0,550.9677419354839,17079.0,-988.2580645161297,1539.1935483870975,-0.03225806451621338
2021-04-01,580.4333333333333,9751.0,8469.433333333332,0.0,2980.4333333333334,1212.0333333333333,863.6333333333333,7931.5,273171.0,0.0,True,False,False,3,Gulf Coast,0.8685707448808668,294692.0,-862.2666666666661,-21521.0,-2306.333333333333,1588.9666666666662,144.8999999999994
2021-05-01,379.61290322580646,9751.0,8491.129032258064,0.0,2668.5806451612902,1243.3548387096773,947.1612903225806,8005.354838709677,260902.0,0.0,True,False,False,3,Gulf Coast,0.8707957165683585,273171.0,-584.2258064516132,-12269.0,-1911.0000000000005,1515.2258064516134,188.45161290322608
2021-06-01,706.8666666666667,9751.0,8607.1,0.0,3215.366666666667,1364.5,973.3,7997.1,243762.0,0.0,True,False,False,3,Gulf Coast,0.8826889549789766,260902.0,-780.7000000000002,-17140.0,-2460.866666666667,1889.5333333333333,209.3666666666668
2021-07-01,460.1290322580645,9751.0,8474.516129032258,0.0,2565.8387096774195,1503.4516129032259,887.8387096774194,8142.419354838709,242322.0,0.0,True,False,False,3,Gulf Coast,0.8690920037977907,243762.0,-46.51612903225805,-1440.0,-1394.4838709677415,1348.0322580645156,0.06451612903224202
2021-08-01,738.0322580645161,9751.0,8327.838709677419,0.0,2849.516129032258,1320.5483870967741,633.4516129032259,7970.806451612903,226373.0,0.0,True,False,False,3,Gulf Coast,0.8540497087147388,242322.0,-514.5161290322571,-15949.0,-1885.9999999999986,1371.5161290322567,0.0322580645151902
2021-09-01,308.8,9751.0,7745.5,0.0,2465.9,1549.8,759.0666666666667,7541.466666666666,228340.0,0.0,True,False,False,3,Gulf Coast,0.7943287867910983,226373.0,-52.26666666666716,1967.0,-1120.1333333333337,1185.7000000000003,117.83333333333383
2021-10-01,497.51612903225805,9751.0,7996.451612903225,0.0,2740.3225806451615,1256.4516129032259,1167.7096774193549,8215.516129032258,247876.0,0.0,True,False,False,3,Gulf Coast,0.8200647741670829,228340.0,400.4193548387095,19536.0,-1264.8064516129039,1895.0000000000007,229.7741935483873
2021-11-01,344.43333333333334,9751.0,8479.733333333334,0.0,3096.1,1171.4333333333334,1040.1666666666667,8385.166666666666,238016.0,0.0,True,False,False,3,Gulf Coast,0.869627046798619,247876.0,-634.6333333333339,-9860.0,-2019.233333333335,1690.5666666666682,305.9666666666672
2021-12-01,565.2903225806451,9496.0,8484.741935483871,0.0,3288.064516129032,1067.0967741935483,1183.516129032258,8292.129032258064,225194.0,0.0,True,False,False,3,Gulf Coast,0.8935069435008289,238016.0,-664.7741935483875,-12822.0,-2413.58064516129,1999.9677419354834,251.16129032258107
2022-01-01,209.3548387096774,9607.0,8216.935483870968,0.0,3260.8387096774195,1317.4193548387098,1360.0645161290322,8116.096774193548,221259.0,174.80645161290323,False,False,False,3,Gulf Coast,0.8553071181295897,225194.0,-300.0322580645164,-3935.0,-2044.2580645161297,1917.322580645162,173.09677419354864
2022-02-01,88.57142857142857,9607.0,8169.821428571428,0.0,3115.5714285714284,1212.25,1257.2142857142858,8121.035714285715,224585.0,387.7857142857143,False,False,False,3,Gulf Coast,0.8504029799699624,221259.0,-218.5357142857136,3326.0,-1952.1071428571431,2070.8928571428573,337.3214285714279
2022-03-01,345.741935483871,9607.0,8641.0,0.0,3049.516129032258,1293.032258064516,1102.1612903225807,8419.290322580646,227737.0,218.70967741935485,False,False,False,3,Gulf Coast,0.8994483189341106,224585.0,-311.58064516128957,3152.0,-1978.1935483870952,2079.870967741934,413.2580645161283
2022-04-01,511.3,9607.0,8653.266666666666,0.0,3388.1,1234.9666666666667,1025.9666666666667,8576.466666666667,232659.0,250.23333333333332,False,False,False,3,Gulf Coast,0.9007251656778044,227737.0,-442.4333333333325,4922.0,-2229.933333333332,2393.9999999999986,606.4999999999991
2022-05-01,275.2903225806452,9607.0,8873.354838709678,0.0,3232.7096774193546,1440.9032258064517,1044.774193548387,8396.41935483871,232290.0,138.16129032258064,False,False,False,3,Gulf Coast,0.9236343123461723,232659.0,-810.5161290322579,-369.0,-2268.74193548387,2256.838709677418,798.6129032258063
2022-06-01,462.8,9607.0,8947.033333333333,0.0,3315.133333333333,1333.5666666666666,775.8666666666667,8541.8,234954.0,244.06666666666666,False,False,False,3,Gulf Coast,0.9313035633739287,232290.0,-904.0666666666668,2664.0,-2386.800000000001,2475.6000000000013,992.8666666666668
2022-07-01,343.3225806451613,9628.0,9007.548387096775,0.0,3524.5806451612902,1634.8064516129032,786.5483870967741,8635.161290322581,233867.0,280.5483870967742,False,False,False,3,Gulf Coast,0.9355575807121702,234954.0,-851.741935483871,-1087.0,-2262.16129032258,2227.096774193548,816.6774193548388
2022-08-01,344.16129032258067,9628.0,8921.774193548386,0.0,3421.451612903226,1208.774193548387,970.258064516129,8775.548387096775,235004.0,340.9032258064516,False,False,False,3,Gulf Coast,0.9266487529651419,233867.0,-703.5806451612895,1137.0,-2358.9032258064512,2395.58064516129,740.2580645161281
2022-09-01,-41.5,9628.0,8808.3,0.0,3613.5666666666666,1171.0666666666666,1080.5666666666666,9009.733333333334,240386.0,425.93333333333334,False,False,False,3,Gulf Coast,0.9148628998753634,235004.0,-776.0666666666657,5382.0,-2241.0666666666666,2420.4666666666667,955.4666666666657
2022-10-01,245.29032258064515,9628.0,8444.741935483871,0.0,3920.0,1138.0,1031.3870967741937,9026.258064516129,244466.0,480.4516129032258,False,False,False,3,Gulf Coast,0.8771024029376684,240386.0,-443.35483870967784,4080.0,-2200.4838709677424,2332.0967741935488,574.9677419354844
2022-11-01,435.0,9628.0,8886.733333333334,0.0,4020.266666666667,1013.4666666666667,1255.4,9040.3,228828.0,303.23333333333335,False,False,False,3,Gulf Coast,0.9230092784932835,244466.0,-859.600000000001,-15638.0,-2853.233333333334,2331.966666666667,338.3333333333344
2022-12-01,452.741935483871,9628.0,8129.870967741936,0.0,3625.1290322580644,1108.6129032258063,978.0322580645161,8971.290322580646,243061.0,174.80645161290323,False,False,False,3,Gulf Coast,0.8443987295120415,228828.0,-69.51612903225754,14233.0,-1675.0967741935474,2134.225806451612,528.645161290322
2023-01-01,221.67741935483872,9677.0,8160.5161290322585,0.0,3323.6129032258063,1280.516129032258,864.3870967741935,9262.225806451614,256080.0,260.7741935483871,False,False,False,3,Gulf Coast,0.8432898758946221,243061.0,405.45161290322613,13019.0,-941.3870967741937,1361.3548387096776,14.516129032257709
2023-02-01,349.14285714285717,9677.0,8022.571428571428,0.0,3992.8214285714284,1400.0357142857142,1230.357142857143,9145.57142857143,263210.0,144.92857142857142,False,False,False,3,Gulf Coast,0.8290349724678545,256080.0,254.64285714285816,7130.0,-1469.7857142857138,1724.4285714285709,-1.0231815394945443e-12
2023-03-01,296.80645161290323,9917.0,8429.225806451614,0.0,4311.193548387097,1289.0967741935483,1507.0967741935483,9382.193548387097,261804.0,206.83870967741936,False,False,False,3,Gulf Coast,0.8499773930071205,263210.0,-58.38709677419442,-1406.0,-2069.129032258066,2023.774193548389,13.032258064517002
2023-04-01,335.1666666666667,9917.0,8718.4,0.0,4091.3333333333335,1232.0,1275.0333333333333,9219.833333333334,252686.0,195.36666666666667,False,False,False,3,Gulf Coast,0.8791368357366138,261804.0,-552.3333333333325,-9118.0,-2357.899999999999,2053.966666666666,248.39999999999912
2023-05-01,439.0,9917.0,8919.451612903225,0.0,3737.3225806451615,1291.3870967741937,1212.5483870967741,9181.58064516129,249724.0,134.8709677419355,False,False,False,3,Gulf Coast,0.8994102665022916,252686.0,-397.38709677419376,-2962.0,-2183.806451612904,2088.2580645161297,301.83870967741956
2023-06-01,192.3,9917.0,8821.3,0.0,3791.6,1398.9666666666667,1057.6666666666667,9209.566666666668,246429.0,404.3,False,False,False,3,Gulf Coast,0.8895129575476454,249724.0,-350.09999999999826,-3295.0,-2004.3666666666645,1894.5333333333313,240.26666666666495
2023-07-01,298.83870967741933,9917.0,9036.032258064517,0.0,3824.1290322580644,1480.8064516129032,1309.774193548387,9370.354838709678,244529.0,348.6774193548387,False,False,False,3,Gulf Coast,0.9111659027996891,246429.0,-51.7096774193551,-1900.0,-2009.0,1947.7096774193549,-9.580645161290057
2023-08-01,211.1290322580645,9917.0,8842.290322580646,0.0,4281.225806451613,1458.0645161290322,1290.9032258064517,9397.90322580645,231689.0,444.0967741935484,False,False,False,3,Gulf Coast,0.8916295575860286,244529.0,-321.4193548387109,-12840.0,-2267.5483870967755,1853.3548387096787,-92.77419354838588
2023-09-01,81.4,9917.0,8786.9,0.0,3970.5,1468.0666666666666,1542.5333333333333,9485.533333333333,237851.0,416.73333333333335,False,False,False,3,Gulf Coast,0.8860441665826359,231689.0,236.86666666666648,6162.0,-1803.800000000001,2009.2000000000012,-31.46666666666647
2023-10-01,-148.3548387096774,9917.0,8366.935483870968,0.0,4018.1935483870966,1173.1935483870968,1612.483870967742,9485.258064516129,243939.0,458.9032258064516,False,False,False,3,Gulf Coast,0.8436962270717927,237851.0,196.3548387096771,6088.0,-1726.677419354839,1923.0645161290327,0.032258064516440754
2023-11-01,87.63333333333334,9917.0,8724.366666666667,0.0,3811.366666666667,1234.3666666666666,1421.3333333333333,9576.0,247737.0,364.23333333333335,False,False,False,3,Gulf Coast,0.8797384961850022,243939.0,147.83333333333314,3798.0,-1725.3666666666668,1851.9666666666667,-21.23333333333315
2023-12-01,322.61290322580646,9917.0,9043.838709677419,0.0,4495.870967741936,1449.6774193548388,1351.6451612903227,9565.290322580646,227483.0,286.5806451612903,False,False,False,3,Gulf Coast,0.9119530815445617,247737.0,-563.9032258064499,-20254.0,-2524.7419354838694,1871.3870967741918,-89.45161290322756
2024-01-01,487.2903225806452,9987.0,8154.322580645161,0.0,3839.2258064516127,1217.516129032258,1503.9354838709678,9107.645161290322,240587.0,207.25806451612902,False,False,False,3,Gulf Coast,0.8164936998743527,227483.0,530.0967741935483,13104.0,-1668.387096774194,2091.0967741935488,-107.38709677419348
2024-02-01,430.3103448275862,9987.0,7986.551724137931,0.0,4445.379310344828,1333.0344827586207,1357.7241379310344,9476.448275862069,247092.0,160.27586206896552,False,False,False,3,Gulf Coast,0.7996947756221019,240587.0,325.8620689655164,6505.0,-1622.4482758620688,1846.7586206896551,-101.5517241379302
2024-03-01,334.2258064516129,9987.0,8695.935483870968,0.0,4148.741935483871,1223.0967741935483,1624.225806451613,9535.548387096775,245528.0,173.09677419354838,False,False,False,3,Gulf Coast,0.8707254915260807,247092.0,45.516129032258135,-1564.0,-2086.032258064517,2035.5806451612912,-95.96774193548394
2024-04-01,419.06666666666666,9987.0,8728.966666666667,0.0,3859.233333333333,1366.7666666666667,1568.0,9637.266666666666,263079.0,281.56666666666666,False,False,False,3,Gulf Coast,0.8740329094489504,245528.0,684.4666666666659,17551.0,-1584.1666666666674,2169.2000000000007,-99.4333333333326
2024-05-01,179.6451612903226,9987.0,9080.935483870968,0.0,4067.8387096774195,1566.032258064516,1489.1935483870968,9626.129032258064,259725.0,284.38709677419354,False,False,False,3,Gulf Coast,0.9092756066757753,263079.0,-3.3870967741938784,-3354.0,-1956.6129032258077,1848.419354838711,-104.80645161290289
2024-06-01,214.5,9987.0,9154.5,0.0,4022.0333333333333,1427.5666666666666,1325.1666666666667,9681.833333333334,251082.0,336.23333333333335,False,False,False,3,Gulf Coast,0.9166416341243616,259725.0,-191.23333333333267,-8643.0,-2067.133333333332,1779.033333333332,-96.86666666666736
2024-07-01,59.67741935483871,9987.0,8993.322580645161,0.0,4149.258064516129,1334.6451612903227,1376.483870967742,9676.161290322581,237973.0,348.8709677419355,False,False,False,3,Gulf Coast,0.900502911849921,251082.0,-346.7419354838694,-13109.0,-2131.7741935483864,1708.9032258064508,-76.1290322580661
2024-08-01,373.38709677419354,9987.0,9142.193548387097,0.0,3843.8387096774195,1246.8387096774193,1130.7096774193549,9842.967741935483,234759.0,424.64516129032256,False,False,False,3,Gulf Coast,0.915409387041864,237973.0,32.51612903225714,-3214.0,-1896.2258064516145,1792.5483870967757,-136.19354838709586
2024-09-01,-126.43333333333334,9987.0,8787.233333333334,0.0,3607.5666666666666,1348.6,1206.0333333333333,9600.266666666666,233805.0,443.6333333333333,False,False,False,3,Gulf Coast,0.8798671606421682,234759.0,77.29999999999944,-954.0,-1445.9333333333334,1414.1333333333334,-109.09999999999944
2024-10-01,166.0,10000.0,8932.612903225807,0.0,3803.6774193548385,1285.3225806451612,1331.4193548387098,9914.0,241721.0,433.2258064516129,False,False,False,3,Gulf Coast,0.8932612903225807,233805.0,393.6774193548383,7916.0,-1536.9677419354844,1792.3225806451617,-138.3225806451609
2024-11-01,190.93333333333334,10008.0,9187.933333333332,0.0,4174.433333333333,1383.4666666666667,1417.7666666666667,9720.066666666668,232367.0,491.1,False,False,False,3,Gulf Coast,0.9180588862243537,241721.0,-159.0333333333316,-9354.0,-2258.833333333331,1947.0333333333313,-152.7666666666684
2024-12-01,-141.0,10008.0,9390.225806451614,0.0,3631.1612903225805,1311.3870967741937,1492.516129032258,9826.967741935483,228063.0,449.7096774193548,False,False,False,3,Gulf Coast,0.9382719630747016,232367.0,-81.8064516129046,-4304.0,-1883.032258064518,1744.1935483870986,-57.032258064514764
2025-01-01,169.16129032258064,10063.0,8335.129032258064,0.0,3797.548387096774,1221.1935483870968,1334.6451612903227,9525.935483870968,234759.0,146.03225806451613,False,False,False,3,Gulf Coast,0.8282946469500213,228063.0,264.2903225806453,6696.0,-1385.5483870967741,1601.5483870967741,-48.290322580645295
2025-02-01,557.2142857142857,10063.0,8225.714285714286,0.0,4156.75,1139.7142857142858,1022.4285714285714,9654.785714285714,241357.0,252.85714285714286,False,False,False,3,Gulf Coast,0.8174216720375918,234759.0,244.53571428571328,6598.0,-1587.9642857142862,1823.6071428571433,-8.892857142856144
2025-03-01,300.5806451612903,9799.0,8962.516129032258,0.0,3911.3225806451615,1226.2903225806451,1335.2903225806451,9848.935483870968,246258.0,365.8709677419355,False,False,False,3,Gulf Coast,0.9146357923290395,241357.0,203.12903225806457,4901.0,-1798.6129032258054,1956.7096774193537,-45.032258064516185
2025-04-01,231.6,9799.0,9287.7,0.0,3703.233333333333,1216.4333333333334,1400.1666666666667,9903.833333333334,245337.0,288.56666666666666,False,False,False,3,Gulf Coast,0.9478212062455353,246258.0,49.666666666666885,-921.0,-1870.6666666666674,1839.9666666666674,-80.36666666666689
2025-05-01,228.80645161290323,9799.0,9355.806451612903,0.0,3501.516129032258,1170.0,1236.4516129032259,9900.741935483871,240336.0,254.7741935483871,False,False,False,3,Gulf Coast,0.9547715533843151,245337.0,-66.54838709677406,-5001.0,-1786.5806451612902,1625.258064516129,-94.77419354838722
2025-06-01,334.6666666666667,9799.0,9356.966666666667,0.0,3588.0333333333333,1233.9,1018.8333333333334,10001.266666666666,230427.0,57.46666666666667,False,False,False,3,Gulf Coast,0.9548899547572882,240336.0,-298.86666666666724,-9909.0,-1709.8333333333344,1379.5333333333344,-31.43333333333277
2025-07-01,375.8709677419355,9799.0,9218.612903225807,0.0,3307.3225806451615,1105.0967741935483,1055.258064516129,10121.709677419354,241294.0,217.6451612903226,False,False,False,3,Gulf Coast,0.9407707830621295,230427.0,349.6451612903213,10867.0,-1299.1290322580667,1649.6774193548408,0.9032258064528946
2025-08-01,103.2258064516129,9799.0,9186.709677419354,0.0,3842.064516129032,1232.5806451612902,1041.4516129032259,10222.322580645161,235397.0,302.35483870967744,False,False,False,3,Gulf Coast,0.9375150196366318,241294.0,-126.83870967741893,-5897.0,-1573.8709677419356,1383.6451612903227,-63.387096774193964
2025-09-01,-79.1,9799.0,8859.733333333334,0.0,4233.266666666666,1181.6666666666667,1242.3333333333333,10266.733333333334,230228.0,377.1666666666667,False,False,False,3,Gulf Coast,0.9041466816341804,235397.0,-104.19999999999953,-5169.0,-1644.6000000000004,1472.3000000000004,-68.10000000000048
2025-10-01,99.38709677419355,9799.0,8527.838709677419,0.0,4298.8387096774195,962.9354838709677,1222.3548387096773,10337.774193548386,235016.0,442.8709677419355,False,False,False,3,Gulf Coast,0.8702764271535278,230228.0,238.64516129032245,4788.0,-1525.967741935484,1680.4193548387098,-84.19354838709666
2025-11-01,328.5,9799.0,9184.5,0.0,3692.766666666667,1115.8,1175.7666666666667,10301.733333333334,239871.0,194.9,False,False,False,3,Gulf Coast,0.9372895193387081,235016.0,239.43333333333354,4855.0,-1459.733333333334,1621.5666666666673,-77.6000000000002
2025-12-01,377.06451612903226,9799.0,9444.58064516129,0.0,3939.7741935483873,1034.3870967741937,1070.1290322580646,10232.548387096775,227935.0,334.9032258064516,False,False,False,3,Gulf Coast,0.9638310690030911,239871.0,-335.32258064516043,-11936.0,-2117.4193548387093,1732.3870967741932,-49.70967741935573
2026-01-01,23.483870967741936,9879.0,8907.677419354839,0.0,3825.483870967742,1366.4193548387098,1053.774193548387,9849.225806451614,224301.0,379.4193548387097,False,False,False,3,Gulf Coast,0.9016780462956614,227935.0,-60.838709677418876,-3634.0,-1517.5161290322571,1400.2903225806442,-56.38709677419402
2026-02-01,688.3928571428571,9879.0,8733.107142857143,0.0,4162.892857142857,1362.0357142857142,1239.607142857143,10211.142857142857,249711.0,310.5,False,False,False,3,Gulf Coast,0.8840072014229318,224301.0,915.6785714285711,25410.0,-1322.8214285714294,2230.3214285714294,-8.178571428571104
2026-03-01,455.06451612903226,9877.0,9276.290322580646,0.0,3924.9032258064517,1488.483870967742,1141.3870967741937,10190.741935483871,260536.0,254.80645161290323,False,False,False,3,Gulf Coast,0.939180958041981,249711.0,329.2903225806448,10825.0,-1521.967741935484,1871.1612903225807,19.903225806451985
2026-04-01,598.8,9877.0,9360.266666666666,0.0,5435.4,1229.7,1639.2666666666667,10439.8,258758.0,152.1,False,False,False,3,Gulf Coast,0.9476831696534035,260536.0,-736.0000000000003,-1778.0,-3126.166666666666,3066.899999999999,676.7333333333337
2026-05-01,132.83870967741936,9888.0,9556.09677419355,0.0,5603.677419354839,1279.1290322580646,1270.0,10221.129032258064,244403.0,530.9354838709677,False,False,False,3,Gulf Coast,0.966433735254202,258758.0,-1725.741935483872,-14355.0,-3659.5161290322594,3196.451612903227,1262.67741935484
2026-06-01,86.9,9888.0,9525.3,0.0,4608.266666666666,1270.3666666666666,747.8333333333334,10202.166666666666,233275.0,348.9,False,False,False,3,Gulf Coast,0.9633191747572815,244403.0,-1477.3999999999992,-11128.0,-2661.033333333333,2290.0999999999995,1106.4666666666658
2007-01-01,-83.51612903225806,598.0,543.0,0.0,0.7741935483870968,359.1290322580645,-89.06451612903226,352.8709677419355,12495.0,0.0,True,False,False,4,Rocky Mountain,0.9080267558528428,,-4.3548387096774235,,168.2258064516129,,
2007-02-01,-54.5,598.0,551.5714285714286,0.0,0.5,335.5357142857143,-114.10714285714286,360.7142857142857,11811.0,0.0,True,False,False,4,Rocky Mountain,0.922360248447205,12495.0,-24.428571428571416,-684.0,144.17857142857144,-168.60714285714286,-1.0658141036401503e-14
2007-03-01,-36.645161290322584,598.0,534.2258064516129,0.0,0.8709677419354839,330.5483870967742,-107.80645161290323,369.83870967741933,12458.0,0.0,True,False,False,4,Rocky Mountain,0.8933541913906571,11811.0,20.83870967741931,647.0,165.29032258064512,-144.41935483870964,0.0322580645161743
2007-04-01,-36.36666666666667,598.0,516.8666666666667,0.0,0.6666666666666666,303.23333333333335,-133.96666666666667,375.8,12193.0,0.0,True,False,False,4,Rocky Mountain,0.8643255295429209,12458.0,-8.833333333333307,-265.0,161.49999999999997,-170.33333333333331,-2.6645352591003757e-14
2007-05-01,11.516129032258064,598.0,513.0,0.0,0.9032258064516129,302.258064516129,-150.3548387096774,377.6774193548387,13036.0,0.0,True,False,False,4,Rocky Mountain,0.8578595317725752,12193.0,27.193548387096783,843.0,166.03225806451618,-138.83870967741942,-7.105427357601002e-15
2007-06-01,-5.1,598.0,571.8333333333334,0.0,1.0,359.26666666666665,-145.56666666666666,372.93333333333334,13297.0,0.0,True,False,False,4,Rocky Mountain,0.9562430323299889,13036.0,8.699999999999955,261.0,159.36666666666667,-150.66666666666669,4.440892098500626e-14
2007-07-01,-27.258064516129032,598.0,588.8709677419355,0.0,0.9032258064516129,361.80645161290323,-137.0,367.741935483871,12538.0,0.0,True,False,False,4,Rocky Mountain,0.9847340597691229,13297.0,-24.48387096774193,-759.0,139.77419354838705,-164.25806451612897,-7.105427357601002e-15
2007-08-01,-44.54838709677419,598.0,553.741935483871,0.0,0.8709677419354839,353.93548387096774,-145.16129032258064,372.7096774193548,11990.0,0.0,True,False,False,4,Rocky Mountain,0.9259898586686806,12538.0,-17.677419354838733,-548.0,172.0322580645161,-189.70967741935482,2.4868995751603507e-14
2007-09-01,-58.86666666666667,598.0,538.7,0.0,0.8,365.1333333333333,-107.3,368.56666666666666,12832.0,0.0,True,False,False,4,Rocky Mountain,0.9008361204013379,11990.0,28.033333333333267,842.0,194.2,-166.13333333333333,0.03333333333339894
2007-10-01,-57.806451612903224,598.0,519.741935483871,0.0,1.2580645161290323,340.7741935483871,-104.35483870967742,373.258064516129,13790.0,0.0,True,False,False,4,Rocky Mountain,0.8691336713777107,12832.0,30.870967741935452,958.0,193.0322580645161,-162.12903225806448,0.03225806451616009
2007-11-01,-62.266666666666666,598.0,539.2666666666667,0.0,0.9666666666666667,343.76666666666665,-120.66666666666667,373.1,13601.0,0.0,True,False,False,4,Rocky Mountain,0.901783723522854,13790.0,-6.299999999999983,-189.0,176.63333333333335,-182.93333333333337,-1.687538997430238e-14
2007-12-01,-64.0,598.0,534.6451612903226,0.0,0.5161290322580645,299.8709677419355,-126.03225806451613,364.19354838709677,11706.0,0.0,True,False,False,4,Rocky Mountain,0.8940554536627467,13601.0,-61.12903225806451,-1895.0,128.90322580645156,-190.03225806451607,-7.105427357601002e-15
2008-01-01,-50.645161290322584,603.0,534.3870967741935,0.0,0.7419354838709677,355.38709677419354,-129.61290322580646,359.2258064516129,11681.0,0.0,True,False,False,4,Rocky Mountain,0.8862140908361419,11706.0,-0.7741935483870961,-25.0,179.48387096774195,-180.29032258064518,-0.03225806451612967
2008-02-01,-72.06896551724138,603.0,538.448275862069,0.0,0.2413793103448276,370.37931034482756,-128.9655172413793,363.62068965517244,11515.0,0.0,True,False,False,4,Rocky Mountain,0.8929490478641277,11681.0,-5.724137931034463,-166.0,195.31034482758622,-201.0344827586207,-2.042810365310288e-14
2008-03-01,-48.516129032258064,603.0,527.483870967742,0.0,0.03225806451612903,359.0,-119.54838709677419,370.5806451612903,12569.0,0.0,True,False,False,4,Rocky Mountain,0.8747659551703847,11515.0,33.99999999999997,1054.0,202.06451612903217,-168.06451612903217,2.842170943040401e-14
2008-04-01,-55.93333333333333,603.0,540.1,0.0,0.1,341.06666666666666,-121.1,377.96666666666664,12623.0,0.0,True,False,False,4,Rocky Mountain,0.8956882255389719,12569.0,1.7999999999999616,54.0,178.8333333333333,-177.03333333333327,3.8413716652030416e-14
2008-05-01,-25.06451612903226,603.0,562.6774193548387,0.0,0.0967741935483871,320.4516129032258,-119.3225806451613,373.38709677419354,12210.0,0.0,True,False,False,4,Rocky Mountain,0.9331300486813244,12623.0,-13.32258064516127,-413.0,131.06451612903223,-144.3870967741935,-1.9539925233402755e-14
2008-06-01,-61.86666666666667,603.0,538.1666666666666,0.0,0.06666666666666667,360.3333333333333,-122.86666666666666,373.1666666666667,12526.0,0.0,True,False,False,4,Rocky Mountain,0.892482034273079,12210.0,10.533333333333381,316.0,195.2666666666667,-184.73333333333338,-4.796163466380676e-14
2008-07-01,-21.258064516129032,603.0,515.516129032258,0.0,0.12903225806451613,310.5483870967742,-126.19354838709677,370.7096774193548,13089.0,0.0,True,False,False,4,Rocky Mountain,0.8549189536190017,12526.0,18.161290322580662,563.0,165.61290322580646,-147.45161290322582,-1.7763568394002505e-14
2008-08-01,-89.51612903225806,603.0,540.3225806451613,0.0,0.06451612903225806,380.4193548387097,-109.16129032258064,372.80645161290323,13528.0,0.0,True,False,False,4,Rocky Mountain,0.896057347670251,13089.0,14.161290322580626,439.0,212.83870967741933,-198.6774193548387,1.9539925233402755e-14
2008-09-01,-83.26666666666667,603.0,542.5666666666667,0.0,0.1,354.06666666666666,-127.1,381.53333333333336,13004.0,0.0,True,False,False,4,Rocky Mountain,0.899778883360973,13528.0,-17.43333333333335,-524.0,192.9333333333333,-210.39999999999998,-0.033333333333313675
2008-10-01,-71.48387096774194,608.0,538.1935483870968,0.0,0.06451612903225806,366.35483870967744,-131.48387096774192,380.7741935483871,13187.0,0.0,True,False,False,4,Rocky Mountain,0.8851867572156198,13004.0,5.903225806451573,183.0,208.87096774193543,-202.96774193548382,3.9968028886505635e-14
2008-11-01,-44.766666666666666,608.0,540.4666666666667,0.0,0.1,338.2,-145.9,385.7,12967.0,0.0,True,False,False,4,Rocky Mountain,0.8889254385964913,13187.0,-7.333333333333385,-220.0,183.3333333333333,-190.66666666666663,5.240252676230739e-14
2008-12-01,-68.74193548387096,608.0,518.1612903225806,0.0,0.0967741935483871,346.96774193548384,-146.8709677419355,370.3225806451613,12452.0,0.0,True,False,False,4,Rocky Mountain,0.8522389643463497,12967.0,-16.58064516129032,-515.0,199.03225806451613,-215.6451612903226,-0.03225806451613167
2009-01-01,-40.0,622.0,538.4516129032259,0.0,0.0,321.64516129032256,-123.09677419354838,374.16129032258067,12274.0,0.0,True,True,False,4,Rocky Mountain,0.8656778342495592,12452.0,-5.7419354838710035,-178.0,157.35483870967732,-163.0967741935483,3.552713678800501e-14
2009-02-01,-67.75,622.0,553.4642857142857,0.0,0.03571428571428571,359.0357142857143,-97.5,378.32142857142856,12795.0,0.0,True,False,False,4,Rocky Mountain,0.8898139641708773,12274.0,18.60714285714289,521.0,183.85714285714295,-165.25000000000009,-3.197442310920451e-14
2009-03-01,-43.29032258064516,622.0,512.7096774193549,0.0,0.0,337.4516129032258,-108.70967741935483,372.1290322580645,14186.0,0.0,True,True,False,4,Rocky Mountain,0.8242920858832072,12795.0,44.87096774193544,1391.0,196.87096774193537,-151.9999999999999,4.263256414560601e-14
2009-04-01,-21.733333333333334,622.0,496.96666666666664,0.0,0.03333333333333333,292.93333333333334,-105.5,367.96666666666664,15285.0,0.0,True,False,False,4,Rocky Mountain,0.7989817792068595,14186.0,36.66666666666667,1099.0,163.9,-127.26666666666668,-0.033333333333338544
2009-05-01,-25.64516129032258,622.0,551.8064516129032,0.0,0.0,320.35483870967744,-107.38709677419355,367.8709677419355,15390.0,0.0,True,False,False,4,Rocky Mountain,0.8871486360336064,15285.0,3.387096774193619,105.0,136.41935483870975,-133.0322580645162,-7.061018436615996e-14
2009-06-01,-64.63333333333334,622.0,571.4333333333333,0.0,0.03333333333333333,365.73333333333335,-113.3,366.6,14879.0,0.0,True,False,False,4,Rocky Mountain,0.9187031082529474,15390.0,-17.066666666666578,-511.0,160.86666666666676,-177.9000000000001,0.03333333333324262
2009-07-01,-75.54838709677419,622.0,567.1290322580645,0.0,0.0,387.8709677419355,-117.41935483870968,356.741935483871,14399.0,0.0,True,False,False,4,Rocky Mountain,0.911783010061197,14879.0,-15.483870967741922,-480.0,177.48387096774195,-192.9677419354839,-1.4210854715202004e-14
2009-08-01,-46.54838709677419,622.0,569.5806451612904,0.0,0.0,360.16129032258067,-113.64516129032258,354.51612903225805,13931.0,0.0,True,False,False,4,Rocky Mountain,0.9157245099056115,14399.0,-15.096774193548413,-468.0,145.0967741935484,-160.1935483870968,2.4868995751603507e-14
2009-09-01,-25.866666666666667,622.0,560.9666666666667,0.0,0.0,330.46666666666664,-109.86666666666666,358.0,13683.0,0.0,True,False,False,4,Rocky Mountain,0.9018756698821008,13931.0,-8.233333333333384,-248.0,127.5,-135.76666666666668,-0.03333333333328348
2009-10-01,-40.74193548387097,622.0,535.5483870967741,0.0,0.03225806451612903,338.7741935483871,-109.51612903225806,356.80645161290323,13985.0,0.0,True,False,False,4,Rocky Mountain,0.8610102686443314,13683.0,9.741935483870996,302.0,159.99999999999997,-150.258064516129,-2.842170943040401e-14
2009-11-01,-33.63333333333333,622.0,544.8333333333334,0.0,0.0,324.5,-99.16666666666667,361.96666666666664,14250.0,0.0,True,True,False,4,Rocky Mountain,0.8759378349410505,13985.0,8.833333333333265,265.0,141.63333333333333,-132.79999999999998,6.927791673660977e-14
2009-12-01,-87.64516129032258,622.0,475.83870967741933,0.0,0.03225806451612903,314.35483870967744,-121.06451612903226,349.19354838709677,13599.0,0.0,True,False,False,4,Rocky Mountain,0.7650140026968156,14250.0,-21.032258064516085,-651.0,187.6774193548387,-208.6774193548387,0.03225806451608548
2010-01-01,15.35483870967742,623.0,519.3225806451613,0.0,0.0,285.8709677419355,-136.03225806451613,353.4193548387097,13577.0,0.0,True,False,False,4,Rocky Mountain,0.83358359654119,13599.0,-0.7096774193548647,-22.0,119.96774193548379,-120.67741935483862,2.5979218776228663e-14
2010-02-01,-51.642857142857146,623.0,519.5714285714286,0.0,0.25,322.14285714285717,-128.21428571428572,362.7857142857143,13164.0,0.0,True,False,False,4,Rocky Mountain,0.8339830314148131,13577.0,-14.749999999999979,-413.0,165.1071428571429,-179.8571428571429,-2.1316282072803006e-14
2010-03-01,-22.580645161290324,623.0,487.9032258064516,0.0,0.16129032258064516,302.19354838709677,-119.7741935483871,368.8709677419355,14424.0,0.0,True,False,False,4,Rocky Mountain,0.7831512452752032,13164.0,40.645161290322605,1260.0,182.99999999999997,-142.35483870967738,-2.1316282072803006e-14
2010-04-01,-9.1,623.0,536.6666666666666,0.0,0.0,328.96666666666664,-124.96666666666667,369.43333333333334,15254.0,0.0,True,False,False,4,Rocky Mountain,0.8614232209737828,14424.0,27.66666666666668,830.0,161.73333333333335,-134.0666666666667,-1.0658141036401503e-14
2010-05-01,-38.096774193548384,623.0,526.8387096774194,0.0,0.03225806451612903,317.4516129032258,-99.16129032258064,372.2258064516129,16047.0,0.0,True,False,False,4,Rocky Mountain,0.8456480091130327,15254.0,25.548387096774178,793.0,162.80645161290326,-137.22580645161293,0.03225806451614588
2010-06-01,-53.56666666666667,623.0,572.4666666666667,0.0,0.03333333333333333,340.46666666666664,-127.93333333333334,368.9,14708.0,0.0,True,False,False,4,Rocky Mountain,0.9188871054039593,16047.0,-44.63333333333342,-1339.0,136.86666666666653,-181.49999999999986,8.526512829121202e-14
2010-07-01,-17.225806451612904,623.0,571.6451612903226,0.0,0.0,332.48387096774195,-134.0,367.0,13983.0,0.0,True,True,False,4,Rocky Mountain,0.917568477191529,14708.0,-23.387096774193516,-725.0,127.83870967741939,-151.22580645161293,-3.197442310920451e-14
2010-08-01,-36.193548387096776,623.0,543.1612903225806,0.0,0.0,342.0,-128.3548387096774,378.9032258064516,14392.0,0.0,True,False,False,4,Rocky Mountain,0.8718479780458758,13983.0,13.19354838709679,409.0,177.74193548387098,-164.5483870967742,-1.5987211554602254e-14
2010-09-01,-21.066666666666666,623.0,594.6333333333333,0.0,0.03333333333333333,338.5,-124.83333333333333,386.26666666666665,13918.0,0.0,True,False,False,4,Rocky Mountain,0.9544676297485286,14392.0,-15.8,-474.0,130.1,-145.9,0.0
2010-10-01,-79.7741935483871,623.0,535.8387096774194,0.0,0.0,348.64516129032256,-119.09677419354838,407.06451612903226,14569.0,0.0,True,True,False,4,Rocky Mountain,0.8600942370424067,13918.0,20.999999999999943,651.0,219.8709677419355,-198.8709677419355,5.684341886080802e-14
2010-11-01,-45.666666666666664,623.0,547.9,0.0,0.0,332.03333333333336,-119.66666666666667,385.1666666666667,14688.0,0.0,True,True,False,4,Rocky Mountain,0.8794542536115569,14569.0,3.9666666666667325,119.0,169.30000000000007,-165.3333333333334,-6.572520305780927e-14
2010-12-01,-88.41935483870968,623.0,527.3548387096774,0.0,0.06451612903225806,330.8709677419355,-119.2258064516129,381.5483870967742,13986.0,0.0,True,False,False,4,Rocky Mountain,0.8464764666286957,14688.0,-22.645161290322577,-702.0,185.00000000000006,-207.64516129032265,-3.552713678800501e-15
2011-01-01,-30.29032258064516,624.0,524.8709677419355,0.0,0.03225806451612903,324.51612903225805,-130.06451612903226,368.38709677419354,14224.0,0.0,True,False,False,4,Rocky Mountain,0.8411393713813069,13986.0,7.645161290322555,238.0,167.99999999999997,-160.32258064516125,0.03225806451615476
2011-02-01,-7.785714285714286,624.0,552.8571428571429,0.0,0.0,314.5,-134.82142857142858,375.89285714285717,14082.0,0.0,True,True,False,4,Rocky Mountain,0.8859890109890111,14224.0,-5.071428571428592,-142.0,137.53571428571422,-142.6071428571428,2.042810365310288e-14
2011-03-01,-22.677419354838708,624.0,533.3548387096774,0.0,5.258064516129032,284.5483870967742,-142.70967741935485,388.4193548387097,13120.0,0.0,True,False,False,4,Rocky Mountain,0.8547353184449958,14082.0,-31.032258064516117,-962.0,134.35483870967744,-165.38709677419357,-1.0658141036401503e-14
2011-04-01,-35.43333333333333,624.0,493.93333333333334,0.0,0.13333333333333333,306.73333333333335,-142.4,392.5,13940.0,0.0,True,False,False,4,Rocky Mountain,0.791559829059829,13120.0,27.33333333333335,820.0,205.16666666666669,-177.83333333333334,-1.7763568394002505e-14
2011-05-01,-5.096774193548387,624.0,566.5806451612904,0.0,0.12903225806451613,296.38709677419354,-141.38709677419354,390.2258064516129,13116.0,0.0,True,False,False,4,Rocky Mountain,0.9079818031430935,13940.0,-26.580645161290338,-824.0,119.90322580645159,-146.48387096774192,1.4210854715202004e-14
2011-06-01,4.166666666666667,624.0,576.2333333333333,0.0,0.23333333333333334,309.8666666666667,-146.33333333333334,396.8333333333333,12758.0,0.0,True,False,False,4,Rocky Mountain,0.9234508547008548,13116.0,-11.933333333333355,-358.0,130.23333333333338,-142.1666666666667,2.1316282072803006e-14
2011-07-01,-7.838709677419355,624.0,546.6129032258065,0.0,0.03225806451612903,305.0,-137.8709677419355,394.48387096774195,12979.0,0.0,True,False,False,4,Rocky Mountain,0.8759822167080232,12758.0,7.129032258064517,221.0,152.83870967741936,-145.70967741935485,-8.881784197001252e-16
2011-08-01,-15.03225806451613,624.0,550.8387096774194,0.0,0.12903225806451613,300.0967741935484,-121.80645161290323,400.19354838709677,13366.0,0.0,True,False,False,4,Rocky Mountain,0.8827543424317619,12979.0,12.48387096774192,387.0,149.32258064516122,-136.83870967741927,1.5987211554602254e-14
2011-09-01,-29.9,624.0,504.26666666666665,0.0,0.0,299.6333333333333,-119.53333333333333,403.26666666666665,14842.0,0.0,True,False,False,4,Rocky Mountain,0.8081196581196581,13366.0,49.199999999999996,1476.0,198.63333333333333,-149.43333333333334,7.105427357601002e-15
2011-10-01,-20.032258064516128,624.0,558.9677419354839,0.0,0.12903225806451613,265.5483870967742,-112.96774193548387,410.19354838709677,14335.0,0.0,True,False,False,4,Rocky Mountain,0.8957816377171216,14842.0,-16.354838709677438,-507.0,116.64516129032256,-132.99999999999997,1.7763568394002505e-14
2011-11-01,-32.766666666666666,624.0,566.9333333333333,0.0,0.06666666666666667,280.96666666666664,-124.66666666666667,417.46666666666664,13555.0,0.0,True,False,False,4,Rocky Mountain,0.9085470085470084,14335.0,-26.0,-780.0,131.43333333333334,-157.43333333333334,0.0
2011-12-01,-52.645161290322584,624.0,561.516129032258,0.0,0.03225806451612903,328.258064516129,-119.93548387096774,410.51612903225805,13699.0,0.0,True,False,False,4,Rocky Mountain,0.8998655913978494,13555.0,4.645161290322569,144.0,177.2258064516129,-172.5806451612903,1.1546319456101628e-14
2012-01-01,-1.6451612903225807,623.0,577.1935483870968,0.0,0.0,347.83870967741933,-128.29032258064515,414.0967741935484,15398.0,0.0,True,False,False,4,Rocky Mountain,0.9264743954849066,13699.0,54.80645161290318,1699.0,184.74193548387098,-129.93548387096774,4.263256414560601e-14
2012-02-01,-4.137931034482759,623.0,581.2758620689655,0.0,0.13793103448275862,306.0,-156.31034482758622,423.48275862068965,15039.0,0.0,True,False,False,4,Rocky Mountain,0.9330270659212929,15398.0,-12.379310344827555,-359.0,148.06896551724142,-160.448275862069,-3.019806626980426e-14
2012-03-01,-71.16129032258064,624.0,573.0,0.0,0.0,346.2903225806452,-139.32258064516128,430.7096774193548,14837.0,0.0,True,False,False,4,Rocky Mountain,0.9182692307692307,15039.0,-6.483870967741922,-202.0,204.0,-210.51612903225808,-0.032258064516143214
2012-04-01,-5.0,624.0,528.4666666666667,0.0,0.0,269.3666666666667,-142.1,428.6666666666667,15510.0,0.0,True,True,False,4,Rocky Mountain,0.8469017094017095,14837.0,22.46666666666667,673.0,169.5666666666666,-147.13333333333327,-0.03333333333333499
2012-05-01,-51.12903225806452,624.0,536.516129032258,0.0,0.0,292.3225806451613,-138.83870967741936,439.1290322580645,15664.0,0.0,True,True,False,4,Rocky Mountain,0.8598014888337469,15510.0,4.967741935483865,154.0,194.9354838709678,-189.96774193548393,6.217248937900877e-15
2012-06-01,-53.166666666666664,624.0,611.8666666666667,0.0,0.0,321.1333333333333,-127.66666666666667,431.26666666666665,14455.0,0.0,True,False,False,4,Rocky Mountain,0.9805555555555555,15664.0,-40.30000000000003,-1209.0,140.5333333333333,-180.83333333333331,3.552713678800501e-14
2012-07-01,-63.645161290322584,624.0,606.4516129032259,0.0,0.0,368.64516129032256,-157.8709677419355,443.06451612903226,13951.0,0.0,True,True,False,4,Rocky Mountain,0.9718775847808107,14455.0,-16.258064516129103,-504.0,205.25806451612902,-221.51612903225805,7.105427357601002e-14
2012-08-01,-37.225806451612904,624.0,600.5483870967741,0.0,0.0,328.6774193548387,-158.38709677419354,452.9032258064516,13499.0,0.0,True,True,False,4,Rocky Mountain,0.9624172870140612,13951.0,-14.580645161290285,-452.0,181.0322580645161,-195.61290322580643,-3.730349362740526e-14
2012-09-01,-0.3,624.0,561.7333333333333,0.0,0.0,320.2,-175.53333333333333,463.4,14880.0,0.0,True,True,False,4,Rocky Mountain,0.9002136752136752,13499.0,46.03333333333329,1381.0,221.86666666666656,-175.83333333333323,4.263256414560601e-14
2012-10-01,-53.83870967741935,624.0,527.6451612903226,0.0,0.0,305.4516129032258,-180.96774193548387,482.258064516129,15663.0,0.0,True,True,False,4,Rocky Mountain,0.8455851943755169,14880.0,25.258064516129032,783.0,260.0645161290323,-234.8064516129033,0.0
2012-11-01,-36.06666666666667,625.0,565.2333333333333,0.0,0.0,309.3,-192.33333333333334,489.4,15815.0,0.0,True,True,False,4,Rocky Mountain,0.9043733333333334,15663.0,5.066666666666627,152.0,233.4666666666667,-228.40000000000003,3.907985046680551e-14
2012-12-01,4.483870967741935,625.0,601.1935483870968,0.0,0.0,280.80645161290323,-195.58064516129033,486.5483870967742,15042.0,0.0,True,True,False,4,Rocky Mountain,0.961909677419355,15815.0,-24.935483870967786,-773.0,166.1612903225806,-191.09677419354836,4.618527782440651e-14
2013-01-01,-19.193548387096776,630.0,577.6451612903226,0.0,1.4838709677419355,340.2258064516129,-178.2258064516129,475.9032258064516,16269.0,0.0,True,False,False,4,Rocky Mountain,0.9168970814132105,15042.0,39.580645161290356,1227.0,237.00000000000003,-197.4193548387097,-3.552713678800501e-14
2013-02-01,-23.214285714285715,630.0,574.9642857142857,0.0,1.8571428571428572,286.35714285714283,-170.82142857142858,493.9642857142857,16534.0,0.0,True,False,False,4,Rocky Mountain,0.912641723356009,16269.0,9.46428571428573,265.0,203.50000000000003,-194.0357142857143,-1.5987211554602254e-14
2013-03-01,-25.967741935483872,630.0,582.2903225806451,0.0,1.6774193548387097,313.1290322580645,-233.93548387096774,506.5806451612903,15785.0,0.0,True,False,False,4,Rocky Mountain,0.9242703533026113,16534.0,-24.16129032258064,-749.0,235.74193548387103,-259.9032258064517,-3.552713678800501e-15
2013-04-01,-66.43333333333334,630.0,562.3,0.0,2.1666666666666665,297.2,-190.86666666666667,512.6666666666666,15428.0,0.0,True,False,False,4,Rocky Mountain,0.8925396825396825,15785.0,-11.900000000000006,-357.0,245.39999999999995,-257.29999999999995,5.329070518200751e-15
2013-05-01,-15.161290322580646,630.0,541.4516129032259,0.0,1.8387096774193548,252.93548387096774,-219.70967741935485,516.1290322580645,15146.0,0.0,True,False,False,4,Rocky Mountain,0.859447004608295,15428.0,-9.096774193548447,-282.0,225.774193548387,-234.87096774193537,5.861977570020827e-14
2013-06-01,3.6333333333333333,630.0,586.7666666666667,0.0,1.2333333333333334,246.36666666666667,-206.16666666666666,517.8333333333334,14356.0,0.0,True,False,False,4,Rocky Mountain,0.9313756613756613,15146.0,-26.33333333333325,-790.0,176.20000000000007,-202.53333333333342,-8.171241461241152e-14
2013-07-01,-43.483870967741936,630.0,583.6774193548387,0.0,1.3548387096774193,285.2903225806452,-182.41935483870967,528.741935483871,14452.0,0.0,True,False,False,4,Rocky Mountain,0.9264720942140297,14356.0,3.096774193548484,96.0,229.00000000000003,-225.90322580645164,-9.681144774731365e-14
2013-08-01,-40.87096774193548,630.0,614.8064516129032,0.0,0.9354838709677419,315.258064516129,-174.51612903225808,551.5483870967741,15558.0,0.0,True,False,False,4,Rocky Mountain,0.9758832565284178,14452.0,35.6774193548387,1106.0,251.06451612903226,-215.38709677419354,1.4210854715202004e-14
2013-09-01,-39.6,630.0,586.7,0.0,1.9333333333333333,278.1333333333333,-209.56666666666666,555.0,15418.0,0.0,True,False,False,4,Rocky Mountain,0.9312698412698414,15558.0,-4.666666666666721,-140.0,244.49999999999994,-249.1666666666666,5.417888360170764e-14
2013-10-01,-22.451612903225808,630.0,573.7741935483871,0.0,1.064516129032258,278.35483870967744,-226.16129032258064,572.9354838709677,16281.0,0.0,True,False,False,4,Rocky Mountain,0.910752688172043,15418.0,27.838709677419345,863.0,276.4516129032258,-248.61290322580643,1.0658141036401503e-14
2013-11-01,-68.33333333333333,630.0,579.5,0.0,2.1333333333333333,310.0,-259.1666666666667,585.7333333333333,15879.0,0.0,True,False,False,4,Rocky Mountain,0.9198412698412698,16281.0,-13.399999999999991,-402.0,314.1,-327.5,-8.881784197001252e-15
2013-12-01,-47.096774193548384,630.0,574.0967741935484,0.0,2.064516129032258,340.93548387096774,-267.51612903225805,558.9032258064516,16160.0,0.0,True,False,False,4,Rocky Mountain,0.9112647209421403,15879.0,9.064516129032228,281.0,323.6774193548386,-314.61290322580635,3.019806626980426e-14
2014-01-01,-38.29032258064516,631.0,569.1935483870968,0.0,1.3870967741935485,309.3225806451613,-264.06451612903226,574.0,16482.0,0.0,True,False,False,4,Rocky Mountain,0.9020499974438936,16160.0,10.387096774193502,322.0,312.74193548387086,-302.3548387096773,4.618527782440651e-14
2014-02-01,-107.82142857142857,631.0,509.5357142857143,0.0,1.3214285714285714,292.07142857142856,-228.17857142857142,585.1785714285714,17334.0,0.0,True,False,False,4,Rocky Mountain,0.8075050939551732,16482.0,30.39285714285718,852.0,366.39285714285717,-335.9642857142857,0.03571428571424562
2014-03-01,-61.41935483870968,637.0,566.5483870967741,0.0,0.967741935483871,302.1290322580645,-277.06451612903226,610.9354838709677,17553.0,0.0,True,False,False,4,Rocky Mountain,0.8894009216589861,17334.0,7.06451612903227,219.0,345.5483870967742,-338.48387096774195,-1.2434497875801753e-14
2014-04-01,-71.3,637.0,561.5666666666667,0.0,2.1333333333333333,301.56666666666666,-297.6666666666667,626.6,17417.0,0.0,True,False,False,4,Rocky Mountain,0.8815803244374674,17553.0,-4.500000000000043,-136.0,364.4666666666667,-369.00000000000006,-0.03333333333329058
2014-05-01,-76.74193548387096,637.0,593.741935483871,0.0,1.6451612903225807,305.8709677419355,-294.0967741935484,645.7096774193549,16963.0,0.0,True,False,False,4,Rocky Mountain,0.9320909505241303,17417.0,-14.645161290322548,-454.0,356.1935483870968,-370.8387096774194,-3.197442310920451e-14
2014-06-01,-63.7,637.0,556.6333333333333,0.0,6.8,227.73333333333332,-269.56666666666666,667.4333333333333,16917.0,0.0,True,False,False,4,Rocky Mountain,0.8738356881214024,16963.0,-1.533333333333374,-46.0,331.7333333333333,-333.26666666666665,4.063416270128073e-14
2014-07-01,-75.19354838709677,647.0,569.258064516129,0.0,12.483870967741936,280.16129032258067,-298.03225806451616,674.4516129032259,16906.0,0.0,True,False,False,4,Rocky Mountain,0.8798424490202922,16917.0,-0.35483870967738085,-11.0,372.8709677419356,-373.22580645161304,-3.852473895449293e-14
2014-08-01,-99.35483870967742,647.0,638.4516129032259,0.0,4.258064516129032,300.3225806451613,-266.8709677419355,694.5483870967741,16470.0,0.0,True,False,False,4,Rocky Mountain,0.9867876551827293,16906.0,-14.064516129032356,-436.0,352.1612903225805,-366.22580645161275,9.769962616701378e-14
2014-09-01,-57.7,647.0,626.3333333333334,0.0,34.8,305.3333333333333,-312.5,703.4,15792.0,0.0,True,False,False,4,Rocky Mountain,0.9680577022153529,16470.0,-22.600000000000094,-678.0,347.59999999999997,-370.2,9.237055564881302e-14
2014-10-01,-89.54838709677419,647.0,558.7741935483871,0.0,3.129032258064516,274.7741935483871,-325.5806451612903,722.9677419354839,16434.0,0.0,True,False,False,4,Rocky Mountain,0.8636386299047714,15792.0,20.70967741935489,642.0,435.8387096774194,-415.12903225806457,-4.973799150320701e-14
2014-11-01,-39.666666666666664,647.0,611.8,0.0,21.033333333333335,341.5,-401.1666666666667,719.3666666666667,16050.0,0.0,True,False,False,4,Rocky Mountain,0.9455950540958268,16434.0,-12.79999999999999,-384.0,428.0333333333335,-440.8333333333335,-1.0658141036401503e-14
2014-12-01,7.870967741935484,647.0,606.5483870967741,0.0,36.32258064516129,353.258064516129,-451.2258064516129,744.6774193548387,16412.0,0.0,True,False,False,4,Rocky Mountain,0.9374781871665752,16050.0,11.709677419354815,362.0,455.06451612903237,-443.38709677419365,-0.03225806451610502
2015-01-01,1.2903225806451613,647.0,577.2903225806451,0.0,15.193548387096774,337.9032258064516,-464.35483870967744,746.4193548387096,17304.0,0.0,True,False,False,4,Rocky Mountain,0.8922570673580296,16412.0,28.774193548387053,892.0,491.83870967741933,-463.06451612903226,4.263256414560601e-14
2015-02-01,-46.42857142857143,647.0,615.3928571428571,0.0,15.5,351.25,-421.89285714285717,758.3571428571429,17595.0,0.0,True,False,False,4,Rocky Mountain,0.9511481563258997,17304.0,10.392857142857181,291.0,478.7142857142858,-468.3214285714286,-3.907985046680551e-14
2015-03-01,-30.548387096774192,647.0,565.1290322580645,0.0,9.064516129032258,361.19354838709677,-450.741935483871,771.0967741935484,19977.0,0.0,True,False,False,4,Rocky Mountain,0.8734606371840256,17595.0,76.80645161290325,2382.0,558.0967741935483,-481.2580645161289,0.032258064516113905
2015-04-01,-33.93333333333333,647.0,599.4333333333333,0.0,10.5,337.56666666666666,-446.3,777.2666666666667,20717.0,0.0,True,False,False,4,Rocky Mountain,0.9264811952601751,19977.0,24.66666666666675,740.0,504.9,-480.2333333333333,-8.171241461241152e-14
2015-05-01,-0.6129032258064516,647.0,600.7096774193549,0.0,4.193548387096774,280.6774193548387,-497.8709677419355,766.0645161290323,18960.0,0.0,True,False,False,4,Rocky Mountain,0.9284539063668545,20717.0,-56.64516129032255,-1757.0,441.83870967741933,-498.51612903225805,-0.03225806451616364
2015-06-01,30.033333333333335,647.0,615.4666666666667,0.0,8.766666666666667,300.3,-470.6666666666667,752.5333333333333,18599.0,0.0,True,False,False,4,Rocky Mountain,0.951262235960845,18960.0,-12.033333333333385,-361.0,428.5999999999999,-440.63333333333327,5.1514348342607263e-14
2015-07-01,57.29032258064516,651.0,623.7741935483871,0.0,14.096774193548388,288.96774193548384,-452.0967741935484,754.9354838709677,18948.0,0.0,True,False,False,4,Rocky Mountain,0.9581784847133442,18599.0,11.22580645161279,349.0,406.032258064516,-394.77419354838696,0.0322580645162418
2015-08-01,-100.45161290322581,651.0,618.9677419354839,0.0,0.45161290322580644,345.0967741935484,-409.1290322580645,754.6451612903226,18041.0,0.0,True,False,False,4,Rocky Mountain,0.9507953025122641,18948.0,-29.25806451612904,-907.0,480.3225806451613,-509.5806451612903,7.105427357601002e-15
2015-09-01,-19.133333333333333,651.0,601.3333333333334,0.0,0.5,322.6333333333333,-431.9,743.1,18428.0,0.0,True,False,False,4,Rocky Mountain,0.9237071172555044,18041.0,12.866666666666667,387.0,463.9,-451.0,0.033333333333333215
2015-10-01,-68.12903225806451,651.0,605.3225806451613,0.0,0.4838709677419355,375.6774193548387,-418.2903225806452,742.4193548387096,19229.0,0.0,True,False,False,4,Rocky Mountain,0.9298349933105396,18428.0,25.87096774193543,801.0,512.290322580645,-486.4516129032257,-0.032258064516074825
2015-11-01,-3.7666666666666666,651.0,604.2333333333333,0.0,6.5,302.3666666666667,-408.3333333333333,733.2333333333333,19611.0,0.0,True,False,False,4,Rocky Mountain,0.9281618023553507,19229.0,12.766666666666694,382.0,424.86666666666656,-412.1333333333332,-0.03333333333336164
2015-12-01,-1.5161290322580645,651.0,600.483870967742,0.0,15.67741935483871,310.4516129032258,-407.3225806451613,718.8709677419355,19746.0,0.0,True,False,False,4,Rocky Mountain,0.9224022595510629,19611.0,4.322580645161267,135.0,413.16129032258056,-408.8064516129031,0.032258064516152096
2016-01-01,15.03225806451613,679.0,575.0322580645161,0.0,42.54838709677419,309.0967741935484,-380.4516129032258,704.2903225806451,20688.0,0.0,True,False,False,4,Rocky Mountain,0.8468810869875053,19746.0,30.387096774193566,942.0,395.80645161290323,-365.4193548387097,-1.7763568394002505e-14
2016-02-01,-31.689655172413794,679.0,575.2068965517242,0.0,0.3103448275862069,291.82758620689657,-370.2758620689655,688.448275862069,20769.0,0.0,True,False,False,4,Rocky Mountain,0.8471382865268398,20688.0,2.793103448275801,81.0,404.7586206896552,-401.9655172413793,6.128431095930864e-14
2016-03-01,2.806451612903226,679.0,582.516129032258,0.0,26.741935483870968,299.96774193548384,-352.258064516129,677.5806451612904,21354.0,0.0,True,False,False,4,Rocky Mountain,0.8579029882654757,20769.0,18.83870967741938,585.0,368.2903225806451,-349.41935483870964,0.032258064516103246
2016-04-01,20.033333333333335,679.0,514.0,0.0,63.5,313.03333333333336,-405.06666666666666,674.1333333333333,22094.0,0.0,True,False,False,4,Rocky Mountain,0.7569955817378498,21354.0,24.633333333333358,740.0,409.66666666666674,-385.00000000000006,0.03333333333331012
2016-05-01,-4.903225806451613,679.0,575.0322580645161,0.0,0.0,292.96774193548384,-397.83870967741933,654.6774193548387,21160.0,0.0,True,False,False,4,Rocky Mountain,0.8468810869875053,22094.0,-30.129032258064537,-934.0,372.61290322580635,-402.74193548387086,2.1316282072803006e-14
2016-06-01,-1.2333333333333334,693.0,646.7666666666667,0.0,1.4,315.1,-320.9,644.8333333333334,20849.0,0.0,True,False,False,4,Rocky Mountain,0.9332852332852333,21160.0,-10.366666666666546,-311.0,311.76666666666677,-322.13333333333344,-1.2079226507921703e-13
2016-07-01,-6.0,693.0,631.4516129032259,0.0,1.5161290322580645,319.4516129032258,-334.96774193548384,656.9677419354839,20925.0,0.0,True,False,False,4,Rocky Mountain,0.9111855886049435,20849.0,2.48387096774195,76.0,343.45161290322585,-341.00000000000006,-0.03225806451614366
2016-08-01,55.74193548387097,693.0,611.7096774193549,0.0,1.2580645161290323,332.7741935483871,-403.64516129032256,654.3225806451613,21737.0,0.0,True,False,False,4,Rocky Mountain,0.8826979472140764,20925.0,26.225806451612918,812.0,374.1290322580645,-347.93548387096774,-0.032258064516142326
2016-09-01,-4.133333333333334,693.0,643.9333333333333,0.0,1.8333333333333333,356.6666666666667,-358.46666666666664,650.6333333333333,21705.0,0.0,True,False,False,4,Rocky Mountain,0.9291967291967291,21737.0,-1.0666666666665572,-32.0,361.53333333333336,-362.6,-1.0946799022804043e-13
2016-10-01,-26.387096774193548,693.0,592.3225806451613,0.0,0.9032258064516129,359.0967741935484,-314.19354838709677,658.3870967741935,24299.0,0.0,True,False,False,4,Rocky Mountain,0.8547223385933064,21705.0,83.6774193548387,2594.0,424.258064516129,-340.5806451612903,0.0
2016-11-01,-54.13333333333333,693.0,626.1,0.0,1.9,398.4,-381.26666666666665,654.0,23970.0,0.0,True,False,False,4,Rocky Mountain,0.9034632034632035,24299.0,-11.000000000000007,-329.0,424.4000000000001,-435.36666666666673,0.03333333333334032
2016-12-01,14.161290322580646,693.0,601.7741935483871,0.0,0.7741935483870968,306.38709677419354,-372.0967741935484,633.516129032258,23332.0,0.0,True,False,False,4,Rocky Mountain,0.8683610296513522,23970.0,-20.580645161290327,-638.0,337.35483870967744,-357.93548387096774,3.552713678800501e-15
2017-01-01,-31.322580645161292,692.0,613.3548387096774,0.0,1.4193548387096775,388.38709677419354,-368.61290322580646,622.2903225806451,23208.0,0.0,True,False,False,4,Rocky Mountain,0.8863509229908634,23332.0,-4.032258064516224,-124.0,395.90322580645153,-399.90322580645153,0.03225806451622404
2017-02-01,3.857142857142857,692.0,589.9285714285714,0.0,1.5357142857142858,355.0,-347.7857142857143,632.2142857142857,24658.0,0.0,True,False,False,4,Rocky Mountain,0.8524979355904212,23208.0,51.82142857142852,1450.0,395.74999999999994,-343.96428571428567,-0.03571428571423496
2017-03-01,9.870967741935484,692.0,605.9032258064516,0.0,2.129032258064516,377.0967741935484,-400.64516129032256,659.5483870967741,25831.0,0.0,True,False,False,4,Rocky Mountain,0.8755826962520976,24658.0,37.83870967741939,1173.0,428.61290322580635,-390.774193548387,-3.552713678800501e-14
2017-04-01,3.2333333333333334,692.0,648.0,0.0,4.033333333333333,337.56666666666666,-398.23333333333335,679.1666666666666,24922.0,0.0,True,False,False,4,Rocky Mountain,0.9364161849710982,25831.0,-30.300000000000082,-909.0,364.7,-395.0,8.171241461241152e-14
2017-05-01,16.903225806451612,692.0,616.5806451612904,0.0,3.903225806451613,310.64516129032256,-430.03225806451616,687.741935483871,23830.0,0.0,True,False,False,4,Rocky Mountain,0.8910124930076451,24922.0,-35.225806451612954,-1092.0,377.9032258064516,-413.1290322580645,4.973799150320701e-14
2017-06-01,-3.7,692.0,611.1666666666666,0.0,3.8333333333333335,319.03333333333336,-419.1,687.8666666666667,22902.0,0.0,True,False,False,4,Rocky Mountain,0.883188824662813,23830.0,-30.89999999999993,-928.0,391.90000000000015,-422.8333333333335,-0.03333333333340249
2017-07-01,19.129032258064516,692.0,649.9354838709677,0.0,3.870967741935484,307.96774193548384,-411.258064516129,702.7741935483871,21810.0,0.0,True,False,False,4,Rocky Mountain,0.9392131269811672,22902.0,-35.19354838709677,-1092.0,356.9354838709678,-392.1612903225807,-0.03225806451613522
2017-08-01,24.0,693.0,656.0645161290323,0.0,3.0,359.06451612903226,-457.19354838709677,737.9354838709677,21958.0,0.0,True,False,False,4,Rocky Mountain,0.9467020434762371,21810.0,4.741935483870861,148.0,437.9354838709677,-433.1612903225806,0.032258064516235585
2017-09-01,-14.933333333333334,693.0,670.6333333333333,0.0,1.3333333333333333,351.03333333333336,-463.7,769.3666666666667,21053.0,0.0,True,False,False,4,Rocky Mountain,0.9677248677248678,21958.0,-30.19999999999993,-905.0,448.43333333333345,-478.60000000000014,0.033333333333260384
2017-10-01,-39.516129032258064,693.0,623.6129032258065,0.0,1.2580645161290323,341.96774193548384,-464.4193548387097,783.0322580645161,20934.0,0.0,True,False,False,4,Rocky Mountain,0.899874319229158,21053.0,-3.8064516129033024,-119.0,500.1290322580645,-503.96774193548384,-0.03225806451605262
2017-11-01,-47.63333333333333,693.0,582.3666666666667,0.0,1.1333333333333333,347.6,-458.8,799.8333333333334,22659.0,0.0,True,False,False,4,Rocky Mountain,0.8403559403559404,20934.0,57.50000000000005,1725.0,563.9333333333334,-506.4333333333334,-4.973799150320701e-14
2017-12-01,-37.67741935483871,693.0,597.3870967741935,0.0,0.7419354838709677,350.0967741935484,-530.3870967741935,811.0322580645161,22502.0,0.0,True,False,False,4,Rocky Mountain,0.8620304426756039,22659.0,-5.064516129032249,-157.0,562.9999999999999,-568.0645161290322,-8.881784197001252e-15
2018-01-01,-75.58064516129032,683.0,630.258064516129,0.0,1.2258064516129032,388.19354838709677,-515.1290322580645,810.3548387096774,21769.0,0.0,True,False,False,4,Rocky Mountain,0.9227790110045813,22502.0,-23.645161290322633,-733.0,567.0645161290322,-590.7096774193548,5.3290705182007514e-14
2018-02-01,-23.464285714285715,683.0,655.1071428571429,0.0,0.6785714285714286,363.64285714285717,-493.9642857142857,806.1428571428571,21673.0,0.0,True,False,False,4,Rocky Mountain,0.9591612633340306,21769.0,-3.4285714285715514,-96.0,513.9999999999999,-517.4285714285713,1.2301271112846734e-13
2018-03-01,-32.03225806451613,683.0,614.7741935483871,0.0,1.7096774193548387,373.0967741935484,-501.8709677419355,824.8709677419355,23148.0,0.0,True,False,False,4,Rocky Mountain,0.9001086289141831,21673.0,47.580645161290334,1475.0,581.483870967742,-533.9032258064516,-1.4210854715202004e-14
2018-04-01,-47.06666666666667,683.0,574.1,0.0,0.6666666666666666,348.9,-544.6666666666666,837.3,23739.0,0.0,True,False,False,4,Rocky Mountain,0.8405563689604686,23148.0,19.69999999999998,591.0,611.4333333333332,-591.7333333333331,1.7763568394002505e-14
2018-05-01,-82.35483870967742,683.0,585.516129032258,0.0,0.0,365.1290322580645,-523.2903225806451,828.9677419354839,23830.0,0.0,True,True,False,4,Rocky Mountain,0.8572710527558683,23739.0,2.935483870967815,91.0,608.5806451612902,-605.6451612903226,-7.283063041541027e-14
2018-06-01,-64.46666666666667,683.0,649.1,0.0,0.0,388.8333333333333,-540.6,806.2,22056.0,0.0,True,True,False,4,Rocky Mountain,0.9503660322108346,23830.0,-59.1333333333333,-1774.0,545.9333333333333,-605.0666666666666,-3.552713678800501e-14
2018-07-01,-46.16129032258065,683.0,641.7096774193549,0.0,0.0,377.96774193548384,-539.7741935483871,829.1290322580645,21418.0,0.0,True,False,False,4,Rocky Mountain,0.9395456477589383,22056.0,-20.5483870967743,-638.0,565.3870967741934,-585.9677419354838,-0.03225806451602509
2018-08-01,-83.7741935483871,683.0,608.6451612903226,0.0,0.0,386.83870967741933,-559.8064516129032,894.1290322580645,22309.0,0.0,True,True,False,4,Rocky Mountain,0.8911349360034005,21418.0,28.741935483870947,891.0,672.3225806451613,-643.5806451612904,2.1316282072803006e-14
2018-09-01,-81.5,683.0,656.3,0.0,0.0,376.56666666666666,-583.8666666666667,918.8666666666667,21523.0,0.0,True,True,False,4,Rocky Mountain,0.9609077598828696,22309.0,-26.233333333333235,-786.0,639.1333333333334,-665.3333333333335,0.033333333333235515
2018-10-01,-61.806451612903224,683.0,635.8064516129032,0.0,0.0,381.4516129032258,-589.0645161290323,922.7741935483871,22068.0,0.0,True,True,False,4,Rocky Mountain,0.9309025645869738,21523.0,17.548387096774213,545.0,668.4193548387098,-650.8387096774194,0.03225806451611035
2018-11-01,-128.63333333333333,683.0,579.0666666666667,0.0,0.0,439.96666666666664,-626.3666666666667,948.8666666666667,23711.0,0.0,True,True,False,4,Rocky Mountain,0.8478282088823818,22068.0,54.76666666666665,1643.0,809.7666666666665,-754.9999999999999,1.4210854715202004e-14
2018-12-01,-47.483870967741936,683.0,613.2258064516129,0.0,0.0,340.0967741935484,-702.0645161290323,952.6451612903226,21540.0,0.0,True,True,False,4,Rocky Mountain,0.8978415907051434,23711.0,-70.0322580645162,-2171.0,679.516129032258,-749.5483870967741,7.105427357601002e-14
2019-01-01,-96.16129032258064,687.0,633.483870967742,0.0,0.0,408.4516129032258,-637.6774193548387,934.9354838709677,20798.0,0.0,True,True,False,4,Rocky Mountain,0.9221017044654177,21540.0,-23.93548387096783,-742.0,709.9032258064515,-733.8387096774192,8.881784197001252e-14
2019-02-01,-80.78571428571429,687.0,604.5357142857143,0.0,0.0,352.64285714285717,-594.1428571428571,923.8571428571429,20715.0,0.0,True,True,False,4,Rocky Mountain,0.8799646496153047,20798.0,-2.964285714285623,-83.0,671.9642857142857,-674.9285714285713,-9.14823772291129e-14
2019-03-01,-36.16129032258065,687.0,607.516129032258,0.0,0.0,351.16129032258067,-544.9354838709677,908.0967741935484,22905.0,0.0,True,True,False,4,Rocky Mountain,0.8843029534676246,20715.0,70.64516129032265,2190.0,651.741935483871,-581.0967741935484,-7.105427357601002e-14
2019-04-01,-101.73333333333333,687.0,569.2666666666667,0.0,0.0,355.6333333333333,-588.4666666666667,945.3666666666667,24151.0,0.0,True,True,False,4,Rocky Mountain,0.8286268801552644,22905.0,41.53333333333332,1246.0,731.7333333333333,-690.2,1.4210854715202004e-14
2019-05-01,-83.0,687.0,659.258064516129,0.0,0.0,393.6774193548387,-575.3225806451613,961.516129032258,25317.0,0.0,True,True,False,4,Rocky Mountain,0.9596187256421093,24151.0,37.61290322580646,1166.0,695.9354838709678,-658.3225806451613,-1.4210854715202004e-14
2019-06-01,-69.0,687.0,677.0666666666667,0.0,0.0,384.56666666666666,-721.0666666666667,967.2666666666667,21857.0,0.0,True,True,False,4,Rocky Mountain,0.9855409995147987,25317.0,-115.30000000000007,-3460.0,674.7666666666665,-790.0999999999999,-0.033333333333260384
2019-07-01,-90.70967741935483,687.0,686.741935483871,0.0,0.0,442.06451612903226,-660.3548387096774,962.6774193548387,20832.0,0.0,True,True,False,4,Rocky Mountain,0.9996243602385313,21857.0,-33.06451612903227,-1025.0,718.0,-751.0645161290322,1.4210854715202004e-14
2019-08-01,-66.58064516129032,687.0,691.7741935483871,0.0,0.0,414.6774193548387,-638.5806451612904,972.9032258064516,20542.0,0.0,True,True,False,4,Rocky Mountain,1.006949335587172,20832.0,-9.354838709677509,-290.0,695.8064516129032,-705.1612903225806,8.881784197001252e-14
2019-09-01,-87.83333333333333,687.0,638.8,0.0,0.0,398.6333333333333,-644.7,982.9666666666667,20850.0,0.0,True,True,False,4,Rocky Mountain,0.9298398835516739,20542.0,10.266666666666694,308.0,742.8,-732.5333333333333,-2.6645352591003757e-14
2019-10-01,-108.61290322580645,687.0,544.1935483870968,0.0,0.0,387.4516129032258,-682.1290322580645,1025.0645161290322,23255.0,0.0,True,False,False,4,Rocky Mountain,0.7921303469972297,20850.0,77.58064516129026,2405.0,868.3225806451612,-790.7419354838709,5.684341886080802e-14
2019-11-01,-124.73333333333333,687.0,590.7666666666667,0.0,0.0,386.1333333333333,-671.7666666666667,1038.6333333333334,24381.0,0.0,True,True,False,4,Rocky Mountain,0.8599223677826298,23255.0,37.50000000000013,1126.0,834.0000000000002,-796.4666666666669,0.03333333333320354
2019-12-01,-81.51612903225806,687.0,646.0967741935484,0.0,0.0,398.2258064516129,-709.741935483871,1023.3225806451613,23890.0,0.0,True,False,False,4,Rocky Mountain,0.9404610978072029,24381.0,-15.806451612903189,-491.0,775.4516129032257,-791.2903225806451,-0.03225806451616542
2020-01-01,-104.93548387096774,698.0,622.7096774193549,0.0,0.03225806451612903,405.9032258064516,-704.3870967741935,991.7741935483871,22824.0,0.0,True,False,False,4,Rocky Mountain,0.8921342083371846,23890.0,-34.387096774193594,-1066.0,774.9354838709676,-809.3225806451611,4.263256414560601e-14
2020-02-01,-127.62068965517241,698.0,622.7241379310345,0.0,7.379310344827586,409.1034482758621,-669.448275862069,963.8965517241379,21253.0,0.0,True,False,False,4,Rocky Mountain,0.8921549254026283,22824.0,-54.17241379310346,-1571.0,742.8965517241379,-797.0689655172414,1.4210854715202004e-14
2020-03-01,-40.54838709677419,698.0,550.8709677419355,0.0,0.0,363.5483870967742,-653.7741935483871,959.1290322580645,23655.0,0.0,True,True,False,4,Rocky Mountain,0.7892134208337185,21253.0,77.48387096774191,2402.0,771.8064516129033,-694.3225806451613,2.842170943040401e-14
2020-04-01,-70.5,698.0,440.6,0.0,0.0,337.93333333333334,-645.9,885.9666666666667,25662.0,0.0,True,True,False,4,Rocky Mountain,0.6312320916905444,23655.0,66.89999999999998,2007.0,783.3000000000001,-716.4000000000001,2.842170943040401e-14
2020-05-01,-87.58064516129032,698.0,486.1290322580645,0.0,0.0,341.9032258064516,-534.1290322580645,741.258064516129,24897.0,0.0,True,True,False,4,Rocky Mountain,0.6964599316018116,25662.0,-24.677419354838733,-765.0,597.032258064516,-621.7096774193546,2.4868995751603507e-14
2020-06-01,-30.133333333333333,698.0,577.1666666666666,0.0,0.0,384.5,-529.6333333333333,806.7,26525.0,0.0,True,True,False,4,Rocky Mountain,0.8268863419293219,24897.0,54.26666666666676,1628.0,614.0333333333334,-559.7666666666668,-9.237055564881302e-14
2020-07-01,-20.548387096774192,698.0,611.1935483870968,0.0,0.0,400.5806451612903,-643.5483870967741,842.5806451612904,25529.0,0.0,True,True,False,4,Rocky Mountain,0.8756354561419726,26525.0,-32.12903225806444,-996.0,631.9677419354839,-664.0967741935484,-7.815970093361102e-14
2020-08-01,-24.93548387096774,698.0,595.1612903225806,0.0,0.0,355.61290322580646,-611.0645161290323,844.7741935483871,24575.0,0.0,True,True,False,4,Rocky Mountain,0.8526666050466771,25529.0,-30.774193548387128,-954.0,605.225806451613,-636.0000000000001,3.197442310920451e-14
2020-09-01,-60.43333333333333,650.0,586.0666666666667,0.0,0.0,399.8666666666667,-609.4,820.5,23509.0,0.0,True,True,False,4,Rocky Mountain,0.9016410256410258,24575.0,-35.53333333333335,-1066.0,634.3000000000001,-669.8333333333334,2.1316282072803006e-14
2020-10-01,-36.806451612903224,650.0,531.5806451612904,0.0,0.0,349.9032258064516,-543.1290322580645,784.6129032258065,24222.0,0.0,True,True,False,4,Rocky Mountain,0.8178163771712159,23509.0,22.99999999999995,713.0,602.9354838709677,-579.9354838709677,4.973799150320701e-14
2020-11-01,-41.666666666666664,650.0,551.5333333333333,0.0,0.0,391.8,-569.2666666666667,780.8666666666667,24528.0,0.0,True,True,False,4,Rocky Mountain,0.8485128205128205,24222.0,10.200000000000124,306.0,621.1333333333334,-610.9333333333334,-1.2434497875801753e-13
2020-12-01,-46.87096774193548,650.0,546.6129032258065,0.0,0.0,399.8709677419355,-575.6451612903226,765.0645161290323,24398.0,0.0,True,True,False,4,Rocky Mountain,0.8409429280397023,24528.0,-4.193548387096705,-130.0,618.3225806451613,-622.5161290322582,-6.927791673660977e-14
2021-01-01,-34.74193548387097,657.0,559.0967741935484,0.0,0.0,405.83870967741933,-568.741935483871,774.516129032258,24949.0,0.0,True,True,False,4,Rocky Mountain,0.8509844356066186,24398.0,17.774193548387082,551.0,621.2580645161289,-603.4838709677418,1.4210854715202004e-14
2021-02-01,-30.892857142857142,657.0,579.75,0.0,0.0,367.7857142857143,-585.5,753.5,22852.0,0.0,True,True,False,4,Rocky Mountain,0.882420091324201,24949.0,-74.85714285714292,-2097.0,541.5357142857142,-616.4285714285713,-0.03571428571422075
2021-03-01,-19.096774193548388,657.0,557.1290322580645,0.0,0.0,379.80645161290323,-533.8709677419355,754.9677419354839,23617.0,0.0,True,True,False,4,Rocky Mountain,0.8479893946089262,22852.0,24.6774193548388,765.0,577.6451612903226,-552.9677419354839,-9.237055564881302e-14
2021-04-01,-60.06666666666667,657.0,530.7666666666667,0.0,0.0,405.26666666666665,-554.7666666666667,797.3,25326.0,0.0,True,True,False,4,Rocky Mountain,0.8078640284119736,23617.0,56.96666666666663,1709.0,671.8,-614.8333333333333,3.552713678800501e-14
2021-05-01,-32.935483870967744,657.0,537.0967741935484,0.0,0.0,410.0,-632.6451612903226,794.3870967741935,25379.0,0.0,True,True,False,4,Rocky Mountain,0.8174988952717632,25326.0,1.7096774193548185,53.0,667.2903225806452,-665.5806451612904,2.020605904817785e-14
2021-06-01,-53.266666666666666,657.0,553.5333333333333,0.0,0.0,425.6,-631.9,784.2333333333333,24512.0,0.0,True,True,False,4,Rocky Mountain,0.8425164890918315,25379.0,-28.866666666666575,-867.0,656.3000000000002,-685.2000000000002,-0.03333333333342381
2021-07-01,-20.06451612903226,657.0,603.6451612903226,0.0,0.0,412.8709677419355,-595.6129032258065,795.4516129032259,24171.0,0.0,True,True,False,4,Rocky Mountain,0.9187901998330633,24512.0,-10.999999999999947,-341.0,604.6774193548389,-615.6774193548389,-5.3290705182007514e-14
2021-08-01,-36.16129032258065,657.0,598.2903225806451,0.0,0.0,411.2903225806452,-591.9354838709677,806.516129032258,23904.0,0.0,True,True,False,4,Rocky Mountain,0.9106397603967201,24171.0,-8.580645161290285,-267.0,619.516129032258,-628.1290322580645,-0.032258064516167195
2021-09-01,-76.8,657.0,605.4,0.0,0.0,445.0,-607.6333333333333,821.8666666666667,23216.0,0.0,True,True,False,4,Rocky Mountain,0.9214611872146118,23904.0,-22.966666666666626,-688.0,661.4666666666668,-684.4000000000001,0.03333333333329236
2021-10-01,-55.67741935483871,657.0,544.0,0.0,0.0,384.80645161290323,-628.741935483871,858.0322580645161,23663.0,0.0,True,True,False,4,Rocky Mountain,0.8280060882800608,23216.0,14.419354838709587,447.0,698.8387096774193,-684.4193548387096,9.059419880941277e-14
2021-11-01,-63.53333333333333,657.0,577.2333333333333,0.0,0.0,437.1,-628.5333333333333,861.0666666666667,24529.0,0.0,True,True,False,4,Rocky Mountain,0.8785895484525622,23663.0,28.86666666666676,866.0,720.9333333333334,-692.0666666666667,-9.237055564881302e-14
2021-12-01,-79.3225806451613,657.0,583.258064516129,0.0,0.03225806451612903,449.9032258064516,-649.4193548387096,855.6451612903226,24328.0,0.0,True,False,False,4,Rocky Mountain,0.8877596111356606,24529.0,-6.4838709677419075,-201.0,722.258064516129,-728.741935483871,-2.7533531010703882e-14
2022-01-01,-26.870967741935484,663.0,587.6451612903226,0.0,0.0,383.2903225806452,-624.4193548387096,827.7741935483871,23746.0,9.064516129032258,False,True,False,4,Rocky Mountain,0.886342626380577,24328.0,-18.80645161290311,-582.0,623.4193548387096,-642.1935483870967,0.03225806451601443
2022-02-01,-60.82142857142857,663.0,572.3928571428571,0.0,0.0,398.39285714285717,-604.1785714285714,841.5714285714286,24060.0,8.607142857142858,False,True,False,4,Rocky Mountain,0.8633376427494074,23746.0,11.178571428571512,314.0,667.5714285714287,-656.357142857143,0.03571428571420121
2022-03-01,-89.83870967741936,663.0,563.8387096774194,0.0,0.0,435.64516129032256,-605.1612903225806,863.9677419354839,25698.0,12.03225806451613,False,True,False,4,Rocky Mountain,0.850435459543619,24060.0,52.80645161290323,1638.0,735.774193548387,-682.9354838709676,0.03225806451612101
2022-04-01,-90.5,663.0,548.5333333333333,0.0,0.0,365.2,-683.9333333333333,865.0333333333333,23192.0,9.2,False,True,False,4,Rocky Mountain,0.8273504273504273,25698.0,-83.53333333333323,-2506.0,681.7,-765.2333333333333,-9.947598300641403e-14
2022-05-01,-27.129032258064516,663.0,474.4193548387097,0.0,0.0,335.96774193548384,-630.1935483870968,865.1612903225806,25732.0,12.548387096774194,False,False,False,4,Rocky Mountain,0.7155646377657763,23192.0,81.93548387096762,2540.0,726.7096774193546,-644.7741935483868,1.2789769243681803e-13
2022-06-01,-29.1,663.0,606.6,0.0,0.0,377.76666666666665,-680.1333333333333,869.7666666666667,24100.0,13.9,False,True,False,4,Rocky Mountain,0.9149321266968327,25732.0,-54.40000000000004,-1632.0,640.9333333333333,-695.3333333333333,4.263256414560601e-14
2022-07-01,-19.64516129032258,663.0,631.9677419354839,0.0,0.0,407.1290322580645,-648.9677419354839,868.4516129032259,23644.0,10.32258064516129,False,True,False,4,Rocky Mountain,0.9531941808981658,24100.0,-14.677419354838728,-456.0,643.6129032258063,-658.3225806451612,-0.03225806451611035
2022-08-01,-50.483870967741936,663.0,619.4193548387096,0.0,0.0,399.51612903225805,-660.2258064516129,887.6774193548387,22754.0,14.225806451612904,False,True,False,4,Rocky Mountain,0.9342675035274656,23644.0,-28.709677419354882,-890.0,667.774193548387,-696.4838709677418,4.263256414560601e-14
2022-09-01,-23.433333333333334,663.0,608.9333333333333,0.0,0.0,400.1,-640.2,885.6,23471.0,10.8,False,True,False,4,Rocky Mountain,0.9184514831573655,22754.0,23.933333333333387,717.0,676.7666666666668,-652.8666666666668,-0.03333333333338828
2022-10-01,-24.70967741935484,663.0,602.6774193548387,0.0,0.0,415.9032258064516,-698.9032258064516,898.8064516129032,23509.0,12.806451612903226,False,True,False,4,Rocky Mountain,0.9090157154673283,23471.0,1.2258064516128986,38.0,712.032258064516,-710.8064516129031,4.6629367034256575e-15
2022-11-01,-24.1,650.0,581.0666666666667,0.0,0.0,393.56666666666666,-662.1333333333333,910.9,24902.0,9.233333333333333,False,False,False,4,Rocky Mountain,0.893948717948718,23509.0,46.39999999999987,1393.0,723.4,-676.9666666666667,0.033333333333459336
2022-12-01,-73.48387096774194,650.0,557.7096774193549,0.0,0.0,401.93548387096774,-645.1290322580645,850.9032258064516,24421.0,7.967741935483871,False,True,False,4,Rocky Mountain,0.8580148883374691,24902.0,-15.516129032258178,-481.0,695.1290322580644,-710.6451612903224,1.1368683772161603e-13
2023-01-01,-109.83870967741936,650.0,472.6774193548387,0.0,0.0,412.4516129032258,-726.5806451612904,863.0322580645161,23934.0,17.903225806451612,False,True,False,4,Rocky Mountain,0.727196029776675,24421.0,-15.709677419354936,-487.0,802.8064516129032,-818.516129032258,9.769962616701378e-14
2023-02-01,-39.32142857142857,650.0,517.2857142857143,0.0,0.0,436.7142857142857,-723.8571428571429,855.3571428571429,24737.0,17.107142857142858,False,True,False,4,Rocky Mountain,0.7958241758241759,23934.0,28.71428571428562,803.0,774.7857142857143,-746.1071428571429,-0.03571428571419233
2023-03-01,-72.38709677419355,650.0,540.741935483871,0.0,0.0,377.96774193548384,-651.3548387096774,898.7741935483871,25756.0,20.612903225806452,False,True,False,4,Rocky Mountain,0.8319106699751861,24737.0,32.87096774193546,1019.0,736.0,-703.1290322580645,2.1316282072803006e-14
2023-04-01,-83.63333333333334,650.0,513.2333333333333,0.0,0.0,322.73333333333335,-651.2666666666667,914.0333333333333,25956.0,18.033333333333335,False,True,False,4,Rocky Mountain,0.7895897435897437,25756.0,6.6666666666666465,200.0,723.5333333333333,-716.8666666666667,2.042810365310288e-14
2023-05-01,-23.35483870967742,650.0,527.9032258064516,0.0,0.0,352.64516129032256,-746.0967741935484,931.9354838709677,26155.0,19.225806451612904,False,True,False,4,Rocky Mountain,0.8121588089330024,25956.0,6.451612903225733,199.0,756.6774193548387,-750.258064516129,-0.03225806451605617
2023-06-01,-45.13333333333333,650.0,609.5,0.0,0.0,367.6,-718.7666666666667,947.3666666666667,24830.0,14.233333333333333,False,True,False,4,Rocky Mountain,0.9376923076923077,26155.0,-44.19999999999995,-1325.0,705.4666666666667,-749.6333333333333,0.033333333333288806
2023-07-01,-45.29032258064516,650.0,607.7096774193549,0.0,0.0,359.9032258064516,-684.6774193548387,935.1612903225806,24055.0,17.612903225806452,False,True,False,4,Rocky Mountain,0.934937965260546,24830.0,-25.000000000000046,-775.0,687.3548387096773,-712.3548387096773,4.618527782440651e-14
2023-08-01,-88.35483870967742,650.0,619.8064516129032,0.0,0.0,427.51612903225805,-724.258064516129,964.3548387096774,23585.0,25.387096774193548,False,True,False,4,Rocky Mountain,0.9535483870967741,24055.0,-15.161290322580587,-470.0,772.0645161290324,-787.225806451613,-5.861977570020827e-14
2023-09-01,-109.06666666666666,650.0,635.1666666666666,0.0,0.0,413.06666666666666,-642.3333333333334,966.4333333333333,24045.0,22.433333333333334,False,True,False,4,Rocky Mountain,0.9771794871794871,23585.0,15.366666666666557,460.0,744.3333333333334,-729.0,-0.03333333333322308
2023-10-01,-93.54838709677419,650.0,638.8387096774194,0.0,0.0,401.9032258064516,-679.7741935483871,985.0645161290323,23932.0,21.548387096774192,False,True,False,4,Rocky Mountain,0.9828287841191068,24045.0,-3.6451612903225623,-113.0,748.1290322580645,-751.7741935483871,-1.8207657603852567e-14
2023-11-01,-48.166666666666664,650.0,612.9333333333333,0.0,0.0,413.96666666666664,-762.8333333333334,1010.9666666666667,24684.0,24.066666666666666,False,False,False,4,Rocky Mountain,0.9429743589743589,23932.0,25.06666666666663,752.0,812.0000000000001,-786.9333333333334,3.552713678800501e-14
2023-12-01,-76.29032258064517,650.0,575.741935483871,0.0,0.03225806451612903,444.06451612903226,-796.8064516129032,1020.5483870967741,25827.0,21.161290322580644,False,False,False,4,Rocky Mountain,0.8857568238213399,24684.0,36.90322580645157,1143.0,888.8387096774193,-851.9677419354838,-0.03225806451609259
2024-01-01,-65.6774193548387,652.0,570.4193548387096,0.0,0.0,406.48387096774195,-799.516129032258,949.3548387096774,24185.0,26.806451612903224,False,True,False,4,Rocky Mountain,0.8748763111023153,25827.0,-52.96774193548378,-1642.0,785.4193548387099,-838.3870967741938,-9.237055564881302e-14
2024-02-01,-62.55172413793103,652.0,542.4827586206897,0.0,0.0,398.58620689655174,-761.8965517241379,992.2413793103449,25631.0,26.0,False,True,False,4,Rocky Mountain,0.8320287708906283,24185.0,49.896551724138035,1446.0,848.3448275862071,-798.4827586206899,-0.03448275862079697
2024-03-01,-31.387096774193548,652.0,529.8064516129032,0.0,0.0,381.0,-820.0645161290323,998.258064516129,26186.0,19.93548387096774,False,True,False,4,Rocky Mountain,0.8125865822283791,25631.0,17.93548387096773,555.0,849.4516129032259,-831.5483870967743,-0.03225806451611746
2024-04-01,-22.766666666666666,652.0,572.8,0.0,0.0,388.56666666666666,-840.8,990.9,24951.0,15.766666666666667,False,True,False,4,Rocky Mountain,0.8785276073619631,26186.0,-41.13333333333321,-1235.0,806.6666666666667,-847.8333333333334,-0.03333333333345223
2024-05-01,70.83870967741936,652.0,612.9677419354839,0.0,0.0,324.80645161290323,-826.5483870967741,1007.7096774193549,24254.0,13.67741935483871,False,True,False,4,Rocky Mountain,0.9401345735206809,24951.0,-22.48387096774193,-697.0,719.5483870967741,-742.0322580645161,-7.105427357601002e-15
2024-06-01,-53.56666666666667,652.0,642.8,0.0,0.0,386.1666666666667,-744.8,993.7666666666667,22935.0,17.266666666666666,False,True,False,4,Rocky Mountain,0.9858895705521472,24254.0,-43.96666666666652,-1319.0,737.1333333333334,-781.1000000000001,-1.4921397450962104e-13
2024-07-01,-25.612903225806452,652.0,620.4516129032259,0.0,0.0,386.03225806451616,-761.0645161290323,993.0967741935484,22660.0,19.161290322580644,False,True,False,4,Rocky Mountain,0.9516129032258065,22935.0,-8.838709677419345,-275.0,758.6774193548388,-767.5483870967743,-0.032258064516138774
2024-08-01,3.032258064516129,652.0,652.8064516129032,0.0,0.0,356.0967741935484,-749.1290322580645,1009.1935483870968,22246.0,20.258064516129032,False,True,False,4,Rocky Mountain,1.0012368889768453,22660.0,-13.354838709677288,-414.0,712.4838709677422,-725.8387096774196,-1.3145040611561853e-13
2024-09-01,-58.4,652.0,601.0666666666667,0.0,0.0,390.06666666666666,-754.5333333333333,1023.8,22265.0,0.7666666666666667,False,True,False,4,Rocky Mountain,0.9218813905930471,22246.0,0.6333333333333196,19.0,812.7999999999998,-812.1666666666665,1.3655743202889425e-14
2024-10-01,-2.4516129032258065,652.0,601.4193548387096,0.0,0.0,325.03225806451616,-762.2903225806451,1055.3548387096773,22786.0,2.5806451612903225,False,True,False,4,Rocky Mountain,0.922422323372254,22265.0,16.80645161290329,521.0,778.9677419354838,-762.1612903225806,-6.750155989720952e-14
2024-11-01,-72.06666666666666,652.0,612.8333333333334,0.0,0.0,356.6333333333333,-747.1333333333333,1095.0666666666666,23917.0,18.033333333333335,False,True,False,4,Rocky Mountain,0.9399284253578732,22786.0,37.6999999999999,1131.0,838.8666666666664,-801.1666666666664,9.947598300641403e-14
2024-12-01,-49.70967741935484,652.0,568.8709677419355,0.0,0.0,361.4516129032258,-821.3225806451613,1068.0645161290322,24434.0,27.06451612903226,False,False,False,4,Rocky Mountain,0.8725014842667722,23917.0,16.67741935483853,517.0,860.6451612903226,-843.9677419354839,1.7763568394002505e-13
2025-01-01,-13.0,644.0,574.7741935483871,0.0,0.0,346.51612903225805,-795.9354838709677,1024.8064516129032,24174.0,4.0,False,True,False,4,Rocky Mountain,0.892506511721098,24434.0,-8.387096774193537,-260.0,796.5483870967741,-804.9354838709677,-1.0658141036401503e-14
2025-02-01,-72.89285714285714,644.0,570.8571428571429,0.0,0.0,379.89285714285717,-742.5357142857143,1030.142857142857,24889.0,1.8214285714285714,False,True,False,4,Rocky Mountain,0.8864241348713399,24174.0,25.57142857142843,715.0,839.1785714285713,-813.642857142857,-0.03571428571414614
2025-03-01,44.83870967741935,644.0,582.5806451612904,0.0,0.0,261.7741935483871,-791.258064516129,1042.741935483871,24271.0,4.548387096774194,False,True,False,4,Rocky Mountain,0.9046283309957925,24889.0,-19.935483870967794,-618.0,721.9354838709677,-741.8709677419354,5.3290705182007514e-14
2025-04-01,-86.5,644.0,577.0,0.0,0.13333333333333333,385.3333333333333,-758.2,1028.2333333333333,24801.0,25.933333333333334,False,False,False,4,Rocky Mountain,0.8959627329192547,24271.0,17.66666666666657,530.0,836.4333333333333,-818.7666666666667,9.947598300641403e-14
2025-05-01,-66.48387096774194,644.0,600.5483870967741,0.0,0.0967741935483871,380.7096774193548,-780.9677419354839,1051.9354838709678,24905.0,18.806451612903224,False,False,False,4,Rocky Mountain,0.9325285513925065,24801.0,3.3548387096775016,104.0,832.0000000000001,-828.6451612903227,-8.215650382226158e-14
2025-06-01,-59.9,644.0,629.9333333333333,0.0,0.03333333333333333,366.2,-751.6333333333333,1043.9333333333334,23999.0,1.1666666666666667,False,False,False,4,Rocky Mountain,0.9781573498964803,24905.0,-30.199999999999914,-906.0,780.1666666666669,-810.3666666666669,-8.526512829121202e-14
2025-07-01,-12.774193548387096,644.0,632.6451612903226,0.0,0.0,361.1290322580645,-801.0322580645161,1036.258064516129,22926.0,14.451612903225806,False,True,False,4,Rocky Mountain,0.9823682628731717,23999.0,-34.61290322580641,-1073.0,764.7419354838711,-799.3548387096776,-3.552713678800501e-14
2025-08-01,-6.483870967741935,644.0,635.3870967741935,0.0,0.0,349.61290322580646,-780.0,1038.2903225806451,22414.0,17.451612903225808,False,True,False,4,Rocky Mountain,0.9866259266680024,22926.0,-16.51612903225808,-512.0,752.5161290322582,-769.0322580645162,1.4210854715202004e-14
2025-09-01,-48.43333333333333,644.0,636.6333333333333,0.0,0.0,428.8,-785.5,1025.3333333333333,22582.0,22.033333333333335,False,True,False,4,Rocky Mountain,0.9885610766045548,22414.0,5.600000000000005,168.0,817.4999999999999,-811.8999999999999,-5.329070518200751e-15
2025-10-01,-111.6774193548387,644.0,612.4193548387096,0.0,0.0,415.64516129032256,-702.9354838709677,1021.258064516129,23643.0,24.322580645161292,False,True,False,4,Rocky Mountain,0.9509617311160088,22582.0,34.193548387096854,1061.0,824.4838709677421,-790.2580645161291,0.032258064516049956
2025-11-01,-34.7,644.0,620.5,0.0,0.0,355.4,-686.4,996.7333333333333,24528.0,19.0,False,True,False,4,Rocky Mountain,0.9635093167701864,23643.0,29.533333333333346,885.0,731.6333333333332,-702.1333333333332,-0.03333333333334565
2025-12-01,-54.70967741935484,644.0,607.4193548387096,0.0,0.0,423.93548387096774,-776.5806451612904,999.3870967741935,24594.0,17.548387096774192,False,True,False,4,Rocky Mountain,0.9431977559607293,24528.0,2.1612903225806903,66.0,815.9032258064516,-813.7741935483871,-0.0322580645161743
2026-01-01,29.322580645161292,653.0,613.9677419354839,0.0,0.16129032258064516,344.2903225806452,-785.0967741935484,977.8064516129032,23734.0,19.870967741935484,False,False,False,4,Rocky Mountain,0.9402262510497457,24594.0,-27.935483870967847,-860.0,707.9677419354838,-735.7096774193548,0.19354838709687883
2026-02-01,-5.214285714285714,653.0,627.2142857142857,0.0,0.0,458.2857142857143,-809.3214285714286,997.5,24618.0,17.571428571428573,False,True,False,4,Rocky Mountain,0.9605119229927805,23734.0,31.60714285714297,884.0,828.5714285714286,-797.0,-0.035714285714398386
2026-03-01,-65.0,653.0,591.6774193548387,0.0,0.0,406.61290322580646,-778.4516129032259,1018.3870967741935,25225.0,29.677419354838708,False,True,False,4,Rocky Mountain,0.9060909944178234,24618.0,19.548387096774196,607.0,833.3225806451613,-813.741935483871,0.032258064516128115
2026-04-01,-89.23333333333333,653.0,474.23333333333335,0.0,0.0,363.8333333333333,-823.3,1018.4666666666667,25900.0,26.966666666666665,False,True,False,4,Rocky Mountain,0.7262378764675855,25225.0,22.499999999999982,675.0,908.0666666666666,-885.5666666666666,1.7763568394002505e-14
2026-05-01,-11.709677419354838,653.0,568.5806451612904,0.0,0.0,354.51612903225805,-862.483870967742,1008.9354838709677,24106.0,21.451612903225808,False,True,False,4,Rocky Mountain,0.8707207429728796,25900.0,-57.8709677419356,-1794.0,794.8709677419355,-852.741935483871,1.2079226507921703e-13
2026-06-01,-46.233333333333334,653.0,656.3333333333334,0.0,0.0,442.06666666666666,-829.2666666666667,1013.9333333333333,22336.0,16.833333333333332,False,True,False,4,Rocky Mountain,1.0051046452271568,24106.0,-59.00000000000014,-1770.0,799.6666666666666,-858.6666666666666,1.4210854715202004e-13
2007-01-01,-91.3225806451613,3186.0,2498.2903225806454,0.0,0.0,1104.2903225806451,0.0,1447.5806451612902,49947.0,0.0,True,True,True,5,West Coast,0.7841463661583946,,-37.74193548387127,,53.58064516129025,,
2007-02-01,146.60714285714286,3186.0,2300.214285714286,0.0,0.0,876.1785714285714,0.0,1409.4285714285713,53643.0,0.0,True,False,True,5,West Coast,0.721975607568828,49947.0,131.99999999999986,3696.0,-14.607142857143117,146.60714285714312,1.4210854715202004e-13
2007-03-01,-38.903225806451616,3186.0,2259.7741935483873,0.0,0.0,904.8387096774194,0.0,1419.3225806451612,54432.0,0.0,True,False,True,5,West Coast,0.709282546625357,53643.0,25.483870967741694,789.0,64.3870967741932,-38.93548387096739,-0.03225806451588653
2007-04-01,56.86666666666667,3186.0,2567.766666666667,0.0,0.0,1093.3666666666666,0.0,1423.1333333333334,54600.0,0.0,True,True,True,5,West Coast,0.8059531282695125,54432.0,5.599999999999788,168.0,-51.26666666666688,56.86666666666688,2.113864638886298e-13
2007-05-01,-54.903225806451616,3186.0,2717.6129032258063,0.0,0.0,1357.6129032258063,0.0,1437.3225806451612,55295.0,0.0,True,True,True,5,West Coast,0.8529858453313893,54600.0,22.41935483870961,695.0,77.32258064516145,-54.90322580645177,6.750155989720952e-14
2007-06-01,60.96666666666667,3186.0,2567.4666666666667,0.0,0.0,1159.4333333333334,0.0,1381.9,56340.0,0.0,True,True,True,5,West Coast,0.8058589663109437,55295.0,34.83333333333346,1045.0,-26.133333333333212,60.96666666666655,-1.2079226507921703e-13
2007-07-01,174.32258064516128,3186.0,2652.483870967742,0.0,0.0,1044.0,0.0,1384.225806451613,54792.0,0.0,True,True,True,5,West Coast,0.8325435878743698,56340.0,-49.935483870967744,-1548.0,-224.25806451612925,174.3225806451615,0.0
2007-08-01,-3.4838709677419355,3186.0,2745.064516129032,0.0,0.0,1338.1612903225807,0.0,1305.774193548387,51549.0,0.0,True,False,True,5,West Coast,0.861602170787518,54792.0,-104.61290322580633,-3243.0,-101.1290322580644,-3.4838709677420496,-1.1368683772161603e-13
2007-09-01,-34.0,3190.0,2641.5,0.0,0.0,1375.1666666666667,0.0,1302.1333333333334,51603.0,0.0,True,True,True,5,West Coast,0.8280564263322884,51549.0,1.800000000000182,54.0,35.80000000000018,-34.000000000000185,-1.8185453143360064e-13
2007-10-01,52.96774193548387,3190.0,2498.4193548387098,0.0,0.0,1197.1290322580646,0.0,1362.2903225806451,55136.0,0.0,True,True,True,5,West Coast,0.7832035595105673,51603.0,113.96774193548387,3533.0,61.0,52.96774193548387,0.0
2007-11-01,-14.833333333333334,3190.0,2621.866666666667,0.0,0.7,1211.3,0.0,1405.9333333333334,54532.0,0.0,True,False,True,5,West Coast,0.821901776384535,55136.0,-20.166666666666774,-604.0,-5.333333333333212,-14.800000000000122,0.03333333333344157
2007-12-01,91.29032258064517,3190.0,2628.2258064516127,0.0,0.0,1119.4516129032259,0.0,1396.1290322580646,53870.0,0.0,True,True,True,5,West Coast,0.823895237132167,54532.0,-21.354838709677054,-662.0,-112.645161290322,91.29032258064457,-3.659295089164516e-13
2008-01-01,10.741935483870968,3195.0,2595.7741935483873,0.0,0.0,1221.3548387096773,0.0,1362.0,53818.0,0.0,True,True,True,5,West Coast,0.8124488868696048,53870.0,-1.6774193548390102,-52.0,-12.419354838710206,10.741935483871496,3.0042635046356736e-13
2008-02-01,-29.448275862068964,3195.0,2522.137931034483,0.0,0.0,1159.7241379310344,0.0,1361.655172413793,52942.0,0.0,True,False,True,5,West Coast,0.7894015433597755,53818.0,-30.20689655172431,-876.0,-0.7586206896553449,-29.448275862068794,1.7053025658242404e-13
2008-03-01,16.193548387096776,3195.0,2560.935483870968,0.0,0.0,1134.967741935484,0.0,1378.3548387096773,51968.0,0.0,True,True,True,5,West Coast,0.8015447523852794,52942.0,-31.4193548387098,-974.0,-47.612903225806804,16.193548387097128,1.2434497875801753e-13
2008-04-01,59.266666666666666,3195.0,2445.4333333333334,0.0,0.0,1116.0666666666666,0.0,1356.0333333333333,54546.0,0.0,True,True,True,5,West Coast,0.7653938445487741,51968.0,85.93333333333318,2578.0,26.666666666666515,59.26666666666682,1.5631940186722204e-13
2008-05-01,5.709677419354839,3195.0,2496.1612903225805,0.0,0.03225806451612903,1171.032258064516,0.0,1339.0645161290322,55154.0,0.0,True,False,True,5,West Coast,0.7812711393810894,54546.0,19.61290322580651,608.0,13.90322580645167,5.709677419354781,-5.684341886080802e-14
2008-06-01,34.03333333333333,3195.0,2704.5666666666666,0.0,0.0,1358.3,0.0,1306.6,54985.0,0.0,True,True,True,5,West Coast,0.8464997391757955,55154.0,-5.633333333333411,-169.0,-39.66666666666697,34.03333333333364,7.72715225139109e-14
2008-07-01,-18.903225806451612,3195.0,2651.8064516129034,0.0,0.0,1339.7096774193549,0.0,1287.9032258064517,53649.0,0.0,True,False,True,5,West Coast,0.8299863698318947,54985.0,-43.09677419354844,-1336.0,-24.193548387096598,-18.903225806451786,5.684341886080802e-14
2008-08-01,30.29032258064516,3195.0,2673.3548387096776,0.0,0.0,1239.1290322580646,0.0,1204.5806451612902,47469.0,0.0,True,True,True,5,West Coast,0.8367307789388662,53649.0,-199.35483870967752,-6180.0,-229.64516129032245,30.29032258064504,1.1368683772161603e-13
2008-09-01,129.4,3195.0,2658.3333333333335,0.0,0.0,1257.9666666666667,0.0,1336.6666666666667,49440.0,0.0,True,True,True,5,West Coast,0.8320292123109025,47469.0,65.69999999999996,1971.0,-63.70000000000027,129.40000000000026,4.263256414560601e-14
2008-10-01,88.61290322580645,3195.0,2539.6774193548385,0.0,0.0,1208.6451612903227,0.0,1369.3225806451612,53374.0,0.0,True,True,True,5,West Coast,0.7948912110656772,49440.0,126.9032258064518,3934.0,38.29032258064535,88.61290322580626,-1.8474111129762605e-13
2008-11-01,-4.2,3195.0,2569.1666666666665,0.0,0.0,1131.2666666666667,0.0,1381.5,51556.0,0.0,True,True,True,5,West Coast,0.8041210224308816,53374.0,-60.599999999999866,-1818.0,-56.40000000000009,-4.1999999999999105,-1.3500311979441904e-13
2008-12-01,27.838709677419356,3195.0,2429.0,0.0,0.0,1129.6451612903227,0.0,1350.1612903225807,53994.0,0.0,True,True,True,5,West Coast,0.7602503912363068,51556.0,78.64516129032276,2438.0,50.8064516129034,27.838709677419175,-1.8474111129762605e-13
2009-01-01,18.032258064516128,3216.0,2359.1612903225805,0.0,0.0,1116.7096774193549,0.0,1326.3870967741937,57155.0,0.0,True,True,True,5,West Coast,0.7335700529610014,53994.0,101.96774193548416,3161.0,83.9354838709678,18.03225806451607,-2.8421709430404007e-13
2009-02-01,68.82142857142857,3216.0,2423.714285714286,0.0,0.0,1056.357142857143,0.0,1348.75,58561.0,0.0,True,True,True,5,West Coast,0.7536425017768301,57155.0,50.21428571428568,1406.0,-18.607142857142662,68.82142857142838,3.552713678800501e-14
2009-03-01,53.32258064516129,3216.0,2417.451612903226,0.0,0.0,1023.1935483870968,0.0,1327.3225806451612,58139.0,0.0,True,True,True,5,West Coast,0.7516951532659284,58561.0,-13.612903225806512,-422.0,-66.9354838709678,53.32258064516135,6.039613253960852e-14
2009-04-01,68.16666666666667,3216.0,2382.233333333333,0.0,0.0,1060.9666666666667,0.0,1290.5333333333333,59262.0,0.0,True,True,True,5,West Coast,0.7407441956882255,58139.0,37.43333333333355,1123.0,-30.73333333333312,68.16666666666646,-2.2026824808563106e-13
2009-05-01,29.29032258064516,3216.0,2431.0,0.0,0.0,1015.5483870967741,0.0,1312.774193548387,56987.0,0.0,True,False,True,5,West Coast,0.755907960199005,59262.0,-73.38709677419362,-2275.0,-102.677419354839,29.29032258064545,7.105427357601002e-14
2009-06-01,114.9,3216.0,2501.266666666667,0.0,0.0,1016.0666666666667,0.0,1208.9666666666667,52147.0,0.0,True,False,True,5,West Coast,0.777757048092869,56987.0,-161.33333333333346,-4840.0,-276.2333333333336,114.90000000000023,1.1368683772161603e-13
2009-07-01,58.41935483870968,3225.0,2360.967741935484,0.0,0.0,1125.6129032258063,0.0,1182.6129032258063,52323.0,0.0,True,False,True,5,West Coast,0.7320830207551888,52147.0,5.677419354838477,176.0,-52.7419354838712,58.419354838709914,2.327027459614328e-13
2009-08-01,56.225806451612904,3225.0,2262.1935483870966,0.0,0.0,1023.6129032258065,0.0,1201.6451612903227,52921.0,0.0,True,True,True,5,West Coast,0.7014553638409602,52323.0,19.290322580645444,598.0,-36.935483870967346,56.225806451612506,-2.8421709430404007e-13
2009-09-01,48.36666666666667,3225.0,2455.8,0.0,0.03333333333333333,1110.8333333333333,0.0,1279.4333333333334,52405.0,0.0,True,False,True,5,West Coast,0.7614883720930233,52921.0,-17.200000000000195,-516.0,-65.56666666666709,48.366666666667086,1.9539925233402755e-13
2009-10-01,16.322580645161292,3232.0,2339.6774193548385,0.0,0.03225806451612903,1099.483870967742,0.0,1282.6451612903227,54226.0,0.0,True,False,True,5,West Coast,0.7239100926221654,52405.0,58.741935483871245,1821.0,42.41935483870972,16.322580645161246,-2.7711166694643907e-13
2009-11-01,1.1333333333333333,3232.0,2256.8333333333335,0.0,0.0,1025.7666666666667,0.0,1284.0666666666666,55850.0,0.0,True,False,True,5,West Coast,0.6982776402640265,54226.0,54.133333333333105,1624.0,52.999999999999545,1.1333333333337876,2.2737367544323206e-13
2009-12-01,82.90322580645162,3232.0,2399.6129032258063,0.0,0.06451612903225806,827.2903225806451,0.0,1266.8064516129032,48947.0,0.0,True,False,True,5,West Coast,0.7424544873842223,55850.0,-222.6774193548387,-6903.0,-305.5806451612903,82.90322580645159,-2.842170943040401e-14
2010-01-01,-18.258064516129032,3232.0,2211.8387096774195,0.0,0.0,915.3870967741935,0.0,1251.1290322580646,46976.0,0.0,True,True,True,5,West Coast,0.6843560364100927,48947.0,-63.58064516129037,-1971.0,-45.32258064516145,-18.25806451612887,4.973799150320701e-14
2010-02-01,-103.78571428571429,3219.0,2265.214285714286,0.0,0.03571428571428571,1262.607142857143,0.0,1245.357142857143,50866.0,0.0,True,False,True,5,West Coast,0.7037012381839969,46976.0,138.92857142857144,3890.0,242.71428571428572,-103.7857142857143,-2.842170943040401e-14
2010-03-01,44.25806451612903,3219.0,2332.1935483870966,0.0,0.0,1051.9032258064517,0.0,1265.0645161290322,51765.0,0.0,True,False,True,5,West Coast,0.7245087133852428,50866.0,29.032258064516334,899.0,-15.225806451612698,44.2258064516127,-0.03225806451633417
2010-04-01,12.4,3219.0,2430.266666666667,0.0,0.0,1216.5,0.0,1256.1333333333334,53407.0,0.0,True,False,True,5,West Coast,0.754975665320493,51765.0,54.76666666666656,1642.0,42.36666666666633,12.366666666667001,-0.03333333333322486
2010-05-01,100.25806451612904,3219.0,2337.935483870968,0.0,0.03225806451612903,1118.1612903225807,0.0,1188.1935483870968,55536.0,0.0,True,False,True,5,West Coast,0.7262924771267374,53407.0,68.64516129032266,2129.0,-31.612903225806377,100.29032258064508,0.03225806451604285
2010-06-01,18.533333333333335,3153.0,2416.8333333333335,0.0,0.0,1218.8333333333333,0.0,1147.7,54583.0,0.0,True,True,True,5,West Coast,0.7665186594777461,55536.0,-31.766666666666847,-953.0,-50.30000000000018,18.533333333333516,1.8118839761882555e-13
2010-07-01,-28.0,3219.0,2435.1290322580644,0.0,0.0,1158.0967741935483,0.8064516129032258,1154.6451612903227,49946.0,0.0,True,True,False,5,West Coast,0.756486185852148,54583.0,-149.5806451612902,-4637.0,-122.3870967741932,-27.193548387097138,-1.4210854715202004e-13
2010-08-01,-15.935483870967742,3219.0,2324.0967741935483,0.0,0.0,1210.0645161290322,5.354838709677419,1147.4516129032259,50654.0,0.0,True,True,False,5,West Coast,0.7219934060868433,49946.0,22.838709677419423,708.0,33.41935483870975,-10.580645161290395,-6.750155989720952e-14
2010-09-01,52.36666666666667,3219.0,2372.3,0.0,0.0,1196.5666666666666,0.8333333333333334,1226.7333333333333,53780.0,0.0,True,True,False,5,West Coast,0.736968002485244,50654.0,104.19999999999978,3126.0,51.0,53.2,2.2737367544323206e-13
2010-10-01,-52.03225806451613,3153.0,2333.0,0.0,0.0,1235.1612903225807,5.806451612903226,1216.225806451613,56017.0,0.0,True,True,False,5,West Coast,0.739930225182366,53780.0,72.16129032258075,2237.0,118.38709677419365,-46.22580645161301,-1.1368683772161603e-13
2010-11-01,11.2,3153.0,2369.5,0.0,0.0,1116.0333333333333,2.9,1210.8,55160.0,0.0,True,True,False,5,West Coast,0.7515065017443704,56017.0,-28.566666666666745,-857.0,-42.66666666666697,14.100000000000303,7.815970093361102e-14
2010-12-01,-40.38709677419355,3219.0,2380.0,0.0,0.0,998.9677419354839,0.8709677419354839,1207.3548387096773,48551.0,0.0,True,True,False,5,West Coast,0.7393600497048773,55160.0,-213.19354838709683,-6609.0,-173.677419354839,-39.516129032257766,5.684341886080802e-14
2011-01-01,102.7741935483871,3128.0,2165.9032258064517,0.0,0.0,967.5483870967741,4.354838709677419,1052.6774193548388,47356.0,0.0,True,True,False,5,West Coast,0.6924243049253362,48551.0,-38.54838709677426,-1195.0,-145.67741935483878,107.12903225806458,7.105427357601002e-14
2011-02-01,-4.714285714285714,3128.0,2222.4285714285716,0.0,0.0,1122.107142857143,0.0,1204.857142857143,50151.0,0.0,True,True,True,5,West Coast,0.7104950675922543,47356.0,99.82142857142851,2795.0,104.53571428571422,-4.714285714285651,5.684341886080802e-14
2011-03-01,26.870967741935484,3128.0,2393.0967741935483,0.0,0.0,1194.741935483871,0.8709677419354839,1205.6451612903227,51237.0,0.0,True,True,False,5,West Coast,0.7650565134889861,50151.0,35.03225806451632,1086.0,7.290322580645352,27.741935483870776,-1.9184653865522705e-13
2011-04-01,19.6,3128.0,2308.733333333333,0.0,0.03333333333333333,1113.2,5.066666666666666,1204.2,52236.0,0.0,True,False,False,5,West Coast,0.7380861040068201,51237.0,33.3000000000003,999.0,8.633333333333637,24.66666666666636,-3.055333763768431e-13
2011-05-01,-24.096774193548388,3128.0,2231.7096774193546,0.0,0.0,1182.032258064516,1.7096774193548387,1181.516129032258,55629.0,0.0,True,False,False,5,West Coast,0.713462173088029,52236.0,109.45161290322596,3393.0,131.8387096774195,-22.387096774193694,-1.5631940186722204e-13
2011-06-01,11.0,3128.0,2459.3,0.0,0.03333333333333333,1284.2333333333333,6.4,1152.2,55464.0,0.0,True,False,False,5,West Coast,0.7862212276214834,55629.0,-5.500000000000121,-165.0,-22.900000000000123,17.400000000000123,1.2079226507921703e-13
2011-07-01,15.03225806451613,3128.0,2590.935483870968,0.0,0.0967741935483871,1352.8064516129032,2.7419354838709675,1045.967741935484,50054.0,0.0,True,False,False,5,West Coast,0.8283041828231994,55464.0,-174.483870967742,-5410.0,-192.25806451612888,17.741935483870805,-0.03225806451607127
2011-08-01,101.03225806451613,3128.0,2521.451612903226,0.0,0.0,1262.0645161290322,5.064516129032258,1116.0645161290322,48900.0,0.0,True,False,False,5,West Coast,0.806090669086709,50054.0,-37.22580645161307,-1154.0,-143.32258064516145,106.09677419354855,1.6342482922482304e-13
2011-09-01,-16.233333333333334,3128.0,2505.4666666666667,0.0,0.03333333333333333,1324.4,4.366666666666666,1174.1666666666667,48335.0,0.0,True,False,False,5,West Coast,0.8009803921568628,48900.0,-18.799999999999866,-565.0,-6.933333333333424,-11.899999999999908,-0.03333333333346644
2011-10-01,-59.38709677419355,3128.0,2188.1612903225805,0.0,0.03225806451612903,1161.1935483870968,1.6129032258064515,1156.3225806451612,50553.0,0.0,True,False,False,5,West Coast,0.6995400544509528,48335.0,71.54838709677433,2218.0,129.32258064516142,-57.77419354838723,-1.4210854715202004e-13
2011-11-01,77.16666666666667,3128.0,2219.0333333333333,0.0,0.0,1092.2666666666667,3.533333333333333,1182.3666666666666,54642.0,0.0,True,False,False,5,West Coast,0.7094096334185848,50553.0,136.2999999999999,4089.0,55.59999999999991,80.7000000000001,1.1368683772161603e-13
2011-12-01,-40.516129032258064,3128.0,2340.0,0.0,0.0,1184.3225806451612,9.129032258064516,1181.9032258064517,54482.0,0.0,True,False,False,5,West Coast,0.7480818414322251,54642.0,-5.161290322580626,-160.0,26.225806451612698,-31.387096774193342,-1.865174681370263e-14
2012-01-01,129.58064516129033,3121.0,2311.8064516129034,0.0,0.0,1013.8387096774194,2.5161290322580645,1183.3225806451612,55023.0,0.0,True,True,False,5,West Coast,0.740726194044506,54482.0,17.45161290322561,541.0,-114.6451612903229,132.0967741935487,1.9895196601282805e-13
2012-02-01,89.03448275862068,3121.0,2281.137931034483,0.0,0.0,1109.3793103448277,7.103448275862069,1172.7931034482758,57842.0,0.0,True,True,False,5,West Coast,0.7308996895336376,55023.0,97.17241379310344,2819.0,1.0344827586204701,96.17241379310367,0.034482758620697496
2012-03-01,12.935483870967742,3028.0,2130.967741935484,0.0,0.0,973.0967741935484,3.3548387096774195,1128.1612903225807,57426.0,0.0,True,False,False,5,West Coast,0.7037542080368177,57842.0,-13.4193548387096,-416.0,-29.709677419354648,16.29032258064497,-7.815970093361102e-14
2012-04-01,-119.4,3028.0,2138.9,0.0,0.0,1108.6666666666667,6.366666666666666,1133.2666666666667,57126.0,0.0,True,True,False,5,West Coast,0.7063738441215324,57426.0,-10.000000000000043,-300.0,103.0333333333333,-113.0333333333333,4.263256414560601e-14
2012-05-01,30.419354838709676,3028.0,2356.5806451612902,0.0,0.0,1167.5483870967741,8.161290322580646,1137.3548387096773,56720.0,0.0,True,True,False,5,West Coast,0.7782630928537947,57126.0,-13.096774193548452,-406.0,-51.67741935483855,38.580645161290164,6.394884621840902e-14
2012-06-01,33.2,3028.0,2575.3333333333335,0.0,0.0,1445.5333333333333,6.8,1087.0666666666666,56638.0,0.0,True,True,False,5,West Coast,0.850506384852488,56720.0,-2.733333333333576,-82.0,-42.733333333333576,40.00000000000024,2.424727085781342e-13
2012-07-01,-64.7741935483871,3028.0,2562.1935483870966,0.0,0.0,1516.1612903225807,11.35483870967742,1011.0645161290323,53897.0,0.0,True,True,False,5,West Coast,0.8461669578557122,56638.0,-88.38709677419335,-2741.0,-34.967741935483446,-53.451612903226234,-0.03225806451632707
2012-08-01,136.25806451612902,3028.0,2488.6774193548385,0.0,0.0,1235.9032258064517,34.29032258064516,997.1290322580645,51259.0,0.0,True,True,False,5,West Coast,0.8218881834064856,53897.0,-85.09677419354827,-2638.0,-255.64516129032245,170.54838709677406,-1.1368683772161603e-13
2012-09-01,75.26666666666667,3032.0,2392.8333333333335,0.0,0.0,1198.8,44.36666666666667,1093.5666666666666,51835.0,0.0,True,True,False,5,West Coast,0.7891930518909411,51259.0,19.16666666666641,576.0,-100.4666666666667,119.6666666666667,0.03333333333359079
2012-10-01,-43.67741935483871,3032.0,2282.4193548387098,0.0,0.0,1220.8387096774193,43.29032258064516,1142.8709677419354,54344.0,0.0,True,True,False,5,West Coast,0.7527768320708146,51835.0,80.90322580645133,2509.0,81.2903225806449,-0.3548387096771535,0.03225806451641233
2012-11-01,5.566666666666666,3032.0,2227.9666666666667,0.0,0.0,1017.9666666666667,44.46666666666667,1148.7,54006.0,0.0,True,True,False,5,West Coast,0.7348175021987687,54344.0,-11.26666666666662,-338.0,-61.29999999999973,50.03333333333306,-4.796163466380676e-14
2012-12-01,160.3548387096774,3032.0,2219.032258064516,0.0,0.0,915.7741935483871,66.29032258064517,1136.258064516129,55856.0,0.0,True,True,False,5,West Coast,0.7318707975146821,54006.0,59.64516129032258,1850.0,-167.0,226.67741935483872,0.03225806451613522
2013-01-01,2.129032258064516,3029.0,2165.1290322580644,0.0,9.0,994.7096774193549,40.096774193548384,1133.774193548387,55750.0,0.0,True,False,False,5,West Coast,0.7147999446213484,55856.0,-3.4193548387095483,-106.0,-45.64516129032245,42.22580645161277,-1.2922996006636822e-13
2013-02-01,17.392857142857142,3029.0,2269.1428571428573,0.0,0.25,1003.3928571428571,87.21428571428571,1130.0714285714287,54874.0,0.0,True,False,False,5,West Coast,0.749139272744423,55750.0,-31.321428571428708,-876.0,-135.92857142857156,104.64285714285728,0.035714285714423255
2013-03-01,51.354838709677416,3029.0,2209.5806451612902,0.0,0.7419354838709677,987.9354838709677,79.29032258064517,1129.225806451613,56036.0,0.0,True,False,False,5,West Coast,0.7294752872767548,54874.0,37.483870967741986,1162.0,-93.16129032258071,130.64516129032265,-4.973799150320701e-14
2013-04-01,-25.333333333333332,3029.0,2210.9666666666667,0.0,0.0,1023.5,98.4,1123.6,56312.0,0.0,True,True,False,5,West Coast,0.7299328711345879,56036.0,9.199999999999886,276.0,-63.86666666666679,73.06666666666679,1.1368683772161603e-13
2013-05-01,-36.54838709677419,3029.0,2319.451612903226,0.0,0.0,1051.2903225806451,82.70967741935483,1112.3548387096773,52912.0,0.0,True,False,False,5,West Coast,0.7657483040287969,56312.0,-109.64516129032276,-3400.0,-155.8064516129034,46.1290322580647,-0.032258064515943374
2013-06-01,164.96666666666667,3029.0,2456.1666666666665,0.0,0.0,1092.9666666666667,78.6,1081.5333333333333,51769.0,0.0,True,True,False,5,West Coast,0.8108836799823924,52912.0,-38.09999999999985,-1143.0,-281.6666666666665,243.56666666666652,-1.4921397450962104e-13
2013-07-01,10.806451612903226,3029.0,2368.5806451612902,0.0,0.06451612903225806,1177.9032258064517,76.45161290322581,1093.9032258064517,51472.0,0.0,True,False,False,5,West Coast,0.7819678590826313,51769.0,-9.58064516129007,-297.0,-96.8387096774191,87.25806451612878,-2.5224267119483557e-13
2013-08-01,69.41935483870968,3029.0,2435.548387096774,0.0,0.03225806451612903,1251.1612903225807,105.29032258064517,1026.7096774193549,51999.0,0.0,True,False,False,5,West Coast,0.8040767207318502,51472.0,17.00000000000017,527.0,-157.70967741935468,174.70967741935468,-1.7053025658242404e-13
2013-09-01,52.9,3029.0,2443.1666666666665,0.0,0.0,1216.0666666666666,64.56666666666666,1111.0666666666666,52042.0,0.0,True,True,False,5,West Coast,0.8065918344888301,51999.0,1.4333333333333584,43.0,-116.0333333333333,117.46666666666664,-2.5091040356528538e-14
2013-10-01,-53.67741935483871,3029.0,2407.7096774193546,0.0,0.06451612903225806,1246.3225806451612,91.35483870967742,1116.3870967741937,51813.0,0.0,True,False,False,5,West Coast,0.7948859945260333,52042.0,-7.387096774193317,-229.0,-45.0645161290318,37.67741935483825,-2.3092638912203256e-13
2013-11-01,41.4,3029.0,2341.4666666666667,0.0,0.06666666666666667,971.2333333333333,137.13333333333333,1139.6333333333334,50248.0,0.0,True,False,False,5,West Coast,0.7730163970507318,51813.0,-52.13333333333325,-1565.0,-230.66666666666657,178.49999999999991,-0.033333333333416704
2013-12-01,1.3870967741935485,3029.0,2433.1935483870966,0.0,0.25806451612903225,1099.1935483870968,119.45161290322581,1145.483870967742,48142.0,0.0,True,False,False,5,West Coast,0.8032992896622967,50248.0,-67.93548387096749,-2106.0,-188.77419354838662,120.83870967741888,-2.5579538487363607e-13
2014-01-01,86.35483870967742,3034.0,2327.483870967742,0.0,0.1935483870967742,1068.3870967741937,92.74193548387096,1147.3548387096773,50224.0,0.0,True,False,False,5,West Coast,0.7671337742148128,48142.0,67.16129032258064,2082.0,-111.93548387096752,179.09677419354816,0.0
2014-02-01,136.46428571428572,3034.0,2328.1428571428573,0.0,0.03571428571428571,1000.6785714285714,107.53571428571429,1119.2857142857142,51226.0,0.0,True,False,False,5,West Coast,0.7673509746680479,50224.0,35.785714285714064,1002.0,-208.21428571428584,244.0000000000001,2.2026824808563106e-13
2014-03-01,61.74193548387097,3034.0,2409.7096774193546,0.0,0.12903225806451613,1171.4516129032259,107.0,1124.2903225806451,52920.0,0.0,True,False,False,5,West Coast,0.7942352265719692,51226.0,54.64516129032278,1694.0,-114.09677419354796,168.74193548387055,-1.9895196601282805e-13
2014-04-01,6.733333333333333,3034.0,2405.233333333333,0.0,0.16666666666666666,1138.3666666666666,198.86666666666667,1144.8666666666666,55423.0,0.0,True,False,False,5,West Coast,0.7927598330037354,52920.0,83.43333333333334,2503.0,-122.16666666666667,205.60000000000002,0.0
2014-05-01,42.806451612903224,3034.0,2364.2258064516127,0.0,0.25806451612903225,1082.774193548387,178.90322580645162,1139.3548387096773,57882.0,0.0,True,False,False,5,West Coast,0.7792438386458842,55423.0,79.35483870967752,2459.0,-142.35483870967732,221.6774193548386,-0.03225806451622759
2014-06-01,-98.86666666666666,2907.0,2328.3,0.0,0.26666666666666666,1082.2333333333333,182.2,1096.0666666666666,55874.0,0.0,True,False,False,5,West Coast,0.8009287925696595,57882.0,-66.93333333333358,-2008.0,-150.26666666666668,83.33333333333334,2.4158453015843406e-13
2014-07-01,28.032258064516128,2907.0,2515.548387096774,0.0,0.16129032258064516,1201.4516129032259,184.58064516129033,1037.4516129032259,53884.0,0.0,True,False,False,5,West Coast,0.8653417224275108,55874.0,-64.19354838709666,-1990.0,-276.8064516129031,212.61290322580635,-1.1368683772161603e-13
2014-08-01,56.354838709677416,2907.0,2476.3548387096776,0.0,0.1935483870967742,1114.4193548387098,163.7741935483871,1019.6451612903226,50091.0,0.0,True,False,False,5,West Coast,0.8518592496421319,53884.0,-122.35483870967761,-3793.0,-342.4838709677421,220.12903225806468,1.8474111129762605e-13
2014-09-01,56.56666666666667,2907.0,2363.633333333333,0.0,29.533333333333335,1171.3333333333333,193.26666666666668,1097.9333333333334,53870.0,0.0,True,False,False,5,West Coast,0.8130833619997706,50091.0,125.93333333333345,3779.0,-123.90000000000012,249.8666666666668,0.03333333333321775
2014-10-01,-67.6774193548387,2907.0,2375.6774193548385,0.0,0.45161290322580644,1136.4516129032259,194.09677419354838,1119.9032258064517,54076.0,0.0,True,False,False,5,West Coast,0.8172264944461088,53870.0,6.645161290322875,206.0,-119.7741935483868,126.41935483870938,-2.9398705692074145e-13
2014-11-01,66.46666666666667,2907.0,2425.6,0.0,0.7,1019.0333333333333,139.16666666666666,1134.4666666666667,52061.0,0.0,True,False,False,5,West Coast,0.8343997248022016,54076.0,-67.16666666666657,-2015.0,-272.7999999999999,205.6333333333332,-9.947598300641403e-14
2014-12-01,53.83870967741935,2907.0,2496.7419354838707,0.0,0.06451612903225806,1012.9354838709677,200.48387096774192,1129.3548387096773,48955.0,0.0,True,False,False,5,West Coast,0.8588723548276129,52061.0,-100.19354838709671,-3106.0,-354.5161290322581,254.32258064516134,-5.684341886080802e-14
2015-01-01,11.580645161290322,2933.0,2350.2903225806454,0.0,0.03225806451612903,1083.0,194.7741935483871,1117.741935483871,50715.0,0.0,True,False,False,5,West Coast,0.8013263970612496,48955.0,56.77419354838692,1760.0,-149.58064516129028,206.35483870967738,1.7763568394002505e-13
2015-02-01,98.39285714285714,2933.0,2268.714285714286,0.0,0.0,1031.0,139.46428571428572,1105.142857142857,53664.0,0.0,True,True,False,5,West Coast,0.773513223905314,50715.0,105.28571428571419,2949.0,-132.5714285714289,237.89285714285745,0.03571428571437707
2015-03-01,45.45161290322581,2933.0,2311.9032258064517,0.0,9.96774193548387,1147.774193548387,126.96774193548387,1112.6129032258063,57103.0,0.0,True,False,False,5,West Coast,0.7882383995248727,53664.0,110.93548387096753,3439.0,-61.48387096774238,172.41935483871012,2.1316282072803006e-13
2015-04-01,128.7,2933.0,2255.5666666666666,0.0,79.36666666666666,1004.0666666666667,66.0,1113.7333333333333,56431.0,0.0,True,False,False,5,West Coast,0.76903057165587,57103.0,-22.433333333333223,-672.0,-217.1333333333331,194.7333333333331,0.03333333333322486
2015-05-01,68.6774193548387,2933.0,2278.7419354838707,0.0,6.67741935483871,1048.5483870967741,119.54838709677419,1078.7096774193549,57363.0,0.0,True,False,False,5,West Coast,0.7769321293842042,56431.0,30.064516129032455,932.0,-158.16129032258067,188.22580645161293,-1.9539925233402755e-13
2015-06-01,-32.03333333333333,2933.0,2399.6666666666665,0.0,0.2,1171.9333333333334,162.73333333333332,1020.7,55067.0,0.0,True,False,False,5,West Coast,0.8181611546766677,57363.0,-76.53333333333308,-2296.0,-207.2333333333333,130.69999999999996,-2.5579538487363607e-13
2015-07-01,20.29032258064516,2933.0,2526.483870967742,0.0,0.0967741935483871,1215.225806451613,164.96774193548387,1014.4516129032259,51606.0,0.0,True,False,False,5,West Coast,0.861399205921494,55067.0,-111.64516129032256,-3461.0,-296.90322580645136,185.2580645161288,-1.4210854715202004e-14
2015-08-01,120.87096774193549,2933.0,2562.8709677419356,0.0,0.06451612903225806,1254.0967741935483,170.67741935483872,974.0322580645161,50265.0,0.0,True,False,False,5,West Coast,0.8738053077879084,51606.0,-43.25806451612925,-1341.0,-334.80645161290346,291.54838709677443,2.2026824808563106e-13
2015-09-01,71.46666666666667,2933.0,2524.133333333333,0.0,0.0,1210.7,194.16666666666666,1037.7333333333333,49963.0,0.0,True,True,False,5,West Coast,0.8605977952040004,50265.0,-10.066666666666492,-302.0,-275.6999999999998,265.63333333333316,-1.7408297026122455e-13
2015-10-01,130.25806451612902,2933.0,2401.2580645161293,0.0,0.0,1208.8387096774193,152.09677419354838,1059.516129032258,54597.0,0.0,True,False,False,5,West Coast,0.8187037383280359,49963.0,149.45161290322548,4634.0,-132.90322580645216,282.3870967741941,0.032258064516440754
2015-11-01,59.36666666666667,2933.0,2433.1,0.0,0.0,1139.3,197.46666666666667,1087.0666666666666,56100.0,0.0,True,False,False,5,West Coast,0.8295601772928741,54597.0,50.09999999999999,1503.0,-206.73333333333312,256.83333333333314,1.4210854715202004e-14
2015-12-01,22.225806451612904,2933.0,2361.7741935483873,0.0,0.0,1039.8387096774193,156.32258064516128,1080.2903225806451,54144.0,0.0,True,False,False,5,West Coast,0.8052417980049054,56100.0,-63.09677419354872,-1956.0,-241.6451612903229,178.54838709677452,3.339550858072471e-13
2016-01-01,-12.129032258064516,2924.0,2370.2258064516127,0.0,0.0,1244.1935483870968,128.38709677419354,1072.3548387096773,56084.0,0.0,True,True,False,5,West Coast,0.8106107409205242,54144.0,62.58064516129048,1940.0,-53.67741935483855,116.25806451612887,-1.5631940186722204e-13
2016-02-01,-7.172413793103448,2924.0,2279.1724137931033,0.0,0.0,1112.6206896551723,129.06896551724137,1055.4827586206898,56398.0,0.0,True,True,False,5,West Coast,0.7794707297514033,56084.0,10.82758620689675,314.0,-111.06896551724094,121.8965517241375,-1.9895196601282805e-13
2016-03-01,46.58064516129032,2924.0,2386.935483870968,0.0,0.0,1061.9032258064517,163.09677419354838,1056.516129032258,54575.0,0.0,True,True,False,5,West Coast,0.816325404880632,56398.0,-58.838709677419345,-1823.0,-268.51612903225805,209.70967741935482,0.03225806451612101
2016-04-01,40.5,2924.0,2446.6666666666665,0.0,0.0,1154.2666666666667,135.53333333333333,1023.4333333333333,51786.0,0.0,True,False,False,5,West Coast,0.8367533059735521,54575.0,-92.93333333333314,-2789.0,-268.9666666666667,176.00000000000003,-0.03333333333353039
2016-05-01,16.258064516129032,2924.0,2305.967741935484,0.0,29.451612903225808,1414.5483870967741,122.3225806451613,1031.258064516129,59504.0,0.0,True,False,False,5,West Coast,0.7886346586646662,51786.0,248.9677419354838,7718.0,110.3870967741937,138.5806451612902,8.526512829121202e-14
2016-06-01,46.86666666666667,2924.0,2398.9666666666667,0.0,27.7,1257.7333333333333,116.63333333333334,971.4666666666667,58485.0,0.0,True,False,False,5,West Coast,0.8204400364797082,59504.0,-33.96666666666663,-1019.0,-197.46666666666687,163.5000000000002,-3.552713678800501e-14
2016-07-01,76.25806451612904,2924.0,2486.3548387096776,0.0,32.12903225806452,1249.8709677419354,106.54838709677419,960.516129032258,54600.0,0.0,True,False,False,5,West Coast,0.8503265522262919,58485.0,-125.2903225806454,-3885.0,-308.09677419354887,182.7741935483876,-0.03225806451590074
2016-08-01,102.96774193548387,2924.0,2533.064516129032,0.0,32.096774193548384,1201.6774193548388,133.16129032258064,984.5483870967741,50172.0,0.0,True,False,False,5,West Coast,0.8663011341070561,54600.0,-142.80645161290317,-4428.0,-378.9354838709679,236.09677419354855,-0.03225806451618496
2016-09-01,30.966666666666665,2924.0,2466.5666666666666,0.0,0.0,1337.1666666666667,116.73333333333333,975.4333333333333,49983.0,0.0,True,True,False,5,West Coast,0.8435590515275878,50172.0,-6.26666666666647,-189.0,-153.9666666666667,147.66666666666669,-0.0333333333335295
2016-10-01,90.54838709677419,2924.0,2086.0,0.0,0.0,869.5483870967741,137.1290322580645,1014.4516129032259,50779.0,0.0,True,True,False,5,West Coast,0.713406292749658,49983.0,25.677419354838705,796.0,-202.0,227.67741935483872,3.552713678800501e-15
2016-11-01,10.4,2924.0,2167.3,0.0,0.0,979.7,191.73333333333332,1030.2,52121.0,0.0,True,True,False,5,West Coast,0.7412106703146375,50779.0,44.73333333333323,1342.0,-157.4000000000001,202.13333333333344,1.0658141036401503e-13
2016-12-01,30.0,2924.0,2257.8064516129034,0.0,0.0,1057.8387096774193,138.51612903225808,1018.0322580645161,51705.0,0.0,True,True,False,5,West Coast,0.7721636291425799,52121.0,-13.41935483870995,-416.0,-181.9354838709678,168.51612903225814,2.717825964282383e-13
2017-01-01,51.096774193548384,2933.0,2346.032258064516,0.0,0.0,1065.967741935484,148.29032258064515,1019.4516129032259,49807.0,0.0,True,True,False,5,West Coast,0.799874619183265,51705.0,-61.22580645161281,-1898.0,-260.61290322580635,199.38709677419345,-9.237055564881302e-14
2017-02-01,11.071428571428571,2933.0,2194.464285714286,0.0,0.0,1141.0714285714287,164.53571428571428,1027.392857142857,53997.0,0.0,True,True,False,5,West Coast,0.7481978471579562,49807.0,149.60714285714286,4190.0,-26.0,175.64285714285714,0.035714285714277594
2017-03-01,-43.25806451612903,2933.0,2351.0967741935483,0.0,0.0,1265.3870967741937,144.48387096774192,1023.0,55191.0,0.0,True,True,False,5,West Coast,0.8016013549926861,53997.0,38.51612903225824,1194.0,-62.70967741935465,101.22580645161271,-1.7763568394002505e-13
2017-04-01,50.86666666666667,2933.0,2518.9,0.0,0.0,1228.1666666666667,135.7,1022.7333333333333,52748.0,0.0,True,False,False,5,West Coast,0.8588135015342653,55191.0,-81.43333333333334,-2443.0,-268.0,186.56666666666666,0.0
2017-05-01,71.58064516129032,2933.0,2378.516129032258,0.0,71.19354838709677,1336.3225806451612,160.48387096774192,1002.741935483871,56513.0,0.0,True,False,False,5,West Coast,0.8109499246615268,52748.0,121.41935483870962,3765.0,-110.64516129032262,232.0967741935484,0.03225806451618496
2017-06-01,-28.833333333333332,2933.0,2373.233333333333,0.0,8.333333333333334,1265.7,116.5,953.0333333333333,54257.0,0.0,True,False,False,5,West Coast,0.8091487669053301,56513.0,-75.16666666666644,-2256.0,-162.8333333333329,87.63333333333289,-0.03333333333355881
2017-07-01,114.64516129032258,2933.0,2503.483870967742,0.0,0.0,1244.3548387096773,112.93548387096774,921.8709677419355,50858.0,0.0,True,True,False,5,West Coast,0.8535574057169253,54257.0,-109.6774193548387,-3399.0,-337.25806451612925,227.6129032258067,0.032258064516128115
2017-08-01,29.129032258064516,2933.0,2592.6451612903224,0.0,8.064516129032258,1418.483870967742,126.64516129032258,949.6774193548387,48478.0,0.0,True,False,False,5,West Coast,0.8839567546165437,50858.0,-76.77419354838712,-2380.0,-232.5483870967742,155.7741935483871,1.4210854715202004e-14
2017-09-01,43.166666666666664,2848.0,2547.9666666666667,0.0,0.0,1384.4333333333334,148.26666666666668,967.4333333333333,48337.0,0.0,True,True,False,5,West Coast,0.8946512172284644,48478.0,-4.666666666666565,-141.0,-196.0999999999999,191.39999999999992,-0.033333333333435355
2017-10-01,23.870967741935484,2848.0,2274.3870967741937,0.0,0.0,1254.3870967741937,138.70967741935485,991.6129032258065,52498.0,0.0,True,True,False,5,West Coast,0.7985909749909388,48337.0,134.19354838709668,4161.0,-28.38709677419365,162.61290322580655,0.03225806451621338
2017-11-01,138.33333333333334,2848.0,2414.8,0.0,0.0,1216.4666666666667,112.36666666666666,994.2333333333333,53896.0,0.0,True,True,False,5,West Coast,0.8478932584269664,52498.0,46.599999999999866,1398.0,-204.10000000000036,250.70000000000036,1.3500311979441904e-13
2017-12-01,-49.193548387096776,2848.0,2523.1935483870966,0.0,0.0,1376.258064516129,123.64516129032258,982.5483870967741,51108.0,0.0,True,True,False,5,West Coast,0.8859527908662558,53896.0,-89.93548387096763,-2788.0,-164.3870967741932,74.45161290322545,-1.1368683772161603e-13
2018-01-01,-6.903225806451613,2838.0,2393.1935483870966,0.0,7.903225806451613,1233.9032258064517,161.2258064516129,975.9677419354839,49964.0,0.0,True,False,False,5,West Coast,0.8432676350905908,51108.0,-36.90322580645133,-1144.0,-191.2258064516126,154.322580645161,-2.8421709430404007e-13
2018-02-01,-7.75,2838.0,2381.5714285714284,0.0,9.785714285714286,1269.4642857142858,101.32142857142857,994.0714285714286,49005.0,0.0,True,False,False,5,West Coast,0.8391724554515252,49964.0,-34.24999999999994,-959.0,-127.82142857142851,93.57142857142851,-5.684341886080802e-14
2018-03-01,159.93548387096774,2838.0,2554.0,0.0,8.516129032258064,1277.483870967742,189.70967741935485,955.3225806451613,49623.0,0.0,True,False,False,5,West Coast,0.8999295278365046,49005.0,19.935483870967943,618.0,-329.70967741935465,349.6451612903224,-2.0250467969162855e-13
2018-04-01,9.233333333333333,2838.0,2311.3,0.0,9.3,1279.2333333333333,115.06666666666666,964.6666666666666,51051.0,0.0,True,False,False,5,West Coast,0.8144115574348133,49623.0,47.59999999999968,1428.0,-76.70000000000009,124.3000000000001,3.197442310920451e-13
2018-05-01,60.193548387096776,2838.0,2318.8709677419356,0.0,28.870967741935484,1340.7096774193549,131.03225806451613,935.6129032258065,54765.0,0.0,True,False,False,5,West Coast,0.8170792698174544,51051.0,119.80645161290303,3714.0,-71.41935483870964,191.22580645161287,1.9895196601282805e-13
2018-06-01,46.333333333333336,2838.0,2636.866666666667,0.0,36.7,1428.7333333333333,148.13333333333333,929.5333333333333,51140.0,0.0,True,False,False,5,West Coast,0.9291284942447734,54765.0,-120.83333333333346,-3625.0,-315.30000000000035,194.46666666666704,1.2789769243681803e-13
2018-07-01,228.41935483870967,2838.0,2595.967741935484,0.0,0.06451612903225806,1309.6774193548388,140.61290322580646,849.2258064516129,49029.0,0.0,True,False,False,5,West Coast,0.9147173156925595,51140.0,-68.09677419354833,-2111.0,-437.12903225806446,369.0322580645161,-5.684341886080802e-14
2018-08-01,-69.90322580645162,2838.0,2600.8709677419356,0.0,0.0,1619.225806451613,144.61290322580646,897.2258064516129,48728.0,0.0,True,True,False,5,West Coast,0.9164450203459956,49029.0,-9.709677419354904,-301.0,-84.41935483870975,74.70967741935492,6.572520305780927e-14
2018-09-01,207.16666666666666,2838.0,2558.1,0.0,0.0,1257.3333333333333,177.46666666666667,928.0666666666667,49086.0,0.0,True,True,False,5,West Coast,0.9013742071881606,48728.0,11.93333333333328,358.0,-372.6999999999998,384.63333333333316,5.3290705182007514e-14
2018-10-01,70.19354838709677,2838.0,2384.8709677419356,0.0,0.0,1241.5806451612902,162.93548387096774,914.1612903225806,49209.0,0.0,True,False,False,5,West Coast,0.8403350837709428,49086.0,3.999999999999659,123.0,-229.12903225806485,233.09677419354873,-0.03225806451578794
2018-11-01,108.96666666666667,2838.0,2504.366666666667,0.0,38.733333333333334,1208.9,182.3,949.2666666666667,46399.0,0.0,True,False,False,5,West Coast,0.8824406859290581,49209.0,-93.66666666666671,-2810.0,-384.93333333333317,291.2666666666665,4.263256414560601e-14
2018-12-01,113.29032258064517,2838.0,2442.7741935483873,0.0,0.0,1203.8064516129032,173.67741935483872,911.7741935483871,45152.0,0.0,True,True,False,5,West Coast,0.860737911750665,46399.0,-40.22580645161317,-1247.0,-327.19354838709705,286.9677419354841,2.6290081223123707e-13
2019-01-01,98.45161290322581,2875.0,2399.9032258064517,0.0,0.0,1329.9032258064517,160.93548387096774,946.3225806451613,49359.0,0.0,True,True,False,5,West Coast,0.834748948106592,45152.0,135.709677419355,4207.0,-123.67741935483855,259.3870967741934,-1.4210854715202004e-13
2019-02-01,75.39285714285714,2875.0,2347.5714285714284,0.0,0.0,1302.0,110.60714285714286,941.1785714285714,51643.0,0.0,True,True,False,5,West Coast,0.8165465838509316,49359.0,81.60714285714312,2284.0,-104.39285714285688,185.96428571428544,-0.0357142857145476
2019-03-01,58.193548387096776,2875.0,2359.1290322580644,0.0,0.03225806451612903,1157.1290322580646,175.16129032258064,908.1612903225806,49767.0,0.0,True,False,False,5,West Coast,0.8205666199158484,51643.0,-60.516129032258014,-1876.0,-293.8709677419352,233.35483870967715,-4.973799150320701e-14
2019-04-01,61.13333333333333,2875.0,2208.1666666666665,0.0,25.133333333333333,1138.1666666666667,219.3,925.2,53082.0,0.0,True,False,False,5,West Coast,0.7680579710144927,49767.0,110.50000000000028,3315.0,-169.93333333333305,280.43333333333305,-2.8421709430404007e-13
2019-05-01,106.96774193548387,2875.0,2382.1935483870966,0.0,33.87096774193548,1149.0645161290322,202.6451612903226,922.6774193548387,52006.0,0.0,True,False,False,5,West Coast,0.8285890603085554,53082.0,-34.709677419354875,-1076.0,-344.32258064516134,309.6129032258065,3.552713678800501e-14
2019-06-01,35.233333333333334,2875.0,2481.266666666667,0.0,36.53333333333333,1346.6,186.6,906.2333333333333,50711.0,0.0,True,False,False,5,West Coast,0.8630492753623189,52006.0,-43.133333333333596,-1295.0,-264.96666666666715,221.8000000000005,-0.03333333333306854
2019-07-01,158.70967741935485,2875.0,2511.2258064516127,0.0,30.64516129032258,1211.5483870967741,222.25806451612902,895.1612903225806,49031.0,0.0,True,False,False,5,West Coast,0.8734698457223,50711.0,-54.19354838709674,-1680.0,-435.1612903225806,380.96774193548384,-3.552713678800501e-14
2019-08-01,28.806451612903224,2875.0,2549.9032258064517,0.0,0.0,1415.032258064516,165.74193548387098,821.3548387096774,45344.0,0.0,True,True,False,5,West Coast,0.8869228611500701,49031.0,-118.96774193548384,-3687.0,-313.51612903225805,194.5806451612903,0.032258064516099694
2019-09-01,116.76666666666667,2875.0,2356.3,0.0,84.2,1298.1666666666667,163.53333333333333,891.8666666666667,46239.0,0.0,True,False,False,5,West Coast,0.8195826086956522,45344.0,29.833333333333357,895.0,-250.46666666666687,280.3000000000002,-2.4868995751603507e-14
2019-10-01,82.64516129032258,2875.0,2413.7096774193546,0.0,2.7096774193548385,1381.4193548387098,192.6451612903226,913.516129032258,51006.0,0.0,True,False,False,5,West Coast,0.8395511921458625,46239.0,153.8064516129035,4767.0,-121.48387096774168,275.2580645161288,-0.03225806451638391
2019-11-01,141.26666666666668,2875.0,2413.4666666666667,0.0,9.466666666666667,1235.4666666666667,174.53333333333333,918.5666666666667,52413.0,0.0,True,False,False,5,West Coast,0.8394666666666667,51006.0,46.89999999999998,1407.0,-268.90000000000003,315.8,2.1316282072803006e-14
2019-12-01,101.51612903225806,2875.0,2414.935483870968,0.0,0.0,1268.1612903225807,161.58064516129033,899.3225806451613,52898.0,0.0,True,True,False,5,West Coast,0.8399775596072931,52413.0,15.645161290322775,485.0,-247.45161290322585,263.0967741935484,-1.9539925233402755e-13
2020-01-01,-23.258064516129032,2875.0,2254.9032258064517,0.0,72.96774193548387,1195.3548387096773,231.09677419354838,898.0967741935484,52073.0,0.0,True,False,False,5,West Coast,0.7843141654978962,52898.0,-26.580645161290597,-825.0,-234.41935483870972,207.80645161290326,-0.032258064515854556
2020-02-01,155.20689655172413,2875.0,2408.862068965517,0.0,0.0,1194.8620689655172,153.55172413793105,913.448275862069,52311.0,0.0,True,True,False,5,West Coast,0.8378650674662669,52073.0,8.206896551724014,238.0,-300.55172413793116,308.7586206896553,1.2434497875801753e-13
2020-03-01,102.93548387096774,2875.0,2159.516129032258,0.0,0.0,1123.5483870967741,227.38709677419354,859.2903225806451,57074.0,0.0,True,True,False,5,West Coast,0.7511360448807854,52311.0,153.6451612903225,4763.0,-176.67741935483878,330.32258064516134,8.526512829121202e-14
2020-04-01,-58.4,2875.0,1652.4333333333334,0.0,43.333333333333336,701.7,152.66666666666666,888.0,56720.0,0.0,True,False,False,5,West Coast,0.574759420289855,57074.0,-11.800000000000033,-354.0,-106.06666666666669,94.2666666666667,3.197442310920451e-14
2020-05-01,117.93548387096774,2875.0,1653.741935483871,0.0,115.16129032258064,760.3548387096774,108.3225806451613,803.9354838709677,57391.0,0.0,True,False,False,5,West Coast,0.5752145862552595,56720.0,21.645161290322548,671.0,-204.6129032258065,226.25806451612908,3.197442310920451e-14
2020-06-01,69.86666666666666,2875.0,1751.7333333333333,0.0,43.333333333333336,854.9333333333333,67.9,774.7666666666667,56563.0,0.0,True,False,False,5,West Coast,0.6092985507246377,57391.0,-27.600000000000094,-828.0,-165.36666666666687,137.76666666666688,9.237055564881302e-14
2020-07-01,28.096774193548388,2875.0,1840.0645161290322,0.0,2.7419354838709675,750.3870967741935,135.16129032258064,850.9032258064516,54137.0,0.0,True,False,False,5,West Coast,0.6400224403927068,56563.0,-78.25806451612902,-2426.0,-241.51612903225805,163.25806451612902,-1.4210854715202004e-14
2020-08-01,6.258064516129032,2875.0,1915.8387096774193,0.0,41.935483870967744,939.8064516129032,193.38709677419354,839.8387096774194,54804.0,0.0,True,False,False,5,West Coast,0.6663786816269285,54137.0,21.516129032258,667.0,-178.12903225806457,199.64516129032262,6.394884621840902e-14
2020-09-01,-39.266666666666666,2714.0,1931.6,0.0,78.93333333333334,950.1666666666666,135.13333333333333,851.9666666666667,51428.0,0.0,True,False,False,5,West Coast,0.7117170228445099,54804.0,-112.53333333333326,-3376.0,-208.40000000000003,95.8666666666667,-7.105427357601002e-14
2020-10-01,36.96774193548387,2714.0,1863.225806451613,0.0,68.12903225806451,882.6451612903226,146.06451612903226,854.2258064516129,51073.0,0.0,True,False,False,5,West Coast,0.6865238785746547,51428.0,-11.451612903225822,-355.0,-194.48387096774184,183.03225806451604,1.5987211554602254e-14
2020-11-01,21.8,2714.0,1877.4666666666667,0.0,70.03333333333333,793.7,115.73333333333333,870.1333333333333,46690.0,0.0,True,False,False,5,West Coast,0.691771063620732,51073.0,-146.13333333333327,-4383.0,-283.6666666666665,137.56666666666652,0.033333333333274595
2020-12-01,-45.38709677419355,2714.0,1823.3225806451612,0.0,33.903225806451616,837.8709677419355,146.70967741935485,866.6451612903226,45098.0,0.0,True,False,False,5,West Coast,0.6718211424632134,46690.0,-51.387096774193495,-1592.0,-152.7096774193548,101.35483870967738,0.03225806451607838
2021-01-01,57.774193548387096,2714.0,1838.6774193548388,0.0,34.74193548387097,874.258064516129,163.93548387096774,847.1290322580645,47258.0,0.0,True,False,False,5,West Coast,0.677478783844819,45098.0,69.67741935483863,2160.0,-152.0322580645161,221.70967741935482,7.105427357601002e-14
2021-02-01,-43.82142857142857,2714.0,1865.107142857143,0.0,37.57142857142857,1125.25,123.67857142857143,850.2142857142857,51532.0,0.0,True,False,False,5,West Coast,0.6872170754816297,47258.0,152.64285714285705,4274.0,72.78571428571432,79.85714285714282,8.526512829121202e-14
2021-03-01,33.38709677419355,2714.0,2022.0967741935483,0.0,32.193548387096776,898.2903225806451,175.2258064516129,843.9354838709677,48325.0,0.0,True,False,False,5,West Coast,0.745061449592317,51532.0,-103.4516129032257,-3207.0,-312.06451612903237,208.61290322580658,-1.1368683772161603e-13
2021-04-01,21.2,2714.0,2077.866666666667,0.0,78.2,1129.7666666666667,157.76666666666668,837.9,48041.0,0.0,True,False,False,5,West Coast,0.7656104151314174,48325.0,-9.433333333333355,-284.0,-188.40000000000026,178.9333333333336,-0.0333333333333119
2021-05-01,77.54838709677419,2714.0,2137.9032258064517,0.0,33.806451612903224,1144.2903225806451,126.90322580645162,831.1935483870968,48296.0,0.0,True,False,False,5,West Coast,0.7877314759787958,48041.0,8.225806451612826,255.0,-196.22580645161298,204.45161290322588,7.815970093361102e-14
2021-06-01,1.9,2714.0,2243.4666666666667,0.0,34.86666666666667,1316.1,114.0,831.3333333333334,47846.0,0.0,True,False,False,5,West Coast,0.8266273642839598,48296.0,-14.999999999999977,-450.0,-130.89999999999998,115.89999999999998,-2.3092638912203256e-14
2021-07-01,1.1612903225806452,2714.0,2190.1935483870966,0.0,0.0,1238.8709677419354,92.38709677419355,770.516129032258,45141.0,0.0,True,True,False,5,West Coast,0.8069983597594313,47846.0,-87.25806451612898,-2705.0,-180.80645161290317,93.54838709677414,-5.684341886080802e-14
2021-08-01,72.70967741935483,2714.0,2224.0967741935483,0.0,40.38709677419355,1343.774193548387,90.41935483870968,796.4193548387096,46345.0,0.0,True,False,False,5,West Coast,0.8194903368436066,45141.0,38.83870967741949,1204.0,-124.29032258064525,163.1290322580646,-1.3500311979441904e-13
2021-09-01,46.6,2714.0,2231.8333333333335,0.0,0.0,1314.1666666666667,102.96666666666667,819.7333333333333,47895.0,0.0,True,True,False,5,West Coast,0.8223409481699828,46345.0,51.633333333333276,1550.0,-97.9333333333334,149.60000000000005,0.03333333333338828
2021-10-01,83.38709677419355,2715.0,2127.516129032258,0.0,0.0,1205.741935483871,61.25806451612903,809.7096774193549,48905.0,0.0,True,True,False,5,West Coast,0.7836155171389533,47895.0,32.580645161290384,1010.0,-112.0645161290322,144.6451612903225,-6.394884621840902e-14
2021-11-01,10.0,2715.0,2071.4333333333334,0.0,0.0,1114.3333333333333,105.2,832.5333333333333,48624.0,0.0,True,True,False,5,West Coast,0.7629588704726826,48905.0,-9.36666666666683,-281.0,-124.56666666666683,115.20000000000016,1.6342482922482304e-13
2021-12-01,9.67741935483871,2715.0,2070.7096774193546,0.0,33.16129032258065,1097.8709677419354,106.09677419354838,829.741935483871,46748.0,0.0,True,False,False,5,West Coast,0.7626923305411988,48624.0,-60.483870967741844,-1876.0,-176.25806451612894,115.74193548387088,-0.032258064516220486
2022-01-01,90.87096774193549,2650.0,2053.483870967742,0.0,0.0,1165.483870967742,59.25806451612903,808.258064516129,51196.0,73.12903225806451,False,True,False,5,West Coast,0.7748995739500913,46748.0,143.51612903225805,4448.0,-79.74193548387098,223.2258064516129,-0.032258064516128115
2022-02-01,-20.607142857142858,2650.0,2118.8928571428573,0.0,21.535714285714285,1127.8214285714287,60.892857142857146,823.9285714285714,49640.0,92.85714285714286,False,False,False,5,West Coast,0.7995822102425877,51196.0,-55.53571428571425,-1556.0,-188.67857142857162,133.10714285714306,-0.035714285714320226
2022-03-01,4.612903225806452,2650.0,2284.3870967741937,0.0,30.483870967741936,1185.5483870967741,92.16129032258064,807.9032258064516,46797.0,132.93548387096774,False,False,False,5,West Coast,0.8620328667072429,49640.0,-91.7096774193549,-2843.0,-321.41935483870975,229.70967741935493,7.105427357601002e-14
2022-04-01,-15.8,2650.0,2082.2,0.0,0.0,1182.5,102.7,810.8333333333334,48399.0,55.36666666666667,False,True,False,5,West Coast,0.7857358490566037,46797.0,53.40000000000033,1602.0,-88.86666666666633,142.26666666666634,-3.339550858072471e-13
2022-05-01,234.38709677419354,2650.0,2212.516129032258,0.0,0.0,1022.741935483871,47.096774193548384,784.8709677419355,46490.0,61.87096774193548,False,True,False,5,West Coast,0.8349117468046257,48399.0,-61.54838709677404,-1909.0,-404.9032258064517,343.3225806451614,-0.03225806451627733
2022-06-01,-29.133333333333333,2650.0,2208.5666666666666,0.0,0.0,1288.9333333333334,136.8,757.2666666666667,46323.0,49.13333333333333,False,True,False,5,West Coast,0.8334213836477987,46490.0,-5.566666666666549,-167.0,-162.36666666666656,156.7999999999999,-1.1723955140041653e-13
2022-07-01,78.7741935483871,2650.0,2120.2903225806454,0.0,0.0,1221.3548387096773,66.35483870967742,792.4516129032259,50121.0,83.90322580645162,False,True,False,5,West Coast,0.8001095556908095,46323.0,122.54838709677396,3798.0,-106.48387096774218,229.00000000000023,-0.03225806451590074
2022-08-01,148.2258064516129,2650.0,2222.9032258064517,0.0,0.0,1144.0645161290322,76.2258064516129,750.1290322580645,48567.0,54.096774193548384,False,True,False,5,West Coast,0.8388314059646987,50121.0,-50.161290322580925,-1554.0,-328.7096774193551,278.5806451612906,0.03225806451640523
2022-09-01,-50.96666666666667,2651.0,2154.866666666667,0.0,0.0,1261.8333333333333,93.6,784.2666666666667,48438.0,61.86666666666667,False,True,False,5,West Coast,0.8128504966679241,48567.0,-4.266666666666886,-129.0,-108.76666666666688,104.46666666666688,-0.033333333333113835
2022-10-01,112.09677419354838,2651.0,2131.6451612903224,0.0,0.0,1214.3870967741937,69.80645161290323,742.516129032258,49593.0,30.096774193548388,False,True,False,5,West Coast,0.8040909699322227,48438.0,37.25806451612925,1155.0,-174.74193548387075,211.99999999999977,-2.2026824808563106e-13
2022-11-01,-58.7,2651.0,2300.0333333333333,0.0,0.0,1345.8,118.8,768.9333333333333,48722.0,96.13333333333334,False,True,False,5,West Coast,0.8676097070287941,49593.0,-29.06666666666662,-871.0,-185.30000000000018,156.26666666666685,0.03333333333328525
2022-12-01,115.58064516129032,2651.0,2243.935483870968,0.0,31.612903225806452,1215.258064516129,72.06451612903226,769.1612903225806,48002.0,80.25806451612904,False,False,False,5,West Coast,0.846448692520169,48722.0,-23.225806451613124,-720.0,-291.1290322580645,267.9032258064516,2.2026824808563106e-13
2023-01-01,-74.87096774193549,2650.0,2018.0,0.0,0.0,1130.032258064516,103.70967741935483,779.8709677419355,48005.0,79.35483870967742,False,True,False,5,West Coast,0.7615094339622641,48002.0,0.09677419354846961,3.0,-108.0967741935483,108.19354838709668,-8.251732630526476e-14
2023-02-01,-6.964285714285714,2620.0,2077.3928571428573,0.0,0.0,1183.4285714285713,115.64285714285714,784.2142857142857,49287.0,46.82142857142857,False,True,False,5,West Coast,0.7928980370774265,48005.0,45.749999999999766,1282.0,-109.75000000000045,155.53571428571473,0.03571428571451918
2023-03-01,80.54838709677419,2620.0,2180.2258064516127,0.0,33.96774193548387,1242.741935483871,79.7741935483871,771.4193548387096,49402.0,43.45161290322581,False,False,False,5,West Coast,0.8321472543708446,49287.0,3.7419354838712593,115.0,-200.03225806451607,203.74193548387092,-0.03225806451642077
2023-04-01,-113.46666666666667,2620.0,2115.233333333333,0.0,0.0,1305.6333333333334,125.83333333333333,779.0,52191.0,111.2,False,True,False,5,West Coast,0.8073409669211196,49402.0,92.96666666666698,2789.0,-30.59999999999991,123.56666666666658,-3.126388037344441e-13
2023-05-01,47.096774193548384,2620.0,2210.548387096774,0.0,0.0,1177.1935483870968,112.0,776.5806451612904,51745.0,83.29032258064517,False,True,False,5,West Coast,0.8437207584338833,52191.0,-14.387096774193523,-446.0,-256.77419354838685,242.3870967741933,-2.4868995751603507e-14
2023-06-01,-24.8,2620.0,2318.5333333333333,0.0,43.333333333333336,1385.9333333333334,131.06666666666666,775.2666666666667,49774.0,28.7,False,False,False,5,West Coast,0.8849363867684479,51745.0,-65.69999999999993,-1971.0,-200.66666666666683,134.9666666666668,-7.105427357601002e-14
2023-07-01,36.483870967741936,2620.0,2282.2903225806454,0.0,0.0,1146.741935483871,141.48387096774192,746.6129032258065,44796.0,50.38709677419355,False,False,False,5,West Coast,0.8711031765574982,49774.0,-160.58064516129065,-4978.0,-388.9354838709678,228.35483870967747,3.126388037344441e-13
2023-08-01,-3.3225806451612905,2620.0,2279.3225806451615,0.0,24.516129032258064,1463.8064516129032,115.83870967741936,740.3548387096774,45906.0,22.967741935483872,False,False,False,5,West Coast,0.8699704506279242,44796.0,35.80645161290315,1110.0,-99.67741935483902,135.48387096774223,7.105427357601002e-14
2023-09-01,-83.86666666666666,2620.0,2327.1,0.0,0.0,1395.4,97.2,763.3666666666667,43997.0,91.36666666666666,False,True,False,5,West Coast,0.8882061068702289,45906.0,-63.63333333333303,-1909.0,-168.33333333333303,104.6999999999997,-3.055333763768431e-13
2023-10-01,-76.06451612903226,2620.0,2075.7096774193546,0.0,0.0,1150.967741935484,110.51612903225806,819.8387096774194,44355.0,82.0,False,True,False,5,West Coast,0.792255602068456,43997.0,11.548387096774562,358.0,-104.90322580645125,116.45161290322544,-3.6770586575585185e-13
2023-11-01,11.4,2620.0,2053.233333333333,0.0,0.06666666666666667,1303.6333333333334,119.3,771.9333333333333,50123.0,39.3,False,False,False,5,West Coast,0.7836768447837149,44355.0,192.26666666666705,5768.0,22.26666666666682,169.99999999999986,-3.694822225952521e-13
2023-12-01,118.61290322580645,2620.0,2156.1290322580644,0.0,0.0,1042.5483870967741,118.74193548387096,771.4516129032259,49423.0,82.19354838709677,False,True,False,5,West Coast,0.8229500123122383,50123.0,-22.580645161290207,-700.0,-342.1290322580644,319.5483870967741,-1.1723955140041653e-13
2024-01-01,-104.19354838709677,2590.0,2066.548387096774,0.0,0.0,1171.516129032258,63.0,758.8709677419355,46173.0,72.54838709677419,False,False,False,5,West Coast,0.7978951301531947,49423.0,-104.80645161290307,-3250.0,-136.1612903225805,31.32258064516114,-0.032258064516284435
2024-02-01,-82.93103448275862,2590.0,1970.5862068965516,0.0,34.48275862068966,1226.7241379310344,118.27586206896552,764.5172413793103,49347.0,87.93103448275862,False,False,False,5,West Coast,0.7608440953268539,46173.0,109.4482758620689,3174.0,-13.827586206896633,123.27586206896561,7.105427357601002e-14
2024-03-01,40.96774193548387,2531.0,2098.8064516129034,0.0,0.0,1075.9354838709678,85.96774193548387,764.6451612903226,47617.0,75.48387096774194,False,True,False,5,West Coast,0.8292400045882669,49347.0,-55.80645161290347,-1730.0,-258.22580645161315,202.41935483870992,2.4868995751603507e-13
2024-04-01,2.2666666666666666,2531.0,2108.0,0.0,0.0,1108.8,122.63333333333334,754.6666666666666,45362.0,44.46666666666667,False,True,False,5,West Coast,0.8328723824575267,47617.0,-75.16666666666686,-2255.0,-244.5333333333333,169.36666666666662,1.8474111129762605e-13
2024-05-01,34.225806451612904,2531.0,2167.7419354838707,0.0,24.516129032258064,1255.5483870967741,134.48387096774192,742.3548387096774,46523.0,63.064516129032256,False,False,False,5,West Coast,0.8564764660149627,45362.0,37.419354838709985,1161.0,-194.3548387096771,231.8064516129029,0.03225806451582258
2024-06-01,-112.46666666666667,2542.0,2226.4333333333334,0.0,33.333333333333336,1342.5333333333333,144.66666666666666,713.9,44390.0,100.03333333333333,False,False,False,5,West Coast,0.8758589037503278,46523.0,-71.10000000000002,-2133.0,-203.33333333333334,132.23333333333335,2.842170943040401e-14
2024-07-01,-14.935483870967742,2542.0,2265.3870967741937,0.0,0.0,1544.5483870967741,128.93548387096774,723.0967741935484,48679.0,22.096774193548388,False,True,False,5,West Coast,0.8911829648993681,44390.0,138.35483870967718,4289.0,2.2580645161287975,136.0967741935486,2.2737367544323206e-13
2024-08-01,-85.3225806451613,2542.0,2272.3548387096776,0.0,0.0,1420.6774193548388,186.0,714.0322580645161,48397.0,27.870967741935484,False,True,False,5,West Coast,0.8939240120809117,48679.0,-9.096774193548487,-282.0,-137.64516129032245,128.54838709677406,9.947598300641403e-14
2024-09-01,-38.733333333333334,2542.0,2224.9666666666667,0.0,66.3,1259.9333333333334,133.2,726.4666666666667,44599.0,83.83333333333333,False,False,False,5,West Coast,0.8752819302386572,48397.0,-126.56666666666665,-3798.0,-304.8666666666666,178.26666666666662,-0.03333333333334565
2024-10-01,6.483870967741935,2542.0,2133.032258064516,0.0,0.0,1243.516129032258,102.87096774193549,732.2258064516129,45253.0,69.0,False,True,False,5,West Coast,0.8391157584832872,44599.0,21.0645161290323,654.0,-157.29032258064512,178.3870967741935,0.032258064516089036
2024-11-01,22.533333333333335,2542.0,2203.266666666667,0.0,0.03333333333333333,1382.6666666666667,115.63333333333334,754.6333333333333,49689.0,75.73333333333333,False,False,False,5,West Coast,0.8667453448728036,45253.0,147.89999999999975,4436.0,-66.00000000000003,213.8666666666667,-0.03333333333307564
2024-12-01,-39.16129032258065,2542.0,2125.967741935484,0.0,0.0,1175.3225806451612,143.48387096774192,746.2903225806451,49330.0,88.45161290322581,False,True,False,5,West Coast,0.8363366412019999,49689.0,-11.580645161290462,-359.0,-204.35483870967755,192.77419354838722,1.4033219031261979e-13
2025-01-01,-147.83870967741936,2558.0,2133.1935483870966,0.0,33.806451612903224,1349.1290322580646,114.06451612903226,749.6451612903226,48567.0,77.41935483870968,False,False,False,5,West Coast,0.8339302378370198,49330.0,-24.580645161290178,-763.0,-68.22580645161253,43.61290322580608,-0.03225806451627378
2025-02-01,-77.5,2558.0,2084.464285714286,0.0,2.857142857142857,1179.642857142857,85.46428571428571,748.5714285714286,47148.0,100.42857142857143,False,False,False,5,West Coast,0.814880486987602,48567.0,-50.714285714285964,-1419.0,-159.10714285714286,108.42857142857143,0.03571428571453339
2025-03-01,-96.45161290322581,2558.0,1976.7096774193549,0.0,6.419354838709677,1091.741935483871,129.25806451612902,741.258064516129,45729.0,71.54838709677419,False,False,False,5,West Coast,0.7727559333148377,47148.0,-45.77419354838713,-1419.0,-150.12903225806454,104.35483870967744,3.552713678800501e-14
2025-04-01,114.6,2558.0,1866.0333333333333,0.0,34.86666666666667,1043.1,69.73333333333333,742.6333333333333,48608.0,26.8,False,False,False,5,West Coast,0.7294891842585353,45729.0,95.96666666666647,2879.0,-115.16666666666686,211.13333333333352,1.9895196601282805e-13
2025-05-01,2.870967741935484,2558.0,2000.7096774193549,0.0,0.0,1134.8387096774193,115.58064516129032,740.6774193548387,49527.0,36.354838709677416,False,False,False,5,West Coast,0.7821382632601075,48608.0,29.612903225806395,919.0,-125.19354838709683,154.83870967741942,0.03225806451618496
2025-06-01,-54.733333333333334,2558.0,2184.9666666666667,0.0,0.0,1181.3,172.43333333333334,727.9333333333333,46992.0,73.53333333333333,False,True,False,5,West Coast,0.8541699244201199,49527.0,-84.50000000000003,-2535.0,-275.7333333333336,191.23333333333358,2.842170943040401e-14
2025-07-01,-8.064516129032258,2558.0,2207.9032258064517,0.0,2.2903225806451615,1259.6774193548388,147.7741935483871,663.8709677419355,44737.0,74.19354838709677,False,False,False,5,West Coast,0.8631365229892305,46992.0,-72.74193548387089,-2255.0,-286.64516129032273,213.90322580645176,-7.105427357601002e-14
2025-08-01,18.967741935483872,2558.0,2248.451612903226,0.0,0.0,1372.1935483870968,163.67741935483872,688.8387096774194,46079.0,48.064516129032256,False,False,False,5,West Coast,0.878988120759666,44737.0,43.290322580645324,1342.0,-187.41935483870975,230.7096774193549,-1.6342482922482304e-13
2025-09-01,75.26666666666667,2559.0,2160.8,0.0,1.5333333333333334,1160.4333333333334,88.13333333333334,718.7666666666667,45411.0,97.46666666666667,False,False,False,5,West Coast,0.8443923407581088,46079.0,-22.266666666666836,-668.0,-283.1333333333335,260.86666666666684,1.7053025658242404e-13
2025-10-01,57.12903225806452,2559.0,1910.1612903225807,0.0,0.0,968.3548387096774,159.7741935483871,723.4193548387096,48782.0,110.2258064516129,False,False,False,5,West Coast,0.7464483354132789,45411.0,108.74193548387075,3371.0,-218.38709677419365,327.1290322580646,2.1316282072803006e-13
2025-11-01,-97.46666666666667,2420.0,1883.8666666666666,0.0,0.0,959.6,123.6,710.6333333333333,45934.0,92.6,False,False,False,5,West Coast,0.7784573002754821,48782.0,-94.89999999999978,-2848.0,-213.6333333333332,118.69999999999987,-0.03333333333355881
2025-12-01,119.96774193548387,2420.0,2020.1290322580646,0.0,0.0,1038.032258064516,115.80645161290323,725.0967741935484,46424.0,37.064516129032256,False,False,False,5,West Coast,0.8347640629165556,45934.0,15.83870967741936,490.0,-257.0000000000002,272.80645161290346,-0.032258064516133444
2026-01-01,-180.8709677419355,2420.0,2017.225806451613,0.0,0.0,1208.258064516129,145.1290322580645,686.5806451612904,44359.0,91.48387096774194,False,True,False,5,West Coast,0.833564382831245,46424.0,-66.64516129032246,-2065.0,-122.38709677419342,55.774193548386975,0.03225806451601443
2026-02-01,96.67857142857143,2420.0,1894.5,0.0,26.25,958.5357142857143,109.03571428571429,672.7142857142857,43997.0,70.85714285714286,False,False,False,5,West Coast,0.7828512396694215,44359.0,-12.928571428571317,-362.0,-289.5,276.57142857142856,-1.1191048088221578e-13
2026-03-01,49.03225806451613,2275.0,1926.483870967742,0.0,0.0,993.1290322580645,184.3548387096774,684.1290322580645,44981.0,47.54838709677419,False,True,False,5,West Coast,0.8468060971286778,43997.0,31.70967741935469,984.0,-249.22580645161293,280.9677419354839,0.03225806451627733
2026-04-01,-10.433333333333334,2275.0,1878.9333333333334,0.0,25.333333333333332,959.7666666666667,196.0,696.2666666666667,46089.0,99.6,False,False,False,5,West Coast,0.8259047619047619,44981.0,36.93333333333322,1108.0,-248.23333333333343,285.16666666666674,1.0658141036401503e-13
2026-05-01,-51.58064516129032,2275.0,1876.5806451612902,0.0,71.93548387096774,1016.2903225806451,174.19354838709677,703.1935483870968,47371.0,147.7741935483871,False,False,False,5,West Coast,0.82487061325771,46089.0,41.35483870967751,1282.0,-229.03225806451604,270.3870967741935,-9.237055564881302e-14
2026-06-01,-7.933333333333334,2275.0,2000.4666666666667,0.0,0.0,916.3666666666667,180.0,700.5,40752.0,-9.066666666666666,False,True,False,5,West Coast,0.8793260073260073,47371.0,-220.60000000000002,-6619.0,-383.5999999999999,162.96666666666658,-0.03333333333330302
