padd,month,origin_month,horizon,predicted_kb,actual_kb,model
1,2018-07-01,2018-06-01,1,16070.0,11942.0,persistence
1,2018-08-01,2018-06-01,2,16070.0,11359.0,persistence
1,2018-09-01,2018-06-01,3,16070.0,12259.0,persistence
1,2018-10-01,2018-06-01,4,16070.0,10961.0,persistence
1,2018-11-01,2018-06-01,5,16070.0,12290.0,persistence
1,2018-12-01,2018-06-01,6,16070.0,11655.0,persistence
1,2019-01-01,2018-06-01,7,16070.0,13175.0,persistence
1,2019-02-01,2018-06-01,8,16070.0,11704.0,persistence
1,2019-03-01,2018-06-01,9,16070.0,13873.0,persistence
1,2019-04-01,2018-06-01,10,16070.0,12654.0,persistence
1,2019-05-01,2018-06-01,11,16070.0,15125.0,persistence
1,2019-06-01,2018-06-01,12,16070.0,14786.0,persistence
2,2018-07-01,2018-06-01,1,112849.0,107744.0,persistence
2,2018-08-01,2018-06-01,2,112849.0,111093.0,persistence
2,2018-09-01,2018-06-01,3,112849.0,113024.0,persistence
2,2018-10-01,2018-06-01,4,112849.0,124368.0,persistence
2,2018-11-01,2018-06-01,5,112849.0,129427.0,persistence
2,2018-12-01,2018-06-01,6,112849.0,132102.0,persistence
2,2019-01-01,2018-06-01,7,112849.0,133648.0,persistence
2,2019-02-01,2018-06-01,8,112849.0,138140.0,persistence
2,2019-03-01,2018-06-01,9,112849.0,138437.0,persistence
2,2019-04-01,2018-06-01,10,112849.0,137310.0,persistence
2,2019-05-01,2018-06-01,11,112849.0,143617.0,persistence
2,2019-06-01,2018-06-01,12,112849.0,142220.0,persistence
3,2018-07-01,2018-06-01,1,873052.0,879521.0,persistence
3,2018-08-01,2018-06-01,2,873052.0,874105.0,persistence
3,2018-09-01,2018-06-01,3,873052.0,880801.0,persistence
3,2018-10-01,2018-06-01,4,873052.0,882042.0,persistence
3,2018-11-01,2018-06-01,5,873052.0,887119.0,persistence
3,2018-12-01,2018-06-01,6,873052.0,881191.0,persistence
3,2019-01-01,2018-06-01,7,873052.0,881131.0,persistence
3,2019-02-01,2018-06-01,8,873052.0,878584.0,persistence
3,2019-03-01,2018-06-01,9,873052.0,883034.0,persistence
3,2019-04-01,2018-06-01,10,873052.0,891193.0,persistence
3,2019-05-01,2018-06-01,11,873052.0,889878.0,persistence
3,2019-06-01,2018-06-01,12,873052.0,878690.0,persistence
4,2018-07-01,2018-06-01,1,22056.0,21418.0,persistence
4,2018-08-01,2018-06-01,2,22056.0,22309.0,persistence
4,2018-09-01,2018-06-01,3,22056.0,21523.0,persistence
4,2018-10-01,2018-06-01,4,22056.0,22068.0,persistence
4,2018-11-01,2018-06-01,5,22056.0,23711.0,persistence
4,2018-12-01,2018-06-01,6,22056.0,21540.0,persistence
4,2019-01-01,2018-06-01,7,22056.0,20798.0,persistence
4,2019-02-01,2018-06-01,8,22056.0,20715.0,persistence
4,2019-03-01,2018-06-01,9,22056.0,22905.0,persistence
4,2019-04-01,2018-06-01,10,22056.0,24151.0,persistence
4,2019-05-01,2018-06-01,11,22056.0,25317.0,persistence
4,2019-06-01,2018-06-01,12,22056.0,21857.0,persistence
5,2018-07-01,2018-06-01,1,51140.0,49029.0,persistence
5,2018-08-01,2018-06-01,2,51140.0,48728.0,persistence
5,2018-09-01,2018-06-01,3,51140.0,49086.0,persistence
5,2018-10-01,2018-06-01,4,51140.0,49209.0,persistence
5,2018-11-01,2018-06-01,5,51140.0,46399.0,persistence
5,2018-12-01,2018-06-01,6,51140.0,45152.0,persistence
5,2019-01-01,2018-06-01,7,51140.0,49359.0,persistence
5,2019-02-01,2018-06-01,8,51140.0,51643.0,persistence
5,2019-03-01,2018-06-01,9,51140.0,49767.0,persistence
5,2019-04-01,2018-06-01,10,51140.0,53082.0,persistence
5,2019-05-01,2018-06-01,11,51140.0,52006.0,persistence
5,2019-06-01,2018-06-01,12,51140.0,50711.0,persistence
1,2018-07-01,2018-06-01,1,16155.0,11942.0,seasonal_naive
1,2018-08-01,2018-06-01,2,17334.0,11359.0,seasonal_naive
1,2018-09-01,2018-06-01,3,11969.0,12259.0,seasonal_naive
1,2018-10-01,2018-06-01,4,13740.0,10961.0,seasonal_naive
1,2018-11-01,2018-06-01,5,13016.0,12290.0,seasonal_naive
1,2018-12-01,2018-06-01,6,11479.0,11655.0,seasonal_naive
1,2019-01-01,2018-06-01,7,13729.0,13175.0,seasonal_naive
1,2019-02-01,2018-06-01,8,12392.0,11704.0,seasonal_naive
1,2019-03-01,2018-06-01,9,12309.0,13873.0,seasonal_naive
1,2019-04-01,2018-06-01,10,15788.0,12654.0,seasonal_naive
1,2019-05-01,2018-06-01,11,14913.0,15125.0,seasonal_naive
1,2019-06-01,2018-06-01,12,16070.0,14786.0,seasonal_naive
2,2018-07-01,2018-06-01,1,144641.0,107744.0,seasonal_naive
2,2018-08-01,2018-06-01,2,140560.0,111093.0,seasonal_naive
2,2018-09-01,2018-06-01,3,149558.0,113024.0,seasonal_naive
2,2018-10-01,2018-06-01,4,153828.0,124368.0,seasonal_naive
2,2018-11-01,2018-06-01,5,142790.0,129427.0,seasonal_naive
2,2018-12-01,2018-06-01,6,132031.0,132102.0,seasonal_naive
2,2019-01-01,2018-06-01,7,118434.0,133648.0,seasonal_naive
2,2019-02-01,2018-06-01,8,111232.0,138140.0,seasonal_naive
2,2019-03-01,2018-06-01,9,122305.0,138437.0,seasonal_naive
2,2019-04-01,2018-06-01,10,125576.0,137310.0,seasonal_naive
2,2019-05-01,2018-06-01,11,123718.0,143617.0,seasonal_naive
2,2019-06-01,2018-06-01,12,112849.0,142220.0,seasonal_naive
3,2018-07-01,2018-06-01,1,928830.0,879521.0,seasonal_naive
3,2018-08-01,2018-06-01,2,910451.0,874105.0,seasonal_naive
3,2018-09-01,2018-06-01,3,912311.0,880801.0,seasonal_naive
3,2018-10-01,2018-06-01,4,887682.0,882042.0,seasonal_naive
3,2018-11-01,2018-06-01,5,881971.0,887119.0,seasonal_naive
3,2018-12-01,2018-06-01,6,867357.0,881191.0,seasonal_naive
3,2019-01-01,2018-06-01,7,881098.0,881131.0,seasonal_naive
3,2019-02-01,2018-06-01,8,894999.0,878584.0,seasonal_naive
3,2019-03-01,2018-06-01,9,883010.0,883034.0,seasonal_naive
3,2019-04-01,2018-06-01,10,884390.0,891193.0,seasonal_naive
3,2019-05-01,2018-06-01,11,877138.0,889878.0,seasonal_naive
3,2019-06-01,2018-06-01,12,873052.0,878690.0,seasonal_naive
4,2018-07-01,2018-06-01,1,21810.0,21418.0,seasonal_naive
4,2018-08-01,2018-06-01,2,21958.0,22309.0,seasonal_naive
4,2018-09-01,2018-06-01,3,21053.0,21523.0,seasonal_naive
4,2018-10-01,2018-06-01,4,20934.0,22068.0,seasonal_naive
4,2018-11-01,2018-06-01,5,22659.0,23711.0,seasonal_naive
4,2018-12-01,2018-06-01,6,22502.0,21540.0,seasonal_naive
4,2019-01-01,2018-06-01,7,21769.0,20798.0,seasonal_naive
4,2019-02-01,2018-06-01,8,21673.0,20715.0,seasonal_naive
4,2019-03-01,2018-06-01,9,23148.0,22905.0,seasonal_naive
4,2019-04-01,2018-06-01,10,23739.0,24151.0,seasonal_naive
4,2019-05-01,2018-06-01,11,23830.0,25317.0,seasonal_naive
4,2019-06-01,2018-06-01,12,22056.0,21857.0,seasonal_naive
5,2018-07-01,2018-06-01,1,50858.0,49029.0,seasonal_naive
5,2018-08-01,2018-06-01,2,48478.0,48728.0,seasonal_naive
5,2018-09-01,2018-06-01,3,48337.0,49086.0,seasonal_naive
5,2018-10-01,2018-06-01,4,52498.0,49209.0,seasonal_naive
5,2018-11-01,2018-06-01,5,53896.0,46399.0,seasonal_naive
5,2018-12-01,2018-06-01,6,51108.0,45152.0,seasonal_naive
5,2019-01-01,2018-06-01,7,49964.0,49359.0,seasonal_naive
5,2019-02-01,2018-06-01,8,49005.0,51643.0,seasonal_naive
5,2019-03-01,2018-06-01,9,49623.0,49767.0,seasonal_naive
5,2019-04-01,2018-06-01,10,51051.0,53082.0,seasonal_naive
5,2019-05-01,2018-06-01,11,54765.0,52006.0,seasonal_naive
5,2019-06-01,2018-06-01,12,51140.0,50711.0,seasonal_naive
1,2018-07-01,2018-06-01,1,15802.8,11942.0,seasonal_change
1,2018-08-01,2018-06-01,2,16328.0,11359.0,seasonal_change
1,2018-09-01,2018-06-01,3,14443.4,12259.0,seasonal_change
1,2018-10-01,2018-06-01,4,16276.0,10961.0,seasonal_change
1,2018-11-01,2018-06-01,5,15264.2,12290.0,seasonal_change
1,2018-12-01,2018-06-01,6,15115.0,11655.0,seasonal_change
1,2019-01-01,2018-06-01,7,16725.2,13175.0,seasonal_change
1,2019-02-01,2018-06-01,8,16887.8,11704.0,seasonal_change
1,2019-03-01,2018-06-01,9,17090.8,13873.0,seasonal_change
1,2019-04-01,2018-06-01,10,18287.8,12654.0,seasonal_change
1,2019-05-01,2018-06-01,11,18129.0,15125.0,seasonal_change
1,2019-06-01,2018-06-01,12,17292.6,14786.0,seasonal_change
2,2018-07-01,2018-06-01,1,109328.4,107744.0,seasonal_change
2,2018-08-01,2018-06-01,2,108489.2,111093.0,seasonal_change
2,2018-09-01,2018-06-01,3,108748.59999999999,113024.0,seasonal_change
2,2018-10-01,2018-06-01,4,112558.99999999999,124368.0,seasonal_change
2,2018-11-01,2018-06-01,5,115099.39999999998,129427.0,seasonal_change
2,2018-12-01,2018-06-01,6,115004.59999999998,132102.0,seasonal_change
2,2019-01-01,2018-06-01,7,114956.99999999997,133648.0,seasonal_change
2,2019-02-01,2018-06-01,8,114713.79999999997,138140.0,seasonal_change
2,2019-03-01,2018-06-01,9,120148.19999999997,138437.0,seasonal_change
2,2019-04-01,2018-06-01,10,120798.19999999997,137310.0,seasonal_change
2,2019-05-01,2018-06-01,11,118415.19999999997,143617.0,seasonal_change
2,2019-06-01,2018-06-01,12,112849.99999999997,142220.0,seasonal_change
3,2018-07-01,2018-06-01,1,866846.2,879521.0,seasonal_change
3,2018-08-01,2018-06-01,2,861461.7999999999,874105.0,seasonal_change
3,2018-09-01,2018-06-01,3,862831.6,880801.0,seasonal_change
3,2018-10-01,2018-06-01,4,866186.6,882042.0,seasonal_change
3,2018-11-01,2018-06-01,5,860835.0,887119.0,seasonal_change
3,2018-12-01,2018-06-01,6,852037.6,881191.0,seasonal_change
3,2019-01-01,2018-06-01,7,866192.2,881131.0,seasonal_change
3,2019-02-01,2018-06-01,8,879896.3999999999,878584.0,seasonal_change
3,2019-03-01,2018-06-01,9,884301.3999999999,883034.0,seasonal_change
3,2019-04-01,2018-06-01,10,885618.2,891193.0,seasonal_change
3,2019-05-01,2018-06-01,11,881270.0,889878.0,seasonal_change
3,2019-06-01,2018-06-01,12,876492.4,878690.0,seasonal_change
4,2018-07-01,2018-06-01,1,21939.6,21418.0,seasonal_change
4,2018-08-01,2018-06-01,2,22084.199999999997,22309.0,seasonal_change
4,2018-09-01,2018-06-01,3,21810.6,21523.0,seasonal_change
4,2018-10-01,2018-06-01,4,22766.8,22068.0,seasonal_change
4,2018-11-01,2018-06-01,5,22965.2,23711.0,seasonal_change
4,2018-12-01,2018-06-01,6,22961.8,21540.0,seasonal_change
4,2019-01-01,2018-06-01,7,23221.6,20798.0,seasonal_change
4,2019-02-01,2018-06-01,8,23737.199999999997,20715.0,seasonal_change
4,2019-03-01,2018-06-01,9,24903.999999999996,22905.0,seasonal_change
4,2019-04-01,2018-06-01,10,25109.199999999997,24151.0,seasonal_change
4,2019-05-01,2018-06-01,11,24279.999999999996,25317.0,seasonal_change
4,2019-06-01,2018-06-01,12,23595.999999999996,21857.0,seasonal_change
5,2018-07-01,2018-06-01,1,48533.6,49029.0,seasonal_change
5,2018-08-01,2018-06-01,2,46250.6,48728.0,seasonal_change
5,2018-09-01,2018-06-01,3,46888.6,49086.0,seasonal_change
5,2018-10-01,2018-06-01,4,48802.2,49209.0,seasonal_change
5,2018-11-01,2018-06-01,5,48934.799999999996,46399.0,seasonal_change
5,2018-12-01,2018-06-01,6,46860.399999999994,45152.0,seasonal_change
5,2019-01-01,2018-06-01,7,47408.399999999994,49359.0,seasonal_change
5,2019-02-01,2018-06-01,8,48907.59999999999,51643.0,seasonal_change
5,2019-03-01,2018-06-01,9,49931.99999999999,49767.0,seasonal_change
5,2019-04-01,2018-06-01,10,49537.399999999994,53082.0,seasonal_change
5,2019-05-01,2018-06-01,11,53254.99999999999,52006.0,seasonal_change
5,2019-06-01,2018-06-01,12,51014.19999999999,50711.0,seasonal_change
1,2018-07-01,2018-06-01,1,15551.35952380953,11942.0,forecast_flow_identity
1,2018-08-01,2018-06-01,2,15825.519047619047,11359.0,forecast_flow_identity
1,2018-09-01,2018-06-01,3,13697.783102918587,12259.0,forecast_flow_identity
1,2018-10-01,2018-06-01,4,15278.942626728116,10961.0,forecast_flow_identity
1,2018-11-01,2018-06-01,5,14023.806682027658,12290.0,forecast_flow_identity
1,2018-12-01,2018-06-01,6,13623.566205837185,11655.0,forecast_flow_identity
1,2019-01-01,2018-06-01,7,14982.525729646706,13175.0,forecast_flow_identity
1,2019-02-01,2018-06-01,8,14898.922985857309,11704.0,forecast_flow_identity
1,2019-03-01,2018-06-01,9,14850.682509666836,13873.0,forecast_flow_identity
1,2019-04-01,2018-06-01,10,15804.746564966375,12654.0,forecast_flow_identity
1,2019-05-01,2018-06-01,11,15394.5060887759,15125.0,forecast_flow_identity
1,2019-06-01,2018-06-01,12,14314.97014407544,14786.0,forecast_flow_identity
2,2018-07-01,2018-06-01,1,107725.28154761903,107744.0,forecast_flow_identity
2,2018-08-01,2018-06-01,2,105282.96309523807,111093.0,forecast_flow_identity
2,2018-09-01,2018-06-01,3,103990.958141321,113024.0,forecast_flow_identity
2,2018-10-01,2018-06-01,4,106198.03968894001,124368.0,forecast_flow_identity
2,2018-11-01,2018-06-01,5,107186.83473502295,129427.0,forecast_flow_identity
2,2018-12-01,2018-06-01,6,105488.31628264197,132102.0,forecast_flow_identity
2,2019-01-01,2018-06-01,7,103837.397830261,133648.0,forecast_flow_identity
2,2019-02-01,2018-06-01,8,102129.73021809933,138140.0,forecast_flow_identity
2,2019-03-01,2018-06-01,9,105961.81176571835,138437.0,forecast_flow_identity
2,2019-04-01,2018-06-01,10,105060.60681180126,137310.0,forecast_flow_identity
2,2019-05-01,2018-06-01,11,101074.68835942028,143617.0,forecast_flow_identity
2,2019-06-01,2018-06-01,12,93957.8834055032,142220.0,forecast_flow_identity
3,2018-07-01,2018-06-01,1,861330.5918452381,879521.0,forecast_flow_identity
3,2018-08-01,2018-06-01,2,850430.7836904762,874105.0,forecast_flow_identity
3,2018-09-01,2018-06-01,3,846463.0854761904,880801.0,forecast_flow_identity
3,2018-10-01,2018-06-01,4,844303.0773214286,882042.0,forecast_flow_identity
3,2018-11-01,2018-06-01,5,833614.5791071429,887119.0,forecast_flow_identity
3,2018-12-01,2018-06-01,6,819301.770952381,881191.0,forecast_flow_identity
3,2019-01-01,2018-06-01,7,827941.362797619,881131.0,forecast_flow_identity
3,2019-02-01,2018-06-01,8,836561.1948091133,878584.0,forecast_flow_identity
3,2019-03-01,2018-06-01,9,835451.1866543514,883034.0,forecast_flow_identity
3,2019-04-01,2018-06-01,10,831430.6884400657,891193.0,forecast_flow_identity
3,2019-05-01,2018-06-01,11,821567.4802853038,889878.0,forecast_flow_identity
3,2019-06-01,2018-06-01,12,811452.5820710182,878690.0,forecast_flow_identity
4,2018-07-01,2018-06-01,1,21776.119761904763,21418.0,forecast_flow_identity
4,2018-08-01,2018-06-01,2,21689.439940476186,22309.0,forecast_flow_identity
4,2018-09-01,2018-06-01,3,21257.039710061443,21523.0,forecast_flow_identity
4,2018-10-01,2018-06-01,4,21963.35988863287,22068.0,forecast_flow_identity
4,2018-11-01,2018-06-01,5,22003.359658218127,23711.0,forecast_flow_identity
4,2018-12-01,2018-06-01,6,21836.27942012289,21540.0,forecast_flow_identity
4,2019-01-01,2018-06-01,7,21932.199182027653,20798.0,forecast_flow_identity
4,2019-02-01,2018-06-01,8,22291.222524630553,20715.0,forecast_flow_identity
4,2019-03-01,2018-06-01,9,23293.94228653532,22905.0,forecast_flow_identity
4,2019-04-01,2018-06-01,10,23340.742056120573,24151.0,forecast_flow_identity
4,2019-05-01,2018-06-01,11,22279.462234692004,25317.0,forecast_flow_identity
4,2019-06-01,2018-06-01,12,21437.223697825648,21857.0,forecast_flow_identity
5,2018-07-01,2018-06-01,1,48077.965416666666,49029.0,forecast_flow_identity
5,2018-08-01,2018-06-01,2,45339.53083333333,48728.0,forecast_flow_identity
5,2018-09-01,2018-06-01,3,45536.79413978495,49086.0,forecast_flow_identity
5,2018-10-01,2018-06-01,4,46994.35955645163,49209.0,forecast_flow_identity
5,2018-11-01,2018-06-01,5,46686.22286290325,46399.0,forecast_flow_identity
5,2018-12-01,2018-06-01,6,44156.18827956993,45152.0,forecast_flow_identity
5,2019-01-01,2018-06-01,7,44248.553696236595,49359.0,forecast_flow_identity
5,2019-02-01,2018-06-01,8,45333.64726501673,51643.0,forecast_flow_identity
5,2019-03-01,2018-06-01,9,45902.2126816834,49767.0,forecast_flow_identity
5,2019-04-01,2018-06-01,10,45066.67598813502,53082.0,forecast_flow_identity
5,2019-05-01,2018-06-01,11,48328.64140480169,52006.0,forecast_flow_identity
5,2019-06-01,2018-06-01,12,45647.10471125331,50711.0,forecast_flow_identity
1,2018-07-01,2018-06-01,1,15921.802656056463,11942.0,legacy_constrained_level
1,2018-08-01,2018-06-01,2,15733.940324965044,11359.0,legacy_constrained_level
1,2018-09-01,2018-06-01,3,15581.350125111396,12259.0,legacy_constrained_level
1,2018-10-01,2018-06-01,4,15407.499635977347,10961.0,legacy_constrained_level
1,2018-11-01,2018-06-01,5,15301.088653819445,12290.0,legacy_constrained_level
1,2018-12-01,2018-06-01,6,15204.703142304896,11655.0,legacy_constrained_level
1,2019-01-01,2018-06-01,7,15157.114477265719,13175.0,legacy_constrained_level
1,2019-02-01,2018-06-01,8,15099.164012837935,11704.0,legacy_constrained_level
1,2019-03-01,2018-06-01,9,14981.951700884274,13873.0,legacy_constrained_level
1,2019-04-01,2018-06-01,10,14963.3034643658,12654.0,legacy_constrained_level
1,2019-05-01,2018-06-01,11,14916.591009972424,15125.0,legacy_constrained_level
1,2019-06-01,2018-06-01,12,14912.858074918611,14786.0,legacy_constrained_level
2,2018-07-01,2018-06-01,1,113286.6923222188,107744.0,legacy_constrained_level
2,2018-08-01,2018-06-01,2,111849.78037673702,111093.0,legacy_constrained_level
2,2018-09-01,2018-06-01,3,111515.6567411722,113024.0,legacy_constrained_level
2,2018-10-01,2018-06-01,4,113160.76959638449,124368.0,legacy_constrained_level
2,2018-11-01,2018-06-01,5,115766.71952480594,129427.0,legacy_constrained_level
2,2018-12-01,2018-06-01,6,116789.90181905619,132102.0,legacy_constrained_level
2,2019-01-01,2018-06-01,7,116874.34488142152,133648.0,legacy_constrained_level
2,2019-02-01,2018-06-01,8,117574.0227693625,138140.0,legacy_constrained_level
2,2019-03-01,2018-06-01,9,120429.53783561183,138437.0,legacy_constrained_level
2,2019-04-01,2018-06-01,10,121813.14720506684,137310.0,legacy_constrained_level
2,2019-05-01,2018-06-01,11,122429.24660460022,143617.0,legacy_constrained_level
2,2019-06-01,2018-06-01,12,121137.3356746518,142220.0,legacy_constrained_level
3,2018-07-01,2018-06-01,1,865680.2249337606,879521.0,legacy_constrained_level
3,2018-08-01,2018-06-01,2,862936.4165889546,874105.0,legacy_constrained_level
3,2018-09-01,2018-06-01,3,860818.0968841946,880801.0,legacy_constrained_level
3,2018-10-01,2018-06-01,4,859955.4921507778,882042.0,legacy_constrained_level
3,2018-11-01,2018-06-01,5,858580.6228005671,887119.0,legacy_constrained_level
3,2018-12-01,2018-06-01,6,856785.6812958737,881191.0,legacy_constrained_level
3,2019-01-01,2018-06-01,7,853683.6366620432,881131.0,legacy_constrained_level
3,2019-02-01,2018-06-01,8,854526.6899611456,878584.0,legacy_constrained_level
3,2019-03-01,2018-06-01,9,855929.6531806142,883034.0,legacy_constrained_level
3,2019-04-01,2018-06-01,10,855497.0127551662,891193.0,legacy_constrained_level
3,2019-05-01,2018-06-01,11,853506.7978582655,889878.0,legacy_constrained_level
3,2019-06-01,2018-06-01,12,850053.6072485722,878690.0,legacy_constrained_level
4,2018-07-01,2018-06-01,1,22220.004189956588,21418.0,legacy_constrained_level
4,2018-08-01,2018-06-01,2,22271.842570357046,22309.0,legacy_constrained_level
4,2018-09-01,2018-06-01,3,22414.62436549469,21523.0,legacy_constrained_level
4,2018-10-01,2018-06-01,4,22476.48362022408,22068.0,legacy_constrained_level
4,2018-11-01,2018-06-01,5,22618.52800797603,23711.0,legacy_constrained_level
4,2018-12-01,2018-06-01,6,22720.161552966365,21540.0,legacy_constrained_level
4,2019-01-01,2018-06-01,7,22853.496664348473,20798.0,legacy_constrained_level
4,2019-02-01,2018-06-01,8,23004.873888924412,20715.0,legacy_constrained_level
4,2019-03-01,2018-06-01,9,22926.963925795983,22905.0,legacy_constrained_level
4,2019-04-01,2018-06-01,10,23088.970864261213,24151.0,legacy_constrained_level
4,2019-05-01,2018-06-01,11,23157.310394155236,25317.0,legacy_constrained_level
4,2019-06-01,2018-06-01,12,23244.6795984607,21857.0,legacy_constrained_level
5,2018-07-01,2018-06-01,1,50442.40963818705,49029.0,legacy_constrained_level
5,2018-08-01,2018-06-01,2,50180.26983815021,48728.0,legacy_constrained_level
5,2018-09-01,2018-06-01,3,49813.67422237767,49086.0,legacy_constrained_level
5,2018-10-01,2018-06-01,4,50316.70798286312,49209.0,legacy_constrained_level
5,2018-11-01,2018-06-01,5,51112.10021998226,46399.0,legacy_constrained_level
5,2018-12-01,2018-06-01,6,51506.064326973355,45152.0,legacy_constrained_level
5,2019-01-01,2018-06-01,7,51232.148590835524,49359.0,legacy_constrained_level
5,2019-02-01,2018-06-01,8,51374.58065288757,51643.0,legacy_constrained_level
5,2019-03-01,2018-06-01,9,52359.230324511875,49767.0,legacy_constrained_level
5,2019-04-01,2018-06-01,10,51738.45784495095,53082.0,legacy_constrained_level
5,2019-05-01,2018-06-01,11,51686.44822101487,52006.0,legacy_constrained_level
5,2019-06-01,2018-06-01,12,51739.912002963945,50711.0,legacy_constrained_level
1,2018-07-01,2018-06-01,1,15593.968176242764,11942.0,constrained_level
1,2018-08-01,2018-06-01,2,15319.608009206406,11359.0,constrained_level
1,2018-09-01,2018-06-01,3,15049.111375596896,12259.0,constrained_level
1,2018-10-01,2018-06-01,4,14714.846797648808,10961.0,constrained_level
1,2018-11-01,2018-06-01,5,14536.264784972165,12290.0,constrained_level
1,2018-12-01,2018-06-01,6,14382.347327123665,11655.0,constrained_level
1,2019-01-01,2018-06-01,7,14253.484379729281,13175.0,constrained_level
1,2019-02-01,2018-06-01,8,14383.221666643201,11704.0,constrained_level
1,2019-03-01,2018-06-01,9,14259.739905854569,13873.0,constrained_level
1,2019-04-01,2018-06-01,10,14247.50024535083,12654.0,constrained_level
1,2019-05-01,2018-06-01,11,14342.592516525834,15125.0,constrained_level
1,2019-06-01,2018-06-01,12,14536.080997166724,14786.0,constrained_level
2,2018-07-01,2018-06-01,1,109066.98222262411,107744.0,constrained_level
2,2018-08-01,2018-06-01,2,107261.66380316239,111093.0,constrained_level
2,2018-09-01,2018-06-01,3,107117.82760144286,113024.0,constrained_level
2,2018-10-01,2018-06-01,4,108758.60569617731,124368.0,constrained_level
2,2018-11-01,2018-06-01,5,112355.5517825069,129427.0,constrained_level
2,2018-12-01,2018-06-01,6,114448.84569479742,132102.0,constrained_level
2,2019-01-01,2018-06-01,7,114609.45187084853,133648.0,constrained_level
2,2019-02-01,2018-06-01,8,115190.55588050767,138140.0,constrained_level
2,2019-03-01,2018-06-01,9,117244.39620110088,138437.0,constrained_level
2,2019-04-01,2018-06-01,10,120619.47606113889,137310.0,constrained_level
2,2019-05-01,2018-06-01,11,121407.99609526867,143617.0,constrained_level
2,2019-06-01,2018-06-01,12,119883.55283812816,142220.0,constrained_level
3,2018-07-01,2018-06-01,1,865786.1828744934,879521.0,constrained_level
3,2018-08-01,2018-06-01,2,863539.7332360767,874105.0,constrained_level
3,2018-09-01,2018-06-01,3,861786.7508785696,880801.0,constrained_level
3,2018-10-01,2018-06-01,4,861028.3299201694,882042.0,constrained_level
3,2018-11-01,2018-06-01,5,860133.6677058131,887119.0,constrained_level
3,2018-12-01,2018-06-01,6,857742.2628082964,881191.0,constrained_level
3,2019-01-01,2018-06-01,7,855320.2514247076,881131.0,constrained_level
3,2019-02-01,2018-06-01,8,858168.7568620307,878584.0,constrained_level
3,2019-03-01,2018-06-01,9,860771.8324009556,883034.0,constrained_level
3,2019-04-01,2018-06-01,10,860242.829329191,891193.0,constrained_level
3,2019-05-01,2018-06-01,11,858700.6965932342,889878.0,constrained_level
3,2019-06-01,2018-06-01,12,855999.6696286896,878690.0,constrained_level
4,2018-07-01,2018-06-01,1,21928.721351754328,21418.0,constrained_level
4,2018-08-01,2018-06-01,2,22108.10644865259,22309.0,constrained_level
4,2018-09-01,2018-06-01,3,22349.98148929019,21523.0,constrained_level
4,2018-10-01,2018-06-01,4,22433.844372553325,22068.0,constrained_level
4,2018-11-01,2018-06-01,5,22676.701360372233,23711.0,constrained_level
4,2018-12-01,2018-06-01,6,22793.683521508086,21540.0,constrained_level
4,2019-01-01,2018-06-01,7,23010.54401227324,20798.0,constrained_level
4,2019-02-01,2018-06-01,8,23220.096401554598,20715.0,constrained_level
4,2019-03-01,2018-06-01,9,23125.4253780546,22905.0,constrained_level
4,2019-04-01,2018-06-01,10,23469.87898437481,24151.0,constrained_level
4,2019-05-01,2018-06-01,11,23518.288492450334,25317.0,constrained_level
4,2019-06-01,2018-06-01,12,23515.509514063095,21857.0,constrained_level
5,2018-07-01,2018-06-01,1,49621.96834148054,49029.0,constrained_level
5,2018-08-01,2018-06-01,2,49374.669234412904,48728.0,constrained_level
5,2018-09-01,2018-06-01,3,49322.0606468242,49086.0,constrained_level
5,2018-10-01,2018-06-01,4,50471.62744245367,49209.0,constrained_level
5,2018-11-01,2018-06-01,5,51770.010051442354,46399.0,constrained_level
5,2018-12-01,2018-06-01,6,52156.74717585607,45152.0,constrained_level
5,2019-01-01,2018-06-01,7,51115.57414001133,49359.0,constrained_level
5,2019-02-01,2018-06-01,8,51570.678981449295,51643.0,constrained_level
5,2019-03-01,2018-06-01,9,52520.180982228056,49767.0,constrained_level
5,2019-04-01,2018-06-01,10,52282.61309650037,53082.0,constrained_level
5,2019-05-01,2018-06-01,11,51715.02143629366,52006.0,constrained_level
5,2019-06-01,2018-06-01,12,52574.60885127887,50711.0,constrained_level
1,2018-07-01,2018-06-01,1,15738.159283928135,11942.0,ridge_change
1,2018-08-01,2018-06-01,2,15735.967977209384,11359.0,ridge_change
1,2018-09-01,2018-06-01,3,15396.269118399377,12259.0,ridge_change
1,2018-10-01,2018-06-01,4,15226.431445239157,10961.0,ridge_change
1,2018-11-01,2018-06-01,5,15009.436695841523,12290.0,ridge_change
1,2018-12-01,2018-06-01,6,14778.93081659464,11655.0,ridge_change
1,2019-01-01,2018-06-01,7,14666.66743831436,13175.0,ridge_change
1,2019-02-01,2018-06-01,8,14528.311246885123,11704.0,ridge_change
1,2019-03-01,2018-06-01,9,14413.737575150311,13873.0,ridge_change
1,2019-04-01,2018-06-01,10,14461.155800223078,12654.0,ridge_change
1,2019-05-01,2018-06-01,11,14417.984480134126,15125.0,ridge_change
1,2019-06-01,2018-06-01,12,14475.604157406242,14786.0,ridge_change
2,2018-07-01,2018-06-01,1,109911.14331371144,107744.0,ridge_change
2,2018-08-01,2018-06-01,2,108519.41771297314,111093.0,ridge_change
2,2018-09-01,2018-06-01,3,107591.84739669586,113024.0,ridge_change
2,2018-10-01,2018-06-01,4,107279.53720012702,124368.0,ridge_change
2,2018-11-01,2018-06-01,5,107425.77494905726,129427.0,ridge_change
2,2018-12-01,2018-06-01,6,107415.47591568538,132102.0,ridge_change
2,2019-01-01,2018-06-01,7,107144.42912925733,133648.0,ridge_change
2,2019-02-01,2018-06-01,8,107014.55655444106,138140.0,ridge_change
2,2019-03-01,2018-06-01,9,107529.09326861022,138437.0,ridge_change
2,2019-04-01,2018-06-01,10,107694.0769211772,137310.0,ridge_change
2,2019-05-01,2018-06-01,11,107688.30954392467,143617.0,ridge_change
2,2019-06-01,2018-06-01,12,107284.54129155206,142220.0,ridge_change
3,2018-07-01,2018-06-01,1,870431.3164477636,879521.0,ridge_change
3,2018-08-01,2018-06-01,2,869611.2287651356,874105.0,ridge_change
3,2018-09-01,2018-06-01,3,869115.5966832526,880801.0,ridge_change
3,2018-10-01,2018-06-01,4,868998.4989814286,882042.0,ridge_change
3,2018-11-01,2018-06-01,5,868840.7189419763,887119.0,ridge_change
3,2018-12-01,2018-06-01,6,868753.1584818212,881191.0,ridge_change
3,2019-01-01,2018-06-01,7,868538.215244493,881131.0,ridge_change
3,2019-02-01,2018-06-01,8,868393.729230578,878584.0,ridge_change
3,2019-03-01,2018-06-01,9,868642.9899690985,883034.0,ridge_change
3,2019-04-01,2018-06-01,10,868135.0172513846,891193.0,ridge_change
3,2019-05-01,2018-06-01,11,867729.1769694635,889878.0,ridge_change
3,2019-06-01,2018-06-01,12,867216.7008454748,878690.0,ridge_change
4,2018-07-01,2018-06-01,1,22118.822579225118,21418.0,ridge_change
4,2018-08-01,2018-06-01,2,22201.295283530348,22309.0,ridge_change
4,2018-09-01,2018-06-01,3,22286.217160883483,21523.0,ridge_change
4,2018-10-01,2018-06-01,4,22368.10194933369,22068.0,ridge_change
4,2018-11-01,2018-06-01,5,22450.309740935943,23711.0,ridge_change
4,2018-12-01,2018-06-01,6,22532.4684136625,21540.0,ridge_change
4,2019-01-01,2018-06-01,7,22617.600447886223,20798.0,ridge_change
4,2019-02-01,2018-06-01,8,22703.53775241719,20715.0,ridge_change
4,2019-03-01,2018-06-01,9,22778.444520801106,22905.0,ridge_change
4,2019-04-01,2018-06-01,10,22864.297891084083,24151.0,ridge_change
4,2019-05-01,2018-06-01,11,22946.506591108828,25317.0,ridge_change
4,2019-06-01,2018-06-01,12,23025.772400259157,21857.0,ridge_change
5,2018-07-01,2018-06-01,1,50080.4927014394,49029.0,ridge_change
5,2018-08-01,2018-06-01,2,49707.26906650068,48728.0,ridge_change
5,2018-09-01,2018-06-01,3,49488.402469132685,49086.0,ridge_change
5,2018-10-01,2018-06-01,4,49844.68756575415,49209.0,ridge_change
5,2018-11-01,2018-06-01,5,50468.77873114371,46399.0,ridge_change
5,2018-12-01,2018-06-01,6,50908.5935356281,45152.0,ridge_change
5,2019-01-01,2018-06-01,7,50791.71518308339,49359.0,ridge_change
5,2019-02-01,2018-06-01,8,50579.06726180749,51643.0,ridge_change
5,2019-03-01,2018-06-01,9,50760.31912135058,49767.0,ridge_change
5,2019-04-01,2018-06-01,10,50794.0517301862,53082.0,ridge_change
5,2019-05-01,2018-06-01,11,51069.26152781865,52006.0,ridge_change
5,2019-06-01,2018-06-01,12,50688.32428557924,50711.0,ridge_change
1,2018-07-01,2018-06-01,1,15453.318950420033,11942.0,seasonal_ridge_change
1,2018-08-01,2018-06-01,2,15240.726751683815,11359.0,seasonal_ridge_change
1,2018-09-01,2018-06-01,3,14768.708063387894,12259.0,seasonal_ridge_change
1,2018-10-01,2018-06-01,4,14540.94407081031,10961.0,seasonal_ridge_change
1,2018-11-01,2018-06-01,5,14414.792636994041,12290.0,seasonal_ridge_change
1,2018-12-01,2018-06-01,6,14392.051597941312,11655.0,seasonal_ridge_change
1,2019-01-01,2018-06-01,7,14542.77845093077,13175.0,seasonal_ridge_change
1,2019-02-01,2018-06-01,8,14691.138848254053,11704.0,seasonal_ridge_change
1,2019-03-01,2018-06-01,9,14739.592849514895,13873.0,seasonal_ridge_change
1,2019-04-01,2018-06-01,10,14859.84165847603,12654.0,seasonal_ridge_change
1,2019-05-01,2018-06-01,11,14775.511807933273,15125.0,seasonal_ridge_change
1,2019-06-01,2018-06-01,12,14687.652481919406,14786.0,seasonal_ridge_change
2,2018-07-01,2018-06-01,1,109119.67509282863,107744.0,seasonal_ridge_change
2,2018-08-01,2018-06-01,2,106979.94149275945,111093.0,seasonal_ridge_change
2,2018-09-01,2018-06-01,3,105709.02450869684,113024.0,seasonal_ridge_change
2,2018-10-01,2018-06-01,4,105573.84773145219,124368.0,seasonal_ridge_change
2,2018-11-01,2018-06-01,5,106409.81308595584,129427.0,seasonal_ridge_change
2,2018-12-01,2018-06-01,6,107487.91245000373,132102.0,seasonal_ridge_change
2,2019-01-01,2018-06-01,7,108384.80504950628,133648.0,seasonal_ridge_change
2,2019-02-01,2018-06-01,8,109128.69761221601,138140.0,seasonal_ridge_change
2,2019-03-01,2018-06-01,9,109875.87464713851,138437.0,seasonal_ridge_change
2,2019-04-01,2018-06-01,10,109661.50677520667,137310.0,seasonal_ridge_change
2,2019-05-01,2018-06-01,11,108743.70866613866,143617.0,seasonal_ridge_change
2,2019-06-01,2018-06-01,12,107164.65245911766,142220.0,seasonal_ridge_change
3,2018-07-01,2018-06-01,1,867785.4788931914,879521.0,seasonal_ridge_change
3,2018-08-01,2018-06-01,2,864000.3401503494,874105.0,seasonal_ridge_change
3,2018-09-01,2018-06-01,3,860680.6222980714,880801.0,seasonal_ridge_change
3,2018-10-01,2018-06-01,4,858562.281461808,882042.0,seasonal_ridge_change
3,2018-11-01,2018-06-01,5,857957.3320923417,887119.0,seasonal_ridge_change
3,2018-12-01,2018-06-01,6,859107.0612679148,881191.0,seasonal_ridge_change
3,2019-01-01,2018-06-01,7,861487.7795198122,881131.0,seasonal_ridge_change
3,2019-02-01,2018-06-01,8,864222.5747719787,878584.0,seasonal_ridge_change
3,2019-03-01,2018-06-01,9,866703.0199631702,883034.0,seasonal_ridge_change
3,2019-04-01,2018-06-01,10,867693.5483268271,891193.0,seasonal_ridge_change
3,2019-05-01,2018-06-01,11,867360.1641380534,889878.0,seasonal_ridge_change
3,2019-06-01,2018-06-01,12,865515.7217853215,878690.0,seasonal_ridge_change
4,2018-07-01,2018-06-01,1,22088.691667555668,21418.0,seasonal_ridge_change
4,2018-08-01,2018-06-01,2,22147.083559198294,22309.0,seasonal_ridge_change
4,2018-09-01,2018-06-01,3,22220.004778092705,21523.0,seasonal_ridge_change
4,2018-10-01,2018-06-01,4,22305.74872629355,22068.0,seasonal_ridge_change
4,2018-11-01,2018-06-01,5,22406.114783133475,23711.0,seasonal_ridge_change
4,2018-12-01,2018-06-01,6,22516.176547450345,21540.0,seasonal_ridge_change
4,2019-01-01,2018-06-01,7,22631.671983892906,20798.0,seasonal_ridge_change
4,2019-02-01,2018-06-01,8,22741.674631993767,20715.0,seasonal_ridge_change
4,2019-03-01,2018-06-01,9,22828.296386279562,22905.0,seasonal_ridge_change
4,2019-04-01,2018-06-01,10,22909.94722067316,24151.0,seasonal_ridge_change
4,2019-05-01,2018-06-01,11,22973.20401353494,25317.0,seasonal_ridge_change
4,2019-06-01,2018-06-01,12,23024.151009128444,21857.0,seasonal_ridge_change
5,2018-07-01,2018-06-01,1,50052.0735260612,49029.0,seasonal_ridge_change
5,2018-08-01,2018-06-01,2,49549.13940674303,48728.0,seasonal_ridge_change
5,2018-09-01,2018-06-01,3,49279.50474656115,49086.0,seasonal_ridge_change
5,2018-10-01,2018-06-01,4,49645.41227360732,49209.0,seasonal_ridge_change
5,2018-11-01,2018-06-01,5,50361.37502629944,46399.0,seasonal_ridge_change
5,2018-12-01,2018-06-01,6,51003.83853791886,45152.0,seasonal_ridge_change
5,2019-01-01,2018-06-01,7,51234.124184495566,49359.0,seasonal_ridge_change
5,2019-02-01,2018-06-01,8,51355.6804870409,51643.0,seasonal_ridge_change
5,2019-03-01,2018-06-01,9,51651.14951372662,49767.0,seasonal_ridge_change
5,2019-04-01,2018-06-01,10,51763.80430703065,53082.0,seasonal_ridge_change
5,2019-05-01,2018-06-01,11,51902.27352331026,52006.0,seasonal_ridge_change
5,2019-06-01,2018-06-01,12,51314.08569920607,50711.0,seasonal_ridge_change
1,2018-07-01,2018-06-01,1,15453.318950420033,11942.0,polynomial_ridge_change
1,2018-08-01,2018-06-01,2,15240.726751683815,11359.0,polynomial_ridge_change
1,2018-09-01,2018-06-01,3,14768.708063387894,12259.0,polynomial_ridge_change
1,2018-10-01,2018-06-01,4,14540.94407081031,10961.0,polynomial_ridge_change
1,2018-11-01,2018-06-01,5,14414.792636994041,12290.0,polynomial_ridge_change
1,2018-12-01,2018-06-01,6,14392.051597941312,11655.0,polynomial_ridge_change
1,2019-01-01,2018-06-01,7,14542.77845093077,13175.0,polynomial_ridge_change
1,2019-02-01,2018-06-01,8,14691.138848254053,11704.0,polynomial_ridge_change
1,2019-03-01,2018-06-01,9,14739.592849514895,13873.0,polynomial_ridge_change
1,2019-04-01,2018-06-01,10,14859.84165847603,12654.0,polynomial_ridge_change
1,2019-05-01,2018-06-01,11,14775.511807933273,15125.0,polynomial_ridge_change
1,2019-06-01,2018-06-01,12,14687.652481919406,14786.0,polynomial_ridge_change
2,2018-07-01,2018-06-01,1,109119.67509282863,107744.0,polynomial_ridge_change
2,2018-08-01,2018-06-01,2,106979.94149275945,111093.0,polynomial_ridge_change
2,2018-09-01,2018-06-01,3,105709.02450869684,113024.0,polynomial_ridge_change
2,2018-10-01,2018-06-01,4,105573.84773145219,124368.0,polynomial_ridge_change
2,2018-11-01,2018-06-01,5,106409.81308595584,129427.0,polynomial_ridge_change
2,2018-12-01,2018-06-01,6,107487.91245000373,132102.0,polynomial_ridge_change
2,2019-01-01,2018-06-01,7,108384.80504950628,133648.0,polynomial_ridge_change
2,2019-02-01,2018-06-01,8,109128.69761221601,138140.0,polynomial_ridge_change
2,2019-03-01,2018-06-01,9,109875.87464713851,138437.0,polynomial_ridge_change
2,2019-04-01,2018-06-01,10,109661.50677520667,137310.0,polynomial_ridge_change
2,2019-05-01,2018-06-01,11,108743.70866613866,143617.0,polynomial_ridge_change
2,2019-06-01,2018-06-01,12,107164.65245911766,142220.0,polynomial_ridge_change
3,2018-07-01,2018-06-01,1,867785.4788931914,879521.0,polynomial_ridge_change
3,2018-08-01,2018-06-01,2,864000.3401503494,874105.0,polynomial_ridge_change
3,2018-09-01,2018-06-01,3,860680.6222980714,880801.0,polynomial_ridge_change
3,2018-10-01,2018-06-01,4,858562.281461808,882042.0,polynomial_ridge_change
3,2018-11-01,2018-06-01,5,857957.3320923417,887119.0,polynomial_ridge_change
3,2018-12-01,2018-06-01,6,859107.0612679148,881191.0,polynomial_ridge_change
3,2019-01-01,2018-06-01,7,861487.7795198122,881131.0,polynomial_ridge_change
3,2019-02-01,2018-06-01,8,864222.5747719787,878584.0,polynomial_ridge_change
3,2019-03-01,2018-06-01,9,866703.0199631702,883034.0,polynomial_ridge_change
3,2019-04-01,2018-06-01,10,867693.5483268271,891193.0,polynomial_ridge_change
3,2019-05-01,2018-06-01,11,867360.1641380534,889878.0,polynomial_ridge_change
3,2019-06-01,2018-06-01,12,865515.7217853215,878690.0,polynomial_ridge_change
4,2018-07-01,2018-06-01,1,22088.691667555668,21418.0,polynomial_ridge_change
4,2018-08-01,2018-06-01,2,22147.083559198294,22309.0,polynomial_ridge_change
4,2018-09-01,2018-06-01,3,22220.004778092705,21523.0,polynomial_ridge_change
4,2018-10-01,2018-06-01,4,22305.74872629355,22068.0,polynomial_ridge_change
4,2018-11-01,2018-06-01,5,22406.114783133475,23711.0,polynomial_ridge_change
4,2018-12-01,2018-06-01,6,22516.176547450345,21540.0,polynomial_ridge_change
4,2019-01-01,2018-06-01,7,22631.671983892906,20798.0,polynomial_ridge_change
4,2019-02-01,2018-06-01,8,22741.674631993767,20715.0,polynomial_ridge_change
4,2019-03-01,2018-06-01,9,22828.296386279562,22905.0,polynomial_ridge_change
4,2019-04-01,2018-06-01,10,22909.94722067316,24151.0,polynomial_ridge_change
4,2019-05-01,2018-06-01,11,22973.20401353494,25317.0,polynomial_ridge_change
4,2019-06-01,2018-06-01,12,23024.151009128444,21857.0,polynomial_ridge_change
5,2018-07-01,2018-06-01,1,50052.0735260612,49029.0,polynomial_ridge_change
5,2018-08-01,2018-06-01,2,49549.13940674303,48728.0,polynomial_ridge_change
5,2018-09-01,2018-06-01,3,49279.50474656116,49086.0,polynomial_ridge_change
5,2018-10-01,2018-06-01,4,49645.412273607326,49209.0,polynomial_ridge_change
5,2018-11-01,2018-06-01,5,50361.37502629945,46399.0,polynomial_ridge_change
5,2018-12-01,2018-06-01,6,51003.83853791887,45152.0,polynomial_ridge_change
5,2019-01-01,2018-06-01,7,51234.12418449557,49359.0,polynomial_ridge_change
5,2019-02-01,2018-06-01,8,51355.68048704091,51643.0,polynomial_ridge_change
5,2019-03-01,2018-06-01,9,51651.14951372662,49767.0,polynomial_ridge_change
5,2019-04-01,2018-06-01,10,51763.80430703065,53082.0,polynomial_ridge_change
5,2019-05-01,2018-06-01,11,51902.27352331026,52006.0,polynomial_ridge_change
5,2019-06-01,2018-06-01,12,51314.08569920607,50711.0,polynomial_ridge_change
1,2018-07-01,2018-06-01,1,15837.468946408884,11942.0,spline_ridge_change
1,2018-08-01,2018-06-01,2,15742.823648914055,11359.0,spline_ridge_change
1,2018-09-01,2018-06-01,3,15614.975005193333,12259.0,spline_ridge_change
1,2018-10-01,2018-06-01,4,15541.181957693929,10961.0,spline_ridge_change
1,2018-11-01,2018-06-01,5,15472.204178807659,12290.0,spline_ridge_change
1,2018-12-01,2018-06-01,6,15422.165721551542,11655.0,spline_ridge_change
1,2019-01-01,2018-06-01,7,15485.541794684685,13175.0,spline_ridge_change
1,2019-02-01,2018-06-01,8,15602.7652170372,11704.0,spline_ridge_change
1,2019-03-01,2018-06-01,9,15752.56808165782,13873.0,spline_ridge_change
1,2019-04-01,2018-06-01,10,15846.075511968884,12654.0,spline_ridge_change
1,2019-05-01,2018-06-01,11,15767.67054907846,15125.0,spline_ridge_change
1,2019-06-01,2018-06-01,12,15605.543978379028,14786.0,spline_ridge_change
2,2018-07-01,2018-06-01,1,110380.74019836422,107744.0,spline_ridge_change
2,2018-08-01,2018-06-01,2,108994.09125614927,111093.0,spline_ridge_change
2,2018-09-01,2018-06-01,3,107913.5786365947,113024.0,spline_ridge_change
2,2018-10-01,2018-06-01,4,107459.2701115398,124368.0,spline_ridge_change
2,2018-11-01,2018-06-01,5,107341.22169020398,129427.0,spline_ridge_change
2,2018-12-01,2018-06-01,6,107249.00369477204,132102.0,spline_ridge_change
2,2019-01-01,2018-06-01,7,106805.19994235218,133648.0,spline_ridge_change
2,2019-02-01,2018-06-01,8,106489.97829798568,138140.0,spline_ridge_change
2,2019-03-01,2018-06-01,9,106555.35639921155,138437.0,spline_ridge_change
2,2019-04-01,2018-06-01,10,105759.47329905648,137310.0,spline_ridge_change
2,2019-05-01,2018-06-01,11,104663.15979859249,143617.0,spline_ridge_change
2,2019-06-01,2018-06-01,12,103166.02540517872,142220.0,spline_ridge_change
3,2018-07-01,2018-06-01,1,870417.0079722428,879521.0,spline_ridge_change
3,2018-08-01,2018-06-01,2,868191.0226003636,874105.0,spline_ridge_change
3,2018-09-01,2018-06-01,3,866874.1676657321,880801.0,spline_ridge_change
3,2018-10-01,2018-06-01,4,865443.3418603269,882042.0,spline_ridge_change
3,2018-11-01,2018-06-01,5,863068.8303304964,887119.0,spline_ridge_change
3,2018-12-01,2018-06-01,6,860645.2385626846,881191.0,spline_ridge_change
3,2019-01-01,2018-06-01,7,860339.8376388581,881131.0,spline_ridge_change
3,2019-02-01,2018-06-01,8,861416.6859387073,878584.0,spline_ridge_change
3,2019-03-01,2018-06-01,9,861690.3801206148,883034.0,spline_ridge_change
3,2019-04-01,2018-06-01,10,861883.9262605925,891193.0,spline_ridge_change
3,2019-05-01,2018-06-01,11,860631.51081142,889878.0,spline_ridge_change
3,2019-06-01,2018-06-01,12,857974.0996240283,878690.0,spline_ridge_change
4,2018-07-01,2018-06-01,1,21848.298450685914,21418.0,spline_ridge_change
4,2018-08-01,2018-06-01,2,21884.412708487456,22309.0,spline_ridge_change
4,2018-09-01,2018-06-01,3,21930.667019885484,21523.0,spline_ridge_change
4,2018-10-01,2018-06-01,4,22048.05396700036,22068.0,spline_ridge_change
4,2018-11-01,2018-06-01,5,22069.30875673068,23711.0,spline_ridge_change
4,2018-12-01,2018-06-01,6,22021.2669921634,21540.0,spline_ridge_change
4,2019-01-01,2018-06-01,7,21962.202667291738,20798.0,spline_ridge_change
4,2019-02-01,2018-06-01,8,22035.38070577047,20715.0,spline_ridge_change
4,2019-03-01,2018-06-01,9,22299.603123171677,22905.0,spline_ridge_change
4,2019-04-01,2018-06-01,10,22320.056867098934,24151.0,spline_ridge_change
4,2019-05-01,2018-06-01,11,22247.828148467765,25317.0,spline_ridge_change
4,2019-06-01,2018-06-01,12,22010.879128876106,21857.0,spline_ridge_change
5,2018-07-01,2018-06-01,1,49813.87146287346,49029.0,spline_ridge_change
5,2018-08-01,2018-06-01,2,49191.86930775327,48728.0,spline_ridge_change
5,2018-09-01,2018-06-01,3,48751.77306276511,49086.0,spline_ridge_change
5,2018-10-01,2018-06-01,4,48843.285682518974,49209.0,spline_ridge_change
5,2018-11-01,2018-06-01,5,48813.10880513881,46399.0,spline_ridge_change
5,2018-12-01,2018-06-01,6,48554.45959930771,45152.0,spline_ridge_change
5,2019-01-01,2018-06-01,7,48719.85691261367,49359.0,spline_ridge_change
5,2019-02-01,2018-06-01,8,49082.455300841066,51643.0,spline_ridge_change
5,2019-03-01,2018-06-01,9,49496.23664477406,49767.0,spline_ridge_change
5,2019-04-01,2018-06-01,10,49516.94757260382,53082.0,spline_ridge_change
5,2019-05-01,2018-06-01,11,49238.254987992776,52006.0,spline_ridge_change
5,2019-06-01,2018-06-01,12,48007.84893774128,50711.0,spline_ridge_change
1,2018-07-01,2018-06-01,1,15546.704285825157,11942.0,random_forest_change
1,2018-08-01,2018-06-01,2,15535.338604726534,11359.0,random_forest_change
1,2018-09-01,2018-06-01,3,14902.182515479062,12259.0,random_forest_change
1,2018-10-01,2018-06-01,4,14553.293078407487,10961.0,random_forest_change
1,2018-11-01,2018-06-01,5,14181.107273570284,12290.0,random_forest_change
1,2018-12-01,2018-06-01,6,13819.420265061026,11655.0,random_forest_change
1,2019-01-01,2018-06-01,7,13762.067311256496,13175.0,random_forest_change
1,2019-02-01,2018-06-01,8,13763.438708228767,11704.0,random_forest_change
1,2019-03-01,2018-06-01,9,13778.782954948245,13873.0,random_forest_change
1,2019-04-01,2018-06-01,10,14176.207294568054,12654.0,random_forest_change
1,2019-05-01,2018-06-01,11,14027.269308094952,15125.0,random_forest_change
1,2019-06-01,2018-06-01,12,13677.440501746372,14786.0,random_forest_change
2,2018-07-01,2018-06-01,1,109493.975468655,107744.0,random_forest_change
2,2018-08-01,2018-06-01,2,106703.62412891375,111093.0,random_forest_change
2,2018-09-01,2018-06-01,3,104214.41762933141,113024.0,random_forest_change
2,2018-10-01,2018-06-01,4,102409.10988399205,124368.0,random_forest_change
2,2018-11-01,2018-06-01,5,101840.84876546588,129427.0,random_forest_change
2,2018-12-01,2018-06-01,6,100428.28226882043,132102.0,random_forest_change
2,2019-01-01,2018-06-01,7,98857.72035334604,133648.0,random_forest_change
2,2019-02-01,2018-06-01,8,97435.21687852107,138140.0,random_forest_change
2,2019-03-01,2018-06-01,9,97058.72089658136,138437.0,random_forest_change
2,2019-04-01,2018-06-01,10,94589.18593104255,137310.0,random_forest_change
2,2019-05-01,2018-06-01,11,91470.25608612449,143617.0,random_forest_change
2,2019-06-01,2018-06-01,12,88394.31778939284,142220.0,random_forest_change
3,2018-07-01,2018-06-01,1,866246.0687702297,879521.0,random_forest_change
3,2018-08-01,2018-06-01,2,861523.8576729054,874105.0,random_forest_change
3,2018-09-01,2018-06-01,3,857984.9260586124,880801.0,random_forest_change
3,2018-10-01,2018-06-01,4,856194.383411181,882042.0,random_forest_change
3,2018-11-01,2018-06-01,5,851562.2274777193,887119.0,random_forest_change
3,2018-12-01,2018-06-01,6,844597.5079780049,881191.0,random_forest_change
3,2019-01-01,2018-06-01,7,854643.4683527665,881131.0,random_forest_change
3,2019-02-01,2018-06-01,8,862396.827812785,878584.0,random_forest_change
3,2019-03-01,2018-06-01,9,869517.077220478,883034.0,random_forest_change
3,2019-04-01,2018-06-01,10,872740.4890563906,891193.0,random_forest_change
3,2019-05-01,2018-06-01,11,871863.4083628516,889878.0,random_forest_change
3,2019-06-01,2018-06-01,12,865024.6051169138,878690.0,random_forest_change
4,2018-07-01,2018-06-01,1,21673.895644226228,21418.0,random_forest_change
4,2018-08-01,2018-06-01,2,21966.47957411627,22309.0,random_forest_change
4,2018-09-01,2018-06-01,3,22101.705452876635,21523.0,random_forest_change
4,2018-10-01,2018-06-01,4,22369.187056639505,22068.0,random_forest_change
4,2018-11-01,2018-06-01,5,22550.721403338768,23711.0,random_forest_change
4,2018-12-01,2018-06-01,6,22793.743916245407,21540.0,random_forest_change
4,2019-01-01,2018-06-01,7,23062.19773755564,20798.0,random_forest_change
4,2019-02-01,2018-06-01,8,23390.673186383177,20715.0,random_forest_change
4,2019-03-01,2018-06-01,9,23823.798641418904,22905.0,random_forest_change
4,2019-04-01,2018-06-01,10,24013.58498182642,24151.0,random_forest_change
4,2019-05-01,2018-06-01,11,23655.937788112267,25317.0,random_forest_change
4,2019-06-01,2018-06-01,12,23306.550647862412,21857.0,random_forest_change
5,2018-07-01,2018-06-01,1,51218.10177582834,49029.0,random_forest_change
5,2018-08-01,2018-06-01,2,50712.23597843828,48728.0,random_forest_change
5,2018-09-01,2018-06-01,3,50403.37755535732,49086.0,random_forest_change
5,2018-10-01,2018-06-01,4,51258.734563031554,49209.0,random_forest_change
5,2018-11-01,2018-06-01,5,52004.659635774806,46399.0,random_forest_change
5,2018-12-01,2018-06-01,6,52672.40458343279,45152.0,random_forest_change
5,2019-01-01,2018-06-01,7,52847.185309731576,49359.0,random_forest_change
5,2019-02-01,2018-06-01,8,52831.15359768563,51643.0,random_forest_change
5,2019-03-01,2018-06-01,9,53263.247524416875,49767.0,random_forest_change
5,2019-04-01,2018-06-01,10,53326.95712477893,53082.0,random_forest_change
5,2019-05-01,2018-06-01,11,53729.043871741946,52006.0,random_forest_change
5,2019-06-01,2018-06-01,12,52999.7356517009,50711.0,random_forest_change
1,2018-07-01,2018-06-01,1,15399.591796875,11942.0,xgboost_change
1,2018-08-01,2018-06-01,2,14970.9404296875,11359.0,xgboost_change
1,2018-09-01,2018-06-01,3,14168.3291015625,12259.0,xgboost_change
1,2018-10-01,2018-06-01,4,13990.708984375,10961.0,xgboost_change
1,2018-11-01,2018-06-01,5,13514.0830078125,12290.0,xgboost_change
1,2018-12-01,2018-06-01,6,13323.0810546875,11655.0,xgboost_change
1,2019-01-01,2018-06-01,7,13607.880859375,13175.0,xgboost_change
1,2019-02-01,2018-06-01,8,13696.0791015625,11704.0,xgboost_change
1,2019-03-01,2018-06-01,9,14001.4501953125,13873.0,xgboost_change
1,2019-04-01,2018-06-01,10,14071.2099609375,12654.0,xgboost_change
1,2019-05-01,2018-06-01,11,13799.8720703125,15125.0,xgboost_change
1,2019-06-01,2018-06-01,12,13545.4970703125,14786.0,xgboost_change
2,2018-07-01,2018-06-01,1,107632.4765625,107744.0,xgboost_change
2,2018-08-01,2018-06-01,2,105835.84375,111093.0,xgboost_change
2,2018-09-01,2018-06-01,3,103361.578125,113024.0,xgboost_change
2,2018-10-01,2018-06-01,4,102162.9453125,124368.0,xgboost_change
2,2018-11-01,2018-06-01,5,100505.4296875,129427.0,xgboost_change
2,2018-12-01,2018-06-01,6,100210.3125,132102.0,xgboost_change
2,2019-01-01,2018-06-01,7,98783.2265625,133648.0,xgboost_change
2,2019-02-01,2018-06-01,8,97591.0859375,138140.0,xgboost_change
2,2019-03-01,2018-06-01,9,97873.3359375,138437.0,xgboost_change
2,2019-04-01,2018-06-01,10,96199.453125,137310.0,xgboost_change
2,2019-05-01,2018-06-01,11,93533.4453125,143617.0,xgboost_change
2,2019-06-01,2018-06-01,12,90169.2421875,142220.0,xgboost_change
3,2018-07-01,2018-06-01,1,865080.9375,879521.0,xgboost_change
3,2018-08-01,2018-06-01,2,860160.625,874105.0,xgboost_change
3,2018-09-01,2018-06-01,3,856187.125,880801.0,xgboost_change
3,2018-10-01,2018-06-01,4,857404.75,882042.0,xgboost_change
3,2018-11-01,2018-06-01,5,855281.125,887119.0,xgboost_change
3,2018-12-01,2018-06-01,6,853124.0625,881191.0,xgboost_change
3,2019-01-01,2018-06-01,7,861154.1875,881131.0,xgboost_change
3,2019-02-01,2018-06-01,8,868428.0625,878584.0,xgboost_change
3,2019-03-01,2018-06-01,9,875161.3125,883034.0,xgboost_change
3,2019-04-01,2018-06-01,10,877867.9375,891193.0,xgboost_change
3,2019-05-01,2018-06-01,11,877819.25,889878.0,xgboost_change
3,2019-06-01,2018-06-01,12,872266.875,878690.0,xgboost_change
4,2018-07-01,2018-06-01,1,21425.841796875,21418.0,xgboost_change
4,2018-08-01,2018-06-01,2,21817.345703125,22309.0,xgboost_change
4,2018-09-01,2018-06-01,3,21779.162109375,21523.0,xgboost_change
4,2018-10-01,2018-06-01,4,21881.689453125,22068.0,xgboost_change
4,2018-11-01,2018-06-01,5,21929.630859375,23711.0,xgboost_change
4,2018-12-01,2018-06-01,6,21960.958984375,21540.0,xgboost_change
4,2019-01-01,2018-06-01,7,21946.77734375,20798.0,xgboost_change
4,2019-02-01,2018-06-01,8,22082.830078125,20715.0,xgboost_change
4,2019-03-01,2018-06-01,9,22441.904296875,22905.0,xgboost_change
4,2019-04-01,2018-06-01,10,22389.443359375,24151.0,xgboost_change
4,2019-05-01,2018-06-01,11,21893.2109375,25317.0,xgboost_change
4,2019-06-01,2018-06-01,12,21404.96484375,21857.0,xgboost_change
5,2018-07-01,2018-06-01,1,50216.66015625,49029.0,xgboost_change
5,2018-08-01,2018-06-01,2,49314.2109375,48728.0,xgboost_change
5,2018-09-01,2018-06-01,3,49093.75,49086.0,xgboost_change
5,2018-10-01,2018-06-01,4,50142.11328125,49209.0,xgboost_change
5,2018-11-01,2018-06-01,5,50731.2890625,46399.0,xgboost_change
5,2018-12-01,2018-06-01,6,52160.52734375,45152.0,xgboost_change
5,2019-01-01,2018-06-01,7,52362.1875,49359.0,xgboost_change
5,2019-02-01,2018-06-01,8,52684.08984375,51643.0,xgboost_change
5,2019-03-01,2018-06-01,9,54269.22265625,49767.0,xgboost_change
5,2019-04-01,2018-06-01,10,53441.16796875,53082.0,xgboost_change
5,2019-05-01,2018-06-01,11,53290.90625,52006.0,xgboost_change
5,2019-06-01,2018-06-01,12,51380.34765625,50711.0,xgboost_change
1,2018-07-01,2018-06-01,1,14817.553646321932,11942.0,neural_network_change
1,2018-08-01,2018-06-01,2,14843.405990081432,11359.0,neural_network_change
1,2018-09-01,2018-06-01,3,13592.452269325659,12259.0,neural_network_change
1,2018-10-01,2018-06-01,4,13347.648795181594,10961.0,neural_network_change
1,2018-11-01,2018-06-01,5,13112.772760757523,12290.0,neural_network_change
1,2018-12-01,2018-06-01,6,13067.480000183543,11655.0,neural_network_change
1,2019-01-01,2018-06-01,7,13567.08878179989,13175.0,neural_network_change
1,2019-02-01,2018-06-01,8,13947.797244777581,11704.0,neural_network_change
1,2019-03-01,2018-06-01,9,13941.099318029821,13873.0,neural_network_change
1,2019-04-01,2018-06-01,10,14589.833486676356,12654.0,neural_network_change
1,2019-05-01,2018-06-01,11,14495.128044816014,15125.0,neural_network_change
1,2019-06-01,2018-06-01,12,14740.271360435789,14786.0,neural_network_change
2,2018-07-01,2018-06-01,1,109840.16556161958,107744.0,neural_network_change
2,2018-08-01,2018-06-01,2,107335.76769498439,111093.0,neural_network_change
2,2018-09-01,2018-06-01,3,105733.69368765401,113024.0,neural_network_change
2,2018-10-01,2018-06-01,4,105842.21786738916,124368.0,neural_network_change
2,2018-11-01,2018-06-01,5,107589.26038405224,129427.0,neural_network_change
2,2018-12-01,2018-06-01,6,109911.27973269693,132102.0,neural_network_change
2,2019-01-01,2018-06-01,7,112140.59721005544,133648.0,neural_network_change
2,2019-02-01,2018-06-01,8,114357.6933592923,138140.0,neural_network_change
2,2019-03-01,2018-06-01,9,116741.39507280139,138437.0,neural_network_change
2,2019-04-01,2018-06-01,10,117747.11591379873,137310.0,neural_network_change
2,2019-05-01,2018-06-01,11,117570.82980795414,143617.0,neural_network_change
2,2019-06-01,2018-06-01,12,116142.86475914618,142220.0,neural_network_change
3,2018-07-01,2018-06-01,1,860162.6612063035,879521.0,neural_network_change
3,2018-08-01,2018-06-01,2,852389.4014473755,874105.0,neural_network_change
3,2018-09-01,2018-06-01,3,846078.6370807219,880801.0,neural_network_change
3,2018-10-01,2018-06-01,4,841510.0595553983,882042.0,neural_network_change
3,2018-11-01,2018-06-01,5,840314.6155192582,887119.0,neural_network_change
3,2018-12-01,2018-06-01,6,843889.3667420486,881191.0,neural_network_change
3,2019-01-01,2018-06-01,7,851618.7482469562,881131.0,neural_network_change
3,2019-02-01,2018-06-01,8,859649.261330129,878584.0,neural_network_change
3,2019-03-01,2018-06-01,9,865029.7063953006,883034.0,neural_network_change
3,2019-04-01,2018-06-01,10,866525.0762445226,891193.0,neural_network_change
3,2019-05-01,2018-06-01,11,863795.2376178486,889878.0,neural_network_change
3,2019-06-01,2018-06-01,12,857076.6827036232,878690.0,neural_network_change
4,2018-07-01,2018-06-01,1,22138.08702062688,21418.0,neural_network_change
4,2018-08-01,2018-06-01,2,22220.17404136797,22309.0,neural_network_change
4,2018-09-01,2018-06-01,3,22302.26106217421,21523.0,neural_network_change
4,2018-10-01,2018-06-01,4,22384.348083043024,22068.0,neural_network_change
4,2018-11-01,2018-06-01,5,22466.435103984535,23711.0,neural_network_change
4,2018-12-01,2018-06-01,6,22548.52212497949,21540.0,neural_network_change
4,2019-01-01,2018-06-01,7,22630.609145940638,20798.0,neural_network_change
4,2019-02-01,2018-06-01,8,22712.696166918056,20715.0,neural_network_change
4,2019-03-01,2018-06-01,9,22794.783187949477,22905.0,neural_network_change
4,2019-04-01,2018-06-01,10,22876.870208819633,24151.0,neural_network_change
4,2019-05-01,2018-06-01,11,22958.95722963155,25317.0,neural_network_change
4,2019-06-01,2018-06-01,12,23041.044250371833,21857.0,neural_network_change
5,2018-07-01,2018-06-01,1,49479.0195353707,49029.0,neural_network_change
5,2018-08-01,2018-06-01,2,49275.12964809338,48728.0,neural_network_change
5,2018-09-01,2018-06-01,3,49460.88679302959,49086.0,neural_network_change
5,2018-10-01,2018-06-01,4,50612.275353262376,49209.0,neural_network_change
5,2018-11-01,2018-06-01,5,52115.327016679905,46399.0,neural_network_change
5,2018-12-01,2018-06-01,6,52995.13057772627,45152.0,neural_network_change
5,2019-01-01,2018-06-01,7,52790.39426411398,49359.0,neural_network_change
5,2019-02-01,2018-06-01,8,52617.24454691343,51643.0,neural_network_change
5,2019-03-01,2018-06-01,9,53111.23171934216,49767.0,neural_network_change
5,2019-04-01,2018-06-01,10,52971.550282573735,53082.0,neural_network_change
5,2019-05-01,2018-06-01,11,52955.994359381686,52006.0,neural_network_change
5,2019-06-01,2018-06-01,12,51702.92089006891,50711.0,neural_network_change
1,2018-07-01,2018-06-01,1,16068.495455172028,11942.0,rolling_ridge_change
1,2018-08-01,2018-06-01,2,16047.754753961603,11359.0,rolling_ridge_change
1,2018-09-01,2018-06-01,3,16018.882722066497,12259.0,rolling_ridge_change
1,2018-10-01,2018-06-01,4,16030.447127729849,10961.0,rolling_ridge_change
1,2018-11-01,2018-06-01,5,16039.542240164375,12290.0,rolling_ridge_change
1,2018-12-01,2018-06-01,6,16083.475779965991,11655.0,rolling_ridge_change
1,2019-01-01,2018-06-01,7,16133.95703193574,13175.0,rolling_ridge_change
1,2019-02-01,2018-06-01,8,16180.51209478565,11704.0,rolling_ridge_change
1,2019-03-01,2018-06-01,9,16287.74176960146,13873.0,rolling_ridge_change
1,2019-04-01,2018-06-01,10,16345.93662372963,12654.0,rolling_ridge_change
1,2019-05-01,2018-06-01,11,16367.440035407379,15125.0,rolling_ridge_change
1,2019-06-01,2018-06-01,12,16355.294126872828,14786.0,rolling_ridge_change
2,2018-07-01,2018-06-01,1,109530.2903786905,107744.0,rolling_ridge_change
2,2018-08-01,2018-06-01,2,107559.32898966757,111093.0,rolling_ridge_change
2,2018-09-01,2018-06-01,3,106142.91916759839,113024.0,rolling_ridge_change
2,2018-10-01,2018-06-01,4,105714.22141407595,124368.0,rolling_ridge_change
2,2018-11-01,2018-06-01,5,106203.19160292429,129427.0,rolling_ridge_change
2,2018-12-01,2018-06-01,6,106760.02813351658,132102.0,rolling_ridge_change
2,2019-01-01,2018-06-01,7,106865.8457099009,133648.0,rolling_ridge_change
2,2019-02-01,2018-06-01,8,106878.83863209958,138140.0,rolling_ridge_change
2,2019-03-01,2018-06-01,9,107141.31086480764,138437.0,rolling_ridge_change
2,2019-04-01,2018-06-01,10,106616.9875272188,137310.0,rolling_ridge_change
2,2019-05-01,2018-06-01,11,105578.29196569815,143617.0,rolling_ridge_change
2,2019-06-01,2018-06-01,12,104029.30812723603,142220.0,rolling_ridge_change
3,2018-07-01,2018-06-01,1,868326.5842512815,879521.0,rolling_ridge_change
3,2018-08-01,2018-06-01,2,865530.9361981344,874105.0,rolling_ridge_change
3,2018-09-01,2018-06-01,3,863105.5054021403,880801.0,rolling_ridge_change
3,2018-10-01,2018-06-01,4,861259.5884849961,882042.0,rolling_ridge_change
3,2018-11-01,2018-06-01,5,860716.5169360504,887119.0,rolling_ridge_change
3,2018-12-01,2018-06-01,6,861898.9594583077,881191.0,rolling_ridge_change
3,2019-01-01,2018-06-01,7,864009.5777012985,881131.0,rolling_ridge_change
3,2019-02-01,2018-06-01,8,865729.0742037281,878584.0,rolling_ridge_change
3,2019-03-01,2018-06-01,9,866310.0334881847,883034.0,rolling_ridge_change
3,2019-04-01,2018-06-01,10,866541.6560164519,891193.0,rolling_ridge_change
3,2019-05-01,2018-06-01,11,865561.3693244779,889878.0,rolling_ridge_change
3,2019-06-01,2018-06-01,12,863514.4889909767,878690.0,rolling_ridge_change
4,2018-07-01,2018-06-01,1,21872.105435855476,21418.0,rolling_ridge_change
4,2018-08-01,2018-06-01,2,21794.31108603774,22309.0,rolling_ridge_change
4,2018-09-01,2018-06-01,3,21781.605430977805,21523.0,rolling_ridge_change
4,2018-10-01,2018-06-01,4,21849.745773087452,22068.0,rolling_ridge_change
4,2018-11-01,2018-06-01,5,21977.97389963549,23711.0,rolling_ridge_change
4,2018-12-01,2018-06-01,6,22161.152268977545,21540.0,rolling_ridge_change
4,2019-01-01,2018-06-01,7,22336.516596124628,20798.0,rolling_ridge_change
4,2019-02-01,2018-06-01,8,22480.671574602253,20715.0,rolling_ridge_change
4,2019-03-01,2018-06-01,9,22593.976996966197,22905.0,rolling_ridge_change
4,2019-04-01,2018-06-01,10,22588.99235958926,24151.0,rolling_ridge_change
4,2019-05-01,2018-06-01,11,22494.672858141606,25317.0,rolling_ridge_change
4,2019-06-01,2018-06-01,12,22326.67022898656,21857.0,rolling_ridge_change
5,2018-07-01,2018-06-01,1,50350.71316612298,49029.0,rolling_ridge_change
5,2018-08-01,2018-06-01,2,49747.78926658254,48728.0,rolling_ridge_change
5,2018-09-01,2018-06-01,3,49274.520899569456,49086.0,rolling_ridge_change
5,2018-10-01,2018-06-01,4,49330.53523671468,49209.0,rolling_ridge_change
5,2018-11-01,2018-06-01,5,49724.183066241734,46399.0,rolling_ridge_change
5,2018-12-01,2018-06-01,6,50116.81233792397,45152.0,rolling_ridge_change
5,2019-01-01,2018-06-01,7,50271.22973370378,49359.0,rolling_ridge_change
5,2019-02-01,2018-06-01,8,50379.65145213865,51643.0,rolling_ridge_change
5,2019-03-01,2018-06-01,9,50573.12193737575,49767.0,rolling_ridge_change
5,2019-04-01,2018-06-01,10,50780.56918041472,53082.0,rolling_ridge_change
5,2019-05-01,2018-06-01,11,51025.19539947675,52006.0,rolling_ridge_change
5,2019-06-01,2018-06-01,12,50635.90328067207,50711.0,rolling_ridge_change
1,2018-07-01,2018-06-01,1,15761.659475210017,11942.0,damped_ridge_change
1,2018-08-01,2018-06-01,2,15613.547315911905,11359.0,damped_ridge_change
1,2018-09-01,2018-06-01,3,15354.25002222583,12259.0,damped_ridge_change
1,2018-10-01,2018-06-01,4,15193.934795893318,10961.0,damped_ridge_change
1,2018-11-01,2018-06-01,5,15094.093855192583,12290.0,damped_ridge_change
1,2018-12-01,2018-06-01,6,15048.355807049422,11655.0,damped_ridge_change
1,2019-01-01,2018-06-01,7,15094.797637246882,13175.0,damped_ridge_change
1,2019-02-01,2018-06-01,8,15152.164926891388,11704.0,damped_ridge_change
1,2019-03-01,2018-06-01,9,15162.695191891762,13873.0,damped_ridge_change
1,2019-04-01,2018-06-01,10,15206.217619845896,12654.0,damped_ridge_change
1,2019-05-01,2018-06-01,11,15154.501732555551,15125.0,damped_ridge_change
1,2019-06-01,2018-06-01,12,15089.811680911058,14786.0,damped_ridge_change
2,2018-07-01,2018-06-01,1,110432.18629148357,107744.0,damped_ridge_change
2,2018-08-01,2018-06-01,2,109539.30028963329,111093.0,damped_ridge_change
2,2018-09-01,2018-06-01,3,109325.67918540807,113024.0,damped_ridge_change
2,2018-10-01,2018-06-01,4,109989.44335383145,124368.0,damped_ridge_change
2,2018-11-01,2018-06-01,5,111318.44247851937,129427.0,damped_ridge_change
2,2018-12-01,2018-06-01,6,112700.79021101375,132102.0,damped_ridge_change
2,2019-01-01,2018-06-01,7,113861.60556610046,133648.0,damped_ridge_change
2,2019-02-01,2018-06-01,8,114940.09664043869,138140.0,damped_ridge_change
2,2019-03-01,2018-06-01,9,116112.440374785,138437.0,damped_ridge_change
2,2019-04-01,2018-06-01,10,116560.79138247203,137310.0,damped_ridge_change
2,2019-05-01,2018-06-01,11,116533.30477291698,143617.0,damped_ridge_change
2,2019-06-01,2018-06-01,12,116049.24622556097,142220.0,damped_ridge_change
3,2018-07-01,2018-06-01,1,867682.6005032427,879521.0,damped_ridge_change
3,2018-08-01,2018-06-01,2,864754.3194781066,874105.0,damped_ridge_change
3,2018-09-01,2018-06-01,3,862116.7008018044,880801.0,damped_ridge_change
3,2018-10-01,2018-06-01,4,859747.0682275122,882042.0,damped_ridge_change
3,2018-11-01,2018-06-01,5,858570.0955352931,887119.0,damped_ridge_change
3,2018-12-01,2018-06-01,6,858809.8884925124,881191.0,damped_ridge_change
3,2019-01-01,2018-06-01,7,860646.4406043637,881131.0,damped_ridge_change
3,2019-02-01,2018-06-01,8,862699.7082633758,878584.0,damped_ridge_change
3,2019-03-01,2018-06-01,9,863942.678588917,883034.0,damped_ridge_change
3,2019-04-01,2018-06-01,10,864167.8932144615,891193.0,damped_ridge_change
3,2019-05-01,2018-06-01,11,863271.1279978227,889878.0,damped_ridge_change
3,2019-06-01,2018-06-01,12,861278.0307098884,878690.0,damped_ridge_change
4,2018-07-01,2018-06-01,1,21976.481204291307,21418.0,damped_ridge_change
4,2018-08-01,2018-06-01,2,21974.652575420947,22309.0,damped_ridge_change
4,2018-09-01,2018-06-01,3,22003.148143329116,21523.0,damped_ridge_change
4,2018-10-01,2018-06-01,4,22060.304053574117,22068.0,damped_ridge_change
4,2018-11-01,2018-06-01,5,22152.364147681354,23711.0,damped_ridge_change
4,2018-12-01,2018-06-01,6,22267.17844412171,21540.0,damped_ridge_change
4,2019-01-01,2018-06-01,7,22401.38925239516,20798.0,damped_ridge_change
4,2019-02-01,2018-06-01,8,22518.7872190785,20715.0,damped_ridge_change
4,2019-03-01,2018-06-01,9,22573.996916928758,22905.0,damped_ridge_change
4,2019-04-01,2018-06-01,10,22627.757559920185,24151.0,damped_ridge_change
4,2019-05-01,2018-06-01,11,22631.80392366017,25317.0,damped_ridge_change
4,2019-06-01,2018-06-01,12,22608.656355410916,21857.0,damped_ridge_change
5,2018-07-01,2018-06-01,1,50596.0367630306,49029.0,damped_ridge_change
5,2018-08-01,2018-06-01,2,50306.68586376531,48728.0,damped_ridge_change
5,2018-09-01,2018-06-01,3,50092.733598647486,49086.0,damped_ridge_change
5,2018-10-01,2018-06-01,4,50182.31802060973,49209.0,damped_ridge_change
5,2018-11-01,2018-06-01,5,50463.4743457209,46399.0,damped_ridge_change
5,2018-12-01,2018-06-01,6,50751.5614152306,45152.0,damped_ridge_change
5,2019-01-01,2018-06-01,7,50879.32315335285,49359.0,damped_ridge_change
5,2019-02-01,2018-06-01,8,50977.04379660363,51643.0,damped_ridge_change
5,2019-03-01,2018-06-01,9,51168.352106064405,49767.0,damped_ridge_change
5,2019-04-01,2018-06-01,10,51276.663249415826,53082.0,damped_ridge_change
5,2019-05-01,2018-06-01,11,51403.23477196771,52006.0,damped_ridge_change
5,2019-06-01,2018-06-01,12,51167.51699832699,50711.0,damped_ridge_change
1,2018-07-01,2018-06-01,1,15448.343265459576,11942.0,ensemble_change
1,2018-08-01,2018-06-01,2,15209.102333846868,11359.0,ensemble_change
1,2018-09-01,2018-06-01,3,14738.877271542038,12259.0,ensemble_change
1,2018-10-01,2018-06-01,4,14509.744920752297,10961.0,ensemble_change
1,2018-11-01,2018-06-01,5,14310.471535467668,12290.0,ensemble_change
1,2018-12-01,2018-06-01,6,14140.0630069872,11655.0,ensemble_change
1,2019-01-01,2018-06-01,7,14177.900328483644,13175.0,ensemble_change
1,2019-02-01,2018-06-01,8,14189.938115524848,11704.0,ensemble_change
1,2019-03-01,2018-06-01,9,14335.152070575397,13873.0,ensemble_change
1,2019-04-01,2018-06-01,10,14342.164676640765,12654.0,ensemble_change
1,2019-05-01,2018-06-01,11,14234.425915989897,15125.0,ensemble_change
1,2019-06-01,2018-06-01,12,13996.723534529912,14786.0,ensemble_change
2,2018-07-01,2018-06-01,1,109727.05501594782,107744.0,ensemble_change
2,2018-08-01,2018-06-01,2,107627.61588230224,111093.0,ensemble_change
2,2018-09-01,2018-06-01,3,105737.36422266385,113024.0,ensemble_change
2,2018-10-01,2018-06-01,4,104515.03555455274,124368.0,ensemble_change
2,2018-11-01,2018-06-01,5,104106.20089421653,129427.0,ensemble_change
2,2018-12-01,2018-06-01,6,103597.11792305314,132102.0,ensemble_change
2,2019-01-01,2018-06-01,7,102828.56625928436,133648.0,ensemble_change
2,2019-02-01,2018-06-01,8,102124.24548754521,138140.0,ensemble_change
2,2019-03-01,2018-06-01,9,101831.83700888683,138437.0,ensemble_change
2,2019-04-01,2018-06-01,10,100111.0434393659,137310.0,ensemble_change
2,2019-05-01,2018-06-01,11,97955.252009283,143617.0,ensemble_change
2,2019-06-01,2018-06-01,12,95633.10319380784,142220.0,ensemble_change
3,2018-07-01,2018-06-01,1,867001.4525763745,879521.0,ensemble_change
3,2018-08-01,2018-06-01,2,862783.7675249674,874105.0,ensemble_change
3,2018-09-01,2018-06-01,3,858963.1049563476,880801.0,ensemble_change
3,2018-10-01,2018-06-01,4,856585.8010161272,882042.0,ensemble_change
3,2018-11-01,2018-06-01,5,853456.3701806935,887119.0,ensemble_change
3,2018-12-01,2018-06-01,6,850677.882322617,881191.0,ensemble_change
3,2019-01-01,2018-06-01,7,856462.3805467502,881131.0,ensemble_change
3,2019-02-01,2018-06-01,8,862311.2409330858,878584.0,ensemble_change
3,2019-03-01,2018-06-01,9,868099.3832807292,883034.0,ensemble_change
3,2019-04-01,2018-06-01,10,869922.4326449885,891193.0,ensemble_change
3,2019-05-01,2018-06-01,11,870253.0328391318,889878.0,ensemble_change
3,2019-06-01,2018-06-01,12,865847.2287320434,878690.0,ensemble_change
4,2018-07-01,2018-06-01,1,21725.806794354477,21418.0,ensemble_change
4,2018-08-01,2018-06-01,2,21937.520019926167,22309.0,ensemble_change
4,2018-09-01,2018-06-01,3,22035.299268931572,21523.0,ensemble_change
4,2018-10-01,2018-06-01,4,22251.17881770722,22068.0,ensemble_change
4,2018-11-01,2018-06-01,5,22412.57643917795,23711.0,ensemble_change
4,2018-12-01,2018-06-01,6,22614.366497851322,21540.0,ensemble_change
4,2019-01-01,2018-06-01,7,22849.05538623998,20798.0,ensemble_change
4,2019-02-01,2018-06-01,8,23128.049396339284,20715.0,ensemble_change
4,2019-03-01,2018-06-01,9,23463.73270999078,22905.0,ensemble_change
4,2019-04-01,2018-06-01,10,23606.91701386786,24151.0,ensemble_change
4,2019-05-01,2018-06-01,11,23344.87156791712,25317.0,ensemble_change
4,2019-06-01,2018-06-01,12,23054.336568549712,21857.0,ensemble_change
5,2018-07-01,2018-06-01,1,50738.414992539736,49029.0,ensemble_change
5,2018-08-01,2018-06-01,2,50574.625707108054,48728.0,ensemble_change
5,2018-09-01,2018-06-01,3,50620.83974636101,49086.0,ensemble_change
5,2018-10-01,2018-06-01,4,51270.640046612134,49209.0,ensemble_change
5,2018-11-01,2018-06-01,5,51879.75937410508,46399.0,ensemble_change
5,2018-12-01,2018-06-01,6,52417.207656602564,45152.0,ensemble_change
5,2019-01-01,2018-06-01,7,52844.02548640629,49359.0,ensemble_change
5,2019-02-01,2018-06-01,8,53261.46302011979,51643.0,ensemble_change
5,2019-03-01,2018-06-01,9,53579.37720113981,49767.0,ensemble_change
5,2019-04-01,2018-06-01,10,53573.112257996945,53082.0,ensemble_change
5,2019-05-01,2018-06-01,11,53712.70230328849,52006.0,ensemble_change
5,2019-06-01,2018-06-01,12,52707.267876879225,50711.0,ensemble_change
1,2019-07-01,2019-06-01,1,14786.0,10651.0,persistence
1,2019-08-01,2019-06-01,2,14786.0,10412.0,persistence
1,2019-09-01,2019-06-01,3,14786.0,9779.0,persistence
1,2019-10-01,2019-06-01,4,14786.0,10744.0,persistence
1,2019-11-01,2019-06-01,5,14786.0,10698.0,persistence
1,2019-12-01,2019-06-01,6,14786.0,9646.0,persistence
1,2020-01-01,2019-06-01,7,14786.0,9729.0,persistence
1,2020-02-01,2019-06-01,8,14786.0,10374.0,persistence
1,2020-03-01,2019-06-01,9,14786.0,11369.0,persistence
1,2020-04-01,2019-06-01,10,14786.0,11968.0,persistence
1,2020-05-01,2019-06-01,11,14786.0,12820.0,persistence
1,2020-06-01,2019-06-01,12,14786.0,12539.0,persistence
2,2019-07-01,2019-06-01,1,142220.0,134881.0,persistence
2,2019-08-01,2019-06-01,2,142220.0,125698.0,persistence
2,2019-09-01,2019-06-01,3,142220.0,128143.0,persistence
2,2019-10-01,2019-06-01,4,142220.0,134781.0,persistence
2,2019-11-01,2019-06-01,5,142220.0,130126.0,persistence
2,2019-12-01,2019-06-01,6,142220.0,126547.0,persistence
2,2020-01-01,2019-06-01,7,142220.0,127714.0,persistence
2,2020-02-01,2019-06-01,8,142220.0,126836.0,persistence
2,2020-03-01,2019-06-01,9,142220.0,139824.0,persistence
2,2020-04-01,2019-06-01,10,142220.0,156466.0,persistence
2,2020-05-01,2019-06-01,11,142220.0,140663.0,persistence
2,2020-06-01,2019-06-01,12,142220.0,136483.0,persistence
3,2019-07-01,2019-06-01,1,878690.0,871011.0,persistence
3,2019-08-01,2019-06-01,2,878690.0,872940.0,persistence
3,2019-09-01,2019-06-01,3,878690.0,865421.0,persistence
3,2019-10-01,2019-06-01,4,878690.0,864734.0,persistence
3,2019-11-01,2019-06-01,5,878690.0,863236.0,persistence
3,2019-12-01,2019-06-01,6,878690.0,854758.0,persistence
3,2020-01-01,2019-06-01,7,878690.0,862880.0,persistence
3,2020-02-01,2019-06-01,8,878690.0,876756.0,persistence
3,2020-03-01,2019-06-01,9,878690.0,886386.0,persistence
3,2020-04-01,2019-06-01,10,878690.0,916045.0,persistence
3,2020-05-01,2019-06-01,11,878690.0,934148.0,persistence
3,2020-06-01,2019-06-01,12,878690.0,956570.0,persistence
4,2019-07-01,2019-06-01,1,21857.0,20832.0,persistence
4,2019-08-01,2019-06-01,2,21857.0,20542.0,persistence
4,2019-09-01,2019-06-01,3,21857.0,20850.0,persistence
4,2019-10-01,2019-06-01,4,21857.0,23255.0,persistence
4,2019-11-01,2019-06-01,5,21857.0,24381.0,persistence
4,2019-12-01,2019-06-01,6,21857.0,23890.0,persistence
4,2020-01-01,2019-06-01,7,21857.0,22824.0,persistence
4,2020-02-01,2019-06-01,8,21857.0,21253.0,persistence
4,2020-03-01,2019-06-01,9,21857.0,23655.0,persistence
4,2020-04-01,2019-06-01,10,21857.0,25662.0,persistence
4,2020-05-01,2019-06-01,11,21857.0,24897.0,persistence
4,2020-06-01,2019-06-01,12,21857.0,26525.0,persistence
5,2019-07-01,2019-06-01,1,50711.0,49031.0,persistence
5,2019-08-01,2019-06-01,2,50711.0,45344.0,persistence
5,2019-09-01,2019-06-01,3,50711.0,46239.0,persistence
5,2019-10-01,2019-06-01,4,50711.0,51006.0,persistence
5,2019-11-01,2019-06-01,5,50711.0,52413.0,persistence
5,2019-12-01,2019-06-01,6,50711.0,52898.0,persistence
5,2020-01-01,2019-06-01,7,50711.0,52073.0,persistence
5,2020-02-01,2019-06-01,8,50711.0,52311.0,persistence
5,2020-03-01,2019-06-01,9,50711.0,57074.0,persistence
5,2020-04-01,2019-06-01,10,50711.0,56720.0,persistence
5,2020-05-01,2019-06-01,11,50711.0,57391.0,persistence
5,2020-06-01,2019-06-01,12,50711.0,56563.0,persistence
1,2019-07-01,2019-06-01,1,11942.0,10651.0,seasonal_naive
1,2019-08-01,2019-06-01,2,11359.0,10412.0,seasonal_naive
1,2019-09-01,2019-06-01,3,12259.0,9779.0,seasonal_naive
1,2019-10-01,2019-06-01,4,10961.0,10744.0,seasonal_naive
1,2019-11-01,2019-06-01,5,12290.0,10698.0,seasonal_naive
1,2019-12-01,2019-06-01,6,11655.0,9646.0,seasonal_naive
1,2020-01-01,2019-06-01,7,13175.0,9729.0,seasonal_naive
1,2020-02-01,2019-06-01,8,11704.0,10374.0,seasonal_naive
1,2020-03-01,2019-06-01,9,13873.0,11369.0,seasonal_naive
1,2020-04-01,2019-06-01,10,12654.0,11968.0,seasonal_naive
1,2020-05-01,2019-06-01,11,15125.0,12820.0,seasonal_naive
1,2020-06-01,2019-06-01,12,14786.0,12539.0,seasonal_naive
2,2019-07-01,2019-06-01,1,107744.0,134881.0,seasonal_naive
2,2019-08-01,2019-06-01,2,111093.0,125698.0,seasonal_naive
2,2019-09-01,2019-06-01,3,113024.0,128143.0,seasonal_naive
2,2019-10-01,2019-06-01,4,124368.0,134781.0,seasonal_naive
2,2019-11-01,2019-06-01,5,129427.0,130126.0,seasonal_naive
2,2019-12-01,2019-06-01,6,132102.0,126547.0,seasonal_naive
2,2020-01-01,2019-06-01,7,133648.0,127714.0,seasonal_naive
2,2020-02-01,2019-06-01,8,138140.0,126836.0,seasonal_naive
2,2020-03-01,2019-06-01,9,138437.0,139824.0,seasonal_naive
2,2020-04-01,2019-06-01,10,137310.0,156466.0,seasonal_naive
2,2020-05-01,2019-06-01,11,143617.0,140663.0,seasonal_naive
2,2020-06-01,2019-06-01,12,142220.0,136483.0,seasonal_naive
3,2019-07-01,2019-06-01,1,879521.0,871011.0,seasonal_naive
3,2019-08-01,2019-06-01,2,874105.0,872940.0,seasonal_naive
3,2019-09-01,2019-06-01,3,880801.0,865421.0,seasonal_naive
3,2019-10-01,2019-06-01,4,882042.0,864734.0,seasonal_naive
3,2019-11-01,2019-06-01,5,887119.0,863236.0,seasonal_naive
3,2019-12-01,2019-06-01,6,881191.0,854758.0,seasonal_naive
3,2020-01-01,2019-06-01,7,881131.0,862880.0,seasonal_naive
3,2020-02-01,2019-06-01,8,878584.0,876756.0,seasonal_naive
3,2020-03-01,2019-06-01,9,883034.0,886386.0,seasonal_naive
3,2020-04-01,2019-06-01,10,891193.0,916045.0,seasonal_naive
3,2020-05-01,2019-06-01,11,889878.0,934148.0,seasonal_naive
3,2020-06-01,2019-06-01,12,878690.0,956570.0,seasonal_naive
4,2019-07-01,2019-06-01,1,21418.0,20832.0,seasonal_naive
4,2019-08-01,2019-06-01,2,22309.0,20542.0,seasonal_naive
4,2019-09-01,2019-06-01,3,21523.0,20850.0,seasonal_naive
4,2019-10-01,2019-06-01,4,22068.0,23255.0,seasonal_naive
4,2019-11-01,2019-06-01,5,23711.0,24381.0,seasonal_naive
4,2019-12-01,2019-06-01,6,21540.0,23890.0,seasonal_naive
4,2020-01-01,2019-06-01,7,20798.0,22824.0,seasonal_naive
4,2020-02-01,2019-06-01,8,20715.0,21253.0,seasonal_naive
4,2020-03-01,2019-06-01,9,22905.0,23655.0,seasonal_naive
4,2020-04-01,2019-06-01,10,24151.0,25662.0,seasonal_naive
4,2020-05-01,2019-06-01,11,25317.0,24897.0,seasonal_naive
4,2020-06-01,2019-06-01,12,21857.0,26525.0,seasonal_naive
5,2019-07-01,2019-06-01,1,49029.0,49031.0,seasonal_naive
5,2019-08-01,2019-06-01,2,48728.0,45344.0,seasonal_naive
5,2019-09-01,2019-06-01,3,49086.0,46239.0,seasonal_naive
5,2019-10-01,2019-06-01,4,49209.0,51006.0,seasonal_naive
5,2019-11-01,2019-06-01,5,46399.0,52413.0,seasonal_naive
5,2019-12-01,2019-06-01,6,45152.0,52898.0,seasonal_naive
5,2020-01-01,2019-06-01,7,49359.0,52073.0,seasonal_naive
5,2020-02-01,2019-06-01,8,51643.0,52311.0,seasonal_naive
5,2020-03-01,2019-06-01,9,49767.0,57074.0,seasonal_naive
5,2020-04-01,2019-06-01,10,53082.0,56720.0,seasonal_naive
5,2020-05-01,2019-06-01,11,52006.0,57391.0,seasonal_naive
5,2020-06-01,2019-06-01,12,50711.0,56563.0,seasonal_naive
1,2019-07-01,2019-06-01,1,13595.2,10651.0,seasonal_change
1,2019-08-01,2019-06-01,2,13805.800000000001,10412.0,seasonal_change
1,2019-09-01,2019-06-01,3,12354.2,9779.0,seasonal_change
1,2019-10-01,2019-06-01,4,13733.0,10744.0,seasonal_change
1,2019-11-01,2019-06-01,5,13068.0,10698.0,seasonal_change
1,2019-12-01,2019-06-01,6,12910.4,9646.0,seasonal_change
1,2020-01-01,2019-06-01,7,14836.8,9729.0,seasonal_change
1,2020-02-01,2019-06-01,8,14613.599999999999,10374.0,seasonal_change
1,2020-03-01,2019-06-01,9,15180.199999999999,11369.0,seasonal_change
1,2020-04-01,2019-06-01,10,15851.599999999999,11968.0,seasonal_change
1,2020-05-01,2019-06-01,11,15878.199999999999,12820.0,seasonal_change
1,2020-06-01,2019-06-01,12,15375.599999999999,12539.0,seasonal_change
2,2019-07-01,2019-06-01,1,139873.4,134881.0,seasonal_change
2,2019-08-01,2019-06-01,2,140234.4,125698.0,seasonal_change
2,2019-09-01,2019-06-01,3,140805.8,128143.0,seasonal_change
2,2019-10-01,2019-06-01,4,145991.8,134781.0,seasonal_change
2,2019-11-01,2019-06-01,5,149357.19999999998,130126.0,seasonal_change
2,2019-12-01,2019-06-01,6,149797.4,126547.0,seasonal_change
2,2020-01-01,2019-06-01,7,149907.8,127714.0,seasonal_change
2,2020-02-01,2019-06-01,8,152123.4,126836.0,seasonal_change
2,2020-03-01,2019-06-01,9,158125.0,139824.0,seasonal_change
2,2020-04-01,2019-06-01,10,159813.6,156466.0,seasonal_change
2,2020-05-01,2019-06-01,11,159144.4,140663.0,seasonal_change
2,2020-06-01,2019-06-01,12,153503.0,136483.0,seasonal_change
3,2019-07-01,2019-06-01,1,873524.0,871011.0,seasonal_change
3,2019-08-01,2019-06-01,2,867503.4,872940.0,seasonal_change
3,2019-09-01,2019-06-01,3,868636.4,865421.0,seasonal_change
3,2019-10-01,2019-06-01,4,871737.6,864734.0,seasonal_change
3,2019-11-01,2019-06-01,5,868798.7999999999,863236.0,seasonal_change
3,2019-12-01,2019-06-01,6,861728.3999999999,854758.0,seasonal_change
3,2020-01-01,2019-06-01,7,874681.3999999999,862880.0,seasonal_change
3,2020-02-01,2019-06-01,8,884970.9999999999,876756.0,seasonal_change
3,2020-03-01,2019-06-01,9,888276.3999999999,886386.0,seasonal_change
3,2020-04-01,2019-06-01,10,889168.5999999999,916045.0,seasonal_change
3,2020-05-01,2019-06-01,11,885259.1999999998,934148.0,seasonal_change
3,2020-06-01,2019-06-01,12,879459.3999999998,956570.0,seasonal_change
4,2019-07-01,2019-06-01,1,21593.8,20832.0,seasonal_change
4,2019-08-01,2019-06-01,2,21695.399999999998,20542.0,seasonal_change
4,2019-09-01,2019-06-01,3,21292.6,20850.0,seasonal_change
4,2019-10-01,2019-06-01,4,22185.199999999997,23255.0,seasonal_change
4,2019-11-01,2019-06-01,5,22792.6,24381.0,seasonal_change
4,2019-12-01,2019-06-01,6,22298.8,23890.0,seasonal_change
4,2020-01-01,2019-06-01,7,22345.8,22824.0,seasonal_change
4,2020-02-01,2019-06-01,8,22674.399999999998,21253.0,seasonal_change
4,2020-03-01,2019-06-01,9,24235.399999999998,23655.0,seasonal_change
4,2020-04-01,2019-06-01,10,24716.999999999996,25662.0,seasonal_change
4,2020-05-01,2019-06-01,11,24211.799999999996,24897.0,seasonal_change
4,2020-06-01,2019-06-01,12,22844.999999999996,26525.0,seasonal_change
5,2019-07-01,2019-06-01,1,47741.8,49031.0,seasonal_change
5,2019-08-01,2019-06-01,2,45293.200000000004,45344.0,seasonal_change
5,2019-09-01,2019-06-01,3,45994.200000000004,46239.0,seasonal_change
5,2019-10-01,2019-06-01,4,47978.200000000004,51006.0,seasonal_change
5,2019-11-01,2019-06-01,5,47861.8,52413.0,seasonal_change
5,2019-12-01,2019-06-01,6,45959.200000000004,52898.0,seasonal_change
5,2020-01-01,2019-06-01,7,46932.200000000004,52073.0,seasonal_change
5,2020-02-01,2019-06-01,8,48687.8,52311.0,seasonal_change
5,2020-03-01,2019-06-01,9,48998.200000000004,57074.0,seasonal_change
5,2020-04-01,2019-06-01,10,48766.00000000001,56720.0,seasonal_change
5,2020-05-01,2019-06-01,11,51776.600000000006,57391.0,seasonal_change
5,2020-06-01,2019-06-01,12,49678.40000000001,56563.0,seasonal_change
1,2019-07-01,2019-06-01,1,13270.17728448275,10651.0,forecast_flow_identity
1,2019-08-01,2019-06-01,2,13050.508639162545,10412.0,forecast_flow_identity
1,2019-09-01,2019-06-01,3,10982.668014659117,9779.0,forecast_flow_identity
1,2019-10-01,2019-06-01,4,11585.999369338908,10744.0,forecast_flow_identity
1,2019-11-01,2019-06-01,5,9767.158744835488,10698.0,forecast_flow_identity
1,2019-12-01,2019-06-01,6,7656.8900995152835,9646.0,forecast_flow_identity
1,2020-01-01,2019-06-01,7,9229.62145419508,9729.0,forecast_flow_identity
1,2020-02-01,2019-06-01,8,8551.70885050844,10374.0,forecast_flow_identity
1,2020-03-01,2019-06-01,9,8793.486134991195,11369.0,forecast_flow_identity
1,2020-04-01,2019-06-01,10,8550.645510487768,11968.0,forecast_flow_identity
1,2020-05-01,2019-06-01,11,8252.42279497052,12820.0,forecast_flow_identity
1,2020-06-01,2019-06-01,12,6776.182170467091,12539.0,forecast_flow_identity
2,2019-07-01,2019-06-01,1,137678.81318144497,134881.0,forecast_flow_identity
2,2019-08-01,2019-06-01,2,135845.02636288997,125698.0,forecast_flow_identity
2,2019-09-01,2019-06-01,3,134292.43266751413,128143.0,forecast_flow_identity
2,2019-10-01,2019-06-01,4,137283.8458489591,134781.0,forecast_flow_identity
2,2019-11-01,2019-06-01,5,138525.4521535833,130126.0,forecast_flow_identity
2,2019-12-01,2019-06-01,6,136770.46533502828,126547.0,forecast_flow_identity
2,2020-01-01,2019-06-01,7,134686.27851647325,127714.0,forecast_flow_identity
2,2020-02-01,2019-06-01,8,134911.13508713376,126836.0,forecast_flow_identity
2,2020-03-01,2019-06-01,9,138718.74826857875,139824.0,forecast_flow_identity
2,2020-04-01,2019-06-01,10,138283.75457320292,156466.0,forecast_flow_identity
2,2020-05-01,2019-06-01,11,135420.1677546479,140663.0,forecast_flow_identity
2,2020-06-01,2019-06-01,12,127654.77405927211,136483.0,forecast_flow_identity
3,2019-07-01,2019-06-01,1,869276.7086576355,871011.0,forecast_flow_identity
3,2019-08-01,2019-06-01,2,859009.017315271,872940.0,forecast_flow_identity
3,2019-09-01,2019-06-01,3,856032.1224678215,865421.0,forecast_flow_identity
3,2019-10-01,2019-06-01,4,854886.2311254569,864734.0,forecast_flow_identity
3,2019-11-01,2019-06-01,5,847837.9362780072,863236.0,forecast_flow_identity
3,2019-12-01,2019-06-01,6,836520.4449356426,854758.0,forecast_flow_identity
3,2020-01-01,2019-06-01,7,845226.5535932782,862880.0,forecast_flow_identity
3,2020-02-01,2019-06-01,8,851803.969526458,876756.0,forecast_flow_identity
3,2020-03-01,2019-06-01,9,850862.8781840935,886386.0,forecast_flow_identity
3,2020-04-01,2019-06-01,10,847645.183336644,916045.0,forecast_flow_identity
3,2020-05-01,2019-06-01,11,839489.0919942794,934148.0,forecast_flow_identity
3,2020-06-01,2019-06-01,12,829579.3971468299,956570.0,forecast_flow_identity
4,2019-07-01,2019-06-01,1,21223.161672824303,20832.0,forecast_flow_identity
4,2019-08-01,2019-06-01,2,20811.1233456486,20542.0,forecast_flow_identity
4,2019-09-01,2019-06-01,3,20087.647545155996,20850.0,forecast_flow_identity
4,2019-10-01,2019-06-01,4,20447.009217980296,23255.0,forecast_flow_identity
4,2019-11-01,2019-06-01,5,20686.933417487686,24381.0,forecast_flow_identity
4,2019-12-01,2019-06-01,6,19955.69509031199,23890.0,forecast_flow_identity
4,2020-01-01,2019-06-01,7,19807.6567631363,22824.0,forecast_flow_identity
4,2020-02-01,2019-06-01,8,19719.650632183922,21253.0,forecast_flow_identity
4,2020-03-01,2019-06-01,9,20956.81230500823,23655.0,forecast_flow_identity
4,2020-04-01,2019-06-01,10,21267.648237790687,25662.0,forecast_flow_identity
4,2020-05-01,2019-06-01,11,20243.609910614985,24897.0,forecast_flow_identity
4,2020-06-01,2019-06-01,12,18410.334110122374,26525.0,forecast_flow_identity
5,2019-07-01,2019-06-01,1,47593.64391830871,49031.0,forecast_flow_identity
5,2019-08-01,2019-06-01,2,44997.08783661744,45344.0,forecast_flow_identity
5,2019-09-01,2019-06-01,3,45554.91098336779,46239.0,forecast_flow_identity
5,2019-10-01,2019-06-01,4,47390.55490167651,51006.0,forecast_flow_identity
5,2019-11-01,2019-06-01,5,47130.77804842687,52413.0,forecast_flow_identity
5,2019-12-01,2019-06-01,6,45080.021966735585,52898.0,forecast_flow_identity
5,2020-01-01,2019-06-01,7,45904.865885044295,52073.0,forecast_flow_identity
5,2020-02-01,2019-06-01,8,47582.11826023631,52311.0,forecast_flow_identity
5,2020-03-01,2019-06-01,9,47744.16217854503,57074.0,forecast_flow_identity
5,2020-04-01,2019-06-01,10,47368.5853252954,56720.0,forecast_flow_identity
5,2020-05-01,2019-06-01,11,50230.829243604094,57391.0,forecast_flow_identity
5,2020-06-01,2019-06-01,12,47989.65239035447,56563.0,forecast_flow_identity
1,2019-07-01,2019-06-01,1,14842.549232550946,10651.0,legacy_constrained_level
1,2019-08-01,2019-06-01,2,14806.679171320844,10412.0,legacy_constrained_level
1,2019-09-01,2019-06-01,3,14787.443805606454,9779.0,legacy_constrained_level
1,2019-10-01,2019-06-01,4,14750.909519692843,10744.0,legacy_constrained_level
1,2019-11-01,2019-06-01,5,14758.028142495326,10698.0,legacy_constrained_level
1,2019-12-01,2019-06-01,6,14735.486402612925,9646.0,legacy_constrained_level
1,2020-01-01,2019-06-01,7,14740.12126685154,9729.0,legacy_constrained_level
1,2020-02-01,2019-06-01,8,14748.88786483012,10374.0,legacy_constrained_level
1,2020-03-01,2019-06-01,9,14706.576868632823,11369.0,legacy_constrained_level
1,2020-04-01,2019-06-01,10,14703.387460729995,11968.0,legacy_constrained_level
1,2020-05-01,2019-06-01,11,14697.832853279298,12820.0,legacy_constrained_level
1,2020-06-01,2019-06-01,12,14718.808684852675,12539.0,legacy_constrained_level
2,2019-07-01,2019-06-01,1,142223.34880923288,134881.0,legacy_constrained_level
2,2019-08-01,2019-06-01,2,140113.3095012595,125698.0,legacy_constrained_level
2,2019-09-01,2019-06-01,3,138977.96911335055,128143.0,legacy_constrained_level
2,2019-10-01,2019-06-01,4,140049.44815278368,134781.0,legacy_constrained_level
2,2019-11-01,2019-06-01,5,142861.8425919479,130126.0,legacy_constrained_level
2,2019-12-01,2019-06-01,6,143425.51889895505,126547.0,legacy_constrained_level
2,2020-01-01,2019-06-01,7,142966.84984557977,127714.0,legacy_constrained_level
2,2020-02-01,2019-06-01,8,143013.60759293922,126836.0,legacy_constrained_level
2,2020-03-01,2019-06-01,9,144887.6156820972,139824.0,legacy_constrained_level
2,2020-04-01,2019-06-01,10,145775.44699092838,156466.0,legacy_constrained_level
2,2020-05-01,2019-06-01,11,146028.73537470336,140663.0,legacy_constrained_level
2,2020-06-01,2019-06-01,12,145076.2453187655,136483.0,legacy_constrained_level
3,2019-07-01,2019-06-01,1,874541.3313794151,871011.0,legacy_constrained_level
3,2019-08-01,2019-06-01,2,871045.1932084658,872940.0,legacy_constrained_level
3,2019-09-01,2019-06-01,3,868659.6529705912,865421.0,legacy_constrained_level
3,2019-10-01,2019-06-01,4,867349.8846929135,864734.0,legacy_constrained_level
3,2019-11-01,2019-06-01,5,864928.328045095,863236.0,legacy_constrained_level
3,2019-12-01,2019-06-01,6,862813.5407271099,854758.0,legacy_constrained_level
3,2020-01-01,2019-06-01,7,859169.9701262201,862880.0,legacy_constrained_level
3,2020-02-01,2019-06-01,8,859329.6314134331,876756.0,legacy_constrained_level
3,2020-03-01,2019-06-01,9,859413.2059079758,886386.0,legacy_constrained_level
3,2020-04-01,2019-06-01,10,858879.0843722353,916045.0,legacy_constrained_level
3,2020-05-01,2019-06-01,11,856534.281736,934148.0,legacy_constrained_level
3,2020-06-01,2019-06-01,12,852638.6279711903,956570.0,legacy_constrained_level
4,2019-07-01,2019-06-01,1,22031.69210823054,20832.0,legacy_constrained_level
4,2019-08-01,2019-06-01,2,22104.448125787225,20542.0,legacy_constrained_level
4,2019-09-01,2019-06-01,3,22200.015457162288,20850.0,legacy_constrained_level
4,2019-10-01,2019-06-01,4,22265.350761920476,23255.0,legacy_constrained_level
4,2019-11-01,2019-06-01,5,22371.87032414892,24381.0,legacy_constrained_level
4,2019-12-01,2019-06-01,6,22441.236523145966,23890.0,legacy_constrained_level
4,2020-01-01,2019-06-01,7,22541.726782467405,22824.0,legacy_constrained_level
4,2020-02-01,2019-06-01,8,22624.092852901093,21253.0,legacy_constrained_level
4,2020-03-01,2019-06-01,9,22628.067888524263,23655.0,legacy_constrained_level
4,2020-04-01,2019-06-01,10,22709.574480110983,25662.0,legacy_constrained_level
4,2020-05-01,2019-06-01,11,22766.915267195825,24897.0,legacy_constrained_level
4,2020-06-01,2019-06-01,12,22851.45854666996,26525.0,legacy_constrained_level
5,2019-07-01,2019-06-01,1,50319.9897587421,49031.0,legacy_constrained_level
5,2019-08-01,2019-06-01,2,49413.544037486776,45344.0,legacy_constrained_level
5,2019-09-01,2019-06-01,3,48880.395799815786,46239.0,legacy_constrained_level
5,2019-10-01,2019-06-01,4,49240.57104061435,51006.0,legacy_constrained_level
5,2019-11-01,2019-06-01,5,50119.837368054956,52413.0,legacy_constrained_level
5,2019-12-01,2019-06-01,6,50390.87001329826,52898.0,legacy_constrained_level
5,2020-01-01,2019-06-01,7,50232.469015517534,52073.0,legacy_constrained_level
5,2020-02-01,2019-06-01,8,50398.64914016645,52311.0,legacy_constrained_level
5,2020-03-01,2019-06-01,9,51215.002370752605,57074.0,legacy_constrained_level
5,2020-04-01,2019-06-01,10,50740.06819653006,56720.0,legacy_constrained_level
5,2020-05-01,2019-06-01,11,50697.2103843191,57391.0,legacy_constrained_level
5,2020-06-01,2019-06-01,12,50446.38243097866,56563.0,legacy_constrained_level
1,2019-07-01,2019-06-01,1,14260.124105647934,10651.0,constrained_level
1,2019-08-01,2019-06-01,2,13832.379900731326,10412.0,constrained_level
1,2019-09-01,2019-06-01,3,13597.36848140692,9779.0,constrained_level
1,2019-10-01,2019-06-01,4,13286.165563388808,10744.0,constrained_level
1,2019-11-01,2019-06-01,5,13036.328870550773,10698.0,constrained_level
1,2019-12-01,2019-06-01,6,12819.367589209434,9646.0,constrained_level
1,2020-01-01,2019-06-01,7,12654.514986733433,9729.0,constrained_level
1,2020-02-01,2019-06-01,8,12718.13802155627,10374.0,constrained_level
1,2020-03-01,2019-06-01,9,12601.141558135254,11369.0,constrained_level
1,2020-04-01,2019-06-01,10,12550.16540771023,11968.0,constrained_level
1,2020-05-01,2019-06-01,11,12607.284438048271,12820.0,constrained_level
1,2020-06-01,2019-06-01,12,12799.382680585317,12539.0,constrained_level
2,2019-07-01,2019-06-01,1,141251.4295891401,134881.0,constrained_level
2,2019-08-01,2019-06-01,2,138522.75401754834,125698.0,constrained_level
2,2019-09-01,2019-06-01,3,137442.37942815214,128143.0,constrained_level
2,2019-10-01,2019-06-01,4,137580.15207183507,134781.0,constrained_level
2,2019-11-01,2019-06-01,5,140696.3848613795,130126.0,constrained_level
2,2019-12-01,2019-06-01,6,141756.16592727273,126547.0,constrained_level
2,2020-01-01,2019-06-01,7,141059.8221975199,127714.0,constrained_level
2,2020-02-01,2019-06-01,8,140381.0861370412,126836.0,constrained_level
2,2020-03-01,2019-06-01,9,141850.3680779341,139824.0,constrained_level
2,2020-04-01,2019-06-01,10,144030.79892904084,156466.0,constrained_level
2,2020-05-01,2019-06-01,11,144073.5798400444,140663.0,constrained_level
2,2020-06-01,2019-06-01,12,142654.9937655291,136483.0,constrained_level
3,2019-07-01,2019-06-01,1,873558.2278752602,871011.0,constrained_level
3,2019-08-01,2019-06-01,2,870192.4447674897,872940.0,constrained_level
3,2019-09-01,2019-06-01,3,867902.402777882,865421.0,constrained_level
3,2019-10-01,2019-06-01,4,866429.961158351,864734.0,constrained_level
3,2019-11-01,2019-06-01,5,864511.9917886478,863236.0,constrained_level
3,2019-12-01,2019-06-01,6,862462.8574133845,854758.0,constrained_level
3,2020-01-01,2019-06-01,7,859814.1481569461,862880.0,constrained_level
3,2020-02-01,2019-06-01,8,861287.2998232658,876756.0,constrained_level
3,2020-03-01,2019-06-01,9,862603.3331734289,886386.0,constrained_level
3,2020-04-01,2019-06-01,10,861452.4424357363,916045.0,constrained_level
3,2020-05-01,2019-06-01,11,859381.6269274256,934148.0,constrained_level
3,2020-06-01,2019-06-01,12,855978.7238579831,956570.0,constrained_level
4,2019-07-01,2019-06-01,1,21746.547984190955,20832.0,constrained_level
4,2019-08-01,2019-06-01,2,21840.881613603036,20542.0,constrained_level
4,2019-09-01,2019-06-01,3,21860.791847447574,20850.0,constrained_level
4,2019-10-01,2019-06-01,4,21844.666243314678,23255.0,constrained_level
4,2019-11-01,2019-06-01,5,21904.35153523911,24381.0,constrained_level
4,2019-12-01,2019-06-01,6,21957.85345851585,23890.0,constrained_level
4,2020-01-01,2019-06-01,7,22154.551284368797,22824.0,constrained_level
4,2020-02-01,2019-06-01,8,22264.327019868542,21253.0,constrained_level
4,2020-03-01,2019-06-01,9,22250.27106237434,23655.0,constrained_level
4,2020-04-01,2019-06-01,10,22566.339853096513,25662.0,constrained_level
4,2020-05-01,2019-06-01,11,22660.442023502022,24897.0,constrained_level
4,2020-06-01,2019-06-01,12,22663.413726263963,26525.0,constrained_level
5,2019-07-01,2019-06-01,1,49985.036234672094,49031.0,constrained_level
5,2019-08-01,2019-06-01,2,48974.32101853116,45344.0,constrained_level
5,2019-09-01,2019-06-01,3,48367.57529221013,46239.0,constrained_level
5,2019-10-01,2019-06-01,4,49560.00396055284,51006.0,constrained_level
5,2019-11-01,2019-06-01,5,51018.76177554907,52413.0,constrained_level
5,2019-12-01,2019-06-01,6,51152.75257280784,52898.0,constrained_level
5,2020-01-01,2019-06-01,7,50470.77209826854,52073.0,constrained_level
5,2020-02-01,2019-06-01,8,50938.28706220809,52311.0,constrained_level
5,2020-03-01,2019-06-01,9,51618.53195284578,57074.0,constrained_level
5,2020-04-01,2019-06-01,10,51268.047604100444,56720.0,constrained_level
5,2020-05-01,2019-06-01,11,50800.59262501282,57391.0,constrained_level
5,2020-06-01,2019-06-01,12,51156.37950988632,56563.0,constrained_level
1,2019-07-01,2019-06-01,1,14575.14501927793,10651.0,ridge_change
1,2019-08-01,2019-06-01,2,14234.232042013822,10412.0,ridge_change
1,2019-09-01,2019-06-01,3,13988.188129218937,9779.0,ridge_change
1,2019-10-01,2019-06-01,4,13723.867721380264,10744.0,ridge_change
1,2019-11-01,2019-06-01,5,13489.835775988613,10698.0,ridge_change
1,2019-12-01,2019-06-01,6,13270.380426185457,9646.0,ridge_change
1,2020-01-01,2019-06-01,7,13149.973980815072,9729.0,ridge_change
1,2020-02-01,2019-06-01,8,12952.021077845115,10374.0,ridge_change
1,2020-03-01,2019-06-01,9,12946.0348225673,11369.0,ridge_change
1,2020-04-01,2019-06-01,10,12813.269671889791,11968.0,ridge_change
1,2020-05-01,2019-06-01,11,12810.798503100603,12820.0,ridge_change
1,2020-06-01,2019-06-01,12,12781.7977079004,12539.0,ridge_change
2,2019-07-01,2019-06-01,1,142032.85739540556,134881.0,ridge_change
2,2019-08-01,2019-06-01,2,141724.83194447705,125698.0,ridge_change
2,2019-09-01,2019-06-01,3,141555.02461134878,128143.0,ridge_change
2,2019-10-01,2019-06-01,4,141867.13565675696,134781.0,ridge_change
2,2019-11-01,2019-06-01,5,142667.07039102344,130126.0,ridge_change
2,2019-12-01,2019-06-01,6,143068.83819319794,126547.0,ridge_change
2,2020-01-01,2019-06-01,7,143134.41776758502,127714.0,ridge_change
2,2020-02-01,2019-06-01,8,143171.41713568984,126836.0,ridge_change
2,2020-03-01,2019-06-01,9,143700.00539747436,139824.0,ridge_change
2,2020-04-01,2019-06-01,10,144042.90229295255,156466.0,ridge_change
2,2020-05-01,2019-06-01,11,144207.34984717355,140663.0,ridge_change
2,2020-06-01,2019-06-01,12,144087.77265119928,136483.0,ridge_change
3,2019-07-01,2019-06-01,1,877113.4220846577,871011.0,ridge_change
3,2019-08-01,2019-06-01,2,876793.5718393074,872940.0,ridge_change
3,2019-09-01,2019-06-01,3,876714.3298586675,865421.0,ridge_change
3,2019-10-01,2019-06-01,4,876798.5596714721,864734.0,ridge_change
3,2019-11-01,2019-06-01,5,876687.9389771669,863236.0,ridge_change
3,2019-12-01,2019-06-01,6,876635.4537632993,854758.0,ridge_change
3,2020-01-01,2019-06-01,7,876483.7790479606,862880.0,ridge_change
3,2020-02-01,2019-06-01,8,876451.4849518476,876756.0,ridge_change
3,2020-03-01,2019-06-01,9,876589.5028970931,886386.0,ridge_change
3,2020-04-01,2019-06-01,10,876245.8968773669,916045.0,ridge_change
3,2020-05-01,2019-06-01,11,875914.9411593975,934148.0,ridge_change
3,2020-06-01,2019-06-01,12,875502.6898440195,956570.0,ridge_change
4,2019-07-01,2019-06-01,1,21867.374799847636,20832.0,ridge_change
4,2019-08-01,2019-06-01,2,21911.304026503458,20542.0,ridge_change
4,2019-09-01,2019-06-01,3,21942.274961367144,20850.0,ridge_change
4,2019-10-01,2019-06-01,4,21978.458781046396,23255.0,ridge_change
4,2019-11-01,2019-06-01,5,22008.775938330546,24381.0,ridge_change
4,2019-12-01,2019-06-01,6,22037.67953179378,23890.0,ridge_change
4,2020-01-01,2019-06-01,7,22074.987014995906,22824.0,ridge_change
4,2020-02-01,2019-06-01,8,22101.720842755236,21253.0,ridge_change
4,2020-03-01,2019-06-01,9,22143.49417859344,23655.0,ridge_change
4,2020-04-01,2019-06-01,10,22181.667318675212,25662.0,ridge_change
4,2020-05-01,2019-06-01,11,22224.803022305685,24897.0,ridge_change
4,2020-06-01,2019-06-01,12,22259.274100259543,26525.0,ridge_change
5,2019-07-01,2019-06-01,1,49774.30233600637,49031.0,ridge_change
5,2019-08-01,2019-06-01,2,49572.3648090533,45344.0,ridge_change
5,2019-09-01,2019-06-01,3,49310.40780887145,46239.0,ridge_change
5,2019-10-01,2019-06-01,4,49397.81516379506,51006.0,ridge_change
5,2019-11-01,2019-06-01,5,49400.76545876562,52413.0,ridge_change
5,2019-12-01,2019-06-01,6,49251.92440782915,52898.0,ridge_change
5,2020-01-01,2019-06-01,7,49474.47363062852,52073.0,ridge_change
5,2020-02-01,2019-06-01,8,49846.67313854234,52311.0,ridge_change
5,2020-03-01,2019-06-01,9,50102.580187077685,57074.0,ridge_change
5,2020-04-01,2019-06-01,10,50492.187796269485,56720.0,ridge_change
5,2020-05-01,2019-06-01,11,50462.41709633759,57391.0,ridge_change
5,2020-06-01,2019-06-01,12,49945.96991659477,56563.0,ridge_change
1,2019-07-01,2019-06-01,1,14295.471329399747,10651.0,seasonal_ridge_change
1,2019-08-01,2019-06-01,2,13732.323461128848,10412.0,seasonal_ridge_change
1,2019-09-01,2019-06-01,3,13310.44925334012,9779.0,seasonal_ridge_change
1,2019-10-01,2019-06-01,4,12974.647216624084,10744.0,seasonal_ridge_change
1,2019-11-01,2019-06-01,5,12823.981904406897,10698.0,seasonal_ridge_change
1,2019-12-01,2019-06-01,6,12815.857772659385,9646.0,seasonal_ridge_change
1,2020-01-01,2019-06-01,7,12975.006063233588,9729.0,seasonal_ridge_change
1,2020-02-01,2019-06-01,8,13085.3724014196,10374.0,seasonal_ridge_change
1,2020-03-01,2019-06-01,9,13226.989195094055,11369.0,seasonal_ridge_change
1,2020-04-01,2019-06-01,10,13184.508346331097,11968.0,seasonal_ridge_change
1,2020-05-01,2019-06-01,11,13122.60384338881,12820.0,seasonal_ridge_change
1,2020-06-01,2019-06-01,12,12934.213502479228,12539.0,seasonal_ridge_change
2,2019-07-01,2019-06-01,1,140614.06115585315,134881.0,seasonal_ridge_change
2,2019-08-01,2019-06-01,2,139121.53412666812,125698.0,seasonal_ridge_change
2,2019-09-01,2019-06-01,3,138607.75909565366,128143.0,seasonal_ridge_change
2,2019-10-01,2019-06-01,4,139779.53290241677,134781.0,seasonal_ridge_change
2,2019-11-01,2019-06-01,5,142718.66951913925,130126.0,seasonal_ridge_change
2,2019-12-01,2019-06-01,6,145480.47932369652,126547.0,seasonal_ridge_change
2,2020-01-01,2019-06-01,7,147532.40665819353,127714.0,seasonal_ridge_change
2,2020-02-01,2019-06-01,8,148877.10427417015,126836.0,seasonal_ridge_change
2,2020-03-01,2019-06-01,9,150062.88704310724,139824.0,seasonal_ridge_change
2,2020-04-01,2019-06-01,10,149995.87853477927,156466.0,seasonal_ridge_change
2,2020-05-01,2019-06-01,11,148821.81373297313,140663.0,seasonal_ridge_change
2,2020-06-01,2019-06-01,12,146774.0250697952,136483.0,seasonal_ridge_change
3,2019-07-01,2019-06-01,1,875021.9325962237,871011.0,seasonal_ridge_change
3,2019-08-01,2019-06-01,2,872032.7223975558,872940.0,seasonal_ridge_change
3,2019-09-01,2019-06-01,3,869453.3803474915,865421.0,seasonal_ridge_change
3,2019-10-01,2019-06-01,4,867726.6904654778,864734.0,seasonal_ridge_change
3,2019-11-01,2019-06-01,5,867289.3001978034,863236.0,seasonal_ridge_change
3,2019-12-01,2019-06-01,6,868446.9551318081,854758.0,seasonal_ridge_change
3,2020-01-01,2019-06-01,7,870801.6337349891,862880.0,seasonal_ridge_change
3,2020-02-01,2019-06-01,8,873558.6317601419,876756.0,seasonal_ridge_change
3,2020-03-01,2019-06-01,9,875895.4519618697,886386.0,seasonal_ridge_change
3,2020-04-01,2019-06-01,10,876977.9076242934,916045.0,seasonal_ridge_change
3,2020-05-01,2019-06-01,11,876671.1416053808,934148.0,seasonal_ridge_change
3,2020-06-01,2019-06-01,12,875020.0709534533,956570.0,seasonal_ridge_change
4,2019-07-01,2019-06-01,1,21834.987508356382,20832.0,seasonal_ridge_change
4,2019-08-01,2019-06-01,2,21850.258440762052,20542.0,seasonal_ridge_change
4,2019-09-01,2019-06-01,3,21864.779431062037,20850.0,seasonal_ridge_change
4,2019-10-01,2019-06-01,4,21901.699703794777,23255.0,seasonal_ridge_change
4,2019-11-01,2019-06-01,5,21948.887614654344,24381.0,seasonal_ridge_change
4,2019-12-01,2019-06-01,6,22006.413943241136,23890.0,seasonal_ridge_change
4,2020-01-01,2019-06-01,7,22077.088976862873,22824.0,seasonal_ridge_change
4,2020-02-01,2019-06-01,8,22131.53388779096,21253.0,seasonal_ridge_change
4,2020-03-01,2019-06-01,9,22188.415773960074,23655.0,seasonal_ridge_change
4,2020-04-01,2019-06-01,10,22224.630137536675,25662.0,seasonal_ridge_change
4,2020-05-01,2019-06-01,11,22248.816750265716,24897.0,seasonal_ridge_change
4,2020-06-01,2019-06-01,12,22252.940709982307,26525.0,seasonal_ridge_change
5,2019-07-01,2019-06-01,1,49637.86774185427,49031.0,seasonal_ridge_change
5,2019-08-01,2019-06-01,2,49316.137104668815,45344.0,seasonal_ridge_change
5,2019-09-01,2019-06-01,3,49010.38971681174,46239.0,seasonal_ridge_change
5,2019-10-01,2019-06-01,4,49099.16262956091,51006.0,seasonal_ridge_change
5,2019-11-01,2019-06-01,5,49204.69288887671,52413.0,seasonal_ridge_change
5,2019-12-01,2019-06-01,6,49315.351793004025,52898.0,seasonal_ridge_change
5,2020-01-01,2019-06-01,7,49917.98692029684,52073.0,seasonal_ridge_change
5,2020-02-01,2019-06-01,8,50659.838550814355,52311.0,seasonal_ridge_change
5,2020-03-01,2019-06-01,9,51096.222845731776,57074.0,seasonal_ridge_change
5,2020-04-01,2019-06-01,10,51582.135090002776,56720.0,seasonal_ridge_change
5,2020-05-01,2019-06-01,11,51429.87495547135,57391.0,seasonal_ridge_change
5,2020-06-01,2019-06-01,12,50712.741818301314,56563.0,seasonal_ridge_change
1,2019-07-01,2019-06-01,1,14295.471329399747,10651.0,polynomial_ridge_change
1,2019-08-01,2019-06-01,2,13732.323461128848,10412.0,polynomial_ridge_change
1,2019-09-01,2019-06-01,3,13310.44925334012,9779.0,polynomial_ridge_change
1,2019-10-01,2019-06-01,4,12974.647216624084,10744.0,polynomial_ridge_change
1,2019-11-01,2019-06-01,5,12823.981904406897,10698.0,polynomial_ridge_change
1,2019-12-01,2019-06-01,6,12815.857772659385,9646.0,polynomial_ridge_change
1,2020-01-01,2019-06-01,7,12975.006063233588,9729.0,polynomial_ridge_change
1,2020-02-01,2019-06-01,8,13085.3724014196,10374.0,polynomial_ridge_change
1,2020-03-01,2019-06-01,9,13226.989195094055,11369.0,polynomial_ridge_change
1,2020-04-01,2019-06-01,10,13184.508346331097,11968.0,polynomial_ridge_change
1,2020-05-01,2019-06-01,11,13122.60384338881,12820.0,polynomial_ridge_change
1,2020-06-01,2019-06-01,12,12934.213502479228,12539.0,polynomial_ridge_change
2,2019-07-01,2019-06-01,1,140614.06115585315,134881.0,polynomial_ridge_change
2,2019-08-01,2019-06-01,2,139121.53412666812,125698.0,polynomial_ridge_change
2,2019-09-01,2019-06-01,3,138607.75909565366,128143.0,polynomial_ridge_change
2,2019-10-01,2019-06-01,4,139779.53290241677,134781.0,polynomial_ridge_change
2,2019-11-01,2019-06-01,5,142718.66951913925,130126.0,polynomial_ridge_change
2,2019-12-01,2019-06-01,6,145480.47932369652,126547.0,polynomial_ridge_change
2,2020-01-01,2019-06-01,7,147532.40665819353,127714.0,polynomial_ridge_change
2,2020-02-01,2019-06-01,8,148877.10427417015,126836.0,polynomial_ridge_change
2,2020-03-01,2019-06-01,9,150062.88704310724,139824.0,polynomial_ridge_change
2,2020-04-01,2019-06-01,10,149995.87853477927,156466.0,polynomial_ridge_change
2,2020-05-01,2019-06-01,11,148821.81373297313,140663.0,polynomial_ridge_change
2,2020-06-01,2019-06-01,12,146774.0250697952,136483.0,polynomial_ridge_change
3,2019-07-01,2019-06-01,1,875021.9325962237,871011.0,polynomial_ridge_change
3,2019-08-01,2019-06-01,2,872032.7223975558,872940.0,polynomial_ridge_change
3,2019-09-01,2019-06-01,3,869453.3803474915,865421.0,polynomial_ridge_change
3,2019-10-01,2019-06-01,4,867726.6904654778,864734.0,polynomial_ridge_change
3,2019-11-01,2019-06-01,5,867289.3001978034,863236.0,polynomial_ridge_change
3,2019-12-01,2019-06-01,6,868446.9551318081,854758.0,polynomial_ridge_change
3,2020-01-01,2019-06-01,7,870801.6337349891,862880.0,polynomial_ridge_change
3,2020-02-01,2019-06-01,8,873558.6317601419,876756.0,polynomial_ridge_change
3,2020-03-01,2019-06-01,9,875895.4519618697,886386.0,polynomial_ridge_change
3,2020-04-01,2019-06-01,10,876977.9076242934,916045.0,polynomial_ridge_change
3,2020-05-01,2019-06-01,11,876671.1416053808,934148.0,polynomial_ridge_change
3,2020-06-01,2019-06-01,12,875020.0709534533,956570.0,polynomial_ridge_change
4,2019-07-01,2019-06-01,1,21834.987508356382,20832.0,polynomial_ridge_change
4,2019-08-01,2019-06-01,2,21850.258440762052,20542.0,polynomial_ridge_change
4,2019-09-01,2019-06-01,3,21864.779431062037,20850.0,polynomial_ridge_change
4,2019-10-01,2019-06-01,4,21901.699703794777,23255.0,polynomial_ridge_change
4,2019-11-01,2019-06-01,5,21948.887614654344,24381.0,polynomial_ridge_change
4,2019-12-01,2019-06-01,6,22006.413943241136,23890.0,polynomial_ridge_change
4,2020-01-01,2019-06-01,7,22077.088976862873,22824.0,polynomial_ridge_change
4,2020-02-01,2019-06-01,8,22131.53388779096,21253.0,polynomial_ridge_change
4,2020-03-01,2019-06-01,9,22188.415773960074,23655.0,polynomial_ridge_change
4,2020-04-01,2019-06-01,10,22224.630137536675,25662.0,polynomial_ridge_change
4,2020-05-01,2019-06-01,11,22248.816750265716,24897.0,polynomial_ridge_change
4,2020-06-01,2019-06-01,12,22252.940709982307,26525.0,polynomial_ridge_change
5,2019-07-01,2019-06-01,1,49637.86774185427,49031.0,polynomial_ridge_change
5,2019-08-01,2019-06-01,2,49316.137104668815,45344.0,polynomial_ridge_change
5,2019-09-01,2019-06-01,3,49010.38971681174,46239.0,polynomial_ridge_change
5,2019-10-01,2019-06-01,4,49099.16262956091,51006.0,polynomial_ridge_change
5,2019-11-01,2019-06-01,5,49204.69288887671,52413.0,polynomial_ridge_change
5,2019-12-01,2019-06-01,6,49315.351793004025,52898.0,polynomial_ridge_change
5,2020-01-01,2019-06-01,7,49917.98692029684,52073.0,polynomial_ridge_change
5,2020-02-01,2019-06-01,8,50659.838550814355,52311.0,polynomial_ridge_change
5,2020-03-01,2019-06-01,9,51096.222845731776,57074.0,polynomial_ridge_change
5,2020-04-01,2019-06-01,10,51582.135090002776,56720.0,polynomial_ridge_change
5,2020-05-01,2019-06-01,11,51429.87495547135,57391.0,polynomial_ridge_change
5,2020-06-01,2019-06-01,12,50712.741818301314,56563.0,polynomial_ridge_change
1,2019-07-01,2019-06-01,1,14630.071252574813,10651.0,spline_ridge_change
1,2019-08-01,2019-06-01,2,14421.689706515046,10412.0,spline_ridge_change
1,2019-09-01,2019-06-01,3,14299.167089576593,9779.0,spline_ridge_change
1,2019-10-01,2019-06-01,4,14194.48919095934,10744.0,spline_ridge_change
1,2019-11-01,2019-06-01,5,14109.209412409802,10698.0,spline_ridge_change
1,2019-12-01,2019-06-01,6,14054.87027943464,9646.0,spline_ridge_change
1,2020-01-01,2019-06-01,7,14112.83665220775,9729.0,spline_ridge_change
1,2020-02-01,2019-06-01,8,14227.758854965425,10374.0,spline_ridge_change
1,2020-03-01,2019-06-01,9,14466.292208105913,11369.0,spline_ridge_change
1,2020-04-01,2019-06-01,10,14517.562458408804,11968.0,spline_ridge_change
1,2020-05-01,2019-06-01,11,14436.68002777428,12820.0,spline_ridge_change
1,2020-06-01,2019-06-01,12,14247.503116668822,12539.0,spline_ridge_change
2,2019-07-01,2019-06-01,1,141888.0276025511,134881.0,spline_ridge_change
2,2019-08-01,2019-06-01,2,141583.40459032936,125698.0,spline_ridge_change
2,2019-09-01,2019-06-01,3,141619.2143889279,128143.0,spline_ridge_change
2,2019-10-01,2019-06-01,4,142173.3672013974,134781.0,spline_ridge_change
2,2019-11-01,2019-06-01,5,143033.3765639831,130126.0,spline_ridge_change
2,2019-12-01,2019-06-01,6,143680.5652517647,126547.0,spline_ridge_change
2,2020-01-01,2019-06-01,7,144144.27489451118,127714.0,spline_ridge_change
2,2020-02-01,2019-06-01,8,144663.63332906392,126836.0,spline_ridge_change
2,2020-03-01,2019-06-01,9,145163.49040659904,139824.0,spline_ridge_change
2,2020-04-01,2019-06-01,10,145110.29291905015,156466.0,spline_ridge_change
2,2020-05-01,2019-06-01,11,144615.93903795193,140663.0,spline_ridge_change
2,2020-06-01,2019-06-01,12,143844.36303220782,136483.0,spline_ridge_change
3,2019-07-01,2019-06-01,1,876325.1169065601,871011.0,spline_ridge_change
3,2019-08-01,2019-06-01,2,875423.6421128063,872940.0,spline_ridge_change
3,2019-09-01,2019-06-01,3,875226.5807208086,865421.0,spline_ridge_change
3,2019-10-01,2019-06-01,4,874911.4279946329,864734.0,spline_ridge_change
3,2019-11-01,2019-06-01,5,874000.7937627286,863236.0,spline_ridge_change
3,2019-12-01,2019-06-01,6,873014.6362139621,854758.0,spline_ridge_change
3,2020-01-01,2019-06-01,7,873021.4500647192,862880.0,spline_ridge_change
3,2020-02-01,2019-06-01,8,874729.9952284169,876756.0,spline_ridge_change
3,2020-03-01,2019-06-01,9,876619.5471617454,886386.0,spline_ridge_change
3,2020-04-01,2019-06-01,10,877822.707194152,916045.0,spline_ridge_change
3,2020-05-01,2019-06-01,11,876733.4369361412,934148.0,spline_ridge_change
3,2020-06-01,2019-06-01,12,874211.1663693294,956570.0,spline_ridge_change
4,2019-07-01,2019-06-01,1,21303.99162325089,20832.0,spline_ridge_change
4,2019-08-01,2019-06-01,2,21378.87281073791,20542.0,spline_ridge_change
4,2019-09-01,2019-06-01,3,21363.321187478006,20850.0,spline_ridge_change
4,2019-10-01,2019-06-01,4,21448.863470941345,23255.0,spline_ridge_change
4,2019-11-01,2019-06-01,5,21379.02300679851,24381.0,spline_ridge_change
4,2019-12-01,2019-06-01,6,21190.411736748585,23890.0,spline_ridge_change
4,2020-01-01,2019-06-01,7,21173.31853904525,22824.0,spline_ridge_change
4,2020-02-01,2019-06-01,8,21127.13277391146,21253.0,spline_ridge_change
4,2020-03-01,2019-06-01,9,21433.61975368214,23655.0,spline_ridge_change
4,2020-04-01,2019-06-01,10,21517.015065693213,25662.0,spline_ridge_change
4,2020-05-01,2019-06-01,11,21554.099768714448,24897.0,spline_ridge_change
4,2020-06-01,2019-06-01,12,21287.190727077585,26525.0,spline_ridge_change
5,2019-07-01,2019-06-01,1,49731.95985519051,49031.0,spline_ridge_change
5,2019-08-01,2019-06-01,2,49197.197192508414,45344.0,spline_ridge_change
5,2019-09-01,2019-06-01,3,48839.24615242023,46239.0,spline_ridge_change
5,2019-10-01,2019-06-01,4,48889.15420453969,51006.0,spline_ridge_change
5,2019-11-01,2019-06-01,5,48714.01932582151,52413.0,spline_ridge_change
5,2019-12-01,2019-06-01,6,48287.55176818799,52898.0,spline_ridge_change
5,2020-01-01,2019-06-01,7,48500.47468483581,52073.0,spline_ridge_change
5,2020-02-01,2019-06-01,8,49072.57651044788,52311.0,spline_ridge_change
5,2020-03-01,2019-06-01,9,49324.62965443507,57074.0,spline_ridge_change
5,2020-04-01,2019-06-01,10,49503.88423373475,56720.0,spline_ridge_change
5,2020-05-01,2019-06-01,11,49047.89635039992,57391.0,spline_ridge_change
5,2020-06-01,2019-06-01,12,47879.72480588258,56563.0,spline_ridge_change
1,2019-07-01,2019-06-01,1,15157.624977368385,10651.0,random_forest_change
1,2019-08-01,2019-06-01,2,14908.712829820923,10412.0,random_forest_change
1,2019-09-01,2019-06-01,3,15011.875553864553,9779.0,random_forest_change
1,2019-10-01,2019-06-01,4,14759.887855315574,10744.0,random_forest_change
1,2019-11-01,2019-06-01,5,14815.201800177805,10698.0,random_forest_change
1,2019-12-01,2019-06-01,6,14626.479146310881,9646.0,random_forest_change
1,2020-01-01,2019-06-01,7,14645.152306051556,9729.0,random_forest_change
1,2020-02-01,2019-06-01,8,14721.607428656343,10374.0,random_forest_change
1,2020-03-01,2019-06-01,9,15220.842619439685,11369.0,random_forest_change
1,2020-04-01,2019-06-01,10,15062.57346055945,11968.0,random_forest_change
1,2020-05-01,2019-06-01,11,15421.594986853319,12820.0,random_forest_change
1,2020-06-01,2019-06-01,12,15255.639897031093,12539.0,random_forest_change
2,2019-07-01,2019-06-01,1,140347.8435246434,134881.0,random_forest_change
2,2019-08-01,2019-06-01,2,138677.08794429907,125698.0,random_forest_change
2,2019-09-01,2019-06-01,3,137805.31792441144,128143.0,random_forest_change
2,2019-10-01,2019-06-01,4,138168.03357214585,134781.0,random_forest_change
2,2019-11-01,2019-06-01,5,139388.22199409336,130126.0,random_forest_change
2,2019-12-01,2019-06-01,6,139842.0333297025,126547.0,random_forest_change
2,2020-01-01,2019-06-01,7,140028.30661718664,127714.0,random_forest_change
2,2020-02-01,2019-06-01,8,140334.9275180998,126836.0,random_forest_change
2,2020-03-01,2019-06-01,9,141430.1540143218,139824.0,random_forest_change
2,2020-04-01,2019-06-01,10,140598.0193521776,156466.0,random_forest_change
2,2020-05-01,2019-06-01,11,138832.05255500073,140663.0,random_forest_change
2,2020-06-01,2019-06-01,12,136724.0631188163,136483.0,random_forest_change
3,2019-07-01,2019-06-01,1,874301.6023856022,871011.0,random_forest_change
3,2019-08-01,2019-06-01,2,873367.920083743,872940.0,random_forest_change
3,2019-09-01,2019-06-01,3,874712.8777207433,865421.0,random_forest_change
3,2019-10-01,2019-06-01,4,876484.8847531704,864734.0,random_forest_change
3,2019-11-01,2019-06-01,5,875077.8956016495,863236.0,random_forest_change
3,2019-12-01,2019-06-01,6,868957.2460173466,854758.0,random_forest_change
3,2020-01-01,2019-06-01,7,875517.4735147996,862880.0,random_forest_change
3,2020-02-01,2019-06-01,8,880370.5451695067,876756.0,random_forest_change
3,2020-03-01,2019-06-01,9,884700.2902133109,886386.0,random_forest_change
3,2020-04-01,2019-06-01,10,886621.4031706149,916045.0,random_forest_change
3,2020-05-01,2019-06-01,11,883530.5202478871,934148.0,random_forest_change
3,2020-06-01,2019-06-01,12,879641.2582134305,956570.0,random_forest_change
4,2019-07-01,2019-06-01,1,21417.58411902398,20832.0,random_forest_change
4,2019-08-01,2019-06-01,2,21867.750495965374,20542.0,random_forest_change
4,2019-09-01,2019-06-01,3,22014.753646408364,20850.0,random_forest_change
4,2019-10-01,2019-06-01,4,22348.46721385672,23255.0,random_forest_change
4,2019-11-01,2019-06-01,5,22493.1890003917,24381.0,random_forest_change
4,2019-12-01,2019-06-01,6,22212.131485643113,23890.0,random_forest_change
4,2020-01-01,2019-06-01,7,22279.4597951095,22824.0,random_forest_change
4,2020-02-01,2019-06-01,8,22443.50493836619,21253.0,random_forest_change
4,2020-03-01,2019-06-01,9,23135.463782682273,23655.0,random_forest_change
4,2020-04-01,2019-06-01,10,23516.40924811389,25662.0,random_forest_change
4,2020-05-01,2019-06-01,11,23187.000441841603,24897.0,random_forest_change
4,2020-06-01,2019-06-01,12,22373.030429424125,26525.0,random_forest_change
5,2019-07-01,2019-06-01,1,50330.18262840631,49031.0,random_forest_change
5,2019-08-01,2019-06-01,2,49761.59152326146,45344.0,random_forest_change
5,2019-09-01,2019-06-01,3,49648.583835264,46239.0,random_forest_change
5,2019-10-01,2019-06-01,4,49875.443953848844,51006.0,random_forest_change
5,2019-11-01,2019-06-01,5,49517.124065221135,52413.0,random_forest_change
5,2019-12-01,2019-06-01,6,49151.243670418226,52898.0,random_forest_change
5,2020-01-01,2019-06-01,7,49454.49165155989,52073.0,random_forest_change
5,2020-02-01,2019-06-01,8,50256.31034481583,52311.0,random_forest_change
5,2020-03-01,2019-06-01,9,50585.03558168025,57074.0,random_forest_change
5,2020-04-01,2019-06-01,10,51159.2997029984,56720.0,random_forest_change
5,2020-05-01,2019-06-01,11,51556.145794527765,57391.0,random_forest_change
5,2020-06-01,2019-06-01,12,51025.480520370955,56563.0,random_forest_change
1,2019-07-01,2019-06-01,1,14963.3505859375,10651.0,xgboost_change
1,2019-08-01,2019-06-01,2,14594.3154296875,10412.0,xgboost_change
1,2019-09-01,2019-06-01,3,14681.556640625,9779.0,xgboost_change
1,2019-10-01,2019-06-01,4,14229.4677734375,10744.0,xgboost_change
1,2019-11-01,2019-06-01,5,14242.732421875,10698.0,xgboost_change
1,2019-12-01,2019-06-01,6,13868.095703125,9646.0,xgboost_change
1,2020-01-01,2019-06-01,7,14057.7734375,9729.0,xgboost_change
1,2020-02-01,2019-06-01,8,13996.1796875,10374.0,xgboost_change
1,2020-03-01,2019-06-01,9,14744.0732421875,11369.0,xgboost_change
1,2020-04-01,2019-06-01,10,14518.4287109375,11968.0,xgboost_change
1,2020-05-01,2019-06-01,11,14777.60546875,12820.0,xgboost_change
1,2020-06-01,2019-06-01,12,14408.958984375,12539.0,xgboost_change
2,2019-07-01,2019-06-01,1,140795.65625,134881.0,xgboost_change
2,2019-08-01,2019-06-01,2,139998.84375,125698.0,xgboost_change
2,2019-09-01,2019-06-01,3,139496.234375,128143.0,xgboost_change
2,2019-10-01,2019-06-01,4,140079.015625,134781.0,xgboost_change
2,2019-11-01,2019-06-01,5,140939.8125,130126.0,xgboost_change
2,2019-12-01,2019-06-01,6,141572.875,126547.0,xgboost_change
2,2020-01-01,2019-06-01,7,142111.84375,127714.0,xgboost_change
2,2020-02-01,2019-06-01,8,142741.5,126836.0,xgboost_change
2,2020-03-01,2019-06-01,9,143430.09375,139824.0,xgboost_change
2,2020-04-01,2019-06-01,10,142898.65625,156466.0,xgboost_change
2,2020-05-01,2019-06-01,11,141552.078125,140663.0,xgboost_change
2,2020-06-01,2019-06-01,12,140049.546875,136483.0,xgboost_change
3,2019-07-01,2019-06-01,1,871714.5625,871011.0,xgboost_change
3,2019-08-01,2019-06-01,2,870327.0625,872940.0,xgboost_change
3,2019-09-01,2019-06-01,3,870394.9375,865421.0,xgboost_change
3,2019-10-01,2019-06-01,4,871989.125,864734.0,xgboost_change
3,2019-11-01,2019-06-01,5,871545.625,863236.0,xgboost_change
3,2019-12-01,2019-06-01,6,867528.3125,854758.0,xgboost_change
3,2020-01-01,2019-06-01,7,875400.0,862880.0,xgboost_change
3,2020-02-01,2019-06-01,8,882781.25,876756.0,xgboost_change
3,2020-03-01,2019-06-01,9,890814.4375,886386.0,xgboost_change
3,2020-04-01,2019-06-01,10,893961.625,916045.0,xgboost_change
3,2020-05-01,2019-06-01,11,894430.8125,934148.0,xgboost_change
3,2020-06-01,2019-06-01,12,886170.5,956570.0,xgboost_change
4,2019-07-01,2019-06-01,1,21194.83203125,20832.0,xgboost_change
4,2019-08-01,2019-06-01,2,21641.65234375,20542.0,xgboost_change
4,2019-09-01,2019-06-01,3,22064.09375,20850.0,xgboost_change
4,2019-10-01,2019-06-01,4,22468.830078125,23255.0,xgboost_change
4,2019-11-01,2019-06-01,5,21836.607421875,24381.0,xgboost_change
4,2019-12-01,2019-06-01,6,21318.853515625,23890.0,xgboost_change
4,2020-01-01,2019-06-01,7,21705.1796875,22824.0,xgboost_change
4,2020-02-01,2019-06-01,8,22467.283203125,21253.0,xgboost_change
4,2020-03-01,2019-06-01,9,22667.40625,23655.0,xgboost_change
4,2020-04-01,2019-06-01,10,22906.35546875,25662.0,xgboost_change
4,2020-05-01,2019-06-01,11,22020.890625,24897.0,xgboost_change
4,2020-06-01,2019-06-01,12,21185.029296875,26525.0,xgboost_change
5,2019-07-01,2019-06-01,1,49692.359375,49031.0,xgboost_change
5,2019-08-01,2019-06-01,2,48818.87890625,45344.0,xgboost_change
5,2019-09-01,2019-06-01,3,48176.98046875,46239.0,xgboost_change
5,2019-10-01,2019-06-01,4,48096.59765625,51006.0,xgboost_change
5,2019-11-01,2019-06-01,5,47529.72265625,52413.0,xgboost_change
5,2019-12-01,2019-06-01,6,47438.921875,52898.0,xgboost_change
5,2020-01-01,2019-06-01,7,48012.31640625,52073.0,xgboost_change
5,2020-02-01,2019-06-01,8,49148.99609375,52311.0,xgboost_change
5,2020-03-01,2019-06-01,9,50144.20703125,57074.0,xgboost_change
5,2020-04-01,2019-06-01,10,50960.93359375,56720.0,xgboost_change
5,2020-05-01,2019-06-01,11,51469.39453125,57391.0,xgboost_change
5,2020-06-01,2019-06-01,12,50356.80078125,56563.0,xgboost_change
1,2019-07-01,2019-06-01,1,13432.403776662199,10651.0,neural_network_change
1,2019-08-01,2019-06-01,2,12354.30031380547,10412.0,neural_network_change
1,2019-09-01,2019-06-01,3,11604.774849653004,9779.0,neural_network_change
1,2019-10-01,2019-06-01,4,10884.620011303326,10744.0,neural_network_change
1,2019-11-01,2019-06-01,5,10774.663440224422,10698.0,neural_network_change
1,2019-12-01,2019-06-01,6,10788.932803766134,9646.0,neural_network_change
1,2020-01-01,2019-06-01,7,11321.030581068628,9729.0,neural_network_change
1,2020-02-01,2019-06-01,8,11470.644007452442,10374.0,neural_network_change
1,2020-03-01,2019-06-01,9,11776.52552997589,11369.0,neural_network_change
1,2020-04-01,2019-06-01,10,11723.79849182316,11968.0,neural_network_change
1,2020-05-01,2019-06-01,11,12011.106947923017,12820.0,neural_network_change
1,2020-06-01,2019-06-01,12,11918.495717787824,12539.0,neural_network_change
2,2019-07-01,2019-06-01,1,140606.76995269346,134881.0,neural_network_change
2,2019-08-01,2019-06-01,2,139166.43268414555,125698.0,neural_network_change
2,2019-09-01,2019-06-01,3,138498.4535313414,128143.0,neural_network_change
2,2019-10-01,2019-06-01,4,139279.175330367,134781.0,neural_network_change
2,2019-11-01,2019-06-01,5,141659.73126566593,130126.0,neural_network_change
2,2019-12-01,2019-06-01,6,144023.59344732965,126547.0,neural_network_change
2,2020-01-01,2019-06-01,7,145916.77600752504,127714.0,neural_network_change
2,2020-02-01,2019-06-01,8,147294.72829583162,126836.0,neural_network_change
2,2020-03-01,2019-06-01,9,148532.60824324322,139824.0,neural_network_change
2,2020-04-01,2019-06-01,10,148581.6175731614,156466.0,neural_network_change
2,2020-05-01,2019-06-01,11,147541.57940047365,140663.0,neural_network_change
2,2020-06-01,2019-06-01,12,145569.4202451426,136483.0,neural_network_change
3,2019-07-01,2019-06-01,1,873599.1343836916,871011.0,neural_network_change
3,2019-08-01,2019-06-01,2,870834.0039021508,872940.0,neural_network_change
3,2019-09-01,2019-06-01,3,869227.2288927697,865421.0,neural_network_change
3,2019-10-01,2019-06-01,4,867814.6676531413,864734.0,neural_network_change
3,2019-11-01,2019-06-01,5,866863.6493512519,863236.0,neural_network_change
3,2019-12-01,2019-06-01,6,866482.9368127078,854758.0,neural_network_change
3,2020-01-01,2019-06-01,7,869000.6114777351,862880.0,neural_network_change
3,2020-02-01,2019-06-01,8,872864.9529588035,876756.0,neural_network_change
3,2020-03-01,2019-06-01,9,876401.728719027,886386.0,neural_network_change
3,2020-04-01,2019-06-01,10,876735.5287689946,916045.0,neural_network_change
3,2020-05-01,2019-06-01,11,872975.1873309013,934148.0,neural_network_change
3,2020-06-01,2019-06-01,12,868699.183486868,956570.0,neural_network_change
4,2019-07-01,2019-06-01,1,21930.497184145253,20832.0,neural_network_change
4,2019-08-01,2019-06-01,2,22003.994368239455,20542.0,neural_network_change
4,2019-09-01,2019-06-01,3,22077.49155232418,20850.0,neural_network_change
4,2019-10-01,2019-06-01,4,22150.98873638831,23255.0,neural_network_change
4,2019-11-01,2019-06-01,5,22224.485920426796,24381.0,neural_network_change
4,2019-12-01,2019-06-01,6,22297.983104458173,23890.0,neural_network_change
4,2020-01-01,2019-06-01,7,22371.48028847659,22824.0,neural_network_change
4,2020-02-01,2019-06-01,8,22444.977472499442,21253.0,neural_network_change
4,2020-03-01,2019-06-01,9,22518.47465653525,23655.0,neural_network_change
4,2020-04-01,2019-06-01,10,22591.971840579885,25662.0,neural_network_change
4,2020-05-01,2019-06-01,11,22665.469024649392,24897.0,neural_network_change
4,2020-06-01,2019-06-01,12,22738.966208741822,26525.0,neural_network_change
5,2019-07-01,2019-06-01,1,49022.36108692436,49031.0,neural_network_change
5,2019-08-01,2019-06-01,2,48892.73294934815,45344.0,neural_network_change
5,2019-09-01,2019-06-01,3,48916.53742955185,46239.0,neural_network_change
5,2019-10-01,2019-06-01,4,49400.69692669385,51006.0,neural_network_change
5,2019-11-01,2019-06-01,5,49923.733933836695,52413.0,neural_network_change
5,2019-12-01,2019-06-01,6,49885.49931101889,52898.0,neural_network_change
5,2020-01-01,2019-06-01,7,50690.580431688,52073.0,neural_network_change
5,2020-02-01,2019-06-01,8,51740.024288286615,52311.0,neural_network_change
5,2020-03-01,2019-06-01,9,52290.32500274724,57074.0,neural_network_change
5,2020-04-01,2019-06-01,10,52889.89353872964,56720.0,neural_network_change
5,2020-05-01,2019-06-01,11,52158.03599171343,57391.0,neural_network_change
5,2020-06-01,2019-06-01,12,50477.5682972021,56563.0,neural_network_change
1,2019-07-01,2019-06-01,1,14467.557315405145,10651.0,rolling_ridge_change
1,2019-08-01,2019-06-01,2,13818.195954938139,10412.0,rolling_ridge_change
1,2019-09-01,2019-06-01,3,13348.481883571829,9779.0,rolling_ridge_change
1,2019-10-01,2019-06-01,4,13132.706149139916,10744.0,rolling_ridge_change
1,2019-11-01,2019-06-01,5,12865.098547279682,10698.0,rolling_ridge_change
1,2019-12-01,2019-06-01,6,12794.90113695749,9646.0,rolling_ridge_change
1,2020-01-01,2019-06-01,7,12848.96035889464,9729.0,rolling_ridge_change
1,2020-02-01,2019-06-01,8,12793.474277620004,10374.0,rolling_ridge_change
1,2020-03-01,2019-06-01,9,13216.439520650625,11369.0,rolling_ridge_change
1,2020-04-01,2019-06-01,10,13160.176050898399,11968.0,rolling_ridge_change
1,2020-05-01,2019-06-01,11,12979.666513314967,12820.0,rolling_ridge_change
1,2020-06-01,2019-06-01,12,12597.692817098932,12539.0,rolling_ridge_change
2,2019-07-01,2019-06-01,1,141420.01526837563,134881.0,rolling_ridge_change
2,2019-08-01,2019-06-01,2,140041.48816680157,125698.0,rolling_ridge_change
2,2019-09-01,2019-06-01,3,138844.14605534874,128143.0,rolling_ridge_change
2,2019-10-01,2019-06-01,4,138913.75955652978,134781.0,rolling_ridge_change
2,2019-11-01,2019-06-01,5,139927.6123023923,130126.0,rolling_ridge_change
2,2019-12-01,2019-06-01,6,140564.42695492585,126547.0,rolling_ridge_change
2,2020-01-01,2019-06-01,7,140279.0536098339,127714.0,rolling_ridge_change
2,2020-02-01,2019-06-01,8,139814.97293456376,126836.0,rolling_ridge_change
2,2020-03-01,2019-06-01,9,139987.1941417489,139824.0,rolling_ridge_change
2,2020-04-01,2019-06-01,10,139321.9056410737,156466.0,rolling_ridge_change
2,2020-05-01,2019-06-01,11,138205.53090921705,140663.0,rolling_ridge_change
2,2020-06-01,2019-06-01,12,136500.1977730287,136483.0,rolling_ridge_change
3,2019-07-01,2019-06-01,1,875012.7566182467,871011.0,rolling_ridge_change
3,2019-08-01,2019-06-01,2,872927.690424979,872940.0,rolling_ridge_change
3,2019-09-01,2019-06-01,3,871256.1422284705,865421.0,rolling_ridge_change
3,2019-10-01,2019-06-01,4,870005.8976767432,864734.0,rolling_ridge_change
3,2019-11-01,2019-06-01,5,869812.9100912177,863236.0,rolling_ridge_change
3,2019-12-01,2019-06-01,6,870899.5975911503,854758.0,rolling_ridge_change
3,2020-01-01,2019-06-01,7,872708.3910091595,862880.0,rolling_ridge_change
3,2020-02-01,2019-06-01,8,874324.9355407523,876756.0,rolling_ridge_change
3,2020-03-01,2019-06-01,9,874693.2458215819,886386.0,rolling_ridge_change
3,2020-04-01,2019-06-01,10,874687.276462305,916045.0,rolling_ridge_change
3,2020-05-01,2019-06-01,11,873369.2260872202,934148.0,rolling_ridge_change
3,2020-06-01,2019-06-01,12,871380.2493288381,956570.0,rolling_ridge_change
4,2019-07-01,2019-06-01,1,21835.801148698738,20832.0,rolling_ridge_change
4,2019-08-01,2019-06-01,2,21852.857535886345,20542.0,rolling_ridge_change
4,2019-09-01,2019-06-01,3,21865.97745085357,20850.0,rolling_ridge_change
4,2019-10-01,2019-06-01,4,21900.42886303247,23255.0,rolling_ridge_change
4,2019-11-01,2019-06-01,5,21941.773083633583,24381.0,rolling_ridge_change
4,2019-12-01,2019-06-01,6,21996.52323406265,23890.0,rolling_ridge_change
4,2020-01-01,2019-06-01,7,22049.778152625313,22824.0,rolling_ridge_change
4,2020-02-01,2019-06-01,8,22092.302300524214,21253.0,rolling_ridge_change
4,2020-03-01,2019-06-01,9,22155.08811660012,23655.0,rolling_ridge_change
4,2020-04-01,2019-06-01,10,22185.119326643504,25662.0,rolling_ridge_change
4,2020-05-01,2019-06-01,11,22213.234796932466,24897.0,rolling_ridge_change
4,2020-06-01,2019-06-01,12,22213.904754959858,26525.0,rolling_ridge_change
5,2019-07-01,2019-06-01,1,49849.584347143296,49031.0,rolling_ridge_change
5,2019-08-01,2019-06-01,2,49382.657135407244,45344.0,rolling_ridge_change
5,2019-09-01,2019-06-01,3,48920.684192996465,46239.0,rolling_ridge_change
5,2019-10-01,2019-06-01,4,48797.33432766758,51006.0,rolling_ridge_change
5,2019-11-01,2019-06-01,5,48720.75733094489,52413.0,rolling_ridge_change
5,2019-12-01,2019-06-01,6,48710.378741811764,52898.0,rolling_ridge_change
5,2020-01-01,2019-06-01,7,49141.399466255134,52073.0,rolling_ridge_change
5,2020-02-01,2019-06-01,8,49689.77368003708,52311.0,rolling_ridge_change
5,2020-03-01,2019-06-01,9,49911.99882732176,57074.0,rolling_ridge_change
5,2020-04-01,2019-06-01,10,50340.50908521844,56720.0,rolling_ridge_change
5,2020-05-01,2019-06-01,11,50220.11312869182,57391.0,rolling_ridge_change
5,2020-06-01,2019-06-01,12,49698.2396250946,56563.0,rolling_ridge_change
1,2019-07-01,2019-06-01,1,14034.957701709069,10651.0,damped_ridge_change
1,2019-08-01,2019-06-01,2,13307.930938955133,10412.0,damped_ridge_change
1,2019-09-01,2019-06-01,3,12744.439220149838,9779.0,damped_ridge_change
1,2019-10-01,2019-06-01,4,12192.96041735348,10744.0,damped_ridge_change
1,2019-11-01,2019-06-01,5,11932.954056186016,10698.0,damped_ridge_change
1,2019-12-01,2019-06-01,6,11796.786094772655,9646.0,damped_ridge_change
1,2020-01-01,2019-06-01,7,11915.4931539156,9729.0,damped_ridge_change
1,2020-02-01,2019-06-01,8,11958.295027373977,10374.0,damped_ridge_change
1,2020-03-01,2019-06-01,9,12025.454539701572,11369.0,damped_ridge_change
1,2020-04-01,2019-06-01,10,11959.885799792324,11968.0,damped_ridge_change
1,2020-05-01,2019-06-01,11,12019.106672858718,12820.0,damped_ridge_change
1,2020-06-01,2019-06-01,12,11975.256331489454,12539.0,damped_ridge_change
2,2019-07-01,2019-06-01,1,141417.03057792658,134881.0,damped_ridge_change
2,2019-08-01,2019-06-01,2,140789.54211658394,125698.0,damped_ridge_change
2,2019-09-01,2019-06-01,3,140642.7591649342,128143.0,damped_ridge_change
2,2019-10-01,2019-06-01,4,141245.84803520906,134781.0,damped_ridge_change
2,2019-11-01,2019-06-01,5,142586.0541543221,130126.0,damped_ridge_change
2,2019-12-01,2019-06-01,6,143697.84627308502,126547.0,damped_ridge_change
2,2020-01-01,2019-06-01,7,144482.68802743248,127714.0,damped_ridge_change
2,2020-02-01,2019-06-01,8,145007.2416062552,126836.0,damped_ridge_change
2,2020-03-01,2019-06-01,9,145546.61929946544,139824.0,damped_ridge_change
2,2020-04-01,2019-06-01,10,145503.5343534754,156466.0,damped_ridge_change
2,2020-05-01,2019-06-01,11,145020.44709948235,140663.0,damped_ridge_change
2,2020-06-01,2019-06-01,12,144198.63651533652,136483.0,damped_ridge_change
3,2019-07-01,2019-06-01,1,875117.2849743558,871011.0,damped_ridge_change
3,2019-08-01,2019-06-01,2,872562.5922718733,872940.0,damped_ridge_change
3,2019-09-01,2019-06-01,3,870404.102693363,865421.0,damped_ridge_change
3,2019-10-01,2019-06-01,4,868372.181343782,864734.0,damped_ridge_change
3,2019-11-01,2019-06-01,5,867435.6955561035,863236.0,damped_ridge_change
3,2019-12-01,2019-06-01,6,867917.5126007809,854758.0,damped_ridge_change
3,2020-01-01,2019-06-01,7,869753.0569460542,862880.0,damped_ridge_change
3,2020-02-01,2019-06-01,8,871513.8433691039,876756.0,damped_ridge_change
3,2020-03-01,2019-06-01,9,872720.4550382639,886386.0,damped_ridge_change
3,2020-04-01,2019-06-01,10,873126.9495774406,916045.0,damped_ridge_change
3,2020-05-01,2019-06-01,11,872482.796187878,934148.0,damped_ridge_change
3,2020-06-01,2019-06-01,12,870933.307296535,956570.0,damped_ridge_change
4,2019-07-01,2019-06-01,1,21711.623131140324,20832.0,damped_ridge_change
4,2019-08-01,2019-06-01,2,21656.816537278366,20542.0,damped_ridge_change
4,2019-09-01,2019-06-01,3,21597.77862006469,20850.0,damped_ridge_change
4,2019-10-01,2019-06-01,4,21594.26057437919,23255.0,damped_ridge_change
4,2019-11-01,2019-06-01,5,21621.401760059787,24381.0,damped_ridge_change
4,2019-12-01,2019-06-01,6,21656.399979800233,23890.0,damped_ridge_change
4,2020-01-01,2019-06-01,7,21730.0671740338,22824.0,damped_ridge_change
4,2020-02-01,2019-06-01,8,21761.869675715454,21253.0,damped_ridge_change
4,2020-03-01,2019-06-01,9,21798.084912807757,23655.0,damped_ridge_change
4,2020-04-01,2019-06-01,10,21801.53129296135,25662.0,damped_ridge_change
4,2020-05-01,2019-06-01,11,21771.698942663195,24897.0,damped_ridge_change
4,2020-06-01,2019-06-01,12,21689.898217078713,26525.0,damped_ridge_change
5,2019-07-01,2019-06-01,1,50174.43387092713,49031.0,damped_ridge_change
5,2019-08-01,2019-06-01,2,49978.188516252376,45344.0,damped_ridge_change
5,2019-09-01,2019-06-01,3,49756.254358415645,46239.0,damped_ridge_change
5,2019-10-01,2019-06-01,4,49720.11220529501,51006.0,damped_ridge_change
5,2019-11-01,2019-06-01,5,49696.61683755865,52413.0,damped_ridge_change
5,2019-12-01,2019-06-01,6,49690.10814815016,52898.0,damped_ridge_change
5,2020-01-01,2019-06-01,7,49943.42266603135,52073.0,damped_ridge_change
5,2020-02-01,2019-06-01,8,50294.92673706581,52311.0,damped_ridge_change
5,2020-03-01,2019-06-01,9,50535.97602550277,57074.0,damped_ridge_change
5,2020-04-01,2019-06-01,10,50833.152068221876,56720.0,damped_ridge_change
5,2020-05-01,2019-06-01,11,50832.93582278354,57391.0,damped_ridge_change
5,2020-06-01,2019-06-01,12,50549.19420780972,56563.0,damped_ridge_change
1,2019-07-01,2019-06-01,1,14610.77928433371,10651.0,ensemble_change
1,2019-08-01,2019-06-01,2,14119.536745393218,10412.0,ensemble_change
1,2019-09-01,2019-06-01,3,13890.204708241632,9779.0,ensemble_change
1,2019-10-01,2019-06-01,4,13660.543148528479,10744.0,ensemble_change
1,2019-11-01,2019-06-01,5,13595.065670948536,10698.0,ensemble_change
1,2019-12-01,2019-06-01,6,13553.174162307116,9646.0,ensemble_change
1,2020-01-01,2019-06-01,7,13666.207464912979,9729.0,ensemble_change
1,2020-02-01,2019-06-01,8,13762.162439388301,10374.0,ensemble_change
1,2020-03-01,2019-06-01,9,14042.621871308615,11369.0,ensemble_change
1,2020-04-01,2019-06-01,10,13843.237398047499,11968.0,ensemble_change
1,2020-05-01,2019-06-01,11,13962.847146931039,12820.0,ensemble_change
1,2020-06-01,2019-06-01,12,13629.594894697393,12539.0,ensemble_change
2,2019-07-01,2019-06-01,1,140850.7961018336,134881.0,ensemble_change
2,2019-08-01,2019-06-01,2,139756.72763763583,125698.0,ensemble_change
2,2019-09-01,2019-06-01,3,139186.7116587934,128143.0,ensemble_change
2,2019-10-01,2019-06-01,4,139660.02665052633,134781.0,ensemble_change
2,2019-11-01,2019-06-01,5,140878.43719408792,130126.0,ensemble_change
2,2019-12-01,2019-06-01,6,141870.3508215854,126547.0,ensemble_change
2,2020-01-01,2019-06-01,7,142570.66547586076,127714.0,ensemble_change
2,2020-02-01,2019-06-01,8,143067.39997440513,126836.0,ensemble_change
2,2020-03-01,2019-06-01,9,143721.10738138566,139824.0,ensemble_change
2,2020-04-01,2019-06-01,10,143313.66909549152,156466.0,ensemble_change
2,2020-05-01,2019-06-01,11,142161.17996386698,140663.0,ensemble_change
2,2020-06-01,2019-06-01,12,140632.07613877108,136483.0,ensemble_change
3,2019-07-01,2019-06-01,1,874612.4327898045,871011.0,ensemble_change
3,2019-08-01,2019-06-01,2,872271.8524807241,872940.0,ensemble_change
3,2019-09-01,2019-06-01,3,870831.9269316775,865421.0,ensemble_change
3,2019-10-01,2019-06-01,4,869823.4968178022,864734.0,ensemble_change
3,2019-11-01,2019-06-01,5,867603.0950407118,863236.0,ensemble_change
3,2019-12-01,2019-06-01,6,865505.3861147948,854758.0,ensemble_change
3,2020-01-01,2019-06-01,7,870189.6010816167,862880.0,ensemble_change
3,2020-02-01,2019-06-01,8,875293.9346567617,876756.0,ensemble_change
3,2020-03-01,2019-06-01,9,880176.6817978522,886386.0,ensemble_change
3,2020-04-01,2019-06-01,10,881544.9423855388,916045.0,ensemble_change
3,2020-05-01,2019-06-01,11,881252.6085864109,934148.0,ensemble_change
3,2020-06-01,2019-06-01,12,877529.7348157666,956570.0,ensemble_change
4,2019-07-01,2019-06-01,1,21481.494784799004,20832.0,ensemble_change
4,2019-08-01,2019-06-01,2,21668.195337514335,20542.0,ensemble_change
4,2019-09-01,2019-06-01,3,21775.73971618733,20850.0,ensemble_change
4,2019-10-01,2019-06-01,4,21950.5389138447,23255.0,ensemble_change
4,2019-11-01,2019-06-01,5,21993.695514457337,24381.0,ensemble_change
4,2019-12-01,2019-06-01,6,21997.54414555561,23890.0,ensemble_change
4,2020-01-01,2019-06-01,7,22171.02788955459,22824.0,ensemble_change
4,2020-02-01,2019-06-01,8,22342.28831806043,21253.0,ensemble_change
4,2020-03-01,2019-06-01,9,22554.132400753762,23655.0,ensemble_change
4,2020-04-01,2019-06-01,10,22722.805864994716,25662.0,ensemble_change
4,2020-05-01,2019-06-01,11,22337.478355962325,24897.0,ensemble_change
4,2020-06-01,2019-06-01,12,21886.52387016633,26525.0,ensemble_change
5,2019-07-01,2019-06-01,1,50275.29397547936,49031.0,ensemble_change
5,2019-08-01,2019-06-01,2,49990.69691556231,45344.0,ensemble_change
5,2019-09-01,2019-06-01,3,49892.75965003983,46239.0,ensemble_change
5,2019-10-01,2019-06-01,4,50057.05740080573,51006.0,ensemble_change
5,2019-11-01,2019-06-01,5,50052.691659252756,52413.0,ensemble_change
5,2019-12-01,2019-06-01,6,50221.53671124496,52898.0,ensemble_change
5,2020-01-01,2019-06-01,7,50810.564143180134,52073.0,ensemble_change
5,2020-02-01,2019-06-01,8,51606.972506576414,52311.0,ensemble_change
5,2020-03-01,2019-06-01,9,52137.67061798379,57074.0,ensemble_change
5,2020-04-01,2019-06-01,10,52666.65904215,56720.0,ensemble_change
5,2020-05-01,2019-06-01,11,52953.391828141415,57391.0,ensemble_change
5,2020-06-01,2019-06-01,12,51826.555978134325,56563.0,ensemble_change
1,2020-07-01,2020-06-01,1,12539.0,11454.0,persistence
1,2020-08-01,2020-06-01,2,12539.0,12065.0,persistence
1,2020-09-01,2020-06-01,3,12539.0,11148.0,persistence
1,2020-10-01,2020-06-01,4,12539.0,10510.0,persistence
1,2020-11-01,2020-06-01,5,12539.0,9916.0,persistence
1,2020-12-01,2020-06-01,6,12539.0,9876.0,persistence
1,2021-01-01,2020-06-01,7,12539.0,9925.0,persistence
1,2021-02-01,2020-06-01,8,12539.0,7396.0,persistence
1,2021-03-01,2020-06-01,9,12539.0,8357.0,persistence
1,2021-04-01,2020-06-01,10,12539.0,8739.0,persistence
1,2021-05-01,2020-06-01,11,12539.0,8347.0,persistence
1,2021-06-01,2020-06-01,12,12539.0,7753.0,persistence
2,2020-07-01,2020-06-01,1,136483.0,140336.0,persistence
2,2020-08-01,2020-06-01,2,136483.0,140141.0,persistence
2,2020-09-01,2020-06-01,3,136483.0,140970.0,persistence
2,2020-10-01,2020-06-01,4,136483.0,146472.0,persistence
2,2020-11-01,2020-06-01,5,136483.0,148412.0,persistence
2,2020-12-01,2020-06-01,6,136483.0,147225.0,persistence
2,2021-01-01,2020-06-01,7,136483.0,136136.0,persistence
2,2021-02-01,2020-06-01,8,136483.0,134483.0,persistence
2,2021-03-01,2020-06-01,9,136483.0,127473.0,persistence
2,2021-04-01,2020-06-01,10,136483.0,133881.0,persistence
2,2021-05-01,2020-06-01,11,136483.0,134056.0,persistence
2,2021-06-01,2020-06-01,12,136483.0,124235.0,persistence
3,2020-07-01,2020-06-01,1,956570.0,944808.0,persistence
3,2020-08-01,2020-06-01,2,956570.0,920344.0,persistence
3,2020-09-01,2020-06-01,3,956570.0,912855.0,persistence
3,2020-10-01,2020-06-01,4,956570.0,900201.0,persistence
3,2020-11-01,2020-06-01,5,956570.0,909291.0,persistence
3,2020-12-01,2020-06-01,6,956570.0,896960.0,persistence
3,2021-01-01,2020-06-01,7,956570.0,896086.0,persistence
3,2021-02-01,2020-06-01,8,956570.0,915386.0,persistence
3,2021-03-01,2020-06-01,9,956570.0,932466.0,persistence
3,2021-04-01,2020-06-01,10,956570.0,906599.0,persistence
3,2021-05-01,2020-06-01,11,956570.0,888487.0,persistence
3,2021-06-01,2020-06-01,12,956570.0,865066.0,persistence
4,2020-07-01,2020-06-01,1,26525.0,25529.0,persistence
4,2020-08-01,2020-06-01,2,26525.0,24575.0,persistence
4,2020-09-01,2020-06-01,3,26525.0,23509.0,persistence
4,2020-10-01,2020-06-01,4,26525.0,24222.0,persistence
4,2020-11-01,2020-06-01,5,26525.0,24528.0,persistence
4,2020-12-01,2020-06-01,6,26525.0,24398.0,persistence
4,2021-01-01,2020-06-01,7,26525.0,24949.0,persistence
4,2021-02-01,2020-06-01,8,26525.0,22852.0,persistence
4,2021-03-01,2020-06-01,9,26525.0,23617.0,persistence
4,2021-04-01,2020-06-01,10,26525.0,25326.0,persistence
4,2021-05-01,2020-06-01,11,26525.0,25379.0,persistence
4,2021-06-01,2020-06-01,12,26525.0,24512.0,persistence
5,2020-07-01,2020-06-01,1,56563.0,54137.0,persistence
5,2020-08-01,2020-06-01,2,56563.0,54804.0,persistence
5,2020-09-01,2020-06-01,3,56563.0,51428.0,persistence
5,2020-10-01,2020-06-01,4,56563.0,51073.0,persistence
5,2020-11-01,2020-06-01,5,56563.0,46690.0,persistence
5,2020-12-01,2020-06-01,6,56563.0,45098.0,persistence
5,2021-01-01,2020-06-01,7,56563.0,47258.0,persistence
5,2021-02-01,2020-06-01,8,56563.0,51532.0,persistence
5,2021-03-01,2020-06-01,9,56563.0,48325.0,persistence
5,2021-04-01,2020-06-01,10,56563.0,48041.0,persistence
5,2021-05-01,2020-06-01,11,56563.0,48296.0,persistence
5,2021-06-01,2020-06-01,12,56563.0,47846.0,persistence
1,2020-07-01,2020-06-01,1,10651.0,11454.0,seasonal_naive
1,2020-08-01,2020-06-01,2,10412.0,12065.0,seasonal_naive
1,2020-09-01,2020-06-01,3,9779.0,11148.0,seasonal_naive
1,2020-10-01,2020-06-01,4,10744.0,10510.0,seasonal_naive
1,2020-11-01,2020-06-01,5,10698.0,9916.0,seasonal_naive
1,2020-12-01,2020-06-01,6,9646.0,9876.0,seasonal_naive
1,2021-01-01,2020-06-01,7,9729.0,9925.0,seasonal_naive
1,2021-02-01,2020-06-01,8,10374.0,7396.0,seasonal_naive
1,2021-03-01,2020-06-01,9,11369.0,8357.0,seasonal_naive
1,2021-04-01,2020-06-01,10,11968.0,8739.0,seasonal_naive
1,2021-05-01,2020-06-01,11,12820.0,8347.0,seasonal_naive
1,2021-06-01,2020-06-01,12,12539.0,7753.0,seasonal_naive
2,2020-07-01,2020-06-01,1,134881.0,140336.0,seasonal_naive
2,2020-08-01,2020-06-01,2,125698.0,140141.0,seasonal_naive
2,2020-09-01,2020-06-01,3,128143.0,140970.0,seasonal_naive
2,2020-10-01,2020-06-01,4,134781.0,146472.0,seasonal_naive
2,2020-11-01,2020-06-01,5,130126.0,148412.0,seasonal_naive
2,2020-12-01,2020-06-01,6,126547.0,147225.0,seasonal_naive
2,2021-01-01,2020-06-01,7,127714.0,136136.0,seasonal_naive
2,2021-02-01,2020-06-01,8,126836.0,134483.0,seasonal_naive
2,2021-03-01,2020-06-01,9,139824.0,127473.0,seasonal_naive
2,2021-04-01,2020-06-01,10,156466.0,133881.0,seasonal_naive
2,2021-05-01,2020-06-01,11,140663.0,134056.0,seasonal_naive
2,2021-06-01,2020-06-01,12,136483.0,124235.0,seasonal_naive
3,2020-07-01,2020-06-01,1,871011.0,944808.0,seasonal_naive
3,2020-08-01,2020-06-01,2,872940.0,920344.0,seasonal_naive
3,2020-09-01,2020-06-01,3,865421.0,912855.0,seasonal_naive
3,2020-10-01,2020-06-01,4,864734.0,900201.0,seasonal_naive
3,2020-11-01,2020-06-01,5,863236.0,909291.0,seasonal_naive
3,2020-12-01,2020-06-01,6,854758.0,896960.0,seasonal_naive
3,2021-01-01,2020-06-01,7,862880.0,896086.0,seasonal_naive
3,2021-02-01,2020-06-01,8,876756.0,915386.0,seasonal_naive
3,2021-03-01,2020-06-01,9,886386.0,932466.0,seasonal_naive
3,2021-04-01,2020-06-01,10,916045.0,906599.0,seasonal_naive
3,2021-05-01,2020-06-01,11,934148.0,888487.0,seasonal_naive
3,2021-06-01,2020-06-01,12,956570.0,865066.0,seasonal_naive
4,2020-07-01,2020-06-01,1,20832.0,25529.0,seasonal_naive
4,2020-08-01,2020-06-01,2,20542.0,24575.0,seasonal_naive
4,2020-09-01,2020-06-01,3,20850.0,23509.0,seasonal_naive
4,2020-10-01,2020-06-01,4,23255.0,24222.0,seasonal_naive
4,2020-11-01,2020-06-01,5,24381.0,24528.0,seasonal_naive
4,2020-12-01,2020-06-01,6,23890.0,24398.0,seasonal_naive
4,2021-01-01,2020-06-01,7,22824.0,24949.0,seasonal_naive
4,2021-02-01,2020-06-01,8,21253.0,22852.0,seasonal_naive
4,2021-03-01,2020-06-01,9,23655.0,23617.0,seasonal_naive
4,2021-04-01,2020-06-01,10,25662.0,25326.0,seasonal_naive
4,2021-05-01,2020-06-01,11,24897.0,25379.0,seasonal_naive
4,2021-06-01,2020-06-01,12,26525.0,24512.0,seasonal_naive
5,2020-07-01,2020-06-01,1,49031.0,54137.0,seasonal_naive
5,2020-08-01,2020-06-01,2,45344.0,54804.0,seasonal_naive
5,2020-09-01,2020-06-01,3,46239.0,51428.0,seasonal_naive
5,2020-10-01,2020-06-01,4,51006.0,51073.0,seasonal_naive
5,2020-11-01,2020-06-01,5,52413.0,46690.0,seasonal_naive
5,2020-12-01,2020-06-01,6,52898.0,45098.0,seasonal_naive
5,2021-01-01,2020-06-01,7,52073.0,47258.0,seasonal_naive
5,2021-02-01,2020-06-01,8,52311.0,51532.0,seasonal_naive
5,2021-03-01,2020-06-01,9,57074.0,48325.0,seasonal_naive
5,2021-04-01,2020-06-01,10,56720.0,48041.0,seasonal_naive
5,2021-05-01,2020-06-01,11,57391.0,48296.0,seasonal_naive
5,2021-06-01,2020-06-01,12,56563.0,47846.0,seasonal_naive
1,2020-07-01,2020-06-01,1,10927.8,11454.0,seasonal_change
1,2020-08-01,2020-06-01,2,11000.4,12065.0,seasonal_change
1,2020-09-01,2020-06-01,3,9463.6,11148.0,seasonal_change
1,2020-10-01,2020-06-01,4,10639.2,10510.0,seasonal_change
1,2020-11-01,2020-06-01,5,9820.2,9916.0,seasonal_change
1,2020-12-01,2020-06-01,6,9025.0,9876.0,seasonal_change
1,2021-01-01,2020-06-01,7,10988.6,9925.0,seasonal_change
1,2021-02-01,2020-06-01,8,10828.800000000001,7396.0,seasonal_change
1,2021-03-01,2020-06-01,9,11604.6,8357.0,seasonal_change
1,2021-04-01,2020-06-01,10,12444.0,8739.0,seasonal_change
1,2021-05-01,2020-06-01,11,12282.6,8347.0,seasonal_change
1,2021-06-01,2020-06-01,12,11955.800000000001,7753.0,seasonal_change
2,2020-07-01,2020-06-01,1,133531.4,140336.0,seasonal_change
2,2020-08-01,2020-06-01,2,131944.4,140141.0,seasonal_change
2,2020-09-01,2020-06-01,3,132112.0,140970.0,seasonal_change
2,2020-10-01,2020-06-01,4,137253.2,146472.0,seasonal_change
2,2020-11-01,2020-06-01,5,138599.80000000002,148412.0,seasonal_change
2,2020-12-01,2020-06-01,6,137175.80000000002,147225.0,seasonal_change
2,2021-01-01,2020-06-01,7,135048.00000000003,136136.0,seasonal_change
2,2021-02-01,2020-06-01,8,135139.60000000003,134483.0,seasonal_change
2,2021-03-01,2020-06-01,9,141194.60000000003,127473.0,seasonal_change
2,2021-04-01,2020-06-01,10,146198.00000000003,133881.0,seasonal_change
2,2021-05-01,2020-06-01,11,143137.20000000004,134056.0,seasonal_change
2,2021-06-01,2020-06-01,12,136991.20000000004,124235.0,seasonal_change
3,2020-07-01,2020-06-01,1,951312.2,944808.0,seasonal_change
3,2020-08-01,2020-06-01,2,946565.3999999999,920344.0,seasonal_change
3,2020-09-01,2020-06-01,3,947450.9999999999,912855.0,seasonal_change
3,2020-10-01,2020-06-01,4,948441.1999999998,900201.0,seasonal_change
3,2020-11-01,2020-06-01,5,944953.7999999998,909291.0,seasonal_change
3,2020-12-01,2020-06-01,6,936388.1999999998,896960.0,seasonal_change
3,2021-01-01,2020-06-01,7,948277.9999999999,896086.0,seasonal_change
3,2021-02-01,2020-06-01,8,958785.3999999999,915386.0,seasonal_change
3,2021-03-01,2020-06-01,9,962138.2,932466.0,seasonal_change
3,2021-04-01,2020-06-01,10,967039.2,906599.0,seasonal_change
3,2021-05-01,2020-06-01,11,966645.6,888487.0,seasonal_change
3,2021-06-01,2020-06-01,12,965956.4,865066.0,seasonal_change
4,2020-07-01,2020-06-01,1,26059.0,25529.0,seasonal_change
4,2020-08-01,2020-06-01,2,26189.8,24575.0,seasonal_change
4,2020-09-01,2020-06-01,3,25984.2,23509.0,seasonal_change
4,2020-10-01,2020-06-01,4,27229.4,24222.0,seasonal_change
4,2020-11-01,2020-06-01,5,28138.800000000003,24528.0,seasonal_change
4,2020-12-01,2020-06-01,6,27474.4,24398.0,seasonal_change
4,2021-01-01,2020-06-01,7,27129.800000000003,24949.0,seasonal_change
4,2021-02-01,2020-06-01,8,27086.000000000004,22852.0,seasonal_change
4,2021-03-01,2020-06-01,9,28651.000000000004,23617.0,seasonal_change
4,2021-04-01,2020-06-01,10,29386.000000000004,25326.0,seasonal_change
4,2021-05-01,2020-06-01,11,29079.200000000004,25379.0,seasonal_change
4,2021-06-01,2020-06-01,12,28110.200000000004,24512.0,seasonal_change
5,2020-07-01,2020-06-01,1,53655.8,54137.0,seasonal_change
5,2020-08-01,2020-06-01,2,51228.4,54804.0,seasonal_change
5,2020-09-01,2020-06-01,3,51352.6,51428.0,seasonal_change
5,2020-10-01,2020-06-01,4,54248.799999999996,51073.0,seasonal_change
5,2020-11-01,2020-06-01,5,54816.799999999996,46690.0,seasonal_change
5,2020-12-01,2020-06-01,6,53632.399999999994,45098.0,seasonal_change
5,2021-01-01,2020-06-01,7,54088.399999999994,47258.0,seasonal_change
5,2021-02-01,2020-06-01,8,55301.799999999996,51532.0,seasonal_change
5,2021-03-01,2020-06-01,9,55876.99999999999,48325.0,seasonal_change
5,2021-04-01,2020-06-01,10,55708.399999999994,48041.0,seasonal_change
5,2021-05-01,2020-06-01,11,58666.799999999996,48296.0,seasonal_change
5,2021-06-01,2020-06-01,12,56862.2,47846.0,seasonal_change
1,2020-07-01,2020-06-01,1,10703.644718801315,11454.0,forecast_flow_identity
1,2020-08-01,2020-06-01,2,9459.057079228241,12065.0,forecast_flow_identity
1,2020-09-01,2020-06-01,3,6942.456137705914,11148.0,forecast_flow_identity
1,2020-10-01,2020-06-01,4,6635.468498132843,10510.0,forecast_flow_identity
1,2020-11-01,2020-06-01,5,3374.4675566105143,9916.0,forecast_flow_identity
1,2020-12-01,2020-06-01,6,0.0,9876.0,forecast_flow_identity
1,2021-01-01,2020-06-01,7,1367.612360426927,9925.0,forecast_flow_identity
1,2021-02-01,2020-06-01,8,181.84688397160426,7396.0,forecast_flow_identity
1,2021-03-01,2020-06-01,9,281.6592443985319,8357.0,forecast_flow_identity
1,2021-04-01,2020-06-01,10,0.0,8739.0,forecast_flow_identity
1,2021-05-01,2020-06-01,11,0.0,8347.0,forecast_flow_identity
1,2021-06-01,2020-06-01,12,0.0,7753.0,forecast_flow_identity
2,2020-07-01,2020-06-01,1,133335.50306650245,140336.0,forecast_flow_identity
2,2020-08-01,2020-06-01,2,131552.40613300493,140141.0,forecast_flow_identity
2,2020-09-01,2020-06-01,3,131530.22845542667,140970.0,forecast_flow_identity
2,2020-10-01,2020-06-01,4,136475.53152192914,146472.0,forecast_flow_identity
2,2020-11-01,2020-06-01,5,137632.55384435086,148412.0,forecast_flow_identity
2,2020-12-01,2020-06-01,6,136012.0569108533,147225.0,forecast_flow_identity
2,2021-01-01,2020-06-01,7,133688.35997735575,136136.0,forecast_flow_identity
2,2021-02-01,2020-06-01,8,133592.59322540913,134483.0,forecast_flow_identity
2,2021-03-01,2020-06-01,9,139452.09629191156,127473.0,forecast_flow_identity
2,2021-04-01,2020-06-01,10,144266.11861433327,133881.0,forecast_flow_identity
2,2021-05-01,2020-06-01,11,141009.42168083572,134056.0,forecast_flow_identity
2,2021-06-01,2020-06-01,12,134673.64400325745,124235.0,forecast_flow_identity
3,2020-07-01,2020-06-01,1,953602.8254720854,944808.0,forecast_flow_identity
3,2020-08-01,2020-06-01,2,951146.8509441707,920344.0,forecast_flow_identity
3,2020-09-01,2020-06-01,3,954249.3723687695,912855.0,forecast_flow_identity
3,2020-10-01,2020-06-01,4,957530.3978408548,900201.0,forecast_flow_identity
3,2020-11-01,2020-06-01,5,956260.5192654536,909291.0,forecast_flow_identity
3,2020-12-01,2020-06-01,6,949985.9447375389,896960.0,forecast_flow_identity
3,2021-01-01,2020-06-01,7,964166.7702096242,896086.0,forecast_flow_identity
3,2021-02-01,2020-06-01,8,976544.8973323532,915386.0,forecast_flow_identity
3,2021-03-01,2020-06-01,9,982189.3228044386,932466.0,forecast_flow_identity
3,2021-04-01,2020-06-01,10,989307.4442290374,906599.0,forecast_flow_identity
3,2021-05-01,2020-06-01,11,991204.8697011227,888487.0,forecast_flow_identity
3,2021-06-01,2020-06-01,12,992732.7911257215,865066.0,forecast_flow_identity
4,2020-07-01,2020-06-01,1,25967.40373768472,25529.0,forecast_flow_identity
4,2020-08-01,2020-06-01,2,25914.607475369434,24575.0,forecast_flow_identity
4,2020-09-01,2020-06-01,3,25524.475608612716,23509.0,forecast_flow_identity
4,2020-10-01,2020-06-01,4,26573.479346297427,24222.0,forecast_flow_identity
4,2020-11-01,2020-06-01,5,27333.9474795407,24528.0,forecast_flow_identity
4,2020-12-01,2020-06-01,6,26563.351217225427,24398.0,forecast_flow_identity
4,2021-01-01,2020-06-01,7,26280.598236929847,24949.0,forecast_flow_identity
4,2021-02-01,2020-06-01,8,26110.53309232472,22852.0,forecast_flow_identity
4,2021-03-01,2020-06-01,9,27652.13683000944,23617.0,forecast_flow_identity
4,2021-04-01,2020-06-01,10,28446.982332949206,25326.0,forecast_flow_identity
4,2021-05-01,2020-06-01,11,27951.586070633915,25379.0,forecast_flow_identity
4,2021-06-01,2020-06-01,12,26808.45420387719,24512.0,forecast_flow_identity
5,2020-07-01,2020-06-01,1,53876.042097701145,54137.0,forecast_flow_identity
5,2020-08-01,2020-06-01,2,51668.88419540229,54804.0,forecast_flow_identity
5,2020-09-01,2020-06-01,3,52006.621709306615,51428.0,forecast_flow_identity
5,2020-10-01,2020-06-01,4,55123.06380700778,51073.0,forecast_flow_identity
5,2020-11-01,2020-06-01,5,55904.20132091212,46690.0,forecast_flow_identity
5,2020-12-01,2020-06-01,6,54940.04341861326,45098.0,forecast_flow_identity
5,2021-01-01,2020-06-01,7,55616.485516314424,47258.0,forecast_flow_identity
5,2021-02-01,2020-06-01,8,57025.006966073415,51532.0,forecast_flow_identity
5,2021-03-01,2020-06-01,9,57820.249063774565,48325.0,forecast_flow_identity
5,2021-04-01,2020-06-01,10,57864.986577678894,48041.0,forecast_flow_identity
5,2021-05-01,2020-06-01,11,61043.42867538003,48296.0,forecast_flow_identity
5,2021-06-01,2020-06-01,12,59452.36618928437,47846.0,forecast_flow_identity
1,2020-07-01,2020-06-01,1,12661.507491876733,11454.0,legacy_constrained_level
1,2020-08-01,2020-06-01,2,12789.480174101493,12065.0,legacy_constrained_level
1,2020-09-01,2020-06-01,3,12898.687312871018,11148.0,legacy_constrained_level
1,2020-10-01,2020-06-01,4,12985.930449648677,10510.0,legacy_constrained_level
1,2020-11-01,2020-06-01,5,13068.109434179758,9916.0,legacy_constrained_level
1,2020-12-01,2020-06-01,6,13128.96450575142,9876.0,legacy_constrained_level
1,2021-01-01,2020-06-01,7,13183.679655790822,9925.0,legacy_constrained_level
1,2021-02-01,2020-06-01,8,13231.853008721866,7396.0,legacy_constrained_level
1,2021-03-01,2020-06-01,9,13254.97808700212,8357.0,legacy_constrained_level
1,2021-04-01,2020-06-01,10,13283.42587757269,8739.0,legacy_constrained_level
1,2021-05-01,2020-06-01,11,13304.20547946812,8347.0,legacy_constrained_level
1,2021-06-01,2020-06-01,12,13324.654658322743,7753.0,legacy_constrained_level
2,2020-07-01,2020-06-01,1,137611.8223241756,140336.0,legacy_constrained_level
2,2020-08-01,2020-06-01,2,137047.02874124597,140141.0,legacy_constrained_level
2,2020-09-01,2020-06-01,3,136840.08773196055,140970.0,legacy_constrained_level
2,2020-10-01,2020-06-01,4,138220.59436218394,146472.0,legacy_constrained_level
2,2020-11-01,2020-06-01,5,140859.6648485947,148412.0,legacy_constrained_level
2,2020-12-01,2020-06-01,6,141650.96676497627,147225.0,legacy_constrained_level
2,2021-01-01,2020-06-01,7,142039.2092202361,136136.0,legacy_constrained_level
2,2021-02-01,2020-06-01,8,142439.79247177855,134483.0,legacy_constrained_level
2,2021-03-01,2020-06-01,9,144430.70319933066,127473.0,legacy_constrained_level
2,2021-04-01,2020-06-01,10,145860.13906004268,133881.0,legacy_constrained_level
2,2021-05-01,2020-06-01,11,147200.4766711413,134056.0,legacy_constrained_level
2,2021-06-01,2020-06-01,12,147119.42663856992,124235.0,legacy_constrained_level
3,2020-07-01,2020-06-01,1,961151.2949238913,944808.0,legacy_constrained_level
3,2020-08-01,2020-06-01,2,958604.2280441073,920344.0,legacy_constrained_level
3,2020-09-01,2020-06-01,3,957893.519921545,912855.0,legacy_constrained_level
3,2020-10-01,2020-06-01,4,958876.0046093451,900201.0,legacy_constrained_level
3,2020-11-01,2020-06-01,5,957964.9328904626,909291.0,legacy_constrained_level
3,2020-12-01,2020-06-01,6,957135.265085124,896960.0,legacy_constrained_level
3,2021-01-01,2020-06-01,7,953956.8285290506,896086.0,legacy_constrained_level
3,2021-02-01,2020-06-01,8,955892.2029456876,915386.0,legacy_constrained_level
3,2021-03-01,2020-06-01,9,957847.2719896769,932466.0,legacy_constrained_level
3,2021-04-01,2020-06-01,10,958938.7943140232,906599.0,legacy_constrained_level
3,2021-05-01,2020-06-01,11,960543.7438142085,888487.0,legacy_constrained_level
3,2021-06-01,2020-06-01,12,958058.6306895473,865066.0,legacy_constrained_level
4,2020-07-01,2020-06-01,1,26286.20634812791,25529.0,legacy_constrained_level
4,2020-08-01,2020-06-01,2,26225.776613101705,24575.0,legacy_constrained_level
4,2020-09-01,2020-06-01,3,26224.93728791944,23509.0,legacy_constrained_level
4,2020-10-01,2020-06-01,4,26222.54780852292,24222.0,legacy_constrained_level
4,2020-11-01,2020-06-01,5,26342.3379427521,24528.0,legacy_constrained_level
4,2020-12-01,2020-06-01,6,26463.428254510734,24398.0,legacy_constrained_level
4,2021-01-01,2020-06-01,7,26541.859206752248,24949.0,legacy_constrained_level
4,2021-02-01,2020-06-01,8,26583.09437650891,22852.0,legacy_constrained_level
4,2021-03-01,2020-06-01,9,26590.257775109996,23617.0,legacy_constrained_level
4,2021-04-01,2020-06-01,10,26667.23880275681,25326.0,legacy_constrained_level
4,2021-05-01,2020-06-01,11,26818.489547782694,25379.0,legacy_constrained_level
4,2021-06-01,2020-06-01,12,26846.066986861035,24512.0,legacy_constrained_level
5,2020-07-01,2020-06-01,1,56428.15588461752,54137.0,legacy_constrained_level
5,2020-08-01,2020-06-01,2,53160.716727705716,54804.0,legacy_constrained_level
5,2020-09-01,2020-06-01,3,51331.34393879979,51428.0,legacy_constrained_level
5,2020-10-01,2020-06-01,4,51001.44240145702,51073.0,legacy_constrained_level
5,2020-11-01,2020-06-01,5,51591.2034585321,46690.0,legacy_constrained_level
5,2020-12-01,2020-06-01,6,51718.10365318998,45098.0,legacy_constrained_level
5,2021-01-01,2020-06-01,7,51502.92480798701,47258.0,legacy_constrained_level
5,2021-02-01,2020-06-01,8,51567.99721954677,51532.0,legacy_constrained_level
5,2021-03-01,2020-06-01,9,52593.30881816735,48325.0,legacy_constrained_level
5,2021-04-01,2020-06-01,10,52086.64623124989,48041.0,legacy_constrained_level
5,2021-05-01,2020-06-01,11,52598.34959683457,48296.0,legacy_constrained_level
5,2021-06-01,2020-06-01,12,52469.56988558701,47846.0,legacy_constrained_level
1,2020-07-01,2020-06-01,1,12310.753848833885,11454.0,constrained_level
1,2020-08-01,2020-06-01,2,12189.419942901275,12065.0,constrained_level
1,2020-09-01,2020-06-01,3,11978.836749062597,11148.0,constrained_level
1,2020-10-01,2020-06-01,4,11836.815277157935,10510.0,constrained_level
1,2020-11-01,2020-06-01,5,11677.986520984945,9916.0,constrained_level
1,2020-12-01,2020-06-01,6,11443.887672522258,9876.0,constrained_level
1,2021-01-01,2020-06-01,7,11331.16392452829,9925.0,constrained_level
1,2021-02-01,2020-06-01,8,11448.958016027043,7396.0,constrained_level
1,2021-03-01,2020-06-01,9,11425.48947684878,8357.0,constrained_level
1,2021-04-01,2020-06-01,10,11461.464769513841,8739.0,constrained_level
1,2021-05-01,2020-06-01,11,11463.75508214593,8347.0,constrained_level
1,2021-06-01,2020-06-01,12,11580.041134749363,7753.0,constrained_level
2,2020-07-01,2020-06-01,1,134566.25724452885,140336.0,constrained_level
2,2020-08-01,2020-06-01,2,133915.86407462234,140141.0,constrained_level
2,2020-09-01,2020-06-01,3,133879.70776277652,140970.0,constrained_level
2,2020-10-01,2020-06-01,4,134910.3988293275,146472.0,constrained_level
2,2020-11-01,2020-06-01,5,138343.0905282039,148412.0,constrained_level
2,2020-12-01,2020-06-01,6,139438.52224396315,147225.0,constrained_level
2,2021-01-01,2020-06-01,7,139583.147855249,136136.0,constrained_level
2,2021-02-01,2020-06-01,8,139380.58545416963,134483.0,constrained_level
2,2021-03-01,2020-06-01,9,140447.76200360002,127473.0,constrained_level
2,2021-04-01,2020-06-01,10,143362.77808037522,133881.0,constrained_level
2,2021-05-01,2020-06-01,11,145596.1596599941,134056.0,constrained_level
2,2021-06-01,2020-06-01,12,144306.8230894365,124235.0,constrained_level
3,2020-07-01,2020-06-01,1,961283.5145095411,944808.0,constrained_level
3,2020-08-01,2020-06-01,2,957721.1593070497,920344.0,constrained_level
3,2020-09-01,2020-06-01,3,955625.1774697979,912855.0,constrained_level
3,2020-10-01,2020-06-01,4,955505.6760244381,900201.0,constrained_level
3,2020-11-01,2020-06-01,5,954360.3362458008,909291.0,constrained_level
3,2020-12-01,2020-06-01,6,952663.3694008122,896960.0,constrained_level
3,2021-01-01,2020-06-01,7,948663.047501246,896086.0,constrained_level
3,2021-02-01,2020-06-01,8,951288.1167931416,915386.0,constrained_level
3,2021-03-01,2020-06-01,9,953909.3725277914,932466.0,constrained_level
3,2021-04-01,2020-06-01,10,954246.9525335015,906599.0,constrained_level
3,2021-05-01,2020-06-01,11,955304.8284554611,888487.0,constrained_level
3,2021-06-01,2020-06-01,12,952852.8671757813,865066.0,constrained_level
4,2020-07-01,2020-06-01,1,26388.70343629829,25529.0,constrained_level
4,2020-08-01,2020-06-01,2,26167.831585719094,24575.0,constrained_level
4,2020-09-01,2020-06-01,3,26021.193419739648,23509.0,constrained_level
4,2020-10-01,2020-06-01,4,25808.74016764399,24222.0,constrained_level
4,2020-11-01,2020-06-01,5,25828.54679815443,24528.0,constrained_level
4,2020-12-01,2020-06-01,6,25794.09171113243,24398.0,constrained_level
4,2021-01-01,2020-06-01,7,25763.331305113803,24949.0,constrained_level
4,2021-02-01,2020-06-01,8,25645.85884008402,22852.0,constrained_level
4,2021-03-01,2020-06-01,9,25473.114039808563,23617.0,constrained_level
4,2021-04-01,2020-06-01,10,25727.953635040045,25326.0,constrained_level
4,2021-05-01,2020-06-01,11,25864.039019928467,25379.0,constrained_level
4,2021-06-01,2020-06-01,12,25713.7996194915,24512.0,constrained_level
5,2020-07-01,2020-06-01,1,55212.79631760242,54137.0,constrained_level
5,2020-08-01,2020-06-01,2,52135.767522448405,54804.0,constrained_level
5,2020-09-01,2020-06-01,3,50240.073141611676,51428.0,constrained_level
5,2020-10-01,2020-06-01,4,50765.539719069886,51073.0,constrained_level
5,2020-11-01,2020-06-01,5,52418.52769052684,46690.0,constrained_level
5,2020-12-01,2020-06-01,6,52620.373698059106,45098.0,constrained_level
5,2021-01-01,2020-06-01,7,51826.26141381696,47258.0,constrained_level
5,2021-02-01,2020-06-01,8,51874.15724059375,51532.0,constrained_level
5,2021-03-01,2020-06-01,9,52711.56767895502,48325.0,constrained_level
5,2021-04-01,2020-06-01,10,52523.171896096814,48041.0,constrained_level
5,2021-05-01,2020-06-01,11,52580.26478502287,48296.0,constrained_level
5,2021-06-01,2020-06-01,12,53076.00252748815,47846.0,constrained_level
1,2020-07-01,2020-06-01,1,12442.293570401403,11454.0,ridge_change
1,2020-08-01,2020-06-01,2,12183.191223773534,12065.0,ridge_change
1,2020-09-01,2020-06-01,3,11895.145645225226,11148.0,ridge_change
1,2020-10-01,2020-06-01,4,11777.40768966886,10510.0,ridge_change
1,2020-11-01,2020-06-01,5,11574.935454555203,9916.0,ridge_change
1,2020-12-01,2020-06-01,6,11356.117799577509,9876.0,ridge_change
1,2021-01-01,2020-06-01,7,11191.20533177981,9925.0,ridge_change
1,2021-02-01,2020-06-01,8,11081.925612013309,7396.0,ridge_change
1,2021-03-01,2020-06-01,9,11117.037117339056,8357.0,ridge_change
1,2021-04-01,2020-06-01,10,11118.308872970367,8739.0,ridge_change
1,2021-05-01,2020-06-01,11,11137.031726893205,8347.0,ridge_change
1,2021-06-01,2020-06-01,12,11127.720638763234,7753.0,ridge_change
2,2020-07-01,2020-06-01,1,135820.87847403277,140336.0,ridge_change
2,2020-08-01,2020-06-01,2,135760.33573923438,140141.0,ridge_change
2,2020-09-01,2020-06-01,3,135841.26297684954,140970.0,ridge_change
2,2020-10-01,2020-06-01,4,136190.79356941304,146472.0,ridge_change
2,2020-11-01,2020-06-01,5,136870.0851495872,148412.0,ridge_change
2,2020-12-01,2020-06-01,6,137324.29998302646,147225.0,ridge_change
2,2021-01-01,2020-06-01,7,137661.40531094832,136136.0,ridge_change
2,2021-02-01,2020-06-01,8,137975.92594524787,134483.0,ridge_change
2,2021-03-01,2020-06-01,9,138513.18233722428,127473.0,ridge_change
2,2021-04-01,2020-06-01,10,138875.7916492299,133881.0,ridge_change
2,2021-05-01,2020-06-01,11,139291.4794491226,134056.0,ridge_change
2,2021-06-01,2020-06-01,12,139518.46227916222,124235.0,ridge_change
3,2020-07-01,2020-06-01,1,958495.1690275321,944808.0,ridge_change
3,2020-08-01,2020-06-01,2,959601.5077928927,920344.0,ridge_change
3,2020-09-01,2020-06-01,3,960740.624050967,912855.0,ridge_change
3,2020-10-01,2020-06-01,4,962001.0691889572,900201.0,ridge_change
3,2020-11-01,2020-06-01,5,963281.588570291,909291.0,ridge_change
3,2020-12-01,2020-06-01,6,964543.417038651,896960.0,ridge_change
3,2021-01-01,2020-06-01,7,965714.2511488949,896086.0,ridge_change
3,2021-02-01,2020-06-01,8,966893.691460597,915386.0,ridge_change
3,2021-03-01,2020-06-01,9,968160.5381994512,932466.0,ridge_change
3,2021-04-01,2020-06-01,10,969158.2508430633,906599.0,ridge_change
3,2021-05-01,2020-06-01,11,970082.4044425448,888487.0,ridge_change
3,2021-06-01,2020-06-01,12,970850.4544711838,865066.0,ridge_change
4,2020-07-01,2020-06-01,1,26627.857653407416,25529.0,ridge_change
4,2020-08-01,2020-06-01,2,26696.244426333567,24575.0,ridge_change
4,2020-09-01,2020-06-01,3,26763.176763673426,23509.0,ridge_change
4,2020-10-01,2020-06-01,4,26839.232445002297,24222.0,ridge_change
4,2020-11-01,2020-06-01,5,26918.00877398704,24528.0,ridge_change
4,2020-12-01,2020-06-01,6,26998.43133439477,24398.0,ridge_change
4,2021-01-01,2020-06-01,7,27075.999874158973,24949.0,ridge_change
4,2021-02-01,2020-06-01,8,27143.599820901007,22852.0,ridge_change
4,2021-03-01,2020-06-01,9,27230.993263541248,23617.0,ridge_change
4,2021-04-01,2020-06-01,10,27317.500746934238,25326.0,ridge_change
4,2021-05-01,2020-06-01,11,27412.18658537999,25379.0,ridge_change
4,2021-06-01,2020-06-01,12,27500.075040944543,24512.0,ridge_change
5,2020-07-01,2020-06-01,1,55809.29629225565,54137.0,ridge_change
5,2020-08-01,2020-06-01,2,54284.220540511014,54804.0,ridge_change
5,2020-09-01,2020-06-01,3,52765.32691710567,51428.0,ridge_change
5,2020-10-01,2020-06-01,4,52297.49345090999,51073.0,ridge_change
5,2020-11-01,2020-06-01,5,52410.856915148135,46690.0,ridge_change
5,2020-12-01,2020-06-01,6,52634.62669704583,45098.0,ridge_change
5,2021-01-01,2020-06-01,7,52564.77071259952,47258.0,ridge_change
5,2021-02-01,2020-06-01,8,52351.22045001968,51532.0,ridge_change
5,2021-03-01,2020-06-01,9,52969.314109279076,48325.0,ridge_change
5,2021-04-01,2020-06-01,10,53300.22104878617,48041.0,ridge_change
5,2021-05-01,2020-06-01,11,53636.87718467348,48296.0,ridge_change
5,2021-06-01,2020-06-01,12,53530.56209257157,47846.0,ridge_change
1,2020-07-01,2020-06-01,1,12071.870892142633,11454.0,seasonal_ridge_change
1,2020-08-01,2020-06-01,2,11561.368757474387,12065.0,seasonal_ridge_change
1,2020-09-01,2020-06-01,3,11074.564985085788,11148.0,seasonal_ridge_change
1,2020-10-01,2020-06-01,4,10858.678212230603,10510.0,seasonal_ridge_change
1,2020-11-01,2020-06-01,5,10729.668636613547,9916.0,seasonal_ridge_change
1,2020-12-01,2020-06-01,6,10729.874580518213,9876.0,seasonal_ridge_change
1,2021-01-01,2020-06-01,7,10869.036107865219,9925.0,seasonal_ridge_change
1,2021-02-01,2020-06-01,8,11069.212185286198,7396.0,seasonal_ridge_change
1,2021-03-01,2020-06-01,9,11268.750459902949,8357.0,seasonal_ridge_change
1,2021-04-01,2020-06-01,10,11334.376166143009,8739.0,seasonal_ridge_change
1,2021-05-01,2020-06-01,11,11264.091575179746,8347.0,seasonal_ridge_change
1,2021-06-01,2020-06-01,12,11052.111826363503,7753.0,seasonal_ridge_change
2,2020-07-01,2020-06-01,1,133363.0521369408,140336.0,seasonal_ridge_change
2,2020-08-01,2020-06-01,2,131889.20536518248,140141.0,seasonal_ridge_change
2,2020-09-01,2020-06-01,3,131647.22851220853,140970.0,seasonal_ridge_change
2,2020-10-01,2020-06-01,4,132757.97373603625,146472.0,seasonal_ridge_change
2,2020-11-01,2020-06-01,5,135388.75583739826,148412.0,seasonal_ridge_change
2,2020-12-01,2020-06-01,6,138370.44688684613,147225.0,seasonal_ridge_change
2,2021-01-01,2020-06-01,7,141369.10300087646,136136.0,seasonal_ridge_change
2,2021-02-01,2020-06-01,8,143821.4412305301,134483.0,seasonal_ridge_change
2,2021-03-01,2020-06-01,9,145319.1919256707,127473.0,seasonal_ridge_change
2,2021-04-01,2020-06-01,10,145557.8385743458,133881.0,seasonal_ridge_change
2,2021-05-01,2020-06-01,11,144698.49789163237,134056.0,seasonal_ridge_change
2,2021-06-01,2020-06-01,12,142929.78716091427,124235.0,seasonal_ridge_change
3,2020-07-01,2020-06-01,1,957936.3836894451,944808.0,seasonal_ridge_change
3,2020-08-01,2020-06-01,2,958379.6588729128,920344.0,seasonal_ridge_change
3,2020-09-01,2020-06-01,3,958874.1953352324,912855.0,seasonal_ridge_change
3,2020-10-01,2020-06-01,4,959666.4103700091,900201.0,seasonal_ridge_change
3,2020-11-01,2020-06-01,5,960790.1923877567,909291.0,seasonal_ridge_change
3,2020-12-01,2020-06-01,6,962245.7755119342,896960.0,seasonal_ridge_change
3,2021-01-01,2020-06-01,7,963909.2448764115,896086.0,seasonal_ridge_change
3,2021-02-01,2020-06-01,8,965732.7298950835,915386.0,seasonal_ridge_change
3,2021-03-01,2020-06-01,9,967611.1403067954,932466.0,seasonal_ridge_change
3,2021-04-01,2020-06-01,10,969044.5616648004,906599.0,seasonal_ridge_change
3,2021-05-01,2020-06-01,11,970089.7632080686,888487.0,seasonal_ridge_change
3,2021-06-01,2020-06-01,12,970634.8669332932,865066.0,seasonal_ridge_change
4,2020-07-01,2020-06-01,1,26595.736475106987,25529.0,seasonal_ridge_change
4,2020-08-01,2020-06-01,2,26636.918102339943,24575.0,seasonal_ridge_change
4,2020-09-01,2020-06-01,3,26688.114301136244,23509.0,seasonal_ridge_change
4,2020-10-01,2020-06-01,4,26764.27832010231,24222.0,seasonal_ridge_change
4,2020-11-01,2020-06-01,5,26858.07427309327,24528.0,seasonal_ridge_change
4,2020-12-01,2020-06-01,6,26964.39738284498,24398.0,seasonal_ridge_change
4,2021-01-01,2020-06-01,7,27072.21395689223,24949.0,seasonal_ridge_change
4,2021-02-01,2020-06-01,8,27164.70827502947,22852.0,seasonal_ridge_change
4,2021-03-01,2020-06-01,9,27265.428682783535,23617.0,seasonal_ridge_change
4,2021-04-01,2020-06-01,10,27349.53556006814,25326.0,seasonal_ridge_change
4,2021-05-01,2020-06-01,11,27425.889964531663,25379.0,seasonal_ridge_change
4,2021-06-01,2020-06-01,12,27484.626911035113,24512.0,seasonal_ridge_change
5,2020-07-01,2020-06-01,1,55356.329979774964,54137.0,seasonal_ridge_change
5,2020-08-01,2020-06-01,2,53684.84808188429,54804.0,seasonal_ridge_change
5,2020-09-01,2020-06-01,3,52180.3054202085,51428.0,seasonal_ridge_change
5,2020-10-01,2020-06-01,4,51775.04527018469,51073.0,seasonal_ridge_change
5,2020-11-01,2020-06-01,5,52027.10264973658,46690.0,seasonal_ridge_change
5,2020-12-01,2020-06-01,6,52537.215062025774,45098.0,seasonal_ridge_change
5,2021-01-01,2020-06-01,7,52888.27421255521,47258.0,seasonal_ridge_change
5,2021-02-01,2020-06-01,8,53093.60257987928,51532.0,seasonal_ridge_change
5,2021-03-01,2020-06-01,9,53862.41285067352,48325.0,seasonal_ridge_change
5,2021-04-01,2020-06-01,10,54213.81502262598,48041.0,seasonal_ridge_change
5,2021-05-01,2020-06-01,11,54297.00226159082,48296.0,seasonal_ridge_change
5,2021-06-01,2020-06-01,12,53914.767181705145,47846.0,seasonal_ridge_change
1,2020-07-01,2020-06-01,1,12071.870892142633,11454.0,polynomial_ridge_change
1,2020-08-01,2020-06-01,2,11561.368757474387,12065.0,polynomial_ridge_change
1,2020-09-01,2020-06-01,3,11074.564985085788,11148.0,polynomial_ridge_change
1,2020-10-01,2020-06-01,4,10858.678212230603,10510.0,polynomial_ridge_change
1,2020-11-01,2020-06-01,5,10729.668636613547,9916.0,polynomial_ridge_change
1,2020-12-01,2020-06-01,6,10729.874580518213,9876.0,polynomial_ridge_change
1,2021-01-01,2020-06-01,7,10869.036107865219,9925.0,polynomial_ridge_change
1,2021-02-01,2020-06-01,8,11069.212185286198,7396.0,polynomial_ridge_change
1,2021-03-01,2020-06-01,9,11268.750459902949,8357.0,polynomial_ridge_change
1,2021-04-01,2020-06-01,10,11334.376166143009,8739.0,polynomial_ridge_change
1,2021-05-01,2020-06-01,11,11264.091575179746,8347.0,polynomial_ridge_change
1,2021-06-01,2020-06-01,12,11052.111826363503,7753.0,polynomial_ridge_change
2,2020-07-01,2020-06-01,1,133363.0521369408,140336.0,polynomial_ridge_change
2,2020-08-01,2020-06-01,2,131889.20536518248,140141.0,polynomial_ridge_change
2,2020-09-01,2020-06-01,3,131647.22851220853,140970.0,polynomial_ridge_change
2,2020-10-01,2020-06-01,4,132757.97373603625,146472.0,polynomial_ridge_change
2,2020-11-01,2020-06-01,5,135388.75583739826,148412.0,polynomial_ridge_change
2,2020-12-01,2020-06-01,6,138370.44688684613,147225.0,polynomial_ridge_change
2,2021-01-01,2020-06-01,7,141369.10300087646,136136.0,polynomial_ridge_change
2,2021-02-01,2020-06-01,8,143821.4412305301,134483.0,polynomial_ridge_change
2,2021-03-01,2020-06-01,9,145319.1919256707,127473.0,polynomial_ridge_change
2,2021-04-01,2020-06-01,10,145557.8385743458,133881.0,polynomial_ridge_change
2,2021-05-01,2020-06-01,11,144698.49789163237,134056.0,polynomial_ridge_change
2,2021-06-01,2020-06-01,12,142929.78716091427,124235.0,polynomial_ridge_change
3,2020-07-01,2020-06-01,1,957936.3836894451,944808.0,polynomial_ridge_change
3,2020-08-01,2020-06-01,2,958379.6588729128,920344.0,polynomial_ridge_change
3,2020-09-01,2020-06-01,3,958874.1953352324,912855.0,polynomial_ridge_change
3,2020-10-01,2020-06-01,4,959666.4103700091,900201.0,polynomial_ridge_change
3,2020-11-01,2020-06-01,5,960790.1923877567,909291.0,polynomial_ridge_change
3,2020-12-01,2020-06-01,6,962245.7755119342,896960.0,polynomial_ridge_change
3,2021-01-01,2020-06-01,7,963909.2448764115,896086.0,polynomial_ridge_change
3,2021-02-01,2020-06-01,8,965732.7298950835,915386.0,polynomial_ridge_change
3,2021-03-01,2020-06-01,9,967611.1403067954,932466.0,polynomial_ridge_change
3,2021-04-01,2020-06-01,10,969044.5616648004,906599.0,polynomial_ridge_change
3,2021-05-01,2020-06-01,11,970089.7632080686,888487.0,polynomial_ridge_change
3,2021-06-01,2020-06-01,12,970634.8669332932,865066.0,polynomial_ridge_change
4,2020-07-01,2020-06-01,1,26595.736475106987,25529.0,polynomial_ridge_change
4,2020-08-01,2020-06-01,2,26636.918102339943,24575.0,polynomial_ridge_change
4,2020-09-01,2020-06-01,3,26688.114301136244,23509.0,polynomial_ridge_change
4,2020-10-01,2020-06-01,4,26764.27832010231,24222.0,polynomial_ridge_change
4,2020-11-01,2020-06-01,5,26858.07427309327,24528.0,polynomial_ridge_change
4,2020-12-01,2020-06-01,6,26964.39738284498,24398.0,polynomial_ridge_change
4,2021-01-01,2020-06-01,7,27072.21395689223,24949.0,polynomial_ridge_change
4,2021-02-01,2020-06-01,8,27164.70827502947,22852.0,polynomial_ridge_change
4,2021-03-01,2020-06-01,9,27265.428682783535,23617.0,polynomial_ridge_change
4,2021-04-01,2020-06-01,10,27349.53556006814,25326.0,polynomial_ridge_change
4,2021-05-01,2020-06-01,11,27425.889964531663,25379.0,polynomial_ridge_change
4,2021-06-01,2020-06-01,12,27484.626911035113,24512.0,polynomial_ridge_change
5,2020-07-01,2020-06-01,1,55356.329979774964,54137.0,polynomial_ridge_change
5,2020-08-01,2020-06-01,2,53684.84808188429,54804.0,polynomial_ridge_change
5,2020-09-01,2020-06-01,3,52180.3054202085,51428.0,polynomial_ridge_change
5,2020-10-01,2020-06-01,4,51775.04527018469,51073.0,polynomial_ridge_change
5,2020-11-01,2020-06-01,5,52027.10264973658,46690.0,polynomial_ridge_change
5,2020-12-01,2020-06-01,6,52537.215062025774,45098.0,polynomial_ridge_change
5,2021-01-01,2020-06-01,7,52888.27421255521,47258.0,polynomial_ridge_change
5,2021-02-01,2020-06-01,8,53093.60257987928,51532.0,polynomial_ridge_change
5,2021-03-01,2020-06-01,9,53862.41285067352,48325.0,polynomial_ridge_change
5,2021-04-01,2020-06-01,10,54213.81502262598,48041.0,polynomial_ridge_change
5,2021-05-01,2020-06-01,11,54297.00226159082,48296.0,polynomial_ridge_change
5,2021-06-01,2020-06-01,12,53914.767181705145,47846.0,polynomial_ridge_change
1,2020-07-01,2020-06-01,1,11762.773053638328,11454.0,spline_ridge_change
1,2020-08-01,2020-06-01,2,11058.299146942516,12065.0,spline_ridge_change
1,2020-09-01,2020-06-01,3,10555.816214261116,11148.0,spline_ridge_change
1,2020-10-01,2020-06-01,4,10350.912293625985,10510.0,spline_ridge_change
1,2020-11-01,2020-06-01,5,9922.700546511262,9916.0,spline_ridge_change
1,2020-12-01,2020-06-01,6,9724.29202430156,9876.0,spline_ridge_change
1,2021-01-01,2020-06-01,7,9894.31770175479,9925.0,spline_ridge_change
1,2021-02-01,2020-06-01,8,10270.313617427635,7396.0,spline_ridge_change
1,2021-03-01,2020-06-01,9,10949.131088510718,8357.0,spline_ridge_change
1,2021-04-01,2020-06-01,10,11135.762945153492,8739.0,spline_ridge_change
1,2021-05-01,2020-06-01,11,11064.898661832744,8347.0,spline_ridge_change
1,2021-06-01,2020-06-01,12,10593.904642269728,7753.0,spline_ridge_change
2,2020-07-01,2020-06-01,1,135759.0822962132,140336.0,spline_ridge_change
2,2020-08-01,2020-06-01,2,135396.07095515044,140141.0,spline_ridge_change
2,2020-09-01,2020-06-01,3,135490.88291911426,140970.0,spline_ridge_change
2,2020-10-01,2020-06-01,4,136231.51004976933,146472.0,spline_ridge_change
2,2020-11-01,2020-06-01,5,137262.73548286603,148412.0,spline_ridge_change
2,2020-12-01,2020-06-01,6,138125.2324738135,147225.0,spline_ridge_change
2,2021-01-01,2020-06-01,7,138867.10946339226,136136.0,spline_ridge_change
2,2021-02-01,2020-06-01,8,139836.12922308518,134483.0,spline_ridge_change
2,2021-03-01,2020-06-01,9,140814.3976472263,127473.0,spline_ridge_change
2,2021-04-01,2020-06-01,10,141139.56302333658,133881.0,spline_ridge_change
2,2021-05-01,2020-06-01,11,140967.75369970297,134056.0,spline_ridge_change
2,2021-06-01,2020-06-01,12,140359.57401605553,124235.0,spline_ridge_change
3,2020-07-01,2020-06-01,1,958222.6229085911,944808.0,spline_ridge_change
3,2020-08-01,2020-06-01,2,961069.9912818439,920344.0,spline_ridge_change
3,2020-09-01,2020-06-01,3,965008.2350414145,912855.0,spline_ridge_change
3,2020-10-01,2020-06-01,4,969601.143975343,900201.0,spline_ridge_change
3,2020-11-01,2020-06-01,5,975601.510517565,909291.0,spline_ridge_change
3,2020-12-01,2020-06-01,6,978440.7881175148,896960.0,spline_ridge_change
3,2021-01-01,2020-06-01,7,985530.0103540538,896086.0,spline_ridge_change
3,2021-02-01,2020-06-01,8,993731.5152915383,915386.0,spline_ridge_change
3,2021-03-01,2020-06-01,9,999397.6229233753,932466.0,spline_ridge_change
3,2021-04-01,2020-06-01,10,1006483.0597757635,906599.0,spline_ridge_change
3,2021-05-01,2020-06-01,11,1009069.1954417414,888487.0,spline_ridge_change
3,2021-06-01,2020-06-01,12,1010545.5453443622,865066.0,spline_ridge_change
4,2020-07-01,2020-06-01,1,26247.742627914464,25529.0,spline_ridge_change
4,2020-08-01,2020-06-01,2,25858.79713913796,24575.0,spline_ridge_change
4,2020-09-01,2020-06-01,3,25474.741724478423,23509.0,spline_ridge_change
4,2020-10-01,2020-06-01,4,25339.587170158196,24222.0,spline_ridge_change
4,2020-11-01,2020-06-01,5,25015.96937859492,24528.0,spline_ridge_change
4,2020-12-01,2020-06-01,6,24567.696928700752,24398.0,spline_ridge_change
4,2021-01-01,2020-06-01,7,24235.336193522435,24949.0,spline_ridge_change
4,2021-02-01,2020-06-01,8,23937.039363447857,22852.0,spline_ridge_change
4,2021-03-01,2020-06-01,9,24304.70797888646,23617.0,spline_ridge_change
4,2021-04-01,2020-06-01,10,24307.932420616515,25326.0,spline_ridge_change
4,2021-05-01,2020-06-01,11,24200.73116971617,25379.0,spline_ridge_change
4,2021-06-01,2020-06-01,12,23891.138426448488,24512.0,spline_ridge_change
5,2020-07-01,2020-06-01,1,55677.39628516493,54137.0,spline_ridge_change
5,2020-08-01,2020-06-01,2,54825.249286154074,54804.0,spline_ridge_change
5,2020-09-01,2020-06-01,3,54139.24002474469,51428.0,spline_ridge_change
5,2020-10-01,2020-06-01,4,53808.651213316574,51073.0,spline_ridge_change
5,2020-11-01,2020-06-01,5,53560.16562214022,46690.0,spline_ridge_change
5,2020-12-01,2020-06-01,6,53403.40641752443,45098.0,spline_ridge_change
5,2021-01-01,2020-06-01,7,53427.22515617052,47258.0,spline_ridge_change
5,2021-02-01,2020-06-01,8,53525.10613068332,51532.0,spline_ridge_change
5,2021-03-01,2020-06-01,9,53939.43344239965,48325.0,spline_ridge_change
5,2021-04-01,2020-06-01,10,54041.9792804927,48041.0,spline_ridge_change
5,2021-05-01,2020-06-01,11,53920.15491163793,48296.0,spline_ridge_change
5,2021-06-01,2020-06-01,12,53803.63014231224,47846.0,spline_ridge_change
1,2020-07-01,2020-06-01,1,12338.284469984716,11454.0,random_forest_change
1,2020-08-01,2020-06-01,2,12165.60899787751,12065.0,random_forest_change
1,2020-09-01,2020-06-01,3,11948.179305068956,11148.0,random_forest_change
1,2020-10-01,2020-06-01,4,11865.759563055364,10510.0,random_forest_change
1,2020-11-01,2020-06-01,5,11756.57755762352,9916.0,random_forest_change
1,2020-12-01,2020-06-01,6,11647.395552191674,9876.0,random_forest_change
1,2021-01-01,2020-06-01,7,12022.10437401498,9925.0,random_forest_change
1,2021-02-01,2020-06-01,8,12370.508746292599,7396.0,random_forest_change
1,2021-03-01,2020-06-01,9,12664.584261530415,8357.0,random_forest_change
1,2021-04-01,2020-06-01,10,12913.152382528471,8739.0,random_forest_change
1,2021-05-01,2020-06-01,11,13152.419253278986,8347.0,random_forest_change
1,2021-06-01,2020-06-01,12,12980.378507022455,7753.0,random_forest_change
2,2020-07-01,2020-06-01,1,134124.95440874127,140336.0,random_forest_change
2,2020-08-01,2020-06-01,2,132679.66499210685,140141.0,random_forest_change
2,2020-09-01,2020-06-01,3,132452.0626934234,140970.0,random_forest_change
2,2020-10-01,2020-06-01,4,133743.83529528155,146472.0,random_forest_change
2,2020-11-01,2020-06-01,5,135768.8397435405,148412.0,random_forest_change
2,2020-12-01,2020-06-01,6,137293.1485567287,147225.0,random_forest_change
2,2021-01-01,2020-06-01,7,138593.00783436844,136136.0,random_forest_change
2,2021-02-01,2020-06-01,8,139722.02229712685,134483.0,random_forest_change
2,2021-03-01,2020-06-01,9,141873.83561003173,127473.0,random_forest_change
2,2021-04-01,2020-06-01,10,141500.46180607358,133881.0,random_forest_change
2,2021-05-01,2020-06-01,11,140110.77189040932,134056.0,random_forest_change
2,2021-06-01,2020-06-01,12,137985.94017403215,124235.0,random_forest_change
3,2020-07-01,2020-06-01,1,957172.2240247177,944808.0,random_forest_change
3,2020-08-01,2020-06-01,2,955658.7467293344,920344.0,random_forest_change
3,2020-09-01,2020-06-01,3,955514.3787307639,912855.0,random_forest_change
3,2020-10-01,2020-06-01,4,956850.4524937759,900201.0,random_forest_change
3,2020-11-01,2020-06-01,5,955236.3591345847,909291.0,random_forest_change
3,2020-12-01,2020-06-01,6,949645.7067921995,896960.0,random_forest_change
3,2021-01-01,2020-06-01,7,958975.7390213959,896086.0,random_forest_change
3,2021-02-01,2020-06-01,8,969092.5060611499,915386.0,random_forest_change
3,2021-03-01,2020-06-01,9,978933.322097004,932466.0,random_forest_change
3,2021-04-01,2020-06-01,10,986914.2422093968,906599.0,random_forest_change
3,2021-05-01,2020-06-01,11,989803.0954461732,888487.0,random_forest_change
3,2021-06-01,2020-06-01,12,984811.5741223681,865066.0,random_forest_change
4,2020-07-01,2020-06-01,1,25936.677155202233,25529.0,random_forest_change
4,2020-08-01,2020-06-01,2,25165.72845197454,24575.0,random_forest_change
4,2020-09-01,2020-06-01,3,24376.52381933598,23509.0,random_forest_change
4,2020-10-01,2020-06-01,4,24165.817209374563,24222.0,random_forest_change
4,2020-11-01,2020-06-01,5,24027.05466643354,24528.0,random_forest_change
4,2020-12-01,2020-06-01,6,23765.592593670735,24398.0,random_forest_change
4,2021-01-01,2020-06-01,7,23476.788399550012,24949.0,random_forest_change
4,2021-02-01,2020-06-01,8,22981.72503800841,22852.0,random_forest_change
4,2021-03-01,2020-06-01,9,24020.63926860528,23617.0,random_forest_change
4,2021-04-01,2020-06-01,10,24018.878081005405,25326.0,random_forest_change
4,2021-05-01,2020-06-01,11,24052.106331201096,25379.0,random_forest_change
4,2021-06-01,2020-06-01,12,23519.628396024902,24512.0,random_forest_change
5,2020-07-01,2020-06-01,1,54168.881415581716,54137.0,random_forest_change
5,2020-08-01,2020-06-01,2,51410.4137220404,54804.0,random_forest_change
5,2020-09-01,2020-06-01,3,51248.45868083866,51428.0,random_forest_change
5,2020-10-01,2020-06-01,4,51615.22861411175,51073.0,random_forest_change
5,2020-11-01,2020-06-01,5,52040.215592658824,46690.0,random_forest_change
5,2020-12-01,2020-06-01,6,52451.45604442741,45098.0,random_forest_change
5,2021-01-01,2020-06-01,7,53285.82806525767,47258.0,random_forest_change
5,2021-02-01,2020-06-01,8,53704.404527882616,51532.0,random_forest_change
5,2021-03-01,2020-06-01,9,54372.45210495839,48325.0,random_forest_change
5,2021-04-01,2020-06-01,10,54281.69797326413,48041.0,random_forest_change
5,2021-05-01,2020-06-01,11,54287.731778226844,48296.0,random_forest_change
5,2021-06-01,2020-06-01,12,53195.7694453928,47846.0,random_forest_change
1,2020-07-01,2020-06-01,1,12074.7958984375,11454.0,xgboost_change
1,2020-08-01,2020-06-01,2,11746.6015625,12065.0,xgboost_change
1,2020-09-01,2020-06-01,3,11306.12109375,11148.0,xgboost_change
1,2020-10-01,2020-06-01,4,11156.5595703125,10510.0,xgboost_change
1,2020-11-01,2020-06-01,5,10843.958984375,9916.0,xgboost_change
1,2020-12-01,2020-06-01,6,10479.2470703125,9876.0,xgboost_change
1,2021-01-01,2020-06-01,7,10691.5244140625,9925.0,xgboost_change
1,2021-02-01,2020-06-01,8,10891.0302734375,7396.0,xgboost_change
1,2021-03-01,2020-06-01,9,11155.966796875,8357.0,xgboost_change
1,2021-04-01,2020-06-01,10,11352.005859375,8739.0,xgboost_change
1,2021-05-01,2020-06-01,11,11548.017578125,8347.0,xgboost_change
1,2021-06-01,2020-06-01,12,11281.208984375,7753.0,xgboost_change
2,2020-07-01,2020-06-01,1,133599.28125,140336.0,xgboost_change
2,2020-08-01,2020-06-01,2,132333.453125,140141.0,xgboost_change
2,2020-09-01,2020-06-01,3,131450.28125,140970.0,xgboost_change
2,2020-10-01,2020-06-01,4,132531.921875,146472.0,xgboost_change
2,2020-11-01,2020-06-01,5,134048.6875,148412.0,xgboost_change
2,2020-12-01,2020-06-01,6,135285.6875,147225.0,xgboost_change
2,2021-01-01,2020-06-01,7,135912.71875,136136.0,xgboost_change
2,2021-02-01,2020-06-01,8,136817.421875,134483.0,xgboost_change
2,2021-03-01,2020-06-01,9,138616.328125,127473.0,xgboost_change
2,2021-04-01,2020-06-01,10,138839.875,133881.0,xgboost_change
2,2021-05-01,2020-06-01,11,137310.65625,134056.0,xgboost_change
2,2021-06-01,2020-06-01,12,134665.171875,124235.0,xgboost_change
3,2020-07-01,2020-06-01,1,956946.625,944808.0,xgboost_change
3,2020-08-01,2020-06-01,2,954822.1875,920344.0,xgboost_change
3,2020-09-01,2020-06-01,3,954414.25,912855.0,xgboost_change
3,2020-10-01,2020-06-01,4,954534.625,900201.0,xgboost_change
3,2020-11-01,2020-06-01,5,952529.25,909291.0,xgboost_change
3,2020-12-01,2020-06-01,6,950011.3125,896960.0,xgboost_change
3,2021-01-01,2020-06-01,7,958710.375,896086.0,xgboost_change
3,2021-02-01,2020-06-01,8,968346.0625,915386.0,xgboost_change
3,2021-03-01,2020-06-01,9,980301.625,932466.0,xgboost_change
3,2021-04-01,2020-06-01,10,987924.4375,906599.0,xgboost_change
3,2021-05-01,2020-06-01,11,991969.5,888487.0,xgboost_change
3,2021-06-01,2020-06-01,12,986384.875,865066.0,xgboost_change
4,2020-07-01,2020-06-01,1,25655.630859375,25529.0,xgboost_change
4,2020-08-01,2020-06-01,2,24410.849609375,24575.0,xgboost_change
4,2020-09-01,2020-06-01,3,23159.33984375,23509.0,xgboost_change
4,2020-10-01,2020-06-01,4,23628.439453125,24222.0,xgboost_change
4,2020-11-01,2020-06-01,5,24537.6953125,24528.0,xgboost_change
4,2020-12-01,2020-06-01,6,24004.99609375,24398.0,xgboost_change
4,2021-01-01,2020-06-01,7,23714.6328125,24949.0,xgboost_change
4,2021-02-01,2020-06-01,8,23190.830078125,22852.0,xgboost_change
4,2021-03-01,2020-06-01,9,24624.8828125,23617.0,xgboost_change
4,2021-04-01,2020-06-01,10,24732.3515625,25326.0,xgboost_change
4,2021-05-01,2020-06-01,11,24900.21484375,25379.0,xgboost_change
4,2021-06-01,2020-06-01,12,24306.849609375,24512.0,xgboost_change
5,2020-07-01,2020-06-01,1,53678.79296875,54137.0,xgboost_change
5,2020-08-01,2020-06-01,2,50990.20703125,54804.0,xgboost_change
5,2020-09-01,2020-06-01,3,50376.91796875,51428.0,xgboost_change
5,2020-10-01,2020-06-01,4,50736.19140625,51073.0,xgboost_change
5,2020-11-01,2020-06-01,5,51054.03515625,46690.0,xgboost_change
5,2020-12-01,2020-06-01,6,51810.10546875,45098.0,xgboost_change
5,2021-01-01,2020-06-01,7,52714.22265625,47258.0,xgboost_change
5,2021-02-01,2020-06-01,8,53720.46875,51532.0,xgboost_change
5,2021-03-01,2020-06-01,9,54267.8515625,48325.0,xgboost_change
5,2021-04-01,2020-06-01,10,54944.5234375,48041.0,xgboost_change
5,2021-05-01,2020-06-01,11,54751.45703125,48296.0,xgboost_change
5,2021-06-01,2020-06-01,12,52814.44921875,47846.0,xgboost_change
1,2020-07-01,2020-06-01,1,11186.068155814623,11454.0,neural_network_change
1,2020-08-01,2020-06-01,2,10286.295834458455,12065.0,neural_network_change
1,2020-09-01,2020-06-01,3,9316.438613660875,11148.0,neural_network_change
1,2020-10-01,2020-06-01,4,9162.753767173323,10510.0,neural_network_change
1,2020-11-01,2020-06-01,5,8923.59717174661,9916.0,neural_network_change
1,2020-12-01,2020-06-01,6,8855.596775789743,9876.0,neural_network_change
1,2021-01-01,2020-06-01,7,9110.856180052857,9925.0,neural_network_change
1,2021-02-01,2020-06-01,8,9442.264617638117,7396.0,neural_network_change
1,2021-03-01,2020-06-01,9,9783.443017942855,8357.0,neural_network_change
1,2021-04-01,2020-06-01,10,10036.904846897272,8739.0,neural_network_change
1,2021-05-01,2020-06-01,11,10193.143256441865,8347.0,neural_network_change
1,2021-06-01,2020-06-01,12,10019.458384093421,7753.0,neural_network_change
2,2020-07-01,2020-06-01,1,133515.52448500448,140336.0,neural_network_change
2,2020-08-01,2020-06-01,2,132065.0726144858,140141.0,neural_network_change
2,2020-09-01,2020-06-01,3,132202.42754259694,140970.0,neural_network_change
2,2020-10-01,2020-06-01,4,133862.24307943467,146472.0,neural_network_change
2,2020-11-01,2020-06-01,5,136779.62685888563,148412.0,neural_network_change
2,2020-12-01,2020-06-01,6,139215.5939884855,147225.0,neural_network_change
2,2021-01-01,2020-06-01,7,141201.45709958024,136136.0,neural_network_change
2,2021-02-01,2020-06-01,8,142680.64007150198,134483.0,neural_network_change
2,2021-03-01,2020-06-01,9,144586.99103200206,127473.0,neural_network_change
2,2021-04-01,2020-06-01,10,145292.9325704191,133881.0,neural_network_change
2,2021-05-01,2020-06-01,11,144437.63772600386,134056.0,neural_network_change
2,2021-06-01,2020-06-01,12,142330.63350181712,124235.0,neural_network_change
3,2020-07-01,2020-06-01,1,962608.2330188605,944808.0,neural_network_change
3,2020-08-01,2020-06-01,2,963458.3972167388,920344.0,neural_network_change
3,2020-09-01,2020-06-01,3,964112.9394747186,912855.0,neural_network_change
3,2020-10-01,2020-06-01,4,964073.778001561,900201.0,neural_network_change
3,2020-11-01,2020-06-01,5,964855.2294155329,909291.0,neural_network_change
3,2020-12-01,2020-06-01,6,967810.3878423688,896960.0,neural_network_change
3,2021-01-01,2020-06-01,7,973195.7356944418,896086.0,neural_network_change
3,2021-02-01,2020-06-01,8,981353.3086350432,915386.0,neural_network_change
3,2021-03-01,2020-06-01,9,991954.3477561504,932466.0,neural_network_change
3,2021-04-01,2020-06-01,10,999973.1842956622,906599.0,neural_network_change
3,2021-05-01,2020-06-01,11,1003537.0995147825,888487.0,neural_network_change
3,2021-06-01,2020-06-01,12,1001381.56717587,865066.0,neural_network_change
4,2020-07-01,2020-06-01,1,26319.171252508677,25529.0,neural_network_change
4,2020-08-01,2020-06-01,2,25875.391303173008,24575.0,neural_network_change
4,2020-09-01,2020-06-01,3,25625.17552899255,23509.0,neural_network_change
4,2020-10-01,2020-06-01,4,25725.72076147817,24222.0,neural_network_change
4,2020-11-01,2020-06-01,5,25993.35192816595,24528.0,neural_network_change
4,2020-12-01,2020-06-01,6,26261.24136490285,24398.0,neural_network_change
4,2021-01-01,2020-06-01,7,26470.3132592717,24949.0,neural_network_change
4,2021-02-01,2020-06-01,8,26527.842667017165,22852.0,neural_network_change
4,2021-03-01,2020-06-01,9,26716.939945876395,23617.0,neural_network_change
4,2021-04-01,2020-06-01,10,26645.636782165482,25326.0,neural_network_change
4,2021-05-01,2020-06-01,11,26564.031115437516,25379.0,neural_network_change
4,2021-06-01,2020-06-01,12,26334.354916267188,24512.0,neural_network_change
5,2020-07-01,2020-06-01,1,55230.34076401788,54137.0,neural_network_change
5,2020-08-01,2020-06-01,2,51788.13610262435,54804.0,neural_network_change
5,2020-09-01,2020-06-01,3,49250.71669836963,51428.0,neural_network_change
5,2020-10-01,2020-06-01,4,49679.61402698106,51073.0,neural_network_change
5,2020-11-01,2020-06-01,5,50711.98182669652,46690.0,neural_network_change
5,2020-12-01,2020-06-01,6,51558.28580827803,45098.0,neural_network_change
5,2021-01-01,2020-06-01,7,52093.31289210921,47258.0,neural_network_change
5,2021-02-01,2020-06-01,8,52644.117295495125,51532.0,neural_network_change
5,2021-03-01,2020-06-01,9,53496.87764370261,48325.0,neural_network_change
5,2021-04-01,2020-06-01,10,54304.32309116242,48041.0,neural_network_change
5,2021-05-01,2020-06-01,11,54793.714803484494,48296.0,neural_network_change
5,2021-06-01,2020-06-01,12,54051.20079851112,47846.0,neural_network_change
1,2020-07-01,2020-06-01,1,12453.66037056137,11454.0,rolling_ridge_change
1,2020-08-01,2020-06-01,2,11999.17264155361,12065.0,rolling_ridge_change
1,2020-09-01,2020-06-01,3,11554.178722706856,11148.0,rolling_ridge_change
1,2020-10-01,2020-06-01,4,11486.926865384725,10510.0,rolling_ridge_change
1,2020-11-01,2020-06-01,5,11354.0919960648,9916.0,rolling_ridge_change
1,2020-12-01,2020-06-01,6,11352.07263259269,9876.0,rolling_ridge_change
1,2021-01-01,2020-06-01,7,11487.331365429094,9925.0,rolling_ridge_change
1,2021-02-01,2020-06-01,8,11629.86693284496,7396.0,rolling_ridge_change
1,2021-03-01,2020-06-01,9,12066.117050526296,8357.0,rolling_ridge_change
1,2021-04-01,2020-06-01,10,12246.7320014469,8739.0,rolling_ridge_change
1,2021-05-01,2020-06-01,11,12240.548283934917,8347.0,rolling_ridge_change
1,2021-06-01,2020-06-01,12,12052.210499356408,7753.0,rolling_ridge_change
2,2020-07-01,2020-06-01,1,135705.24568219035,140336.0,rolling_ridge_change
2,2020-08-01,2020-06-01,2,132371.21643817748,140141.0,rolling_ridge_change
2,2020-09-01,2020-06-01,3,129250.66456015808,140970.0,rolling_ridge_change
2,2020-10-01,2020-06-01,4,128022.20188233812,146472.0,rolling_ridge_change
2,2020-11-01,2020-06-01,5,128113.02836201349,148412.0,rolling_ridge_change
2,2020-12-01,2020-06-01,6,129321.82780810013,147225.0,rolling_ridge_change
2,2021-01-01,2020-06-01,7,129832.73356140398,136136.0,rolling_ridge_change
2,2021-02-01,2020-06-01,8,130203.06133450182,134483.0,rolling_ridge_change
2,2021-03-01,2020-06-01,9,131399.7008060588,127473.0,rolling_ridge_change
2,2021-04-01,2020-06-01,10,130769.46405309577,133881.0,rolling_ridge_change
2,2021-05-01,2020-06-01,11,129971.9088275284,134056.0,rolling_ridge_change
2,2021-06-01,2020-06-01,12,128306.22551665592,124235.0,rolling_ridge_change
3,2020-07-01,2020-06-01,1,958031.4277509163,944808.0,rolling_ridge_change
3,2020-08-01,2020-06-01,2,959084.2106655869,920344.0,rolling_ridge_change
3,2020-09-01,2020-06-01,3,960218.522754869,912855.0,rolling_ridge_change
3,2020-10-01,2020-06-01,4,961555.2695401085,900201.0,rolling_ridge_change
3,2020-11-01,2020-06-01,5,963062.1521702582,909291.0,rolling_ridge_change
3,2020-12-01,2020-06-01,6,964678.7797109194,896960.0,rolling_ridge_change
3,2021-01-01,2020-06-01,7,966361.3211871414,896086.0,rolling_ridge_change
3,2021-02-01,2020-06-01,8,968129.1290750011,915386.0,rolling_ridge_change
3,2021-03-01,2020-06-01,9,969899.3168122345,932466.0,rolling_ridge_change
3,2021-04-01,2020-06-01,10,971424.5730143498,906599.0,rolling_ridge_change
3,2021-05-01,2020-06-01,11,972726.2567774539,888487.0,rolling_ridge_change
3,2021-06-01,2020-06-01,12,973737.2869349115,865066.0,rolling_ridge_change
4,2020-07-01,2020-06-01,1,26602.8625109657,25529.0,rolling_ridge_change
4,2020-08-01,2020-06-01,2,26629.20874958589,24575.0,rolling_ridge_change
4,2020-09-01,2020-06-01,3,26659.074975466803,23509.0,rolling_ridge_change
4,2020-10-01,2020-06-01,4,26713.64499316312,24222.0,rolling_ridge_change
4,2020-11-01,2020-06-01,5,26776.047747067252,24528.0,rolling_ridge_change
4,2020-12-01,2020-06-01,6,26850.273672476542,24398.0,rolling_ridge_change
4,2021-01-01,2020-06-01,7,26913.276279203747,24949.0,rolling_ridge_change
4,2021-02-01,2020-06-01,8,26960.944662814738,22852.0,rolling_ridge_change
4,2021-03-01,2020-06-01,9,27046.034888523292,23617.0,rolling_ridge_change
4,2021-04-01,2020-06-01,10,27100.632619208725,25326.0,rolling_ridge_change
4,2021-05-01,2020-06-01,11,27164.23248347846,25379.0,rolling_ridge_change
4,2021-06-01,2020-06-01,12,27213.217351449544,24512.0,rolling_ridge_change
5,2020-07-01,2020-06-01,1,55740.27611641874,54137.0,rolling_ridge_change
5,2020-08-01,2020-06-01,2,54710.700510491915,54804.0,rolling_ridge_change
5,2020-09-01,2020-06-01,3,53770.79011906642,51428.0,rolling_ridge_change
5,2020-10-01,2020-06-01,4,53390.989003183364,51073.0,rolling_ridge_change
5,2020-11-01,2020-06-01,5,53411.12351772774,46690.0,rolling_ridge_change
5,2020-12-01,2020-06-01,6,53624.55564600965,45098.0,rolling_ridge_change
5,2021-01-01,2020-06-01,7,53800.51283020592,47258.0,rolling_ridge_change
5,2021-02-01,2020-06-01,8,53887.22409153685,51532.0,rolling_ridge_change
5,2021-03-01,2020-06-01,9,54254.856190575854,48325.0,rolling_ridge_change
5,2021-04-01,2020-06-01,10,54387.339426536055,48041.0,rolling_ridge_change
5,2021-05-01,2020-06-01,11,54324.521468522486,48296.0,rolling_ridge_change
5,2021-06-01,2020-06-01,12,53862.38195307339,47846.0,rolling_ridge_change
1,2020-07-01,2020-06-01,1,11781.594903283574,11454.0,damped_ridge_change
1,2020-08-01,2020-06-01,2,11092.987390960821,12065.0,damped_ridge_change
1,2020-09-01,2020-06-01,3,10400.0275233552,11148.0,damped_ridge_change
1,2020-10-01,2020-06-01,4,10009.575922090253,10510.0,damped_ridge_change
1,2020-11-01,2020-06-01,5,9715.635700233019,9916.0,damped_ridge_change
1,2020-12-01,2020-06-01,6,9516.284653764467,9876.0,damped_ridge_change
1,2021-01-01,2020-06-01,7,9489.42185903048,9925.0,damped_ridge_change
1,2021-02-01,2020-06-01,8,9594.627815071533,7396.0,damped_ridge_change
1,2021-03-01,2020-06-01,9,9691.464915619574,8357.0,damped_ridge_change
1,2021-04-01,2020-06-01,10,9749.140933178674,8739.0,damped_ridge_change
1,2021-05-01,2020-06-01,11,9749.274493977431,8347.0,damped_ridge_change
1,2021-06-01,2020-06-01,12,9626.639732055393,7753.0,damped_ridge_change
2,2020-07-01,2020-06-01,1,134923.0260684704,140336.0,damped_ridge_change
2,2020-08-01,2020-06-01,2,134357.7519424866,140141.0,damped_ridge_change
2,2020-09-01,2020-06-01,3,134294.42821301732,140970.0,damped_ridge_change
2,2020-10-01,2020-06-01,4,134802.50823476244,146472.0,damped_ridge_change
2,2020-11-01,2020-06-01,5,135979.79025101036,148412.0,damped_ridge_change
2,2020-12-01,2020-06-01,6,137255.25158835304,147225.0,damped_ridge_change
2,2021-01-01,2020-06-01,7,138550.80769016442,136136.0,damped_ridge_change
2,2021-02-01,2020-06-01,8,139619.82453526984,134483.0,damped_ridge_change
2,2021-03-01,2020-06-01,9,140292.92437986628,127473.0,damped_ridge_change
2,2021-04-01,2020-06-01,10,140435.46222092272,133881.0,damped_ridge_change
2,2021-05-01,2020-06-01,11,140131.53603934697,134056.0,damped_ridge_change
2,2021-06-01,2020-06-01,12,139447.22077278787,124235.0,damped_ridge_change
3,2020-07-01,2020-06-01,1,957572.8830082959,944808.0,damped_ridge_change
3,2020-08-01,2020-06-01,2,956909.6689123122,920344.0,damped_ridge_change
3,2020-09-01,2020-06-01,3,956315.8132846634,912855.0,damped_ridge_change
3,2020-10-01,2020-06-01,4,956260.0269624167,900201.0,damped_ridge_change
3,2020-11-01,2020-06-01,5,956883.2123546135,909291.0,damped_ridge_change
3,2020-12-01,2020-06-01,6,958256.2004469519,896960.0,damped_ridge_change
3,2021-01-01,2020-06-01,7,960110.3775982385,896086.0,damped_ridge_change
3,2021-02-01,2020-06-01,8,962261.7020514698,915386.0,damped_ridge_change
3,2021-03-01,2020-06-01,9,964432.9700283973,932466.0,damped_ridge_change
3,2021-04-01,2020-06-01,10,965786.1433920689,906599.0,damped_ridge_change
3,2021-05-01,2020-06-01,11,966294.3679750123,888487.0,damped_ridge_change
3,2021-06-01,2020-06-01,12,965741.6544414003,865066.0,damped_ridge_change
4,2020-07-01,2020-06-01,1,26482.76043241215,25529.0,damped_ridge_change
4,2020-08-01,2020-06-01,2,26383.21991209587,24575.0,damped_ridge_change
4,2020-09-01,2020-06-01,3,26306.612267216842,23509.0,damped_ridge_change
4,2020-10-01,2020-06-01,4,26300.93415875552,24222.0,damped_ridge_change
4,2020-11-01,2020-06-01,5,26337.837583080658,24528.0,damped_ridge_change
4,2020-12-01,2020-06-01,6,26396.476854858196,24398.0,damped_ridge_change
4,2021-01-01,2020-06-01,7,26458.93524432469,24949.0,damped_ridge_change
4,2021-02-01,2020-06-01,8,26469.568114883965,22852.0,damped_ridge_change
4,2021-03-01,2020-06-01,9,26509.703820933628,23617.0,damped_ridge_change
4,2021-04-01,2020-06-01,10,26529.928735242822,25326.0,damped_ridge_change
4,2021-05-01,2020-06-01,11,26523.731542692458,25379.0,damped_ridge_change
4,2021-06-01,2020-06-01,12,26492.58344228841,24512.0,damped_ridge_change
5,2020-07-01,2020-06-01,1,55959.66498988748,54137.0,damped_ridge_change
5,2020-08-01,2020-06-01,2,55084.56484206921,54804.0,damped_ridge_change
5,2020-09-01,2020-06-01,3,54210.64496209813,51428.0,damped_ridge_change
5,2020-10-01,2020-06-01,4,53805.18378494724,51073.0,damped_ridge_change
5,2020-11-01,2020-06-01,5,53696.68587613164,46690.0,damped_ridge_change
5,2020-12-01,2020-06-01,6,53740.74679801189,45098.0,damped_ridge_change
5,2021-01-01,2020-06-01,7,53753.81368483954,47258.0,damped_ridge_change
5,2021-02-01,2020-06-01,8,53739.49819563599,51532.0,damped_ridge_change
5,2021-03-01,2020-06-01,9,54038.24708984431,48325.0,damped_ridge_change
5,2021-04-01,2020-06-01,10,54170.00089236206,48041.0,damped_ridge_change
5,2021-05-01,2020-06-01,11,54205.611577361604,48296.0,damped_ridge_change
5,2021-06-01,2020-06-01,12,54022.65904237685,47846.0,damped_ridge_change
1,2020-07-01,2020-06-01,1,12180.150543312557,11454.0,ensemble_change
1,2020-08-01,2020-06-01,2,11803.369688093282,12065.0,ensemble_change
1,2020-09-01,2020-06-01,3,11414.682381335955,11148.0,ensemble_change
1,2020-10-01,2020-06-01,4,11226.223609801506,10510.0,ensemble_change
1,2020-11-01,2020-06-01,5,11072.520542454517,9916.0,ensemble_change
1,2020-12-01,2020-06-01,6,10983.398537421976,9876.0,ensemble_change
1,2021-01-01,2020-06-01,7,11210.869941282142,9925.0,ensemble_change
1,2021-02-01,2020-06-01,8,11448.178576906772,7396.0,ensemble_change
1,2021-03-01,2020-06-01,9,11688.681094912034,8357.0,ensemble_change
1,2021-04-01,2020-06-01,10,11818.655702148675,8739.0,ensemble_change
1,2021-05-01,2020-06-01,11,11868.364143257944,8347.0,ensemble_change
1,2021-06-01,2020-06-01,12,11657.38409336142,7753.0,ensemble_change
2,2020-07-01,2020-06-01,1,134318.76538145833,140336.0,ensemble_change
2,2020-08-01,2020-06-01,2,133079.69171800255,140141.0,ensemble_change
2,2020-09-01,2020-06-01,3,132678.97386551445,140970.0,ensemble_change
2,2020-10-01,2020-06-01,4,133521.08887151524,146472.0,ensemble_change
2,2020-11-01,2020-06-01,5,135180.21537245467,148412.0,ensemble_change
2,2020-12-01,2020-06-01,6,136692.1981298776,147225.0,ensemble_change
2,2021-01-01,2020-06-01,7,137936.77061296673,136136.0,ensemble_change
2,2021-02-01,2020-06-01,8,139068.44663814097,134483.0,ensemble_change
2,2021-03-01,2020-06-01,9,140425.26253633018,127473.0,ensemble_change
2,2021-04-01,2020-06-01,10,140318.86870603042,133881.0,ensemble_change
2,2021-05-01,2020-06-01,11,139345.53376316643,134056.0,ensemble_change
2,2021-06-01,2020-06-01,12,137821.8581600175,124235.0,ensemble_change
3,2020-07-01,2020-06-01,1,956899.9052343557,944808.0,ensemble_change
3,2020-08-01,2020-06-01,2,955172.7256120722,920344.0,ensemble_change
3,2020-09-01,2020-06-01,3,954077.6554717176,912855.0,ensemble_change
3,2020-10-01,2020-06-01,4,953490.5762041793,900201.0,ensemble_change
3,2020-11-01,2020-06-01,5,951769.5841940399,909291.0,ensemble_change
3,2020-12-01,2020-06-01,6,950104.6328511165,896960.0,ensemble_change
3,2021-01-01,2020-06-01,7,955880.8800574957,896086.0,ensemble_change
3,2021-02-01,2020-06-01,8,962375.1261580901,915386.0,ensemble_change
3,2021-03-01,2020-06-01,9,969228.3607446983,932466.0,ensemble_change
3,2021-04-01,2020-06-01,10,973023.8172186746,906599.0,ensemble_change
3,2021-05-01,2020-06-01,11,974348.4148937609,888487.0,ensemble_change
3,2021-06-01,2020-06-01,12,970751.861030849,865066.0,ensemble_change
4,2020-07-01,2020-06-01,1,26140.960600814295,25529.0,ensemble_change
4,2020-08-01,2020-06-01,2,25946.574647556507,24575.0,ensemble_change
4,2020-09-01,2020-06-01,3,25778.858670299305,23509.0,ensemble_change
4,2020-10-01,2020-06-01,4,25894.781068307693,24222.0,ensemble_change
4,2020-11-01,2020-06-01,5,25978.291214011682,24528.0,ensemble_change
4,2020-12-01,2020-06-01,6,26036.744627129206,24398.0,ensemble_change
4,2021-01-01,2020-06-01,7,26073.366251400836,24949.0,ensemble_change
4,2021-02-01,2020-06-01,8,26132.10249497532,22852.0,ensemble_change
4,2021-03-01,2020-06-01,9,26425.269985379928,23617.0,ensemble_change
4,2021-04-01,2020-06-01,10,26663.53090988297,25326.0,ensemble_change
4,2021-05-01,2020-06-01,11,26475.973516027207,25379.0,ensemble_change
4,2021-06-01,2020-06-01,12,26216.73364158624,24512.0,ensemble_change
5,2020-07-01,2020-06-01,1,54692.03605581138,54137.0,ensemble_change
5,2020-08-01,2020-06-01,2,52547.83725076332,54804.0,ensemble_change
5,2020-09-01,2020-06-01,3,52017.19210486872,51428.0,ensemble_change
5,2020-10-01,2020-06-01,4,52051.88807730605,51073.0,ensemble_change
5,2020-11-01,2020-06-01,5,52207.85609044496,46690.0,ensemble_change
5,2020-12-01,2020-06-01,6,52542.21318232702,45098.0,ensemble_change
5,2021-01-01,2020-06-01,7,53126.51024888447,47258.0,ensemble_change
5,2021-02-01,2020-06-01,8,53409.55453322543,51532.0,ensemble_change
5,2021-03-01,2020-06-01,9,53922.81872875411,48325.0,ensemble_change
5,2021-04-01,2020-06-01,10,54113.67006712632,48041.0,ensemble_change
5,2021-05-01,2020-06-01,11,54200.32009498465,48296.0,ensemble_change
5,2021-06-01,2020-06-01,12,53175.485071575196,47846.0,ensemble_change
1,2021-07-01,2021-06-01,1,7753.0,8102.0,persistence
1,2021-08-01,2021-06-01,2,7753.0,8501.0,persistence
1,2021-09-01,2021-06-01,3,7753.0,7728.0,persistence
1,2021-10-01,2021-06-01,4,7753.0,7439.0,persistence
1,2021-11-01,2021-06-01,5,7753.0,7418.0,persistence
1,2021-12-01,2021-06-01,6,7753.0,7395.0,persistence
1,2022-01-01,2021-06-01,7,7753.0,7035.0,persistence
1,2022-02-01,2021-06-01,8,7753.0,7823.0,persistence
1,2022-03-01,2021-06-01,9,7753.0,6984.0,persistence
1,2022-04-01,2021-06-01,10,7753.0,7739.0,persistence
1,2022-05-01,2021-06-01,11,7753.0,7120.0,persistence
1,2022-06-01,2021-06-01,12,7753.0,8711.0,persistence
2,2021-07-01,2021-06-01,1,124235.0,119009.0,persistence
2,2021-08-01,2021-06-01,2,124235.0,116402.0,persistence
2,2021-09-01,2021-06-01,3,124235.0,113164.0,persistence
2,2021-10-01,2021-06-01,4,124235.0,108697.0,persistence
2,2021-11-01,2021-06-01,5,124235.0,114800.0,persistence
2,2021-12-01,2021-06-01,6,124235.0,117519.0,persistence
2,2022-01-01,2021-06-01,7,124235.0,110478.0,persistence
2,2022-02-01,2021-06-01,8,124235.0,102418.0,persistence
2,2022-03-01,2021-06-01,9,124235.0,106991.0,persistence
2,2022-04-01,2021-06-01,10,124235.0,105393.0,persistence
2,2022-05-01,2021-06-01,11,124235.0,103433.0,persistence
2,2022-06-01,2021-06-01,12,124235.0,103711.0,persistence
3,2021-07-01,2021-06-01,1,865066.0,863624.0,persistence
3,2021-08-01,2021-06-01,2,865066.0,847675.0,persistence
3,2021-09-01,2021-06-01,3,865066.0,846108.0,persistence
3,2021-10-01,2021-06-01,4,865066.0,858522.0,persistence
3,2021-11-01,2021-06-01,5,865066.0,839483.0,persistence
3,2021-12-01,2021-06-01,6,865066.0,818876.0,persistence
3,2022-01-01,2021-06-01,7,865066.0,809576.0,persistence
3,2022-02-01,2021-06-01,8,865066.0,803457.0,persistence
3,2022-03-01,2021-06-01,9,865066.0,793798.0,persistence
3,2022-04-01,2021-06-01,10,865066.0,780525.0,persistence
3,2022-05-01,2021-06-01,11,865066.0,755399.0,persistence
3,2022-06-01,2021-06-01,12,865066.0,728278.0,persistence
4,2021-07-01,2021-06-01,1,24512.0,24171.0,persistence
4,2021-08-01,2021-06-01,2,24512.0,23904.0,persistence
4,2021-09-01,2021-06-01,3,24512.0,23216.0,persistence
4,2021-10-01,2021-06-01,4,24512.0,23663.0,persistence
4,2021-11-01,2021-06-01,5,24512.0,24529.0,persistence
4,2021-12-01,2021-06-01,6,24512.0,24328.0,persistence
4,2022-01-01,2021-06-01,7,24512.0,23746.0,persistence
4,2022-02-01,2021-06-01,8,24512.0,24060.0,persistence
4,2022-03-01,2021-06-01,9,24512.0,25698.0,persistence
4,2022-04-01,2021-06-01,10,24512.0,23192.0,persistence
4,2022-05-01,2021-06-01,11,24512.0,25732.0,persistence
4,2022-06-01,2021-06-01,12,24512.0,24100.0,persistence
5,2021-07-01,2021-06-01,1,47846.0,45141.0,persistence
5,2021-08-01,2021-06-01,2,47846.0,46345.0,persistence
5,2021-09-01,2021-06-01,3,47846.0,47895.0,persistence
5,2021-10-01,2021-06-01,4,47846.0,48905.0,persistence
5,2021-11-01,2021-06-01,5,47846.0,48624.0,persistence
5,2021-12-01,2021-06-01,6,47846.0,46748.0,persistence
5,2022-01-01,2021-06-01,7,47846.0,51196.0,persistence
5,2022-02-01,2021-06-01,8,47846.0,49640.0,persistence
5,2022-03-01,2021-06-01,9,47846.0,46797.0,persistence
5,2022-04-01,2021-06-01,10,47846.0,48399.0,persistence
5,2022-05-01,2021-06-01,11,47846.0,46490.0,persistence
5,2022-06-01,2021-06-01,12,47846.0,46323.0,persistence
1,2021-07-01,2021-06-01,1,11454.0,8102.0,seasonal_naive
1,2021-08-01,2021-06-01,2,12065.0,8501.0,seasonal_naive
1,2021-09-01,2021-06-01,3,11148.0,7728.0,seasonal_naive
1,2021-10-01,2021-06-01,4,10510.0,7439.0,seasonal_naive
1,2021-11-01,2021-06-01,5,9916.0,7418.0,seasonal_naive
1,2021-12-01,2021-06-01,6,9876.0,7395.0,seasonal_naive
1,2022-01-01,2021-06-01,7,9925.0,7035.0,seasonal_naive
1,2022-02-01,2021-06-01,8,7396.0,7823.0,seasonal_naive
1,2022-03-01,2021-06-01,9,8357.0,6984.0,seasonal_naive
1,2022-04-01,2021-06-01,10,8739.0,7739.0,seasonal_naive
1,2022-05-01,2021-06-01,11,8347.0,7120.0,seasonal_naive
1,2022-06-01,2021-06-01,12,7753.0,8711.0,seasonal_naive
2,2021-07-01,2021-06-01,1,140336.0,119009.0,seasonal_naive
2,2021-08-01,2021-06-01,2,140141.0,116402.0,seasonal_naive
2,2021-09-01,2021-06-01,3,140970.0,113164.0,seasonal_naive
2,2021-10-01,2021-06-01,4,146472.0,108697.0,seasonal_naive
2,2021-11-01,2021-06-01,5,148412.0,114800.0,seasonal_naive
2,2021-12-01,2021-06-01,6,147225.0,117519.0,seasonal_naive
2,2022-01-01,2021-06-01,7,136136.0,110478.0,seasonal_naive
2,2022-02-01,2021-06-01,8,134483.0,102418.0,seasonal_naive
2,2022-03-01,2021-06-01,9,127473.0,106991.0,seasonal_naive
2,2022-04-01,2021-06-01,10,133881.0,105393.0,seasonal_naive
2,2022-05-01,2021-06-01,11,134056.0,103433.0,seasonal_naive
2,2022-06-01,2021-06-01,12,124235.0,103711.0,seasonal_naive
3,2021-07-01,2021-06-01,1,944808.0,863624.0,seasonal_naive
3,2021-08-01,2021-06-01,2,920344.0,847675.0,seasonal_naive
3,2021-09-01,2021-06-01,3,912855.0,846108.0,seasonal_naive
3,2021-10-01,2021-06-01,4,900201.0,858522.0,seasonal_naive
3,2021-11-01,2021-06-01,5,909291.0,839483.0,seasonal_naive
3,2021-12-01,2021-06-01,6,896960.0,818876.0,seasonal_naive
3,2022-01-01,2021-06-01,7,896086.0,809576.0,seasonal_naive
3,2022-02-01,2021-06-01,8,915386.0,803457.0,seasonal_naive
3,2022-03-01,2021-06-01,9,932466.0,793798.0,seasonal_naive
3,2022-04-01,2021-06-01,10,906599.0,780525.0,seasonal_naive
3,2022-05-01,2021-06-01,11,888487.0,755399.0,seasonal_naive
3,2022-06-01,2021-06-01,12,865066.0,728278.0,seasonal_naive
4,2021-07-01,2021-06-01,1,25529.0,24171.0,seasonal_naive
4,2021-08-01,2021-06-01,2,24575.0,23904.0,seasonal_naive
4,2021-09-01,2021-06-01,3,23509.0,23216.0,seasonal_naive
4,2021-10-01,2021-06-01,4,24222.0,23663.0,seasonal_naive
4,2021-11-01,2021-06-01,5,24528.0,24529.0,seasonal_naive
4,2021-12-01,2021-06-01,6,24398.0,24328.0,seasonal_naive
4,2022-01-01,2021-06-01,7,24949.0,23746.0,seasonal_naive
4,2022-02-01,2021-06-01,8,22852.0,24060.0,seasonal_naive
4,2022-03-01,2021-06-01,9,23617.0,25698.0,seasonal_naive
4,2022-04-01,2021-06-01,10,25326.0,23192.0,seasonal_naive
4,2022-05-01,2021-06-01,11,25379.0,25732.0,seasonal_naive
4,2022-06-01,2021-06-01,12,24512.0,24100.0,seasonal_naive
5,2021-07-01,2021-06-01,1,54137.0,45141.0,seasonal_naive
5,2021-08-01,2021-06-01,2,54804.0,46345.0,seasonal_naive
5,2021-09-01,2021-06-01,3,51428.0,47895.0,seasonal_naive
5,2021-10-01,2021-06-01,4,51073.0,48905.0,seasonal_naive
5,2021-11-01,2021-06-01,5,46690.0,48624.0,seasonal_naive
5,2021-12-01,2021-06-01,6,45098.0,46748.0,seasonal_naive
5,2022-01-01,2021-06-01,7,47258.0,51196.0,seasonal_naive
5,2022-02-01,2021-06-01,8,51532.0,49640.0,seasonal_naive
5,2022-03-01,2021-06-01,9,48325.0,46797.0,seasonal_naive
5,2022-04-01,2021-06-01,10,48041.0,48399.0,seasonal_naive
5,2022-05-01,2021-06-01,11,48296.0,46490.0,seasonal_naive
5,2022-06-01,2021-06-01,12,47846.0,46323.0,seasonal_naive
1,2021-07-01,2021-06-01,1,6183.6,8102.0,seasonal_change
1,2021-08-01,2021-06-01,2,6428.6,8501.0,seasonal_change
1,2021-09-01,2021-06-01,3,4563.0,7728.0,seasonal_change
1,2021-10-01,2021-06-01,4,5379.4,7439.0,seasonal_change
1,2021-11-01,2021-06-01,5,4603.799999999999,7418.0,seasonal_change
1,2021-12-01,2021-06-01,6,3567.1999999999994,7395.0,seasonal_change
1,2022-01-01,2021-06-01,7,5169.799999999999,7035.0,seasonal_change
1,2022-02-01,2021-06-01,8,3956.7999999999993,7823.0,seasonal_change
1,2022-03-01,2021-06-01,9,5217.599999999999,6984.0,seasonal_change
1,2022-04-01,2021-06-01,10,5572.999999999999,7739.0,seasonal_change
1,2022-05-01,2021-06-01,11,5875.599999999999,7120.0,seasonal_change
1,2022-06-01,2021-06-01,12,5657.799999999999,8711.0,seasonal_change
2,2021-07-01,2021-06-01,1,122084.0,119009.0,seasonal_change
2,2021-08-01,2021-06-01,2,120155.0,116402.0,seasonal_change
2,2021-09-01,2021-06-01,3,122101.8,113164.0,seasonal_change
2,2021-10-01,2021-06-01,4,127210.2,108697.0,seasonal_change
2,2021-11-01,2021-06-01,5,127024.59999999999,114800.0,seasonal_change
2,2021-12-01,2021-06-01,6,124963.79999999999,117519.0,seasonal_change
2,2022-01-01,2021-06-01,7,120330.59999999999,110478.0,seasonal_change
2,2022-02-01,2021-06-01,8,119619.2,102418.0,seasonal_change
2,2022-03-01,2021-06-01,9,123869.2,106991.0,seasonal_change
2,2022-04-01,2021-06-01,10,129494.0,105393.0,seasonal_change
2,2022-05-01,2021-06-01,11,126850.6,103433.0,seasonal_change
2,2022-06-01,2021-06-01,12,120011.0,103711.0,seasonal_change
3,2021-07-01,2021-06-01,1,859096.2,863624.0,seasonal_change
3,2021-08-01,2021-06-01,2,849051.7999999999,847675.0,seasonal_change
3,2021-09-01,2021-06-01,3,846333.7999999999,846108.0,seasonal_change
3,2021-10-01,2021-06-01,4,842028.6,858522.0,seasonal_change
3,2021-11-01,2021-06-01,5,842338.6,839483.0,seasonal_change
3,2021-12-01,2021-06-01,6,832931.0,818876.0,seasonal_change
3,2022-01-01,2021-06-01,7,841372.0,809576.0,seasonal_change
3,2022-02-01,2021-06-01,8,852761.4,803457.0,seasonal_change
3,2022-03-01,2021-06-01,9,856861.6,793798.0,seasonal_change
3,2022-04-01,2021-06-01,10,856498.6,780525.0,seasonal_change
3,2022-05-01,2021-06-01,11,852407.6,755399.0,seasonal_change
3,2022-06-01,2021-06-01,12,847471.4,728278.0,seasonal_change
4,2021-07-01,2021-06-01,1,23777.0,24171.0,seasonal_change
4,2021-08-01,2021-06-01,2,23898.4,23904.0,seasonal_change
4,2021-09-01,2021-06-01,3,23402.2,23216.0,seasonal_change
4,2021-10-01,2021-06-01,4,24629.8,23663.0,seasonal_change
4,2021-11-01,2021-06-01,5,25524.0,24529.0,seasonal_change
4,2021-12-01,2021-06-01,6,24806.6,24328.0,seasonal_change
4,2022-01-01,2021-06-01,7,24383.8,23746.0,seasonal_change
4,2022-02-01,2021-06-01,8,23904.399999999998,24060.0,seasonal_change
4,2022-03-01,2021-06-01,9,25505.399999999998,25698.0,seasonal_change
4,2022-04-01,2021-06-01,10,26434.199999999997,23192.0,seasonal_change
4,2022-05-01,2021-06-01,11,26324.799999999996,25732.0,seasonal_change
4,2022-06-01,2021-06-01,12,25244.599999999995,24100.0,seasonal_change
5,2021-07-01,2021-06-01,1,45145.8,45141.0,seasonal_change
5,2021-08-01,2021-06-01,2,43120.0,46345.0,seasonal_change
5,2021-09-01,2021-06-01,3,42629.4,47895.0,seasonal_change
5,2021-10-01,2021-06-01,4,44527.8,48905.0,seasonal_change
5,2021-11-01,2021-06-01,5,43918.600000000006,48624.0,seasonal_change
5,2021-12-01,2021-06-01,6,42807.00000000001,46748.0,seasonal_change
5,2022-01-01,2021-06-01,7,43307.00000000001,51196.0,seasonal_change
5,2022-02-01,2021-06-01,8,45312.40000000001,49640.0,seasonal_change
5,2022-03-01,2021-06-01,9,45610.80000000001,46797.0,seasonal_change
5,2022-04-01,2021-06-01,10,45943.20000000001,48399.0,seasonal_change
5,2022-05-01,2021-06-01,11,47409.000000000015,46490.0,seasonal_change
5,2022-06-01,2021-06-01,12,45718.20000000001,46323.0,seasonal_change
1,2021-07-01,2021-06-01,1,6016.176295156003,8102.0,forecast_flow_identity
1,2021-08-01,2021-06-01,2,6093.952590312001,8501.0,forecast_flow_identity
1,2021-09-01,2021-06-01,3,4066.5231985274877,7728.0,forecast_flow_identity
1,2021-10-01,2021-06-01,4,4715.499493683492,7439.0,forecast_flow_identity
1,2021-11-01,2021-06-01,5,2967.4867096377366,7418.0,forecast_flow_identity
1,2021-12-01,2021-06-01,6,884.6068327904541,7395.0,forecast_flow_identity
1,2022-01-01,2021-06-01,7,2320.383127946454,7035.0,forecast_flow_identity
1,2022-02-01,2021-06-01,8,892.5183226071986,7823.0,forecast_flow_identity
1,2022-03-01,2021-06-01,9,1904.0384457599175,6984.0,forecast_flow_identity
1,2022-04-01,2021-06-01,10,1533.225661714161,7739.0,forecast_flow_identity
1,2022-05-01,2021-06-01,11,968.1457848668833,7120.0,forecast_flow_identity
1,2022-06-01,2021-06-01,12,0.0,8711.0,forecast_flow_identity
2,2021-07-01,2021-06-01,1,122065.16043513958,119009.0,forecast_flow_identity
2,2021-08-01,2021-06-01,2,120117.12087027916,116402.0,forecast_flow_identity
2,2021-09-01,2021-06-01,3,122045.48903331747,113164.0,forecast_flow_identity
2,2021-10-01,2021-06-01,4,127134.84946845705,108697.0,forecast_flow_identity
2,2021-11-01,2021-06-01,5,126931.21763149535,114800.0,forecast_flow_identity
2,2021-12-01,2021-06-01,6,124851.17806663494,117519.0,forecast_flow_identity
2,2022-01-01,2021-06-01,7,120199.13850177453,110478.0,forecast_flow_identity
2,2022-02-01,2021-06-01,8,119476.58418957582,102418.0,forecast_flow_identity
2,2022-03-01,2021-06-01,9,123708.14462471542,106991.0,forecast_flow_identity
2,2022-04-01,2021-06-01,10,129314.91278775372,105393.0,forecast_flow_identity
2,2022-05-01,2021-06-01,11,126652.87322289332,103433.0,forecast_flow_identity
2,2022-06-01,2021-06-01,12,119795.04138593165,103711.0,forecast_flow_identity
3,2021-07-01,2021-06-01,1,858871.7305665024,863624.0,forecast_flow_identity
3,2021-08-01,2021-06-01,2,848603.2611330049,847675.0,forecast_flow_identity
3,2021-09-01,2021-06-01,3,845668.2261973621,846108.0,forecast_flow_identity
3,2021-10-01,2021-06-01,4,841138.3567638645,858522.0,forecast_flow_identity
3,2021-11-01,2021-06-01,5,841231.7218282217,839483.0,forecast_flow_identity
3,2021-12-01,2021-06-01,6,831599.8523947241,818876.0,forecast_flow_identity
3,2022-01-01,2021-06-01,7,839816.5829612266,809576.0,forecast_flow_identity
3,2022-02-01,2021-06-01,8,850907.7204695692,803457.0,forecast_flow_identity
3,2022-03-01,2021-06-01,9,854784.0510360717,793798.0,forecast_flow_identity
3,2022-04-01,2021-06-01,10,854203.816100429,780525.0,forecast_flow_identity
3,2022-05-01,2021-06-01,11,849888.7466669314,755399.0,forecast_flow_identity
3,2022-06-01,2021-06-01,12,844735.5117312886,728278.0,forecast_flow_identity
4,2021-07-01,2021-06-01,1,23687.25445197044,24171.0,forecast_flow_identity
4,2021-08-01,2021-06-01,2,23711.308903940873,23904.0,forecast_flow_identity
4,2021-09-01,2021-06-01,3,23113.955147783236,23216.0,forecast_flow_identity
4,2021-10-01,2021-06-01,4,24231.209599753674,23663.0,forecast_flow_identity
4,2021-11-01,2021-06-01,5,25023.455843596035,24529.0,forecast_flow_identity
4,2021-12-01,2021-06-01,6,24191.91029556648,24328.0,forecast_flow_identity
4,2022-01-01,2021-06-01,7,23661.764747536916,23746.0,forecast_flow_identity
4,2022-02-01,2021-06-01,8,23122.628325586596,24060.0,forecast_flow_identity
4,2022-03-01,2021-06-01,9,24623.68277755704,25698.0,forecast_flow_identity
4,2022-04-01,2021-06-01,10,25460.9290213994,23192.0,forecast_flow_identity
4,2022-05-01,2021-06-01,11,25251.983473369837,25732.0,forecast_flow_identity
4,2022-06-01,2021-06-01,12,24075.629717212196,24100.0,forecast_flow_identity
5,2021-07-01,2021-06-01,1,45142.37695197044,45141.0,forecast_flow_identity
5,2021-08-01,2021-06-01,2,43113.153903940874,46345.0,forecast_flow_identity
5,2021-09-01,2021-06-01,3,42619.6412768155,47895.0,forecast_flow_identity
5,2021-10-01,2021-06-01,4,44514.81822878594,48905.0,forecast_flow_identity
5,2021-11-01,2021-06-01,5,43902.10560166056,48624.0,forecast_flow_identity
5,2021-12-01,2021-06-01,6,42786.88255363099,46748.0,forecast_flow_identity
5,2022-01-01,2021-06-01,7,43283.659505601434,51196.0,forecast_flow_identity
5,2022-02-01,2021-06-01,8,45284.32634097406,49640.0,forecast_flow_identity
5,2022-03-01,2021-06-01,9,45579.3032929445,46797.0,forecast_flow_identity
5,2022-04-01,2021-06-01,10,45908.59066581913,48399.0,forecast_flow_identity
5,2022-05-01,2021-06-01,11,47370.76761778956,46490.0,forecast_flow_identity
5,2022-06-01,2021-06-01,12,45677.05499066419,46323.0,forecast_flow_identity
1,2021-07-01,2021-06-01,1,8435.092473055698,8102.0,legacy_constrained_level
1,2021-08-01,2021-06-01,2,9020.521577613443,8501.0,legacy_constrained_level
1,2021-09-01,2021-06-01,3,9522.986052742313,7728.0,legacy_constrained_level
1,2021-10-01,2021-06-01,4,9954.24330797778,7439.0,legacy_constrained_level
1,2021-11-01,2021-06-01,5,10324.384540640107,7418.0,legacy_constrained_level
1,2021-12-01,2021-06-01,6,10642.070864646372,7395.0,legacy_constrained_level
1,2022-01-01,2021-06-01,7,10914.735976108528,7035.0,legacy_constrained_level
1,2022-02-01,2021-06-01,8,11148.760097987957,7823.0,legacy_constrained_level
1,2022-03-01,2021-06-01,9,11349.619274021703,6984.0,legacy_constrained_level
1,2022-04-01,2021-06-01,10,11522.013505321247,7739.0,legacy_constrained_level
1,2022-05-01,2021-06-01,11,11669.976727974155,7120.0,legacy_constrained_level
1,2022-06-01,2021-06-01,12,11796.971205067728,8711.0,legacy_constrained_level
2,2021-07-01,2021-06-01,1,122911.09810144265,119009.0,legacy_constrained_level
2,2021-08-01,2021-06-01,2,123898.35964047846,116402.0,legacy_constrained_level
2,2021-09-01,2021-06-01,3,124647.52943265688,113164.0,legacy_constrained_level
2,2021-10-01,2021-06-01,4,126748.69313961802,108697.0,legacy_constrained_level
2,2021-11-01,2021-06-01,5,129678.65427255735,114800.0,legacy_constrained_level
2,2021-12-01,2021-06-01,6,131476.00350255027,117519.0,legacy_constrained_level
2,2022-01-01,2021-06-01,7,132670.16518141853,110478.0,legacy_constrained_level
2,2022-02-01,2021-06-01,8,133706.6979842059,102418.0,legacy_constrained_level
2,2022-03-01,2021-06-01,9,136142.56089031193,106991.0,legacy_constrained_level
2,2022-04-01,2021-06-01,10,137680.9046930347,105393.0,legacy_constrained_level
2,2022-05-01,2021-06-01,11,139278.65511414787,103433.0,legacy_constrained_level
2,2022-06-01,2021-06-01,12,139653.54596573318,103711.0,legacy_constrained_level
3,2021-07-01,2021-06-01,1,862066.1577436241,863624.0,legacy_constrained_level
3,2021-08-01,2021-06-01,2,863633.5443695451,847675.0,legacy_constrained_level
3,2021-09-01,2021-06-01,3,865534.4356351056,846108.0,legacy_constrained_level
3,2021-10-01,2021-06-01,4,869531.1289516682,858522.0,legacy_constrained_level
3,2021-11-01,2021-06-01,5,871005.0963256819,839483.0,legacy_constrained_level
3,2021-12-01,2021-06-01,6,873761.7638328816,818876.0,legacy_constrained_level
3,2022-01-01,2021-06-01,7,873394.2012229135,809576.0,legacy_constrained_level
3,2022-02-01,2021-06-01,8,876136.7362036788,803457.0,legacy_constrained_level
3,2022-03-01,2021-06-01,9,879983.5446034032,793798.0,legacy_constrained_level
3,2022-04-01,2021-06-01,10,883400.0114084062,780525.0,legacy_constrained_level
3,2022-05-01,2021-06-01,11,885213.6136156006,755399.0,legacy_constrained_level
3,2022-06-01,2021-06-01,12,884100.4012550929,728278.0,legacy_constrained_level
4,2021-07-01,2021-06-01,1,24409.050098656633,24171.0,legacy_constrained_level
4,2021-08-01,2021-06-01,2,24437.97691345992,23904.0,legacy_constrained_level
4,2021-09-01,2021-06-01,3,24531.616408778296,23216.0,legacy_constrained_level
4,2021-10-01,2021-06-01,4,24609.288593263474,23663.0,legacy_constrained_level
4,2021-11-01,2021-06-01,5,24831.300845315935,24529.0,legacy_constrained_level
4,2021-12-01,2021-06-01,6,25039.932048131486,24328.0,legacy_constrained_level
4,2022-01-01,2021-06-01,7,25190.727971478605,23746.0,legacy_constrained_level
4,2022-02-01,2021-06-01,8,25283.824887290117,24060.0,legacy_constrained_level
4,2022-03-01,2021-06-01,9,25333.57318912477,25698.0,legacy_constrained_level
4,2022-04-01,2021-06-01,10,25466.877097032593,23192.0,legacy_constrained_level
4,2022-05-01,2021-06-01,11,25677.389126926675,25732.0,legacy_constrained_level
4,2022-06-01,2021-06-01,12,25775.501517822006,24100.0,legacy_constrained_level
5,2021-07-01,2021-06-01,1,48790.13149748691,45141.0,legacy_constrained_level
5,2021-08-01,2021-06-01,2,49179.52568868592,46345.0,legacy_constrained_level
5,2021-09-01,2021-06-01,3,49337.282371089444,47895.0,legacy_constrained_level
5,2021-10-01,2021-06-01,4,49497.11616700429,48905.0,legacy_constrained_level
5,2021-11-01,2021-06-01,5,50334.84009039123,48624.0,legacy_constrained_level
5,2021-12-01,2021-06-01,6,50563.17625604158,46748.0,legacy_constrained_level
5,2022-01-01,2021-06-01,7,50850.37513708684,51196.0,legacy_constrained_level
5,2022-02-01,2021-06-01,8,50857.39638026845,49640.0,legacy_constrained_level
5,2022-03-01,2021-06-01,9,51538.20315961375,46797.0,legacy_constrained_level
5,2022-04-01,2021-06-01,10,51358.17672858702,48399.0,legacy_constrained_level
5,2022-05-01,2021-06-01,11,51351.800903616066,46490.0,legacy_constrained_level
5,2022-06-01,2021-06-01,12,50609.235835755935,46323.0,legacy_constrained_level
1,2021-07-01,2021-06-01,1,8561.206947927853,8102.0,constrained_level
1,2021-08-01,2021-06-01,2,9037.741940002066,8501.0,constrained_level
1,2021-09-01,2021-06-01,3,9416.841795911521,7728.0,constrained_level
1,2021-10-01,2021-06-01,4,9664.64030338483,7439.0,constrained_level
1,2021-11-01,2021-06-01,5,9766.990735116982,7418.0,constrained_level
1,2021-12-01,2021-06-01,6,9718.877988912838,7395.0,constrained_level
1,2022-01-01,2021-06-01,7,9759.287004579652,7035.0,constrained_level
1,2022-02-01,2021-06-01,8,9914.584548312534,7823.0,constrained_level
1,2022-03-01,2021-06-01,9,9873.135958727202,6984.0,constrained_level
1,2022-04-01,2021-06-01,10,10004.577433860119,7739.0,constrained_level
1,2022-05-01,2021-06-01,11,9928.578785792066,7120.0,constrained_level
1,2022-06-01,2021-06-01,12,9984.74945195939,8711.0,constrained_level
2,2021-07-01,2021-06-01,1,120684.11055140928,119009.0,constrained_level
2,2021-08-01,2021-06-01,2,120842.57198084488,116402.0,constrained_level
2,2021-09-01,2021-06-01,3,121044.8094571105,113164.0,constrained_level
2,2021-10-01,2021-06-01,4,123123.32131407758,108697.0,constrained_level
2,2021-11-01,2021-06-01,5,126596.33420824213,114800.0,constrained_level
2,2021-12-01,2021-06-01,6,127647.68883650616,117519.0,constrained_level
2,2022-01-01,2021-06-01,7,127955.59307631262,110478.0,constrained_level
2,2022-02-01,2021-06-01,8,127084.75700157211,102418.0,constrained_level
2,2022-03-01,2021-06-01,9,128239.16502166343,106991.0,constrained_level
2,2022-04-01,2021-06-01,10,130491.60926913544,105393.0,constrained_level
2,2022-05-01,2021-06-01,11,132944.59222309198,103433.0,constrained_level
2,2022-06-01,2021-06-01,12,131813.28698841922,103711.0,constrained_level
3,2021-07-01,2021-06-01,1,859700.3957509253,863624.0,constrained_level
3,2021-08-01,2021-06-01,2,859604.0107962386,847675.0,constrained_level
3,2021-09-01,2021-06-01,3,858867.6042124901,846108.0,constrained_level
3,2021-10-01,2021-06-01,4,860587.5364116615,858522.0,constrained_level
3,2021-11-01,2021-06-01,5,861361.2390501787,839483.0,constrained_level
3,2021-12-01,2021-06-01,6,863916.7817604771,818876.0,constrained_level
3,2022-01-01,2021-06-01,7,862513.5811378272,809576.0,constrained_level
3,2022-02-01,2021-06-01,8,866741.5369014539,803457.0,constrained_level
3,2022-03-01,2021-06-01,9,872578.8531208423,793798.0,constrained_level
3,2022-04-01,2021-06-01,10,874643.0241352114,780525.0,constrained_level
3,2022-05-01,2021-06-01,11,875258.5669238254,755399.0,constrained_level
3,2022-06-01,2021-06-01,12,874058.4449914247,728278.0,constrained_level
4,2021-07-01,2021-06-01,1,24351.16410608743,24171.0,constrained_level
4,2021-08-01,2021-06-01,2,24335.859546861928,23904.0,constrained_level
4,2021-09-01,2021-06-01,3,24516.921862453444,23216.0,constrained_level
4,2021-10-01,2021-06-01,4,24481.844008049593,23663.0,constrained_level
4,2021-11-01,2021-06-01,5,24731.09737311215,24529.0,constrained_level
4,2021-12-01,2021-06-01,6,24852.180228535202,24328.0,constrained_level
4,2022-01-01,2021-06-01,7,24964.872503884024,23746.0,constrained_level
4,2022-02-01,2021-06-01,8,24924.03235391905,24060.0,constrained_level
4,2022-03-01,2021-06-01,9,24857.86295186025,25698.0,constrained_level
4,2022-04-01,2021-06-01,10,25198.97345329768,23192.0,constrained_level
4,2022-05-01,2021-06-01,11,25414.28260095423,25732.0,constrained_level
4,2022-06-01,2021-06-01,12,25427.525807373655,24100.0,constrained_level
5,2021-07-01,2021-06-01,1,48270.49065014289,45141.0,constrained_level
5,2021-08-01,2021-06-01,2,48778.27554148109,46345.0,constrained_level
5,2021-09-01,2021-06-01,3,48505.09817341254,47895.0,constrained_level
5,2021-10-01,2021-06-01,4,49063.34691894924,48905.0,constrained_level
5,2021-11-01,2021-06-01,5,50734.573087404424,48624.0,constrained_level
5,2021-12-01,2021-06-01,6,50933.28878328158,46748.0,constrained_level
5,2022-01-01,2021-06-01,7,50737.65308415804,51196.0,constrained_level
5,2022-02-01,2021-06-01,8,50978.63911127586,49640.0,constrained_level
5,2022-03-01,2021-06-01,9,51686.31649133259,46797.0,constrained_level
5,2022-04-01,2021-06-01,10,51666.16704711421,48399.0,constrained_level
5,2022-05-01,2021-06-01,11,51383.19408291505,46490.0,constrained_level
5,2022-06-01,2021-06-01,12,51118.7181445475,46323.0,constrained_level
1,2021-07-01,2021-06-01,1,8058.608827178799,8102.0,ridge_change
1,2021-08-01,2021-06-01,2,8236.724986269963,8501.0,ridge_change
1,2021-09-01,2021-06-01,3,8257.200278065799,7728.0,ridge_change
1,2021-10-01,2021-06-01,4,8356.697342140877,7439.0,ridge_change
1,2021-11-01,2021-06-01,5,8280.36265615628,7418.0,ridge_change
1,2021-12-01,2021-06-01,6,8246.443054035195,7395.0,ridge_change
1,2022-01-01,2021-06-01,7,8240.652018396137,7035.0,ridge_change
1,2022-02-01,2021-06-01,8,8085.5634485903065,7823.0,ridge_change
1,2022-03-01,2021-06-01,9,8107.46935163021,6984.0,ridge_change
1,2022-04-01,2021-06-01,10,8085.7278033785215,7739.0,ridge_change
1,2022-05-01,2021-06-01,11,7994.740619314421,7120.0,ridge_change
1,2022-06-01,2021-06-01,12,7886.9400941355125,8711.0,ridge_change
2,2021-07-01,2021-06-01,1,122228.74140271409,119009.0,ridge_change
2,2021-08-01,2021-06-01,2,122001.98988134449,116402.0,ridge_change
2,2021-09-01,2021-06-01,3,122114.00878487999,113164.0,ridge_change
2,2021-10-01,2021-06-01,4,122524.91055293917,108697.0,ridge_change
2,2021-11-01,2021-06-01,5,123144.06628395838,114800.0,ridge_change
2,2021-12-01,2021-06-01,6,123630.56444763106,117519.0,ridge_change
2,2022-01-01,2021-06-01,7,124123.91993193081,110478.0,ridge_change
2,2022-02-01,2021-06-01,8,124528.8561189321,102418.0,ridge_change
2,2022-03-01,2021-06-01,9,125266.31301855345,106991.0,ridge_change
2,2022-04-01,2021-06-01,10,125805.79254200982,105393.0,ridge_change
2,2022-05-01,2021-06-01,11,126315.82825279192,103433.0,ridge_change
2,2022-06-01,2021-06-01,12,126613.79087139449,103711.0,ridge_change
3,2021-07-01,2021-06-01,1,863899.6777678824,863624.0,ridge_change
3,2021-08-01,2021-06-01,2,863784.0509410024,847675.0,ridge_change
3,2021-09-01,2021-06-01,3,863776.8046263922,846108.0,ridge_change
3,2021-10-01,2021-06-01,4,863955.0836467231,858522.0,ridge_change
3,2021-11-01,2021-06-01,5,864012.2880497456,839483.0,ridge_change
3,2021-12-01,2021-06-01,6,864131.530706431,818876.0,ridge_change
3,2022-01-01,2021-06-01,7,864173.6168321925,809576.0,ridge_change
3,2022-02-01,2021-06-01,8,864143.2610221752,803457.0,ridge_change
3,2022-03-01,2021-06-01,9,864219.8509144586,793798.0,ridge_change
3,2022-04-01,2021-06-01,10,864255.4684981172,780525.0,ridge_change
3,2022-05-01,2021-06-01,11,864432.6346513281,755399.0,ridge_change
3,2022-06-01,2021-06-01,12,864697.6100668677,728278.0,ridge_change
4,2021-07-01,2021-06-01,1,24563.92685246435,24171.0,ridge_change
4,2021-08-01,2021-06-01,2,24610.972500915144,23904.0,ridge_change
4,2021-09-01,2021-06-01,3,24657.09538378532,23216.0,ridge_change
4,2021-10-01,2021-06-01,4,24707.203174131788,23663.0,ridge_change
4,2021-11-01,2021-06-01,5,24762.520022885736,24529.0,ridge_change
4,2021-12-01,2021-06-01,6,24816.477329653557,24328.0,ridge_change
4,2022-01-01,2021-06-01,7,24870.934409060763,23746.0,ridge_change
4,2022-02-01,2021-06-01,8,24910.056190048053,24060.0,ridge_change
4,2022-03-01,2021-06-01,9,24974.885812445256,25698.0,ridge_change
4,2022-04-01,2021-06-01,10,25031.367240576736,23192.0,ridge_change
4,2022-05-01,2021-06-01,11,25099.12936714322,25732.0,ridge_change
4,2022-06-01,2021-06-01,12,25154.407772114097,24100.0,ridge_change
5,2021-07-01,2021-06-01,1,48234.25592159727,45141.0,ridge_change
5,2021-08-01,2021-06-01,2,49203.421361418754,46345.0,ridge_change
5,2021-09-01,2021-06-01,3,49314.10425961495,47895.0,ridge_change
5,2021-10-01,2021-06-01,4,49393.40967112617,48905.0,ridge_change
5,2021-11-01,2021-06-01,5,49436.83183615616,48624.0,ridge_change
5,2021-12-01,2021-06-01,6,49384.49480193006,46748.0,ridge_change
5,2022-01-01,2021-06-01,7,49397.66449392307,51196.0,ridge_change
5,2022-02-01,2021-06-01,8,49572.6154071196,49640.0,ridge_change
5,2022-03-01,2021-06-01,9,49692.66868716578,46797.0,ridge_change
5,2022-04-01,2021-06-01,10,49786.58729206216,48399.0,ridge_change
5,2022-05-01,2021-06-01,11,49611.47212963602,46490.0,ridge_change
5,2022-06-01,2021-06-01,12,49240.84548569586,46323.0,ridge_change
1,2021-07-01,2021-06-01,1,7748.3478614588,8102.0,seasonal_ridge_change
1,2021-08-01,2021-06-01,2,7613.21351996248,8501.0,seasonal_ridge_change
1,2021-09-01,2021-06-01,3,7412.921770922583,7728.0,seasonal_ridge_change
1,2021-10-01,2021-06-01,4,7410.934670123929,7439.0,seasonal_ridge_change
1,2021-11-01,2021-06-01,5,7392.433743830181,7418.0,seasonal_ridge_change
1,2021-12-01,2021-06-01,6,7548.4543916495695,7395.0,seasonal_ridge_change
1,2022-01-01,2021-06-01,7,7815.178959317609,7035.0,seasonal_ridge_change
1,2022-02-01,2021-06-01,8,7967.0925506422045,7823.0,seasonal_ridge_change
1,2022-03-01,2021-06-01,9,8168.208632164131,6984.0,seasonal_ridge_change
1,2022-04-01,2021-06-01,10,8227.805343325948,7739.0,seasonal_ridge_change
1,2022-05-01,2021-06-01,11,8070.853191920382,7120.0,seasonal_ridge_change
1,2022-06-01,2021-06-01,12,7787.027113726457,8711.0,seasonal_ridge_change
2,2021-07-01,2021-06-01,1,121393.99822699511,119009.0,seasonal_ridge_change
2,2021-08-01,2021-06-01,2,120337.03689690614,116402.0,seasonal_ridge_change
2,2021-09-01,2021-06-01,3,120104.25994609008,113164.0,seasonal_ridge_change
2,2021-10-01,2021-06-01,4,120750.73150450978,108697.0,seasonal_ridge_change
2,2021-11-01,2021-06-01,5,122138.71764919917,114800.0,seasonal_ridge_change
2,2021-12-01,2021-06-01,6,123770.11828402456,117519.0,seasonal_ridge_change
2,2022-01-01,2021-06-01,7,125427.65238911673,110478.0,seasonal_ridge_change
2,2022-02-01,2021-06-01,8,126700.13814056653,102418.0,seasonal_ridge_change
2,2022-03-01,2021-06-01,9,127642.46208120718,106991.0,seasonal_ridge_change
2,2022-04-01,2021-06-01,10,127770.37293581705,105393.0,seasonal_ridge_change
2,2022-05-01,2021-06-01,11,127287.2178509699,103433.0,seasonal_ridge_change
2,2022-06-01,2021-06-01,12,126307.7619363784,103711.0,seasonal_ridge_change
3,2021-07-01,2021-06-01,1,858775.552181599,863624.0,seasonal_ridge_change
3,2021-08-01,2021-06-01,2,854835.5468212691,847675.0,seasonal_ridge_change
3,2021-09-01,2021-06-01,3,851756.739750432,846108.0,seasonal_ridge_change
3,2021-10-01,2021-06-01,4,850051.3306082238,858522.0,seasonal_ridge_change
3,2021-11-01,2021-06-01,5,849917.6377921894,839483.0,seasonal_ridge_change
3,2021-12-01,2021-06-01,6,851926.8417237349,818876.0,seasonal_ridge_change
3,2022-01-01,2021-06-01,7,855382.3575877409,809576.0,seasonal_ridge_change
3,2022-02-01,2021-06-01,8,859079.867142429,803457.0,seasonal_ridge_change
3,2022-03-01,2021-06-01,9,862022.9049199199,793798.0,seasonal_ridge_change
3,2022-04-01,2021-06-01,10,864308.0751360107,780525.0,seasonal_ridge_change
3,2022-05-01,2021-06-01,11,865375.6898793101,755399.0,seasonal_ridge_change
3,2022-06-01,2021-06-01,12,865241.4516814881,728278.0,seasonal_ridge_change
4,2021-07-01,2021-06-01,1,24528.35895725212,24171.0,seasonal_ridge_change
4,2021-08-01,2021-06-01,2,24543.814681122974,23904.0,seasonal_ridge_change
4,2021-09-01,2021-06-01,3,24570.717171365526,23216.0,seasonal_ridge_change
4,2021-10-01,2021-06-01,4,24618.513474270683,23663.0,seasonal_ridge_change
4,2021-11-01,2021-06-01,5,24688.65961223922,24529.0,seasonal_ridge_change
4,2021-12-01,2021-06-01,6,24770.11751648241,24328.0,seasonal_ridge_change
4,2022-01-01,2021-06-01,7,24858.231617542682,23746.0,seasonal_ridge_change
4,2022-02-01,2021-06-01,8,24926.434334671907,24060.0,seasonal_ridge_change
4,2022-03-01,2021-06-01,9,25008.224382791377,25698.0,seasonal_ridge_change
4,2022-04-01,2021-06-01,10,25064.56722543498,23192.0,seasonal_ridge_change
4,2022-05-01,2021-06-01,11,25113.874659475536,25732.0,seasonal_ridge_change
4,2022-06-01,2021-06-01,12,25137.765747123674,24100.0,seasonal_ridge_change
5,2021-07-01,2021-06-01,1,47969.13338669392,45141.0,seasonal_ridge_change
5,2021-08-01,2021-06-01,2,48493.1087343205,46345.0,seasonal_ridge_change
5,2021-09-01,2021-06-01,3,48358.24224243464,47895.0,seasonal_ridge_change
5,2021-10-01,2021-06-01,4,48379.86722475963,48905.0,seasonal_ridge_change
5,2021-11-01,2021-06-01,5,48555.386210973054,48624.0,seasonal_ridge_change
5,2021-12-01,2021-06-01,6,48845.912294507994,46748.0,seasonal_ridge_change
5,2022-01-01,2021-06-01,7,49315.05513579764,51196.0,seasonal_ridge_change
5,2022-02-01,2021-06-01,8,49901.19983480964,49640.0,seasonal_ridge_change
5,2022-03-01,2021-06-01,9,50302.010283607284,46797.0,seasonal_ridge_change
5,2022-04-01,2021-06-01,10,50511.32701056908,48399.0,seasonal_ridge_change
5,2022-05-01,2021-06-01,11,50187.58859449354,46490.0,seasonal_ridge_change
5,2022-06-01,2021-06-01,12,49564.79616870798,46323.0,seasonal_ridge_change
1,2021-07-01,2021-06-01,1,7748.347861458799,8102.0,polynomial_ridge_change
1,2021-08-01,2021-06-01,2,7613.213519962479,8501.0,polynomial_ridge_change
1,2021-09-01,2021-06-01,3,7412.921770922581,7728.0,polynomial_ridge_change
1,2021-10-01,2021-06-01,4,7410.934670123927,7439.0,polynomial_ridge_change
1,2021-11-01,2021-06-01,5,7392.433743830179,7418.0,polynomial_ridge_change
1,2021-12-01,2021-06-01,6,7548.454391649568,7395.0,polynomial_ridge_change
1,2022-01-01,2021-06-01,7,7815.178959317607,7035.0,polynomial_ridge_change
1,2022-02-01,2021-06-01,8,7967.092550642203,7823.0,polynomial_ridge_change
1,2022-03-01,2021-06-01,9,8168.208632164129,6984.0,polynomial_ridge_change
1,2022-04-01,2021-06-01,10,8227.805343325947,7739.0,polynomial_ridge_change
1,2022-05-01,2021-06-01,11,8070.8531919203815,7120.0,polynomial_ridge_change
1,2022-06-01,2021-06-01,12,7787.027113726456,8711.0,polynomial_ridge_change
2,2021-07-01,2021-06-01,1,121393.99822699511,119009.0,polynomial_ridge_change
2,2021-08-01,2021-06-01,2,120337.03689690614,116402.0,polynomial_ridge_change
2,2021-09-01,2021-06-01,3,120104.25994609008,113164.0,polynomial_ridge_change
2,2021-10-01,2021-06-01,4,120750.73150450978,108697.0,polynomial_ridge_change
2,2021-11-01,2021-06-01,5,122138.71764919917,114800.0,polynomial_ridge_change
2,2021-12-01,2021-06-01,6,123770.11828402456,117519.0,polynomial_ridge_change
2,2022-01-01,2021-06-01,7,125427.65238911673,110478.0,polynomial_ridge_change
2,2022-02-01,2021-06-01,8,126700.13814056653,102418.0,polynomial_ridge_change
2,2022-03-01,2021-06-01,9,127642.46208120718,106991.0,polynomial_ridge_change
2,2022-04-01,2021-06-01,10,127770.37293581705,105393.0,polynomial_ridge_change
2,2022-05-01,2021-06-01,11,127287.2178509699,103433.0,polynomial_ridge_change
2,2022-06-01,2021-06-01,12,126307.7619363784,103711.0,polynomial_ridge_change
3,2021-07-01,2021-06-01,1,858775.552181599,863624.0,polynomial_ridge_change
3,2021-08-01,2021-06-01,2,854835.5468212691,847675.0,polynomial_ridge_change
3,2021-09-01,2021-06-01,3,851756.739750432,846108.0,polynomial_ridge_change
3,2021-10-01,2021-06-01,4,850051.3306082238,858522.0,polynomial_ridge_change
3,2021-11-01,2021-06-01,5,849917.6377921894,839483.0,polynomial_ridge_change
3,2021-12-01,2021-06-01,6,851926.8417237349,818876.0,polynomial_ridge_change
3,2022-01-01,2021-06-01,7,855382.3575877409,809576.0,polynomial_ridge_change
3,2022-02-01,2021-06-01,8,859079.867142429,803457.0,polynomial_ridge_change
3,2022-03-01,2021-06-01,9,862022.9049199199,793798.0,polynomial_ridge_change
3,2022-04-01,2021-06-01,10,864308.0751360107,780525.0,polynomial_ridge_change
3,2022-05-01,2021-06-01,11,865375.6898793101,755399.0,polynomial_ridge_change
3,2022-06-01,2021-06-01,12,865241.4516814881,728278.0,polynomial_ridge_change
4,2021-07-01,2021-06-01,1,24528.35895725212,24171.0,polynomial_ridge_change
4,2021-08-01,2021-06-01,2,24543.814681122974,23904.0,polynomial_ridge_change
4,2021-09-01,2021-06-01,3,24570.717171365526,23216.0,polynomial_ridge_change
4,2021-10-01,2021-06-01,4,24618.51347427068,23663.0,polynomial_ridge_change
4,2021-11-01,2021-06-01,5,24688.659612239215,24529.0,polynomial_ridge_change
4,2021-12-01,2021-06-01,6,24770.117516482405,24328.0,polynomial_ridge_change
4,2022-01-01,2021-06-01,7,24858.23161754268,23746.0,polynomial_ridge_change
4,2022-02-01,2021-06-01,8,24926.434334671903,24060.0,polynomial_ridge_change
4,2022-03-01,2021-06-01,9,25008.224382791374,25698.0,polynomial_ridge_change
4,2022-04-01,2021-06-01,10,25064.567225434977,23192.0,polynomial_ridge_change
4,2022-05-01,2021-06-01,11,25113.874659475532,25732.0,polynomial_ridge_change
4,2022-06-01,2021-06-01,12,25137.76574712367,24100.0,polynomial_ridge_change
5,2021-07-01,2021-06-01,1,47969.13338669392,45141.0,polynomial_ridge_change
5,2021-08-01,2021-06-01,2,48493.1087343205,46345.0,polynomial_ridge_change
5,2021-09-01,2021-06-01,3,48358.24224243464,47895.0,polynomial_ridge_change
5,2021-10-01,2021-06-01,4,48379.86722475963,48905.0,polynomial_ridge_change
5,2021-11-01,2021-06-01,5,48555.386210973054,48624.0,polynomial_ridge_change
5,2021-12-01,2021-06-01,6,48845.912294507994,46748.0,polynomial_ridge_change
5,2022-01-01,2021-06-01,7,49315.05513579764,51196.0,polynomial_ridge_change
5,2022-02-01,2021-06-01,8,49901.19983480964,49640.0,polynomial_ridge_change
5,2022-03-01,2021-06-01,9,50302.010283607284,46797.0,polynomial_ridge_change
5,2022-04-01,2021-06-01,10,50511.32701056908,48399.0,polynomial_ridge_change
5,2022-05-01,2021-06-01,11,50187.58859449354,46490.0,polynomial_ridge_change
5,2022-06-01,2021-06-01,12,49564.79616870798,46323.0,polynomial_ridge_change
1,2021-07-01,2021-06-01,1,7328.0044597803235,8102.0,spline_ridge_change
1,2021-08-01,2021-06-01,2,6935.927367542522,8501.0,spline_ridge_change
1,2021-09-01,2021-06-01,3,6658.486683429244,7728.0,spline_ridge_change
1,2021-10-01,2021-06-01,4,6290.885931855101,7439.0,spline_ridge_change
1,2021-11-01,2021-06-01,5,5842.689278336027,7418.0,spline_ridge_change
1,2021-12-01,2021-06-01,6,5693.709683869024,7395.0,spline_ridge_change
1,2022-01-01,2021-06-01,7,5839.928215365227,7035.0,spline_ridge_change
1,2022-02-01,2021-06-01,8,5776.405538602979,7823.0,spline_ridge_change
1,2022-03-01,2021-06-01,9,6181.278675325982,6984.0,spline_ridge_change
1,2022-04-01,2021-06-01,10,6177.223829503373,7739.0,spline_ridge_change
1,2022-05-01,2021-06-01,11,5815.00698577651,7120.0,spline_ridge_change
1,2022-06-01,2021-06-01,12,5044.822060276306,8711.0,spline_ridge_change
2,2021-07-01,2021-06-01,1,122411.24186921719,119009.0,spline_ridge_change
2,2021-08-01,2021-06-01,2,122104.8124032409,116402.0,spline_ridge_change
2,2021-09-01,2021-06-01,3,122380.75854405526,113164.0,spline_ridge_change
2,2021-10-01,2021-06-01,4,123220.65127267723,108697.0,spline_ridge_change
2,2021-11-01,2021-06-01,5,124188.05295208543,114800.0,spline_ridge_change
2,2021-12-01,2021-06-01,6,124997.8101239437,117519.0,spline_ridge_change
2,2022-01-01,2021-06-01,7,125807.78368160255,110478.0,spline_ridge_change
2,2022-02-01,2021-06-01,8,126777.52107982543,102418.0,spline_ridge_change
2,2022-03-01,2021-06-01,9,127754.39069592634,106991.0,spline_ridge_change
2,2022-04-01,2021-06-01,10,128166.64412634021,105393.0,spline_ridge_change
2,2022-05-01,2021-06-01,11,128055.3485580579,103433.0,spline_ridge_change
2,2022-06-01,2021-06-01,12,127521.29818160762,103711.0,spline_ridge_change
3,2021-07-01,2021-06-01,1,860626.3902923876,863624.0,spline_ridge_change
3,2021-08-01,2021-06-01,2,858732.9051712104,847675.0,spline_ridge_change
3,2021-09-01,2021-06-01,3,857928.8830608526,846108.0,spline_ridge_change
3,2021-10-01,2021-06-01,4,857934.2504251982,858522.0,spline_ridge_change
3,2021-11-01,2021-06-01,5,857686.0806270443,839483.0,spline_ridge_change
3,2021-12-01,2021-06-01,6,858118.2216871962,818876.0,spline_ridge_change
3,2022-01-01,2021-06-01,7,860201.6958741291,809576.0,spline_ridge_change
3,2022-02-01,2021-06-01,8,863045.3920314788,803457.0,spline_ridge_change
3,2022-03-01,2021-06-01,9,865543.5201656853,793798.0,spline_ridge_change
3,2022-04-01,2021-06-01,10,867350.897283948,780525.0,spline_ridge_change
3,2022-05-01,2021-06-01,11,868141.7914987595,755399.0,spline_ridge_change
3,2022-06-01,2021-06-01,12,867898.7085148147,728278.0,spline_ridge_change
4,2021-07-01,2021-06-01,1,24384.47225734843,24171.0,spline_ridge_change
4,2021-08-01,2021-06-01,2,24368.186925795744,23904.0,spline_ridge_change
4,2021-09-01,2021-06-01,3,24381.90282596441,23216.0,spline_ridge_change
4,2021-10-01,2021-06-01,4,24419.80280394796,23663.0,spline_ridge_change
4,2021-11-01,2021-06-01,5,24341.116253399156,24529.0,spline_ridge_change
4,2021-12-01,2021-06-01,6,24100.526514994293,24328.0,spline_ridge_change
4,2022-01-01,2021-06-01,7,24027.370385129554,23746.0,spline_ridge_change
4,2022-02-01,2021-06-01,8,23885.56913080344,24060.0,spline_ridge_change
4,2022-03-01,2021-06-01,9,24182.855192111765,25698.0,spline_ridge_change
4,2022-04-01,2021-06-01,10,24269.6613087125,23192.0,spline_ridge_change
4,2022-05-01,2021-06-01,11,24195.25017930792,25732.0,spline_ridge_change
4,2022-06-01,2021-06-01,12,23893.003922934146,24100.0,spline_ridge_change
5,2021-07-01,2021-06-01,1,47071.35619792415,45141.0,spline_ridge_change
5,2021-08-01,2021-06-01,2,46913.52310692386,46345.0,spline_ridge_change
5,2021-09-01,2021-06-01,3,46944.72120162297,47895.0,spline_ridge_change
5,2021-10-01,2021-06-01,4,47197.24185805945,48905.0,spline_ridge_change
5,2021-11-01,2021-06-01,5,46802.693691269465,48624.0,spline_ridge_change
5,2021-12-01,2021-06-01,6,46223.41299483651,46748.0,spline_ridge_change
5,2022-01-01,2021-06-01,7,46304.49704176333,51196.0,spline_ridge_change
5,2022-02-01,2021-06-01,8,46800.041700824986,49640.0,spline_ridge_change
5,2022-03-01,2021-06-01,9,46622.503952355626,46797.0,spline_ridge_change
5,2022-04-01,2021-06-01,10,46529.42911905335,48399.0,spline_ridge_change
5,2022-05-01,2021-06-01,11,46212.4376708958,46490.0,spline_ridge_change
5,2022-06-01,2021-06-01,12,45886.52426837674,46323.0,spline_ridge_change
1,2021-07-01,2021-06-01,1,7554.454692194652,8102.0,random_forest_change
1,2021-08-01,2021-06-01,2,7566.635090235745,8501.0,random_forest_change
1,2021-09-01,2021-06-01,3,7189.888014129661,7728.0,random_forest_change
1,2021-10-01,2021-06-01,4,7123.8980255234965,7439.0,random_forest_change
1,2021-11-01,2021-06-01,5,6767.460736655094,7418.0,random_forest_change
1,2021-12-01,2021-06-01,6,6479.753054729585,7395.0,random_forest_change
1,2022-01-01,2021-06-01,7,6488.40781762641,7035.0,random_forest_change
1,2022-02-01,2021-06-01,8,6346.0898408389,7823.0,random_forest_change
1,2022-03-01,2021-06-01,9,6385.27772616191,6984.0,random_forest_change
1,2022-04-01,2021-06-01,10,6275.934317195876,7739.0,random_forest_change
1,2022-05-01,2021-06-01,11,6178.469054472489,7120.0,random_forest_change
1,2022-06-01,2021-06-01,12,5701.587563608369,8711.0,random_forest_change
2,2021-07-01,2021-06-01,1,121351.20641644705,119009.0,random_forest_change
2,2021-08-01,2021-06-01,2,120437.4369465188,116402.0,random_forest_change
2,2021-09-01,2021-06-01,3,120169.69835618044,113164.0,random_forest_change
2,2021-10-01,2021-06-01,4,120895.16684918261,108697.0,random_forest_change
2,2021-11-01,2021-06-01,5,121943.3915406021,114800.0,random_forest_change
2,2021-12-01,2021-06-01,6,122777.7754841859,117519.0,random_forest_change
2,2022-01-01,2021-06-01,7,123785.57156157897,110478.0,random_forest_change
2,2022-02-01,2021-06-01,8,125202.28362417397,102418.0,random_forest_change
2,2022-03-01,2021-06-01,9,127049.56933598703,106991.0,random_forest_change
2,2022-04-01,2021-06-01,10,128424.40626656527,105393.0,random_forest_change
2,2022-05-01,2021-06-01,11,127206.37488336675,103433.0,random_forest_change
2,2022-06-01,2021-06-01,12,124958.72422631424,103711.0,random_forest_change
3,2021-07-01,2021-06-01,1,854400.7310773276,863624.0,random_forest_change
3,2021-08-01,2021-06-01,2,848876.2100455345,847675.0,random_forest_change
3,2021-09-01,2021-06-01,3,846774.581224641,846108.0,random_forest_change
3,2021-10-01,2021-06-01,4,844514.7371568574,858522.0,random_forest_change
3,2021-11-01,2021-06-01,5,841844.5909284183,839483.0,random_forest_change
3,2021-12-01,2021-06-01,6,835297.4580916913,818876.0,random_forest_change
3,2022-01-01,2021-06-01,7,842434.0370048014,809576.0,random_forest_change
3,2022-02-01,2021-06-01,8,847833.1705147988,803457.0,random_forest_change
3,2022-03-01,2021-06-01,9,851986.5243610992,793798.0,random_forest_change
3,2022-04-01,2021-06-01,10,855251.8692139365,780525.0,random_forest_change
3,2022-05-01,2021-06-01,11,858231.8177552471,755399.0,random_forest_change
3,2022-06-01,2021-06-01,12,854560.4777029064,728278.0,random_forest_change
4,2021-07-01,2021-06-01,1,24089.59700143168,24171.0,random_forest_change
4,2021-08-01,2021-06-01,2,23732.032501558297,23904.0,random_forest_change
4,2021-09-01,2021-06-01,3,23433.57461789509,23216.0,random_forest_change
4,2021-10-01,2021-06-01,4,23545.974003541414,23663.0,random_forest_change
4,2021-11-01,2021-06-01,5,23651.818436512145,24529.0,random_forest_change
4,2021-12-01,2021-06-01,6,23639.544545556804,24328.0,random_forest_change
4,2022-01-01,2021-06-01,7,23712.443358369917,23746.0,random_forest_change
4,2022-02-01,2021-06-01,8,23473.61800883394,24060.0,random_forest_change
4,2022-03-01,2021-06-01,9,24564.809120930175,25698.0,random_forest_change
4,2022-04-01,2021-06-01,10,24508.43198143375,23192.0,random_forest_change
4,2022-05-01,2021-06-01,11,24732.829309324,25732.0,random_forest_change
4,2022-06-01,2021-06-01,12,24286.87135773648,24100.0,random_forest_change
5,2021-07-01,2021-06-01,1,47891.908691738,45141.0,random_forest_change
5,2021-08-01,2021-06-01,2,48083.864827820486,46345.0,random_forest_change
5,2021-09-01,2021-06-01,3,48621.10686229405,47895.0,random_forest_change
5,2021-10-01,2021-06-01,4,49223.18123207013,48905.0,random_forest_change
5,2021-11-01,2021-06-01,5,49179.945587395356,48624.0,random_forest_change
5,2021-12-01,2021-06-01,6,48424.04576660095,46748.0,random_forest_change
5,2022-01-01,2021-06-01,7,48655.16441304438,51196.0,random_forest_change
5,2022-02-01,2021-06-01,8,49310.33907794892,49640.0,random_forest_change
5,2022-03-01,2021-06-01,9,50228.39533994591,46797.0,random_forest_change
5,2022-04-01,2021-06-01,10,51134.42758941269,48399.0,random_forest_change
5,2022-05-01,2021-06-01,11,51725.994691838045,46490.0,random_forest_change
5,2022-06-01,2021-06-01,12,51401.4351968608,46323.0,random_forest_change
1,2021-07-01,2021-06-01,1,7616.98046875,8102.0,xgboost_change
1,2021-08-01,2021-06-01,2,7423.22412109375,8501.0,xgboost_change
1,2021-09-01,2021-06-01,3,6941.47509765625,7728.0,xgboost_change
1,2021-10-01,2021-06-01,4,6779.921875,7439.0,xgboost_change
1,2021-11-01,2021-06-01,5,6273.529296875,7418.0,xgboost_change
1,2021-12-01,2021-06-01,6,6043.4150390625,7395.0,xgboost_change
1,2022-01-01,2021-06-01,7,6065.8369140625,7035.0,xgboost_change
1,2022-02-01,2021-06-01,8,5898.29296875,7823.0,xgboost_change
1,2022-03-01,2021-06-01,9,5971.16064453125,6984.0,xgboost_change
1,2022-04-01,2021-06-01,10,5828.36474609375,7739.0,xgboost_change
1,2022-05-01,2021-06-01,11,5882.30615234375,7120.0,xgboost_change
1,2022-06-01,2021-06-01,12,5367.99169921875,8711.0,xgboost_change
2,2021-07-01,2021-06-01,1,121122.7421875,119009.0,xgboost_change
2,2021-08-01,2021-06-01,2,121839.7734375,116402.0,xgboost_change
2,2021-09-01,2021-06-01,3,123183.359375,113164.0,xgboost_change
2,2021-10-01,2021-06-01,4,126333.4296875,108697.0,xgboost_change
2,2021-11-01,2021-06-01,5,129809.1875,114800.0,xgboost_change
2,2021-12-01,2021-06-01,6,132754.75,117519.0,xgboost_change
2,2022-01-01,2021-06-01,7,134126.234375,110478.0,xgboost_change
2,2022-02-01,2021-06-01,8,134967.515625,102418.0,xgboost_change
2,2022-03-01,2021-06-01,9,135182.8125,106991.0,xgboost_change
2,2022-04-01,2021-06-01,10,136199.078125,105393.0,xgboost_change
2,2022-05-01,2021-06-01,11,134678.734375,103433.0,xgboost_change
2,2022-06-01,2021-06-01,12,131716.265625,103711.0,xgboost_change
3,2021-07-01,2021-06-01,1,846996.125,863624.0,xgboost_change
3,2021-08-01,2021-06-01,2,839259.875,847675.0,xgboost_change
3,2021-09-01,2021-06-01,3,834664.625,846108.0,xgboost_change
3,2021-10-01,2021-06-01,4,831453.4375,858522.0,xgboost_change
3,2021-11-01,2021-06-01,5,827105.1875,839483.0,xgboost_change
3,2021-12-01,2021-06-01,6,820104.75,818876.0,xgboost_change
3,2022-01-01,2021-06-01,7,824922.6875,809576.0,xgboost_change
3,2022-02-01,2021-06-01,8,827933.625,803457.0,xgboost_change
3,2022-03-01,2021-06-01,9,831950.375,793798.0,xgboost_change
3,2022-04-01,2021-06-01,10,829081.0,780525.0,xgboost_change
3,2022-05-01,2021-06-01,11,832839.25,755399.0,xgboost_change
3,2022-06-01,2021-06-01,12,831578.0,728278.0,xgboost_change
4,2021-07-01,2021-06-01,1,24125.9609375,24171.0,xgboost_change
4,2021-08-01,2021-06-01,2,23887.28125,23904.0,xgboost_change
4,2021-09-01,2021-06-01,3,23617.568359375,23216.0,xgboost_change
4,2021-10-01,2021-06-01,4,23920.046875,23663.0,xgboost_change
4,2021-11-01,2021-06-01,5,23779.939453125,24529.0,xgboost_change
4,2021-12-01,2021-06-01,6,23594.259765625,24328.0,xgboost_change
4,2022-01-01,2021-06-01,7,23909.4921875,23746.0,xgboost_change
4,2022-02-01,2021-06-01,8,23614.431640625,24060.0,xgboost_change
4,2022-03-01,2021-06-01,9,24579.9140625,25698.0,xgboost_change
4,2022-04-01,2021-06-01,10,24466.138671875,23192.0,xgboost_change
4,2022-05-01,2021-06-01,11,24477.458984375,25732.0,xgboost_change
4,2022-06-01,2021-06-01,12,24063.947265625,24100.0,xgboost_change
5,2021-07-01,2021-06-01,1,47849.76953125,45141.0,xgboost_change
5,2021-08-01,2021-06-01,2,48110.61328125,46345.0,xgboost_change
5,2021-09-01,2021-06-01,3,48869.9765625,47895.0,xgboost_change
5,2021-10-01,2021-06-01,4,49283.12109375,48905.0,xgboost_change
5,2021-11-01,2021-06-01,5,49194.578125,48624.0,xgboost_change
5,2021-12-01,2021-06-01,6,49077.10546875,46748.0,xgboost_change
5,2022-01-01,2021-06-01,7,49790.0859375,51196.0,xgboost_change
5,2022-02-01,2021-06-01,8,50711.796875,49640.0,xgboost_change
5,2022-03-01,2021-06-01,9,51560.1875,46797.0,xgboost_change
5,2022-04-01,2021-06-01,10,52101.71484375,48399.0,xgboost_change
5,2022-05-01,2021-06-01,11,52643.2421875,46490.0,xgboost_change
5,2022-06-01,2021-06-01,12,51903.3671875,46323.0,xgboost_change
1,2021-07-01,2021-06-01,1,7661.3805271068795,8102.0,neural_network_change
1,2021-08-01,2021-06-01,2,7613.872848068528,8501.0,neural_network_change
1,2021-09-01,2021-06-01,3,7298.388947062448,7728.0,neural_network_change
1,2021-10-01,2021-06-01,4,7174.981582296247,7439.0,neural_network_change
1,2021-11-01,2021-06-01,5,6929.925456257008,7418.0,neural_network_change
1,2021-12-01,2021-06-01,6,6894.319005282377,7395.0,neural_network_change
1,2022-01-01,2021-06-01,7,7008.617518881865,7035.0,neural_network_change
1,2022-02-01,2021-06-01,8,6813.835497756948,7823.0,neural_network_change
1,2022-03-01,2021-06-01,9,6734.137115744201,6984.0,neural_network_change
1,2022-04-01,2021-06-01,10,6608.433234214851,7739.0,neural_network_change
1,2022-05-01,2021-06-01,11,6364.917009519901,7120.0,neural_network_change
1,2022-06-01,2021-06-01,12,5988.459710841548,8711.0,neural_network_change
2,2021-07-01,2021-06-01,1,120970.9578576117,119009.0,neural_network_change
2,2021-08-01,2021-06-01,2,119274.4082197384,116402.0,neural_network_change
2,2021-09-01,2021-06-01,3,118921.81808815272,113164.0,neural_network_change
2,2021-10-01,2021-06-01,4,120106.87369821529,108697.0,neural_network_change
2,2021-11-01,2021-06-01,5,122013.97229197543,114800.0,neural_network_change
2,2021-12-01,2021-06-01,6,123910.61446358178,117519.0,neural_network_change
2,2022-01-01,2021-06-01,7,125774.32507922252,110478.0,neural_network_change
2,2022-02-01,2021-06-01,8,127122.91077607029,102418.0,neural_network_change
2,2022-03-01,2021-06-01,9,128555.86713975717,106991.0,neural_network_change
2,2022-04-01,2021-06-01,10,129131.23512351378,105393.0,neural_network_change
2,2022-05-01,2021-06-01,11,128449.29041264838,103433.0,neural_network_change
2,2022-06-01,2021-06-01,12,126579.78729124344,103711.0,neural_network_change
3,2021-07-01,2021-06-01,1,852605.9943417151,863624.0,neural_network_change
3,2021-08-01,2021-06-01,2,843055.5777264892,847675.0,neural_network_change
3,2021-09-01,2021-06-01,3,835903.1701390045,846108.0,neural_network_change
3,2021-10-01,2021-06-01,4,831025.8451868248,858522.0,neural_network_change
3,2021-11-01,2021-06-01,5,828817.6405071015,839483.0,neural_network_change
3,2021-12-01,2021-06-01,6,830290.3062554339,818876.0,neural_network_change
3,2022-01-01,2021-06-01,7,835414.7594628814,809576.0,neural_network_change
3,2022-02-01,2021-06-01,8,842906.5011950718,803457.0,neural_network_change
3,2022-03-01,2021-06-01,9,848424.704791915,793798.0,neural_network_change
3,2022-04-01,2021-06-01,10,852605.8593973592,780525.0,neural_network_change
3,2022-05-01,2021-06-01,11,853430.685797858,755399.0,neural_network_change
3,2022-06-01,2021-06-01,12,851471.5995917515,728278.0,neural_network_change
4,2021-07-01,2021-06-01,1,24477.810163271908,24171.0,neural_network_change
4,2021-08-01,2021-06-01,2,24193.58353297244,23904.0,neural_network_change
4,2021-09-01,2021-06-01,3,24169.82894796741,23216.0,neural_network_change
4,2021-10-01,2021-06-01,4,24478.171985606634,23663.0,neural_network_change
4,2021-11-01,2021-06-01,5,24666.749228208497,24529.0,neural_network_change
4,2021-12-01,2021-06-01,6,24619.788038453615,24328.0,neural_network_change
4,2022-01-01,2021-06-01,7,24669.231847242252,23746.0,neural_network_change
4,2022-02-01,2021-06-01,8,24252.35798544238,24060.0,neural_network_change
4,2022-03-01,2021-06-01,9,24533.32210380479,25698.0,neural_network_change
4,2022-04-01,2021-06-01,10,24730.20731743742,23192.0,neural_network_change
4,2022-05-01,2021-06-01,11,25005.330862251907,25732.0,neural_network_change
4,2022-06-01,2021-06-01,12,24695.3616748806,24100.0,neural_network_change
5,2021-07-01,2021-06-01,1,48672.208313887815,45141.0,neural_network_change
5,2021-08-01,2021-06-01,2,49516.07376830818,46345.0,neural_network_change
5,2021-09-01,2021-06-01,3,49742.58825676705,47895.0,neural_network_change
5,2021-10-01,2021-06-01,4,49405.408451763826,48905.0,neural_network_change
5,2021-11-01,2021-06-01,5,49310.4857485476,48624.0,neural_network_change
5,2021-12-01,2021-06-01,6,49042.376229288195,46748.0,neural_network_change
5,2022-01-01,2021-06-01,7,48985.19963447223,51196.0,neural_network_change
5,2022-02-01,2021-06-01,8,49148.12911869916,49640.0,neural_network_change
5,2022-03-01,2021-06-01,9,49469.00947121978,46797.0,neural_network_change
5,2022-04-01,2021-06-01,10,50419.38197365067,48399.0,neural_network_change
5,2022-05-01,2021-06-01,11,50247.01587511888,46490.0,neural_network_change
5,2022-06-01,2021-06-01,12,49400.114755202616,46323.0,neural_network_change
1,2021-07-01,2021-06-01,1,7678.116766379819,8102.0,rolling_ridge_change
1,2021-08-01,2021-06-01,2,7623.997327945381,8501.0,rolling_ridge_change
1,2021-09-01,2021-06-01,3,7410.50520996071,7728.0,rolling_ridge_change
1,2021-10-01,2021-06-01,4,7385.945731555601,7439.0,rolling_ridge_change
1,2021-11-01,2021-06-01,5,7279.029326533615,7418.0,rolling_ridge_change
1,2021-12-01,2021-06-01,6,7282.746480431168,7395.0,rolling_ridge_change
1,2022-01-01,2021-06-01,7,7435.317849643077,7035.0,rolling_ridge_change
1,2022-02-01,2021-06-01,8,7520.694397863686,7823.0,rolling_ridge_change
1,2022-03-01,2021-06-01,9,7862.920062113637,6984.0,rolling_ridge_change
1,2022-04-01,2021-06-01,10,8061.270847194092,7739.0,rolling_ridge_change
1,2022-05-01,2021-06-01,11,8039.091888374988,7120.0,rolling_ridge_change
1,2022-06-01,2021-06-01,12,7885.334072324327,8711.0,rolling_ridge_change
2,2021-07-01,2021-06-01,1,123145.85854203478,119009.0,rolling_ridge_change
2,2021-08-01,2021-06-01,2,123053.48711323108,116402.0,rolling_ridge_change
2,2021-09-01,2021-06-01,3,123191.00583650153,113164.0,rolling_ridge_change
2,2021-10-01,2021-06-01,4,123650.81393916356,108697.0,rolling_ridge_change
2,2021-11-01,2021-06-01,5,124225.24795397065,114800.0,rolling_ridge_change
2,2021-12-01,2021-06-01,6,124789.82115474726,117519.0,rolling_ridge_change
2,2022-01-01,2021-06-01,7,125150.79101111744,110478.0,rolling_ridge_change
2,2022-02-01,2021-06-01,8,125239.41017492075,102418.0,rolling_ridge_change
2,2022-03-01,2021-06-01,9,125500.50733173419,106991.0,rolling_ridge_change
2,2022-04-01,2021-06-01,10,125426.14466771939,105393.0,rolling_ridge_change
2,2022-05-01,2021-06-01,11,125321.20879228615,103433.0,rolling_ridge_change
2,2022-06-01,2021-06-01,12,124889.53370633497,103711.0,rolling_ridge_change
3,2021-07-01,2021-06-01,1,863134.9074891353,863624.0,rolling_ridge_change
3,2021-08-01,2021-06-01,2,861762.2150945074,847675.0,rolling_ridge_change
3,2021-09-01,2021-06-01,3,860489.8012083762,846108.0,rolling_ridge_change
3,2021-10-01,2021-06-01,4,859391.6444484903,858522.0,rolling_ridge_change
3,2021-11-01,2021-06-01,5,858550.2608741273,839483.0,rolling_ridge_change
3,2021-12-01,2021-06-01,6,857920.492938928,818876.0,rolling_ridge_change
3,2022-01-01,2021-06-01,7,857491.9045091795,809576.0,rolling_ridge_change
3,2022-02-01,2021-06-01,8,857081.7546839747,803457.0,rolling_ridge_change
3,2022-03-01,2021-06-01,9,856461.8102045981,793798.0,rolling_ridge_change
3,2022-04-01,2021-06-01,10,855856.8418090078,780525.0,rolling_ridge_change
3,2022-05-01,2021-06-01,11,855078.140207031,755399.0,rolling_ridge_change
3,2022-06-01,2021-06-01,12,854250.9126699166,728278.0,rolling_ridge_change
4,2021-07-01,2021-06-01,1,24536.23107996789,24171.0,rolling_ridge_change
4,2021-08-01,2021-06-01,2,24531.24466662506,23904.0,rolling_ridge_change
4,2021-09-01,2021-06-01,3,24523.24380053097,23216.0,rolling_ridge_change
4,2021-10-01,2021-06-01,4,24537.438111962132,23663.0,rolling_ridge_change
4,2021-11-01,2021-06-01,5,24566.43603182543,24529.0,rolling_ridge_change
4,2021-12-01,2021-06-01,6,24598.425868570903,24328.0,rolling_ridge_change
4,2022-01-01,2021-06-01,7,24632.606036190457,23746.0,rolling_ridge_change
4,2022-02-01,2021-06-01,8,24630.21006430933,24060.0,rolling_ridge_change
4,2022-03-01,2021-06-01,9,24685.528626903488,25698.0,rolling_ridge_change
4,2022-04-01,2021-06-01,10,24710.123849402204,23192.0,rolling_ridge_change
4,2022-05-01,2021-06-01,11,24750.579278692938,25732.0,rolling_ridge_change
4,2022-06-01,2021-06-01,12,24758.104382131074,24100.0,rolling_ridge_change
5,2021-07-01,2021-06-01,1,47469.5751076327,45141.0,rolling_ridge_change
5,2021-08-01,2021-06-01,2,47305.97015251439,46345.0,rolling_ridge_change
5,2021-09-01,2021-06-01,3,47062.072300952765,47895.0,rolling_ridge_change
5,2021-10-01,2021-06-01,4,46934.29359241272,48905.0,rolling_ridge_change
5,2021-11-01,2021-06-01,5,47155.50081035226,48624.0,rolling_ridge_change
5,2021-12-01,2021-06-01,6,47513.48555683736,46748.0,rolling_ridge_change
5,2022-01-01,2021-06-01,7,47999.83967109647,51196.0,rolling_ridge_change
5,2022-02-01,2021-06-01,8,48470.083843070395,49640.0,rolling_ridge_change
5,2022-03-01,2021-06-01,9,48777.37860228532,46797.0,rolling_ridge_change
5,2022-04-01,2021-06-01,10,49110.13603515397,48399.0,rolling_ridge_change
5,2022-05-01,2021-06-01,11,48987.344496616206,46490.0,rolling_ridge_change
5,2022-06-01,2021-06-01,12,48562.3987262695,46323.0,rolling_ridge_change
1,2021-07-01,2021-06-01,1,7816.23970701593,8102.0,damped_ridge_change
1,2021-08-01,2021-06-01,2,7793.623978691266,8501.0,damped_ridge_change
1,2021-09-01,2021-06-01,3,7598.4492441832635,7728.0,damped_ridge_change
1,2021-10-01,2021-06-01,4,7572.575789690469,7439.0,damped_ridge_change
1,2021-11-01,2021-06-01,5,7453.317180237277,7418.0,damped_ridge_change
1,2021-12-01,2021-06-01,6,7485.077075008331,7395.0,damped_ridge_change
1,2022-01-01,2021-06-01,7,7626.272081950085,7035.0,damped_ridge_change
1,2022-02-01,2021-06-01,8,7585.865307194528,7823.0,damped_ridge_change
1,2022-03-01,2021-06-01,9,7642.388483573949,6984.0,damped_ridge_change
1,2022-04-01,2021-06-01,10,7626.772555726098,7739.0,damped_ridge_change
1,2022-05-01,2021-06-01,11,7420.850974707468,7120.0,damped_ridge_change
1,2022-06-01,2021-06-01,12,7113.965375459284,8711.0,damped_ridge_change
2,2021-07-01,2021-06-01,1,122191.122919897,119009.0,damped_ridge_change
2,2021-08-01,2021-06-01,2,121735.6799488492,116402.0,damped_ridge_change
2,2021-09-01,2021-06-01,3,121833.94418255643,113164.0,damped_ridge_change
2,2021-10-01,2021-06-01,4,122517.09475020002,108697.0,damped_ridge_change
2,2021-11-01,2021-06-01,5,123724.8852062686,114800.0,damped_ridge_change
2,2021-12-01,2021-06-01,6,125026.41970001487,117519.0,damped_ridge_change
2,2022-01-01,2021-06-01,7,126295.48576010317,110478.0,damped_ridge_change
2,2022-02-01,2021-06-01,8,127243.67612910298,102418.0,damped_ridge_change
2,2022-03-01,2021-06-01,9,127932.91813519242,106991.0,damped_ridge_change
2,2022-04-01,2021-06-01,10,128123.37888461903,105393.0,damped_ridge_change
2,2022-05-01,2021-06-01,11,127894.9396527874,103433.0,damped_ridge_change
2,2022-06-01,2021-06-01,12,127273.97655587773,103711.0,damped_ridge_change
3,2021-07-01,2021-06-01,1,861920.7760907995,863624.0,damped_ridge_change
3,2021-08-01,2021-06-01,2,860113.9467217075,847675.0,damped_ridge_change
3,2021-09-01,2021-06-01,3,858635.5320238951,846108.0,damped_ridge_change
3,2021-10-01,2021-06-01,4,857782.4814996081,858522.0,damped_ridge_change
3,2021-11-01,2021-06-01,5,857651.2027033917,839483.0,damped_ridge_change
3,2021-12-01,2021-06-01,6,858533.8141496592,818876.0,damped_ridge_change
3,2022-01-01,2021-06-01,7,860080.9708995122,809576.0,damped_ridge_change
3,2022-02-01,2021-06-01,8,861726.3615202659,803457.0,damped_ridge_change
3,2022-03-01,2021-06-01,9,863017.2011169709,793798.0,damped_ridge_change
3,2022-04-01,2021-06-01,10,864032.2685169703,780525.0,damped_ridge_change
3,2022-05-01,2021-06-01,11,864484.478124905,755399.0,damped_ridge_change
3,2022-06-01,2021-06-01,12,864389.7884298087,728278.0,damped_ridge_change
4,2021-07-01,2021-06-01,1,24441.958037385462,24171.0,damped_ridge_change
4,2021-08-01,2021-06-01,2,24381.3777939858,23904.0,damped_ridge_change
4,2021-09-01,2021-06-01,3,24339.639868620423,23216.0,damped_ridge_change
4,2021-10-01,2021-06-01,4,24345.950244096326,23663.0,damped_ridge_change
4,2021-11-01,2021-06-01,5,24398.53503518859,24529.0,damped_ridge_change
4,2021-12-01,2021-06-01,6,24467.71956826568,24328.0,damped_ridge_change
4,2022-01-01,2021-06-01,7,24563.34502166641,23746.0,damped_ridge_change
4,2022-02-01,2021-06-01,8,24594.176133442405,24060.0,damped_ridge_change
4,2022-03-01,2021-06-01,9,24649.903502353125,25698.0,damped_ridge_change
4,2022-04-01,2021-06-01,10,24670.52198013239,23192.0,damped_ridge_change
4,2022-05-01,2021-06-01,11,24669.25799364463,25732.0,damped_ridge_change
4,2022-06-01,2021-06-01,12,24613.666909828527,24100.0,damped_ridge_change
5,2021-07-01,2021-06-01,1,48144.20726704704,45141.0,damped_ridge_change
5,2021-08-01,2021-06-01,2,48717.98655960487,46345.0,damped_ridge_change
5,2021-09-01,2021-06-01,3,48728.885092947974,47895.0,damped_ridge_change
5,2021-10-01,2021-06-01,4,48730.753699676454,48905.0,damped_ridge_change
5,2021-11-01,2021-06-01,5,48921.10371570567,48624.0,damped_ridge_change
5,2021-12-01,2021-06-01,6,49191.38264378559,46748.0,damped_ridge_change
5,2022-01-01,2021-06-01,7,49548.08431877472,51196.0,damped_ridge_change
5,2022-02-01,2021-06-01,8,49968.727751082326,49640.0,damped_ridge_change
5,2022-03-01,2021-06-01,9,50386.31329461322,46797.0,damped_ridge_change
5,2022-04-01,2021-06-01,10,50778.98278290884,48399.0,damped_ridge_change
5,2022-05-01,2021-06-01,11,50844.81594690194,46490.0,damped_ridge_change
5,2022-06-01,2021-06-01,12,50600.13092959517,46323.0,damped_ridge_change
1,2021-07-01,2021-06-01,1,7682.830638926706,8102.0,ensemble_change
1,2021-08-01,2021-06-01,2,7518.629095577028,8501.0,ensemble_change
1,2021-09-01,2021-06-01,3,7297.801566399973,7728.0,ensemble_change
1,2021-10-01,2021-06-01,4,7183.515302382022,7439.0,ensemble_change
1,2021-11-01,2021-06-01,5,7008.1195664998595,7418.0,ensemble_change
1,2021-12-01,2021-06-01,6,6946.016822323639,7395.0,ensemble_change
1,2022-01-01,2021-06-01,7,7126.293144282075,7035.0,ensemble_change
1,2022-02-01,2021-06-01,8,7225.516221831963,7823.0,ensemble_change
1,2022-03-01,2021-06-01,9,7355.736308117323,6984.0,ensemble_change
1,2022-04-01,2021-06-01,10,7395.2544756960715,7739.0,ensemble_change
1,2022-05-01,2021-06-01,11,7308.397565432239,7120.0,ensemble_change
1,2022-06-01,2021-06-01,12,6989.192555689697,8711.0,ensemble_change
2,2021-07-01,2021-06-01,1,121505.52404009507,119009.0,ensemble_change
2,2021-08-01,2021-06-01,2,120691.4730984031,116402.0,ensemble_change
2,2021-09-01,2021-06-01,3,120772.09494144171,113164.0,ensemble_change
2,2021-10-01,2021-06-01,4,121834.91162977998,108697.0,ensemble_change
2,2021-11-01,2021-06-01,5,123424.05306183989,114800.0,ensemble_change
2,2021-12-01,2021-06-01,6,125285.070439186,117519.0,ensemble_change
2,2022-01-01,2021-06-01,7,127145.0506333572,110478.0,ensemble_change
2,2022-02-01,2021-06-01,8,129011.86946660379,102418.0,ensemble_change
2,2022-03-01,2021-06-01,9,130685.50284087626,106991.0,ensemble_change
2,2022-04-01,2021-06-01,10,131330.73757682176,105393.0,ensemble_change
2,2022-05-01,2021-06-01,11,130433.39314754364,103433.0,ensemble_change
2,2022-06-01,2021-06-01,12,129022.70440239063,103711.0,ensemble_change
3,2021-07-01,2021-06-01,1,858135.5612925021,863624.0,ensemble_change
3,2021-08-01,2021-06-01,2,853850.3606635082,847675.0,ensemble_change
3,2021-09-01,2021-06-01,3,851081.7028954147,846108.0,ensemble_change
3,2021-10-01,2021-06-01,4,848839.8667296271,858522.0,ensemble_change
3,2021-11-01,2021-06-01,5,846088.873074636,839483.0,ensemble_change
3,2021-12-01,2021-06-01,6,843288.0766874369,818876.0,ensemble_change
3,2022-01-01,2021-06-01,7,848421.9345264274,809576.0,ensemble_change
3,2022-02-01,2021-06-01,8,853839.577611791,803457.0,ensemble_change
3,2022-03-01,2021-06-01,9,858481.9201694044,793798.0,ensemble_change
3,2022-04-01,2021-06-01,10,860420.106759168,780525.0,ensemble_change
3,2022-05-01,2021-06-01,11,862289.3276149761,755399.0,ensemble_change
3,2022-06-01,2021-06-01,12,859502.0899486899,728278.0,ensemble_change
4,2021-07-01,2021-06-01,1,24253.536963263796,24171.0,ensemble_change
4,2021-08-01,2021-06-01,2,24174.247115856197,23904.0,ensemble_change
4,2021-09-01,2021-06-01,3,24142.208341856982,23216.0,ensemble_change
4,2021-10-01,2021-06-01,4,24133.015142190772,23663.0,ensemble_change
4,2021-11-01,2021-06-01,5,24132.923362284182,24529.0,ensemble_change
4,2021-12-01,2021-06-01,6,24128.7437857326,24328.0,ensemble_change
4,2022-01-01,2021-06-01,7,24151.255472698133,23746.0,ensemble_change
4,2022-02-01,2021-06-01,8,24165.991401919877,24060.0,ensemble_change
4,2022-03-01,2021-06-01,9,24354.350281252082,25698.0,ensemble_change
4,2022-04-01,2021-06-01,10,24434.055856268627,23192.0,ensemble_change
4,2022-05-01,2021-06-01,11,24235.68654846762,25732.0,ensemble_change
4,2022-06-01,2021-06-01,12,23972.93990687941,24100.0,ensemble_change
5,2021-07-01,2021-06-01,1,47831.1538158112,45141.0,ensemble_change
5,2021-08-01,2021-06-01,2,48107.60879705983,46345.0,ensemble_change
5,2021-09-01,2021-06-01,3,48531.727476348664,47895.0,ensemble_change
5,2021-10-01,2021-06-01,4,48880.959575228,48905.0,ensemble_change
5,2021-11-01,2021-06-01,5,48986.73330353877,48624.0,ensemble_change
5,2021-12-01,2021-06-01,6,49056.96303307093,46748.0,ensemble_change
5,2022-01-01,2021-06-01,7,49618.303357525554,51196.0,ensemble_change
5,2022-02-01,2021-06-01,8,50454.33577310641,49640.0,ensemble_change
5,2022-03-01,2021-06-01,9,51191.57137652188,46797.0,ensemble_change
5,2022-04-01,2021-06-01,10,51604.67834871549,48399.0,ensemble_change
5,2022-05-01,2021-06-01,11,51768.15647637219,46490.0,ensemble_change
5,2022-06-01,2021-06-01,12,51097.50705113301,46323.0,ensemble_change
1,2022-07-01,2022-06-01,1,8711.0,7451.0,persistence
1,2022-08-01,2022-06-01,2,8711.0,7044.0,persistence
1,2022-09-01,2022-06-01,3,8711.0,7597.0,persistence
1,2022-10-01,2022-06-01,4,8711.0,8411.0,persistence
1,2022-11-01,2022-06-01,5,8711.0,7340.0,persistence
1,2022-12-01,2022-06-01,6,8711.0,7612.0,persistence
1,2023-01-01,2022-06-01,7,8711.0,7164.0,persistence
1,2023-02-01,2022-06-01,8,8711.0,7617.0,persistence
1,2023-03-01,2022-06-01,9,8711.0,7033.0,persistence
1,2023-04-01,2022-06-01,10,8711.0,8147.0,persistence
1,2023-05-01,2022-06-01,11,8711.0,7900.0,persistence
1,2023-06-01,2022-06-01,12,8711.0,7493.0,persistence
2,2022-07-01,2022-06-01,1,103711.0,108992.0,persistence
2,2022-08-01,2022-06-01,2,103711.0,106416.0,persistence
2,2022-09-01,2022-06-01,3,103711.0,109108.0,persistence
2,2022-10-01,2022-06-01,4,103711.0,113699.0,persistence
2,2022-11-01,2022-06-01,5,103711.0,106829.0,persistence
2,2022-12-01,2022-06-01,6,103711.0,107006.0,persistence
2,2023-01-01,2022-06-01,7,103711.0,123976.0,persistence
2,2023-02-01,2022-06-01,8,103711.0,127518.0,persistence
2,2023-03-01,2022-06-01,9,103711.0,121224.0,persistence
2,2023-04-01,2022-06-01,10,103711.0,120647.0,persistence
2,2023-05-01,2022-06-01,11,103711.0,125119.0,persistence
2,2023-06-01,2022-06-01,12,103711.0,126189.0,persistence
3,2022-07-01,2022-06-01,1,728278.0,701873.0,persistence
3,2022-08-01,2022-06-01,2,728278.0,680061.0,persistence
3,2022-09-01,2022-06-01,3,728278.0,656779.0,persistence
3,2022-10-01,2022-06-01,4,728278.0,643035.0,persistence
3,2022-11-01,2022-06-01,5,728278.0,617247.0,persistence
3,2022-12-01,2022-06-01,6,728278.0,615091.0,persistence
3,2023-01-01,2022-06-01,7,728278.0,627659.0,persistence
3,2023-02-01,2022-06-01,8,728278.0,634789.0,persistence
3,2023-03-01,2022-06-01,9,728278.0,632979.0,persistence
3,2023-04-01,2022-06-01,10,728278.0,616409.0,persistence
3,2023-05-01,2022-06-01,11,728278.0,604090.0,persistence
3,2023-06-01,2022-06-01,12,728278.0,593587.0,persistence
4,2022-07-01,2022-06-01,1,24100.0,23644.0,persistence
4,2022-08-01,2022-06-01,2,24100.0,22754.0,persistence
4,2022-09-01,2022-06-01,3,24100.0,23471.0,persistence
4,2022-10-01,2022-06-01,4,24100.0,23509.0,persistence
4,2022-11-01,2022-06-01,5,24100.0,24902.0,persistence
4,2022-12-01,2022-06-01,6,24100.0,24421.0,persistence
4,2023-01-01,2022-06-01,7,24100.0,23934.0,persistence
4,2023-02-01,2022-06-01,8,24100.0,24737.0,persistence
4,2023-03-01,2022-06-01,9,24100.0,25756.0,persistence
4,2023-04-01,2022-06-01,10,24100.0,25956.0,persistence
4,2023-05-01,2022-06-01,11,24100.0,26155.0,persistence
4,2023-06-01,2022-06-01,12,24100.0,24830.0,persistence
5,2022-07-01,2022-06-01,1,46323.0,50121.0,persistence
5,2022-08-01,2022-06-01,2,46323.0,48567.0,persistence
5,2022-09-01,2022-06-01,3,46323.0,48438.0,persistence
5,2022-10-01,2022-06-01,4,46323.0,49593.0,persistence
5,2022-11-01,2022-06-01,5,46323.0,48722.0,persistence
5,2022-12-01,2022-06-01,6,46323.0,48002.0,persistence
5,2023-01-01,2022-06-01,7,46323.0,48005.0,persistence
5,2023-02-01,2022-06-01,8,46323.0,49287.0,persistence
5,2023-03-01,2022-06-01,9,46323.0,49402.0,persistence
5,2023-04-01,2022-06-01,10,46323.0,52191.0,persistence
5,2023-05-01,2022-06-01,11,46323.0,51745.0,persistence
5,2023-06-01,2022-06-01,12,46323.0,49774.0,persistence
1,2022-07-01,2022-06-01,1,8102.0,7451.0,seasonal_naive
1,2022-08-01,2022-06-01,2,8501.0,7044.0,seasonal_naive
1,2022-09-01,2022-06-01,3,7728.0,7597.0,seasonal_naive
1,2022-10-01,2022-06-01,4,7439.0,8411.0,seasonal_naive
1,2022-11-01,2022-06-01,5,7418.0,7340.0,seasonal_naive
1,2022-12-01,2022-06-01,6,7395.0,7612.0,seasonal_naive
1,2023-01-01,2022-06-01,7,7035.0,7164.0,seasonal_naive
1,2023-02-01,2022-06-01,8,7823.0,7617.0,seasonal_naive
1,2023-03-01,2022-06-01,9,6984.0,7033.0,seasonal_naive
1,2023-04-01,2022-06-01,10,7739.0,8147.0,seasonal_naive
1,2023-05-01,2022-06-01,11,7120.0,7900.0,seasonal_naive
1,2023-06-01,2022-06-01,12,8711.0,7493.0,seasonal_naive
2,2022-07-01,2022-06-01,1,119009.0,108992.0,seasonal_naive
2,2022-08-01,2022-06-01,2,116402.0,106416.0,seasonal_naive
2,2022-09-01,2022-06-01,3,113164.0,109108.0,seasonal_naive
2,2022-10-01,2022-06-01,4,108697.0,113699.0,seasonal_naive
2,2022-11-01,2022-06-01,5,114800.0,106829.0,seasonal_naive
2,2022-12-01,2022-06-01,6,117519.0,107006.0,seasonal_naive
2,2023-01-01,2022-06-01,7,110478.0,123976.0,seasonal_naive
2,2023-02-01,2022-06-01,8,102418.0,127518.0,seasonal_naive
2,2023-03-01,2022-06-01,9,106991.0,121224.0,seasonal_naive
2,2023-04-01,2022-06-01,10,105393.0,120647.0,seasonal_naive
2,2023-05-01,2022-06-01,11,103433.0,125119.0,seasonal_naive
2,2023-06-01,2022-06-01,12,103711.0,126189.0,seasonal_naive
3,2022-07-01,2022-06-01,1,863624.0,701873.0,seasonal_naive
3,2022-08-01,2022-06-01,2,847675.0,680061.0,seasonal_naive
3,2022-09-01,2022-06-01,3,846108.0,656779.0,seasonal_naive
3,2022-10-01,2022-06-01,4,858522.0,643035.0,seasonal_naive
3,2022-11-01,2022-06-01,5,839483.0,617247.0,seasonal_naive
3,2022-12-01,2022-06-01,6,818876.0,615091.0,seasonal_naive
3,2023-01-01,2022-06-01,7,809576.0,627659.0,seasonal_naive
3,2023-02-01,2022-06-01,8,803457.0,634789.0,seasonal_naive
3,2023-03-01,2022-06-01,9,793798.0,632979.0,seasonal_naive
3,2023-04-01,2022-06-01,10,780525.0,616409.0,seasonal_naive
3,2023-05-01,2022-06-01,11,755399.0,604090.0,seasonal_naive
3,2023-06-01,2022-06-01,12,728278.0,593587.0,seasonal_naive
4,2022-07-01,2022-06-01,1,24171.0,23644.0,seasonal_naive
4,2022-08-01,2022-06-01,2,23904.0,22754.0,seasonal_naive
4,2022-09-01,2022-06-01,3,23216.0,23471.0,seasonal_naive
4,2022-10-01,2022-06-01,4,23663.0,23509.0,seasonal_naive
4,2022-11-01,2022-06-01,5,24529.0,24902.0,seasonal_naive
4,2022-12-01,2022-06-01,6,24328.0,24421.0,seasonal_naive
4,2023-01-01,2022-06-01,7,23746.0,23934.0,seasonal_naive
4,2023-02-01,2022-06-01,8,24060.0,24737.0,seasonal_naive
4,2023-03-01,2022-06-01,9,25698.0,25756.0,seasonal_naive
4,2023-04-01,2022-06-01,10,23192.0,25956.0,seasonal_naive
4,2023-05-01,2022-06-01,11,25732.0,26155.0,seasonal_naive
4,2023-06-01,2022-06-01,12,24100.0,24830.0,seasonal_naive
5,2022-07-01,2022-06-01,1,45141.0,50121.0,seasonal_naive
5,2022-08-01,2022-06-01,2,46345.0,48567.0,seasonal_naive
5,2022-09-01,2022-06-01,3,47895.0,48438.0,seasonal_naive
5,2022-10-01,2022-06-01,4,48905.0,49593.0,seasonal_naive
5,2022-11-01,2022-06-01,5,48624.0,48722.0,seasonal_naive
5,2022-12-01,2022-06-01,6,46748.0,48002.0,seasonal_naive
5,2023-01-01,2022-06-01,7,51196.0,48005.0,seasonal_naive
5,2023-02-01,2022-06-01,8,49640.0,49287.0,seasonal_naive
5,2023-03-01,2022-06-01,9,46797.0,49402.0,seasonal_naive
5,2023-04-01,2022-06-01,10,48399.0,52191.0,seasonal_naive
5,2023-05-01,2022-06-01,11,46490.0,51745.0,seasonal_naive
5,2023-06-01,2022-06-01,12,46323.0,49774.0,seasonal_naive
1,2022-07-01,2022-06-01,1,6987.6,7451.0,seasonal_change
1,2022-08-01,2022-06-01,2,7261.0,7044.0,seasonal_change
1,2022-09-01,2022-06-01,3,5903.4,7597.0,seasonal_change
1,2022-10-01,2022-06-01,4,6005.599999999999,8411.0,seasonal_change
1,2022-11-01,2022-06-01,5,5994.4,7340.0,seasonal_change
1,2022-12-01,2022-06-01,6,5337.0,7612.0,seasonal_change
1,2023-01-01,2022-06-01,7,6045.4,7164.0,seasonal_change
1,2023-02-01,2022-06-01,8,5264.599999999999,7617.0,seasonal_change
1,2023-03-01,2022-06-01,9,5905.2,7033.0,seasonal_change
1,2023-04-01,2022-06-01,10,6704.4,8147.0,seasonal_change
1,2023-05-01,2022-06-01,11,6991.799999999999,7900.0,seasonal_change
1,2023-06-01,2022-06-01,12,7298.599999999999,7493.0,seasonal_change
2,2022-07-01,2022-06-01,1,100054.8,108992.0,seasonal_change
2,2022-08-01,2022-06-01,2,97511.40000000001,106416.0,seasonal_change
2,2022-09-01,2022-06-01,3,99704.40000000001,109108.0,seasonal_change
2,2022-10-01,2022-06-01,4,104361.8,113699.0,seasonal_change
2,2022-11-01,2022-06-01,5,103843.6,106829.0,seasonal_change
2,2022-12-01,2022-06-01,6,101817.40000000001,107006.0,seasonal_change
2,2023-01-01,2022-06-01,7,96014.6,123976.0,seasonal_change
2,2023-02-01,2022-06-01,8,93354.40000000001,127518.0,seasonal_change
2,2023-03-01,2022-06-01,9,97738.6,121224.0,seasonal_change
2,2023-04-01,2022-06-01,10,102457.8,120647.0,seasonal_change
2,2023-05-01,2022-06-01,11,99830.0,125119.0,seasonal_change
2,2023-06-01,2022-06-01,12,94632.2,126189.0,seasonal_change
3,2022-07-01,2022-06-01,1,723422.4,701873.0,seasonal_change
3,2022-08-01,2022-06-01,2,710966.6,680061.0,seasonal_change
3,2022-09-01,2022-06-01,3,709362.7999999999,656779.0,seasonal_change
3,2022-10-01,2022-06-01,4,704499.7999999999,643035.0,seasonal_change
3,2022-11-01,2022-06-01,5,702083.6,617247.0,seasonal_change
3,2022-12-01,2022-06-01,6,689692.0,615091.0,seasonal_change
3,2023-01-01,2022-06-01,7,692017.8,627659.0,seasonal_change
3,2023-02-01,2022-06-01,8,699700.0,634789.0,seasonal_change
3,2023-03-01,2022-06-01,9,701602.4,632979.0,seasonal_change
3,2023-04-01,2022-06-01,10,701614.0,616409.0,seasonal_change
3,2023-05-01,2022-06-01,11,694873.6,604090.0,seasonal_change
3,2023-06-01,2022-06-01,12,686194.7999999999,593587.0,seasonal_change
4,2022-07-01,2022-06-01,1,23281.6,23644.0,seasonal_change
4,2022-08-01,2022-06-01,2,23187.199999999997,22754.0,seasonal_change
4,2022-09-01,2022-06-01,3,22559.799999999996,23471.0,seasonal_change
4,2022-10-01,2022-06-01,4,23357.999999999996,23509.0,seasonal_change
4,2022-11-01,2022-06-01,5,24491.199999999997,24902.0,seasonal_change
4,2022-12-01,2022-06-01,6,23861.199999999997,24421.0,seasonal_change
4,2023-01-01,2022-06-01,7,23346.799999999996,23934.0,seasonal_change
4,2023-02-01,2022-06-01,8,22640.199999999997,24737.0,seasonal_change
4,2023-03-01,2022-06-01,9,24334.199999999997,25756.0,seasonal_change
4,2023-04-01,2022-06-01,10,24943.6,25956.0,seasonal_change
4,2023-05-01,2022-06-01,11,25560.6,26155.0,seasonal_change
4,2023-06-01,2022-06-01,12,24339.6,24830.0,seasonal_change
5,2022-07-01,2022-06-01,1,43858.8,50121.0,seasonal_change
5,2022-08-01,2022-06-01,2,42959.4,48567.0,seasonal_change
5,2022-09-01,2022-06-01,3,42816.6,48438.0,seasonal_change
5,2022-10-01,2022-06-01,4,44757.799999999996,49593.0,seasonal_change
5,2022-11-01,2022-06-01,5,43823.99999999999,48722.0,seasonal_change
5,2022-12-01,2022-06-01,6,42420.399999999994,48002.0,seasonal_change
5,2023-01-01,2022-06-01,7,44189.59999999999,48005.0,seasonal_change
5,2023-02-01,2022-06-01,8,45045.79999999999,49287.0,seasonal_change
5,2023-03-01,2022-06-01,9,44536.79999999999,49402.0,seasonal_change
5,2023-04-01,2022-06-01,10,45678.19999999999,52191.0,seasonal_change
5,2023-05-01,2022-06-01,11,46009.19999999999,51745.0,seasonal_change
5,2023-06-01,2022-06-01,12,44736.19999999999,49774.0,seasonal_change
1,2022-07-01,2022-06-01,1,6944.585654761902,7451.0,forecast_flow_identity
1,2022-08-01,2022-06-01,2,7175.1713095238065,7044.0,forecast_flow_identity
1,2022-09-01,2022-06-01,3,5776.138072196616,7597.0,forecast_flow_identity
1,2022-10-01,2022-06-01,4,5835.323726958517,8411.0,forecast_flow_identity
1,2022-11-01,2022-06-01,5,5782.690489631326,7340.0,forecast_flow_identity
1,2022-12-01,2022-06-01,6,5082.4761443932275,7612.0,forecast_flow_identity
1,2023-01-01,2022-06-01,7,5748.4617991551295,7164.0,forecast_flow_identity
1,2023-02-01,2022-06-01,8,4924.342501787679,7617.0,forecast_flow_identity
1,2023-03-01,2022-06-01,9,5522.328156549582,7033.0,forecast_flow_identity
1,2023-04-01,2022-06-01,10,6280.094919222394,8147.0,forecast_flow_identity
1,2023-05-01,2022-06-01,11,6525.080573984302,7900.0,forecast_flow_identity
1,2023-06-01,2022-06-01,12,6790.647336657112,7493.0,forecast_flow_identity
2,2022-07-01,2022-06-01,1,99794.29708333335,108992.0,forecast_flow_identity
2,2022-08-01,2022-06-01,2,96989.99416666671,106416.0,forecast_flow_identity
2,2022-09-01,2022-06-01,3,98930.69456989254,109108.0,forecast_flow_identity
2,2022-10-01,2022-06-01,4,103327.3916532259,113699.0,forecast_flow_identity
2,2022-11-01,2022-06-01,5,102557.29205645173,106829.0,forecast_flow_identity
2,2022-12-01,2022-06-01,6,100270.38913978508,107006.0,forecast_flow_identity
2,2023-01-01,2022-06-01,7,94207.28622311844,123976.0,forecast_flow_identity
2,2023-02-01,2022-06-01,8,91317.65533509475,127518.0,forecast_flow_identity
2,2023-03-01,2022-06-01,9,95441.5524184281,121224.0,forecast_flow_identity
2,2023-04-01,2022-06-01,10,99908.85282165391,120647.0,forecast_flow_identity
2,2023-05-01,2022-06-01,11,97020.94990498725,125119.0,forecast_flow_identity
2,2023-06-01,2022-06-01,12,91571.05030821307,126189.0,forecast_flow_identity
3,2022-07-01,2022-06-01,1,717249.5317857143,701873.0,forecast_flow_identity
3,2022-08-01,2022-06-01,2,698621.0635714286,680061.0,forecast_flow_identity
3,2022-09-01,2022-06-01,3,691043.713686636,656779.0,forecast_flow_identity
3,2022-10-01,2022-06-01,4,680007.4454723502,643035.0,forecast_flow_identity
3,2022-11-01,2022-06-01,5,671617.8955875576,617247.0,forecast_flow_identity
3,2022-12-01,2022-06-01,6,653053.627373272,615091.0,forecast_flow_identity
3,2023-01-01,2022-06-01,7,649206.5591589862,627659.0,forecast_flow_identity
3,2023-02-01,2022-06-01,8,651217.7493814556,634789.0,forecast_flow_identity
3,2023-03-01,2022-06-01,9,646947.8811671699,632979.0,forecast_flow_identity
3,2023-04-01,2022-06-01,10,640985.5312823773,616409.0,forecast_flow_identity
3,2023-05-01,2022-06-01,11,628072.6630680916,604090.0,forecast_flow_identity
3,2023-06-01,2022-06-01,12,613420.1131832991,593587.0,forecast_flow_identity
4,2022-07-01,2022-06-01,1,23250.095654761913,23644.0,forecast_flow_identity
4,2022-08-01,2022-06-01,2,23118.391309523824,22754.0,forecast_flow_identity
4,2022-09-01,2022-06-01,3,22444.290330261163,23471.0,forecast_flow_identity
4,2022-10-01,2022-06-01,4,23194.38598502307,23509.0,forecast_flow_identity
4,2022-11-01,2022-06-01,5,24280.085005760404,24902.0,forecast_flow_identity
4,2022-12-01,2022-06-01,6,23599.180660522317,24421.0,forecast_flow_identity
4,2023-01-01,2022-06-01,7,23036.476315284235,23934.0,forecast_flow_identity
4,2023-02-01,2022-06-01,8,22312.037088365443,24737.0,forecast_flow_identity
4,2023-03-01,2022-06-01,9,23960.53274312736,25756.0,forecast_flow_identity
4,2023-04-01,2022-06-01,10,24519.8317638647,25956.0,forecast_flow_identity
4,2023-05-01,2022-06-01,11,25080.927418626616,26155.0,forecast_flow_identity
4,2023-06-01,2022-06-01,12,23806.226439363945,24830.0,forecast_flow_identity
5,2022-07-01,2022-06-01,1,43732.68648809522,50121.0,forecast_flow_identity
5,2022-08-01,2022-06-01,2,42707.17297619046,48567.0,forecast_flow_identity
5,2022-09-01,2022-06-01,3,42442.521190476145,48438.0,forecast_flow_identity
5,2022-10-01,2022-06-01,4,44258.00767857136,49593.0,forecast_flow_identity
5,2022-11-01,2022-06-01,5,43202.155892857045,48722.0,forecast_flow_identity
5,2022-12-01,2022-06-01,6,41672.64238095227,48002.0,forecast_flow_identity
5,2023-01-01,2022-06-01,7,43316.32886904749,48005.0,forecast_flow_identity
5,2023-02-01,2022-06-01,8,44057.55915640378,49287.0,forecast_flow_identity
5,2023-03-01,2022-06-01,9,43422.645644499,49402.0,forecast_flow_identity
5,2023-04-01,2022-06-01,10,44442.39385878469,52191.0,forecast_flow_identity
5,2023-05-01,2022-06-01,11,44647.68034687992,51745.0,forecast_flow_identity
5,2023-06-01,2022-06-01,12,43253.02856116561,49774.0,forecast_flow_identity
1,2022-07-01,2022-06-01,1,9131.49138093596,7451.0,legacy_constrained_level
1,2022-08-01,2022-06-01,2,9501.739771469216,7044.0,legacy_constrained_level
1,2022-09-01,2022-06-01,3,9827.748524341476,7597.0,legacy_constrained_level
1,2022-10-01,2022-06-01,4,10114.803673443546,8411.0,legacy_constrained_level
1,2022-11-01,2022-06-01,5,10367.55964364383,7340.0,legacy_constrained_level
1,2022-12-01,2022-06-01,6,10590.114719460185,7612.0,legacy_constrained_level
1,2023-01-01,2022-06-01,7,10786.077496253847,7164.0,legacy_constrained_level
1,2023-02-01,2022-06-01,8,10958.625391411133,7617.0,legacy_constrained_level
1,2023-03-01,2022-06-01,9,11110.556164236215,7033.0,legacy_constrained_level
1,2023-04-01,2022-06-01,10,11244.333279918706,8147.0,legacy_constrained_level
1,2023-05-01,2022-06-01,11,11362.125853125259,7900.0,legacy_constrained_level
1,2023-06-01,2022-06-01,12,11465.843818876236,7493.0,legacy_constrained_level
2,2022-07-01,2022-06-01,1,103147.26664123162,108992.0,legacy_constrained_level
2,2022-08-01,2022-06-01,2,102662.9965060594,106416.0,legacy_constrained_level
2,2022-09-01,2022-06-01,3,102107.1924348643,109108.0,legacy_constrained_level
2,2022-10-01,2022-06-01,4,103272.44768562046,113699.0,legacy_constrained_level
2,2022-11-01,2022-06-01,5,105454.03121730596,106829.0,legacy_constrained_level
2,2022-12-01,2022-06-01,6,106557.1784745177,107006.0,legacy_constrained_level
2,2023-01-01,2022-06-01,7,106780.91409084636,123976.0,legacy_constrained_level
2,2023-02-01,2022-06-01,8,106794.20488007406,127518.0,legacy_constrained_level
2,2023-03-01,2022-06-01,9,108920.2549099504,121224.0,legacy_constrained_level
2,2023-04-01,2022-06-01,10,109901.99941238684,120647.0,legacy_constrained_level
2,2023-05-01,2022-06-01,11,111205.81033609441,125119.0,legacy_constrained_level
2,2023-06-01,2022-06-01,12,110963.59484007792,126189.0,legacy_constrained_level
3,2022-07-01,2022-06-01,1,723773.3093449492,701873.0,legacy_constrained_level
3,2022-08-01,2022-06-01,2,722150.1900426209,680061.0,legacy_constrained_level
3,2022-09-01,2022-06-01,3,720689.624399845,656779.0,legacy_constrained_level
3,2022-10-01,2022-06-01,4,722308.8733568717,643035.0,legacy_constrained_level
3,2022-11-01,2022-06-01,5,720867.9300891215,617247.0,legacy_constrained_level
3,2022-12-01,2022-06-01,6,720323.897893569,615091.0,legacy_constrained_level
3,2023-01-01,2022-06-01,7,716631.9624471965,627659.0,legacy_constrained_level
3,2023-02-01,2022-06-01,8,715264.1636291915,634789.0,legacy_constrained_level
3,2023-03-01,2022-06-01,9,716599.5562156733,632979.0,legacy_constrained_level
3,2023-04-01,2022-06-01,10,716761.8268607759,616409.0,legacy_constrained_level
3,2023-05-01,2022-06-01,11,716618.7905009617,604090.0,legacy_constrained_level
3,2023-06-01,2022-06-01,12,713991.418369903,593587.0,legacy_constrained_level
4,2022-07-01,2022-06-01,1,24028.566424537756,23644.0,legacy_constrained_level
4,2022-08-01,2022-06-01,2,23913.506531932406,22754.0,legacy_constrained_level
4,2022-09-01,2022-06-01,3,23876.83665760505,23471.0,legacy_constrained_level
4,2022-10-01,2022-06-01,4,23858.45173902474,23509.0,legacy_constrained_level
4,2022-11-01,2022-06-01,5,24009.36270908672,24902.0,legacy_constrained_level
4,2022-12-01,2022-06-01,6,24157.679430262982,24421.0,legacy_constrained_level
4,2023-01-01,2022-06-01,7,24238.55041150761,23934.0,legacy_constrained_level
4,2023-02-01,2022-06-01,8,24262.834348150565,24737.0,legacy_constrained_level
4,2023-03-01,2022-06-01,9,24253.028351375004,25756.0,legacy_constrained_level
4,2023-04-01,2022-06-01,10,24337.102939762506,25956.0,legacy_constrained_level
4,2023-05-01,2022-06-01,11,24528.75757957574,26155.0,legacy_constrained_level
4,2023-06-01,2022-06-01,12,24621.514388392745,24830.0,legacy_constrained_level
5,2022-07-01,2022-06-01,1,47535.33646468798,50121.0,legacy_constrained_level
5,2022-08-01,2022-06-01,2,48417.90918860711,48567.0,legacy_constrained_level
5,2022-09-01,2022-06-01,3,48763.98076826107,48438.0,legacy_constrained_level
5,2022-10-01,2022-06-01,4,49104.949083898704,49593.0,legacy_constrained_level
5,2022-11-01,2022-06-01,5,49749.93155610611,48722.0,legacy_constrained_level
5,2022-12-01,2022-06-01,6,50058.52181299173,48002.0,legacy_constrained_level
5,2023-01-01,2022-06-01,7,50276.798296377965,48005.0,legacy_constrained_level
5,2023-02-01,2022-06-01,8,50435.5008002526,49287.0,legacy_constrained_level
5,2023-03-01,2022-06-01,9,50684.70319771918,49402.0,legacy_constrained_level
5,2023-04-01,2022-06-01,10,50515.17430112483,52191.0,legacy_constrained_level
5,2023-05-01,2022-06-01,11,50733.43256863966,51745.0,legacy_constrained_level
5,2023-06-01,2022-06-01,12,50428.423603587915,49774.0,legacy_constrained_level
1,2022-07-01,2022-06-01,1,9312.070286246624,7451.0,constrained_level
1,2022-08-01,2022-06-01,2,9247.962029794317,7044.0,constrained_level
1,2022-09-01,2022-06-01,3,9249.552097104059,7597.0,constrained_level
1,2022-10-01,2022-06-01,4,9212.180906223262,8411.0,constrained_level
1,2022-11-01,2022-06-01,5,9056.701474894922,7340.0,constrained_level
1,2022-12-01,2022-06-01,6,9017.382955109766,7612.0,constrained_level
1,2023-01-01,2022-06-01,7,9007.289674171507,7164.0,constrained_level
1,2023-02-01,2022-06-01,8,9154.056483039525,7617.0,constrained_level
1,2023-03-01,2022-06-01,9,9077.32456243671,7033.0,constrained_level
1,2023-04-01,2022-06-01,10,9123.88899943741,8147.0,constrained_level
1,2023-05-01,2022-06-01,11,9059.571939378478,7900.0,constrained_level
1,2023-06-01,2022-06-01,12,9144.17890216756,7493.0,constrained_level
2,2022-07-01,2022-06-01,1,103788.67030530148,108992.0,constrained_level
2,2022-08-01,2022-06-01,2,102142.8603366992,106416.0,constrained_level
2,2022-09-01,2022-06-01,3,101081.83134864751,109108.0,constrained_level
2,2022-10-01,2022-06-01,4,102362.33156245125,113699.0,constrained_level
2,2022-11-01,2022-06-01,5,104743.75044288753,106829.0,constrained_level
2,2022-12-01,2022-06-01,6,104904.25243573285,107006.0,constrained_level
2,2023-01-01,2022-06-01,7,104230.70997885795,123976.0,constrained_level
2,2023-02-01,2022-06-01,8,101965.56115915753,127518.0,constrained_level
2,2023-03-01,2022-06-01,9,102168.46069683043,121224.0,constrained_level
2,2023-04-01,2022-06-01,10,103644.86819088842,120647.0,constrained_level
2,2023-05-01,2022-06-01,11,105288.52446546119,125119.0,constrained_level
2,2023-06-01,2022-06-01,12,103573.85077609959,126189.0,constrained_level
3,2022-07-01,2022-06-01,1,718285.378564614,701873.0,constrained_level
3,2022-08-01,2022-06-01,2,716163.4302012202,680061.0,constrained_level
3,2022-09-01,2022-06-01,3,711908.2924114403,656779.0,constrained_level
3,2022-10-01,2022-06-01,4,711071.5140773208,643035.0,constrained_level
3,2022-11-01,2022-06-01,5,709285.2818363585,617247.0,constrained_level
3,2022-12-01,2022-06-01,6,708957.7937618875,615091.0,constrained_level
3,2023-01-01,2022-06-01,7,704302.8085684492,627659.0,constrained_level
3,2023-02-01,2022-06-01,8,704217.1540447667,634789.0,constrained_level
3,2023-03-01,2022-06-01,9,707756.8667243675,632979.0,constrained_level
3,2023-04-01,2022-06-01,10,706418.8817719775,616409.0,constrained_level
3,2023-05-01,2022-06-01,11,705381.9396034448,604090.0,constrained_level
3,2023-06-01,2022-06-01,12,701796.0861616315,593587.0,constrained_level
4,2022-07-01,2022-06-01,1,24110.539114969608,23644.0,constrained_level
4,2022-08-01,2022-06-01,2,24054.144172581124,22754.0,constrained_level
4,2022-09-01,2022-06-01,3,24077.89708417157,23471.0,constrained_level
4,2022-10-01,2022-06-01,4,24013.923723927524,23509.0,constrained_level
4,2022-11-01,2022-06-01,5,24207.683575618896,24902.0,constrained_level
4,2022-12-01,2022-06-01,6,24326.139603430907,24421.0,constrained_level
4,2023-01-01,2022-06-01,7,24434.37312493771,23934.0,constrained_level
4,2023-02-01,2022-06-01,8,24422.7922127661,24737.0,constrained_level
4,2023-03-01,2022-06-01,9,24381.10274769454,25756.0,constrained_level
4,2023-04-01,2022-06-01,10,24563.534973896232,25956.0,constrained_level
4,2023-05-01,2022-06-01,11,24764.03107025168,26155.0,constrained_level
4,2023-06-01,2022-06-01,12,24865.90482248384,24830.0,constrained_level
5,2022-07-01,2022-06-01,1,46860.18683483816,50121.0,constrained_level
5,2022-08-01,2022-06-01,2,47421.6173764637,48567.0,constrained_level
5,2022-09-01,2022-06-01,3,47359.17312961423,48438.0,constrained_level
5,2022-10-01,2022-06-01,4,47987.9624787058,49593.0,constrained_level
5,2022-11-01,2022-06-01,5,49216.88601066932,48722.0,constrained_level
5,2022-12-01,2022-06-01,6,49277.830015135776,48002.0,constrained_level
5,2023-01-01,2022-06-01,7,48981.494943565674,48005.0,constrained_level
5,2023-02-01,2022-06-01,8,49596.88051709937,49287.0,constrained_level
5,2023-03-01,2022-06-01,9,49422.84597450153,49402.0,constrained_level
5,2023-04-01,2022-06-01,10,49259.40337997988,52191.0,constrained_level
5,2023-05-01,2022-06-01,11,49546.537741368236,51745.0,constrained_level
5,2023-06-01,2022-06-01,12,49447.40043071026,49774.0,constrained_level
1,2022-07-01,2022-06-01,1,8531.827740488297,7451.0,ridge_change
1,2022-08-01,2022-06-01,2,8493.795106888962,7044.0,ridge_change
1,2022-09-01,2022-06-01,3,8327.232020123622,7597.0,ridge_change
1,2022-10-01,2022-06-01,4,8250.888077180125,8411.0,ridge_change
1,2022-11-01,2022-06-01,5,8075.146785750122,7340.0,ridge_change
1,2022-12-01,2022-06-01,6,7977.422185514238,7612.0,ridge_change
1,2023-01-01,2022-06-01,7,7883.523688549991,7164.0,ridge_change
1,2023-02-01,2022-06-01,8,7924.215730463984,7617.0,ridge_change
1,2023-03-01,2022-06-01,9,7946.542904204143,7033.0,ridge_change
1,2023-04-01,2022-06-01,10,8001.8861911020795,8147.0,ridge_change
1,2023-05-01,2022-06-01,11,7926.873986442397,7900.0,ridge_change
1,2023-06-01,2022-06-01,12,7980.521361040417,7493.0,ridge_change
2,2022-07-01,2022-06-01,1,103843.01273559812,108992.0,ridge_change
2,2022-08-01,2022-06-01,2,103831.77826837609,106416.0,ridge_change
2,2022-09-01,2022-06-01,3,103777.21822512725,109108.0,ridge_change
2,2022-10-01,2022-06-01,4,104107.44817581415,113699.0,ridge_change
2,2022-11-01,2022-06-01,5,104664.75919975074,106829.0,ridge_change
2,2022-12-01,2022-06-01,6,105062.58782353162,107006.0,ridge_change
2,2023-01-01,2022-06-01,7,105337.10766941619,123976.0,ridge_change
2,2023-02-01,2022-06-01,8,105494.84759361963,127518.0,ridge_change
2,2023-03-01,2022-06-01,9,106200.32744690748,121224.0,ridge_change
2,2023-04-01,2022-06-01,10,106647.56043171391,120647.0,ridge_change
2,2023-05-01,2022-06-01,11,107194.43472244416,125119.0,ridge_change
2,2023-06-01,2022-06-01,12,107358.5979884322,126189.0,ridge_change
3,2022-07-01,2022-06-01,1,723774.0622479577,701873.0,ridge_change
3,2022-08-01,2022-06-01,2,721797.9159120719,680061.0,ridge_change
3,2022-09-01,2022-06-01,3,719958.5260585559,656779.0,ridge_change
3,2022-10-01,2022-06-01,4,718273.240407001,643035.0,ridge_change
3,2022-11-01,2022-06-01,5,716476.0594102583,617247.0,ridge_change
3,2022-12-01,2022-06-01,6,714826.3450523703,615091.0,ridge_change
3,2023-01-01,2022-06-01,7,713053.6174995598,627659.0,ridge_change
3,2023-02-01,2022-06-01,8,711119.5852801591,634789.0,ridge_change
3,2023-03-01,2022-06-01,9,709433.1846674853,632979.0,ridge_change
3,2023-04-01,2022-06-01,10,707594.8218678694,616409.0,ridge_change
3,2023-05-01,2022-06-01,11,705999.6039362047,604090.0,ridge_change
3,2023-06-01,2022-06-01,12,704683.3880425228,593587.0,ridge_change
4,2022-07-01,2022-06-01,1,23909.500462948858,23644.0,ridge_change
4,2022-08-01,2022-06-01,2,23831.3558538181,22754.0,ridge_change
4,2022-09-01,2022-06-01,3,23749.213109540404,23471.0,ridge_change
4,2022-10-01,2022-06-01,4,23704.101816089897,23509.0,ridge_change
4,2022-11-01,2022-06-01,5,23726.543847391877,24902.0,ridge_change
4,2022-12-01,2022-06-01,6,23736.363108736754,24421.0,ridge_change
4,2023-01-01,2022-06-01,7,23699.905910952202,23934.0,ridge_change
4,2023-02-01,2022-06-01,8,23615.49127629396,24737.0,ridge_change
4,2023-03-01,2022-06-01,9,23694.681021950917,25756.0,ridge_change
4,2023-04-01,2022-06-01,10,23614.33129360388,25956.0,ridge_change
4,2023-05-01,2022-06-01,11,23706.970203469,26155.0,ridge_change
4,2023-06-01,2022-06-01,12,23686.663527578028,24830.0,ridge_change
5,2022-07-01,2022-06-01,1,46256.84516114322,50121.0,ridge_change
5,2022-08-01,2022-06-01,2,46825.97934347225,48567.0,ridge_change
5,2022-09-01,2022-06-01,3,46914.02146305444,48438.0,ridge_change
5,2022-10-01,2022-06-01,4,47197.81222244987,49593.0,ridge_change
5,2022-11-01,2022-06-01,5,47566.64225247742,48722.0,ridge_change
5,2022-12-01,2022-06-01,6,47829.355457059704,48002.0,ridge_change
5,2023-01-01,2022-06-01,7,48181.90241036387,48005.0,ridge_change
5,2023-02-01,2022-06-01,8,48246.71631167673,49287.0,ridge_change
5,2023-03-01,2022-06-01,9,48104.49708044015,49402.0,ridge_change
5,2023-04-01,2022-06-01,10,48146.932550500256,52191.0,ridge_change
5,2023-05-01,2022-06-01,11,47902.02206356879,51745.0,ridge_change
5,2023-06-01,2022-06-01,12,47819.13953204892,49774.0,ridge_change
1,2022-07-01,2022-06-01,1,8190.49868616431,7451.0,seasonal_ridge_change
1,2022-08-01,2022-06-01,2,7891.260584156606,7044.0,seasonal_ridge_change
1,2022-09-01,2022-06-01,3,7518.537416842451,7597.0,seasonal_ridge_change
1,2022-10-01,2022-06-01,4,7346.599933014399,8411.0,seasonal_ridge_change
1,2022-11-01,2022-06-01,5,7211.8026982953,7340.0,seasonal_ridge_change
1,2022-12-01,2022-06-01,6,7292.069010544666,7612.0,seasonal_ridge_change
1,2023-01-01,2022-06-01,7,7459.691942873074,7164.0,seasonal_ridge_change
1,2023-02-01,2022-06-01,8,7761.519449065565,7617.0,seasonal_ridge_change
1,2023-03-01,2022-06-01,9,7952.795954246596,7033.0,seasonal_ridge_change
1,2023-04-01,2022-06-01,10,8075.814139870312,8147.0,seasonal_ridge_change
1,2023-05-01,2022-06-01,11,7939.83287181478,7900.0,seasonal_ridge_change
1,2023-06-01,2022-06-01,12,7802.380065265153,7493.0,seasonal_ridge_change
2,2022-07-01,2022-06-01,1,103006.35324003747,108992.0,seasonal_ridge_change
2,2022-08-01,2022-06-01,2,102209.00225307119,106416.0,seasonal_ridge_change
2,2022-09-01,2022-06-01,3,101882.85025772225,109108.0,seasonal_ridge_change
2,2022-10-01,2022-06-01,4,102541.89002166432,113699.0,seasonal_ridge_change
2,2022-11-01,2022-06-01,5,103941.43608782791,106829.0,seasonal_ridge_change
2,2022-12-01,2022-06-01,6,105510.18216801617,107006.0,seasonal_ridge_change
2,2023-01-01,2022-06-01,7,106950.51812841867,123976.0,seasonal_ridge_change
2,2023-02-01,2022-06-01,8,107898.4183116106,127518.0,seasonal_ridge_change
2,2023-03-01,2022-06-01,9,108791.00049187905,121224.0,seasonal_ridge_change
2,2023-04-01,2022-06-01,10,108859.66475158079,120647.0,seasonal_ridge_change
2,2023-05-01,2022-06-01,11,108592.66481434915,125119.0,seasonal_ridge_change
2,2023-06-01,2022-06-01,12,107701.51784826671,126189.0,seasonal_ridge_change
3,2022-07-01,2022-06-01,1,713420.3167655779,701873.0,seasonal_ridge_change
3,2022-08-01,2022-06-01,2,706083.489550342,680061.0,seasonal_ridge_change
3,2022-09-01,2022-06-01,3,700255.216953971,656779.0,seasonal_ridge_change
3,2022-10-01,2022-06-01,4,695420.3176704575,643035.0,seasonal_ridge_change
3,2022-11-01,2022-06-01,5,692546.1294201122,617247.0,seasonal_ridge_change
3,2022-12-01,2022-06-01,6,692194.8361596842,615091.0,seasonal_ridge_change
3,2023-01-01,2022-06-01,7,693278.40612111,627659.0,seasonal_ridge_change
3,2023-02-01,2022-06-01,8,693996.1620107304,634789.0,seasonal_ridge_change
3,2023-03-01,2022-06-01,9,693906.8218259843,632979.0,seasonal_ridge_change
3,2023-04-01,2022-06-01,10,693236.7014628446,616409.0,seasonal_ridge_change
3,2023-05-01,2022-06-01,11,691697.8336451324,604090.0,seasonal_ridge_change
3,2023-06-01,2022-06-01,12,689746.0130166407,593587.0,seasonal_ridge_change
4,2022-07-01,2022-06-01,1,23789.452926593254,23644.0,seasonal_ridge_change
4,2022-08-01,2022-06-01,2,23578.185449715824,22754.0,seasonal_ridge_change
4,2022-09-01,2022-06-01,3,23422.331904332317,23471.0,seasonal_ridge_change
4,2022-10-01,2022-06-01,4,23376.554947700213,23509.0,seasonal_ridge_change
4,2022-11-01,2022-06-01,5,23472.593591070778,24902.0,seasonal_ridge_change
4,2022-12-01,2022-06-01,6,23600.619971489883,24421.0,seasonal_ridge_change
4,2023-01-01,2022-06-01,7,23711.559223980465,23934.0,seasonal_ridge_change
4,2023-02-01,2022-06-01,8,23749.817420446743,24737.0,seasonal_ridge_change
4,2023-03-01,2022-06-01,9,23892.364689699003,25756.0,seasonal_ridge_change
4,2023-04-01,2022-06-01,10,23796.14630873127,25956.0,seasonal_ridge_change
4,2023-05-01,2022-06-01,11,23780.560040058306,26155.0,seasonal_ridge_change
4,2023-06-01,2022-06-01,12,23602.692261451797,24830.0,seasonal_ridge_change
5,2022-07-01,2022-06-01,1,45871.1330378714,50121.0,seasonal_ridge_change
5,2022-08-01,2022-06-01,2,45980.96192398094,48567.0,seasonal_ridge_change
5,2022-09-01,2022-06-01,3,45821.02372684243,48438.0,seasonal_ridge_change
5,2022-10-01,2022-06-01,4,46029.504830658676,49593.0,seasonal_ridge_change
5,2022-11-01,2022-06-01,5,46515.246330763905,48722.0,seasonal_ridge_change
5,2022-12-01,2022-06-01,6,47087.26551459591,48002.0,seasonal_ridge_change
5,2023-01-01,2022-06-01,7,47853.44118375765,48005.0,seasonal_ridge_change
5,2023-02-01,2022-06-01,8,48315.102874606506,49287.0,seasonal_ridge_change
5,2023-03-01,2022-06-01,9,48424.39314608845,49402.0,seasonal_ridge_change
5,2023-04-01,2022-06-01,10,48507.54704902929,52191.0,seasonal_ridge_change
5,2023-05-01,2022-06-01,11,48050.966065510875,51745.0,seasonal_ridge_change
5,2023-06-01,2022-06-01,12,47643.53767001969,49774.0,seasonal_ridge_change
1,2022-07-01,2022-06-01,1,8190.498686164309,7451.0,polynomial_ridge_change
1,2022-08-01,2022-06-01,2,7891.260584156605,7044.0,polynomial_ridge_change
1,2022-09-01,2022-06-01,3,7518.5374168424505,7597.0,polynomial_ridge_change
1,2022-10-01,2022-06-01,4,7346.599933014398,8411.0,polynomial_ridge_change
1,2022-11-01,2022-06-01,5,7211.802698295299,7340.0,polynomial_ridge_change
1,2022-12-01,2022-06-01,6,7292.069010544665,7612.0,polynomial_ridge_change
1,2023-01-01,2022-06-01,7,7459.6919428730735,7164.0,polynomial_ridge_change
1,2023-02-01,2022-06-01,8,7761.519449065564,7617.0,polynomial_ridge_change
1,2023-03-01,2022-06-01,9,7952.795954246595,7033.0,polynomial_ridge_change
1,2023-04-01,2022-06-01,10,8075.814139870311,8147.0,polynomial_ridge_change
1,2023-05-01,2022-06-01,11,7939.8328718147795,7900.0,polynomial_ridge_change
1,2023-06-01,2022-06-01,12,7802.380065265152,7493.0,polynomial_ridge_change
2,2022-07-01,2022-06-01,1,103006.35324003747,108992.0,polynomial_ridge_change
2,2022-08-01,2022-06-01,2,102209.00225307119,106416.0,polynomial_ridge_change
2,2022-09-01,2022-06-01,3,101882.85025772225,109108.0,polynomial_ridge_change
2,2022-10-01,2022-06-01,4,102541.89002166432,113699.0,polynomial_ridge_change
2,2022-11-01,2022-06-01,5,103941.43608782791,106829.0,polynomial_ridge_change
2,2022-12-01,2022-06-01,6,105510.18216801618,107006.0,polynomial_ridge_change
2,2023-01-01,2022-06-01,7,106950.5181284187,123976.0,polynomial_ridge_change
2,2023-02-01,2022-06-01,8,107898.41831161063,127518.0,polynomial_ridge_change
2,2023-03-01,2022-06-01,9,108791.00049187908,121224.0,polynomial_ridge_change
2,2023-04-01,2022-06-01,10,108859.66475158081,120647.0,polynomial_ridge_change
2,2023-05-01,2022-06-01,11,108592.66481434918,125119.0,polynomial_ridge_change
2,2023-06-01,2022-06-01,12,107701.51784826674,126189.0,polynomial_ridge_change
3,2022-07-01,2022-06-01,1,713420.3167655779,701873.0,polynomial_ridge_change
3,2022-08-01,2022-06-01,2,706083.489550342,680061.0,polynomial_ridge_change
3,2022-09-01,2022-06-01,3,700255.216953971,656779.0,polynomial_ridge_change
3,2022-10-01,2022-06-01,4,695420.3176704575,643035.0,polynomial_ridge_change
3,2022-11-01,2022-06-01,5,692546.1294201122,617247.0,polynomial_ridge_change
3,2022-12-01,2022-06-01,6,692194.8361596842,615091.0,polynomial_ridge_change
3,2023-01-01,2022-06-01,7,693278.40612111,627659.0,polynomial_ridge_change
3,2023-02-01,2022-06-01,8,693996.1620107304,634789.0,polynomial_ridge_change
3,2023-03-01,2022-06-01,9,693906.8218259843,632979.0,polynomial_ridge_change
3,2023-04-01,2022-06-01,10,693236.7014628446,616409.0,polynomial_ridge_change
3,2023-05-01,2022-06-01,11,691697.8336451324,604090.0,polynomial_ridge_change
3,2023-06-01,2022-06-01,12,689746.0130166407,593587.0,polynomial_ridge_change
4,2022-07-01,2022-06-01,1,23789.452926593254,23644.0,polynomial_ridge_change
4,2022-08-01,2022-06-01,2,23578.185449715824,22754.0,polynomial_ridge_change
4,2022-09-01,2022-06-01,3,23422.331904332317,23471.0,polynomial_ridge_change
4,2022-10-01,2022-06-01,4,23376.554947700213,23509.0,polynomial_ridge_change
4,2022-11-01,2022-06-01,5,23472.593591070778,24902.0,polynomial_ridge_change
4,2022-12-01,2022-06-01,6,23600.619971489883,24421.0,polynomial_ridge_change
4,2023-01-01,2022-06-01,7,23711.559223980465,23934.0,polynomial_ridge_change
4,2023-02-01,2022-06-01,8,23749.817420446743,24737.0,polynomial_ridge_change
4,2023-03-01,2022-06-01,9,23892.364689699003,25756.0,polynomial_ridge_change
4,2023-04-01,2022-06-01,10,23796.14630873127,25956.0,polynomial_ridge_change
4,2023-05-01,2022-06-01,11,23780.560040058306,26155.0,polynomial_ridge_change
4,2023-06-01,2022-06-01,12,23602.692261451797,24830.0,polynomial_ridge_change
5,2022-07-01,2022-06-01,1,45871.1330378714,50121.0,polynomial_ridge_change
5,2022-08-01,2022-06-01,2,45980.96192398094,48567.0,polynomial_ridge_change
5,2022-09-01,2022-06-01,3,45821.02372684243,48438.0,polynomial_ridge_change
5,2022-10-01,2022-06-01,4,46029.504830658676,49593.0,polynomial_ridge_change
5,2022-11-01,2022-06-01,5,46515.246330763905,48722.0,polynomial_ridge_change
5,2022-12-01,2022-06-01,6,47087.26551459591,48002.0,polynomial_ridge_change
5,2023-01-01,2022-06-01,7,47853.44118375765,48005.0,polynomial_ridge_change
5,2023-02-01,2022-06-01,8,48315.102874606506,49287.0,polynomial_ridge_change
5,2023-03-01,2022-06-01,9,48424.39314608844,49402.0,polynomial_ridge_change
5,2023-04-01,2022-06-01,10,48507.54704902928,52191.0,polynomial_ridge_change
5,2023-05-01,2022-06-01,11,48050.96606551087,51745.0,polynomial_ridge_change
5,2023-06-01,2022-06-01,12,47643.53767001968,49774.0,polynomial_ridge_change
1,2022-07-01,2022-06-01,1,7795.705604755742,7451.0,spline_ridge_change
1,2022-08-01,2022-06-01,2,7323.771731373648,7044.0,spline_ridge_change
1,2022-09-01,2022-06-01,3,6811.924081187761,7597.0,spline_ridge_change
1,2022-10-01,2022-06-01,4,6290.636085340449,8411.0,spline_ridge_change
1,2022-11-01,2022-06-01,5,5758.610394306746,7340.0,spline_ridge_change
1,2022-12-01,2022-06-01,6,5512.286670802434,7612.0,spline_ridge_change
1,2023-01-01,2022-06-01,7,5447.60046104009,7164.0,spline_ridge_change
1,2023-02-01,2022-06-01,8,5567.280933961241,7617.0,spline_ridge_change
1,2023-03-01,2022-06-01,9,5735.889480743147,7033.0,spline_ridge_change
1,2023-04-01,2022-06-01,10,5724.146358842204,8147.0,spline_ridge_change
1,2023-05-01,2022-06-01,11,5351.783174430009,7900.0,spline_ridge_change
1,2023-06-01,2022-06-01,12,4911.6884231238655,7493.0,spline_ridge_change
2,2022-07-01,2022-06-01,1,103053.76177200259,108992.0,spline_ridge_change
2,2022-08-01,2022-06-01,2,102632.07793609308,106416.0,spline_ridge_change
2,2022-09-01,2022-06-01,3,102639.60270181896,109108.0,spline_ridge_change
2,2022-10-01,2022-06-01,4,103356.14470391149,113699.0,spline_ridge_change
2,2022-11-01,2022-06-01,5,104233.40870820038,106829.0,spline_ridge_change
2,2022-12-01,2022-06-01,6,104919.78628502409,107006.0,spline_ridge_change
2,2023-01-01,2022-06-01,7,105456.00963471843,123976.0,spline_ridge_change
2,2023-02-01,2022-06-01,8,106110.42698822795,127518.0,spline_ridge_change
2,2023-03-01,2022-06-01,9,107129.185175525,121224.0,spline_ridge_change
2,2023-04-01,2022-06-01,10,107455.39192929905,120647.0,spline_ridge_change
2,2023-05-01,2022-06-01,11,107454.85256791924,125119.0,spline_ridge_change
2,2023-06-01,2022-06-01,12,106920.08274478273,126189.0,spline_ridge_change
3,2022-07-01,2022-06-01,1,713699.4402915015,701873.0,spline_ridge_change
3,2022-08-01,2022-06-01,2,703136.2856587718,680061.0,spline_ridge_change
3,2022-09-01,2022-06-01,3,693016.8245718493,656779.0,spline_ridge_change
3,2022-10-01,2022-06-01,4,683027.9476225612,643035.0,spline_ridge_change
3,2022-11-01,2022-06-01,5,671715.1372573676,617247.0,spline_ridge_change
3,2022-12-01,2022-06-01,6,659943.8119460098,615091.0,spline_ridge_change
3,2023-01-01,2022-06-01,7,648581.9017773011,627659.0,spline_ridge_change
3,2023-02-01,2022-06-01,8,637138.4780281672,634789.0,spline_ridge_change
3,2023-03-01,2022-06-01,9,624988.0747107805,632979.0,spline_ridge_change
3,2023-04-01,2022-06-01,10,610308.238841286,616409.0,spline_ridge_change
3,2023-05-01,2022-06-01,11,593168.1854656319,604090.0,spline_ridge_change
3,2023-06-01,2022-06-01,12,573618.0127515565,593587.0,spline_ridge_change
4,2022-07-01,2022-06-01,1,23578.1424005933,23644.0,spline_ridge_change
4,2022-08-01,2022-06-01,2,24331.69959064486,22754.0,spline_ridge_change
4,2022-09-01,2022-06-01,3,25095.331061284876,23471.0,spline_ridge_change
4,2022-10-01,2022-06-01,4,25770.367854057316,23509.0,spline_ridge_change
4,2022-11-01,2022-06-01,5,26387.056811306218,24902.0,spline_ridge_change
4,2022-12-01,2022-06-01,6,26717.537413401024,24421.0,spline_ridge_change
4,2023-01-01,2022-06-01,7,27108.427852225457,23934.0,spline_ridge_change
4,2023-02-01,2022-06-01,8,27914.691583074604,24737.0,spline_ridge_change
4,2023-03-01,2022-06-01,9,28955.491491617668,25756.0,spline_ridge_change
4,2023-04-01,2022-06-01,10,29464.073227488196,25956.0,spline_ridge_change
4,2023-05-01,2022-06-01,11,29930.756645927537,26155.0,spline_ridge_change
4,2023-06-01,2022-06-01,12,30030.892629202623,24830.0,spline_ridge_change
5,2022-07-01,2022-06-01,1,45163.11936403653,50121.0,spline_ridge_change
5,2022-08-01,2022-06-01,2,44349.06251882825,48567.0,spline_ridge_change
5,2022-09-01,2022-06-01,3,43641.767054803575,48438.0,spline_ridge_change
5,2022-10-01,2022-06-01,4,43255.09386256745,49593.0,spline_ridge_change
5,2022-11-01,2022-06-01,5,42462.53045951166,48722.0,spline_ridge_change
5,2022-12-01,2022-06-01,6,41411.84982708788,48002.0,spline_ridge_change
5,2023-01-01,2022-06-01,7,41282.31726428509,48005.0,spline_ridge_change
5,2023-02-01,2022-06-01,8,41123.843300208464,49287.0,spline_ridge_change
5,2023-03-01,2022-06-01,9,40539.24204388468,49402.0,spline_ridge_change
5,2023-04-01,2022-06-01,10,40610.468535308566,52191.0,spline_ridge_change
5,2023-05-01,2022-06-01,11,39766.47851803349,51745.0,spline_ridge_change
5,2023-06-01,2022-06-01,12,38486.14974377736,49774.0,spline_ridge_change
1,2022-07-01,2022-06-01,1,8219.662991026627,7451.0,random_forest_change
1,2022-08-01,2022-06-01,2,8122.02615213685,7044.0,random_forest_change
1,2022-09-01,2022-06-01,3,7857.483041917085,7597.0,random_forest_change
1,2022-10-01,2022-06-01,4,7677.762243838701,8411.0,random_forest_change
1,2022-11-01,2022-06-01,5,7404.018402805054,7340.0,random_forest_change
1,2022-12-01,2022-06-01,6,7164.015345256615,7612.0,random_forest_change
1,2023-01-01,2022-06-01,7,7227.226691830234,7164.0,random_forest_change
1,2023-02-01,2022-06-01,8,7121.294853899481,7617.0,random_forest_change
1,2023-03-01,2022-06-01,9,7185.1760178021905,7033.0,random_forest_change
1,2023-04-01,2022-06-01,10,7149.64062559535,8147.0,random_forest_change
1,2023-05-01,2022-06-01,11,7028.5265742879665,7900.0,random_forest_change
1,2023-06-01,2022-06-01,12,6729.097602290444,7493.0,random_forest_change
2,2022-07-01,2022-06-01,1,101239.69832753563,108992.0,random_forest_change
2,2022-08-01,2022-06-01,2,99147.00015632532,106416.0,random_forest_change
2,2022-09-01,2022-06-01,3,97784.72941453994,109108.0,random_forest_change
2,2022-10-01,2022-06-01,4,98027.60164590938,113699.0,random_forest_change
2,2022-11-01,2022-06-01,5,99424.86180396247,106829.0,random_forest_change
2,2022-12-01,2022-06-01,6,100167.30786822966,107006.0,random_forest_change
2,2023-01-01,2022-06-01,7,99525.4984177067,123976.0,random_forest_change
2,2023-02-01,2022-06-01,8,98973.30805733558,127518.0,random_forest_change
2,2023-03-01,2022-06-01,9,99862.93046758925,121224.0,random_forest_change
2,2023-04-01,2022-06-01,10,99604.35034309393,120647.0,random_forest_change
2,2023-05-01,2022-06-01,11,98583.42946367389,125119.0,random_forest_change
2,2023-06-01,2022-06-01,12,96917.58148859086,126189.0,random_forest_change
3,2022-07-01,2022-06-01,1,717246.8216924032,701873.0,random_forest_change
3,2022-08-01,2022-06-01,2,705699.7484874594,680061.0,random_forest_change
3,2022-09-01,2022-06-01,3,695637.1827208125,656779.0,random_forest_change
3,2022-10-01,2022-06-01,4,685992.4872638851,643035.0,random_forest_change
3,2022-11-01,2022-06-01,5,676811.9028683637,617247.0,random_forest_change
3,2022-12-01,2022-06-01,6,666341.5652700403,615091.0,random_forest_change
3,2023-01-01,2022-06-01,7,663704.7776057256,627659.0,random_forest_change
3,2023-02-01,2022-06-01,8,664304.2270263154,634789.0,random_forest_change
3,2023-03-01,2022-06-01,9,666229.8224163455,632979.0,random_forest_change
3,2023-04-01,2022-06-01,10,663685.8790342365,616409.0,random_forest_change
3,2023-05-01,2022-06-01,11,657305.5870846105,604090.0,random_forest_change
3,2023-06-01,2022-06-01,12,648217.700508637,593587.0,random_forest_change
4,2022-07-01,2022-06-01,1,24183.599653419293,23644.0,random_forest_change
4,2022-08-01,2022-06-01,2,23887.43587339385,22754.0,random_forest_change
4,2022-09-01,2022-06-01,3,23612.537727119867,23471.0,random_forest_change
4,2022-10-01,2022-06-01,4,23687.279212132275,23509.0,random_forest_change
4,2022-11-01,2022-06-01,5,23792.591867728504,24902.0,random_forest_change
4,2022-12-01,2022-06-01,6,23630.57027708639,24421.0,random_forest_change
4,2023-01-01,2022-06-01,7,23763.90011667437,23934.0,random_forest_change
4,2023-02-01,2022-06-01,8,23866.99877545279,24737.0,random_forest_change
4,2023-03-01,2022-06-01,9,24868.22582312858,25756.0,random_forest_change
4,2023-04-01,2022-06-01,10,24477.938244817702,25956.0,random_forest_change
4,2023-05-01,2022-06-01,11,24749.410205542434,26155.0,random_forest_change
4,2023-06-01,2022-06-01,12,24349.23791606394,24830.0,random_forest_change
5,2022-07-01,2022-06-01,1,46197.70909177327,50121.0,random_forest_change
5,2022-08-01,2022-06-01,2,46501.041649177874,48567.0,random_forest_change
5,2022-09-01,2022-06-01,3,47202.240002450824,48438.0,random_forest_change
5,2022-10-01,2022-06-01,4,48063.32887004116,49593.0,random_forest_change
5,2022-11-01,2022-06-01,5,47758.02427262469,48722.0,random_forest_change
5,2022-12-01,2022-06-01,6,46971.54680012578,48002.0,random_forest_change
5,2023-01-01,2022-06-01,7,47964.71130694944,48005.0,random_forest_change
5,2023-02-01,2022-06-01,8,48463.84173078255,49287.0,random_forest_change
5,2023-03-01,2022-06-01,9,48192.45847177073,49402.0,random_forest_change
5,2023-04-01,2022-06-01,10,48598.66783938156,52191.0,random_forest_change
5,2023-05-01,2022-06-01,11,47945.76535347009,51745.0,random_forest_change
5,2023-06-01,2022-06-01,12,47126.08413841798,49774.0,random_forest_change
1,2022-07-01,2022-06-01,1,8401.775390625,7451.0,xgboost_change
1,2022-08-01,2022-06-01,2,8160.1533203125,7044.0,xgboost_change
1,2022-09-01,2022-06-01,3,7860.25146484375,7597.0,xgboost_change
1,2022-10-01,2022-06-01,4,7591.7041015625,8411.0,xgboost_change
1,2022-11-01,2022-06-01,5,7336.09228515625,7340.0,xgboost_change
1,2022-12-01,2022-06-01,6,7080.48046875,7612.0,xgboost_change
1,2023-01-01,2022-06-01,7,7057.1826171875,7164.0,xgboost_change
1,2023-02-01,2022-06-01,8,6891.9873046875,7617.0,xgboost_change
1,2023-03-01,2022-06-01,9,6884.21533203125,7033.0,xgboost_change
1,2023-04-01,2022-06-01,10,6776.05908203125,8147.0,xgboost_change
1,2023-05-01,2022-06-01,11,6728.01513671875,7900.0,xgboost_change
1,2023-06-01,2022-06-01,12,6387.72021484375,7493.0,xgboost_change
2,2022-07-01,2022-06-01,1,101389.609375,108992.0,xgboost_change
2,2022-08-01,2022-06-01,2,99308.65625,106416.0,xgboost_change
2,2022-09-01,2022-06-01,3,98067.0546875,109108.0,xgboost_change
2,2022-10-01,2022-06-01,4,98282.515625,113699.0,xgboost_change
2,2022-11-01,2022-06-01,5,99893.3125,106829.0,xgboost_change
2,2022-12-01,2022-06-01,6,101762.3125,107006.0,xgboost_change
2,2023-01-01,2022-06-01,7,102106.640625,123976.0,xgboost_change
2,2023-02-01,2022-06-01,8,101964.3984375,127518.0,xgboost_change
2,2023-03-01,2022-06-01,9,102843.9921875,121224.0,xgboost_change
2,2023-04-01,2022-06-01,10,103309.03125,120647.0,xgboost_change
2,2023-05-01,2022-06-01,11,101856.4375,125119.0,xgboost_change
2,2023-06-01,2022-06-01,12,99184.609375,126189.0,xgboost_change
3,2022-07-01,2022-06-01,1,712792.5,701873.0,xgboost_change
3,2022-08-01,2022-06-01,2,698890.625,680061.0,xgboost_change
3,2022-09-01,2022-06-01,3,688507.5625,656779.0,xgboost_change
3,2022-10-01,2022-06-01,4,678334.1875,643035.0,xgboost_change
3,2022-11-01,2022-06-01,5,669723.5625,617247.0,xgboost_change
3,2022-12-01,2022-06-01,6,661129.125,615091.0,xgboost_change
3,2023-01-01,2022-06-01,7,663332.75,627659.0,xgboost_change
3,2023-02-01,2022-06-01,8,666054.625,634789.0,xgboost_change
3,2023-03-01,2022-06-01,9,671731.6875,632979.0,xgboost_change
3,2023-04-01,2022-06-01,10,671360.375,616409.0,xgboost_change
3,2023-05-01,2022-06-01,11,663868.6875,604090.0,xgboost_change
3,2023-06-01,2022-06-01,12,656781.5625,593587.0,xgboost_change
4,2022-07-01,2022-06-01,1,24125.998046875,23644.0,xgboost_change
4,2022-08-01,2022-06-01,2,23585.427734375,22754.0,xgboost_change
4,2022-09-01,2022-06-01,3,23638.767578125,23471.0,xgboost_change
4,2022-10-01,2022-06-01,4,23881.787109375,23509.0,xgboost_change
4,2022-11-01,2022-06-01,5,23825.587890625,24902.0,xgboost_change
4,2022-12-01,2022-06-01,6,23528.12109375,24421.0,xgboost_change
4,2023-01-01,2022-06-01,7,23798.26171875,23934.0,xgboost_change
4,2023-02-01,2022-06-01,8,23798.86328125,24737.0,xgboost_change
4,2023-03-01,2022-06-01,9,25223.810546875,25756.0,xgboost_change
4,2023-04-01,2022-06-01,10,24227.564453125,25956.0,xgboost_change
4,2023-05-01,2022-06-01,11,24769.865234375,26155.0,xgboost_change
4,2023-06-01,2022-06-01,12,23828.298828125,24830.0,xgboost_change
5,2022-07-01,2022-06-01,1,46666.0,50121.0,xgboost_change
5,2022-08-01,2022-06-01,2,46986.34765625,48567.0,xgboost_change
5,2022-09-01,2022-06-01,3,47642.1328125,48438.0,xgboost_change
5,2022-10-01,2022-06-01,4,48295.0859375,49593.0,xgboost_change
5,2022-11-01,2022-06-01,5,48315.4140625,48722.0,xgboost_change
5,2022-12-01,2022-06-01,6,47931.9375,48002.0,xgboost_change
5,2023-01-01,2022-06-01,7,48264.671875,48005.0,xgboost_change
5,2023-02-01,2022-06-01,8,48724.80859375,49287.0,xgboost_change
5,2023-03-01,2022-06-01,9,48660.40234375,49402.0,xgboost_change
5,2023-04-01,2022-06-01,10,48704.171875,52191.0,xgboost_change
5,2023-05-01,2022-06-01,11,48277.0234375,51745.0,xgboost_change
5,2023-06-01,2022-06-01,12,47768.4296875,49774.0,xgboost_change
1,2022-07-01,2022-06-01,1,8029.212188534773,7451.0,neural_network_change
1,2022-08-01,2022-06-01,2,7726.861167247694,7044.0,neural_network_change
1,2022-09-01,2022-06-01,3,7051.444057197123,7597.0,neural_network_change
1,2022-10-01,2022-06-01,4,6737.848456632496,8411.0,neural_network_change
1,2022-11-01,2022-06-01,5,6240.242656371948,7340.0,neural_network_change
1,2022-12-01,2022-06-01,6,6124.698584191758,7612.0,neural_network_change
1,2023-01-01,2022-06-01,7,6101.875697610625,7164.0,neural_network_change
1,2023-02-01,2022-06-01,8,6414.535506408047,7617.0,neural_network_change
1,2023-03-01,2022-06-01,9,6532.830347988358,7033.0,neural_network_change
1,2023-04-01,2022-06-01,10,6771.579816371189,8147.0,neural_network_change
1,2023-05-01,2022-06-01,11,6689.956551254659,7900.0,neural_network_change
1,2023-06-01,2022-06-01,12,6770.138111959409,7493.0,neural_network_change
2,2022-07-01,2022-06-01,1,102819.77203458488,108992.0,neural_network_change
2,2022-08-01,2022-06-01,2,101811.3596032152,106416.0,neural_network_change
2,2022-09-01,2022-06-01,3,101599.4067805291,109108.0,neural_network_change
2,2022-10-01,2022-06-01,4,103350.6699188837,113699.0,neural_network_change
2,2022-11-01,2022-06-01,5,106156.43948584584,106829.0,neural_network_change
2,2022-12-01,2022-06-01,6,108522.42977122353,107006.0,neural_network_change
2,2023-01-01,2022-06-01,7,110171.92190288498,123976.0,neural_network_change
2,2023-02-01,2022-06-01,8,110850.09536268107,127518.0,neural_network_change
2,2023-03-01,2022-06-01,9,112096.48735119095,121224.0,neural_network_change
2,2023-04-01,2022-06-01,10,111959.83802443495,120647.0,neural_network_change
2,2023-05-01,2022-06-01,11,110931.262545446,125119.0,neural_network_change
2,2023-06-01,2022-06-01,12,108528.75348670087,126189.0,neural_network_change
3,2022-07-01,2022-06-01,1,706733.8834475133,701873.0,neural_network_change
3,2022-08-01,2022-06-01,2,694485.971985704,680061.0,neural_network_change
3,2022-09-01,2022-06-01,3,684549.974880734,656779.0,neural_network_change
3,2022-10-01,2022-06-01,4,675812.9294920069,643035.0,neural_network_change
3,2022-11-01,2022-06-01,5,668562.2820240716,617247.0,neural_network_change
3,2022-12-01,2022-06-01,6,663878.0161060034,615091.0,neural_network_change
3,2023-01-01,2022-06-01,7,662650.6003681045,627659.0,neural_network_change
3,2023-02-01,2022-06-01,8,662830.0815662087,634789.0,neural_network_change
3,2023-03-01,2022-06-01,9,663290.0409929935,632979.0,neural_network_change
3,2023-04-01,2022-06-01,10,661278.81628104,616409.0,neural_network_change
3,2023-05-01,2022-06-01,11,655789.3246136926,604090.0,neural_network_change
3,2023-06-01,2022-06-01,12,646946.4674677645,593587.0,neural_network_change
4,2022-07-01,2022-06-01,1,23900.68482555708,23644.0,neural_network_change
4,2022-08-01,2022-06-01,2,23512.92044790051,22754.0,neural_network_change
4,2022-09-01,2022-06-01,3,23466.214057814646,23471.0,neural_network_change
4,2022-10-01,2022-06-01,4,23546.124912626714,23509.0,neural_network_change
4,2022-11-01,2022-06-01,5,23779.26700157688,24902.0,neural_network_change
4,2022-12-01,2022-06-01,6,23848.58586421465,24421.0,neural_network_change
4,2023-01-01,2022-06-01,7,23777.198568178846,23934.0,neural_network_change
4,2023-02-01,2022-06-01,8,23718.891401129007,24737.0,neural_network_change
4,2023-03-01,2022-06-01,9,24663.725433493382,25756.0,neural_network_change
4,2023-04-01,2022-06-01,10,24243.904921213114,25956.0,neural_network_change
4,2023-05-01,2022-06-01,11,24989.715009651234,26155.0,neural_network_change
4,2023-06-01,2022-06-01,12,24539.913972900587,24830.0,neural_network_change
5,2022-07-01,2022-06-01,1,45743.17201471455,50121.0,neural_network_change
5,2022-08-01,2022-06-01,2,46287.38764305461,48567.0,neural_network_change
5,2022-09-01,2022-06-01,3,46597.535534678274,48438.0,neural_network_change
5,2022-10-01,2022-06-01,4,46678.65230107515,49593.0,neural_network_change
5,2022-11-01,2022-06-01,5,46817.606344996195,48722.0,neural_network_change
5,2022-12-01,2022-06-01,6,46890.67287394706,48002.0,neural_network_change
5,2023-01-01,2022-06-01,7,47196.57692187444,48005.0,neural_network_change
5,2023-02-01,2022-06-01,8,47116.77801634784,49287.0,neural_network_change
5,2023-03-01,2022-06-01,9,46738.04546450217,49402.0,neural_network_change
5,2023-04-01,2022-06-01,10,46938.76955576484,52191.0,neural_network_change
5,2023-05-01,2022-06-01,11,46606.04194872966,51745.0,neural_network_change
5,2023-06-01,2022-06-01,12,46273.74167920292,49774.0,neural_network_change
1,2022-07-01,2022-06-01,1,8466.471124061838,7451.0,rolling_ridge_change
1,2022-08-01,2022-06-01,2,8278.482453534034,7044.0,rolling_ridge_change
1,2022-09-01,2022-06-01,3,7957.270971749126,7597.0,rolling_ridge_change
1,2022-10-01,2022-06-01,4,7819.913964422563,8411.0,rolling_ridge_change
1,2022-11-01,2022-06-01,5,7550.456729003053,7340.0,rolling_ridge_change
1,2022-12-01,2022-06-01,6,7431.496081437825,7612.0,rolling_ridge_change
1,2023-01-01,2022-06-01,7,7410.898210723453,7164.0,rolling_ridge_change
1,2023-02-01,2022-06-01,8,7642.488285757453,7617.0,rolling_ridge_change
1,2023-03-01,2022-06-01,9,7909.891297440069,7033.0,rolling_ridge_change
1,2023-04-01,2022-06-01,10,8137.2387917865235,8147.0,rolling_ridge_change
1,2023-05-01,2022-06-01,11,8106.545295355733,7900.0,rolling_ridge_change
1,2023-06-01,2022-06-01,12,8092.779004666389,7493.0,rolling_ridge_change
2,2022-07-01,2022-06-01,1,103614.84925451077,108992.0,rolling_ridge_change
2,2022-08-01,2022-06-01,2,103429.697076734,106416.0,rolling_ridge_change
2,2022-09-01,2022-06-01,3,103346.0524599413,109108.0,rolling_ridge_change
2,2022-10-01,2022-06-01,4,103610.50162385205,113699.0,rolling_ridge_change
2,2022-11-01,2022-06-01,5,104063.92234864662,106829.0,rolling_ridge_change
2,2022-12-01,2022-06-01,6,104328.02298339277,107006.0,rolling_ridge_change
2,2023-01-01,2022-06-01,7,104314.86353098176,123976.0,rolling_ridge_change
2,2023-02-01,2022-06-01,8,104088.05341386895,127518.0,rolling_ridge_change
2,2023-03-01,2022-06-01,9,104143.33943285924,121224.0,rolling_ridge_change
2,2023-04-01,2022-06-01,10,103996.89911282783,120647.0,rolling_ridge_change
2,2023-05-01,2022-06-01,11,103880.78250954853,125119.0,rolling_ridge_change
2,2023-06-01,2022-06-01,12,103542.76762901901,126189.0,rolling_ridge_change
3,2022-07-01,2022-06-01,1,714716.4717486592,701873.0,rolling_ridge_change
3,2022-08-01,2022-06-01,2,706322.4714972164,680061.0,rolling_ridge_change
3,2022-09-01,2022-06-01,3,697860.3408209732,656779.0,rolling_ridge_change
3,2022-10-01,2022-06-01,4,689492.7336075653,643035.0,rolling_ridge_change
3,2022-11-01,2022-06-01,5,683382.2661075831,617247.0,rolling_ridge_change
3,2022-12-01,2022-06-01,6,678678.5414191292,615091.0,rolling_ridge_change
3,2023-01-01,2022-06-01,7,675254.9735346371,627659.0,rolling_ridge_change
3,2023-02-01,2022-06-01,8,672140.6949986587,634789.0,rolling_ridge_change
3,2023-03-01,2022-06-01,9,667884.6160889823,632979.0,rolling_ridge_change
3,2023-04-01,2022-06-01,10,663051.8268472445,616409.0,rolling_ridge_change
3,2023-05-01,2022-06-01,11,657498.6682292318,604090.0,rolling_ridge_change
3,2023-06-01,2022-06-01,12,652221.9376726118,593587.0,rolling_ridge_change
4,2022-07-01,2022-06-01,1,23907.97962381811,23644.0,rolling_ridge_change
4,2022-08-01,2022-06-01,2,23598.44155877103,22754.0,rolling_ridge_change
4,2022-09-01,2022-06-01,3,23322.306395020347,23471.0,rolling_ridge_change
4,2022-10-01,2022-06-01,4,23238.424219598604,23509.0,rolling_ridge_change
4,2022-11-01,2022-06-01,5,23375.604951301055,24902.0,rolling_ridge_change
4,2022-12-01,2022-06-01,6,23499.560969365473,24421.0,rolling_ridge_change
4,2023-01-01,2022-06-01,7,23481.608978848923,23934.0,rolling_ridge_change
4,2023-02-01,2022-06-01,8,23439.437693624775,24737.0,rolling_ridge_change
4,2023-03-01,2022-06-01,9,23873.247856713126,25756.0,rolling_ridge_change
4,2023-04-01,2022-06-01,10,23711.13985271617,25956.0,rolling_ridge_change
4,2023-05-01,2022-06-01,11,24014.98749671545,26155.0,rolling_ridge_change
4,2023-06-01,2022-06-01,12,23940.166109636633,24830.0,rolling_ridge_change
5,2022-07-01,2022-06-01,1,46228.562023939034,50121.0,rolling_ridge_change
5,2022-08-01,2022-06-01,2,46116.057709011235,48567.0,rolling_ridge_change
5,2022-09-01,2022-06-01,3,45962.02250641022,48438.0,rolling_ridge_change
5,2022-10-01,2022-06-01,4,45899.11235802511,49593.0,rolling_ridge_change
5,2022-11-01,2022-06-01,5,46032.67283730304,48722.0,rolling_ridge_change
5,2022-12-01,2022-06-01,6,46319.741092148804,48002.0,rolling_ridge_change
5,2023-01-01,2022-06-01,7,46568.10598887092,48005.0,rolling_ridge_change
5,2023-02-01,2022-06-01,8,46829.6176827072,49287.0,rolling_ridge_change
5,2023-03-01,2022-06-01,9,46920.063386571026,49402.0,rolling_ridge_change
5,2023-04-01,2022-06-01,10,47043.87727912179,52191.0,rolling_ridge_change
5,2023-05-01,2022-06-01,11,46929.58456786927,51745.0,rolling_ridge_change
5,2023-06-01,2022-06-01,12,46719.450282532984,49774.0,rolling_ridge_change
1,2022-07-01,2022-06-01,1,8450.749343082154,7451.0,damped_ridge_change
1,2022-08-01,2022-06-01,2,8262.388255435188,7044.0,damped_ridge_change
1,2022-09-01,2022-06-01,3,8046.73315537804,7597.0,damped_ridge_change
1,2022-10-01,2022-06-01,4,7919.146555458608,8411.0,damped_ridge_change
1,2022-11-01,2022-06-01,5,7819.191824095256,7340.0,damped_ridge_change
1,2022-12-01,2022-06-01,6,7826.00506416428,7612.0,damped_ridge_change
1,2023-01-01,2022-06-01,7,7890.9059120854145,7164.0,damped_ridge_change
1,2023-02-01,2022-06-01,8,8030.875407623497,7617.0,damped_ridge_change
1,2023-03-01,2022-06-01,9,8129.420066822864,7033.0,damped_ridge_change
1,2023-04-01,2022-06-01,10,8191.498332028121,8147.0,damped_ridge_change
1,2023-05-01,2022-06-01,11,8123.900733505134,7900.0,damped_ridge_change
1,2023-06-01,2022-06-01,12,8039.310090528978,7493.0,damped_ridge_change
2,2022-07-01,2022-06-01,1,103303.7932007755,108992.0,damped_ridge_change
2,2022-08-01,2022-06-01,2,102733.6895334281,106416.0,damped_ridge_change
2,2022-09-01,2022-06-01,3,102483.94406179134,109108.0,damped_ridge_change
2,2022-10-01,2022-06-01,4,102926.00992594304,113699.0,damped_ridge_change
2,2022-11-01,2022-06-01,5,103888.6860724173,106829.0,damped_ridge_change
2,2022-12-01,2022-06-01,6,104886.5294267736,107006.0,damped_ridge_change
2,2023-01-01,2022-06-01,7,105708.91907614477,123976.0,damped_ridge_change
2,2023-02-01,2022-06-01,8,106068.58727151592,127518.0,damped_ridge_change
2,2023-03-01,2022-06-01,9,106540.90243644791,121224.0,damped_ridge_change
2,2023-04-01,2022-06-01,10,106423.98693621646,120647.0,damped_ridge_change
2,2023-05-01,2022-06-01,11,106123.02264554938,125119.0,damped_ridge_change
2,2023-06-01,2022-06-01,12,105324.68506363,126189.0,damped_ridge_change
3,2022-07-01,2022-06-01,1,718501.4005749102,701873.0,damped_ridge_change
3,2022-08-01,2022-06-01,2,714793.4949044378,680061.0,damped_ridge_change
3,2022-09-01,2022-06-01,3,711836.4093639756,656779.0,damped_ridge_change
3,2022-10-01,2022-06-01,4,709154.19279848,643035.0,damped_ridge_change
3,2022-11-01,2022-06-01,5,708105.6037674256,617247.0,damped_ridge_change
3,2022-12-01,2022-06-01,6,708985.0310492698,615091.0,damped_ridge_change
3,2023-01-01,2022-06-01,7,710894.504259101,627659.0,damped_ridge_change
3,2023-02-01,2022-06-01,8,712409.1276835597,634789.0,damped_ridge_change
3,2023-03-01,2022-06-01,9,713166.347359581,632979.0,damped_ridge_change
3,2023-04-01,2022-06-01,10,713591.1487494684,616409.0,damped_ridge_change
3,2023-05-01,2022-06-01,11,713452.8778250994,604090.0,damped_ridge_change
3,2023-06-01,2022-06-01,12,713119.6735108205,593587.0,damped_ridge_change
4,2022-07-01,2022-06-01,1,23869.154434488973,23644.0,damped_ridge_change
4,2022-08-01,2022-06-01,2,23726.15501984425,22754.0,damped_ridge_change
4,2022-09-01,2022-06-01,3,23598.90485960021,23471.0,damped_ridge_change
4,2022-10-01,2022-06-01,4,23569.76099595104,23509.0,damped_ridge_change
4,2022-11-01,2022-06-01,5,23690.394635802473,24902.0,damped_ridge_change
4,2022-12-01,2022-06-01,6,23800.885488957312,24421.0,damped_ridge_change
4,2023-01-01,2022-06-01,7,23874.47703964094,23934.0,damped_ridge_change
4,2023-02-01,2022-06-01,8,23891.014149892286,24737.0,damped_ridge_change
4,2023-03-01,2022-06-01,9,24076.591491109833,25756.0,damped_ridge_change
4,2023-04-01,2022-06-01,10,23956.509416101995,25956.0,damped_ridge_change
4,2023-05-01,2022-06-01,11,24025.08031283939,26155.0,damped_ridge_change
4,2023-06-01,2022-06-01,12,23892.71510434277,24830.0,damped_ridge_change
5,2022-07-01,2022-06-01,1,46097.066518935695,50121.0,damped_ridge_change
5,2022-08-01,2022-06-01,2,46138.49195675959,48567.0,damped_ridge_change
5,2022-09-01,2022-06-01,3,46039.3503250172,48438.0,damped_ridge_change
5,2022-10-01,2022-06-01,4,46123.74576523824,49593.0,damped_ridge_change
5,2022-11-01,2022-06-01,5,46351.551415916285,48722.0,damped_ridge_change
5,2022-12-01,2022-06-01,6,46643.25997748723,48002.0,damped_ridge_change
5,2023-01-01,2022-06-01,7,47059.933249197675,48005.0,damped_ridge_change
5,2023-02-01,2022-06-01,8,47357.334281524694,49287.0,damped_ridge_change
5,2023-03-01,2022-06-01,9,47503.466051490606,49402.0,damped_ridge_change
5,2023-04-01,2022-06-01,10,47641.43131184077,52191.0,damped_ridge_change
5,2023-05-01,2022-06-01,11,47504.66398841469,51745.0,damped_ridge_change
5,2023-06-01,2022-06-01,12,47371.00940591539,49774.0,damped_ridge_change
1,2022-07-01,2022-06-01,1,8199.37663382027,7451.0,ensemble_change
1,2022-08-01,2022-06-01,2,8003.432903277133,7044.0,ensemble_change
1,2022-09-01,2022-06-01,3,7664.920239329335,7597.0,ensemble_change
1,2022-10-01,2022-06-01,4,7461.091392888217,8411.0,ensemble_change
1,2022-11-01,2022-06-01,5,7246.393478421014,7340.0,ensemble_change
1,2022-12-01,2022-06-01,6,7148.284633491126,7612.0,ensemble_change
1,2023-01-01,2022-06-01,7,7245.241447636282,7164.0,ensemble_change
1,2023-02-01,2022-06-01,8,7378.321728896959,7617.0,ensemble_change
1,2023-03-01,2022-06-01,9,7485.137460177518,7033.0,ensemble_change
1,2023-04-01,2022-06-01,10,7554.440146406703,8147.0,ensemble_change
1,2023-05-01,2022-06-01,11,7450.0591396162845,7900.0,ensemble_change
1,2023-06-01,2022-06-01,12,7245.264485693846,7493.0,ensemble_change
2,2022-07-01,2022-06-01,1,102253.9913435565,108992.0,ensemble_change
2,2022-08-01,2022-06-01,2,100951.893213059,106416.0,ensemble_change
2,2022-09-01,2022-06-01,3,100242.39589728677,109108.0,ensemble_change
2,2022-10-01,2022-06-01,4,100939.94329103033,113699.0,ensemble_change
2,2022-11-01,2022-06-01,5,102253.37730752656,106829.0,ensemble_change
2,2022-12-01,2022-06-01,6,103530.58916403921,107006.0,ensemble_change
2,2023-01-01,2022-06-01,7,104127.06766963772,123976.0,ensemble_change
2,2023-02-01,2022-06-01,8,104519.54145495343,127518.0,ensemble_change
2,2023-03-01,2022-06-01,9,105410.62126772593,121224.0,ensemble_change
2,2023-04-01,2022-06-01,10,105544.76807594074,120647.0,ensemble_change
2,2023-05-01,2022-06-01,11,104813.19382332612,125119.0,ensemble_change
2,2023-06-01,2022-06-01,12,103555.13096649639,126189.0,ensemble_change
3,2022-07-01,2022-06-01,1,718346.0707068274,701873.0,ensemble_change
3,2022-08-01,2022-06-01,2,711089.0040352248,680061.0,ensemble_change
3,2022-09-01,2022-06-01,3,706693.9179138382,656779.0,ensemble_change
3,2022-10-01,2022-06-01,4,702880.4427016234,643035.0,ensemble_change
3,2022-11-01,2022-06-01,5,698950.4773634213,617247.0,ensemble_change
3,2022-12-01,2022-06-01,6,695001.3836451574,615091.0,ensemble_change
3,2023-01-01,2022-06-01,7,697288.0085690256,627659.0,ensemble_change
3,2023-02-01,2022-06-01,8,700478.3219091571,634789.0,ensemble_change
3,2023-03-01,2022-06-01,9,703874.8132037163,632979.0,ensemble_change
3,2023-04-01,2022-06-01,10,705003.320421106,616409.0,ensemble_change
3,2023-05-01,2022-06-01,11,703496.0597334875,604090.0,ensemble_change
3,2023-06-01,2022-06-01,12,699103.6969320076,593587.0,ensemble_change
4,2022-07-01,2022-06-01,1,23809.676953164966,23644.0,ensemble_change
4,2022-08-01,2022-06-01,2,23434.03578441724,22754.0,ensemble_change
4,2022-09-01,2022-06-01,3,23467.960053742965,23471.0,ensemble_change
4,2022-10-01,2022-06-01,4,23579.605445739177,23509.0,ensemble_change
4,2022-11-01,2022-06-01,5,23750.750985373867,24902.0,ensemble_change
4,2022-12-01,2022-06-01,6,23592.79920295427,24421.0,ensemble_change
4,2023-01-01,2022-06-01,7,23770.345978932277,23934.0,ensemble_change
4,2023-02-01,2022-06-01,8,23665.331102767792,24737.0,ensemble_change
4,2023-03-01,2022-06-01,9,24280.378177431274,25756.0,ensemble_change
4,2023-04-01,2022-06-01,10,24005.585276620775,25956.0,ensemble_change
4,2023-05-01,2022-06-01,11,23967.249546055966,26155.0,ensemble_change
4,2023-06-01,2022-06-01,12,23605.604879429706,24830.0,ensemble_change
5,2022-07-01,2022-06-01,1,46130.75561376222,50121.0,ensemble_change
5,2022-08-01,2022-06-01,2,46144.73610722047,48567.0,ensemble_change
5,2022-09-01,2022-06-01,3,46334.65209302342,48438.0,ensemble_change
5,2022-10-01,2022-06-01,4,46641.182365616085,49593.0,ensemble_change
5,2022-11-01,2022-06-01,5,46749.36375468563,48722.0,ensemble_change
5,2022-12-01,2022-06-01,6,46839.41723520916,48002.0,ensemble_change
5,2023-01-01,2022-06-01,7,47543.30682091457,48005.0,ensemble_change
5,2023-02-01,2022-06-01,8,48387.083107252336,49287.0,ensemble_change
5,2023-03-01,2022-06-01,9,48857.61951208391,49402.0,ensemble_change
5,2023-04-01,2022-06-01,10,49207.23348502724,52191.0,ensemble_change
5,2023-05-01,2022-06-01,11,49025.392721497694,51745.0,ensemble_change
5,2023-06-01,2022-06-01,12,48428.28393514024,49774.0,ensemble_change
1,2023-07-01,2023-06-01,1,7493.0,7796.0,persistence
1,2023-08-01,2023-06-01,2,7493.0,6905.0,persistence
1,2023-09-01,2023-06-01,3,7493.0,7540.0,persistence
1,2023-10-01,2023-06-01,4,7493.0,8621.0,persistence
1,2023-11-01,2023-06-01,5,7493.0,8518.0,persistence
1,2023-12-01,2023-06-01,6,7493.0,7201.0,persistence
1,2024-01-01,2023-06-01,7,7493.0,8093.0,persistence
1,2024-02-01,2023-06-01,8,7493.0,8615.0,persistence
1,2024-03-01,2023-06-01,9,7493.0,8824.0,persistence
1,2024-04-01,2023-06-01,10,7493.0,8943.0,persistence
1,2024-05-01,2023-06-01,11,7493.0,7981.0,persistence
1,2024-06-01,2023-06-01,12,7493.0,7754.0,persistence
2,2023-07-01,2023-06-01,1,126189.0,118771.0,persistence
2,2023-08-01,2023-06-01,2,126189.0,109216.0,persistence
2,2023-09-01,2023-06-01,3,126189.0,104432.0,persistence
2,2023-10-01,2023-06-01,4,126189.0,105146.0,persistence
2,2023-11-01,2023-06-01,5,126189.0,110776.0,persistence
2,2023-12-01,2023-06-01,6,126189.0,116557.0,persistence
2,2024-01-01,2023-06-01,7,126189.0,109117.0,persistence
2,2024-02-01,2023-06-01,8,126189.0,117652.0,persistence
2,2024-03-01,2023-06-01,9,126189.0,119599.0,persistence
2,2024-04-01,2023-06-01,10,126189.0,122265.0,persistence
2,2024-05-01,2023-06-01,11,126189.0,116543.0,persistence
2,2024-06-01,2023-06-01,12,126189.0,114321.0,persistence
3,2023-07-01,2023-06-01,1,593587.0,591983.0,persistence
3,2023-08-01,2023-06-01,2,593587.0,582019.0,persistence
3,2023-09-01,2023-06-01,3,593587.0,589125.0,persistence
3,2023-10-01,2023-06-01,4,593587.0,595213.0,persistence
3,2023-11-01,2023-06-01,5,593587.0,599648.0,persistence
3,2023-12-01,2023-06-01,6,593587.0,582167.0,persistence
3,2024-01-01,2023-06-01,7,593587.0,598600.0,persistence
3,2024-02-01,2023-06-01,8,593587.0,608050.0,persistence
3,2024-03-01,2023-06-01,9,593587.0,609462.0,persistence
3,2024-04-01,2023-06-01,10,593587.0,629996.0,persistence
3,2024-05-01,2023-06-01,11,593587.0,629892.0,persistence
3,2024-06-01,2023-06-01,12,593587.0,624154.0,persistence
4,2023-07-01,2023-06-01,1,24830.0,24055.0,persistence
4,2023-08-01,2023-06-01,2,24830.0,23585.0,persistence
4,2023-09-01,2023-06-01,3,24830.0,24045.0,persistence
4,2023-10-01,2023-06-01,4,24830.0,23932.0,persistence
4,2023-11-01,2023-06-01,5,24830.0,24684.0,persistence
4,2023-12-01,2023-06-01,6,24830.0,25827.0,persistence
4,2024-01-01,2023-06-01,7,24830.0,24185.0,persistence
4,2024-02-01,2023-06-01,8,24830.0,25631.0,persistence
4,2024-03-01,2023-06-01,9,24830.0,26186.0,persistence
4,2024-04-01,2023-06-01,10,24830.0,24951.0,persistence
4,2024-05-01,2023-06-01,11,24830.0,24254.0,persistence
4,2024-06-01,2023-06-01,12,24830.0,22935.0,persistence
5,2023-07-01,2023-06-01,1,49774.0,44796.0,persistence
5,2023-08-01,2023-06-01,2,49774.0,45906.0,persistence
5,2023-09-01,2023-06-01,3,49774.0,43997.0,persistence
5,2023-10-01,2023-06-01,4,49774.0,44355.0,persistence
5,2023-11-01,2023-06-01,5,49774.0,50123.0,persistence
5,2023-12-01,2023-06-01,6,49774.0,49423.0,persistence
5,2024-01-01,2023-06-01,7,49774.0,46173.0,persistence
5,2024-02-01,2023-06-01,8,49774.0,49347.0,persistence
5,2024-03-01,2023-06-01,9,49774.0,47617.0,persistence
5,2024-04-01,2023-06-01,10,49774.0,45362.0,persistence
5,2024-05-01,2023-06-01,11,49774.0,46523.0,persistence
5,2024-06-01,2023-06-01,12,49774.0,44390.0,persistence
1,2023-07-01,2023-06-01,1,7451.0,7796.0,seasonal_naive
1,2023-08-01,2023-06-01,2,7044.0,6905.0,seasonal_naive
1,2023-09-01,2023-06-01,3,7597.0,7540.0,seasonal_naive
1,2023-10-01,2023-06-01,4,8411.0,8621.0,seasonal_naive
1,2023-11-01,2023-06-01,5,7340.0,8518.0,seasonal_naive
1,2023-12-01,2023-06-01,6,7612.0,7201.0,seasonal_naive
1,2024-01-01,2023-06-01,7,7164.0,8093.0,seasonal_naive
1,2024-02-01,2023-06-01,8,7617.0,8615.0,seasonal_naive
1,2024-03-01,2023-06-01,9,7033.0,8824.0,seasonal_naive
1,2024-04-01,2023-06-01,10,8147.0,8943.0,seasonal_naive
1,2024-05-01,2023-06-01,11,7900.0,7981.0,seasonal_naive
1,2024-06-01,2023-06-01,12,7493.0,7754.0,seasonal_naive
2,2023-07-01,2023-06-01,1,108992.0,118771.0,seasonal_naive
2,2023-08-01,2023-06-01,2,106416.0,109216.0,seasonal_naive
2,2023-09-01,2023-06-01,3,109108.0,104432.0,seasonal_naive
2,2023-10-01,2023-06-01,4,113699.0,105146.0,seasonal_naive
2,2023-11-01,2023-06-01,5,106829.0,110776.0,seasonal_naive
2,2023-12-01,2023-06-01,6,107006.0,116557.0,seasonal_naive
2,2024-01-01,2023-06-01,7,123976.0,109117.0,seasonal_naive
2,2024-02-01,2023-06-01,8,127518.0,117652.0,seasonal_naive
2,2024-03-01,2023-06-01,9,121224.0,119599.0,seasonal_naive
2,2024-04-01,2023-06-01,10,120647.0,122265.0,seasonal_naive
2,2024-05-01,2023-06-01,11,125119.0,116543.0,seasonal_naive
2,2024-06-01,2023-06-01,12,126189.0,114321.0,seasonal_naive
3,2023-07-01,2023-06-01,1,701873.0,591983.0,seasonal_naive
3,2023-08-01,2023-06-01,2,680061.0,582019.0,seasonal_naive
3,2023-09-01,2023-06-01,3,656779.0,589125.0,seasonal_naive
3,2023-10-01,2023-06-01,4,643035.0,595213.0,seasonal_naive
3,2023-11-01,2023-06-01,5,617247.0,599648.0,seasonal_naive
3,2023-12-01,2023-06-01,6,615091.0,582167.0,seasonal_naive
3,2024-01-01,2023-06-01,7,627659.0,598600.0,seasonal_naive
3,2024-02-01,2023-06-01,8,634789.0,608050.0,seasonal_naive
3,2024-03-01,2023-06-01,9,632979.0,609462.0,seasonal_naive
3,2024-04-01,2023-06-01,10,616409.0,629996.0,seasonal_naive
3,2024-05-01,2023-06-01,11,604090.0,629892.0,seasonal_naive
3,2024-06-01,2023-06-01,12,593587.0,624154.0,seasonal_naive
4,2023-07-01,2023-06-01,1,23644.0,24055.0,seasonal_naive
4,2023-08-01,2023-06-01,2,22754.0,23585.0,seasonal_naive
4,2023-09-01,2023-06-01,3,23471.0,24045.0,seasonal_naive
4,2023-10-01,2023-06-01,4,23509.0,23932.0,seasonal_naive
4,2023-11-01,2023-06-01,5,24902.0,24684.0,seasonal_naive
4,2023-12-01,2023-06-01,6,24421.0,25827.0,seasonal_naive
4,2024-01-01,2023-06-01,7,23934.0,24185.0,seasonal_naive
4,2024-02-01,2023-06-01,8,24737.0,25631.0,seasonal_naive
4,2024-03-01,2023-06-01,9,25756.0,26186.0,seasonal_naive
4,2024-04-01,2023-06-01,10,25956.0,24951.0,seasonal_naive
4,2024-05-01,2023-06-01,11,26155.0,24254.0,seasonal_naive
4,2024-06-01,2023-06-01,12,24830.0,22935.0,seasonal_naive
5,2023-07-01,2023-06-01,1,50121.0,44796.0,seasonal_naive
5,2023-08-01,2023-06-01,2,48567.0,45906.0,seasonal_naive
5,2023-09-01,2023-06-01,3,48438.0,43997.0,seasonal_naive
5,2023-10-01,2023-06-01,4,49593.0,44355.0,seasonal_naive
5,2023-11-01,2023-06-01,5,48722.0,50123.0,seasonal_naive
5,2023-12-01,2023-06-01,6,48002.0,49423.0,seasonal_naive
5,2024-01-01,2023-06-01,7,48005.0,46173.0,seasonal_naive
5,2024-02-01,2023-06-01,8,49287.0,49347.0,seasonal_naive
5,2024-03-01,2023-06-01,9,49402.0,47617.0,seasonal_naive
5,2024-04-01,2023-06-01,10,52191.0,45362.0,seasonal_naive
5,2024-05-01,2023-06-01,11,51745.0,46523.0,seasonal_naive
5,2024-06-01,2023-06-01,12,49774.0,44390.0,seasonal_naive
1,2023-07-01,2023-06-01,1,5441.2,7796.0,seasonal_change
1,2023-08-01,2023-06-01,2,5397.4,6905.0,seasonal_change
1,2023-09-01,2023-06-01,3,5223.4,7540.0,seasonal_change
1,2023-10-01,2023-06-01,4,5134.2,8621.0,seasonal_change
1,2023-11-01,2023-06-01,5,5053.599999999999,8518.0,seasonal_change
1,2023-12-01,2023-06-01,6,4757.999999999999,7201.0,seasonal_change
1,2024-01-01,2023-06-01,7,4926.799999999999,8093.0,seasonal_change
1,2024-02-01,2023-06-01,8,4503.999999999999,8615.0,seasonal_change
1,2024-03-01,2023-06-01,9,5044.399999999999,8824.0,seasonal_change
1,2024-04-01,2023-06-01,10,5370.5999999999985,8943.0,seasonal_change
1,2024-05-01,2023-06-01,11,5783.5999999999985,7981.0,seasonal_change
1,2024-06-01,2023-06-01,12,5777.5999999999985,7754.0,seasonal_change
2,2023-07-01,2023-06-01,1,124481.8,118771.0,seasonal_change
2,2023-08-01,2023-06-01,2,122239.40000000001,109216.0,seasonal_change
2,2023-09-01,2023-06-01,3,123171.20000000001,104432.0,seasonal_change
2,2023-10-01,2023-06-01,4,127892.80000000002,105146.0,seasonal_change
2,2023-11-01,2023-06-01,5,128208.20000000001,110776.0,seasonal_change
2,2023-12-01,2023-06-01,6,128369.20000000001,116557.0,seasonal_change
2,2024-01-01,2023-06-01,7,128679.80000000002,109117.0,seasonal_change
2,2024-02-01,2023-06-01,8,128168.40000000002,117652.0,seasonal_change
2,2024-03-01,2023-06-01,9,129079.20000000003,119599.0,seasonal_change
2,2024-04-01,2023-06-01,10,133028.80000000002,122265.0,seasonal_change
2,2024-05-01,2023-06-01,11,131667.00000000003,116543.0,seasonal_change
2,2024-06-01,2023-06-01,12,128857.00000000003,114321.0,seasonal_change
3,2023-07-01,2023-06-01,1,585423.2,591983.0,seasonal_change
3,2023-08-01,2023-06-01,2,572280.7999999999,582019.0,seasonal_change
3,2023-09-01,2023-06-01,3,565648.6,589125.0,seasonal_change
3,2023-10-01,2023-06-01,4,562962.6,595213.0,seasonal_change
3,2023-11-01,2023-06-01,5,556531.0,599648.0,seasonal_change
3,2023-12-01,2023-06-01,6,546631.0,582167.0,seasonal_change
3,2024-01-01,2023-06-01,7,548722.2,598600.0,seasonal_change
3,2024-02-01,2023-06-01,8,555050.2,608050.0,seasonal_change
3,2024-03-01,2023-06-01,9,558988.3999999999,609462.0,seasonal_change
3,2024-04-01,2023-06-01,10,555409.9999999999,629996.0,seasonal_change
3,2024-05-01,2023-06-01,11,547656.1999999998,629892.0,seasonal_change
3,2024-06-01,2023-06-01,12,537693.9999999999,624154.0,seasonal_change
4,2023-07-01,2023-06-01,1,24138.8,24055.0,seasonal_change
4,2023-08-01,2023-06-01,2,23836.8,23585.0,seasonal_change
4,2023-09-01,2023-06-01,3,23533.8,24045.0,seasonal_change
4,2023-10-01,2023-06-01,4,24363.399999999998,23932.0,seasonal_change
4,2023-11-01,2023-06-01,5,25430.199999999997,24684.0,seasonal_change
4,2023-12-01,2023-06-01,6,24735.399999999998,25827.0,seasonal_change
4,2024-01-01,2023-06-01,7,24270.199999999997,24185.0,seasonal_change
4,2024-02-01,2023-06-01,8,23743.399999999998,25631.0,seasonal_change
4,2024-03-01,2023-06-01,9,25346.199999999997,26186.0,seasonal_change
4,2024-04-01,2023-06-01,10,25877.399999999998,24951.0,seasonal_change
4,2024-05-01,2023-06-01,11,26515.999999999996,24254.0,seasonal_change
4,2024-06-01,2023-06-01,12,25384.799999999996,22935.0,seasonal_change
5,2023-07-01,2023-06-01,1,48749.2,44796.0,seasonal_change
5,2023-08-01,2023-06-01,2,48015.0,45906.0,seasonal_change
5,2023-09-01,2023-06-01,3,47874.6,43997.0,seasonal_change
5,2023-10-01,2023-06-01,4,49214.6,44355.0,seasonal_change
5,2023-11-01,2023-06-01,5,47827.0,50123.0,seasonal_change
5,2023-12-01,2023-06-01,6,46837.0,49423.0,seasonal_change
5,2024-01-01,2023-06-01,7,48835.6,46173.0,seasonal_change
5,2024-02-01,2023-06-01,8,50140.0,49347.0,seasonal_change
5,2024-03-01,2023-06-01,9,49530.4,47617.0,seasonal_change
5,2024-04-01,2023-06-01,10,50944.0,45362.0,seasonal_change
5,2024-05-01,2023-06-01,11,50443.0,46523.0,seasonal_change
5,2024-06-01,2023-06-01,12,49500.8,44390.0,seasonal_change
1,2023-07-01,2023-06-01,1,5536.444121510674,7796.0,forecast_flow_identity
1,2023-08-01,2023-06-01,2,5588.28824302135,6905.0,forecast_flow_identity
1,2023-09-01,2023-06-01,3,5506.65352190265,7540.0,forecast_flow_identity
1,2023-10-01,2023-06-01,4,5512.697643413323,8621.0,forecast_flow_identity
1,2023-11-01,2023-06-01,5,5524.462922294626,8518.0,forecast_flow_identity
1,2023-12-01,2023-06-01,6,5324.307043805298,7201.0,forecast_flow_identity
1,2024-01-01,2023-06-01,7,5588.951165315966,8093.0,forecast_flow_identity
1,2024-02-01,2023-06-01,8,5235.523315853596,8615.0,forecast_flow_identity
1,2024-03-01,2023-06-01,9,5871.567437364267,8824.0,forecast_flow_identity
1,2024-04-01,2023-06-01,10,6289.932716245561,8943.0,forecast_flow_identity
1,2024-05-01,2023-06-01,11,6798.776837756237,7981.0,forecast_flow_identity
1,2024-06-01,2023-06-01,12,6885.342116637536,7754.0,forecast_flow_identity
2,2023-07-01,2023-06-01,1,123721.49861247948,118771.0,forecast_flow_identity
2,2023-08-01,2023-06-01,2,120718.19722495896,109216.0,forecast_flow_identity
2,2023-09-01,2023-06-01,3,120914.0216886488,104432.0,forecast_flow_identity
2,2023-10-01,2023-06-01,4,124875.12030112832,105146.0,forecast_flow_identity
2,2023-11-01,2023-06-01,5,124454.74476481813,110776.0,forecast_flow_identity
2,2023-12-01,2023-06-01,6,123855.4433772976,116557.0,forecast_flow_identity
2,2024-01-01,2023-06-01,7,123405.9419897771,109117.0,forecast_flow_identity
2,2024-02-01,2023-06-01,8,122171.09944753439,117652.0,forecast_flow_identity
2,2024-03-01,2023-06-01,9,122321.59806001387,119599.0,forecast_flow_identity
2,2024-04-01,2023-06-01,10,125535.4225237037,122265.0,forecast_flow_identity
2,2024-05-01,2023-06-01,11,123413.72113618319,116543.0,forecast_flow_identity
2,2024-06-01,2023-06-01,12,119867.94559987303,114321.0,forecast_flow_identity
3,2023-07-01,2023-06-01,1,572823.501754926,591983.0,forecast_flow_identity
3,2023-08-01,2023-06-01,2,547081.6035098521,582019.0,forecast_flow_identity
3,2023-09-01,2023-06-01,3,528256.1471436515,589125.0,forecast_flow_identity
3,2023-10-01,2023-06-01,4,512969.84889857756,595213.0,forecast_flow_identity
3,2023-11-01,2023-06-01,5,494344.9925323769,599648.0,forecast_flow_identity
3,2023-12-01,2023-06-01,6,471845.49428730295,582167.0,forecast_flow_identity
3,2024-01-01,2023-06-01,7,461336.796042229,598600.0,forecast_flow_identity
3,2024-02-01,2023-06-01,8,456005.0744120446,608050.0,forecast_flow_identity
3,2024-03-01,2023-06-01,9,447343.97616697056,609462.0,forecast_flow_identity
3,2024-04-01,2023-06-01,10,431571.91980077,629996.0,forecast_flow_identity
3,2024-05-01,2023-06-01,11,411218.421555696,629892.0,forecast_flow_identity
3,2024-06-01,2023-06-01,12,389062.76518949546,624154.0,forecast_flow_identity
4,2023-07-01,2023-06-01,1,24057.63233374384,24055.0,forecast_flow_identity
4,2023-08-01,2023-06-01,2,23674.264667487685,23585.0,forecast_flow_identity
4,2023-09-01,2023-06-01,3,23292.128216272045,24045.0,forecast_flow_identity
4,2023-10-01,2023-06-01,4,24039.960550015887,23932.0,forecast_flow_identity
4,2023-11-01,2023-06-01,5,25027.424098800246,24684.0,forecast_flow_identity
4,2023-12-01,2023-06-01,6,24251.456432544088,25827.0,forecast_flow_identity
4,2024-01-01,2023-06-01,7,23704.688766287934,24185.0,forecast_flow_identity
4,2024-02-01,2023-06-01,8,23099.547815827107,25631.0,forecast_flow_identity
4,2024-03-01,2023-06-01,9,24620.58014957095,26186.0,forecast_flow_identity
4,2024-04-01,2023-06-01,10,25072.843698355315,24951.0,forecast_flow_identity
4,2024-05-01,2023-06-01,11,25630.076032099154,24254.0,forecast_flow_identity
4,2024-06-01,2023-06-01,12,24420.139580883522,22935.0,forecast_flow_identity
5,2023-07-01,2023-06-01,1,48704.55858374382,44796.0,forecast_flow_identity
5,2023-08-01,2023-06-01,2,47971.263655582894,45906.0,forecast_flow_identity
5,2023-09-01,2023-06-01,3,47832.12662833037,43997.0,forecast_flow_identity
5,2023-10-01,2023-06-01,4,49173.83170016943,44355.0,forecast_flow_identity
5,2023-11-01,2023-06-01,5,47787.094672916915,50123.0,forecast_flow_identity
5,2023-12-01,2023-06-01,6,46798.39974475597,49423.0,forecast_flow_identity
5,2024-01-01,2023-06-01,7,48798.704816595025,46173.0,forecast_flow_identity
5,2024-02-01,2023-06-01,8,50149.418547393776,49347.0,forecast_flow_identity
5,2024-03-01,2023-06-01,9,49541.32361923284,47617.0,forecast_flow_identity
5,2024-04-01,2023-06-01,10,50956.386591980314,45362.0,forecast_flow_identity
5,2024-05-01,2023-06-01,11,50456.89166381938,46523.0,forecast_flow_identity
5,2024-06-01,2023-06-01,12,49516.154636566855,44390.0,forecast_flow_identity
1,2023-07-01,2023-06-01,1,7936.88937602596,7796.0,legacy_constrained_level
1,2023-08-01,2023-06-01,2,8335.450805054646,6905.0,legacy_constrained_level
1,2023-09-01,2023-06-01,3,8693.312969118017,7540.0,legacy_constrained_level
1,2023-10-01,2023-06-01,4,9014.63189047029,8621.0,legacy_constrained_level
1,2023-11-01,2023-06-01,5,9303.139197436403,8518.0,legacy_constrained_level
1,2023-12-01,2023-06-01,6,9562.185461573412,7201.0,legacy_constrained_level
1,2024-01-01,2023-06-01,7,9794.779109439745,8093.0,legacy_constrained_level
1,2024-02-01,2023-06-01,8,10003.621360873083,8615.0,legacy_constrained_level
1,2024-03-01,2023-06-01,9,10191.137599531545,8824.0,legacy_constrained_level
1,2024-04-01,2023-06-01,10,10359.505540019109,8943.0,legacy_constrained_level
1,2024-05-01,2023-06-01,11,10510.680518713385,7981.0,legacy_constrained_level
1,2024-06-01,2023-06-01,12,10646.418202010065,7754.0,legacy_constrained_level
2,2023-07-01,2023-06-01,1,124907.0658270913,118771.0,legacy_constrained_level
2,2023-08-01,2023-06-01,2,122134.2399647834,109216.0,legacy_constrained_level
2,2023-09-01,2023-06-01,3,119511.99298762494,104432.0,legacy_constrained_level
2,2023-10-01,2023-06-01,4,118392.7157544502,105146.0,legacy_constrained_level
2,2023-11-01,2023-06-01,5,118013.53104160533,110776.0,legacy_constrained_level
2,2023-12-01,2023-06-01,6,117128.78194708865,116557.0,legacy_constrained_level
2,2024-01-01,2023-06-01,7,115793.88939311697,109117.0,legacy_constrained_level
2,2024-02-01,2023-06-01,8,114398.19692826204,117652.0,legacy_constrained_level
2,2024-03-01,2023-06-01,9,114440.89932461636,119599.0,legacy_constrained_level
2,2024-04-01,2023-06-01,10,114118.91973509533,122265.0,legacy_constrained_level
2,2024-05-01,2023-06-01,11,114305.55547721627,116543.0,legacy_constrained_level
2,2024-06-01,2023-06-01,12,113164.36737508132,114321.0,legacy_constrained_level
3,2023-07-01,2023-06-01,1,585344.4171787729,591983.0,legacy_constrained_level
3,2023-08-01,2023-06-01,2,575924.3403830865,582019.0,legacy_constrained_level
3,2023-09-01,2023-06-01,3,566425.5652907233,589125.0,legacy_constrained_level
3,2023-10-01,2023-06-01,4,559957.3673406077,595213.0,legacy_constrained_level
3,2023-11-01,2023-06-01,5,551838.2387076289,599648.0,legacy_constrained_level
3,2023-12-01,2023-06-01,6,543253.7337572332,582167.0,legacy_constrained_level
3,2024-01-01,2023-06-01,7,533039.0700235562,598600.0,legacy_constrained_level
3,2024-02-01,2023-06-01,8,525300.055668215,608050.0,legacy_constrained_level
3,2024-03-01,2023-06-01,9,519073.4061447704,609462.0,legacy_constrained_level
3,2024-04-01,2023-06-01,10,511380.34148945817,629996.0,legacy_constrained_level
3,2024-05-01,2023-06-01,11,503079.20033913234,629892.0,legacy_constrained_level
3,2024-06-01,2023-06-01,12,492708.7059887596,624154.0,legacy_constrained_level
4,2023-07-01,2023-06-01,1,24823.711745465433,24055.0,legacy_constrained_level
4,2023-08-01,2023-06-01,2,24599.55597919828,23585.0,legacy_constrained_level
4,2023-09-01,2023-06-01,3,24473.185420270962,24045.0,legacy_constrained_level
4,2023-10-01,2023-06-01,4,24379.26406173418,23932.0,legacy_constrained_level
4,2023-11-01,2023-06-01,5,24450.762792558973,24684.0,legacy_constrained_level
4,2023-12-01,2023-06-01,6,24518.877544954765,25827.0,legacy_constrained_level
4,2024-01-01,2023-06-01,7,24510.749395082516,24185.0,legacy_constrained_level
4,2024-02-01,2023-06-01,8,24522.601829541247,25631.0,legacy_constrained_level
4,2024-03-01,2023-06-01,9,24498.152819036986,26186.0,legacy_constrained_level
4,2024-04-01,2023-06-01,10,24540.049243755366,24951.0,legacy_constrained_level
4,2024-05-01,2023-06-01,11,24703.068233152928,24254.0,legacy_constrained_level
4,2024-06-01,2023-06-01,12,24767.755136525848,22935.0,legacy_constrained_level
5,2023-07-01,2023-06-01,1,49166.32517888327,44796.0,legacy_constrained_level
5,2023-08-01,2023-06-01,2,49411.404866588884,45906.0,legacy_constrained_level
5,2023-09-01,2023-06-01,3,49352.82535744874,43997.0,legacy_constrained_level
5,2023-10-01,2023-06-01,4,49464.60519688892,44355.0,legacy_constrained_level
5,2023-11-01,2023-06-01,5,49773.42584853413,50123.0,legacy_constrained_level
5,2023-12-01,2023-06-01,6,49880.516935402324,49423.0,legacy_constrained_level
5,2024-01-01,2023-06-01,7,49968.84026621591,46173.0,legacy_constrained_level
5,2024-02-01,2023-06-01,8,50209.51055428861,49347.0,legacy_constrained_level
5,2024-03-01,2023-06-01,9,50430.845315894054,47617.0,legacy_constrained_level
5,2024-04-01,2023-06-01,10,50230.59356387206,45362.0,legacy_constrained_level
5,2024-05-01,2023-06-01,11,50466.83680086452,46523.0,legacy_constrained_level
5,2024-06-01,2023-06-01,12,50185.97597519867,44390.0,legacy_constrained_level
1,2023-07-01,2023-06-01,1,7439.362543210877,7796.0,constrained_level
1,2023-08-01,2023-06-01,2,7662.394173731647,6905.0,constrained_level
1,2023-09-01,2023-06-01,3,7952.041891025184,7540.0,constrained_level
1,2023-10-01,2023-06-01,4,8101.985985715618,8621.0,constrained_level
1,2023-11-01,2023-06-01,5,8068.61948271793,8518.0,constrained_level
1,2023-12-01,2023-06-01,6,8089.578341440322,7201.0,constrained_level
1,2024-01-01,2023-06-01,7,8159.484619262819,8093.0,constrained_level
1,2024-02-01,2023-06-01,8,8362.208375981278,8615.0,constrained_level
1,2024-03-01,2023-06-01,9,8248.813980295297,8824.0,constrained_level
1,2024-04-01,2023-06-01,10,8193.335725570993,8943.0,constrained_level
1,2024-05-01,2023-06-01,11,8092.389480359521,7981.0,constrained_level
1,2024-06-01,2023-06-01,12,8147.359244459614,7754.0,constrained_level
2,2023-07-01,2023-06-01,1,125376.36644093672,118771.0,constrained_level
2,2023-08-01,2023-06-01,2,122146.21537811396,109216.0,constrained_level
2,2023-09-01,2023-06-01,3,119167.63332746447,104432.0,constrained_level
2,2023-10-01,2023-06-01,4,117669.41658662599,105146.0,constrained_level
2,2023-11-01,2023-06-01,5,118117.15863815864,110776.0,constrained_level
2,2023-12-01,2023-06-01,6,116940.67478085638,116557.0,constrained_level
2,2024-01-01,2023-06-01,7,115788.01987703047,109117.0,constrained_level
2,2024-02-01,2023-06-01,8,114276.34825229751,117652.0,constrained_level
2,2024-03-01,2023-06-01,9,113604.07792635176,119599.0,constrained_level
2,2024-04-01,2023-06-01,10,113339.4438843079,122265.0,constrained_level
2,2024-05-01,2023-06-01,11,114284.45997232405,116543.0,constrained_level
2,2024-06-01,2023-06-01,12,112432.01368582543,114321.0,constrained_level
3,2023-07-01,2023-06-01,1,583885.4617454376,591983.0,constrained_level
3,2023-08-01,2023-06-01,2,573321.7700609687,582019.0,constrained_level
3,2023-09-01,2023-06-01,3,561805.8558227055,589125.0,constrained_level
3,2023-10-01,2023-06-01,4,552081.6762286731,595213.0,constrained_level
3,2023-11-01,2023-06-01,5,544218.0001224149,599648.0,constrained_level
3,2023-12-01,2023-06-01,6,536600.7447643856,582167.0,constrained_level
3,2024-01-01,2023-06-01,7,526778.0204831436,598600.0,constrained_level
3,2024-02-01,2023-06-01,8,520295.2177628949,608050.0,constrained_level
3,2024-03-01,2023-06-01,9,518195.46530776634,609462.0,constrained_level
3,2024-04-01,2023-06-01,10,512105.2837352014,629996.0,constrained_level
3,2024-05-01,2023-06-01,11,504969.763248898,629892.0,constrained_level
3,2024-06-01,2023-06-01,12,495856.00012552564,624154.0,constrained_level
4,2023-07-01,2023-06-01,1,24849.00701479632,24055.0,constrained_level
4,2023-08-01,2023-06-01,2,24734.297072477988,23585.0,constrained_level
4,2023-09-01,2023-06-01,3,24677.627503541116,24045.0,constrained_level
4,2023-10-01,2023-06-01,4,24607.662660069487,23932.0,constrained_level
4,2023-11-01,2023-06-01,5,24789.88228464564,24684.0,constrained_level
4,2023-12-01,2023-06-01,6,24897.06252741941,25827.0,constrained_level
4,2024-01-01,2023-06-01,7,24928.420909298336,24185.0,constrained_level
4,2024-02-01,2023-06-01,8,24953.750685075327,25631.0,constrained_level
4,2024-03-01,2023-06-01,9,24932.4280006432,26186.0,constrained_level
4,2024-04-01,2023-06-01,10,25071.694073734412,24951.0,constrained_level
4,2024-05-01,2023-06-01,11,25232.950207666086,24254.0,constrained_level
4,2024-06-01,2023-06-01,12,25387.654490889676,22935.0,constrained_level
5,2023-07-01,2023-06-01,1,48193.657419845156,44796.0,constrained_level
5,2023-08-01,2023-06-01,2,48046.407743720396,45906.0,constrained_level
5,2023-09-01,2023-06-01,3,47524.953910544886,43997.0,constrained_level
5,2023-10-01,2023-06-01,4,47642.34258654609,44355.0,constrained_level
5,2023-11-01,2023-06-01,5,48372.3016362307,50123.0,constrained_level
5,2023-12-01,2023-06-01,6,48018.79210143097,49423.0,constrained_level
5,2024-01-01,2023-06-01,7,47976.00953559841,46173.0,constrained_level
5,2024-02-01,2023-06-01,8,48689.226855052504,49347.0,constrained_level
5,2024-03-01,2023-06-01,9,48814.683772393444,47617.0,constrained_level
5,2024-04-01,2023-06-01,10,48407.41160707061,45362.0,constrained_level
5,2024-05-01,2023-06-01,11,48716.996263179186,46523.0,constrained_level
5,2024-06-01,2023-06-01,12,48386.10154690896,44390.0,constrained_level
1,2023-07-01,2023-06-01,1,7519.876049880758,7796.0,ridge_change
1,2023-08-01,2023-06-01,2,7537.234647411948,6905.0,ridge_change
1,2023-09-01,2023-06-01,3,7552.359791028419,7540.0,ridge_change
1,2023-10-01,2023-06-01,4,7576.5192547287525,8621.0,ridge_change
1,2023-11-01,2023-06-01,5,7584.315373278828,8518.0,ridge_change
1,2023-12-01,2023-06-01,6,7594.602059321248,7201.0,ridge_change
1,2024-01-01,2023-06-01,7,7607.11596487347,8093.0,ridge_change
1,2024-02-01,2023-06-01,8,7631.069838027645,8615.0,ridge_change
1,2024-03-01,2023-06-01,9,7651.487361044413,8824.0,ridge_change
1,2024-04-01,2023-06-01,10,7670.937833355769,8943.0,ridge_change
1,2024-05-01,2023-06-01,11,7681.401597972464,7981.0,ridge_change
1,2024-06-01,2023-06-01,12,7690.8095390629405,7754.0,ridge_change
2,2023-07-01,2023-06-01,1,126434.49185862285,118771.0,ridge_change
2,2023-08-01,2023-06-01,2,126613.89597838468,109216.0,ridge_change
2,2023-09-01,2023-06-01,3,126777.2914120165,104432.0,ridge_change
2,2023-10-01,2023-06-01,4,126967.22988734517,105146.0,ridge_change
2,2023-11-01,2023-06-01,5,127245.85875699678,110776.0,ridge_change
2,2023-12-01,2023-06-01,6,127510.93005163081,116557.0,ridge_change
2,2024-01-01,2023-06-01,7,127713.70568582937,109117.0,ridge_change
2,2024-02-01,2023-06-01,8,127886.73414316904,117652.0,ridge_change
2,2024-03-01,2023-06-01,9,128186.20669525857,119599.0,ridge_change
2,2024-04-01,2023-06-01,10,128468.08387815313,122265.0,ridge_change
2,2024-05-01,2023-06-01,11,128852.92438045808,116543.0,ridge_change
2,2024-06-01,2023-06-01,12,129116.14184135094,114321.0,ridge_change
3,2023-07-01,2023-06-01,1,583372.6133166556,591983.0,ridge_change
3,2023-08-01,2023-06-01,2,576700.3509249503,582019.0,ridge_change
3,2023-09-01,2023-06-01,3,570936.044987382,589125.0,ridge_change
3,2023-10-01,2023-06-01,4,565610.1071429462,595213.0,ridge_change
3,2023-11-01,2023-06-01,5,560210.6552300294,599648.0,ridge_change
3,2023-12-01,2023-06-01,6,555862.5444864114,582167.0,ridge_change
3,2024-01-01,2023-06-01,7,551564.2531090481,598600.0,ridge_change
3,2024-02-01,2023-06-01,8,546068.342527557,608050.0,ridge_change
3,2024-03-01,2023-06-01,9,541193.2592945233,609462.0,ridge_change
3,2024-04-01,2023-06-01,10,535848.6389326627,629996.0,ridge_change
3,2024-05-01,2023-06-01,11,531048.2829605163,629892.0,ridge_change
3,2024-06-01,2023-06-01,12,526818.157506988,624154.0,ridge_change
4,2023-07-01,2023-06-01,1,24872.074706078583,24055.0,ridge_change
4,2023-08-01,2023-06-01,2,24893.576781059106,23585.0,ridge_change
4,2023-09-01,2023-06-01,3,24922.63290825958,24045.0,ridge_change
4,2023-10-01,2023-06-01,4,24958.419544157263,23932.0,ridge_change
4,2023-11-01,2023-06-01,5,25003.15662148315,24684.0,ridge_change
4,2023-12-01,2023-06-01,6,25048.331939278563,25827.0,ridge_change
4,2024-01-01,2023-06-01,7,25084.321678986093,24185.0,ridge_change
4,2024-02-01,2023-06-01,8,25122.929936556004,25631.0,ridge_change
4,2024-03-01,2023-06-01,9,25180.11161941703,26186.0,ridge_change
4,2024-04-01,2023-06-01,10,25227.03185487031,24951.0,ridge_change
4,2024-05-01,2023-06-01,11,25297.12030620276,24254.0,ridge_change
4,2024-06-01,2023-06-01,12,25350.407058917488,22935.0,ridge_change
5,2023-07-01,2023-06-01,1,49643.59435796502,44796.0,ridge_change
5,2023-08-01,2023-06-01,2,49640.508181252655,45906.0,ridge_change
5,2023-09-01,2023-06-01,3,49571.95319672335,43997.0,ridge_change
5,2023-10-01,2023-06-01,4,49515.324489830804,44355.0,ridge_change
5,2023-11-01,2023-06-01,5,49497.26460631786,50123.0,ridge_change
5,2023-12-01,2023-06-01,6,49441.919883276896,49423.0,ridge_change
5,2024-01-01,2023-06-01,7,49401.57212135847,46173.0,ridge_change
5,2024-02-01,2023-06-01,8,49351.58753542824,49347.0,ridge_change
5,2024-03-01,2023-06-01,9,49325.199509003236,47617.0,ridge_change
5,2024-04-01,2023-06-01,10,49333.92783454197,45362.0,ridge_change
5,2024-05-01,2023-06-01,11,49283.44763154536,46523.0,ridge_change
5,2024-06-01,2023-06-01,12,49272.439704040706,44390.0,ridge_change
1,2023-07-01,2023-06-01,1,7133.603427749334,7796.0,seasonal_ridge_change
1,2023-08-01,2023-06-01,2,6873.088492036912,6905.0,seasonal_ridge_change
1,2023-09-01,2023-06-01,3,6644.353555117008,7540.0,seasonal_ridge_change
1,2023-10-01,2023-06-01,4,6573.2337625364125,8621.0,seasonal_ridge_change
1,2023-11-01,2023-06-01,5,6495.474429373515,8518.0,seasonal_ridge_change
1,2023-12-01,2023-06-01,6,6630.210518846773,7201.0,seasonal_ridge_change
1,2024-01-01,2023-06-01,7,6853.1080742688355,8093.0,seasonal_ridge_change
1,2024-02-01,2023-06-01,8,7168.519772433059,8615.0,seasonal_ridge_change
1,2024-03-01,2023-06-01,9,7324.143689732415,8824.0,seasonal_ridge_change
1,2024-04-01,2023-06-01,10,7419.186078791278,8943.0,seasonal_ridge_change
1,2024-05-01,2023-06-01,11,7318.5384759707285,7981.0,seasonal_ridge_change
1,2024-06-01,2023-06-01,12,7118.514145080921,7754.0,seasonal_ridge_change
2,2023-07-01,2023-06-01,1,126152.66756575507,118771.0,seasonal_ridge_change
2,2023-08-01,2023-06-01,2,126116.00358475813,109216.0,seasonal_ridge_change
2,2023-09-01,2023-06-01,3,126197.25616331185,104432.0,seasonal_ridge_change
2,2023-10-01,2023-06-01,4,126459.35942648692,105146.0,seasonal_ridge_change
2,2023-11-01,2023-06-01,5,126950.50002296129,110776.0,seasonal_ridge_change
2,2023-12-01,2023-06-01,6,127512.4536998831,116557.0,seasonal_ridge_change
2,2024-01-01,2023-06-01,7,128018.02796028207,109117.0,seasonal_ridge_change
2,2024-02-01,2023-06-01,8,128419.42936529899,117652.0,seasonal_ridge_change
2,2024-03-01,2023-06-01,9,128808.893418853,119599.0,seasonal_ridge_change
2,2024-04-01,2023-06-01,10,129025.05060312648,122265.0,seasonal_ridge_change
2,2024-05-01,2023-06-01,11,129204.60280753375,116543.0,seasonal_ridge_change
2,2024-06-01,2023-06-01,12,129180.67181620181,114321.0,seasonal_ridge_change
3,2023-07-01,2023-06-01,1,580194.5644494834,591983.0,seasonal_ridge_change
3,2023-08-01,2023-06-01,2,569485.7449143641,582019.0,seasonal_ridge_change
3,2023-09-01,2023-06-01,3,559941.8862127538,589125.0,seasonal_ridge_change
3,2023-10-01,2023-06-01,4,551802.5369120971,595213.0,seasonal_ridge_change
3,2023-11-01,2023-06-01,5,545506.7602139683,599648.0,seasonal_ridge_change
3,2023-12-01,2023-06-01,6,542201.7369153573,582167.0,seasonal_ridge_change
3,2024-01-01,2023-06-01,7,540365.201842875,598600.0,seasonal_ridge_change
3,2024-02-01,2023-06-01,8,537778.4266356318,608050.0,seasonal_ridge_change
3,2024-03-01,2023-06-01,9,534965.7808186925,609462.0,seasonal_ridge_change
3,2024-04-01,2023-06-01,10,530647.2825071646,629996.0,seasonal_ridge_change
3,2024-05-01,2023-06-01,11,525050.6906804406,629892.0,seasonal_ridge_change
3,2024-06-01,2023-06-01,12,518281.10280954296,624154.0,seasonal_ridge_change
4,2023-07-01,2023-06-01,1,24831.349603613457,24055.0,seasonal_ridge_change
4,2023-08-01,2023-06-01,2,24816.573739703697,23585.0,seasonal_ridge_change
4,2023-09-01,2023-06-01,3,24824.329994969008,24045.0,seasonal_ridge_change
4,2023-10-01,2023-06-01,4,24859.235672171322,23932.0,seasonal_ridge_change
4,2023-11-01,2023-06-01,5,24924.037320767493,24684.0,seasonal_ridge_change
4,2023-12-01,2023-06-01,6,25004.21786399416,25827.0,seasonal_ridge_change
4,2024-01-01,2023-06-01,7,25081.735650509774,24185.0,seasonal_ridge_change
4,2024-02-01,2023-06-01,8,25156.259019653993,25631.0,seasonal_ridge_change
4,2024-03-01,2023-06-01,9,25234.238488297204,26186.0,seasonal_ridge_change
4,2024-04-01,2023-06-01,10,25281.474493413858,24951.0,seasonal_ridge_change
4,2024-05-01,2023-06-01,11,25329.73065424591,24254.0,seasonal_ridge_change
4,2024-06-01,2023-06-01,12,25346.375901105817,22935.0,seasonal_ridge_change
5,2023-07-01,2023-06-01,1,49538.67855988887,44796.0,seasonal_ridge_change
5,2023-08-01,2023-06-01,2,49415.829859292746,45906.0,seasonal_ridge_change
5,2023-09-01,2023-06-01,3,49264.90000065557,43997.0,seasonal_ridge_change
5,2023-10-01,2023-06-01,4,49177.827110343205,44355.0,seasonal_ridge_change
5,2023-11-01,2023-06-01,5,49193.64556920287,50123.0,seasonal_ridge_change
5,2023-12-01,2023-06-01,6,49225.90303126551,49423.0,seasonal_ridge_change
5,2024-01-01,2023-06-01,7,49306.700940149865,46173.0,seasonal_ridge_change
5,2024-02-01,2023-06-01,8,49375.932553189574,49347.0,seasonal_ridge_change
5,2024-03-01,2023-06-01,9,49434.36624532453,47617.0,seasonal_ridge_change
5,2024-04-01,2023-06-01,10,49473.47809917415,45362.0,seasonal_ridge_change
5,2024-05-01,2023-06-01,11,49383.37666384045,46523.0,seasonal_ridge_change
5,2024-06-01,2023-06-01,12,49282.029365134986,44390.0,seasonal_ridge_change
1,2023-07-01,2023-06-01,1,7133.603427749334,7796.0,polynomial_ridge_change
1,2023-08-01,2023-06-01,2,6873.088492036912,6905.0,polynomial_ridge_change
1,2023-09-01,2023-06-01,3,6644.353555117008,7540.0,polynomial_ridge_change
1,2023-10-01,2023-06-01,4,6573.233762536412,8621.0,polynomial_ridge_change
1,2023-11-01,2023-06-01,5,6495.474429373514,8518.0,polynomial_ridge_change
1,2023-12-01,2023-06-01,6,6630.210518846772,7201.0,polynomial_ridge_change
1,2024-01-01,2023-06-01,7,6853.108074268835,8093.0,polynomial_ridge_change
1,2024-02-01,2023-06-01,8,7168.519772433059,8615.0,polynomial_ridge_change
1,2024-03-01,2023-06-01,9,7324.143689732415,8824.0,polynomial_ridge_change
1,2024-04-01,2023-06-01,10,7419.186078791278,8943.0,polynomial_ridge_change
1,2024-05-01,2023-06-01,11,7318.5384759707285,7981.0,polynomial_ridge_change
1,2024-06-01,2023-06-01,12,7118.514145080921,7754.0,polynomial_ridge_change
2,2023-07-01,2023-06-01,1,126152.66756575507,118771.0,polynomial_ridge_change
2,2023-08-01,2023-06-01,2,126116.00358475813,109216.0,polynomial_ridge_change
2,2023-09-01,2023-06-01,3,126197.25616331185,104432.0,polynomial_ridge_change
2,2023-10-01,2023-06-01,4,126459.35942648692,105146.0,polynomial_ridge_change
2,2023-11-01,2023-06-01,5,126950.50002296129,110776.0,polynomial_ridge_change
2,2023-12-01,2023-06-01,6,127512.4536998831,116557.0,polynomial_ridge_change
2,2024-01-01,2023-06-01,7,128018.02796028207,109117.0,polynomial_ridge_change
2,2024-02-01,2023-06-01,8,128419.42936529899,117652.0,polynomial_ridge_change
2,2024-03-01,2023-06-01,9,128808.893418853,119599.0,polynomial_ridge_change
2,2024-04-01,2023-06-01,10,129025.05060312648,122265.0,polynomial_ridge_change
2,2024-05-01,2023-06-01,11,129204.60280753375,116543.0,polynomial_ridge_change
2,2024-06-01,2023-06-01,12,129180.67181620181,114321.0,polynomial_ridge_change
3,2023-07-01,2023-06-01,1,580194.5644494834,591983.0,polynomial_ridge_change
3,2023-08-01,2023-06-01,2,569485.7449143641,582019.0,polynomial_ridge_change
3,2023-09-01,2023-06-01,3,559941.8862127538,589125.0,polynomial_ridge_change
3,2023-10-01,2023-06-01,4,551802.5369120971,595213.0,polynomial_ridge_change
3,2023-11-01,2023-06-01,5,545506.7602139682,599648.0,polynomial_ridge_change
3,2023-12-01,2023-06-01,6,542201.7369153572,582167.0,polynomial_ridge_change
3,2024-01-01,2023-06-01,7,540365.2018428749,598600.0,polynomial_ridge_change
3,2024-02-01,2023-06-01,8,537778.4266356317,608050.0,polynomial_ridge_change
3,2024-03-01,2023-06-01,9,534965.7808186924,609462.0,polynomial_ridge_change
3,2024-04-01,2023-06-01,10,530647.2825071645,629996.0,polynomial_ridge_change
3,2024-05-01,2023-06-01,11,525050.6906804405,629892.0,polynomial_ridge_change
3,2024-06-01,2023-06-01,12,518281.10280954285,624154.0,polynomial_ridge_change
4,2023-07-01,2023-06-01,1,24831.349603613457,24055.0,polynomial_ridge_change
4,2023-08-01,2023-06-01,2,24816.573739703697,23585.0,polynomial_ridge_change
4,2023-09-01,2023-06-01,3,24824.329994969008,24045.0,polynomial_ridge_change
4,2023-10-01,2023-06-01,4,24859.235672171322,23932.0,polynomial_ridge_change
4,2023-11-01,2023-06-01,5,24924.037320767493,24684.0,polynomial_ridge_change
4,2023-12-01,2023-06-01,6,25004.21786399416,25827.0,polynomial_ridge_change
4,2024-01-01,2023-06-01,7,25081.735650509774,24185.0,polynomial_ridge_change
4,2024-02-01,2023-06-01,8,25156.259019653993,25631.0,polynomial_ridge_change
4,2024-03-01,2023-06-01,9,25234.238488297204,26186.0,polynomial_ridge_change
4,2024-04-01,2023-06-01,10,25281.474493413858,24951.0,polynomial_ridge_change
4,2024-05-01,2023-06-01,11,25329.73065424591,24254.0,polynomial_ridge_change
4,2024-06-01,2023-06-01,12,25346.375901105817,22935.0,polynomial_ridge_change
5,2023-07-01,2023-06-01,1,49538.67855988887,44796.0,polynomial_ridge_change
5,2023-08-01,2023-06-01,2,49415.829859292746,45906.0,polynomial_ridge_change
5,2023-09-01,2023-06-01,3,49264.90000065557,43997.0,polynomial_ridge_change
5,2023-10-01,2023-06-01,4,49177.827110343205,44355.0,polynomial_ridge_change
5,2023-11-01,2023-06-01,5,49193.64556920287,50123.0,polynomial_ridge_change
5,2023-12-01,2023-06-01,6,49225.90303126551,49423.0,polynomial_ridge_change
5,2024-01-01,2023-06-01,7,49306.700940149865,46173.0,polynomial_ridge_change
5,2024-02-01,2023-06-01,8,49375.932553189574,49347.0,polynomial_ridge_change
5,2024-03-01,2023-06-01,9,49434.36624532453,47617.0,polynomial_ridge_change
5,2024-04-01,2023-06-01,10,49473.47809917415,45362.0,polynomial_ridge_change
5,2024-05-01,2023-06-01,11,49383.37666384045,46523.0,polynomial_ridge_change
5,2024-06-01,2023-06-01,12,49282.029365134986,44390.0,polynomial_ridge_change
1,2023-07-01,2023-06-01,1,7102.699981517529,7796.0,spline_ridge_change
1,2023-08-01,2023-06-01,2,6600.520159910447,6905.0,spline_ridge_change
1,2023-09-01,2023-06-01,3,6334.458224182356,7540.0,spline_ridge_change
1,2023-10-01,2023-06-01,4,5974.351126739809,8621.0,spline_ridge_change
1,2023-11-01,2023-06-01,5,5625.765624518269,8518.0,spline_ridge_change
1,2023-12-01,2023-06-01,6,5498.963826346865,7201.0,spline_ridge_change
1,2024-01-01,2023-06-01,7,5568.7890856714275,8093.0,spline_ridge_change
1,2024-02-01,2023-06-01,8,5840.618601327033,8615.0,spline_ridge_change
1,2024-03-01,2023-06-01,9,6092.934309810232,8824.0,spline_ridge_change
1,2024-04-01,2023-06-01,10,6257.389485398838,8943.0,spline_ridge_change
1,2024-05-01,2023-06-01,11,6078.317226702655,7981.0,spline_ridge_change
1,2024-06-01,2023-06-01,12,5648.884394001627,7754.0,spline_ridge_change
2,2023-07-01,2023-06-01,1,125786.02250964964,118771.0,spline_ridge_change
2,2023-08-01,2023-06-01,2,125350.1586650227,109216.0,spline_ridge_change
2,2023-09-01,2023-06-01,3,125271.60733406032,104432.0,spline_ridge_change
2,2023-10-01,2023-06-01,4,125655.21863212022,105146.0,spline_ridge_change
2,2023-11-01,2023-06-01,5,126438.8237687149,110776.0,spline_ridge_change
2,2023-12-01,2023-06-01,6,127178.64004099686,116557.0,spline_ridge_change
2,2024-01-01,2023-06-01,7,127803.38876501827,109117.0,spline_ridge_change
2,2024-02-01,2023-06-01,8,128418.78666331679,117652.0,spline_ridge_change
2,2024-03-01,2023-06-01,9,129295.79820325722,119599.0,spline_ridge_change
2,2024-04-01,2023-06-01,10,129619.35549778827,122265.0,spline_ridge_change
2,2024-05-01,2023-06-01,11,129731.26408584838,116543.0,spline_ridge_change
2,2024-06-01,2023-06-01,12,129181.25716494845,114321.0,spline_ridge_change
3,2023-07-01,2023-06-01,1,580912.8060711636,591983.0,spline_ridge_change
3,2023-08-01,2023-06-01,2,570200.7632779032,582019.0,spline_ridge_change
3,2023-09-01,2023-06-01,3,559863.2287055255,589125.0,spline_ridge_change
3,2023-10-01,2023-06-01,4,549698.8049468576,595213.0,spline_ridge_change
3,2023-11-01,2023-06-01,5,538054.7505364055,599648.0,spline_ridge_change
3,2023-12-01,2023-06-01,6,526764.2958023987,582167.0,spline_ridge_change
3,2024-01-01,2023-06-01,7,517008.32496060524,598600.0,spline_ridge_change
3,2024-02-01,2023-06-01,8,509101.58806076704,608050.0,spline_ridge_change
3,2024-03-01,2023-06-01,9,502533.5052523076,609462.0,spline_ridge_change
3,2024-04-01,2023-06-01,10,493467.5503992853,629996.0,spline_ridge_change
3,2024-05-01,2023-06-01,11,481890.0373166231,629892.0,spline_ridge_change
3,2024-06-01,2023-06-01,12,468784.8267904948,624154.0,spline_ridge_change
4,2023-07-01,2023-06-01,1,24677.625132440964,24055.0,spline_ridge_change
4,2023-08-01,2023-06-01,2,24552.099168972527,23585.0,spline_ridge_change
4,2023-09-01,2023-06-01,3,24606.088768284244,24045.0,spline_ridge_change
4,2023-10-01,2023-06-01,4,24678.064562818832,23932.0,spline_ridge_change
4,2023-11-01,2023-06-01,5,24687.98765754034,24684.0,spline_ridge_change
4,2023-12-01,2023-06-01,6,24562.26565397053,25827.0,spline_ridge_change
4,2024-01-01,2023-06-01,7,24503.72691361369,24185.0,spline_ridge_change
4,2024-02-01,2023-06-01,8,24656.382998722504,25631.0,spline_ridge_change
4,2024-03-01,2023-06-01,9,25016.044746512514,26186.0,spline_ridge_change
4,2024-04-01,2023-06-01,10,25202.635116492296,24951.0,spline_ridge_change
4,2024-05-01,2023-06-01,11,25194.92733511392,24254.0,spline_ridge_change
4,2024-06-01,2023-06-01,12,25005.573146249317,22935.0,spline_ridge_change
5,2023-07-01,2023-06-01,1,49040.784139542186,44796.0,spline_ridge_change
5,2023-08-01,2023-06-01,2,48860.68253744533,45906.0,spline_ridge_change
5,2023-09-01,2023-06-01,3,48795.24258155348,43997.0,spline_ridge_change
5,2023-10-01,2023-06-01,4,48814.33723372779,44355.0,spline_ridge_change
5,2023-11-01,2023-06-01,5,48584.23203704993,50123.0,spline_ridge_change
5,2023-12-01,2023-06-01,6,47724.03496231928,49423.0,spline_ridge_change
5,2024-01-01,2023-06-01,7,47781.883954368546,46173.0,spline_ridge_change
5,2024-02-01,2023-06-01,8,47918.02983602169,49347.0,spline_ridge_change
5,2024-03-01,2023-06-01,9,47953.29059836966,47617.0,spline_ridge_change
5,2024-04-01,2023-06-01,10,47860.919247485326,45362.0,spline_ridge_change
5,2024-05-01,2023-06-01,11,47357.46878091225,46523.0,spline_ridge_change
5,2024-06-01,2023-06-01,12,46377.824484968434,44390.0,spline_ridge_change
1,2023-07-01,2023-06-01,1,7331.020194998782,7796.0,random_forest_change
1,2023-08-01,2023-06-01,2,7199.8785590433245,6905.0,random_forest_change
1,2023-09-01,2023-06-01,3,7058.588203172687,7540.0,random_forest_change
1,2023-10-01,2023-06-01,4,6888.631029364789,8621.0,random_forest_change
1,2023-11-01,2023-06-01,5,6626.300094339908,8518.0,random_forest_change
1,2023-12-01,2023-06-01,6,6432.5170344208855,7201.0,random_forest_change
1,2024-01-01,2023-06-01,7,6446.0013999090315,8093.0,random_forest_change
1,2024-02-01,2023-06-01,8,6396.78201677598,8615.0,random_forest_change
1,2024-03-01,2023-06-01,9,6380.653106659279,8824.0,random_forest_change
1,2024-04-01,2023-06-01,10,6253.027797841176,8943.0,random_forest_change
1,2024-05-01,2023-06-01,11,6141.0470017725,7981.0,random_forest_change
1,2024-06-01,2023-06-01,12,5860.923180978129,7754.0,random_forest_change
2,2023-07-01,2023-06-01,1,125254.79643360311,118771.0,random_forest_change
2,2023-08-01,2023-06-01,2,124304.30257450498,109216.0,random_forest_change
2,2023-09-01,2023-06-01,3,123684.30516834462,104432.0,random_forest_change
2,2023-10-01,2023-06-01,4,124165.67511128237,105146.0,random_forest_change
2,2023-11-01,2023-06-01,5,125469.95519205587,110776.0,random_forest_change
2,2023-12-01,2023-06-01,6,126287.27735018318,116557.0,random_forest_change
2,2024-01-01,2023-06-01,7,126202.05636326867,109117.0,random_forest_change
2,2024-02-01,2023-06-01,8,125942.29496571237,117652.0,random_forest_change
2,2024-03-01,2023-06-01,9,126670.23839398757,119599.0,random_forest_change
2,2024-04-01,2023-06-01,10,126544.3659370322,122265.0,random_forest_change
2,2024-05-01,2023-06-01,11,126171.24661005827,116543.0,random_forest_change
2,2024-06-01,2023-06-01,12,125129.95444908937,114321.0,random_forest_change
3,2023-07-01,2023-06-01,1,577889.5169985178,591983.0,random_forest_change
3,2023-08-01,2023-06-01,2,560272.2153738145,582019.0,random_forest_change
3,2023-09-01,2023-06-01,3,543440.3437545324,589125.0,random_forest_change
3,2023-10-01,2023-06-01,4,528300.603037375,595213.0,random_forest_change
3,2023-11-01,2023-06-01,5,514781.2524345042,599648.0,random_forest_change
3,2023-12-01,2023-06-01,6,501479.46923622634,582167.0,random_forest_change
3,2024-01-01,2023-06-01,7,494215.515509706,598600.0,random_forest_change
3,2024-02-01,2023-06-01,8,493591.7355074409,608050.0,random_forest_change
3,2024-03-01,2023-06-01,9,492036.3471023581,609462.0,random_forest_change
3,2024-04-01,2023-06-01,10,487774.16880624666,629996.0,random_forest_change
3,2024-05-01,2023-06-01,11,480704.5296562715,629892.0,random_forest_change
3,2024-06-01,2023-06-01,12,470835.30908113584,624154.0,random_forest_change
4,2023-07-01,2023-06-01,1,24422.096460754114,24055.0,random_forest_change
4,2023-08-01,2023-06-01,2,24024.03955611178,23585.0,random_forest_change
4,2023-09-01,2023-06-01,3,23606.706632514135,24045.0,random_forest_change
4,2023-10-01,2023-06-01,4,23736.144377494475,23932.0,random_forest_change
4,2023-11-01,2023-06-01,5,23978.455425796063,24684.0,random_forest_change
4,2023-12-01,2023-06-01,6,23910.54223012379,25827.0,random_forest_change
4,2024-01-01,2023-06-01,7,24006.118563373315,24185.0,random_forest_change
4,2024-02-01,2023-06-01,8,24365.352104315472,25631.0,random_forest_change
4,2024-03-01,2023-06-01,9,25438.503104280786,26186.0,random_forest_change
4,2024-04-01,2023-06-01,10,24920.622824558424,24951.0,random_forest_change
4,2024-05-01,2023-06-01,11,24589.2434043561,24254.0,random_forest_change
4,2024-06-01,2023-06-01,12,24415.138058866236,22935.0,random_forest_change
5,2023-07-01,2023-06-01,1,48743.45139772452,44796.0,random_forest_change
5,2023-08-01,2023-06-01,2,48473.04725260249,45906.0,random_forest_change
5,2023-09-01,2023-06-01,3,48685.46798977167,43997.0,random_forest_change
5,2023-10-01,2023-06-01,4,48726.64333340185,44355.0,random_forest_change
5,2023-11-01,2023-06-01,5,48158.56527811267,50123.0,random_forest_change
5,2023-12-01,2023-06-01,6,47777.47838313231,49423.0,random_forest_change
5,2024-01-01,2023-06-01,7,48447.78813833544,46173.0,random_forest_change
5,2024-02-01,2023-06-01,8,48686.20884603344,49347.0,random_forest_change
5,2024-03-01,2023-06-01,9,48709.385928802454,47617.0,random_forest_change
5,2024-04-01,2023-06-01,10,49193.568247008756,45362.0,random_forest_change
5,2024-05-01,2023-06-01,11,49025.82330309611,46523.0,random_forest_change
5,2024-06-01,2023-06-01,12,48578.09008799092,44390.0,random_forest_change
1,2023-07-01,2023-06-01,1,7268.44580078125,7796.0,xgboost_change
1,2023-08-01,2023-06-01,2,6941.31591796875,6905.0,xgboost_change
1,2023-09-01,2023-06-01,3,6705.251953125,7540.0,xgboost_change
1,2023-10-01,2023-06-01,4,6370.931640625,8621.0,xgboost_change
1,2023-11-01,2023-06-01,5,6041.26904296875,8518.0,xgboost_change
1,2023-12-01,2023-06-01,6,5725.47021484375,7201.0,xgboost_change
1,2024-01-01,2023-06-01,7,5735.01904296875,8093.0,xgboost_change
1,2024-02-01,2023-06-01,8,5611.66064453125,8615.0,xgboost_change
1,2024-03-01,2023-06-01,9,5562.5126953125,8824.0,xgboost_change
1,2024-04-01,2023-06-01,10,5432.48095703125,8943.0,xgboost_change
1,2024-05-01,2023-06-01,11,5309.83056640625,7981.0,xgboost_change
1,2024-06-01,2023-06-01,12,4948.548828125,7754.0,xgboost_change
2,2023-07-01,2023-06-01,1,125976.2265625,118771.0,xgboost_change
2,2023-08-01,2023-06-01,2,125980.703125,109216.0,xgboost_change
2,2023-09-01,2023-06-01,3,126040.125,104432.0,xgboost_change
2,2023-10-01,2023-06-01,4,126480.859375,105146.0,xgboost_change
2,2023-11-01,2023-06-01,5,127510.8671875,110776.0,xgboost_change
2,2023-12-01,2023-06-01,6,128045.203125,116557.0,xgboost_change
2,2024-01-01,2023-06-01,7,128375.4140625,109117.0,xgboost_change
2,2024-02-01,2023-06-01,8,128668.6484375,117652.0,xgboost_change
2,2024-03-01,2023-06-01,9,129559.8203125,119599.0,xgboost_change
2,2024-04-01,2023-06-01,10,130054.796875,122265.0,xgboost_change
2,2024-05-01,2023-06-01,11,130051.171875,116543.0,xgboost_change
2,2024-06-01,2023-06-01,12,129851.1953125,114321.0,xgboost_change
3,2023-07-01,2023-06-01,1,572966.375,591983.0,xgboost_change
3,2023-08-01,2023-06-01,2,549627.5625,582019.0,xgboost_change
3,2023-09-01,2023-06-01,3,532888.625,589125.0,xgboost_change
3,2023-10-01,2023-06-01,4,517006.625,595213.0,xgboost_change
3,2023-11-01,2023-06-01,5,500386.9375,599648.0,xgboost_change
3,2023-12-01,2023-06-01,6,481744.6875,582167.0,xgboost_change
3,2024-01-01,2023-06-01,7,475020.03125,598600.0,xgboost_change
3,2024-02-01,2023-06-01,8,474202.5625,608050.0,xgboost_change
3,2024-03-01,2023-06-01,9,470653.375,609462.0,xgboost_change
3,2024-04-01,2023-06-01,10,466873.71875,629996.0,xgboost_change
3,2024-05-01,2023-06-01,11,455437.21875,629892.0,xgboost_change
3,2024-06-01,2023-06-01,12,432403.5,624154.0,xgboost_change
4,2023-07-01,2023-06-01,1,24580.97265625,24055.0,xgboost_change
4,2023-08-01,2023-06-01,2,23931.953125,23585.0,xgboost_change
4,2023-09-01,2023-06-01,3,23372.408203125,24045.0,xgboost_change
4,2023-10-01,2023-06-01,4,23524.224609375,23932.0,xgboost_change
4,2023-11-01,2023-06-01,5,24191.10546875,24684.0,xgboost_change
4,2023-12-01,2023-06-01,6,24046.359375,25827.0,xgboost_change
4,2024-01-01,2023-06-01,7,24134.619140625,24185.0,xgboost_change
4,2024-02-01,2023-06-01,8,24514.71875,25631.0,xgboost_change
4,2024-03-01,2023-06-01,9,26077.283203125,26186.0,xgboost_change
4,2024-04-01,2023-06-01,10,25747.84375,24951.0,xgboost_change
4,2024-05-01,2023-06-01,11,25530.86328125,24254.0,xgboost_change
4,2024-06-01,2023-06-01,12,24799.62890625,22935.0,xgboost_change
5,2023-07-01,2023-06-01,1,48670.09375,44796.0,xgboost_change
5,2023-08-01,2023-06-01,2,48023.8984375,45906.0,xgboost_change
5,2023-09-01,2023-06-01,3,47655.078125,43997.0,xgboost_change
5,2023-10-01,2023-06-01,4,48994.46484375,44355.0,xgboost_change
5,2023-11-01,2023-06-01,5,48214.73046875,50123.0,xgboost_change
5,2023-12-01,2023-06-01,6,46885.40625,49423.0,xgboost_change
5,2024-01-01,2023-06-01,7,48890.51953125,46173.0,xgboost_change
5,2024-02-01,2023-06-01,8,48686.99609375,49347.0,xgboost_change
5,2024-03-01,2023-06-01,9,48830.53515625,47617.0,xgboost_change
5,2024-04-01,2023-06-01,10,49259.75390625,45362.0,xgboost_change
5,2024-05-01,2023-06-01,11,48058.390625,46523.0,xgboost_change
5,2024-06-01,2023-06-01,12,45968.91796875,44390.0,xgboost_change
1,2023-07-01,2023-06-01,1,7037.003755028748,7796.0,neural_network_change
1,2023-08-01,2023-06-01,2,6655.482959420136,6905.0,neural_network_change
1,2023-09-01,2023-06-01,3,6451.224994334195,7540.0,neural_network_change
1,2023-10-01,2023-06-01,4,6470.8099380715075,8621.0,neural_network_change
1,2023-11-01,2023-06-01,5,6187.0942329168,8518.0,neural_network_change
1,2023-12-01,2023-06-01,6,6153.333844831424,7201.0,neural_network_change
1,2024-01-01,2023-06-01,7,6109.677863342553,8093.0,neural_network_change
1,2024-02-01,2023-06-01,8,6453.742628346593,8615.0,neural_network_change
1,2024-03-01,2023-06-01,9,6350.50006587794,8824.0,neural_network_change
1,2024-04-01,2023-06-01,10,6753.25070200514,8943.0,neural_network_change
1,2024-05-01,2023-06-01,11,6668.2395868149515,7981.0,neural_network_change
1,2024-06-01,2023-06-01,12,6600.733200025508,7754.0,neural_network_change
2,2023-07-01,2023-06-01,1,124720.69946859522,118771.0,neural_network_change
2,2023-08-01,2023-06-01,2,122108.07535462301,109216.0,neural_network_change
2,2023-09-01,2023-06-01,3,119950.83389479276,104432.0,neural_network_change
2,2023-10-01,2023-06-01,4,118869.10503035408,105146.0,neural_network_change
2,2023-11-01,2023-06-01,5,119501.03570934849,110776.0,neural_network_change
2,2023-12-01,2023-06-01,6,120346.00085345417,116557.0,neural_network_change
2,2024-01-01,2023-06-01,7,120796.34289801365,109117.0,neural_network_change
2,2024-02-01,2023-06-01,8,120090.75252663749,117652.0,neural_network_change
2,2024-03-01,2023-06-01,9,120157.13755877364,119599.0,neural_network_change
2,2024-04-01,2023-06-01,10,119705.49495765378,122265.0,neural_network_change
2,2024-05-01,2023-06-01,11,119066.19204505305,116543.0,neural_network_change
2,2024-06-01,2023-06-01,12,117074.76589750285,114321.0,neural_network_change
3,2023-07-01,2023-06-01,1,573792.3647744345,591983.0,neural_network_change
3,2023-08-01,2023-06-01,2,559878.390595456,582019.0,neural_network_change
3,2023-09-01,2023-06-01,3,550504.4585084533,589125.0,neural_network_change
3,2023-10-01,2023-06-01,4,544423.8640222828,595213.0,neural_network_change
3,2023-11-01,2023-06-01,5,539566.3605252419,599648.0,neural_network_change
3,2023-12-01,2023-06-01,6,536946.5236884314,582167.0,neural_network_change
3,2024-01-01,2023-06-01,7,536980.8362539419,598600.0,neural_network_change
3,2024-02-01,2023-06-01,8,538100.9103636305,608050.0,neural_network_change
3,2024-03-01,2023-06-01,9,539298.0425978954,609462.0,neural_network_change
3,2024-04-01,2023-06-01,10,535919.9128512098,629996.0,neural_network_change
3,2024-05-01,2023-06-01,11,527532.267043271,629892.0,neural_network_change
3,2024-06-01,2023-06-01,12,516200.4151393026,624154.0,neural_network_change
4,2023-07-01,2023-06-01,1,24210.607464711487,24055.0,neural_network_change
4,2023-08-01,2023-06-01,2,23514.903251784956,23585.0,neural_network_change
4,2023-09-01,2023-06-01,3,23487.905587331632,24045.0,neural_network_change
4,2023-10-01,2023-06-01,4,23753.080494282625,23932.0,neural_network_change
4,2023-11-01,2023-06-01,5,23999.050415566504,24684.0,neural_network_change
4,2023-12-01,2023-06-01,6,24129.391461009385,25827.0,neural_network_change
4,2024-01-01,2023-06-01,7,24175.815917820386,24185.0,neural_network_change
4,2024-02-01,2023-06-01,8,24597.618191803595,25631.0,neural_network_change
4,2024-03-01,2023-06-01,9,25455.033895693112,26186.0,neural_network_change
4,2024-04-01,2023-06-01,10,25472.855111029217,24951.0,neural_network_change
4,2024-05-01,2023-06-01,11,25904.37270881383,24254.0,neural_network_change
4,2024-06-01,2023-06-01,12,25059.637211497284,22935.0,neural_network_change
5,2023-07-01,2023-06-01,1,48407.18216681776,44796.0,neural_network_change
5,2023-08-01,2023-06-01,2,48135.34672744706,45906.0,neural_network_change
5,2023-09-01,2023-06-01,3,48460.36345834429,43997.0,neural_network_change
5,2023-10-01,2023-06-01,4,48451.021338745275,44355.0,neural_network_change
5,2023-11-01,2023-06-01,5,48433.77104704938,50123.0,neural_network_change
5,2023-12-01,2023-06-01,6,48280.25637915777,49423.0,neural_network_change
5,2024-01-01,2023-06-01,7,48165.00619495688,46173.0,neural_network_change
5,2024-02-01,2023-06-01,8,47879.010630094475,49347.0,neural_network_change
5,2024-03-01,2023-06-01,9,47462.814361543846,47617.0,neural_network_change
5,2024-04-01,2023-06-01,10,47408.15526070078,45362.0,neural_network_change
5,2024-05-01,2023-06-01,11,47056.25985913286,46523.0,neural_network_change
5,2024-06-01,2023-06-01,12,46569.41769014984,44390.0,neural_network_change
1,2023-07-01,2023-06-01,1,7385.237889699904,7796.0,rolling_ridge_change
1,2023-08-01,2023-06-01,2,7272.025398241422,6905.0,rolling_ridge_change
1,2023-09-01,2023-06-01,3,7155.863793176606,7540.0,rolling_ridge_change
1,2023-10-01,2023-06-01,4,7058.621452790354,8621.0,rolling_ridge_change
1,2023-11-01,2023-06-01,5,6968.236682759856,8518.0,rolling_ridge_change
1,2023-12-01,2023-06-01,6,6879.774358803082,7201.0,rolling_ridge_change
1,2024-01-01,2023-06-01,7,6802.8373832344,8093.0,rolling_ridge_change
1,2024-02-01,2023-06-01,8,6745.942537874784,8615.0,rolling_ridge_change
1,2024-03-01,2023-06-01,9,6705.077504655932,8824.0,rolling_ridge_change
1,2024-04-01,2023-06-01,10,6645.547361840288,8943.0,rolling_ridge_change
1,2024-05-01,2023-06-01,11,6565.993990815541,7981.0,rolling_ridge_change
1,2024-06-01,2023-06-01,12,6468.4674081429575,7754.0,rolling_ridge_change
2,2023-07-01,2023-06-01,1,125776.26383275722,118771.0,rolling_ridge_change
2,2023-08-01,2023-06-01,2,124915.91401997776,109216.0,rolling_ridge_change
2,2023-09-01,2023-06-01,3,124308.74826427999,104432.0,rolling_ridge_change
2,2023-10-01,2023-06-01,4,123918.96437419612,105146.0,rolling_ridge_change
2,2023-11-01,2023-06-01,5,123959.040533483,110776.0,rolling_ridge_change
2,2023-12-01,2023-06-01,6,124029.2988271615,116557.0,rolling_ridge_change
2,2024-01-01,2023-06-01,7,124058.46927830076,109117.0,rolling_ridge_change
2,2024-02-01,2023-06-01,8,123830.41310009979,117652.0,rolling_ridge_change
2,2024-03-01,2023-06-01,9,123496.38468974351,119599.0,rolling_ridge_change
2,2024-04-01,2023-06-01,10,123053.72084367626,122265.0,rolling_ridge_change
2,2024-05-01,2023-06-01,11,122501.27251457027,116543.0,rolling_ridge_change
2,2024-06-01,2023-06-01,12,121627.17513108732,114321.0,rolling_ridge_change
3,2023-07-01,2023-06-01,1,580581.7834751963,591983.0,rolling_ridge_change
3,2023-08-01,2023-06-01,2,568685.9639291365,582019.0,rolling_ridge_change
3,2023-09-01,2023-06-01,3,556811.4287125672,589125.0,rolling_ridge_change
3,2023-10-01,2023-06-01,4,545926.8201895826,595213.0,rolling_ridge_change
3,2023-11-01,2023-06-01,5,536533.1051573665,599648.0,rolling_ridge_change
3,2023-12-01,2023-06-01,6,528801.6641712557,582167.0,rolling_ridge_change
3,2024-01-01,2023-06-01,7,521552.565642589,598600.0,rolling_ridge_change
3,2024-02-01,2023-06-01,8,514096.1362931389,608050.0,rolling_ridge_change
3,2024-03-01,2023-06-01,9,507628.7543951148,609462.0,rolling_ridge_change
3,2024-04-01,2023-06-01,10,498895.72826886096,629996.0,rolling_ridge_change
3,2024-05-01,2023-06-01,11,488981.7771312479,629892.0,rolling_ridge_change
3,2024-06-01,2023-06-01,12,478448.6094672894,624154.0,rolling_ridge_change
4,2023-07-01,2023-06-01,1,24650.845139499143,24055.0,rolling_ridge_change
4,2023-08-01,2023-06-01,2,24225.562314844596,23585.0,rolling_ridge_change
4,2023-09-01,2023-06-01,3,24037.953559039048,24045.0,rolling_ridge_change
4,2023-10-01,2023-06-01,4,24001.124557892257,23932.0,rolling_ridge_change
4,2023-11-01,2023-06-01,5,24127.082622890954,24684.0,rolling_ridge_change
4,2023-12-01,2023-06-01,6,24231.689185615618,25827.0,rolling_ridge_change
4,2024-01-01,2023-06-01,7,24190.11075392635,24185.0,rolling_ridge_change
4,2024-02-01,2023-06-01,8,24227.323240028956,25631.0,rolling_ridge_change
4,2024-03-01,2023-06-01,9,24716.79757808123,26186.0,rolling_ridge_change
4,2024-04-01,2023-06-01,10,24821.721908428608,24951.0,rolling_ridge_change
4,2024-05-01,2023-06-01,11,25146.576721535406,24254.0,rolling_ridge_change
4,2024-06-01,2023-06-01,12,25110.80281153015,22935.0,rolling_ridge_change
5,2023-07-01,2023-06-01,1,49708.71591848536,44796.0,rolling_ridge_change
5,2023-08-01,2023-06-01,2,49621.74559953595,45906.0,rolling_ridge_change
5,2023-09-01,2023-06-01,3,49551.94290905472,43997.0,rolling_ridge_change
5,2023-10-01,2023-06-01,4,49473.85939472019,44355.0,rolling_ridge_change
5,2023-11-01,2023-06-01,5,49433.509446785094,50123.0,rolling_ridge_change
5,2023-12-01,2023-06-01,6,49403.593479211166,49423.0,rolling_ridge_change
5,2024-01-01,2023-06-01,7,49394.170454934465,46173.0,rolling_ridge_change
5,2024-02-01,2023-06-01,8,49374.451226341545,49347.0,rolling_ridge_change
5,2024-03-01,2023-06-01,9,49332.93772509939,47617.0,rolling_ridge_change
5,2024-04-01,2023-06-01,10,49279.621909220215,45362.0,rolling_ridge_change
5,2024-05-01,2023-06-01,11,49178.916885331346,46523.0,rolling_ridge_change
5,2024-06-01,2023-06-01,12,49078.6500713271,44390.0,rolling_ridge_change
1,2023-07-01,2023-06-01,1,7313.301713874667,7796.0,damped_ridge_change
1,2023-08-01,2023-06-01,2,7156.1354321090785,6905.0,damped_ridge_change
1,2023-09-01,2023-06-01,3,7017.990823702668,7540.0,damped_ridge_change
1,2023-10-01,2023-06-01,4,6955.790030044786,8621.0,damped_ridge_change
1,2023-11-01,2023-06-01,5,6898.314423395715,8518.0,damped_ridge_change
1,2023-12-01,2023-06-01,6,6944.972705793088,7201.0,damped_ridge_change
1,2024-01-01,2023-06-01,7,7051.001237726489,8093.0,damped_ridge_change
1,2024-02-01,2023-06-01,8,7211.666965308615,8615.0,damped_ridge_change
1,2024-03-01,2023-06-01,9,7303.509489481432,8824.0,damped_ridge_change
1,2024-04-01,2023-06-01,10,7358.588383887386,8943.0,damped_ridge_change
1,2024-05-01,2023-06-01,11,7315.202100138586,7981.0,damped_ridge_change
1,2024-06-01,2023-06-01,12,7209.414714567462,7754.0,damped_ridge_change
2,2023-07-01,2023-06-01,1,125406.40575471442,118771.0,damped_ridge_change
2,2023-08-01,2023-06-01,2,124123.87391178578,109216.0,damped_ridge_change
2,2023-09-01,2023-06-01,3,123157.30585669266,104432.0,damped_ridge_change
2,2023-10-01,2023-06-01,4,122640.63547287993,105146.0,damped_ridge_change
2,2023-11-01,2023-06-01,5,122824.06327643609,110776.0,damped_ridge_change
2,2023-12-01,2023-06-01,6,123130.99913877645,116557.0,damped_ridge_change
2,2024-01-01,2023-06-01,7,123418.42339135027,109117.0,damped_ridge_change
2,2024-02-01,2023-06-01,8,123301.21761857065,117652.0,damped_ridge_change
2,2024-03-01,2023-06-01,9,123144.71906810241,119599.0,damped_ridge_change
2,2024-04-01,2023-06-01,10,122685.32680313698,122265.0,damped_ridge_change
2,2024-05-01,2023-06-01,11,122058.17218359296,116543.0,damped_ridge_change
2,2024-06-01,2023-06-01,12,120833.26379013668,114321.0,damped_ridge_change
3,2023-07-01,2023-06-01,1,585468.0238602203,591983.0,damped_ridge_change
3,2023-08-01,2023-06-01,2,580458.7580205945,582019.0,damped_ridge_change
3,2023-09-01,2023-06-01,3,576363.6516813166,589125.0,damped_ridge_change
3,2023-10-01,2023-06-01,4,572869.7663343924,595213.0,damped_ridge_change
3,2023-11-01,2023-06-01,5,570773.0822850056,599648.0,damped_ridge_change
3,2023-12-01,2023-06-01,6,571039.1456607463,582167.0,damped_ridge_change
3,2024-01-01,2023-06-01,7,572254.9082450846,598600.0,damped_ridge_change
3,2024-02-01,2023-06-01,8,572534.4361412476,608050.0,damped_ridge_change
3,2024-03-01,2023-06-01,9,572529.7884991019,609462.0,damped_ridge_change
3,2024-04-01,2023-06-01,10,571573.3218200023,629996.0,damped_ridge_change
3,2024-05-01,2023-06-01,11,569870.594566301,629892.0,damped_ridge_change
3,2024-06-01,2023-06-01,12,567548.8716587321,624154.0,damped_ridge_change
4,2023-07-01,2023-06-01,1,24768.054078051387,24055.0,damped_ridge_change
4,2023-08-01,2023-06-01,2,24653.384100277537,23585.0,damped_ridge_change
4,2023-09-01,2023-06-01,3,24595.79349670058,24045.0,damped_ridge_change
4,2023-10-01,2023-06-01,4,24591.575149854343,23932.0,damped_ridge_change
4,2023-11-01,2023-06-01,5,24662.137987635437,24684.0,damped_ridge_change
4,2023-12-01,2023-06-01,6,24752.054517932662,25827.0,damped_ridge_change
4,2024-01-01,2023-06-01,7,24834.319625300217,24185.0,damped_ridge_change
4,2024-02-01,2023-06-01,8,24912.06458788822,25631.0,damped_ridge_change
4,2024-03-01,2023-06-01,9,24999.528526633447,26186.0,damped_ridge_change
4,2024-04-01,2023-06-01,10,25028.46597968753,24951.0,damped_ridge_change
4,2024-05-01,2023-06-01,11,25058.35359948755,24254.0,damped_ridge_change
4,2024-06-01,2023-06-01,12,25017.63551530303,22935.0,damped_ridge_change
5,2023-07-01,2023-06-01,1,49329.02806837159,44796.0,damped_ridge_change
5,2023-08-01,2023-06-01,2,49084.324425278166,45906.0,damped_ridge_change
5,2023-09-01,2023-06-01,3,48766.04637281335,43997.0,damped_ridge_change
5,2023-10-01,2023-06-01,4,48561.01680669699,44355.0,damped_ridge_change
5,2023-11-01,2023-06-01,5,48559.373231094236,50123.0,damped_ridge_change
5,2023-12-01,2023-06-01,6,48587.17395190368,49423.0,damped_ridge_change
5,2024-01-01,2023-06-01,7,48730.11943901134,46173.0,damped_ridge_change
5,2024-02-01,2023-06-01,8,48865.2911309756,49347.0,damped_ridge_change
5,2024-03-01,2023-06-01,9,49011.12285187002,47617.0,damped_ridge_change
5,2024-04-01,2023-06-01,10,49139.89630097383,45362.0,damped_ridge_change
5,2024-05-01,2023-06-01,11,49033.23512173441,46523.0,damped_ridge_change
5,2024-06-01,2023-06-01,12,48898.729707739825,44390.0,damped_ridge_change
1,2023-07-01,2023-06-01,1,7234.783661001755,7796.0,ensemble_change
1,2023-08-01,2023-06-01,2,6995.06129191642,6905.0,ensemble_change
1,2023-09-01,2023-06-01,3,6789.9333204819595,7540.0,ensemble_change
1,2023-10-01,2023-06-01,4,6640.631272638801,8621.0,ensemble_change
1,2023-11-01,2023-06-01,5,6468.926237284909,8518.0,ensemble_change
1,2023-12-01,2023-06-01,6,6414.39448585664,7201.0,ensemble_change
1,2024-01-01,2023-06-01,7,6523.150662851694,8093.0,ensemble_change
1,2024-02-01,2023-06-01,8,6656.734294951311,8615.0,ensemble_change
1,2024-03-01,2023-06-01,9,6731.173192791742,8824.0,ensemble_change
1,2024-04-01,2023-06-01,10,6739.018187144531,8943.0,ensemble_change
1,2024-05-01,2023-06-01,11,6637.095155572873,7981.0,ensemble_change
1,2024-06-01,2023-06-01,12,6409.575349871727,7754.0,ensemble_change
2,2023-07-01,2023-06-01,1,125317.91113518251,118771.0,ensemble_change
2,2023-08-01,2023-06-01,2,124430.654411587,109216.0,ensemble_change
2,2023-09-01,2023-06-01,3,123845.3307094226,104432.0,ensemble_change
2,2023-10-01,2023-06-01,4,124103.60966568506,105146.0,ensemble_change
2,2023-11-01,2023-06-01,5,125331.47489772995,110776.0,ensemble_change
2,2023-12-01,2023-06-01,6,126195.35262081324,116557.0,ensemble_change
2,2024-01-01,2023-06-01,7,126577.81400624207,109117.0,ensemble_change
2,2024-02-01,2023-06-01,8,126795.50709849157,117652.0,ensemble_change
2,2024-03-01,2023-06-01,9,127610.3194529552,119599.0,ensemble_change
2,2024-04-01,2023-06-01,10,127590.63515622698,122265.0,ensemble_change
2,2024-05-01,2023-06-01,11,126869.7145198955,116543.0,ensemble_change
2,2024-06-01,2023-06-01,12,125655.24092484642,114321.0,ensemble_change
3,2023-07-01,2023-06-01,1,581227.2404740292,591983.0,ensemble_change
3,2023-08-01,2023-06-01,2,569336.8994163475,582019.0,ensemble_change
3,2023-09-01,2023-06-01,3,558321.787854951,589125.0,ensemble_change
3,2023-10-01,2023-06-01,4,548276.6286741414,595213.0,ensemble_change
3,2023-11-01,2023-06-01,5,538359.0732498271,599648.0,ensemble_change
3,2023-12-01,2023-06-01,6,528891.9729009916,582167.0,ensemble_change
3,2024-01-01,2023-06-01,7,525132.1331869079,598600.0,ensemble_change
3,2024-02-01,2023-06-01,8,525036.523280284,608050.0,ensemble_change
3,2024-03-01,2023-06-01,9,524708.8099989409,609462.0,ensemble_change
3,2024-04-01,2023-06-01,10,521592.2155122036,629996.0,ensemble_change
3,2024-05-01,2023-06-01,11,517205.906235454,629892.0,ensemble_change
3,2024-06-01,2023-06-01,12,509055.9689050645,624154.0,ensemble_change
4,2023-07-01,2023-06-01,1,24437.808268811146,24055.0,ensemble_change
4,2023-08-01,2023-06-01,2,24067.361154416933,23585.0,ensemble_change
4,2023-09-01,2023-06-01,3,23807.932062116237,24045.0,ensemble_change
4,2023-10-01,2023-06-01,4,23679.141490459086,23932.0,ensemble_change
4,2023-11-01,2023-06-01,5,24001.322843975548,24684.0,ensemble_change
4,2023-12-01,2023-06-01,6,23994.339945275788,25827.0,ensemble_change
4,2024-01-01,2023-06-01,7,24027.565572403517,24185.0,ensemble_change
4,2024-02-01,2023-06-01,8,24156.938399351136,25631.0,ensemble_change
4,2024-03-01,2023-06-01,9,24590.492585424672,26186.0,ensemble_change
4,2024-04-01,2023-06-01,10,24633.662345052824,24951.0,ensemble_change
4,2024-05-01,2023-06-01,11,24522.583673529745,24254.0,ensemble_change
4,2024-06-01,2023-06-01,12,24293.104143016397,22935.0,ensemble_change
5,2023-07-01,2023-06-01,1,49062.87969253458,44796.0,ensemble_change
5,2023-08-01,2023-06-01,2,48754.201752076144,45906.0,ensemble_change
5,2023-09-01,2023-06-01,3,48600.5842575196,43997.0,ensemble_change
5,2023-10-01,2023-06-01,4,48635.63999857855,44355.0,ensemble_change
5,2023-11-01,2023-06-01,5,48468.65189532675,50123.0,ensemble_change
5,2023-12-01,2023-06-01,6,48366.69966243933,49423.0,ensemble_change
5,2024-01-01,2023-06-01,7,48954.81120197006,46173.0,ensemble_change
5,2024-02-01,2023-06-01,8,49166.576872084646,49347.0,ensemble_change
5,2024-03-01,2023-06-01,9,49366.783431963835,47617.0,ensemble_change
5,2024-04-01,2023-06-01,10,49834.287810527596,45362.0,ensemble_change
5,2024-05-01,2023-06-01,11,49789.72952276705,46523.0,ensemble_change
5,2024-06-01,2023-06-01,12,49407.738617287454,44390.0,ensemble_change
