month,origin_month,model,split,fold,actual_kb,predicted_kb
2013-06-01,2013-05-01,constrained_level,cv,1,348807.0,364094.41475090996
2013-06-01,2013-05-01,damped_ridge_change,cv,1,348807.0,363143.7263244472
2013-06-01,2013-05-01,ensemble_change,cv,1,348807.0,361503.2438101102
2013-06-01,2013-05-01,forecast_flow_identity,cv,1,348807.0,344293.2758990745
2013-06-01,2013-05-01,huber_change,cv,1,348807.0,363952.77691495814
2013-06-01,2013-05-01,neural_network_change,cv,1,348807.0,362760.7548226677
2013-06-01,2013-05-01,persistence,cv,1,348807.0,363304.0
2013-06-01,2013-05-01,polynomial_ridge_change,cv,1,348807.0,364123.9963083442
2013-06-01,2013-05-01,random_forest_change,cv,1,348807.0,359984.08498488984
2013-06-01,2013-05-01,ridge_change,cv,1,348807.0,364714.89742639946
2013-06-01,2013-05-01,rolling_ridge_change,cv,1,348807.0,363790.34510853374
2013-06-01,2013-05-01,seasonal_change,cv,1,348807.0,357180.4
2013-06-01,2013-05-01,seasonal_naive,cv,1,348807.0,362153.0
2013-06-01,2013-05-01,seasonal_residual_change,cv,1,348807.0,358664.1988823571
2013-06-01,2013-05-01,seasonal_ridge_change,cv,1,348807.0,363718.4208673854
2013-06-01,2013-05-01,selected_padd_models,cv,1,348807.0,359360.7978771433
2013-06-01,2013-05-01,spline_ridge_change,cv,1,348807.0,359708.05713462597
2013-06-01,2013-05-01,xgboost_change,cv,1,348807.0,355716.40234375
2013-07-01,2013-06-01,constrained_level,cv,1,339391.0,350958.21578297566
2013-07-01,2013-06-01,damped_ridge_change,cv,1,339391.0,348336.3428660816
2013-07-01,2013-06-01,ensemble_change,cv,1,339391.0,346762.2206407464
2013-07-01,2013-06-01,forecast_flow_identity,cv,1,339391.0,326863.4724426355
2013-07-01,2013-06-01,huber_change,cv,1,339391.0,347689.9911886442
2013-07-01,2013-06-01,neural_network_change,cv,1,339391.0,347452.1767663023
2013-07-01,2013-06-01,persistence,cv,1,339391.0,348807.0
2013-07-01,2013-06-01,polynomial_ridge_change,cv,1,339391.0,348352.88098868163
2013-07-01,2013-06-01,random_forest_change,cv,1,339391.0,346936.743265578
2013-07-01,2013-06-01,ridge_change,cv,1,339391.0,351010.936700166
2013-07-01,2013-06-01,rolling_ridge_change,cv,1,339391.0,348303.49954115483
2013-07-01,2013-06-01,seasonal_change,cv,1,339391.0,341866.4
2013-07-01,2013-06-01,seasonal_naive,cv,1,339391.0,346677.0
2013-07-01,2013-06-01,seasonal_residual_change,cv,1,339391.0,342427.4617581987
2013-07-01,2013-06-01,seasonal_ridge_change,cv,1,339391.0,348126.3143450478
2013-07-01,2013-06-01,selected_padd_models,cv,1,339391.0,345072.49880608177
2013-07-01,2013-06-01,spline_ridge_change,cv,1,339391.0,347736.6365028812
2013-07-01,2013-06-01,xgboost_change,cv,1,339391.0,346361.619140625
2013-08-01,2013-07-01,constrained_level,cv,1,337127.0,341248.69790361373
2013-08-01,2013-07-01,damped_ridge_change,cv,1,337127.0,337894.02298576664
2013-08-01,2013-07-01,ensemble_change,cv,1,337127.0,337475.25577938487
2013-08-01,2013-07-01,forecast_flow_identity,cv,1,337127.0,319887.7051769318
2013-08-01,2013-07-01,huber_change,cv,1,337127.0,336196.8095292084
2013-08-01,2013-07-01,neural_network_change,cv,1,337127.0,335930.94130062126
2013-08-01,2013-07-01,persistence,cv,1,337127.0,339391.0
2013-08-01,2013-07-01,polynomial_ridge_change,cv,1,337127.0,337880.044051197
2013-08-01,2013-07-01,random_forest_change,cv,1,337127.0,338568.13799218345
2013-08-01,2013-07-01,ridge_change,cv,1,337127.0,340152.0867794037
2013-08-01,2013-07-01,rolling_ridge_change,cv,1,337127.0,337473.10749802965
2013-08-01,2013-07-01,seasonal_change,cv,1,337127.0,337278.80000000005
2013-08-01,2013-07-01,seasonal_naive,cv,1,337127.0,336391.0
2013-08-01,2013-07-01,seasonal_residual_change,cv,1,337127.0,337316.7840219043
2013-08-01,2013-07-01,seasonal_ridge_change,cv,1,337127.0,337587.99721176195
2013-08-01,2013-07-01,selected_padd_models,cv,1,337127.0,338870.7865954911
2013-08-01,2013-07-01,spline_ridge_change,cv,1,337127.0,337332.3140095355
2013-08-01,2013-07-01,xgboost_change,cv,1,337127.0,338980.9716796875
2013-09-01,2013-08-01,constrained_level,cv,1,344016.0,343246.48171263
2013-09-01,2013-08-01,damped_ridge_change,cv,1,344016.0,336584.41764507914
2013-09-01,2013-08-01,ensemble_change,cv,1,344016.0,335644.1384465783
2013-09-01,2013-08-01,forecast_flow_identity,cv,1,344016.0,326462.4119969095
2013-09-01,2013-08-01,huber_change,cv,1,344016.0,335311.84580860595
2013-09-01,2013-08-01,neural_network_change,cv,1,344016.0,334255.2060076744
2013-09-01,2013-08-01,persistence,cv,1,344016.0,337127.0
2013-09-01,2013-08-01,polynomial_ridge_change,cv,1,344016.0,337278.7065357216
2013-09-01,2013-08-01,random_forest_change,cv,1,344016.0,336346.9581431217
2013-09-01,2013-08-01,ridge_change,cv,1,344016.0,338575.97083393583
2013-09-01,2013-08-01,rolling_ridge_change,cv,1,344016.0,335379.08617256605
2013-09-01,2013-08-01,seasonal_change,cv,1,344016.0,336117.80000000005
2013-09-01,2013-08-01,seasonal_naive,cv,1,344016.0,343342.0
2013-09-01,2013-08-01,seasonal_residual_change,cv,1,344016.0,336893.0376991926
2013-09-01,2013-08-01,seasonal_ridge_change,cv,1,344016.0,336116.7968217202
2013-09-01,2013-08-01,selected_padd_models,cv,1,344016.0,335675.5563670843
2013-09-01,2013-08-01,spline_ridge_change,cv,1,344016.0,338658.7165996457
2013-09-01,2013-08-01,xgboost_change,cv,1,344016.0,337753.7724609375
2013-10-01,2013-09-01,constrained_level,cv,1,352597.0,353143.3351609041
2013-10-01,2013-09-01,damped_ridge_change,cv,1,352597.0,345412.0746918205
2013-10-01,2013-09-01,ensemble_change,cv,1,352597.0,345662.3440034366
2013-10-01,2013-09-01,forecast_flow_identity,cv,1,352597.0,339565.8660945439
2013-10-01,2013-09-01,huber_change,cv,1,352597.0,346951.903899804
2013-10-01,2013-09-01,neural_network_change,cv,1,352597.0,344475.2589833186
2013-10-01,2013-09-01,persistence,cv,1,352597.0,344016.0
2013-10-01,2013-09-01,polynomial_ridge_change,cv,1,352597.0,345625.0250968181
2013-10-01,2013-09-01,random_forest_change,cv,1,352597.0,346424.2378816353
2013-10-01,2013-09-01,ridge_change,cv,1,352597.0,347545.2180038257
2013-10-01,2013-09-01,rolling_ridge_change,cv,1,352597.0,343328.9036989722
2013-10-01,2013-09-01,seasonal_change,cv,1,352597.0,348698.2
2013-10-01,2013-09-01,seasonal_naive,cv,1,352597.0,349531.0
2013-10-01,2013-09-01,seasonal_residual_change,cv,1,352597.0,350853.51408627426
2013-10-01,2013-09-01,seasonal_ridge_change,cv,1,352597.0,345314.903556086
2013-10-01,2013-09-01,selected_padd_models,cv,1,352597.0,348404.80191650067
2013-10-01,2013-09-01,spline_ridge_change,cv,1,352597.0,344442.55701397324
2013-10-01,2013-09-01,xgboost_change,cv,1,352597.0,345749.513671875
2013-11-01,2013-10-01,constrained_level,cv,1,344172.0,359179.1843237025
2013-11-01,2013-10-01,damped_ridge_change,cv,1,344172.0,353973.181637286
2013-11-01,2013-10-01,ensemble_change,cv,1,344172.0,353262.9478535884
2013-11-01,2013-10-01,forecast_flow_identity,cv,1,344172.0,344273.45067260443
2013-11-01,2013-10-01,huber_change,cv,1,344172.0,355519.37249354774
2013-11-01,2013-10-01,neural_network_change,cv,1,344172.0,353351.5017390976
2013-11-01,2013-10-01,persistence,cv,1,344172.0,352597.0
2013-11-01,2013-10-01,polynomial_ridge_change,cv,1,344172.0,354681.0628004456
2013-11-01,2013-10-01,random_forest_change,cv,1,344172.0,352114.5300577399
2013-11-01,2013-10-01,ridge_change,cv,1,344172.0,355236.688566465
2013-11-01,2013-10-01,rolling_ridge_change,cv,1,344172.0,353458.30774696654
2013-11-01,2013-10-01,seasonal_change,cv,1,344172.0,352689.0
2013-11-01,2013-10-01,seasonal_naive,cv,1,344172.0,352411.0
2013-11-01,2013-10-01,seasonal_residual_change,cv,1,344172.0,352668.54798039305
2013-11-01,2013-10-01,seasonal_ridge_change,cv,1,344172.0,354733.64400025766
2013-11-01,2013-10-01,selected_padd_models,cv,1,344172.0,348518.560782223
2013-11-01,2013-10-01,spline_ridge_change,cv,1,344172.0,351779.9994633534
2013-11-01,2013-10-01,xgboost_change,cv,1,344172.0,351380.783203125
2013-12-01,2013-11-01,constrained_level,cv,1,327191.0,351189.1974282364
2013-12-01,2013-11-01,damped_ridge_change,cv,1,327191.0,347811.2777812578
2013-12-01,2013-11-01,ensemble_change,cv,1,327191.0,345023.63822853245
2013-12-01,2013-11-01,forecast_flow_identity,cv,1,327191.0,326434.12648332183
2013-12-01,2013-11-01,huber_change,cv,1,327191.0,352587.08302691876
2013-12-01,2013-11-01,neural_network_change,cv,1,327191.0,347926.68643613404
2013-12-01,2013-11-01,persistence,cv,1,327191.0,344172.0
2013-12-01,2013-11-01,polynomial_ridge_change,cv,1,327191.0,347512.2536888198
2013-12-01,2013-11-01,random_forest_change,cv,1,327191.0,341889.72367668326
2013-12-01,2013-11-01,ridge_change,cv,1,327191.0,350001.4544098673
2013-12-01,2013-11-01,rolling_ridge_change,cv,1,327191.0,350698.46303928556
2013-12-01,2013-11-01,seasonal_change,cv,1,327191.0,334606.4
2013-12-01,2013-11-01,seasonal_naive,cv,1,327191.0,337796.0
2013-12-01,2013-11-01,seasonal_residual_change,cv,1,327191.0,335853.40435414924
2013-12-01,2013-11-01,seasonal_ridge_change,cv,1,327191.0,349613.65014819463
2013-12-01,2013-11-01,selected_padd_models,cv,1,327191.0,332187.17259359267
2013-12-01,2013-11-01,spline_ridge_change,cv,1,327191.0,339430.37416102015
2013-12-01,2013-11-01,xgboost_change,cv,1,327191.0,340654.03125
2014-01-01,2013-12-01,constrained_level,cv,1,336238.0,336136.44140181877
2014-01-01,2013-12-01,damped_ridge_change,cv,1,336238.0,331044.51886236086
2014-01-01,2013-12-01,ensemble_change,cv,1,336238.0,333593.87416867283
2014-01-01,2013-12-01,forecast_flow_identity,cv,1,336238.0,336077.3558528124
2014-01-01,2013-12-01,huber_change,cv,1,336238.0,337358.7100880948
2014-01-01,2013-12-01,neural_network_change,cv,1,336238.0,332731.46480801405
2014-01-01,2013-12-01,persistence,cv,1,336238.0,327191.0
2014-01-01,2013-12-01,polynomial_ridge_change,cv,1,336238.0,329626.1233601867
2014-01-01,2013-12-01,random_forest_change,cv,1,336238.0,336230.0633852233
2014-01-01,2013-12-01,ridge_change,cv,1,336238.0,332077.58547006856
2014-01-01,2013-12-01,rolling_ridge_change,cv,1,336238.0,333617.3481641307
2014-01-01,2013-12-01,seasonal_change,cv,1,336238.0,340472.8
2014-01-01,2013-12-01,seasonal_naive,cv,1,336238.0,349294.0
2014-01-01,2013-12-01,seasonal_residual_change,cv,1,336238.0,341889.93932332937
2014-01-01,2013-12-01,seasonal_ridge_change,cv,1,336238.0,332008.3683012305
2014-01-01,2013-12-01,selected_padd_models,cv,1,336238.0,339352.43690136983
2014-01-01,2013-12-01,spline_ridge_change,cv,1,336238.0,330506.8825921611
2014-01-01,2013-12-01,xgboost_change,cv,1,336238.0,335082.0947265625
2014-02-01,2014-01-01,constrained_level,cv,1,345274.0,349867.958654814
2014-02-01,2014-01-01,damped_ridge_change,cv,1,345274.0,342953.9819462816
2014-02-01,2014-01-01,ensemble_change,cv,1,345274.0,343016.6271217622
2014-02-01,2014-01-01,forecast_flow_identity,cv,1,345274.0,336290.8865682747
2014-02-01,2014-01-01,huber_change,cv,1,345274.0,352726.63087059255
2014-02-01,2014-01-01,neural_network_change,cv,1,345274.0,345660.535217106
2014-02-01,2014-01-01,persistence,cv,1,345274.0,336238.0
2014-02-01,2014-01-01,polynomial_ridge_change,cv,1,345274.0,341041.52091975464
2014-02-01,2014-01-01,random_forest_change,cv,1,345274.0,342702.23996968835
2014-02-01,2014-01-01,ridge_change,cv,1,345274.0,346587.71660790534
2014-02-01,2014-01-01,rolling_ridge_change,cv,1,345274.0,350871.52639612637
2014-02-01,2014-01-01,seasonal_change,cv,1,345274.0,341889.8
2014-02-01,2014-01-01,seasonal_naive,cv,1,345274.0,356799.0
2014-02-01,2014-01-01,seasonal_residual_change,cv,1,345274.0,344570.0039115163
2014-02-01,2014-01-01,seasonal_ridge_change,cv,1,345274.0,345567.0162242328
2014-02-01,2014-01-01,selected_padd_models,cv,1,345274.0,341951.80348408775
2014-02-01,2014-01-01,spline_ridge_change,cv,1,345274.0,340434.64309848065
2014-02-01,2014-01-01,xgboost_change,cv,1,345274.0,345680.03125
2014-03-01,2014-02-01,constrained_level,cv,1,354987.0,355102.2913403574
2014-03-01,2014-02-01,damped_ridge_change,cv,1,354987.0,349236.7502049289
2014-03-01,2014-02-01,ensemble_change,cv,1,354987.0,349808.1760295795
2014-03-01,2014-02-01,forecast_flow_identity,cv,1,354987.0,353543.2373501176
2014-03-01,2014-02-01,huber_change,cv,1,354987.0,355100.7637732123
2014-03-01,2014-02-01,neural_network_change,cv,1,354987.0,350397.07351391244
2014-03-01,2014-02-01,persistence,cv,1,354987.0,345274.0
2014-03-01,2014-02-01,polynomial_ridge_change,cv,1,354987.0,350228.9487169885
2014-03-01,2014-02-01,random_forest_change,cv,1,354987.0,351592.85412598937
2014-03-01,2014-02-01,ridge_change,cv,1,354987.0,350643.0788500614
2014-03-01,2014-02-01,rolling_ridge_change,cv,1,354987.0,351586.4264078603
2014-03-01,2014-02-01,seasonal_change,cv,1,354987.0,359147.6
2014-03-01,2014-02-01,seasonal_naive,cv,1,354987.0,364621.0
2014-03-01,2014-02-01,seasonal_residual_change,cv,1,354987.0,359569.45368344354
2014-03-01,2014-02-01,seasonal_ridge_change,cv,1,354987.0,349767.8996336241
2014-03-01,2014-02-01,selected_padd_models,cv,1,354987.0,357624.76695369225
2014-03-01,2014-02-01,spline_ridge_change,cv,1,354987.0,350852.8882541598
2014-03-01,2014-02-01,xgboost_change,cv,1,354987.0,353839.9736328125
2014-04-01,2014-03-01,constrained_level,cv,1,365339.0,362229.21986217215
2014-04-01,2014-03-01,damped_ridge_change,cv,1,365339.0,358898.51883440785
2014-04-01,2014-03-01,ensemble_change,cv,1,365339.0,358691.3377556739
2014-04-01,2014-03-01,forecast_flow_identity,cv,1,365339.0,354462.7172275147
2014-04-01,2014-03-01,huber_change,cv,1,365339.0,363377.34179318056
2014-04-01,2014-03-01,neural_network_change,cv,1,365339.0,357805.7057503022
2014-04-01,2014-03-01,persistence,cv,1,365339.0,354987.0
2014-04-01,2014-03-01,polynomial_ridge_change,cv,1,365339.0,361610.80290591286
2014-04-01,2014-03-01,random_forest_change,cv,1,365339.0,357463.10846349434
2014-04-01,2014-03-01,ridge_change,cv,1,365339.0,361371.1188262567
2014-04-01,2014-03-01,rolling_ridge_change,cv,1,365339.0,363488.66343394184
2014-04-01,2014-03-01,seasonal_change,cv,1,365339.0,360246.8
2014-04-01,2014-03-01,seasonal_naive,cv,1,365339.0,367555.0
2014-04-01,2014-03-01,seasonal_residual_change,cv,1,365339.0,360924.1630102043
2014-04-01,2014-03-01,seasonal_ridge_change,cv,1,365339.0,360457.209605663
2014-04-01,2014-03-01,selected_padd_models,cv,1,365339.0,359052.1312824287
2014-04-01,2014-03-01,spline_ridge_change,cv,1,365339.0,354089.81798335974
2014-04-01,2014-03-01,xgboost_change,cv,1,365339.0,357754.0927734375
2014-05-01,2014-04-01,constrained_level,cv,1,365460.0,367409.0603162517
2014-05-01,2014-04-01,damped_ridge_change,cv,1,365460.0,365802.96627866686
2014-05-01,2014-04-01,ensemble_change,cv,1,365460.0,365407.5337824902
2014-05-01,2014-04-01,forecast_flow_identity,cv,1,365460.0,357625.34189288865
2014-05-01,2014-04-01,huber_change,cv,1,365460.0,365331.3028318749
2014-05-01,2014-04-01,neural_network_change,cv,1,365460.0,363871.1003446903
2014-05-01,2014-04-01,persistence,cv,1,365460.0,365339.0
2014-05-01,2014-04-01,polynomial_ridge_change,cv,1,365460.0,371666.81205561286
2014-05-01,2014-04-01,random_forest_change,cv,1,365460.0,362818.69278925355
2014-05-01,2014-04-01,ridge_change,cv,1,365460.0,366559.198992311
2014-05-01,2014-04-01,rolling_ridge_change,cv,1,365460.0,366672.9005359777
2014-05-01,2014-04-01,seasonal_change,cv,1,365460.0,363679.8
2014-05-01,2014-04-01,seasonal_naive,cv,1,365460.0,363304.0
2014-05-01,2014-04-01,seasonal_residual_change,cv,1,365460.0,364120.2216903291
2014-05-01,2014-04-01,seasonal_ridge_change,cv,1,365460.0,366028.0556088238
2014-05-01,2014-04-01,selected_padd_models,cv,1,365460.0,358727.721389748
2014-05-01,2014-04-01,spline_ridge_change,cv,1,365460.0,356220.22303688567
2014-05-01,2014-04-01,xgboost_change,cv,1,365460.0,362220.087890625
2014-06-01,2014-05-01,constrained_level,cv,2,354305.0,360983.30805544165
2014-06-01,2014-05-01,damped_ridge_change,cv,2,354305.0,363189.2749166697
2014-06-01,2014-05-01,ensemble_change,cv,2,354305.0,360253.14166117524
2014-06-01,2014-05-01,forecast_flow_identity,cv,2,354305.0,351607.6962267184
2014-06-01,2014-05-01,huber_change,cv,2,354305.0,363853.928451176
2014-06-01,2014-05-01,neural_network_change,cv,2,354305.0,360945.40664465795
2014-06-01,2014-05-01,persistence,cv,2,354305.0,365460.0
2014-06-01,2014-05-01,polynomial_ridge_change,cv,2,354305.0,365389.2195336024
2014-06-01,2014-05-01,random_forest_change,cv,2,354305.0,358644.3812794353
2014-06-01,2014-05-01,ridge_change,cv,2,354305.0,363274.40409784985
2014-06-01,2014-05-01,rolling_ridge_change,cv,2,354305.0,363764.36433604505
2014-06-01,2014-05-01,seasonal_change,cv,2,354305.0,358016.2
2014-06-01,2014-05-01,seasonal_naive,cv,2,354305.0,348807.0
2014-06-01,2014-05-01,seasonal_residual_change,cv,2,354305.0,357149.34194913553
2014-06-01,2014-05-01,seasonal_ridge_change,cv,2,354305.0,363119.3431347848
2014-06-01,2014-05-01,selected_padd_models,cv,2,354305.0,358882.0154295326
2014-06-01,2014-05-01,spline_ridge_change,cv,2,354305.0,366582.7604541805
2014-06-01,2014-05-01,xgboost_change,cv,2,354305.0,358246.091796875
2014-07-01,2014-06-01,constrained_level,cv,2,338737.0,351841.27746403497
2014-07-01,2014-06-01,damped_ridge_change,cv,2,338737.0,352112.37751239527
2014-07-01,2014-06-01,ensemble_change,cv,2,338737.0,349170.02416609507
2014-07-01,2014-06-01,forecast_flow_identity,cv,2,338737.0,340710.469866793
2014-07-01,2014-06-01,huber_change,cv,2,338737.0,354973.3615953534
2014-07-01,2014-06-01,neural_network_change,cv,2,338737.0,350321.90824921685
2014-07-01,2014-06-01,persistence,cv,2,338737.0,354305.0
2014-07-01,2014-06-01,polynomial_ridge_change,cv,2,338737.0,354007.67146371736
2014-07-01,2014-06-01,random_forest_change,cv,2,338737.0,347695.92328020383
2014-07-01,2014-06-01,ridge_change,cv,2,338737.0,352892.1524707308
2014-07-01,2014-06-01,rolling_ridge_change,cv,2,338737.0,354834.7853676522
2014-07-01,2014-06-01,seasonal_change,cv,2,338737.0,345562.4
2014-07-01,2014-06-01,seasonal_naive,cv,2,338737.0,339391.0
2014-07-01,2014-06-01,seasonal_residual_change,cv,2,338737.0,347326.2117280296
2014-07-01,2014-06-01,seasonal_ridge_change,cv,2,338737.0,352494.99684364477
2014-07-01,2014-06-01,selected_padd_models,cv,2,338737.0,349200.69916132855
2014-07-01,2014-06-01,spline_ridge_change,cv,2,338737.0,357492.084180978
2014-07-01,2014-06-01,xgboost_change,cv,2,338737.0,347673.0888671875
2014-08-01,2014-07-01,constrained_level,cv,2,331076.0,338400.77633542975
2014-08-01,2014-07-01,damped_ridge_change,cv,2,331076.0,337308.1201352934
2014-08-01,2014-07-01,ensemble_change,cv,2,331076.0,336065.9198804391
2014-08-01,2014-07-01,forecast_flow_identity,cv,2,331076.0,327055.7376083742
2014-08-01,2014-07-01,huber_change,cv,2,331076.0,341141.9724652587
2014-08-01,2014-07-01,neural_network_change,cv,2,331076.0,334884.70612889546
2014-08-01,2014-07-01,persistence,cv,2,331076.0,338737.0
2014-08-01,2014-07-01,polynomial_ridge_change,cv,2,331076.0,339158.2543471241
2014-08-01,2014-07-01,random_forest_change,cv,2,331076.0,336305.98385558394
2014-08-01,2014-07-01,ridge_change,cv,2,331076.0,338885.1751454486
2014-08-01,2014-07-01,rolling_ridge_change,cv,2,331076.0,338864.03354322526
2014-08-01,2014-07-01,seasonal_change,cv,2,331076.0,334738.8
2014-08-01,2014-07-01,seasonal_naive,cv,2,331076.0,337127.0
2014-08-01,2014-07-01,seasonal_residual_change,cv,2,331076.0,335696.6158939184
2014-08-01,2014-07-01,seasonal_ridge_change,cv,2,331076.0,336820.3178208729
2014-08-01,2014-07-01,selected_padd_models,cv,2,331076.0,336207.6721346291
2014-08-01,2014-07-01,spline_ridge_change,cv,2,331076.0,345642.0037573898
2014-08-01,2014-07-01,xgboost_change,cv,2,331076.0,340516.3017578125
2014-09-01,2014-08-01,constrained_level,cv,2,332155.0,334839.7552156533
2014-09-01,2014-08-01,damped_ridge_change,cv,2,332155.0,330632.60615620366
2014-09-01,2014-08-01,ensemble_change,cv,2,332155.0,330026.9050116072
2014-09-01,2014-08-01,forecast_flow_identity,cv,2,332155.0,329602.3489867003
2014-09-01,2014-08-01,huber_change,cv,2,332155.0,334076.67213036824
2014-09-01,2014-08-01,neural_network_change,cv,2,332155.0,328747.6327003254
2014-09-01,2014-08-01,persistence,cv,2,332155.0,331076.0
2014-09-01,2014-08-01,polynomial_ridge_change,cv,2,332155.0,332409.90610234044
2014-09-01,2014-08-01,random_forest_change,cv,2,332155.0,330435.6880356685
2014-09-01,2014-08-01,ridge_change,cv,2,332155.0,332512.8368106111
2014-09-01,2014-08-01,rolling_ridge_change,cv,2,332155.0,331766.70972372877
2014-09-01,2014-08-01,seasonal_change,cv,2,332155.0,331155.0
2014-09-01,2014-08-01,seasonal_naive,cv,2,332155.0,344016.0
2014-09-01,2014-08-01,seasonal_residual_change,cv,2,332155.0,332911.74158018595
2014-09-01,2014-08-01,seasonal_ridge_change,cv,2,332155.0,330413.034677154
2014-09-01,2014-08-01,selected_padd_models,cv,2,332155.0,332355.1329893173
2014-09-01,2014-08-01,spline_ridge_change,cv,2,332155.0,336311.56832812296
2014-09-01,2014-08-01,xgboost_change,cv,2,332155.0,334138.2734375
2014-10-01,2014-09-01,constrained_level,cv,2,351717.0,341963.5501009071
2014-10-01,2014-09-01,damped_ridge_change,cv,2,351717.0,333821.2908902045
2014-10-01,2014-09-01,ensemble_change,cv,2,351717.0,332454.68732114777
2014-10-01,2014-09-01,forecast_flow_identity,cv,2,351717.0,335408.7641163183
2014-10-01,2014-09-01,huber_change,cv,2,351717.0,337027.0644564624
2014-10-01,2014-09-01,neural_network_change,cv,2,351717.0,331571.79937793553
2014-10-01,2014-09-01,persistence,cv,2,351717.0,332155.0
2014-10-01,2014-09-01,polynomial_ridge_change,cv,2,351717.0,334291.30956596334
2014-10-01,2014-09-01,random_forest_change,cv,2,351717.0,334521.3935734612
2014-10-01,2014-09-01,ridge_change,cv,2,351717.0,335408.4006732878
2014-10-01,2014-09-01,rolling_ridge_change,cv,2,351717.0,334757.51684627635
2014-10-01,2014-09-01,seasonal_change,cv,2,351717.0,336813.8
2014-10-01,2014-09-01,seasonal_naive,cv,2,351717.0,352597.0
2014-10-01,2014-09-01,seasonal_residual_change,cv,2,351717.0,336911.2550526917
2014-10-01,2014-09-01,seasonal_ridge_change,cv,2,351717.0,332168.94603298546
2014-10-01,2014-09-01,selected_padd_models,cv,2,351717.0,336943.86470287445
2014-10-01,2014-09-01,spline_ridge_change,cv,2,351717.0,335736.0131932859
2014-10-01,2014-09-01,xgboost_change,cv,2,351717.0,335409.4873046875
2014-11-01,2014-10-01,constrained_level,cv,2,356729.0,361500.31412725715
2014-11-01,2014-10-01,damped_ridge_change,cv,2,356729.0,352688.30443128664
2014-11-01,2014-10-01,ensemble_change,cv,2,356729.0,351653.2983934389
2014-11-01,2014-10-01,forecast_flow_identity,cv,2,356729.0,346666.50913277257
2014-11-01,2014-10-01,huber_change,cv,2,356729.0,358593.37568363885
2014-11-01,2014-10-01,neural_network_change,cv,2,356729.0,352524.981434569
2014-11-01,2014-10-01,persistence,cv,2,356729.0,351717.0
2014-11-01,2014-10-01,polynomial_ridge_change,cv,2,356729.0,354730.5778838157
2014-11-01,2014-10-01,random_forest_change,cv,2,356729.0,349596.6774689178
2014-11-01,2014-10-01,ridge_change,cv,2,356729.0,353925.61092140945
2014-11-01,2014-10-01,rolling_ridge_change,cv,2,356729.0,353749.78691830277
2014-11-01,2014-10-01,seasonal_change,cv,2,356729.0,348353.8
2014-11-01,2014-10-01,seasonal_naive,cv,2,356729.0,344172.0
2014-11-01,2014-10-01,seasonal_residual_change,cv,2,356729.0,348556.05647966097
2014-11-01,2014-10-01,seasonal_ridge_change,cv,2,356729.0,353493.35106809915
2014-11-01,2014-10-01,selected_padd_models,cv,2,356729.0,346062.6858305286
2014-11-01,2014-10-01,spline_ridge_change,cv,2,356729.0,355538.52633790136
2014-11-01,2014-10-01,xgboost_change,cv,2,356729.0,351741.9150390625
2014-12-01,2014-11-01,constrained_level,cv,2,360865.0,360533.6181230053
2014-12-01,2014-11-01,damped_ridge_change,cv,2,360865.0,357688.0603184253
2014-12-01,2014-11-01,ensemble_change,cv,2,360865.0,354710.81913361757
2014-12-01,2014-11-01,forecast_flow_identity,cv,2,360865.0,343674.6708460881
2014-12-01,2014-11-01,huber_change,cv,2,360865.0,363166.95999245695
2014-12-01,2014-11-01,neural_network_change,cv,2,360865.0,357062.4477537033
2014-12-01,2014-11-01,persistence,cv,2,360865.0,356729.0
2014-12-01,2014-11-01,polynomial_ridge_change,cv,2,360865.0,357689.60798752616
2014-12-01,2014-11-01,random_forest_change,cv,2,360865.0,349349.08707394166
2014-12-01,2014-11-01,ridge_change,cv,2,360865.0,356439.783645018
2014-12-01,2014-11-01,rolling_ridge_change,cv,2,360865.0,356109.0384278249
2014-12-01,2014-11-01,seasonal_change,cv,2,360865.0,342920.4
2014-12-01,2014-11-01,seasonal_naive,cv,2,360865.0,327191.0
2014-12-01,2014-11-01,seasonal_residual_change,cv,2,360865.0,344848.9621728171
2014-12-01,2014-11-01,seasonal_ridge_change,cv,2,360865.0,357881.84465793543
2014-12-01,2014-11-01,selected_padd_models,cv,2,360865.0,343845.96628287795
2014-12-01,2014-11-01,spline_ridge_change,cv,2,360865.0,357719.86546976946
2014-12-01,2014-11-01,xgboost_change,cv,2,360865.0,345672.27734375
2015-01-01,2014-12-01,constrained_level,cv,2,389213.0,367181.31735775433
2015-01-01,2014-12-01,damped_ridge_change,cv,2,389213.0,363935.60154799494
2015-01-01,2014-12-01,ensemble_change,cv,2,389213.0,363737.6203901778
2015-01-01,2014-12-01,forecast_flow_identity,cv,2,389213.0,375656.2995578126
2015-01-01,2014-12-01,huber_change,cv,2,389213.0,372949.4558847374
2015-01-01,2014-12-01,neural_network_change,cv,2,389213.0,366317.6291781226
2015-01-01,2014-12-01,persistence,cv,2,389213.0,360865.0
2015-01-01,2014-12-01,polynomial_ridge_change,cv,2,389213.0,365217.57786880597
2015-01-01,2014-12-01,random_forest_change,cv,2,389213.0,361897.8526547999
2015-01-01,2014-12-01,ridge_change,cv,2,389213.0,362889.41436295916
2015-01-01,2014-12-01,rolling_ridge_change,cv,2,389213.0,364140.87568608596
2015-01-01,2014-12-01,seasonal_change,cv,2,389213.0,370974.4
2015-01-01,2014-12-01,seasonal_naive,cv,2,389213.0,336238.0
2015-01-01,2014-12-01,seasonal_residual_change,cv,2,389213.0,372249.01485545555
2015-01-01,2014-12-01,seasonal_ridge_change,cv,2,389213.0,364604.4945309552
2015-01-01,2014-12-01,selected_padd_models,cv,2,389213.0,371917.78292510496
2015-01-01,2014-12-01,spline_ridge_change,cv,2,389213.0,370131.677781953
2015-01-01,2014-12-01,xgboost_change,cv,2,389213.0,360164.5439453125
2015-02-01,2015-01-01,constrained_level,cv,2,415313.0,397035.08586213517
2015-02-01,2015-01-01,damped_ridge_change,cv,2,415313.0,393290.386483091
2015-02-01,2015-01-01,ensemble_change,cv,2,415313.0,395472.53395289247
2015-02-01,2015-01-01,forecast_flow_identity,cv,2,415313.0,396951.8883545188
2015-02-01,2015-01-01,huber_change,cv,2,415313.0,402453.83216303284
2015-02-01,2015-01-01,neural_network_change,cv,2,415313.0,396017.8175536176
2015-02-01,2015-01-01,persistence,cv,2,415313.0,389213.0
2015-02-01,2015-01-01,polynomial_ridge_change,cv,2,415313.0,398910.89315106306
2015-02-01,2015-01-01,random_forest_change,cv,2,415313.0,397400.1374336475
2015-02-01,2015-01-01,ridge_change,cv,2,415313.0,393475.4799578746
2015-02-01,2015-01-01,rolling_ridge_change,cv,2,415313.0,394408.9170599956
2015-02-01,2015-01-01,seasonal_change,cv,2,415313.0,395445.8
2015-02-01,2015-01-01,seasonal_naive,cv,2,415313.0,345274.0
2015-02-01,2015-01-01,seasonal_residual_change,cv,2,415313.0,398867.6987928905
2015-02-01,2015-01-01,seasonal_ridge_change,cv,2,415313.0,394457.8684536921
2015-02-01,2015-01-01,selected_padd_models,cv,2,415313.0,398402.25382973504
2015-02-01,2015-01-01,spline_ridge_change,cv,2,415313.0,404244.2485184418
2015-02-01,2015-01-01,xgboost_change,cv,2,415313.0,398784.763671875
2015-03-01,2015-02-01,constrained_level,cv,2,443200.0,416300.79167353344
2015-03-01,2015-02-01,damped_ridge_change,cv,2,443200.0,417436.08548477007
2015-03-01,2015-02-01,ensemble_change,cv,2,443200.0,420007.9718776898
2015-03-01,2015-02-01,forecast_flow_identity,cv,2,443200.0,431802.4945164127
2015-03-01,2015-02-01,huber_change,cv,2,443200.0,422859.4372104285
2015-03-01,2015-02-01,neural_network_change,cv,2,443200.0,418552.05467303103
2015-03-01,2015-02-01,persistence,cv,2,443200.0,415313.0
2015-03-01,2015-02-01,polynomial_ridge_change,cv,2,443200.0,425077.3897711315
2015-03-01,2015-02-01,random_forest_change,cv,2,443200.0,422582.67795683467
2015-03-01,2015-02-01,ridge_change,cv,2,443200.0,416733.77398941113
2015-03-01,2015-02-01,rolling_ridge_change,cv,2,443200.0,417479.03237046435
2015-03-01,2015-02-01,seasonal_change,cv,2,443200.0,429300.60000000003
2015-03-01,2015-02-01,seasonal_naive,cv,2,443200.0,354987.0
2015-03-01,2015-02-01,seasonal_residual_change,cv,2,443200.0,428453.11711226706
2015-03-01,2015-02-01,seasonal_ridge_change,cv,2,443200.0,418090.89196177875
2015-03-01,2015-02-01,selected_padd_models,cv,2,443200.0,427098.83221040305
2015-03-01,2015-02-01,spline_ridge_change,cv,2,443200.0,425854.7899773918
2015-03-01,2015-02-01,xgboost_change,cv,2,443200.0,422335.4443359375
2015-04-01,2015-03-01,constrained_level,cv,2,452713.0,437059.40648852306
2015-04-01,2015-03-01,damped_ridge_change,cv,2,452713.0,443521.8815916352
2015-04-01,2015-03-01,ensemble_change,cv,2,452713.0,445700.7677842967
2015-04-01,2015-03-01,forecast_flow_identity,cv,2,452713.0,452664.71996978903
2015-04-01,2015-03-01,huber_change,cv,2,452713.0,446663.4753029973
2015-04-01,2015-03-01,neural_network_change,cv,2,452713.0,441666.0888334397
2015-04-01,2015-03-01,persistence,cv,2,452713.0,443200.0
2015-04-01,2015-03-01,polynomial_ridge_change,cv,2,452713.0,452699.76788517315
2015-04-01,2015-03-01,random_forest_change,cv,2,452713.0,447626.1263093227
2015-04-01,2015-03-01,ridge_change,cv,2,452713.0,442691.0548334619
2015-04-01,2015-03-01,rolling_ridge_change,cv,2,452713.0,442726.1137327933
2015-04-01,2015-03-01,seasonal_change,cv,2,452713.0,449781.6
2015-04-01,2015-03-01,seasonal_naive,cv,2,452713.0,365339.0
2015-04-01,2015-03-01,seasonal_residual_change,cv,2,452713.0,448612.9244011963
2015-04-01,2015-03-01,seasonal_ridge_change,cv,2,452713.0,443479.8873535124
2015-04-01,2015-03-01,selected_padd_models,cv,2,452713.0,447920.3581295302
2015-04-01,2015-03-01,spline_ridge_change,cv,2,452713.0,446073.24621049134
2015-04-01,2015-03-01,xgboost_change,cv,2,452713.0,447491.1962890625
2015-05-01,2015-04-01,constrained_level,cv,2,448961.0,438814.76266222156
2015-05-01,2015-04-01,damped_ridge_change,cv,2,448961.0,449649.42927768826
2015-05-01,2015-04-01,ensemble_change,cv,2,448961.0,450719.3778224781
2015-05-01,2015-04-01,forecast_flow_identity,cv,2,448961.0,456349.3323492775
2015-05-01,2015-04-01,huber_change,cv,2,448961.0,444320.7545932161
2015-05-01,2015-04-01,neural_network_change,cv,2,448961.0,445429.60692237876
2015-05-01,2015-04-01,persistence,cv,2,448961.0,452713.0
2015-05-01,2015-04-01,polynomial_ridge_change,cv,2,448961.0,457817.09799040406
2015-05-01,2015-04-01,random_forest_change,cv,2,448961.0,450387.00659162726
2015-05-01,2015-04-01,ridge_change,cv,2,448961.0,447981.1810943627
2015-05-01,2015-04-01,rolling_ridge_change,cv,2,448961.0,445089.35258566774
2015-05-01,2015-04-01,seasonal_change,cv,2,448961.0,453291.00000000006
2015-05-01,2015-04-01,seasonal_naive,cv,2,448961.0,365460.0
2015-05-01,2015-04-01,seasonal_residual_change,cv,2,448961.0,443260.80896305444
2015-05-01,2015-04-01,seasonal_ridge_change,cv,2,448961.0,446822.7571157244
2015-05-01,2015-04-01,selected_padd_models,cv,2,448961.0,448830.12941126607
2015-05-01,2015-04-01,spline_ridge_change,cv,2,448961.0,455851.5184675717
2015-05-01,2015-04-01,xgboost_change,cv,2,448961.0,449924.57421875
2015-06-01,2015-05-01,constrained_level,cv,3,438810.0,433085.94555378234
2015-06-01,2015-05-01,damped_ridge_change,cv,3,438810.0,445733.36171677726
2015-06-01,2015-05-01,ensemble_change,cv,3,438810.0,443808.5430512789
2015-06-01,2015-05-01,forecast_flow_identity,cv,3,438810.0,444155.38930103794
2015-06-01,2015-05-01,huber_change,cv,3,438810.0,440012.92120463826
2015-06-01,2015-05-01,neural_network_change,cv,3,438810.0,442686.7418553885
2015-06-01,2015-05-01,persistence,cv,3,438810.0,448961.0
2015-06-01,2015-05-01,polynomial_ridge_change,cv,3,438810.0,449119.716051468
2015-06-01,2015-05-01,random_forest_change,cv,3,438810.0,442176.4377441345
2015-06-01,2015-05-01,ridge_change,cv,3,438810.0,447131.6579096159
2015-06-01,2015-05-01,rolling_ridge_change,cv,3,438810.0,446385.494726879
2015-06-01,2015-05-01,seasonal_change,cv,3,438810.0,441776.0
2015-06-01,2015-05-01,seasonal_naive,cv,3,438810.0,354305.0
2015-06-01,2015-05-01,seasonal_residual_change,cv,3,438810.0,440277.34002099396
2015-06-01,2015-05-01,seasonal_ridge_change,cv,3,438810.0,446603.47148468683
2015-06-01,2015-05-01,selected_padd_models,cv,3,438810.0,441642.21478276525
2015-06-01,2015-05-01,spline_ridge_change,cv,3,438810.0,447753.8449520999
2015-06-01,2015-05-01,xgboost_change,cv,3,438810.0,442213.2060546875
2015-07-01,2015-06-01,constrained_level,cv,3,424809.0,424255.0768167522
2015-07-01,2015-06-01,damped_ridge_change,cv,3,424809.0,435653.1480779148
2015-07-01,2015-06-01,ensemble_change,cv,3,424809.0,433723.92088360235
2015-07-01,2015-06-01,forecast_flow_identity,cv,3,424809.0,426989.5538780983
2015-07-01,2015-06-01,huber_change,cv,3,424809.0,429067.3430093491
2015-07-01,2015-06-01,neural_network_change,cv,3,424809.0,431093.5975184365
2015-07-01,2015-06-01,persistence,cv,3,424809.0,438810.0
2015-07-01,2015-06-01,polynomial_ridge_change,cv,3,424809.0,438113.2099958712
2015-07-01,2015-06-01,random_forest_change,cv,3,424809.0,431577.43015084876
2015-07-01,2015-06-01,ridge_change,cv,3,424809.0,436497.22776013927
2015-07-01,2015-06-01,rolling_ridge_change,cv,3,424809.0,434886.5397447391
2015-07-01,2015-06-01,seasonal_change,cv,3,424809.0,427242.4
2015-07-01,2015-06-01,seasonal_naive,cv,3,424809.0,338737.0
2015-07-01,2015-06-01,seasonal_residual_change,cv,3,424809.0,429911.1565483851
2015-07-01,2015-06-01,seasonal_ridge_change,cv,3,424809.0,436223.2398944184
2015-07-01,2015-06-01,selected_padd_models,cv,3,424809.0,431858.71879242297
2015-07-01,2015-06-01,spline_ridge_change,cv,3,424809.0,437290.8570138641
2015-07-01,2015-06-01,xgboost_change,cv,3,424809.0,428380.474609375
2015-08-01,2015-07-01,constrained_level,cv,3,425853.0,415747.06119716074
2015-08-01,2015-07-01,damped_ridge_change,cv,3,425853.0,422773.85821973835
2015-08-01,2015-07-01,ensemble_change,cv,3,425853.0,423734.7357935881
2015-08-01,2015-07-01,forecast_flow_identity,cv,3,425853.0,417568.1358031499
2015-08-01,2015-07-01,huber_change,cv,3,425853.0,417979.408200485
2015-08-01,2015-07-01,neural_network_change,cv,3,425853.0,420043.54651381914
2015-08-01,2015-07-01,persistence,cv,3,425853.0,424809.0
2015-08-01,2015-07-01,polynomial_ridge_change,cv,3,425853.0,425543.5164611189
2015-08-01,2015-07-01,random_forest_change,cv,3,425853.0,422717.77629901835
2015-08-01,2015-07-01,ridge_change,cv,3,425853.0,424421.8829206737
2015-08-01,2015-07-01,rolling_ridge_change,cv,3,425853.0,421435.13259285997
2015-08-01,2015-07-01,seasonal_change,cv,3,425853.0,421212.2
2015-08-01,2015-07-01,seasonal_naive,cv,3,425853.0,331076.0
2015-08-01,2015-07-01,seasonal_residual_change,cv,3,425853.0,422798.31236316625
2015-08-01,2015-07-01,seasonal_ridge_change,cv,3,425853.0,422948.5840557753
2015-08-01,2015-07-01,selected_padd_models,cv,3,425853.0,422493.0308429393
2015-08-01,2015-07-01,spline_ridge_change,cv,3,425853.0,426682.07387237606
2015-08-01,2015-07-01,xgboost_change,cv,3,425853.0,422876.74609375
2015-09-01,2015-08-01,constrained_level,cv,3,429129.0,422252.18589238846
2015-09-01,2015-08-01,damped_ridge_change,cv,3,429129.0,425595.90563469764
2015-09-01,2015-08-01,ensemble_change,cv,3,429129.0,426273.5321150096
2015-09-01,2015-08-01,forecast_flow_identity,cv,3,429129.0,429648.3406075258
2015-09-01,2015-08-01,huber_change,cv,3,429129.0,422257.5955663334
2015-09-01,2015-08-01,neural_network_change,cv,3,429129.0,423731.8826534855
2015-09-01,2015-08-01,persistence,cv,3,429129.0,425853.0
2015-09-01,2015-08-01,polynomial_ridge_change,cv,3,429129.0,429808.3714129315
2015-09-01,2015-08-01,random_forest_change,cv,3,429129.0,424732.86230123043
2015-09-01,2015-08-01,ridge_change,cv,3,429129.0,428890.6285210986
2015-09-01,2015-08-01,rolling_ridge_change,cv,3,429129.0,423406.51260189555
2015-09-01,2015-08-01,seasonal_change,cv,3,429129.0,426242.2
2015-09-01,2015-08-01,seasonal_naive,cv,3,429129.0,332155.0
2015-09-01,2015-08-01,seasonal_residual_change,cv,3,429129.0,427390.7611016255
2015-09-01,2015-08-01,seasonal_ridge_change,cv,3,429129.0,426613.57369590126
2015-09-01,2015-08-01,selected_padd_models,cv,3,429129.0,425835.9495110159
2015-09-01,2015-08-01,spline_ridge_change,cv,3,429129.0,432881.2599839768
2015-09-01,2015-08-01,xgboost_change,cv,3,429129.0,425959.00390625
2015-10-01,2015-09-01,constrained_level,cv,3,455213.0,419950.93078245915
2015-10-01,2015-09-01,damped_ridge_change,cv,3,455213.0,427842.5406257753
2015-10-01,2015-09-01,ensemble_change,cv,3,455213.0,430432.54362716223
2015-10-01,2015-09-01,forecast_flow_identity,cv,3,455213.0,441671.0495769793
2015-10-01,2015-09-01,huber_change,cv,3,455213.0,423513.40387119196
2015-10-01,2015-09-01,neural_network_change,cv,3,455213.0,424265.9683844695
2015-10-01,2015-09-01,persistence,cv,3,455213.0,429129.0
2015-10-01,2015-09-01,polynomial_ridge_change,cv,3,455213.0,434765.940823949
2015-10-01,2015-09-01,random_forest_change,cv,3,455213.0,431391.5060977539
2015-10-01,2015-09-01,ridge_change,cv,3,455213.0,430284.35774986097
2015-10-01,2015-09-01,rolling_ridge_change,cv,3,455213.0,424462.3214690678
2015-10-01,2015-09-01,seasonal_change,cv,3,455213.0,438233.2
2015-10-01,2015-09-01,seasonal_naive,cv,3,455213.0,351717.0
2015-10-01,2015-09-01,seasonal_residual_change,cv,3,455213.0,434752.91149463796
2015-10-01,2015-09-01,seasonal_ridge_change,cv,3,455213.0,428661.86561781174
2015-10-01,2015-09-01,selected_padd_models,cv,3,455213.0,434675.2784868019
2015-10-01,2015-09-01,spline_ridge_change,cv,3,455213.0,438135.3540329197
2015-10-01,2015-09-01,xgboost_change,cv,3,455213.0,434015.361328125
2015-11-01,2015-10-01,constrained_level,cv,3,455994.0,449623.3691004743
2015-11-01,2015-10-01,damped_ridge_change,cv,3,455994.0,456244.92055152747
2015-11-01,2015-10-01,ensemble_change,cv,3,455994.0,456984.46670655964
2015-11-01,2015-10-01,forecast_flow_identity,cv,3,455994.0,455306.67974744976
2015-11-01,2015-10-01,huber_change,cv,3,455994.0,455299.39867632755
2015-11-01,2015-10-01,neural_network_change,cv,3,455994.0,457501.5181940494
2015-11-01,2015-10-01,persistence,cv,3,455994.0,455213.0
2015-11-01,2015-10-01,polynomial_ridge_change,cv,3,455994.0,463773.03443942236
2015-11-01,2015-10-01,random_forest_change,cv,3,455994.0,457612.7736980513
2015-11-01,2015-10-01,ridge_change,cv,3,455994.0,458913.05182605196
2015-11-01,2015-10-01,rolling_ridge_change,cv,3,455994.0,453583.2818778185
2015-11-01,2015-10-01,seasonal_change,cv,3,455994.0,451964.8
2015-11-01,2015-10-01,seasonal_naive,cv,3,455994.0,356729.0
2015-11-01,2015-10-01,seasonal_residual_change,cv,3,455994.0,451607.37326299446
2015-11-01,2015-10-01,seasonal_ridge_change,cv,3,455994.0,458493.80275514256
2015-11-01,2015-10-01,selected_padd_models,cv,3,455994.0,450150.39530801517
2015-11-01,2015-10-01,spline_ridge_change,cv,3,455994.0,461099.86166633293
2015-11-01,2015-10-01,xgboost_change,cv,3,455994.0,456184.5009765625
2015-12-01,2015-11-01,constrained_level,cv,3,449220.0,444582.06162131426
2015-12-01,2015-11-01,damped_ridge_change,cv,3,449220.0,456713.9012900073
2015-12-01,2015-11-01,ensemble_change,cv,3,449220.0,456630.2016351036
2015-12-01,2015-11-01,forecast_flow_identity,cv,3,449220.0,447067.0036847707
2015-12-01,2015-11-01,huber_change,cv,3,449220.0,456112.88494891586
2015-12-01,2015-11-01,neural_network_change,cv,3,449220.0,457968.9386468412
2015-12-01,2015-11-01,persistence,cv,3,449220.0,455994.0
2015-12-01,2015-11-01,polynomial_ridge_change,cv,3,449220.0,460667.94083773444
2015-12-01,2015-11-01,random_forest_change,cv,3,449220.0,453103.0065321502
2015-12-01,2015-11-01,ridge_change,cv,3,449220.0,455735.2754051547
2015-12-01,2015-11-01,rolling_ridge_change,cv,3,449220.0,454902.9118300733
2015-12-01,2015-11-01,seasonal_change,cv,3,449220.0,445353.8
2015-12-01,2015-11-01,seasonal_naive,cv,3,449220.0,360865.0
2015-12-01,2015-11-01,seasonal_residual_change,cv,3,449220.0,446267.21106815676
2015-12-01,2015-11-01,seasonal_ridge_change,cv,3,449220.0,458492.5736554978
2015-12-01,2015-11-01,selected_padd_models,cv,3,449220.0,445148.9733519226
2015-12-01,2015-11-01,spline_ridge_change,cv,3,449220.0,459233.3050355904
2015-12-01,2015-11-01,xgboost_change,cv,3,449220.0,455750.083984375
2016-01-01,2015-12-01,constrained_level,cv,3,471767.0,434357.4902397111
2016-01-01,2015-12-01,damped_ridge_change,cv,3,471767.0,449593.18644902954
2016-01-01,2015-12-01,ensemble_change,cv,3,471767.0,453996.85616982094
2016-01-01,2015-12-01,forecast_flow_identity,cv,3,471767.0,469088.1331385213
2016-01-01,2015-12-01,huber_change,cv,3,471767.0,451473.8891137053
2016-01-01,2015-12-01,neural_network_change,cv,3,471767.0,453961.8284733009
2016-01-01,2015-12-01,persistence,cv,3,471767.0,449220.0
2016-01-01,2015-12-01,polynomial_ridge_change,cv,3,471767.0,453611.89679278585
2016-01-01,2015-12-01,random_forest_change,cv,3,471767.0,456276.1957611775
2016-01-01,2015-12-01,ridge_change,cv,3,471767.0,448363.98108022986
2016-01-01,2015-12-01,rolling_ridge_change,cv,3,471767.0,452439.9006113683
2016-01-01,2015-12-01,seasonal_change,cv,3,471767.0,463206.2
2016-01-01,2015-12-01,seasonal_naive,cv,3,471767.0,389213.0
2016-01-01,2015-12-01,seasonal_residual_change,cv,3,471767.0,458733.52327676624
2016-01-01,2015-12-01,seasonal_ridge_change,cv,3,471767.0,452532.71302865696
2016-01-01,2015-12-01,selected_padd_models,cv,3,471767.0,457329.4294485843
2016-01-01,2015-12-01,spline_ridge_change,cv,3,471767.0,451176.02915820084
2016-01-01,2015-12-01,xgboost_change,cv,3,471767.0,455275.6826171875
2016-02-01,2016-01-01,constrained_level,cv,3,492153.0,461119.8100564449
2016-02-01,2016-01-01,damped_ridge_change,cv,3,492153.0,473164.9178400688
2016-02-01,2016-01-01,ensemble_change,cv,3,492153.0,478177.18600340857
2016-02-01,2016-01-01,forecast_flow_identity,cv,3,492153.0,485229.7256498131
2016-02-01,2016-01-01,huber_change,cv,3,492153.0,475744.10944397806
2016-02-01,2016-01-01,neural_network_change,cv,3,492153.0,477197.6721915185
2016-02-01,2016-01-01,persistence,cv,3,492153.0,471767.0
2016-02-01,2016-01-01,polynomial_ridge_change,cv,3,492153.0,479556.58391440625
2016-02-01,2016-01-01,random_forest_change,cv,3,492153.0,480844.6998399328
2016-02-01,2016-01-01,ridge_change,cv,3,492153.0,473250.97417891736
2016-02-01,2016-01-01,rolling_ridge_change,cv,3,492153.0,478080.57181232475
2016-02-01,2016-01-01,seasonal_change,cv,3,492153.0,481965.60000000003
2016-02-01,2016-01-01,seasonal_naive,cv,3,492153.0,415313.0
2016-02-01,2016-01-01,seasonal_residual_change,cv,3,492153.0,478880.9861244912
2016-02-01,2016-01-01,seasonal_ridge_change,cv,3,492153.0,476814.14008649427
2016-02-01,2016-01-01,selected_padd_models,cv,3,492153.0,478332.0726309304
2016-02-01,2016-01-01,spline_ridge_change,cv,3,492153.0,480382.12725504284
2016-02-01,2016-01-01,xgboost_change,cv,3,492153.0,480222.5546875
2016-03-01,2016-02-01,constrained_level,cv,3,504811.0,475607.07411000354
2016-03-01,2016-02-01,damped_ridge_change,cv,3,504811.0,492151.70634786657
2016-03-01,2016-02-01,ensemble_change,cv,3,504811.0,497631.6524727311
2016-03-01,2016-02-01,forecast_flow_identity,cv,3,504811.0,511306.77206837095
2016-03-01,2016-02-01,huber_change,cv,3,504811.0,492692.1148570384
2016-03-01,2016-02-01,neural_network_change,cv,3,504811.0,493715.72622460715
2016-03-01,2016-02-01,persistence,cv,3,504811.0,492153.0
2016-03-01,2016-02-01,polynomial_ridge_change,cv,3,504811.0,498181.345558332
2016-03-01,2016-02-01,random_forest_change,cv,3,504811.0,500855.04080670193
2016-03-01,2016-02-01,ridge_change,cv,3,504811.0,492405.5991580223
2016-03-01,2016-02-01,rolling_ridge_change,cv,3,504811.0,497504.44910497824
2016-03-01,2016-02-01,seasonal_change,cv,3,504811.0,508504.6
2016-03-01,2016-02-01,seasonal_naive,cv,3,504811.0,443200.0
2016-03-01,2016-02-01,seasonal_residual_change,cv,3,504811.0,502125.9279878382
2016-03-01,2016-02-01,seasonal_ridge_change,cv,3,504811.0,496192.27920753596
2016-03-01,2016-02-01,selected_padd_models,cv,3,504811.0,502040.8441898555
2016-03-01,2016-02-01,spline_ridge_change,cv,3,504811.0,500322.56826737354
2016-03-01,2016-02-01,xgboost_change,cv,3,504811.0,499390.71875
2016-04-01,2016-03-01,constrained_level,cv,3,509323.0,481222.4606667513
2016-04-01,2016-03-01,damped_ridge_change,cv,3,509323.0,503607.2302213577
2016-04-01,2016-03-01,ensemble_change,cv,3,509323.0,507738.1645921455
2016-04-01,2016-03-01,forecast_flow_identity,cv,3,509323.0,514554.3658662617
2016-04-01,2016-03-01,huber_change,cv,3,509323.0,500992.8148447687
2016-04-01,2016-03-01,neural_network_change,cv,3,509323.0,503924.5954744446
2016-04-01,2016-03-01,persistence,cv,3,509323.0,504811.0
2016-04-01,2016-03-01,polynomial_ridge_change,cv,3,509323.0,511066.39240491786
2016-04-01,2016-03-01,random_forest_change,cv,3,509323.0,509974.7258544078
2016-04-01,2016-03-01,ridge_change,cv,3,509323.0,504232.0349819269
2016-04-01,2016-03-01,rolling_ridge_change,cv,3,509323.0,506260.1193908282
2016-04-01,2016-03-01,seasonal_change,cv,3,509323.0,512456.6
2016-04-01,2016-03-01,seasonal_naive,cv,3,509323.0,452713.0
2016-04-01,2016-03-01,seasonal_residual_change,cv,3,509323.0,509129.30104769696
2016-04-01,2016-03-01,seasonal_ridge_change,cv,3,509323.0,506528.50671406573
2016-04-01,2016-03-01,selected_padd_models,cv,3,509323.0,511628.43900380016
2016-04-01,2016-03-01,spline_ridge_change,cv,3,509323.0,507689.09606584103
2016-04-01,2016-03-01,xgboost_change,cv,3,509323.0,507282.26171875
2016-05-01,2016-04-01,constrained_level,cv,3,511861.0,484301.3810788753
2016-05-01,2016-04-01,damped_ridge_change,cv,3,511861.0,507449.21203272615
2016-05-01,2016-04-01,ensemble_change,cv,3,511861.0,511074.5343183047
2016-05-01,2016-04-01,forecast_flow_identity,cv,3,511861.0,512247.5510172604
2016-05-01,2016-04-01,huber_change,cv,3,511861.0,503217.2714306854
2016-05-01,2016-04-01,neural_network_change,cv,3,511861.0,506045.49973927217
2016-05-01,2016-04-01,persistence,cv,3,511861.0,509323.0
2016-05-01,2016-04-01,polynomial_ridge_change,cv,3,511861.0,510590.12398321775
2016-05-01,2016-04-01,random_forest_change,cv,3,511861.0,511487.29032069986
2016-05-01,2016-04-01,ridge_change,cv,3,511861.0,508918.94861651165
2016-05-01,2016-04-01,rolling_ridge_change,cv,3,511861.0,509633.48059144994
2016-05-01,2016-04-01,seasonal_change,cv,3,511861.0,509421.2
2016-05-01,2016-04-01,seasonal_naive,cv,3,511861.0,448961.0
2016-05-01,2016-04-01,seasonal_residual_change,cv,3,511861.0,506187.78557015455
2016-05-01,2016-04-01,seasonal_ridge_change,cv,3,511861.0,509586.44791826926
2016-05-01,2016-04-01,selected_padd_models,cv,3,511861.0,507820.0373749024
2016-05-01,2016-04-01,spline_ridge_change,cv,3,511861.0,508843.1122188077
2016-05-01,2016-04-01,xgboost_change,cv,3,511861.0,507830.220703125
2016-06-01,2016-05-01,constrained_level,cv,4,500857.0,504580.7847225923
2016-06-01,2016-05-01,damped_ridge_change,cv,4,500857.0,511771.0279866698
2016-06-01,2016-05-01,ensemble_change,cv,4,500857.0,507451.43234774645
2016-06-01,2016-05-01,forecast_flow_identity,cv,4,500857.0,505681.41870024113
2016-06-01,2016-05-01,huber_change,cv,4,500857.0,509535.5791821892
2016-06-01,2016-05-01,neural_network_change,cv,4,500857.0,508366.68902845803
2016-06-01,2016-05-01,persistence,cv,4,500857.0,511861.0
2016-06-01,2016-05-01,polynomial_ridge_change,cv,4,500857.0,510853.98858755245
2016-06-01,2016-05-01,random_forest_change,cv,4,500857.0,503647.68012862216
2016-06-01,2016-05-01,ridge_change,cv,4,500857.0,515779.4003860818
2016-06-01,2016-05-01,rolling_ridge_change,cv,4,500857.0,510089.4879937488
2016-06-01,2016-05-01,seasonal_change,cv,4,500857.0,501904.6
2016-06-01,2016-05-01,seasonal_naive,cv,4,500857.0,438810.0
2016-06-01,2016-05-01,seasonal_residual_change,cv,4,500857.0,502595.99133348785
2016-06-01,2016-05-01,seasonal_ridge_change,cv,4,500857.0,513254.7866374483
2016-06-01,2016-05-01,selected_padd_models,cv,4,500857.0,503858.16717865
2016-06-01,2016-05-01,spline_ridge_change,cv,4,500857.0,504426.94202335464
2016-06-01,2016-05-01,xgboost_change,cv,4,500857.0,500567.748046875
2016-07-01,2016-06-01,constrained_level,cv,4,493458.0,488750.62376541167
2016-07-01,2016-06-01,damped_ridge_change,cv,4,493458.0,497982.7834519391
2016-07-01,2016-06-01,ensemble_change,cv,4,493458.0,494800.35172649357
2016-07-01,2016-06-01,forecast_flow_identity,cv,4,493458.0,487895.6049980839
2016-07-01,2016-06-01,huber_change,cv,4,493458.0,492983.5648354362
2016-07-01,2016-06-01,neural_network_change,cv,4,493458.0,494681.7524362103
2016-07-01,2016-06-01,persistence,cv,4,493458.0,500857.0
2016-07-01,2016-06-01,polynomial_ridge_change,cv,4,493458.0,498419.7755148373
2016-07-01,2016-06-01,random_forest_change,cv,4,493458.0,491074.26211085764
2016-07-01,2016-06-01,ridge_change,cv,4,493458.0,500206.37217990647
2016-07-01,2016-06-01,rolling_ridge_change,cv,4,493458.0,497427.6770457482
2016-07-01,2016-06-01,seasonal_change,cv,4,493458.0,488083.4
2016-07-01,2016-06-01,seasonal_naive,cv,4,493458.0,424809.0
2016-07-01,2016-06-01,seasonal_residual_change,cv,4,493458.0,489123.17701679916
2016-07-01,2016-06-01,seasonal_ridge_change,cv,4,493458.0,499281.31751705654
2016-07-01,2016-06-01,selected_padd_models,cv,4,493458.0,490997.99351438676
2016-07-01,2016-06-01,spline_ridge_change,cv,4,493458.0,497427.8973404578
2016-07-01,2016-06-01,xgboost_change,cv,4,493458.0,487880.392578125
2016-08-01,2016-07-01,constrained_level,cv,4,486675.0,483728.767968803
2016-08-01,2016-07-01,damped_ridge_change,cv,4,486675.0,491285.61375588394
2016-08-01,2016-07-01,ensemble_change,cv,4,486675.0,491652.25508044043
2016-08-01,2016-07-01,forecast_flow_identity,cv,4,486675.0,487202.4507845654
2016-08-01,2016-07-01,huber_change,cv,4,486675.0,486767.9855284893
2016-08-01,2016-07-01,neural_network_change,cv,4,486675.0,488909.6502638386
2016-08-01,2016-07-01,persistence,cv,4,486675.0,493458.0
2016-08-01,2016-07-01,polynomial_ridge_change,cv,4,486675.0,493890.82467895444
2016-08-01,2016-07-01,random_forest_change,cv,4,486675.0,490274.43596644176
2016-08-01,2016-07-01,ridge_change,cv,4,486675.0,493833.82787264
2016-08-01,2016-07-01,rolling_ridge_change,cv,4,486675.0,489737.5191156239
2016-08-01,2016-07-01,seasonal_change,cv,4,486675.0,489729.6
2016-08-01,2016-07-01,seasonal_naive,cv,4,486675.0,425853.0
2016-08-01,2016-07-01,seasonal_residual_change,cv,4,486675.0,488989.3220038693
2016-08-01,2016-07-01,seasonal_ridge_change,cv,4,486675.0,492087.60059997044
2016-08-01,2016-07-01,selected_padd_models,cv,4,486675.0,488350.7164780492
2016-08-01,2016-07-01,spline_ridge_change,cv,4,486675.0,491794.7457404278
2016-08-01,2016-07-01,xgboost_change,cv,4,486675.0,484782.287109375
2016-09-01,2016-08-01,constrained_level,cv,4,471537.0,482382.2723439167
2016-09-01,2016-08-01,damped_ridge_change,cv,4,471537.0,486838.32265221595
2016-09-01,2016-08-01,ensemble_change,cv,4,471537.0,488141.26549434394
2016-09-01,2016-08-01,forecast_flow_identity,cv,4,471537.0,490196.0327601447
2016-09-01,2016-08-01,huber_change,cv,4,471537.0,486263.38613411377
2016-09-01,2016-08-01,neural_network_change,cv,4,471537.0,485056.59512025176
2016-09-01,2016-08-01,persistence,cv,4,471537.0,486675.0
2016-09-01,2016-08-01,polynomial_ridge_change,cv,4,471537.0,489395.40181891917
2016-09-01,2016-08-01,random_forest_change,cv,4,471537.0,487477.8062127448
2016-09-01,2016-08-01,ridge_change,cv,4,471537.0,490500.2096747864
2016-09-01,2016-08-01,rolling_ridge_change,cv,4,471537.0,487160.17704685696
2016-09-01,2016-08-01,seasonal_change,cv,4,471537.0,486999.6
2016-09-01,2016-08-01,seasonal_naive,cv,4,471537.0,429129.0
2016-09-01,2016-08-01,seasonal_residual_change,cv,4,471537.0,488245.78799409285
2016-09-01,2016-08-01,seasonal_ridge_change,cv,4,471537.0,488694.63853032724
2016-09-01,2016-08-01,selected_padd_models,cv,4,471537.0,486843.57367113914
2016-09-01,2016-08-01,spline_ridge_change,cv,4,471537.0,486243.61128651834
2016-09-01,2016-08-01,xgboost_change,cv,4,471537.0,485665.841796875
2016-10-01,2016-09-01,constrained_level,cv,4,491203.0,467157.9677337974
2016-10-01,2016-09-01,damped_ridge_change,cv,4,491203.0,473977.5457810434
2016-10-01,2016-09-01,ensemble_change,cv,4,491203.0,476021.67792551115
2016-10-01,2016-09-01,forecast_flow_identity,cv,4,491203.0,486937.80845795025
2016-10-01,2016-09-01,huber_change,cv,4,491203.0,477928.5702481895
2016-10-01,2016-09-01,neural_network_change,cv,4,491203.0,473024.46820920927
2016-10-01,2016-09-01,persistence,cv,4,491203.0,471537.0
2016-10-01,2016-09-01,polynomial_ridge_change,cv,4,491203.0,475691.4487733664
2016-10-01,2016-09-01,random_forest_change,cv,4,491203.0,477172.1110891017
2016-10-01,2016-09-01,ridge_change,cv,4,491203.0,478313.9975685025
2016-10-01,2016-09-01,rolling_ridge_change,cv,4,491203.0,475602.7870868258
2016-10-01,2016-09-01,seasonal_change,cv,4,491203.0,484955.6
2016-10-01,2016-09-01,seasonal_naive,cv,4,491203.0,455213.0
2016-10-01,2016-09-01,seasonal_residual_change,cv,4,491203.0,482719.7988717819
2016-10-01,2016-09-01,seasonal_ridge_change,cv,4,491203.0,476251.47165535204
2016-10-01,2016-09-01,selected_padd_models,cv,4,491203.0,481256.43588828447
2016-10-01,2016-09-01,spline_ridge_change,cv,4,491203.0,468770.96652464557
2016-10-01,2016-09-01,xgboost_change,cv,4,491203.0,477893.943359375
2016-11-01,2016-10-01,constrained_level,cv,4,490734.0,492753.4249774903
2016-11-01,2016-10-01,damped_ridge_change,cv,4,490734.0,494413.56829798163
2016-11-01,2016-10-01,ensemble_change,cv,4,490734.0,493723.0777340857
2016-11-01,2016-10-01,forecast_flow_identity,cv,4,490734.0,492240.94137880544
2016-11-01,2016-10-01,huber_change,cv,4,490734.0,499358.32154097676
2016-11-01,2016-10-01,neural_network_change,cv,4,490734.0,493728.54315395607
2016-11-01,2016-10-01,persistence,cv,4,490734.0,491203.0
2016-11-01,2016-10-01,polynomial_ridge_change,cv,4,490734.0,498592.2535560537
2016-11-01,2016-10-01,random_forest_change,cv,4,490734.0,493266.544228586
2016-11-01,2016-10-01,ridge_change,cv,4,490734.0,499232.8724561928
2016-11-01,2016-10-01,rolling_ridge_change,cv,4,490734.0,499628.21560437675
2016-11-01,2016-10-01,seasonal_change,cv,4,490734.0,491188.6
2016-11-01,2016-10-01,seasonal_naive,cv,4,490734.0,455994.0
2016-11-01,2016-10-01,seasonal_residual_change,cv,4,490734.0,490259.77116726025
2016-11-01,2016-10-01,seasonal_ridge_change,cv,4,490734.0,498043.3804983285
2016-11-01,2016-10-01,selected_padd_models,cv,4,490734.0,487317.95324996987
2016-11-01,2016-10-01,spline_ridge_change,cv,4,490734.0,495449.73382735834
2016-11-01,2016-10-01,xgboost_change,cv,4,490734.0,492637.984375
2016-12-01,2016-11-01,constrained_level,cv,4,484622.0,491215.6570598259
2016-12-01,2016-11-01,damped_ridge_change,cv,4,484622.0,495951.8147051367
2016-12-01,2016-11-01,ensemble_change,cv,4,484622.0,495256.2402472112
2016-12-01,2016-11-01,forecast_flow_identity,cv,4,484622.0,483487.9306868339
2016-12-01,2016-11-01,huber_change,cv,4,484622.0,502111.23346641293
2016-12-01,2016-11-01,neural_network_change,cv,4,484622.0,500696.9715640148
2016-12-01,2016-11-01,persistence,cv,4,484622.0,490734.0
2016-12-01,2016-11-01,polynomial_ridge_change,cv,4,484622.0,499562.63177115977
2016-12-01,2016-11-01,random_forest_change,cv,4,484622.0,488693.8899454957
2016-12-01,2016-11-01,ridge_change,cv,4,484622.0,498706.71718650253
2016-12-01,2016-11-01,rolling_ridge_change,cv,4,484622.0,499280.0954939295
2016-12-01,2016-11-01,seasonal_change,cv,4,484622.0,482611.0
2016-12-01,2016-11-01,seasonal_naive,cv,4,484622.0,449220.0
2016-12-01,2016-11-01,seasonal_residual_change,cv,4,484622.0,487771.69091418193
2016-12-01,2016-11-01,seasonal_ridge_change,cv,4,484622.0,499816.54098404717
2016-12-01,2016-11-01,selected_padd_models,cv,4,484622.0,485543.948425142
2016-12-01,2016-11-01,spline_ridge_change,cv,4,484622.0,492596.281395328
2016-12-01,2016-11-01,xgboost_change,cv,4,484622.0,489945.2578125
2017-01-01,2016-12-01,constrained_level,cv,4,506798.0,482860.1552400475
2017-01-01,2016-12-01,damped_ridge_change,cv,4,506798.0,490129.936859407
2017-01-01,2016-12-01,ensemble_change,cv,4,506798.0,495486.8810583422
2017-01-01,2016-12-01,forecast_flow_identity,cv,4,506798.0,506872.7245844367
2017-01-01,2016-12-01,huber_change,cv,4,506798.0,499212.7705554039
2017-01-01,2016-12-01,neural_network_change,cv,4,506798.0,498620.68426763377
2017-01-01,2016-12-01,persistence,cv,4,506798.0,484622.0
2017-01-01,2016-12-01,polynomial_ridge_change,cv,4,506798.0,493659.0479386281
2017-01-01,2016-12-01,random_forest_change,cv,4,506798.0,499252.0872769535
2017-01-01,2016-12-01,ridge_change,cv,4,506798.0,492527.41459156247
2017-01-01,2016-12-01,rolling_ridge_change,cv,4,506798.0,496385.0173787301
2017-01-01,2016-12-01,seasonal_change,cv,4,506798.0,500842.2
2017-01-01,2016-12-01,seasonal_naive,cv,4,506798.0,471767.0
2017-01-01,2016-12-01,seasonal_residual_change,cv,4,506798.0,500455.3708702714
2017-01-01,2016-12-01,seasonal_ridge_change,cv,4,506798.0,494665.3472551603
2017-01-01,2016-12-01,selected_padd_models,cv,4,506798.0,498577.9273414848
2017-01-01,2016-12-01,spline_ridge_change,cv,4,506798.0,493415.61683837767
2017-01-01,2016-12-01,xgboost_change,cv,4,506798.0,498554.69140625
2017-02-01,2017-01-01,constrained_level,cv,4,525419.0,508055.58610218007
2017-02-01,2017-01-01,damped_ridge_change,cv,4,525419.0,512643.6823680899
2017-02-01,2017-01-01,ensemble_change,cv,4,525419.0,517613.1117171613
2017-02-01,2017-01-01,forecast_flow_identity,cv,4,525419.0,522627.7838892945
2017-02-01,2017-01-01,huber_change,cv,4,525419.0,520896.4794013392
2017-02-01,2017-01-01,neural_network_change,cv,4,525419.0,519861.76265505236
2017-02-01,2017-01-01,persistence,cv,4,525419.0,506798.0
2017-02-01,2017-01-01,polynomial_ridge_change,cv,4,525419.0,518847.18818958895
2017-02-01,2017-01-01,random_forest_change,cv,4,525419.0,521215.33467371855
2017-02-01,2017-01-01,ridge_change,cv,4,525419.0,516188.20464694896
2017-02-01,2017-01-01,rolling_ridge_change,cv,4,525419.0,520762.7108469573
2017-02-01,2017-01-01,seasonal_change,cv,4,525419.0,520402.8
2017-02-01,2017-01-01,seasonal_naive,cv,4,525419.0,492153.0
2017-02-01,2017-01-01,seasonal_residual_change,cv,4,525419.0,521639.9444429215
2017-02-01,2017-01-01,seasonal_ridge_change,cv,4,525419.0,517496.0392268255
2017-02-01,2017-01-01,selected_padd_models,cv,4,525419.0,520008.84382093133
2017-02-01,2017-01-01,spline_ridge_change,cv,4,525419.0,514484.1236001493
2017-02-01,2017-01-01,xgboost_change,cv,4,525419.0,521426.5
2017-03-01,2017-02-01,constrained_level,cv,4,538595.0,531327.1575529157
2017-03-01,2017-02-01,damped_ridge_change,cv,4,538595.0,532302.0662460558
2017-03-01,2017-02-01,ensemble_change,cv,4,538595.0,536785.2718825733
2017-03-01,2017-02-01,forecast_flow_identity,cv,4,538595.0,543528.2922028673
2017-03-01,2017-02-01,huber_change,cv,4,538595.0,542518.1859425236
2017-03-01,2017-02-01,neural_network_change,cv,4,538595.0,543382.2737144501
2017-03-01,2017-02-01,persistence,cv,4,538595.0,525419.0
2017-03-01,2017-02-01,polynomial_ridge_change,cv,4,538595.0,535323.2805537515
2017-03-01,2017-02-01,random_forest_change,cv,4,538595.0,539066.19175603
2017-03-01,2017-02-01,ridge_change,cv,4,538595.0,537281.4960216585
2017-03-01,2017-02-01,rolling_ridge_change,cv,4,538595.0,538361.9311772982
2017-03-01,2017-02-01,seasonal_change,cv,4,538595.0,541980.8
2017-03-01,2017-02-01,seasonal_naive,cv,4,538595.0,504811.0
2017-03-01,2017-02-01,seasonal_residual_change,cv,4,538595.0,542215.4313049463
2017-03-01,2017-02-01,seasonal_ridge_change,cv,4,538595.0,537935.371837895
2017-03-01,2017-02-01,selected_padd_models,cv,4,538595.0,540801.9181897829
2017-03-01,2017-02-01,spline_ridge_change,cv,4,538595.0,515010.74043249205
2017-03-01,2017-02-01,xgboost_change,cv,4,538595.0,540414.52734375
2017-04-01,2017-03-01,constrained_level,cv,4,524286.0,535234.9008309931
2017-04-01,2017-03-01,damped_ridge_change,cv,4,524286.0,542044.2253686674
2017-04-01,2017-03-01,ensemble_change,cv,4,524286.0,545423.0759810979
2017-04-01,2017-03-01,forecast_flow_identity,cv,4,524286.0,546689.3855606179
2017-04-01,2017-03-01,huber_change,cv,4,524286.0,547006.3064097128
2017-04-01,2017-03-01,neural_network_change,cv,4,524286.0,547855.9087213007
2017-04-01,2017-03-01,persistence,cv,4,524286.0,538595.0
2017-04-01,2017-03-01,polynomial_ridge_change,cv,4,524286.0,543802.0698996187
2017-04-01,2017-03-01,random_forest_change,cv,4,524286.0,547509.5737410684
2017-04-01,2017-03-01,ridge_change,cv,4,524286.0,545253.9996432792
2017-04-01,2017-03-01,rolling_ridge_change,cv,4,524286.0,547702.2630445674
2017-04-01,2017-03-01,seasonal_change,cv,4,524286.0,545944.6
2017-04-01,2017-03-01,seasonal_naive,cv,4,524286.0,509323.0
2017-04-01,2017-03-01,seasonal_residual_change,cv,4,524286.0,547378.139200175
2017-04-01,2017-03-01,seasonal_ridge_change,cv,4,524286.0,546186.3048538156
2017-04-01,2017-03-01,selected_padd_models,cv,4,524286.0,545321.2330023473
2017-04-01,2017-03-01,spline_ridge_change,cv,4,524286.0,526484.7943992936
2017-04-01,2017-03-01,xgboost_change,cv,4,524286.0,545914.005859375
2017-05-01,2017-04-01,constrained_level,cv,4,516808.0,517296.4712403995
2017-05-01,2017-04-01,damped_ridge_change,cv,4,516808.0,527012.8399018679
2017-05-01,2017-04-01,ensemble_change,cv,4,516808.0,527639.358012906
2017-05-01,2017-04-01,forecast_flow_identity,cv,4,516808.0,524160.3805579937
2017-05-01,2017-04-01,huber_change,cv,4,516808.0,530418.577606504
2017-05-01,2017-04-01,neural_network_change,cv,4,516808.0,531973.3460753865
2017-05-01,2017-04-01,persistence,cv,4,516808.0,524286.0
2017-05-01,2017-04-01,polynomial_ridge_change,cv,4,516808.0,524032.8780474603
2017-05-01,2017-04-01,random_forest_change,cv,4,516808.0,525011.8245160042
2017-05-01,2017-04-01,ridge_change,cv,4,516808.0,531459.6328017988
2017-05-01,2017-04-01,rolling_ridge_change,cv,4,516808.0,529971.2260391512
2017-05-01,2017-04-01,seasonal_change,cv,4,516808.0,524560.0
2017-05-01,2017-04-01,seasonal_naive,cv,4,516808.0,511861.0
2017-05-01,2017-04-01,seasonal_residual_change,cv,4,516808.0,526318.0786337336
2017-05-01,2017-04-01,seasonal_ridge_change,cv,4,516808.0,530859.0596079794
2017-05-01,2017-04-01,selected_padd_models,cv,4,516808.0,524912.6852372889
2017-05-01,2017-04-01,spline_ridge_change,cv,4,516808.0,503292.7052625533
2017-05-01,2017-04-01,xgboost_change,cv,4,516808.0,524743.52734375
2017-06-01,2017-05-01,constrained_level,cv,5,501557.0,513497.03614975384
2017-06-01,2017-05-01,damped_ridge_change,cv,5,501557.0,516031.5987153686
2017-06-01,2017-05-01,ensemble_change,cv,5,501557.0,511498.5543897675
2017-06-01,2017-05-01,forecast_flow_identity,cv,5,501557.0,508984.08530509635
2017-06-01,2017-05-01,huber_change,cv,5,501557.0,512179.7895275047
2017-06-01,2017-05-01,neural_network_change,cv,5,501557.0,512213.81648521277
2017-06-01,2017-05-01,persistence,cv,5,501557.0,516808.0
2017-06-01,2017-05-01,polynomial_ridge_change,cv,5,501557.0,511696.1770562952
2017-06-01,2017-05-01,random_forest_change,cv,5,501557.0,507665.79950097087
2017-06-01,2017-05-01,ridge_change,cv,5,501557.0,518709.80322482623
2017-06-01,2017-05-01,rolling_ridge_change,cv,5,501557.0,514058.2132655814
2017-06-01,2017-05-01,seasonal_change,cv,5,501557.0,507125.4
2017-06-01,2017-05-01,seasonal_naive,cv,5,501557.0,500857.0
2017-06-01,2017-05-01,seasonal_residual_change,cv,5,501557.0,508095.95063545054
2017-06-01,2017-05-01,seasonal_ridge_change,cv,5,501557.0,515935.9931343711
2017-06-01,2017-05-01,selected_padd_models,cv,5,501557.0,511307.86979639303
2017-06-01,2017-05-01,spline_ridge_change,cv,5,501557.0,513286.29508041486
2017-06-01,2017-05-01,xgboost_change,cv,5,501557.0,506911.423828125
2017-07-01,2017-06-01,constrained_level,cv,5,483411.0,493699.69856802217
2017-07-01,2017-06-01,damped_ridge_change,cv,5,483411.0,498807.2121294818
2017-07-01,2017-06-01,ensemble_change,cv,5,483411.0,495318.06076888647
2017-07-01,2017-06-01,forecast_flow_identity,cv,5,483411.0,490338.38732731773
2017-07-01,2017-06-01,huber_change,cv,5,483411.0,493308.2093601334
2017-07-01,2017-06-01,neural_network_change,cv,5,483411.0,495002.1689438336
2017-07-01,2017-06-01,persistence,cv,5,483411.0,501557.0
2017-07-01,2017-06-01,polynomial_ridge_change,cv,5,483411.0,497023.5588019572
2017-07-01,2017-06-01,random_forest_change,cv,5,483411.0,492498.37954329525
2017-07-01,2017-06-01,ridge_change,cv,5,483411.0,501174.1932780403
2017-07-01,2017-06-01,rolling_ridge_change,cv,5,483411.0,499237.3556115473
2017-07-01,2017-06-01,seasonal_change,cv,5,483411.0,489185.0
2017-07-01,2017-06-01,seasonal_naive,cv,5,483411.0,493458.0
2017-07-01,2017-06-01,seasonal_residual_change,cv,5,483411.0,489485.4085927134
2017-07-01,2017-06-01,seasonal_ridge_change,cv,5,483411.0,498787.27810479485
2017-07-01,2017-06-01,selected_padd_models,cv,5,483411.0,491128.748825577
2017-07-01,2017-06-01,spline_ridge_change,cv,5,483411.0,496245.8544976175
2017-07-01,2017-06-01,xgboost_change,cv,5,483411.0,489022.365234375
2017-08-01,2017-07-01,constrained_level,cv,5,459982.0,480675.5336770964
2017-08-01,2017-07-01,damped_ridge_change,cv,5,459982.0,481778.370918239
2017-08-01,2017-07-01,ensemble_change,cv,5,459982.0,482556.36626377737
2017-08-01,2017-07-01,forecast_flow_identity,cv,5,459982.0,478204.7074475911
2017-08-01,2017-07-01,huber_change,cv,5,459982.0,476618.8356351457
2017-08-01,2017-07-01,neural_network_change,cv,5,459982.0,479269.2600813531
2017-08-01,2017-07-01,persistence,cv,5,459982.0,483411.0
2017-08-01,2017-07-01,polynomial_ridge_change,cv,5,459982.0,481835.9714396812
2017-08-01,2017-07-01,random_forest_change,cv,5,459982.0,483231.0661824734
2017-08-01,2017-07-01,ridge_change,cv,5,459982.0,484287.841087005
2017-08-01,2017-07-01,rolling_ridge_change,cv,5,459982.0,481693.5683888277
2017-08-01,2017-07-01,seasonal_change,cv,5,459982.0,478221.0
2017-08-01,2017-07-01,seasonal_naive,cv,5,459982.0,486675.0
2017-08-01,2017-07-01,seasonal_residual_change,cv,5,459982.0,477126.6973960787
2017-08-01,2017-07-01,seasonal_ridge_change,cv,5,459982.0,481345.4509117458
2017-08-01,2017-07-01,selected_padd_models,cv,5,459982.0,478379.5639457739
2017-08-01,2017-07-01,spline_ridge_change,cv,5,459982.0,482379.5529751852
2017-08-01,2017-07-01,xgboost_change,cv,5,459982.0,480322.8193359375
2017-09-01,2017-08-01,constrained_level,cv,5,469588.0,459552.23951024865
2017-09-01,2017-08-01,damped_ridge_change,cv,5,469588.0,459187.3419608646
2017-09-01,2017-08-01,ensemble_change,cv,5,469588.0,459478.1230436262
2017-09-01,2017-08-01,forecast_flow_identity,cv,5,469588.0,460400.11196682364
2017-09-01,2017-08-01,huber_change,cv,5,469588.0,456417.45383572706
2017-09-01,2017-08-01,neural_network_change,cv,5,469588.0,459026.87101607624
2017-09-01,2017-08-01,persistence,cv,5,469588.0,459982.0
2017-09-01,2017-08-01,polynomial_ridge_change,cv,5,469588.0,460681.05127275374
2017-09-01,2017-08-01,random_forest_change,cv,5,469588.0,460514.43781636807
2017-09-01,2017-08-01,ridge_change,cv,5,469588.0,460432.38268165564
2017-09-01,2017-08-01,rolling_ridge_change,cv,5,469588.0,460029.4651819212
2017-09-01,2017-08-01,seasonal_change,cv,5,469588.0,460593.4
2017-09-01,2017-08-01,seasonal_naive,cv,5,469588.0,471537.0
2017-09-01,2017-08-01,seasonal_residual_change,cv,5,469588.0,461262.6774862788
2017-09-01,2017-08-01,seasonal_ridge_change,cv,5,469588.0,458588.1103463198
2017-09-01,2017-08-01,selected_padd_models,cv,5,469588.0,459805.253248487
2017-09-01,2017-08-01,spline_ridge_change,cv,5,469588.0,463693.4194570348
2017-09-01,2017-08-01,xgboost_change,cv,5,469588.0,459957.29296875
2017-10-01,2017-09-01,constrained_level,cv,5,459731.0,485709.8236507176
2017-10-01,2017-09-01,damped_ridge_change,cv,5,459731.0,474351.7477250858
2017-10-01,2017-09-01,ensemble_change,cv,5,459731.0,477312.152382954
2017-10-01,2017-09-01,forecast_flow_identity,cv,5,459731.0,488521.06693901273
2017-10-01,2017-09-01,huber_change,cv,5,459731.0,476126.1586619135
2017-10-01,2017-09-01,neural_network_change,cv,5,459731.0,477055.15699641046
2017-10-01,2017-09-01,persistence,cv,5,459731.0,469588.0
2017-10-01,2017-09-01,polynomial_ridge_change,cv,5,459731.0,475325.8354688595
2017-10-01,2017-09-01,random_forest_change,cv,5,459731.0,481165.5320622303
2017-10-01,2017-09-01,ridge_change,cv,5,459731.0,479747.70863977313
2017-10-01,2017-09-01,rolling_ridge_change,cv,5,459731.0,471400.2841462163
2017-10-01,2017-09-01,seasonal_change,cv,5,459731.0,485604.4
2017-10-01,2017-09-01,seasonal_naive,cv,5,459731.0,491203.0
2017-10-01,2017-09-01,seasonal_residual_change,cv,5,459731.0,487696.94921971165
2017-10-01,2017-09-01,seasonal_ridge_change,cv,5,459731.0,475471.0961616719
2017-10-01,2017-09-01,selected_padd_models,cv,5,459731.0,484066.30971758184
2017-10-01,2017-09-01,spline_ridge_change,cv,5,459731.0,467753.21171012695
2017-10-01,2017-09-01,xgboost_change,cv,5,459731.0,481559.8466796875
2017-11-01,2017-10-01,constrained_level,cv,5,453054.0,467261.9023410139
2017-11-01,2017-10-01,damped_ridge_change,cv,5,453054.0,462263.3280989575
2017-11-01,2017-10-01,ensemble_change,cv,5,453054.0,462359.8148274545
2017-11-01,2017-10-01,forecast_flow_identity,cv,5,453054.0,459091.01695610397
2017-11-01,2017-10-01,huber_change,cv,5,453054.0,461628.1293344243
2017-11-01,2017-10-01,neural_network_change,cv,5,453054.0,464960.39940011356
2017-11-01,2017-10-01,persistence,cv,5,453054.0,459731.0
2017-11-01,2017-10-01,polynomial_ridge_change,cv,5,453054.0,462814.26856115914
2017-11-01,2017-10-01,random_forest_change,cv,5,453054.0,463360.586952688
2017-11-01,2017-10-01,ridge_change,cv,5,453054.0,463396.43666588457
2017-11-01,2017-10-01,rolling_ridge_change,cv,5,453054.0,460913.14332030556
2017-11-01,2017-10-01,seasonal_change,cv,5,453054.0,459686.8
2017-11-01,2017-10-01,seasonal_naive,cv,5,453054.0,490734.0
2017-11-01,2017-10-01,seasonal_residual_change,cv,5,453054.0,458773.72361447825
2017-11-01,2017-10-01,seasonal_ridge_change,cv,5,453054.0,463066.30042799935
2017-11-01,2017-10-01,selected_padd_models,cv,5,453054.0,457007.2252943933
2017-11-01,2017-10-01,spline_ridge_change,cv,5,453054.0,454160.7644323841
2017-11-01,2017-10-01,xgboost_change,cv,5,453054.0,466170.296875
2017-12-01,2017-11-01,constrained_level,cv,5,421646.0,458490.2317571373
2017-12-01,2017-11-01,damped_ridge_change,cv,5,421646.0,455677.76061103225
2017-12-01,2017-11-01,ensemble_change,cv,5,421646.0,453646.23880050774
2017-12-01,2017-11-01,forecast_flow_identity,cv,5,421646.0,442933.32880321617
2017-12-01,2017-11-01,huber_change,cv,5,421646.0,457921.31877556606
2017-12-01,2017-11-01,neural_network_change,cv,5,421646.0,457128.691067472
2017-12-01,2017-11-01,persistence,cv,5,421646.0,453054.0
2017-12-01,2017-11-01,polynomial_ridge_change,cv,5,421646.0,457138.9742272051
2017-12-01,2017-11-01,random_forest_change,cv,5,421646.0,449653.8124433774
2017-12-01,2017-11-01,ridge_change,cv,5,421646.0,455136.93348572124
2017-12-01,2017-11-01,rolling_ridge_change,cv,5,421646.0,459714.13927919156
2017-12-01,2017-11-01,seasonal_change,cv,5,421646.0,444984.8
2017-12-01,2017-11-01,seasonal_naive,cv,5,421646.0,484622.0
2017-12-01,2017-11-01,seasonal_residual_change,cv,5,421646.0,443867.31760155223
2017-12-01,2017-11-01,seasonal_ridge_change,cv,5,421646.0,457687.34108964686
2017-12-01,2017-11-01,selected_padd_models,cv,5,421646.0,444200.99525508867
2017-12-01,2017-11-01,spline_ridge_change,cv,5,421646.0,449816.8059256139
2017-12-01,2017-11-01,xgboost_change,cv,5,421646.0,454920.06640625
2018-01-01,2017-12-01,constrained_level,cv,5,420760.0,426441.8385728293
2018-01-01,2017-12-01,damped_ridge_change,cv,5,420760.0,425027.9784363771
2018-01-01,2017-12-01,ensemble_change,cv,5,420760.0,430830.2609067837
2018-01-01,2017-12-01,forecast_flow_identity,cv,5,420760.0,442026.2670936502
2018-01-01,2017-12-01,huber_change,cv,5,420760.0,430418.34971441096
2018-01-01,2017-12-01,neural_network_change,cv,5,420760.0,429942.08143739216
2018-01-01,2017-12-01,persistence,cv,5,420760.0,421646.0
2018-01-01,2017-12-01,polynomial_ridge_change,cv,5,420760.0,425388.350065597
2018-01-01,2017-12-01,random_forest_change,cv,5,420760.0,435176.4859631098
2018-01-01,2017-12-01,ridge_change,cv,5,420760.0,423028.37702000595
2018-01-01,2017-12-01,rolling_ridge_change,cv,5,420760.0,430669.72463769873
2018-01-01,2017-12-01,seasonal_change,cv,5,420760.0,440369.2
2018-01-01,2017-12-01,seasonal_naive,cv,5,420760.0,506798.0
2018-01-01,2017-12-01,seasonal_residual_change,cv,5,420760.0,437389.025149372
2018-01-01,2017-12-01,seasonal_ridge_change,cv,5,420760.0,426784.0323374552
2018-01-01,2017-12-01,selected_padd_models,cv,5,420760.0,435989.25875155244
2018-01-01,2017-12-01,spline_ridge_change,cv,5,420760.0,424373.91895544354
2018-01-01,2017-12-01,xgboost_change,cv,5,420760.0,438569.9521484375
2018-02-01,2018-01-01,constrained_level,cv,5,423843.0,429225.76683234744
2018-02-01,2018-01-01,damped_ridge_change,cv,5,423843.0,425046.6445788916
2018-02-01,2018-01-01,ensemble_change,cv,5,423843.0,429915.08310324204
2018-02-01,2018-01-01,forecast_flow_identity,cv,5,423843.0,435440.260438963
2018-02-01,2018-01-01,huber_change,cv,5,423843.0,432061.711292314
2018-02-01,2018-01-01,neural_network_change,cv,5,423843.0,430704.6969720399
2018-02-01,2018-01-01,persistence,cv,5,423843.0,420760.0
2018-02-01,2018-01-01,polynomial_ridge_change,cv,5,423843.0,427065.98750224314
2018-02-01,2018-01-01,random_forest_change,cv,5,423843.0,433449.73945849156
2018-02-01,2018-01-01,ridge_change,cv,5,423843.0,424794.0903074024
2018-02-01,2018-01-01,rolling_ridge_change,cv,5,423843.0,434656.34393323225
2018-02-01,2018-01-01,seasonal_change,cv,5,423843.0,437089.6
2018-02-01,2018-01-01,seasonal_naive,cv,5,423843.0,525419.0
2018-02-01,2018-01-01,seasonal_residual_change,cv,5,423843.0,436427.27009357326
2018-02-01,2018-01-01,seasonal_ridge_change,cv,5,423843.0,427138.893531918
2018-02-01,2018-01-01,selected_padd_models,cv,5,423843.0,435627.63159259345
2018-02-01,2018-01-01,spline_ridge_change,cv,5,423843.0,427986.73394095816
2018-02-01,2018-01-01,xgboost_change,cv,5,423843.0,436244.5224609375
2018-03-01,2018-02-01,constrained_level,cv,5,424939.0,438912.74879298965
2018-03-01,2018-02-01,damped_ridge_change,cv,5,424939.0,429855.2162973379
2018-03-01,2018-02-01,ensemble_change,cv,5,424939.0,434068.7086245478
2018-03-01,2018-02-01,forecast_flow_identity,cv,5,424939.0,434610.68968563055
2018-03-01,2018-02-01,huber_change,cv,5,424939.0,436597.1354229768
2018-03-01,2018-02-01,neural_network_change,cv,5,424939.0,433955.7344272798
2018-03-01,2018-02-01,persistence,cv,5,424939.0,423843.0
2018-03-01,2018-02-01,polynomial_ridge_change,cv,5,424939.0,429400.94870156236
2018-03-01,2018-02-01,random_forest_change,cv,5,424939.0,437473.42070382653
2018-03-01,2018-02-01,ridge_change,cv,5,424939.0,431581.1858401049
2018-03-01,2018-02-01,rolling_ridge_change,cv,5,424939.0,433601.71234115085
2018-03-01,2018-02-01,seasonal_change,cv,5,424939.0,438094.2
2018-03-01,2018-02-01,seasonal_naive,cv,5,424939.0,538595.0
2018-03-01,2018-02-01,seasonal_residual_change,cv,5,424939.0,437982.3970955727
2018-03-01,2018-02-01,seasonal_ridge_change,cv,5,424939.0,431213.88170778006
2018-03-01,2018-02-01,selected_padd_models,cv,5,424939.0,436710.8922274873
2018-03-01,2018-02-01,spline_ridge_change,cv,5,424939.0,426720.0302203982
2018-03-01,2018-02-01,xgboost_change,cv,5,424939.0,439550.615234375
2018-04-01,2018-03-01,constrained_level,cv,5,436578.0,445864.8419769468
2018-04-01,2018-03-01,damped_ridge_change,cv,5,436578.0,431267.55627269566
2018-04-01,2018-03-01,ensemble_change,cv,5,436578.0,431597.355857076
2018-04-01,2018-03-01,forecast_flow_identity,cv,5,436578.0,422576.79575364385
2018-04-01,2018-03-01,huber_change,cv,5,436578.0,435864.5802023009
2018-04-01,2018-03-01,neural_network_change,cv,5,436578.0,434163.85714984505
2018-04-01,2018-03-01,persistence,cv,5,436578.0,424939.0
2018-04-01,2018-03-01,polynomial_ridge_change,cv,5,436578.0,425724.7002374517
2018-04-01,2018-03-01,random_forest_change,cv,5,436578.0,431310.7413487621
2018-04-01,2018-03-01,ridge_change,cv,5,436578.0,434313.1590776024
2018-04-01,2018-03-01,rolling_ridge_change,cv,5,436578.0,429287.42536941124
2018-04-01,2018-03-01,seasonal_change,cv,5,436578.0,427539.39999999997
2018-04-01,2018-03-01,seasonal_naive,cv,5,436578.0,524286.0
2018-04-01,2018-03-01,seasonal_residual_change,cv,5,436578.0,434321.69530453486
2018-04-01,2018-03-01,seasonal_ridge_change,cv,5,436578.0,432258.82489752833
2018-04-01,2018-03-01,selected_padd_models,cv,5,436578.0,432921.77861147723
2018-04-01,2018-03-01,spline_ridge_change,cv,5,436578.0,424970.3974705063
2018-04-01,2018-03-01,xgboost_change,cv,5,436578.0,431298.6015625
2018-05-01,2018-04-01,constrained_level,cv,5,434197.0,453018.1706428939
2018-05-01,2018-04-01,damped_ridge_change,cv,5,434197.0,439103.49800194165
2018-05-01,2018-04-01,ensemble_change,cv,5,434197.0,438097.9536524685
2018-05-01,2018-04-01,forecast_flow_identity,cv,5,434197.0,428920.95323719794
2018-05-01,2018-04-01,huber_change,cv,5,434197.0,438712.4089433172
2018-05-01,2018-04-01,neural_network_change,cv,5,434197.0,436130.49102795945
2018-05-01,2018-04-01,persistence,cv,5,434197.0,436578.0
2018-05-01,2018-04-01,polynomial_ridge_change,cv,5,434197.0,433304.77291136066
2018-05-01,2018-04-01,random_forest_change,cv,5,434197.0,434477.2077042193
2018-05-01,2018-04-01,ridge_change,cv,5,434197.0,442510.3627505836
2018-05-01,2018-04-01,rolling_ridge_change,cv,5,434197.0,437435.8507882368
2018-05-01,2018-04-01,seasonal_change,cv,5,434197.0,434013.6
2018-05-01,2018-04-01,seasonal_naive,cv,5,434197.0,516808.0
2018-05-01,2018-04-01,seasonal_residual_change,cv,5,434197.0,437521.7570261522
2018-05-01,2018-04-01,seasonal_ridge_change,cv,5,434197.0,439730.23918802186
2018-05-01,2018-04-01,selected_padd_models,cv,5,434197.0,434432.6418731632
2018-05-01,2018-04-01,spline_ridge_change,cv,5,434197.0,429769.39552245126
2018-05-01,2018-04-01,xgboost_change,cv,5,434197.0,435140.748046875
2018-06-01,2018-05-01,constrained_level,cv,6,415152.0,432659.26061673753
2018-06-01,2018-05-01,damped_ridge_change,cv,6,415152.0,432187.61157527013
2018-06-01,2018-05-01,ensemble_change,cv,6,415152.0,426984.84297600074
2018-06-01,2018-05-01,forecast_flow_identity,cv,6,415152.0,417605.8672103004
2018-06-01,2018-05-01,huber_change,cv,6,415152.0,427559.4976123947
2018-06-01,2018-05-01,neural_network_change,cv,6,415152.0,424875.822749051
2018-06-01,2018-05-01,persistence,cv,6,415152.0,434197.0
2018-06-01,2018-05-01,polynomial_ridge_change,cv,6,415152.0,426463.8751319328
2018-06-01,2018-05-01,random_forest_change,cv,6,415152.0,423344.5075425841
2018-06-01,2018-05-01,ridge_change,cv,6,415152.0,432552.590920281
2018-06-01,2018-05-01,rolling_ridge_change,cv,6,415152.0,426084.8020475908
2018-06-01,2018-05-01,seasonal_change,cv,6,415152.0,421785.4
2018-06-01,2018-05-01,seasonal_naive,cv,6,415152.0,501557.0
2018-06-01,2018-05-01,seasonal_residual_change,cv,6,415152.0,424603.0114456896
2018-06-01,2018-05-01,seasonal_ridge_change,cv,6,415152.0,430192.01583328506
2018-06-01,2018-05-01,selected_padd_models,cv,6,415152.0,426804.1525651121
2018-06-01,2018-05-01,spline_ridge_change,cv,6,415152.0,426742.3548337393
2018-06-01,2018-05-01,xgboost_change,cv,6,415152.0,422122.56640625
2018-07-01,2018-06-01,constrained_level,cv,6,409641.0,407931.0742416993
2018-07-01,2018-06-01,damped_ridge_change,cv,6,409641.0,409960.7531025857
2018-07-01,2018-06-01,ensemble_change,cv,6,409641.0,406578.547100374
2018-07-01,2018-06-01,forecast_flow_identity,cv,6,409641.0,398371.3734804451
2018-07-01,2018-06-01,huber_change,cv,6,409641.0,400254.0173707404
2018-07-01,2018-06-01,neural_network_change,cv,6,409641.0,401302.4938544065
2018-07-01,2018-06-01,persistence,cv,6,409641.0,415152.0
2018-07-01,2018-06-01,polynomial_ridge_change,cv,6,409641.0,405016.2665511994
2018-07-01,2018-06-01,random_forest_change,cv,6,409641.0,405127.24976940244
2018-07-01,2018-06-01,ridge_change,cv,6,409641.0,408866.829847346
2018-07-01,2018-06-01,rolling_ridge_change,cv,6,409641.0,401864.52206922544
2018-07-01,2018-06-01,seasonal_change,cv,6,409641.0,402246.0
2018-07-01,2018-06-01,seasonal_naive,cv,6,409641.0,483411.0
2018-07-01,2018-06-01,seasonal_residual_change,cv,6,409641.0,400968.98158202786
2018-07-01,2018-06-01,seasonal_ridge_change,cv,6,409641.0,406644.15225308796
2018-07-01,2018-06-01,selected_padd_models,cv,6,409641.0,403282.7339194453
2018-07-01,2018-06-01,spline_ridge_change,cv,6,409641.0,405482.93937444745
2018-07-01,2018-06-01,xgboost_change,cv,6,409641.0,400469.1396484375
2018-08-01,2018-07-01,constrained_level,cv,6,407583.0,412393.47376971215
2018-08-01,2018-07-01,damped_ridge_change,cv,6,407583.0,408544.62651853956
2018-08-01,2018-07-01,ensemble_change,cv,6,407583.0,406906.35752925405
2018-08-01,2018-07-01,forecast_flow_identity,cv,6,407583.0,398455.971964027
2018-08-01,2018-07-01,huber_change,cv,6,407583.0,401433.26209259435
2018-08-01,2018-07-01,neural_network_change,cv,6,407583.0,402718.8422902237
2018-08-01,2018-07-01,persistence,cv,6,407583.0,409641.0
2018-08-01,2018-07-01,polynomial_ridge_change,cv,6,407583.0,404635.64990621794
2018-08-01,2018-07-01,random_forest_change,cv,6,407583.0,404792.7815395719
2018-08-01,2018-07-01,ridge_change,cv,6,407583.0,410538.18376927456
2018-08-01,2018-07-01,rolling_ridge_change,cv,6,407583.0,397619.08007176546
2018-08-01,2018-07-01,seasonal_change,cv,6,407583.0,401822.39999999997
2018-08-01,2018-07-01,seasonal_naive,cv,6,407583.0,459982.0
2018-08-01,2018-07-01,seasonal_residual_change,cv,6,407583.0,403281.01749825047
2018-08-01,2018-07-01,seasonal_ridge_change,cv,6,407583.0,405557.42352701735
2018-08-01,2018-07-01,selected_padd_models,cv,6,407583.0,404600.2944256525
2018-08-01,2018-07-01,spline_ridge_change,cv,6,407583.0,405181.5978674555
2018-08-01,2018-07-01,xgboost_change,cv,6,407583.0,405731.45703125
2018-09-01,2018-08-01,constrained_level,cv,6,416684.0,414109.07012960216
2018-09-01,2018-08-01,damped_ridge_change,cv,6,416684.0,406895.46322701254
2018-09-01,2018-08-01,ensemble_change,cv,6,416684.0,407411.3094278985
2018-09-01,2018-08-01,forecast_flow_identity,cv,6,416684.0,405433.6498721946
2018-09-01,2018-08-01,huber_change,cv,6,416684.0,403510.5683973333
2018-09-01,2018-08-01,neural_network_change,cv,6,416684.0,401761.6135758466
2018-09-01,2018-08-01,persistence,cv,6,416684.0,407583.0
2018-09-01,2018-08-01,polynomial_ridge_change,cv,6,416684.0,405850.3780676244
2018-09-01,2018-08-01,random_forest_change,cv,6,416684.0,407476.28274629184
2018-09-01,2018-08-01,ridge_change,cv,6,416684.0,407385.1981612654
2018-09-01,2018-08-01,rolling_ridge_change,cv,6,416684.0,400476.2930607959
2018-09-01,2018-08-01,seasonal_change,cv,6,416684.0,408725.4
2018-09-01,2018-08-01,seasonal_naive,cv,6,416684.0,469588.0
2018-09-01,2018-08-01,seasonal_residual_change,cv,6,416684.0,411058.1245258621
2018-09-01,2018-08-01,seasonal_ridge_change,cv,6,416684.0,404419.68571392656
2018-09-01,2018-08-01,selected_padd_models,cv,6,416684.0,410188.86524908006
2018-09-01,2018-08-01,spline_ridge_change,cv,6,416684.0,404758.4340238081
2018-09-01,2018-08-01,xgboost_change,cv,6,416684.0,409417.8662109375
2018-10-01,2018-09-01,constrained_level,cv,6,433808.0,423540.2981163931
2018-10-01,2018-09-01,damped_ridge_change,cv,6,433808.0,417231.1493476327
2018-10-01,2018-09-01,ensemble_change,cv,6,433808.0,417257.9996415904
2018-10-01,2018-09-01,forecast_flow_identity,cv,6,433808.0,427756.2457276134
2018-10-01,2018-09-01,huber_change,cv,6,433808.0,413736.30224342836
2018-10-01,2018-09-01,neural_network_change,cv,6,433808.0,413269.3659489538
2018-10-01,2018-09-01,persistence,cv,6,433808.0,416684.0
2018-10-01,2018-09-01,polynomial_ridge_change,cv,6,433808.0,415947.76898498647
2018-10-01,2018-09-01,random_forest_change,cv,6,433808.0,418421.4108859332
2018-10-01,2018-09-01,ridge_change,cv,6,433808.0,418986.91900347616
2018-10-01,2018-09-01,rolling_ridge_change,cv,6,433808.0,411333.1683930027
2018-10-01,2018-09-01,seasonal_change,cv,6,433808.0,429491.2
2018-10-01,2018-09-01,seasonal_naive,cv,6,433808.0,459731.0
2018-10-01,2018-09-01,seasonal_residual_change,cv,6,433808.0,426576.8878742711
2018-10-01,2018-09-01,seasonal_ridge_change,cv,6,433808.0,415986.26912965253
2018-10-01,2018-09-01,selected_padd_models,cv,6,433808.0,423617.231445257
2018-10-01,2018-09-01,spline_ridge_change,cv,6,433808.0,417433.99921691814
2018-10-01,2018-09-01,xgboost_change,cv,6,433808.0,416673.7333984375
2018-11-01,2018-10-01,constrained_level,cv,6,449379.0,444213.44755681814
2018-11-01,2018-10-01,damped_ridge_change,cv,6,449379.0,437446.65337703284
2018-11-01,2018-10-01,ensemble_change,cv,6,449379.0,435328.52983184997
2018-11-01,2018-10-01,forecast_flow_identity,cv,6,449379.0,428639.95210499346
2018-11-01,2018-10-01,huber_change,cv,6,449379.0,437844.7682366529
2018-11-01,2018-10-01,neural_network_change,cv,6,449379.0,435405.8536978297
2018-11-01,2018-10-01,persistence,cv,6,449379.0,433808.0
2018-11-01,2018-10-01,polynomial_ridge_change,cv,6,449379.0,435564.44641713484
2018-11-01,2018-10-01,random_forest_change,cv,6,449379.0,435666.0745793504
2018-11-01,2018-10-01,ridge_change,cv,6,449379.0,438545.8432456828
2018-11-01,2018-10-01,rolling_ridge_change,cv,6,449379.0,433327.42260407505
2018-11-01,2018-10-01,seasonal_change,cv,6,449379.0,431852.4
2018-11-01,2018-10-01,seasonal_naive,cv,6,449379.0,453054.0
2018-11-01,2018-10-01,seasonal_residual_change,cv,6,449379.0,437216.28445192275
2018-11-01,2018-10-01,seasonal_ridge_change,cv,6,449379.0,437394.7987217661
2018-11-01,2018-10-01,selected_padd_models,cv,6,449379.0,435066.9417397332
2018-11-01,2018-10-01,spline_ridge_change,cv,6,449379.0,434355.7768855673
2018-11-01,2018-10-01,xgboost_change,cv,6,449379.0,432727.251953125
2018-12-01,2018-11-01,constrained_level,cv,6,442501.0,458376.5047862582
2018-12-01,2018-11-01,damped_ridge_change,cv,6,442501.0,452194.5140215413
2018-12-01,2018-11-01,ensemble_change,cv,6,442501.0,449433.95463940705
2018-12-01,2018-11-01,forecast_flow_identity,cv,6,442501.0,436706.482465305
2018-12-01,2018-11-01,huber_change,cv,6,442501.0,451523.7619360525
2018-12-01,2018-11-01,neural_network_change,cv,6,442501.0,447391.3092155523
2018-12-01,2018-11-01,persistence,cv,6,442501.0,449379.0
2018-12-01,2018-11-01,polynomial_ridge_change,cv,6,442501.0,448517.7883428806
2018-12-01,2018-11-01,random_forest_change,cv,6,442501.0,443741.3857899938
2018-12-01,2018-11-01,ridge_change,cv,6,442501.0,450992.38545320474
2018-12-01,2018-11-01,rolling_ridge_change,cv,6,442501.0,449570.5270476524
2018-12-01,2018-11-01,seasonal_change,cv,6,442501.0,437951.2
2018-12-01,2018-11-01,seasonal_naive,cv,6,442501.0,421646.0
2018-12-01,2018-11-01,seasonal_residual_change,cv,6,442501.0,443382.8240204384
2018-12-01,2018-11-01,seasonal_ridge_change,cv,6,442501.0,452415.06185490446
2018-12-01,2018-11-01,selected_padd_models,cv,6,442501.0,442308.0103858324
2018-12-01,2018-11-01,spline_ridge_change,cv,6,442501.0,451187.9473172435
2018-12-01,2018-11-01,xgboost_change,cv,6,442501.0,447041.39453125
2019-01-01,2018-12-01,constrained_level,cv,6,448972.0,449420.6485224202
2019-01-01,2018-12-01,damped_ridge_change,cv,6,448972.0,446780.81369146047
2019-01-01,2018-12-01,ensemble_change,cv,6,448972.0,449421.7452346889
2019-01-01,2018-12-01,forecast_flow_identity,cv,6,448972.0,460997.03209061624
2019-01-01,2018-12-01,huber_change,cv,6,448972.0,448753.4901610453
2019-01-01,2018-12-01,neural_network_change,cv,6,448972.0,447152.3918353562
2019-01-01,2018-12-01,persistence,cv,6,448972.0,442501.0
2019-01-01,2018-12-01,polynomial_ridge_change,cv,6,448972.0,444703.2543200591
2019-01-01,2018-12-01,random_forest_change,cv,6,448972.0,452534.164301959
2019-01-01,2018-12-01,ridge_change,cv,6,448972.0,445231.22805891663
2019-01-01,2018-12-01,rolling_ridge_change,cv,6,448972.0,445867.7735439379
2019-01-01,2018-12-01,seasonal_change,cv,6,448972.0,458747.4
2019-01-01,2018-12-01,seasonal_naive,cv,6,448972.0,420760.0
2019-01-01,2018-12-01,seasonal_residual_change,cv,6,448972.0,462357.1327683066
2019-01-01,2018-12-01,seasonal_ridge_change,cv,6,448972.0,447122.9256643477
2019-01-01,2018-12-01,selected_padd_models,cv,6,448972.0,461394.8232261594
2019-01-01,2018-12-01,spline_ridge_change,cv,6,448972.0,450541.85562840034
2019-01-01,2018-12-01,xgboost_change,cv,6,448972.0,451630.0087890625
2019-02-01,2019-01-01,constrained_level,cv,6,451660.0,453394.38035955426
2019-02-01,2019-01-01,damped_ridge_change,cv,6,451660.0,452200.6399137437
2019-02-01,2019-01-01,ensemble_change,cv,6,451660.0,455501.34862700634
2019-02-01,2019-01-01,forecast_flow_identity,cv,6,451660.0,459898.9467274503
2019-02-01,2019-01-01,huber_change,cv,6,451660.0,452146.5552321991
2019-02-01,2019-01-01,neural_network_change,cv,6,451660.0,449491.46074971335
2019-02-01,2019-01-01,persistence,cv,6,451660.0,448972.0
2019-02-01,2019-01-01,polynomial_ridge_change,cv,6,451660.0,449705.2636910895
2019-02-01,2019-01-01,random_forest_change,cv,6,451660.0,457927.94335831323
2019-02-01,2019-01-01,ridge_change,cv,6,451660.0,449310.8066644674
2019-02-01,2019-01-01,rolling_ridge_change,cv,6,451660.0,448073.38217383303
2019-02-01,2019-01-01,seasonal_change,cv,6,451660.0,464417.2
2019-02-01,2019-01-01,seasonal_naive,cv,6,451660.0,423843.0
2019-02-01,2019-01-01,seasonal_residual_change,cv,6,451660.0,466962.920631379
2019-02-01,2019-01-01,seasonal_ridge_change,cv,6,451660.0,451788.34576934174
2019-02-01,2019-01-01,selected_padd_models,cv,6,451660.0,466836.31755256257
2019-02-01,2019-01-01,spline_ridge_change,cv,6,451660.0,458861.7175921341
2019-02-01,2019-01-01,xgboost_change,cv,6,451660.0,459063.4951171875
2019-03-01,2019-02-01,constrained_level,cv,6,458890.0,455790.25361700985
2019-03-01,2019-02-01,damped_ridge_change,cv,6,458890.0,454121.4411554148
2019-03-01,2019-02-01,ensemble_change,cv,6,458890.0,460018.87406502815
2019-03-01,2019-02-01,forecast_flow_identity,cv,6,458890.0,457830.64834988076
2019-03-01,2019-02-01,huber_change,cv,6,458890.0,452655.1714226264
2019-03-01,2019-02-01,neural_network_change,cv,6,458890.0,451240.59479149384
2019-03-01,2019-02-01,persistence,cv,6,458890.0,451660.0
2019-03-01,2019-02-01,polynomial_ridge_change,cv,6,458890.0,450654.72468958655
2019-03-01,2019-02-01,random_forest_change,cv,6,458890.0,464894.25265569636
2019-03-01,2019-02-01,ridge_change,cv,6,458890.0,451864.18622484594
2019-03-01,2019-02-01,rolling_ridge_change,cv,6,458890.0,447832.0451925229
2019-03-01,2019-02-01,seasonal_change,cv,6,458890.0,464566.0
2019-03-01,2019-02-01,seasonal_naive,cv,6,458890.0,424939.0
2019-03-01,2019-02-01,seasonal_residual_change,cv,6,458890.0,461684.35564953275
2019-03-01,2019-02-01,seasonal_ridge_change,cv,6,458890.0,454135.55257368356
2019-03-01,2019-02-01,selected_padd_models,cv,6,458890.0,460698.2322859775
2019-03-01,2019-02-01,spline_ridge_change,cv,6,458890.0,464069.91038449947
2019-03-01,2019-02-01,xgboost_change,cv,6,458890.0,464209.5712890625
2019-04-01,2019-03-01,constrained_level,cv,6,469802.0,457903.17236418545
2019-04-01,2019-03-01,damped_ridge_change,cv,6,469802.0,459112.16728027124
2019-04-01,2019-03-01,ensemble_change,cv,6,469802.0,459613.37888995436
2019-04-01,2019-03-01,forecast_flow_identity,cv,6,469802.0,455357.44337561337
2019-04-01,2019-03-01,huber_change,cv,6,469802.0,453468.57245012047
2019-04-01,2019-03-01,neural_network_change,cv,6,469802.0,453567.03548198106
2019-04-01,2019-03-01,persistence,cv,6,469802.0,458890.0
2019-04-01,2019-03-01,polynomial_ridge_change,cv,6,469802.0,456029.2747982508
2019-04-01,2019-03-01,random_forest_change,cv,6,469802.0,458216.36292165477
2019-04-01,2019-03-01,ridge_change,cv,6,469802.0,457638.113323647
2019-04-01,2019-03-01,rolling_ridge_change,cv,6,469802.0,453151.03605118376
2019-04-01,2019-03-01,seasonal_change,cv,6,469802.0,463231.4
2019-04-01,2019-03-01,seasonal_naive,cv,6,469802.0,436578.0
2019-04-01,2019-03-01,seasonal_residual_change,cv,6,469802.0,462280.83111351455
2019-04-01,2019-03-01,seasonal_ridge_change,cv,6,469802.0,457968.5506066591
2019-04-01,2019-03-01,selected_padd_models,cv,6,469802.0,462833.4668266195
2019-04-01,2019-03-01,spline_ridge_change,cv,6,469802.0,463109.8130982631
2019-04-01,2019-03-01,xgboost_change,cv,6,469802.0,457616.798828125
2019-05-01,2019-04-01,constrained_level,cv,6,481125.0,470569.0901705704
2019-05-01,2019-04-01,damped_ridge_change,cv,6,481125.0,469240.29404277314
2019-05-01,2019-04-01,ensemble_change,cv,6,481125.0,469235.32424587733
2019-05-01,2019-04-01,forecast_flow_identity,cv,6,481125.0,458911.7163027433
2019-05-01,2019-04-01,huber_change,cv,6,481125.0,461222.3690662658
2019-05-01,2019-04-01,neural_network_change,cv,6,481125.0,462560.1963340669
2019-05-01,2019-04-01,persistence,cv,6,481125.0,469802.0
2019-05-01,2019-04-01,polynomial_ridge_change,cv,6,481125.0,462126.9567720379
2019-05-01,2019-04-01,random_forest_change,cv,6,481125.0,467346.0031766259
2019-05-01,2019-04-01,ridge_change,cv,6,481125.0,469549.46439425007
2019-05-01,2019-04-01,rolling_ridge_change,cv,6,481125.0,459902.20255630545
2019-05-01,2019-04-01,seasonal_change,cv,6,481125.0,467611.6
2019-05-01,2019-04-01,seasonal_naive,cv,6,481125.0,434197.0
2019-05-01,2019-04-01,seasonal_residual_change,cv,6,481125.0,468551.6541684714
2019-05-01,2019-04-01,seasonal_ridge_change,cv,6,481125.0,467501.6304711381
2019-05-01,2019-04-01,selected_padd_models,cv,6,481125.0,467885.95988684404
2019-05-01,2019-04-01,spline_ridge_change,cv,6,481125.0,472867.986968836
2019-05-01,2019-04-01,xgboost_change,cv,6,481125.0,468049.169921875
2019-06-01,2019-05-01,constrained_level,cv,7,463446.0,483721.37133664865
2019-06-01,2019-05-01,damped_ridge_change,cv,7,463446.0,480909.0704229226
2019-06-01,2019-05-01,ensemble_change,cv,7,463446.0,478496.6468580318
2019-06-01,2019-05-01,forecast_flow_identity,cv,7,463446.0,461518.8108727698
2019-06-01,2019-05-01,huber_change,cv,7,463446.0,477703.7002646008
2019-06-01,2019-05-01,neural_network_change,cv,7,463446.0,478518.82077631785
2019-06-01,2019-05-01,persistence,cv,7,463446.0,481125.0
2019-06-01,2019-05-01,polynomial_ridge_change,cv,7,463446.0,480356.4698310165
2019-06-01,2019-05-01,random_forest_change,cv,7,463446.0,480541.1023278733
2019-06-01,2019-05-01,ridge_change,cv,7,463446.0,482689.3315375212
2019-06-01,2019-05-01,rolling_ridge_change,cv,7,463446.0,478678.6829842189
2019-06-01,2019-05-01,seasonal_change,cv,7,463446.0,467803.8
2019-06-01,2019-05-01,seasonal_naive,cv,7,463446.0,415152.0
2019-06-01,2019-05-01,seasonal_residual_change,cv,7,463446.0,475225.60507194774
2019-06-01,2019-05-01,seasonal_ridge_change,cv,7,463446.0,480430.875931711
2019-06-01,2019-05-01,selected_padd_models,cv,7,463446.0,474894.48290326574
2019-06-01,2019-05-01,spline_ridge_change,cv,7,463446.0,477553.23194088304
2019-06-01,2019-05-01,xgboost_change,cv,7,463446.0,475033.4609375
2019-07-01,2019-06-01,constrained_level,cv,7,441588.0,460547.9610665015
2019-07-01,2019-06-01,damped_ridge_change,cv,7,441588.0,460749.43881720596
2019-07-01,2019-06-01,ensemble_change,cv,7,441588.0,458501.499555088
2019-07-01,2019-06-01,forecast_flow_identity,cv,7,441588.0,446006.7909658166
2019-07-01,2019-06-01,huber_change,cv,7,441588.0,455319.5638975194
2019-07-01,2019-06-01,neural_network_change,cv,7,441588.0,457066.2797524469
2019-07-01,2019-06-01,persistence,cv,7,441588.0,463446.0
2019-07-01,2019-06-01,polynomial_ridge_change,cv,7,441588.0,461257.67177487403
2019-07-01,2019-06-01,random_forest_change,cv,7,441588.0,459953.2474220476
2019-07-01,2019-06-01,ridge_change,cv,7,441588.0,461465.8546846111
2019-07-01,2019-06-01,rolling_ridge_change,cv,7,441588.0,457436.3886645012
2019-07-01,2019-06-01,seasonal_change,cv,7,441588.0,451321.0
2019-07-01,2019-06-01,seasonal_naive,cv,7,441588.0,409641.0
2019-07-01,2019-06-01,seasonal_residual_change,cv,7,441588.0,453608.42714015517
2019-07-01,2019-06-01,seasonal_ridge_change,cv,7,441588.0,459710.2838560687
2019-07-01,2019-06-01,selected_padd_models,cv,7,441588.0,453584.0547159285
2019-07-01,2019-06-01,spline_ridge_change,cv,7,441588.0,459430.84287904407
2019-07-01,2019-06-01,xgboost_change,cv,7,441588.0,456302.30859375
2019-08-01,2019-07-01,constrained_level,cv,7,430118.0,442402.21337099175
2019-08-01,2019-07-01,damped_ridge_change,cv,7,430118.0,440437.12940370734
2019-08-01,2019-07-01,ensemble_change,cv,7,430118.0,440182.88419678586
2019-08-01,2019-07-01,forecast_flow_identity,cv,7,430118.0,426905.2832722068
2019-08-01,2019-07-01,huber_change,cv,7,430118.0,437064.5357492645
2019-08-01,2019-07-01,neural_network_change,cv,7,430118.0,438361.4226445913
2019-08-01,2019-07-01,persistence,cv,7,430118.0,441588.0
2019-08-01,2019-07-01,polynomial_ridge_change,cv,7,430118.0,441490.08448066167
2019-08-01,2019-07-01,random_forest_change,cv,7,430118.0,441952.6190866105
2019-08-01,2019-07-01,ridge_change,cv,7,430118.0,442416.77033693535
2019-08-01,2019-07-01,rolling_ridge_change,cv,7,430118.0,436404.6202376751
2019-08-01,2019-07-01,seasonal_change,cv,7,430118.0,433810.6
2019-08-01,2019-07-01,seasonal_naive,cv,7,430118.0,407583.0
2019-08-01,2019-07-01,seasonal_residual_change,cv,7,430118.0,434008.1259163092
2019-08-01,2019-07-01,seasonal_ridge_change,cv,7,430118.0,439117.98440610705
2019-08-01,2019-07-01,selected_padd_models,cv,7,430118.0,434560.87141646957
2019-08-01,2019-07-01,spline_ridge_change,cv,7,430118.0,440613.93440214463
2019-08-01,2019-07-01,xgboost_change,cv,7,430118.0,441651.37109375
2019-09-01,2019-08-01,constrained_level,cv,7,425614.0,433050.1226256329
2019-09-01,2019-08-01,damped_ridge_change,cv,7,425614.0,429096.2974762051
2019-09-01,2019-08-01,ensemble_change,cv,7,425614.0,429542.75084704306
2019-09-01,2019-08-01,forecast_flow_identity,cv,7,425614.0,423913.7400673827
2019-09-01,2019-08-01,huber_change,cv,7,425614.0,426997.49912582047
2019-09-01,2019-08-01,neural_network_change,cv,7,425614.0,429109.15647076577
2019-09-01,2019-08-01,persistence,cv,7,425614.0,430118.0
2019-09-01,2019-08-01,polynomial_ridge_change,cv,7,425614.0,430864.7424316637
2019-09-01,2019-08-01,random_forest_change,cv,7,425614.0,433425.82946690323
2019-09-01,2019-08-01,ridge_change,cv,7,425614.0,430774.88964993716
2019-09-01,2019-08-01,rolling_ridge_change,cv,7,425614.0,427266.040252083
2019-09-01,2019-08-01,seasonal_change,cv,7,425614.0,431702.8
2019-09-01,2019-08-01,seasonal_naive,cv,7,425614.0,416684.0
2019-09-01,2019-08-01,seasonal_residual_change,cv,7,425614.0,431234.46572825185
2019-09-01,2019-08-01,seasonal_ridge_change,cv,7,425614.0,428014.2068509644
2019-09-01,2019-08-01,selected_padd_models,cv,7,425614.0,431048.84337215184
2019-09-01,2019-08-01,spline_ridge_change,cv,7,425614.0,432690.8959339744
2019-09-01,2019-08-01,xgboost_change,cv,7,425614.0,432458.8486328125
2019-10-01,2019-09-01,constrained_level,cv,7,443367.0,434214.58247423323
2019-10-01,2019-09-01,damped_ridge_change,cv,7,443367.0,427304.01910347235
2019-10-01,2019-09-01,ensemble_change,cv,7,443367.0,427978.3279583614
2019-10-01,2019-09-01,forecast_flow_identity,cv,7,443367.0,431136.75899745536
2019-10-01,2019-09-01,huber_change,cv,7,443367.0,429650.53096373106
2019-10-01,2019-09-01,neural_network_change,cv,7,443367.0,427964.6335971809
2019-10-01,2019-09-01,persistence,cv,7,443367.0,425614.0
2019-10-01,2019-09-01,polynomial_ridge_change,cv,7,443367.0,428758.8036395437
2019-10-01,2019-09-01,random_forest_change,cv,7,443367.0,431777.4081080828
2019-10-01,2019-09-01,ridge_change,cv,7,443367.0,429192.83746500197
2019-10-01,2019-09-01,rolling_ridge_change,cv,7,443367.0,424425.8650824779
2019-10-01,2019-09-01,seasonal_change,cv,7,443367.0,440129.8
2019-10-01,2019-09-01,seasonal_naive,cv,7,443367.0,433808.0
2019-10-01,2019-09-01,seasonal_residual_change,cv,7,443367.0,437794.94202327554
2019-10-01,2019-09-01,seasonal_ridge_change,cv,7,443367.0,426864.0043408553
2019-10-01,2019-09-01,selected_padd_models,cv,7,443367.0,434570.92907917895
2019-10-01,2019-09-01,spline_ridge_change,cv,7,443367.0,431119.64814991574
2019-10-01,2019-09-01,xgboost_change,cv,7,443367.0,432842.4384765625
2019-11-01,2019-10-01,constrained_level,cv,7,445887.0,454322.29123242374
2019-11-01,2019-10-01,damped_ridge_change,cv,7,445887.0,446249.16564262833
2019-11-01,2019-10-01,ensemble_change,cv,7,445887.0,444873.2055711468
2019-11-01,2019-10-01,forecast_flow_identity,cv,7,445887.0,436170.3340486128
2019-11-01,2019-10-01,huber_change,cv,7,445887.0,451098.9372847089
2019-11-01,2019-10-01,neural_network_change,cv,7,445887.0,447280.0321841102
2019-11-01,2019-10-01,persistence,cv,7,445887.0,443367.0
2019-11-01,2019-10-01,polynomial_ridge_change,cv,7,445887.0,444963.5498251325
2019-11-01,2019-10-01,random_forest_change,cv,7,445887.0,448551.4158575407
2019-11-01,2019-10-01,ridge_change,cv,7,445887.0,447990.83266373
2019-11-01,2019-10-01,rolling_ridge_change,cv,7,445887.0,443970.4313836039
2019-11-01,2019-10-01,seasonal_change,cv,7,445887.0,446210.6
2019-11-01,2019-10-01,seasonal_naive,cv,7,445887.0,449379.0
2019-11-01,2019-10-01,seasonal_residual_change,cv,7,445887.0,448473.34625774244
2019-11-01,2019-10-01,seasonal_ridge_change,cv,7,445887.0,447617.63058240473
2019-11-01,2019-10-01,selected_padd_models,cv,7,445887.0,444840.6670915947
2019-11-01,2019-10-01,spline_ridge_change,cv,7,445887.0,442409.49008187465
2019-11-01,2019-10-01,xgboost_change,cv,7,445887.0,442133.849609375
2019-12-01,2019-11-01,constrained_level,cv,7,432772.0,449101.0121550827
2019-12-01,2019-11-01,damped_ridge_change,cv,7,432772.0,446839.9604523298
2019-12-01,2019-11-01,ensemble_change,cv,7,432772.0,444275.67350673967
2019-12-01,2019-11-01,forecast_flow_identity,cv,7,432772.0,428245.8718812646
2019-12-01,2019-11-01,huber_change,cv,7,432772.0,450661.3344718266
2019-12-01,2019-11-01,neural_network_change,cv,7,432772.0,446065.7770212187
2019-12-01,2019-11-01,persistence,cv,7,432772.0,445887.0
2019-12-01,2019-11-01,polynomial_ridge_change,cv,7,432772.0,446320.9482508348
2019-12-01,2019-11-01,random_forest_change,cv,7,432772.0,438604.0930356258
2019-12-01,2019-11-01,ridge_change,cv,7,432772.0,446050.60713789775
2019-12-01,2019-11-01,rolling_ridge_change,cv,7,432772.0,450033.33586562384
2019-12-01,2019-11-01,seasonal_change,cv,7,432772.0,436479.8
2019-12-01,2019-11-01,seasonal_naive,cv,7,432772.0,442501.0
2019-12-01,2019-11-01,seasonal_residual_change,cv,7,432772.0,437786.1118932156
2019-12-01,2019-11-01,seasonal_ridge_change,cv,7,432772.0,448762.4255204233
2019-12-01,2019-11-01,selected_padd_models,cv,7,432772.0,437300.59393030446
2019-12-01,2019-11-01,spline_ridge_change,cv,7,432772.0,444227.5339640216
2019-12-01,2019-11-01,xgboost_change,cv,7,432772.0,440446.4599609375
2020-01-01,2019-12-01,constrained_level,cv,7,440253.0,434868.65185768245
2020-01-01,2019-12-01,damped_ridge_change,cv,7,440253.0,435161.5879292085
2020-01-01,2019-12-01,ensemble_change,cv,7,440253.0,439274.1926961036
2020-01-01,2019-12-01,forecast_flow_identity,cv,7,440253.0,446881.2694312204
2020-01-01,2019-12-01,huber_change,cv,7,440253.0,439753.1420980376
2020-01-01,2019-12-01,neural_network_change,cv,7,440253.0,436651.79804994323
2020-01-01,2019-12-01,persistence,cv,7,440253.0,432772.0
2020-01-01,2019-12-01,polynomial_ridge_change,cv,7,440253.0,436523.35254358593
2020-01-01,2019-12-01,random_forest_change,cv,7,440253.0,440308.1596629578
2020-01-01,2019-12-01,ridge_change,cv,7,440253.0,433578.7252897213
2020-01-01,2019-12-01,rolling_ridge_change,cv,7,440253.0,437826.46852891374
2020-01-01,2019-12-01,seasonal_change,cv,7,440253.0,448503.19999999995
2020-01-01,2019-12-01,seasonal_naive,cv,7,440253.0,448972.0
2020-01-01,2019-12-01,seasonal_residual_change,cv,7,440253.0,448408.50640305015
2020-01-01,2019-12-01,seasonal_ridge_change,cv,7,440253.0,437276.2111779859
2020-01-01,2019-12-01,selected_padd_models,cv,7,440253.0,447234.50272581517
2020-01-01,2019-12-01,spline_ridge_change,cv,7,440253.0,439261.30694782286
2020-01-01,2019-12-01,xgboost_change,cv,7,440253.0,440526.8447265625
2020-02-01,2020-01-01,constrained_level,cv,7,452563.0,446966.45445377735
2020-02-01,2020-01-01,damped_ridge_change,cv,7,452563.0,442860.7787841084
2020-02-01,2020-01-01,ensemble_change,cv,7,452563.0,447502.056689169
2020-02-01,2020-01-01,forecast_flow_identity,cv,7,452563.0,448759.6534767356
2020-02-01,2020-01-01,huber_change,cv,7,452563.0,447904.12639368797
2020-02-01,2020-01-01,neural_network_change,cv,7,452563.0,445858.32708149863
2020-02-01,2020-01-01,persistence,cv,7,452563.0,440253.0
2020-02-01,2020-01-01,polynomial_ridge_change,cv,7,452563.0,443129.4877945191
2020-02-01,2020-01-01,random_forest_change,cv,7,452563.0,446382.78556285205
2020-02-01,2020-01-01,ridge_change,cv,7,452563.0,441889.9700217565
2020-02-01,2020-01-01,rolling_ridge_change,cv,7,452563.0,445876.7184267858
2020-02-01,2020-01-01,seasonal_change,cv,7,452563.0,454428.6
2020-02-01,2020-01-01,seasonal_naive,cv,7,452563.0,451660.0
2020-02-01,2020-01-01,seasonal_residual_change,cv,7,452563.0,453424.1752076855
2020-02-01,2020-01-01,seasonal_ridge_change,cv,7,452563.0,445065.9372339361
2020-02-01,2020-01-01,selected_padd_models,cv,7,452563.0,452985.55664028105
2020-02-01,2020-01-01,spline_ridge_change,cv,7,452563.0,448659.63810178614
2020-02-01,2020-01-01,xgboost_change,cv,7,452563.0,448645.736328125
2021-04-01,2021-03-01,constrained_level,cv,7,489158.0,502337.1894185976
2021-04-01,2021-03-01,damped_ridge_change,cv,7,489158.0,502822.2198050429
2021-04-01,2021-03-01,ensemble_change,cv,7,489158.0,503422.2496138971
2021-04-01,2021-03-01,forecast_flow_identity,cv,7,489158.0,521825.3667030213
2021-04-01,2021-03-01,huber_change,cv,7,489158.0,501910.94611056405
2021-04-01,2021-03-01,neural_network_change,cv,7,489158.0,499720.23087398557
2021-04-01,2021-03-01,persistence,cv,7,489158.0,502464.0
2021-04-01,2021-03-01,polynomial_ridge_change,cv,7,489158.0,500469.0533230671
2021-04-01,2021-03-01,random_forest_change,cv,7,489158.0,504126.7222271307
2021-04-01,2021-03-01,ridge_change,cv,7,489158.0,504243.4796517299
2021-04-01,2021-03-01,rolling_ridge_change,cv,7,489158.0,496485.4732870612
2021-04-01,2021-03-01,seasonal_change,cv,7,489158.0,506917.4
2021-04-01,2021-03-01,seasonal_naive,cv,7,489158.0,529035.0
2021-04-01,2021-03-01,seasonal_residual_change,cv,7,489158.0,503141.6779948853
2021-04-01,2021-03-01,seasonal_ridge_change,cv,7,489158.0,503471.78631573933
2021-04-01,2021-03-01,selected_padd_models,cv,7,489158.0,504211.796038993
2021-04-01,2021-03-01,spline_ridge_change,cv,7,489158.0,498820.9053188677
2021-04-01,2021-03-01,xgboost_change,cv,7,489158.0,495274.6259765625
2021-05-01,2021-04-01,constrained_level,cv,7,476980.0,487100.8387705569
2021-05-01,2021-04-01,damped_ridge_change,cv,7,476980.0,489609.99649124173
2021-05-01,2021-04-01,ensemble_change,cv,7,476980.0,491359.7333565251
2021-05-01,2021-04-01,forecast_flow_identity,cv,7,476980.0,500787.7320709917
2021-05-01,2021-04-01,huber_change,cv,7,476980.0,488369.56217670324
2021-05-01,2021-04-01,neural_network_change,cv,7,476980.0,486734.987987316
2021-05-01,2021-04-01,persistence,cv,7,476980.0,489158.0
2021-05-01,2021-04-01,polynomial_ridge_change,cv,7,476980.0,487296.51957698306
2021-05-01,2021-04-01,random_forest_change,cv,7,476980.0,491752.0907748977
2021-05-01,2021-04-01,ridge_change,cv,7,476980.0,491257.90910368937
2021-05-01,2021-04-01,rolling_ridge_change,cv,7,476980.0,483443.7849419982
2021-05-01,2021-04-01,seasonal_change,cv,7,476980.0,489208.0
2021-05-01,2021-04-01,seasonal_naive,cv,7,476980.0,521593.0
2021-05-01,2021-04-01,seasonal_residual_change,cv,7,476980.0,490092.50339431333
2021-05-01,2021-04-01,seasonal_ridge_change,cv,7,476980.0,489606.518738589
2021-05-01,2021-04-01,selected_padd_models,cv,7,476980.0,489498.74507519306
2021-05-01,2021-04-01,spline_ridge_change,cv,7,476980.0,487371.444573308
2021-05-01,2021-04-01,xgboost_change,cv,7,476980.0,486725.7021484375
2021-06-01,2021-05-01,constrained_level,cv,7,448108.0,474149.3455642778
2021-06-01,2021-05-01,damped_ridge_change,cv,7,448108.0,476020.6934775553
2021-06-01,2021-05-01,ensemble_change,cv,7,448108.0,472541.54229250544
2021-06-01,2021-05-01,forecast_flow_identity,cv,7,448108.0,471843.2282109916
2021-06-01,2021-05-01,huber_change,cv,7,448108.0,474433.3322213755
2021-06-01,2021-05-01,neural_network_change,cv,7,448108.0,472231.3106358051
2021-06-01,2021-05-01,persistence,cv,7,448108.0,476980.0
2021-06-01,2021-05-01,polynomial_ridge_change,cv,7,448108.0,473105.54039500916
2021-06-01,2021-05-01,random_forest_change,cv,7,448108.0,472450.84746313415
2021-06-01,2021-05-01,ridge_change,cv,7,448108.0,479123.122416018
2021-06-01,2021-05-01,rolling_ridge_change,cv,7,448108.0,469580.65472802136
2021-06-01,2021-05-01,seasonal_change,cv,7,448108.0,462354.0
2021-06-01,2021-05-01,seasonal_naive,cv,7,448108.0,532657.0
2021-06-01,2021-05-01,seasonal_residual_change,cv,7,448108.0,467935.7082193183
2021-06-01,2021-05-01,seasonal_ridge_change,cv,7,448108.0,475589.8333928363
2021-06-01,2021-05-01,selected_padd_models,cv,7,448108.0,470561.5127918833
2021-06-01,2021-05-01,spline_ridge_change,cv,7,448108.0,467588.1921651233
2021-06-01,2021-05-01,xgboost_change,cv,7,448108.0,466352.3046875
2021-07-01,2021-06-01,constrained_level,cv,8,438745.0,440527.270399054
2021-07-01,2021-06-01,damped_ridge_change,cv,8,438745.0,444997.73704888095
2021-07-01,2021-06-01,ensemble_change,cv,8,438745.0,441330.79672365333
2021-07-01,2021-06-01,forecast_flow_identity,cv,8,438745.0,442977.4474443302
2021-07-01,2021-06-01,huber_change,cv,8,438745.0,440854.09386370657
2021-07-01,2021-06-01,neural_network_change,cv,8,438745.0,440315.04281709564
2021-07-01,2021-06-01,persistence,cv,8,438745.0,448108.0
2021-07-01,2021-06-01,polynomial_ridge_change,cv,8,438745.0,441550.4253315545
2021-07-01,2021-06-01,random_forest_change,cv,8,438745.0,440433.6701401117
2021-07-01,2021-06-01,ridge_change,cv,8,438745.0,447123.44435761863
2021-07-01,2021-06-01,rolling_ridge_change,cv,8,438745.0,436388.70200458646
2021-07-01,2021-06-01,seasonal_change,cv,8,438745.0,434725.0
2021-07-01,2021-06-01,seasonal_naive,cv,8,438745.0,520124.0
2021-07-01,2021-06-01,seasonal_residual_change,cv,8,438745.0,434717.439635605
2021-07-01,2021-06-01,seasonal_ridge_change,cv,8,438745.0,443038.835093485
2021-07-01,2021-06-01,selected_padd_models,cv,8,438745.0,438780.736348952
2021-07-01,2021-06-01,spline_ridge_change,cv,8,438745.0,437915.23028254666
2021-07-01,2021-06-01,xgboost_change,cv,8,438745.0,435759.08447265625
2021-08-01,2021-07-01,constrained_level,cv,8,421525.0,439389.5136040258
2021-08-01,2021-07-01,damped_ridge_change,cv,8,421525.0,437005.342002081
2021-08-01,2021-07-01,ensemble_change,cv,8,421525.0,434785.0230486032
2021-08-01,2021-07-01,forecast_flow_identity,cv,8,421525.0,436385.58731468796
2021-08-01,2021-07-01,huber_change,cv,8,421525.0,434662.1719531325
2021-08-01,2021-07-01,neural_network_change,cv,8,421525.0,433704.46414494474
2021-08-01,2021-07-01,persistence,cv,8,421525.0,438745.0
2021-08-01,2021-07-01,polynomial_ridge_change,cv,8,421525.0,435981.87368741725
2021-08-01,2021-07-01,random_forest_change,cv,8,421525.0,433029.80390475824
2021-08-01,2021-07-01,ridge_change,cv,8,421525.0,440804.1357662649
2021-08-01,2021-07-01,rolling_ridge_change,cv,8,421525.0,429780.7740036306
2021-08-01,2021-07-01,seasonal_change,cv,8,421525.0,430205.8
2021-08-01,2021-07-01,seasonal_naive,cv,8,421525.0,504399.0
2021-08-01,2021-07-01,seasonal_residual_change,cv,8,421525.0,430022.483771233
2021-08-01,2021-07-01,seasonal_ridge_change,cv,8,421525.0,435594.9322847638
2021-08-01,2021-07-01,selected_padd_models,cv,8,421525.0,433207.4514964876
2021-08-01,2021-07-01,spline_ridge_change,cv,8,421525.0,432795.1296628321
2021-08-01,2021-07-01,xgboost_change,cv,8,421525.0,428797.97998046875
2021-09-01,2021-08-01,constrained_level,cv,8,420343.0,424484.7905338695
2021-09-01,2021-08-01,damped_ridge_change,cv,8,420343.0,420748.13779818057
2021-09-01,2021-08-01,ensemble_change,cv,8,420343.0,420629.1156842485
2021-09-01,2021-08-01,forecast_flow_identity,cv,8,420343.0,424641.710090359
2021-09-01,2021-08-01,huber_change,cv,8,420343.0,420928.6698114905
2021-09-01,2021-08-01,neural_network_change,cv,8,420343.0,418777.7256523717
2021-09-01,2021-08-01,persistence,cv,8,420343.0,421525.0
2021-09-01,2021-08-01,polynomial_ridge_change,cv,8,420343.0,421073.69412765204
2021-09-01,2021-08-01,random_forest_change,cv,8,420343.0,422603.80475776
2021-09-01,2021-08-01,ridge_change,cv,8,420343.0,423501.1515810927
2021-09-01,2021-08-01,rolling_ridge_change,cv,8,420343.0,415713.33034078806
2021-09-01,2021-08-01,seasonal_change,cv,8,420343.0,421993.19999999995
2021-09-01,2021-08-01,seasonal_naive,cv,8,420343.0,497724.0
2021-09-01,2021-08-01,seasonal_residual_change,cv,8,420343.0,421690.4442637144
2021-09-01,2021-08-01,seasonal_ridge_change,cv,8,420343.0,419667.8830190279
2021-09-01,2021-08-01,selected_padd_models,cv,8,420343.0,422821.33118069597
2021-09-01,2021-08-01,spline_ridge_change,cv,8,420343.0,421334.4937683424
2021-09-01,2021-08-01,xgboost_change,cv,8,420343.0,420661.13671875
2021-10-01,2021-09-01,constrained_level,cv,8,436580.0,422594.91325174697
2021-10-01,2021-09-01,damped_ridge_change,cv,8,436580.0,420485.6389803526
2021-10-01,2021-09-01,ensemble_change,cv,8,436580.0,420258.7903086965
2021-10-01,2021-09-01,forecast_flow_identity,cv,8,436580.0,434156.5192667105
2021-10-01,2021-09-01,huber_change,cv,8,436580.0,422138.887719866
2021-10-01,2021-09-01,neural_network_change,cv,8,436580.0,420123.358725987
2021-10-01,2021-09-01,persistence,cv,8,436580.0,420343.0
2021-10-01,2021-09-01,polynomial_ridge_change,cv,8,436580.0,420303.956027297
2021-10-01,2021-09-01,random_forest_change,cv,8,436580.0,421219.66026104894
2021-10-01,2021-09-01,ridge_change,cv,8,436580.0,422953.5598507185
2021-10-01,2021-09-01,rolling_ridge_change,cv,8,436580.0,416464.86430852045
2021-10-01,2021-09-01,seasonal_change,cv,8,436580.0,434497.0
2021-10-01,2021-09-01,seasonal_naive,cv,8,436580.0,493922.0
2021-10-01,2021-09-01,seasonal_residual_change,cv,8,436580.0,428583.6033005474
2021-10-01,2021-09-01,seasonal_ridge_change,cv,8,436580.0,420408.1441363171
2021-10-01,2021-09-01,selected_padd_models,cv,8,436580.0,425852.1349957023
2021-10-01,2021-09-01,spline_ridge_change,cv,8,436580.0,419911.17264803476
2021-10-01,2021-09-01,xgboost_change,cv,8,436580.0,413413.85302734375
2021-11-01,2021-10-01,constrained_level,cv,8,433387.0,439791.7566205353
2021-11-01,2021-10-01,damped_ridge_change,cv,8,433387.0,437318.62998439017
2021-11-01,2021-10-01,ensemble_change,cv,8,433387.0,435091.43516519776
2021-11-01,2021-10-01,forecast_flow_identity,cv,8,433387.0,435880.5140674953
2021-11-01,2021-10-01,huber_change,cv,8,433387.0,440659.9106343061
2021-11-01,2021-10-01,neural_network_change,cv,8,433387.0,437052.604687528
2021-11-01,2021-10-01,persistence,cv,8,433387.0,436580.0
2021-11-01,2021-10-01,polynomial_ridge_change,cv,8,433387.0,435975.3289994795
2021-11-01,2021-10-01,random_forest_change,cv,8,433387.0,432995.1284266025
2021-11-01,2021-10-01,ridge_change,cv,8,433387.0,438945.4861238213
2021-11-01,2021-10-01,rolling_ridge_change,cv,8,433387.0,433204.59128694306
2021-11-01,2021-10-01,seasonal_change,cv,8,433387.0,438925.2
2021-11-01,2021-10-01,seasonal_naive,cv,8,433387.0,500752.0
2021-11-01,2021-10-01,seasonal_residual_change,cv,8,433387.0,438247.43324047606
2021-11-01,2021-10-01,seasonal_ridge_change,cv,8,433387.0,438380.94481421955
2021-11-01,2021-10-01,selected_padd_models,cv,8,433387.0,438228.12412895175
2021-11-01,2021-10-01,spline_ridge_change,cv,8,433387.0,433887.1492652328
2021-11-01,2021-10-01,xgboost_change,cv,8,433387.0,429403.13720703125
2021-12-01,2021-11-01,constrained_level,cv,8,421184.0,435259.48121368914
2021-12-01,2021-11-01,damped_ridge_change,cv,8,421184.0,436323.0133576725
2021-12-01,2021-11-01,ensemble_change,cv,8,421184.0,433854.06169665355
2021-12-01,2021-11-01,forecast_flow_identity,cv,8,421184.0,420685.12450197805
2021-12-01,2021-11-01,huber_change,cv,8,421184.0,441767.2812341366
2021-12-01,2021-11-01,neural_network_change,cv,8,421184.0,438318.0603917133
2021-12-01,2021-11-01,persistence,cv,8,421184.0,433387.0
2021-12-01,2021-11-01,polynomial_ridge_change,cv,8,421184.0,436582.6830257256
2021-12-01,2021-11-01,random_forest_change,cv,8,421184.0,428254.0649852617
2021-12-01,2021-11-01,ridge_change,cv,8,421184.0,435945.6580216953
2021-12-01,2021-11-01,rolling_ridge_change,cv,8,421184.0,434336.44672247313
2021-12-01,2021-11-01,seasonal_change,cv,8,421184.0,420529.6
2021-12-01,2021-11-01,seasonal_naive,cv,8,421184.0,485471.0
2021-12-01,2021-11-01,seasonal_residual_change,cv,8,421184.0,427055.00913205196
2021-12-01,2021-11-01,seasonal_ridge_change,cv,8,421184.0,437983.04062868835
2021-12-01,2021-11-01,selected_padd_models,cv,8,421184.0,427062.2259751332
2021-12-01,2021-11-01,spline_ridge_change,cv,8,421184.0,433239.26359192946
2021-12-01,2021-11-01,xgboost_change,cv,8,421184.0,430311.55078125
2022-01-01,2021-12-01,constrained_level,cv,8,413714.0,422606.3226865002
2022-01-01,2021-12-01,damped_ridge_change,cv,8,413714.0,424629.41427037795
2022-01-01,2021-12-01,ensemble_change,cv,8,413714.0,429082.52931673673
2022-01-01,2021-12-01,forecast_flow_identity,cv,8,413714.0,443693.8298537136
2022-01-01,2021-12-01,huber_change,cv,8,413714.0,431289.818609426
2022-01-01,2021-12-01,neural_network_change,cv,8,413714.0,429382.66332711617
2022-01-01,2021-12-01,persistence,cv,8,413714.0,421184.0
2022-01-01,2021-12-01,polynomial_ridge_change,cv,8,413714.0,424990.0598870155
2022-01-01,2021-12-01,random_forest_change,cv,8,413714.0,429458.43612468196
2022-01-01,2021-12-01,ridge_change,cv,8,413714.0,423849.1762293483
2022-01-01,2021-12-01,rolling_ridge_change,cv,8,413714.0,424547.095151267
2022-01-01,2021-12-01,seasonal_change,cv,8,413714.0,432741.8
2022-01-01,2021-12-01,seasonal_naive,cv,8,413714.0,476269.0
2022-01-01,2021-12-01,seasonal_residual_change,cv,8,413714.0,435972.3025098635
2022-01-01,2021-12-01,seasonal_ridge_change,cv,8,413714.0,426780.32369009
2022-01-01,2021-12-01,selected_padd_models,cv,8,413714.0,434857.41581175546
2022-01-01,2021-12-01,spline_ridge_change,cv,8,413714.0,425783.6195558739
2022-01-01,2021-12-01,xgboost_change,cv,8,413714.0,430916.3916015625
2022-02-01,2022-01-01,constrained_level,cv,8,408526.0,409539.7192014483
2022-02-01,2022-01-01,damped_ridge_change,cv,8,408526.0,415921.50283754326
2022-02-01,2022-01-01,ensemble_change,cv,8,408526.0,420725.74311298394
2022-02-01,2022-01-01,forecast_flow_identity,cv,8,408526.0,428630.5269610577
2022-02-01,2022-01-01,huber_change,cv,8,408526.0,421862.63062480534
2022-02-01,2022-01-01,neural_network_change,cv,8,408526.0,419567.4465814233
2022-02-01,2022-01-01,persistence,cv,8,408526.0,413714.0
2022-02-01,2022-01-01,polynomial_ridge_change,cv,8,408526.0,416260.1152498129
2022-02-01,2022-01-01,random_forest_change,cv,8,408526.0,420227.9315670109
2022-02-01,2022-01-01,ridge_change,cv,8,408526.0,415197.0649012745
2022-02-01,2022-01-01,rolling_ridge_change,cv,8,408526.0,416389.60668753134
2022-02-01,2022-01-01,seasonal_change,cv,8,408526.0,425131.6
2022-02-01,2022-01-01,seasonal_naive,cv,8,408526.0,493876.0
2022-02-01,2022-01-01,seasonal_residual_change,cv,8,408526.0,423840.226520829
2022-02-01,2022-01-01,seasonal_ridge_change,cv,8,408526.0,417962.9915208827
2022-02-01,2022-01-01,selected_padd_models,cv,8,408526.0,426036.4661290247
2022-02-01,2022-01-01,spline_ridge_change,cv,8,408526.0,420936.54249843373
2022-02-01,2022-01-01,xgboost_change,cv,8,408526.0,420451.72607421875
2022-03-01,2022-02-01,constrained_level,cv,8,414207.0,401515.86465573934
2022-03-01,2022-02-01,damped_ridge_change,cv,8,414207.0,409262.71475992346
2022-03-01,2022-02-01,ensemble_change,cv,8,414207.0,413648.64954636525
2022-03-01,2022-02-01,forecast_flow_identity,cv,8,414207.0,415788.2563316639
2022-03-01,2022-02-01,huber_change,cv,8,414207.0,414402.41328726127
2022-03-01,2022-02-01,neural_network_change,cv,8,414207.0,411860.1489032488
2022-03-01,2022-02-01,persistence,cv,8,414207.0,408526.0
2022-03-01,2022-02-01,polynomial_ridge_change,cv,8,414207.0,408643.5981342947
2022-03-01,2022-02-01,random_forest_change,cv,8,414207.0,413021.86655406805
2022-03-01,2022-02-01,ridge_change,cv,8,414207.0,408009.028261041
2022-03-01,2022-02-01,rolling_ridge_change,cv,8,414207.0,409308.08605430345
2022-03-01,2022-02-01,seasonal_change,cv,8,414207.0,417066.0
2022-03-01,2022-02-01,seasonal_naive,cv,8,414207.0,502464.0
2022-03-01,2022-02-01,seasonal_residual_change,cv,8,414207.0,411292.0326396766
2022-03-01,2022-02-01,seasonal_ridge_change,cv,8,414207.0,410632.13658764644
2022-03-01,2022-02-01,selected_padd_models,cv,8,414207.0,411373.80557661154
2022-03-01,2022-02-01,spline_ridge_change,cv,8,414207.0,410045.07683427836
2022-03-01,2022-02-01,xgboost_change,cv,8,414207.0,413478.7744140625
2022-04-01,2022-03-01,constrained_level,cv,8,417382.0,415384.61039837834
2022-04-01,2022-03-01,damped_ridge_change,cv,8,417382.0,416997.2596975963
2022-04-01,2022-03-01,ensemble_change,cv,8,417382.0,418281.7021206014
2022-04-01,2022-03-01,forecast_flow_identity,cv,8,417382.0,411786.1307298268
2022-04-01,2022-03-01,huber_change,cv,8,417382.0,422263.9741579455
2022-04-01,2022-03-01,neural_network_change,cv,8,417382.0,418799.556547324
2022-04-01,2022-03-01,persistence,cv,8,417382.0,414207.0
2022-04-01,2022-03-01,polynomial_ridge_change,cv,8,417382.0,415937.39006820496
2022-04-01,2022-03-01,random_forest_change,cv,8,417382.0,417922.80700643844
2022-04-01,2022-03-01,ridge_change,cv,8,417382.0,417890.9372443979
2022-04-01,2022-03-01,rolling_ridge_change,cv,8,417382.0,415422.88449328137
2022-04-01,2022-03-01,seasonal_change,cv,8,417382.0,417395.5
2022-04-01,2022-03-01,seasonal_naive,cv,8,417382.0,489158.0
2022-04-01,2022-03-01,seasonal_residual_change,cv,8,417382.0,418255.89342695684
2022-04-01,2022-03-01,seasonal_ridge_change,cv,8,417382.0,418234.9691033365
2022-04-01,2022-03-01,selected_padd_models,cv,8,417382.0,415304.61084181315
2022-04-01,2022-03-01,spline_ridge_change,cv,8,417382.0,415347.577090632
2022-04-01,2022-03-01,xgboost_change,cv,8,417382.0,418414.25048828125
2022-05-01,2022-04-01,constrained_level,cv,8,415065.0,415141.6574984964
2022-05-01,2022-04-01,damped_ridge_change,cv,8,415065.0,417839.27968027326
2022-05-01,2022-04-01,ensemble_change,cv,8,415065.0,416718.79226916644
2022-05-01,2022-04-01,forecast_flow_identity,cv,8,415065.0,411021.3820393957
2022-05-01,2022-04-01,huber_change,cv,8,415065.0,418716.0345854788
2022-05-01,2022-04-01,neural_network_change,cv,8,415065.0,414406.7615744732
2022-05-01,2022-04-01,persistence,cv,8,415065.0,417382.0
2022-05-01,2022-04-01,polynomial_ridge_change,cv,8,415065.0,415055.36142402794
2022-05-01,2022-04-01,random_forest_change,cv,8,415065.0,416257.25311333535
2022-05-01,2022-04-01,ridge_change,cv,8,415065.0,420034.86466757435
2022-05-01,2022-04-01,rolling_ridge_change,cv,8,415065.0,415000.1859341583
2022-05-01,2022-04-01,seasonal_change,cv,8,415065.0,415746.80000000005
2022-05-01,2022-04-01,seasonal_naive,cv,8,415065.0,476980.0
2022-05-01,2022-04-01,seasonal_residual_change,cv,8,415065.0,415034.78955744754
2022-05-01,2022-04-01,seasonal_ridge_change,cv,8,415065.0,417929.1181803512
2022-05-01,2022-04-01,selected_padd_models,cv,8,415065.0,413578.6941981865
2022-05-01,2022-04-01,spline_ridge_change,cv,8,415065.0,416237.1904018489
2022-05-01,2022-04-01,xgboost_change,cv,8,415065.0,412340.1982421875
2022-06-01,2022-05-01,constrained_level,cv,8,417799.0,411116.43982487015
2022-06-01,2022-05-01,damped_ridge_change,cv,8,417799.0,415086.2149369376
2022-06-01,2022-05-01,ensemble_change,cv,8,417799.0,409737.7433737909
2022-06-01,2022-05-01,forecast_flow_identity,cv,8,417799.0,392151.3675726582
2022-06-01,2022-05-01,huber_change,cv,8,417799.0,413965.4383615034
2022-06-01,2022-05-01,neural_network_change,cv,8,417799.0,411017.1011793876
2022-06-01,2022-05-01,persistence,cv,8,417799.0,415065.0
2022-06-01,2022-05-01,polynomial_ridge_change,cv,8,417799.0,413790.01467810443
2022-06-01,2022-05-01,random_forest_change,cv,8,417799.0,408200.011950608
2022-06-01,2022-05-01,ridge_change,cv,8,417799.0,417807.7145472767
2022-06-01,2022-05-01,rolling_ridge_change,cv,8,417799.0,411151.3152043936
2022-06-01,2022-05-01,seasonal_change,cv,8,417799.0,396694.80000000005
2022-06-01,2022-05-01,seasonal_naive,cv,8,417799.0,448108.0
2022-06-01,2022-05-01,seasonal_residual_change,cv,8,417799.0,405422.78471159714
2022-06-01,2022-05-01,seasonal_ridge_change,cv,8,417799.0,414450.0980812212
2022-06-01,2022-05-01,selected_padd_models,cv,8,417799.0,406003.6049659132
2022-06-01,2022-05-01,spline_ridge_change,cv,8,417799.0,411157.344899057
2022-06-01,2022-05-01,xgboost_change,cv,8,417799.0,405230.57177734375
2022-07-01,2022-06-01,constrained_level,cv,9,424075.0,420521.3097011583
2022-07-01,2022-06-01,damped_ridge_change,cv,9,424075.0,416712.2456154617
2022-07-01,2022-06-01,ensemble_change,cv,9,424075.0,412955.4015209682
2022-07-01,2022-06-01,forecast_flow_identity,cv,9,424075.0,402283.87757751107
2022-07-01,2022-06-01,huber_change,cv,9,424075.0,412044.51978696586
2022-07-01,2022-06-01,neural_network_change,cv,9,424075.0,416651.51817418286
2022-07-01,2022-06-01,persistence,cv,9,424075.0,417799.0
2022-07-01,2022-06-01,polynomial_ridge_change,cv,9,424075.0,417992.7364349747
2022-07-01,2022-06-01,random_forest_change,cv,9,424075.0,411899.8419801229
2022-07-01,2022-06-01,ridge_change,cv,9,424075.0,419744.3932269345
2022-07-01,2022-06-01,rolling_ridge_change,cv,9,424075.0,415156.1278275059
2022-07-01,2022-06-01,seasonal_change,cv,9,424075.0,405343.6
2022-07-01,2022-06-01,seasonal_naive,cv,9,424075.0,438745.0
2022-07-01,2022-06-01,seasonal_residual_change,cv,9,424075.0,411310.7984974263
2022-07-01,2022-06-01,seasonal_ridge_change,cv,9,424075.0,415972.131383118
2022-07-01,2022-06-01,selected_padd_models,cv,9,424075.0,410692.3630626185
2022-07-01,2022-06-01,spline_ridge_change,cv,9,424075.0,413005.5162347844
2022-07-01,2022-06-01,xgboost_change,cv,9,424075.0,407388.90234375
2022-08-01,2022-07-01,constrained_level,cv,9,419785.0,427868.0606669243
2022-08-01,2022-07-01,damped_ridge_change,cv,9,419785.0,423966.1876905848
2022-08-01,2022-07-01,ensemble_change,cv,9,419785.0,424183.87164795917
2022-08-01,2022-07-01,forecast_flow_identity,cv,9,419785.0,407946.99203451263
2022-08-01,2022-07-01,huber_change,cv,9,419785.0,420153.27598239924
2022-08-01,2022-07-01,neural_network_change,cv,9,419785.0,425882.76413145737
2022-08-01,2022-07-01,persistence,cv,9,419785.0,424075.0
2022-08-01,2022-07-01,polynomial_ridge_change,cv,9,419785.0,428766.9316078279
2022-08-01,2022-07-01,random_forest_change,cv,9,419785.0,423324.5500301445
2022-08-01,2022-07-01,ridge_change,cv,9,419785.0,428438.2344990963
2022-08-01,2022-07-01,rolling_ridge_change,cv,9,419785.0,423393.76615678583
2022-08-01,2022-07-01,seasonal_change,cv,9,419785.0,411883.0
2022-08-01,2022-07-01,seasonal_naive,cv,9,419785.0,421525.0
2022-08-01,2022-07-01,seasonal_residual_change,cv,9,419785.0,416536.9907906431
2022-08-01,2022-07-01,seasonal_ridge_change,cv,9,419785.0,423909.03138694126
2022-08-01,2022-07-01,selected_padd_models,cv,9,419785.0,417187.0209919933
2022-08-01,2022-07-01,spline_ridge_change,cv,9,419785.0,425641.9493684302
2022-08-01,2022-07-01,xgboost_change,cv,9,419785.0,419935.69921875
2022-09-01,2022-08-01,constrained_level,cv,9,429000.0,423302.8027313618
2022-09-01,2022-08-01,damped_ridge_change,cv,9,429000.0,419082.7631919511
2022-09-01,2022-08-01,ensemble_change,cv,9,429000.0,419097.45158084144
2022-09-01,2022-08-01,forecast_flow_identity,cv,9,429000.0,412025.60193539166
2022-09-01,2022-08-01,huber_change,cv,9,429000.0,414617.6271455407
2022-09-01,2022-08-01,neural_network_change,cv,9,429000.0,420538.115461952
2022-09-01,2022-08-01,persistence,cv,9,429000.0,419785.0
2022-09-01,2022-08-01,polynomial_ridge_change,cv,9,429000.0,424642.39044076775
2022-09-01,2022-08-01,random_forest_change,cv,9,429000.0,418075.40967001265
2022-09-01,2022-08-01,ridge_change,cv,9,429000.0,422606.42351749016
2022-09-01,2022-08-01,rolling_ridge_change,cv,9,429000.0,420028.48128591233
2022-09-01,2022-08-01,seasonal_change,cv,9,429000.0,419361.6
2022-09-01,2022-08-01,seasonal_naive,cv,9,429000.0,420343.0
2022-09-01,2022-08-01,seasonal_residual_change,cv,9,429000.0,419757.9227984377
2022-09-01,2022-08-01,seasonal_ridge_change,cv,9,429000.0,419498.6640801078
2022-09-01,2022-08-01,selected_padd_models,cv,9,429000.0,419305.6648072112
2022-09-01,2022-08-01,spline_ridge_change,cv,9,429000.0,420617.0014471212
2022-09-01,2022-08-01,xgboost_change,cv,9,429000.0,415569.658203125
2022-10-01,2022-09-01,constrained_level,cv,9,439678.0,432603.5684921758
2022-10-01,2022-09-01,damped_ridge_change,cv,9,439678.0,429186.81130491744
2022-10-01,2022-09-01,ensemble_change,cv,9,439678.0,430889.37213594146
2022-10-01,2022-09-01,forecast_flow_identity,cv,9,439678.0,428289.2383026104
2022-10-01,2022-09-01,huber_change,cv,9,439678.0,426552.8986622521
2022-10-01,2022-09-01,neural_network_change,cv,9,439678.0,429173.7851668601
2022-10-01,2022-09-01,persistence,cv,9,439678.0,429000.0
2022-10-01,2022-09-01,polynomial_ridge_change,cv,9,439678.0,435071.43378687004
2022-10-01,2022-09-01,random_forest_change,cv,9,439678.0,429672.94513888727
2022-10-01,2022-09-01,ridge_change,cv,9,439678.0,432985.15902299766
2022-10-01,2022-09-01,rolling_ridge_change,cv,9,439678.0,432251.0636588583
2022-10-01,2022-09-01,seasonal_change,cv,9,439678.0,441184.6
2022-10-01,2022-09-01,seasonal_naive,cv,9,439678.0,436580.0
2022-10-01,2022-09-01,seasonal_residual_change,cv,9,439678.0,437696.4263462743
2022-10-01,2022-09-01,seasonal_ridge_change,cv,9,439678.0,430765.2521953141
2022-10-01,2022-09-01,selected_padd_models,cv,9,439678.0,433941.4122800854
2022-10-01,2022-09-01,spline_ridge_change,cv,9,439678.0,427246.1940491426
2022-10-01,2022-09-01,xgboost_change,cv,9,439678.0,433156.50927734375
2022-11-01,2022-10-01,constrained_level,cv,9,416621.0,446519.96213149023
2022-11-01,2022-10-01,damped_ridge_change,cv,9,416621.0,441654.7784740948
2022-11-01,2022-10-01,ensemble_change,cv,9,416621.0,440950.67633554986
2022-11-01,2022-10-01,forecast_flow_identity,cv,9,416621.0,425764.21615952405
2022-11-01,2022-10-01,huber_change,cv,9,416621.0,440690.7507660661
2022-11-01,2022-10-01,neural_network_change,cv,9,416621.0,441154.731258315
2022-11-01,2022-10-01,persistence,cv,9,416621.0,439678.0
2022-11-01,2022-10-01,polynomial_ridge_change,cv,9,416621.0,445386.137045128
2022-11-01,2022-10-01,random_forest_change,cv,9,416621.0,441118.64312770276
2022-11-01,2022-10-01,ridge_change,cv,9,416621.0,442901.4438997467
2022-11-01,2022-10-01,rolling_ridge_change,cv,9,416621.0,444360.06146667595
2022-11-01,2022-10-01,seasonal_change,cv,9,416621.0,441228.4
2022-11-01,2022-10-01,seasonal_naive,cv,9,416621.0,433387.0
2022-11-01,2022-10-01,seasonal_residual_change,cv,9,416621.0,444783.51795681927
2022-11-01,2022-10-01,seasonal_ridge_change,cv,9,416621.0,444039.8519736889
2022-11-01,2022-10-01,selected_padd_models,cv,9,416621.0,440166.19593387377
2022-11-01,2022-10-01,spline_ridge_change,cv,9,416621.0,433607.24017493345
2022-11-01,2022-10-01,xgboost_change,cv,9,416621.0,442412.1181640625
2022-12-01,2022-11-01,constrained_level,cv,9,430102.0,414542.09567375033
2022-12-01,2022-11-01,damped_ridge_change,cv,9,430102.0,417320.58727771573
2022-12-01,2022-11-01,ensemble_change,cv,9,430102.0,415028.02218442457
2022-12-01,2022-11-01,forecast_flow_identity,cv,9,430102.0,389152.84886548994
2022-12-01,2022-11-01,huber_change,cv,9,430102.0,417511.9915327913
2022-12-01,2022-11-01,neural_network_change,cv,9,430102.0,416751.22429933347
2022-12-01,2022-11-01,persistence,cv,9,430102.0,416621.0
2022-12-01,2022-11-01,polynomial_ridge_change,cv,9,430102.0,421783.6261625762
2022-12-01,2022-11-01,random_forest_change,cv,9,430102.0,408410.446441839
2022-12-01,2022-11-01,ridge_change,cv,9,430102.0,415330.3533193508
2022-12-01,2022-11-01,rolling_ridge_change,cv,9,430102.0,422264.7420192026
2022-12-01,2022-11-01,seasonal_change,cv,9,430102.0,402677.80000000005
2022-12-01,2022-11-01,seasonal_naive,cv,9,430102.0,421184.0
2022-12-01,2022-11-01,seasonal_residual_change,cv,9,430102.0,405783.85403748765
2022-12-01,2022-11-01,seasonal_ridge_change,cv,9,430102.0,419596.94348240714
2022-12-01,2022-11-01,selected_padd_models,cv,9,430102.0,406048.061766442
2022-12-01,2022-11-01,spline_ridge_change,cv,9,430102.0,419565.24649802095
2022-12-01,2022-11-01,xgboost_change,cv,9,430102.0,411580.57470703125
2023-01-01,2022-12-01,constrained_level,cv,9,459159.0,434000.23292405484
2023-01-01,2022-12-01,damped_ridge_change,cv,9,459159.0,433318.74706957384
2023-01-01,2022-12-01,ensemble_change,cv,9,459159.0,437118.8304233494
2023-01-01,2022-12-01,forecast_flow_identity,cv,9,459159.0,426527.587945156
2023-01-01,2022-12-01,huber_change,cv,9,459159.0,437089.28091844183
2023-01-01,2022-12-01,neural_network_change,cv,9,459159.0,434018.719904111
2023-01-01,2022-12-01,persistence,cv,9,459159.0,430102.0
2023-01-01,2022-12-01,polynomial_ridge_change,cv,9,459159.0,434160.4992873932
2023-01-01,2022-12-01,random_forest_change,cv,9,459159.0,436639.45035936194
2023-01-01,2022-12-01,ridge_change,cv,9,459159.0,432904.59139046824
2023-01-01,2022-12-01,rolling_ridge_change,cv,9,459159.0,434457.5346899155
2023-01-01,2022-12-01,seasonal_change,cv,9,459159.0,435656.4
2023-01-01,2022-12-01,seasonal_naive,cv,9,459159.0,413714.0
2023-01-01,2022-12-01,seasonal_residual_change,cv,9,459159.0,441000.77354317793
2023-01-01,2022-12-01,seasonal_ridge_change,cv,9,459159.0,436642.5286878827
2023-01-01,2022-12-01,selected_padd_models,cv,9,459159.0,438524.0928243348
2023-01-01,2022-12-01,spline_ridge_change,cv,9,459159.0,437944.6101828184
2023-01-01,2022-12-01,xgboost_change,cv,9,459159.0,431936.8466796875
2023-02-01,2023-01-01,constrained_level,cv,9,472369.0,472709.4954721122
2023-02-01,2023-01-01,damped_ridge_change,cv,9,472369.0,464745.5969019414
2023-02-01,2023-01-01,ensemble_change,cv,9,472369.0,469377.7731233081
2023-02-01,2023-01-01,forecast_flow_identity,cv,9,472369.0,455081.2817015721
2023-02-01,2023-01-01,huber_change,cv,9,472369.0,469081.7648169485
2023-02-01,2023-01-01,neural_network_change,cv,9,472369.0,468908.63320104434
2023-02-01,2023-01-01,persistence,cv,9,472369.0,459159.0
2023-02-01,2023-01-01,polynomial_ridge_change,cv,9,472369.0,467617.98596834333
2023-02-01,2023-01-01,random_forest_change,cv,9,472369.0,469138.83582157944
2023-02-01,2023-01-01,ridge_change,cv,9,472369.0,465690.69573653827
2023-02-01,2023-01-01,rolling_ridge_change,cv,9,472369.0,464905.8774853365
2023-02-01,2023-01-01,seasonal_change,cv,9,472369.0,465461.8
2023-02-01,2023-01-01,seasonal_naive,cv,9,472369.0,408526.0
2023-02-01,2023-01-01,seasonal_residual_change,cv,9,472369.0,474950.0523863847
2023-02-01,2023-01-01,seasonal_ridge_change,cv,9,472369.0,468890.94730123243
2023-02-01,2023-01-01,selected_padd_models,cv,9,472369.0,471969.30404208775
2023-02-01,2023-01-01,spline_ridge_change,cv,9,472369.0,469974.6308804576
2023-02-01,2023-01-01,xgboost_change,cv,9,472369.0,464029.8798828125
2023-03-01,2023-02-01,constrained_level,cv,9,465219.0,474417.7994079682
2023-03-01,2023-02-01,damped_ridge_change,cv,9,465219.0,474483.5585797533
2023-03-01,2023-02-01,ensemble_change,cv,9,465219.0,479397.81769763865
2023-03-01,2023-02-01,forecast_flow_identity,cv,9,465219.0,464490.4536073768
2023-03-01,2023-02-01,huber_change,cv,9,465219.0,474240.50647114817
2023-03-01,2023-02-01,neural_network_change,cv,9,465219.0,477126.4134593082
2023-03-01,2023-02-01,persistence,cv,9,465219.0,472369.0
2023-03-01,2023-02-01,polynomial_ridge_change,cv,9,465219.0,475821.7474906897
2023-03-01,2023-02-01,random_forest_change,cv,9,465219.0,479438.572586212
2023-03-01,2023-02-01,ridge_change,cv,9,465219.0,473372.0760367165
2023-03-01,2023-02-01,rolling_ridge_change,cv,9,465219.0,470819.4225125651
2023-03-01,2023-02-01,seasonal_change,cv,9,465219.0,479164.75
2023-03-01,2023-02-01,seasonal_naive,cv,9,465219.0,414207.0
2023-03-01,2023-02-01,seasonal_residual_change,cv,9,465219.0,476617.9528763225
2023-03-01,2023-02-01,seasonal_ridge_change,cv,9,465219.0,476768.0189037951
2023-03-01,2023-02-01,selected_padd_models,cv,9,465219.0,473961.92898663174
2023-03-01,2023-02-01,spline_ridge_change,cv,9,465219.0,481713.1349829462
2023-03-01,2023-02-01,xgboost_change,cv,9,465219.0,480109.5888671875
2023-04-01,2023-03-01,constrained_level,cv,9,459627.0,460517.3888335082
2023-04-01,2023-03-01,damped_ridge_change,cv,9,459627.0,464831.0699041174
2023-04-01,2023-03-01,ensemble_change,cv,9,459627.0,465443.7897152818
2023-04-01,2023-03-01,forecast_flow_identity,cv,9,459627.0,444262.49552216264
2023-04-01,2023-03-01,huber_change,cv,9,459627.0,461178.3547319168
2023-04-01,2023-03-01,neural_network_change,cv,9,459627.0,464771.3867185135
2023-04-01,2023-03-01,persistence,cv,9,459627.0,465219.0
2023-04-01,2023-03-01,polynomial_ridge_change,cv,9,459627.0,466543.6465525136
2023-04-01,2023-03-01,random_forest_change,cv,9,459627.0,464355.49419416813
2023-04-01,2023-03-01,ridge_change,cv,9,459627.0,463615.22018919105
2023-04-01,2023-03-01,rolling_ridge_change,cv,9,459627.0,461732.22679601086
2023-04-01,2023-03-01,seasonal_change,cv,9,459627.0,468073.25
2023-04-01,2023-03-01,seasonal_naive,cv,9,459627.0,417382.0
2023-04-01,2023-03-01,seasonal_residual_change,cv,9,459627.0,465939.71043401066
2023-04-01,2023-03-01,seasonal_ridge_change,cv,9,459627.0,466214.9783163648
2023-04-01,2023-03-01,selected_padd_models,cv,9,459627.0,463082.52847162064
2023-04-01,2023-03-01,spline_ridge_change,cv,9,459627.0,469661.69807508064
2023-04-01,2023-03-01,xgboost_change,cv,9,459627.0,464984.8193359375
2023-05-01,2023-04-01,constrained_level,cv,9,460643.0,454610.8679400463
2023-05-01,2023-04-01,damped_ridge_change,cv,9,460643.0,458012.811524429
2023-05-01,2023-04-01,ensemble_change,cv,9,460643.0,458193.68914392416
2023-05-01,2023-04-01,forecast_flow_identity,cv,9,460643.0,433040.6359136518
2023-05-01,2023-04-01,huber_change,cv,9,460643.0,453531.34173115366
2023-05-01,2023-04-01,neural_network_change,cv,9,460643.0,455513.03602667234
2023-05-01,2023-04-01,persistence,cv,9,460643.0,459627.0
2023-05-01,2023-04-01,polynomial_ridge_change,cv,9,460643.0,459724.27411544975
2023-05-01,2023-04-01,random_forest_change,cv,9,460643.0,456297.3554275011
2023-05-01,2023-04-01,ridge_change,cv,9,460643.0,457040.2888015732
2023-05-01,2023-04-01,rolling_ridge_change,cv,9,460643.0,455606.7380668008
2023-05-01,2023-04-01,seasonal_change,cv,9,460643.0,457020.8
2023-05-01,2023-04-01,seasonal_naive,cv,9,460643.0,415065.0
2023-05-01,2023-04-01,seasonal_residual_change,cv,9,460643.0,455584.9622313506
2023-05-01,2023-04-01,seasonal_ridge_change,cv,9,460643.0,458543.96380184975
2023-05-01,2023-04-01,selected_padd_models,cv,9,460643.0,453754.19049154833
2023-05-01,2023-04-01,spline_ridge_change,cv,9,460643.0,463162.5481079331
2023-05-01,2023-04-01,xgboost_change,cv,9,460643.0,457749.85791015625
2023-06-01,2023-05-01,constrained_level,cv,9,454715.0,459459.597963959
2023-06-01,2023-05-01,damped_ridge_change,cv,9,454715.0,458828.94219735614
2023-06-01,2023-05-01,ensemble_change,cv,9,454715.0,456917.44044839306
2023-06-01,2023-05-01,forecast_flow_identity,cv,9,454715.0,421520.01506804314
2023-06-01,2023-05-01,huber_change,cv,9,454715.0,453391.95571070054
2023-06-01,2023-05-01,neural_network_change,cv,9,454715.0,456158.3797389129
2023-06-01,2023-05-01,persistence,cv,9,454715.0,460643.0
2023-06-01,2023-05-01,polynomial_ridge_change,cv,9,454715.0,459553.01389812806
2023-06-01,2023-05-01,random_forest_change,cv,9,454715.0,455846.3748033262
2023-06-01,2023-05-01,ridge_change,cv,9,454715.0,460578.13145996607
2023-06-01,2023-05-01,rolling_ridge_change,cv,9,454715.0,454814.59065486304
2023-06-01,2023-05-01,seasonal_change,cv,9,454715.0,445020.4
2023-06-01,2023-05-01,seasonal_naive,cv,9,454715.0,417799.0
2023-06-01,2023-05-01,seasonal_residual_change,cv,9,454715.0,450929.42223546514
2023-06-01,2023-05-01,seasonal_ridge_change,cv,9,454715.0,459377.738604816
2023-06-01,2023-05-01,selected_padd_models,cv,9,454715.0,450948.27389498695
2023-06-01,2023-05-01,spline_ridge_change,cv,9,454715.0,458712.67623630736
2023-06-01,2023-05-01,xgboost_change,cv,9,454715.0,456999.783203125
2023-07-01,2023-06-01,constrained_level,cv,10,439947.0,454481.9971945536
2023-07-01,2023-06-01,damped_ridge_change,cv,10,439947.0,452337.1132292013
2023-07-01,2023-06-01,ensemble_change,cv,10,439947.0,450075.33677075006
2023-07-01,2023-06-01,forecast_flow_identity,cv,10,439947.0,424709.5574180257
2023-07-01,2023-06-01,huber_change,cv,10,439947.0,449706.62185924494
2023-07-01,2023-06-01,neural_network_change,cv,10,439947.0,450382.07467921916
2023-07-01,2023-06-01,persistence,cv,10,439947.0,454715.0
2023-07-01,2023-06-01,polynomial_ridge_change,cv,10,439947.0,453509.5902640904
2023-07-01,2023-06-01,random_forest_change,cv,10,439947.0,448778.2804006079
2023-07-01,2023-06-01,ridge_change,cv,10,439947.0,453990.8480392257
2023-07-01,2023-06-01,rolling_ridge_change,cv,10,439947.0,451724.8546705345
2023-07-01,2023-06-01,seasonal_change,cv,10,439947.0,444994.6
2023-07-01,2023-06-01,seasonal_naive,cv,10,439947.0,424075.0
2023-07-01,2023-06-01,seasonal_residual_change,cv,10,439947.0,448510.8361546862
2023-07-01,2023-06-01,seasonal_ridge_change,cv,10,439947.0,451450.6335346437
2023-07-01,2023-06-01,selected_padd_models,cv,10,439947.0,448435.69000572065
2023-07-01,2023-06-01,spline_ridge_change,cv,10,439947.0,447880.2845547884
2023-07-01,2023-06-01,xgboost_change,cv,10,439947.0,448900.58642578125
2023-08-01,2023-07-01,constrained_level,cv,10,417301.0,440087.1620235884
2023-08-01,2023-07-01,damped_ridge_change,cv,10,417301.0,437500.15160520095
2023-08-01,2023-07-01,ensemble_change,cv,10,417301.0,436430.0257056367
2023-08-01,2023-07-01,forecast_flow_identity,cv,10,417301.0,408678.3490317097
2023-08-01,2023-07-01,huber_change,cv,10,417301.0,434210.9980237094
2023-08-01,2023-07-01,neural_network_change,cv,10,417301.0,436883.65128445573
2023-08-01,2023-07-01,persistence,cv,10,417301.0,439947.0
2023-08-01,2023-07-01,polynomial_ridge_change,cv,10,417301.0,439930.55643534136
2023-08-01,2023-07-01,random_forest_change,cv,10,417301.0,435101.65013194625
2023-08-01,2023-07-01,ridge_change,cv,10,417301.0,439523.5134221886
2023-08-01,2023-07-01,rolling_ridge_change,cv,10,417301.0,436248.25291270495
2023-08-01,2023-07-01,seasonal_change,cv,10,417301.0,428253.60000000003
2023-08-01,2023-07-01,seasonal_naive,cv,10,417301.0,419785.0
2023-08-01,2023-07-01,seasonal_residual_change,cv,10,417301.0,430147.04056770005
2023-08-01,2023-07-01,seasonal_ridge_change,cv,10,417301.0,436341.35392199375
2023-08-01,2023-07-01,selected_padd_models,cv,10,417301.0,430832.4351838695
2023-08-01,2023-07-01,spline_ridge_change,cv,10,417301.0,439005.2968497049
2023-08-01,2023-07-01,xgboost_change,cv,10,417301.0,433810.2099609375
2023-09-01,2023-08-01,constrained_level,cv,10,417865.0,419180.58382997446
2023-09-01,2023-08-01,damped_ridge_change,cv,10,417865.0,416574.8889398867
2023-09-01,2023-08-01,ensemble_change,cv,10,417865.0,417833.9234845437
2023-09-01,2023-08-01,forecast_flow_identity,cv,10,417865.0,399540.1557045295
2023-09-01,2023-08-01,huber_change,cv,10,417865.0,416534.6363862359
2023-09-01,2023-08-01,neural_network_change,cv,10,417865.0,417998.53672023816
2023-09-01,2023-08-01,persistence,cv,10,417865.0,417301.0
2023-09-01,2023-08-01,polynomial_ridge_change,cv,10,417865.0,420383.35920484754
2023-09-01,2023-08-01,random_forest_change,cv,10,417865.0,421302.4766365577
2023-09-01,2023-08-01,ridge_change,cv,10,417865.0,417711.19402617787
2023-09-01,2023-08-01,rolling_ridge_change,cv,10,417865.0,416750.5245008322
2023-09-01,2023-08-01,seasonal_change,cv,10,417865.0,421748.2
2023-09-01,2023-08-01,seasonal_naive,cv,10,417865.0,429000.0
2023-09-01,2023-08-01,seasonal_residual_change,cv,10,417865.0,419213.33264059376
2023-09-01,2023-08-01,seasonal_ridge_change,cv,10,417865.0,415150.7100989873
2023-09-01,2023-08-01,selected_padd_models,cv,10,417865.0,419556.13364171307
2023-09-01,2023-08-01,spline_ridge_change,cv,10,417865.0,418011.72326602286
2023-09-01,2023-08-01,xgboost_change,cv,10,417865.0,423232.921875
2023-10-01,2023-09-01,constrained_level,cv,10,425993.0,423189.0800764517
2023-10-01,2023-09-01,damped_ridge_change,cv,10,425993.0,418925.44180296746
2023-10-01,2023-09-01,ensemble_change,cv,10,425993.0,418976.90620402637
2023-10-01,2023-09-01,forecast_flow_identity,cv,10,425993.0,404822.8300145087
2023-10-01,2023-09-01,huber_change,cv,10,425993.0,421915.77205310535
2023-10-01,2023-09-01,neural_network_change,cv,10,425993.0,420396.208789679
2023-10-01,2023-09-01,persistence,cv,10,425993.0,417865.0
2023-10-01,2023-09-01,polynomial_ridge_change,cv,10,425993.0,420481.0417192588
2023-10-01,2023-09-01,random_forest_change,cv,10,425993.0,419942.117741307
2023-10-01,2023-09-01,ridge_change,cv,10,425993.0,420609.5741290634
2023-10-01,2023-09-01,rolling_ridge_change,cv,10,425993.0,419105.4466005758
2023-10-01,2023-09-01,seasonal_change,cv,10,425993.0,428252.0
2023-10-01,2023-09-01,seasonal_naive,cv,10,425993.0,439678.0
2023-10-01,2023-09-01,seasonal_residual_change,cv,10,425993.0,425012.8073043475
2023-10-01,2023-09-01,seasonal_ridge_change,cv,10,425993.0,418926.44989424525
2023-10-01,2023-09-01,selected_padd_models,cv,10,425993.0,421626.81816756097
2023-10-01,2023-09-01,spline_ridge_change,cv,10,425993.0,418655.1998689728
2023-10-01,2023-09-01,xgboost_change,cv,10,425993.0,419894.205078125
2023-11-01,2023-10-01,constrained_level,cv,10,441838.0,432812.1738855727
2023-11-01,2023-10-01,damped_ridge_change,cv,10,441838.0,428642.96147824044
2023-11-01,2023-10-01,ensemble_change,cv,10,441838.0,427337.9710216375
2023-11-01,2023-10-01,forecast_flow_identity,cv,10,441838.0,400941.5490080471
2023-11-01,2023-10-01,huber_change,cv,10,441838.0,433868.15487210196
2023-11-01,2023-10-01,neural_network_change,cv,10,441838.0,429462.0775024944
2023-11-01,2023-10-01,persistence,cv,10,441838.0,425993.0
2023-11-01,2023-10-01,polynomial_ridge_change,cv,10,441838.0,428768.3561821432
2023-11-01,2023-10-01,random_forest_change,cv,10,441838.0,428004.89980097825
2023-11-01,2023-10-01,ridge_change,cv,10,441838.0,429991.3343977869
2023-11-01,2023-10-01,rolling_ridge_change,cv,10,441838.0,430873.12908330315
2023-11-01,2023-10-01,seasonal_change,cv,10,441838.0,423025.8
2023-11-01,2023-10-01,seasonal_naive,cv,10,441838.0,416621.0
2023-11-01,2023-10-01,seasonal_residual_change,cv,10,441838.0,429616.47726395045
2023-11-01,2023-10-01,seasonal_ridge_change,cv,10,441838.0,429591.63562303834
2023-11-01,2023-10-01,selected_padd_models,cv,10,441838.0,426191.70800682093
2023-11-01,2023-10-01,spline_ridge_change,cv,10,441838.0,421772.48240083986
2023-11-01,2023-10-01,xgboost_change,cv,10,441838.0,430070.9794921875
2023-12-01,2023-11-01,constrained_level,cv,10,426491.0,449524.8160416668
2023-12-01,2023-11-01,damped_ridge_change,cv,10,426491.0,445498.11231425946
2023-12-01,2023-11-01,ensemble_change,cv,10,426491.0,442635.79183858825
2023-12-01,2023-11-01,forecast_flow_identity,cv,10,426491.0,409834.5380210314
2023-12-01,2023-11-01,huber_change,cv,10,426491.0,452730.6161784055
2023-12-01,2023-11-01,neural_network_change,cv,10,426491.0,447668.8947035701
2023-12-01,2023-11-01,persistence,cv,10,426491.0,441838.0
2023-12-01,2023-11-01,polynomial_ridge_change,cv,10,426491.0,445352.3371276406
2023-12-01,2023-11-01,random_forest_change,cv,10,426491.0,439362.5778153889
2023-12-01,2023-11-01,ridge_change,cv,10,426491.0,445227.1293265099
2023-12-01,2023-11-01,rolling_ridge_change,cv,10,426491.0,446311.8363887564
2023-12-01,2023-11-01,seasonal_change,cv,10,426491.0,431813.4
2023-12-01,2023-11-01,seasonal_naive,cv,10,426491.0,430102.0
2023-12-01,2023-11-01,seasonal_residual_change,cv,10,426491.0,439532.39877795643
2023-12-01,2023-11-01,seasonal_ridge_change,cv,10,426491.0,447274.0046757638
2023-12-01,2023-11-01,selected_padd_models,cv,10,426491.0,437702.6014771916
2023-12-01,2023-11-01,spline_ridge_change,cv,10,426491.0,442151.88035000704
2023-12-01,2023-11-01,xgboost_change,cv,10,426491.0,436129.3203125
2024-01-01,2023-12-01,constrained_level,cv,10,428155.0,428602.80999276816
2024-01-01,2023-12-01,damped_ridge_change,cv,10,428155.0,429767.11034592835
2024-01-01,2023-12-01,ensemble_change,cv,10,428155.0,435339.91443434707
2024-01-01,2023-12-01,forecast_flow_identity,cv,10,428155.0,417879.60850252863
2024-01-01,2023-12-01,huber_change,cv,10,428155.0,436456.01599213685
2024-01-01,2023-12-01,neural_network_change,cv,10,428155.0,435044.3450009004
2024-01-01,2023-12-01,persistence,cv,10,428155.0,426491.0
2024-01-01,2023-12-01,polynomial_ridge_change,cv,10,428155.0,433249.4419883259
2024-01-01,2023-12-01,random_forest_change,cv,10,428155.0,436438.2114737156
2024-01-01,2023-12-01,ridge_change,cv,10,428155.0,427738.78488115
2024-01-01,2023-12-01,rolling_ridge_change,cv,10,428155.0,433827.7239871147
2024-01-01,2023-12-01,seasonal_change,cv,10,428155.0,433421.6
2024-01-01,2023-12-01,seasonal_naive,cv,10,428155.0,459159.0
2024-01-01,2023-12-01,seasonal_residual_change,cv,10,428155.0,436969.89104633074
2024-01-01,2023-12-01,seasonal_ridge_change,cv,10,428155.0,432530.69223992183
2024-01-01,2023-12-01,selected_padd_models,cv,10,428155.0,434526.3362652653
2024-01-01,2023-12-01,spline_ridge_change,cv,10,428155.0,435390.93567424885
2024-01-01,2023-12-01,xgboost_change,cv,10,428155.0,437493.14501953125
2024-02-01,2024-01-01,constrained_level,cv,10,448337.0,432620.19116425805
2024-02-01,2024-01-01,damped_ridge_change,cv,10,448337.0,431025.0577880639
2024-02-01,2024-01-01,ensemble_change,cv,10,448337.0,434384.07282661024
2024-02-01,2024-01-01,forecast_flow_identity,cv,10,448337.0,415872.3126924505
2024-02-01,2024-01-01,huber_change,cv,10,448337.0,436730.85605026956
2024-02-01,2024-01-01,neural_network_change,cv,10,448337.0,435629.3071533624
2024-02-01,2024-01-01,persistence,cv,10,448337.0,428155.0
2024-02-01,2024-01-01,polynomial_ridge_change,cv,10,448337.0,430853.439087689
2024-02-01,2024-01-01,random_forest_change,cv,10,448337.0,434405.39705836284
2024-02-01,2024-01-01,ridge_change,cv,10,448337.0,429888.4324311048
2024-02-01,2024-01-01,rolling_ridge_change,cv,10,448337.0,429472.77026844874
2024-02-01,2024-01-01,seasonal_change,cv,10,448337.0,433375.60000000003
2024-02-01,2024-01-01,seasonal_naive,cv,10,448337.0,472369.0
2024-02-01,2024-01-01,seasonal_residual_change,cv,10,448337.0,436288.87637160846
2024-02-01,2024-01-01,seasonal_ridge_change,cv,10,448337.0,433256.658322434
2024-02-01,2024-01-01,selected_padd_models,cv,10,448337.0,436186.69867179834
2024-02-01,2024-01-01,spline_ridge_change,cv,10,448337.0,435444.89320910576
2024-02-01,2024-01-01,xgboost_change,cv,10,448337.0,434134.08203125
2024-03-01,2024-02-01,constrained_level,cv,10,447754.0,459398.7257071674
2024-03-01,2024-02-01,damped_ridge_change,cv,10,447754.0,453792.37665282225
2024-03-01,2024-02-01,ensemble_change,cv,10,447754.0,456177.6798101048
2024-03-01,2024-02-01,forecast_flow_identity,cv,10,447754.0,429872.86490114196
2024-03-01,2024-02-01,huber_change,cv,10,447754.0,459709.24115364335
2024-03-01,2024-02-01,neural_network_change,cv,10,447754.0,458005.4836564588
2024-03-01,2024-02-01,persistence,cv,10,447754.0,448337.0
2024-03-01,2024-02-01,polynomial_ridge_change,cv,10,447754.0,453633.20378552674
2024-03-01,2024-02-01,random_forest_change,cv,10,447754.0,453878.5373568584
2024-03-01,2024-02-01,ridge_change,cv,10,447754.0,454070.51738753775
2024-03-01,2024-02-01,rolling_ridge_change,cv,10,447754.0,449563.78976979293
2024-03-01,2024-02-01,seasonal_change,cv,10,447754.0,450051.25
2024-03-01,2024-02-01,seasonal_naive,cv,10,447754.0,465219.0
2024-03-01,2024-02-01,seasonal_residual_change,cv,10,447754.0,454387.93091010547
2024-03-01,2024-02-01,seasonal_ridge_change,cv,10,447754.0,456088.9039646086
2024-03-01,2024-02-01,selected_padd_models,cv,10,447754.0,451252.1962533724
2024-03-01,2024-02-01,spline_ridge_change,cv,10,447754.0,453632.9494354236
2024-03-01,2024-02-01,xgboost_change,cv,10,447754.0,449994.5908203125
2024-04-01,2024-03-01,constrained_level,cv,10,464600.0,450411.78669429146
2024-04-01,2024-03-01,damped_ridge_change,cv,10,464600.0,450076.03056167375
2024-04-01,2024-03-01,ensemble_change,cv,10,464600.0,449734.8141493186
2024-04-01,2024-03-01,forecast_flow_identity,cv,10,464600.0,427037.8582777784
2024-04-01,2024-03-01,huber_change,cv,10,464600.0,451956.5538443928
2024-04-01,2024-03-01,neural_network_change,cv,10,464600.0,451097.3053690493
2024-04-01,2024-03-01,persistence,cv,10,464600.0,447754.0
2024-04-01,2024-03-01,polynomial_ridge_change,cv,10,464600.0,449883.6374434711
2024-04-01,2024-03-01,random_forest_change,cv,10,464600.0,447266.1729033553
2024-04-01,2024-03-01,ridge_change,cv,10,464600.0,450796.6652128284
2024-04-01,2024-03-01,rolling_ridge_change,cv,10,464600.0,448334.5531479427
2024-04-01,2024-03-01,seasonal_change,cv,10,464600.0,452787.5
2024-04-01,2024-03-01,seasonal_naive,cv,10,464600.0,459627.0
2024-04-01,2024-03-01,seasonal_residual_change,cv,10,464600.0,453384.0548225593
2024-04-01,2024-03-01,seasonal_ridge_change,cv,10,464600.0,451482.3719331275
2024-04-01,2024-03-01,selected_padd_models,cv,10,464600.0,451315.76637091645
2024-04-01,2024-03-01,spline_ridge_change,cv,10,464600.0,451062.8750415239
2024-04-01,2024-03-01,xgboost_change,cv,10,464600.0,446238.7099609375
2024-05-01,2024-04-01,constrained_level,cv,10,455026.0,472988.63554206555
2024-05-01,2024-04-01,damped_ridge_change,cv,10,455026.0,466951.24867514666
2024-05-01,2024-04-01,ensemble_change,cv,10,455026.0,465626.3645761137
2024-05-01,2024-04-01,forecast_flow_identity,cv,10,455026.0,439521.3399956226
2024-05-01,2024-04-01,huber_change,cv,10,455026.0,467987.07114920736
2024-05-01,2024-04-01,neural_network_change,cv,10,455026.0,465705.6617279941
2024-05-01,2024-04-01,persistence,cv,10,455026.0,464600.0
2024-05-01,2024-04-01,polynomial_ridge_change,cv,10,455026.0,466323.4641964968
2024-05-01,2024-04-01,random_forest_change,cv,10,455026.0,464674.4179803393
2024-05-01,2024-04-01,ridge_change,cv,10,455026.0,469788.6034437509
2024-05-01,2024-04-01,rolling_ridge_change,cv,10,455026.0,460583.13527699484
2024-05-01,2024-04-01,seasonal_change,cv,10,455026.0,463692.6
2024-05-01,2024-04-01,seasonal_naive,cv,10,455026.0,460643.0
2024-05-01,2024-04-01,seasonal_residual_change,cv,10,455026.0,464913.5128932359
2024-05-01,2024-04-01,seasonal_ridge_change,cv,10,455026.0,467384.3272862964
2024-05-01,2024-04-01,selected_padd_models,cv,10,455026.0,463916.2377008541
2024-05-01,2024-04-01,spline_ridge_change,cv,10,455026.0,467282.1738582839
2024-05-01,2024-04-01,xgboost_change,cv,10,455026.0,462832.0732421875
2024-06-01,2024-05-01,constrained_level,cv,10,440482.0,455123.0342803967
2024-06-01,2024-05-01,damped_ridge_change,cv,10,440482.0,454607.5824840109
2024-06-01,2024-05-01,ensemble_change,cv,10,440482.0,450104.3611033801
2024-06-01,2024-05-01,forecast_flow_identity,cv,10,440482.0,419550.6443086203
2024-06-01,2024-05-01,huber_change,cv,10,440482.0,451852.60337944486
2024-06-01,2024-05-01,neural_network_change,cv,10,440482.0,452077.34839562717
2024-06-01,2024-05-01,persistence,cv,10,440482.0,455026.0
2024-06-01,2024-05-01,polynomial_ridge_change,cv,10,440482.0,453236.39271151053
2024-06-01,2024-05-01,random_forest_change,cv,10,440482.0,448973.38293049793
2024-06-01,2024-05-01,ridge_change,cv,10,440482.0,456430.21121604985
2024-06-01,2024-05-01,rolling_ridge_change,cv,10,440482.0,450285.60768743465
2024-06-01,2024-05-01,seasonal_change,cv,10,440482.0,441268.0
2024-06-01,2024-05-01,seasonal_naive,cv,10,440482.0,454715.0
2024-06-01,2024-05-01,seasonal_residual_change,cv,10,440482.0,446057.9844002538
2024-06-01,2024-05-01,seasonal_ridge_change,cv,10,440482.0,453139.4761202005
2024-06-01,2024-05-01,selected_padd_models,cv,10,440482.0,446656.70172739855
2024-06-01,2024-05-01,spline_ridge_change,cv,10,440482.0,450505.9135781756
2024-06-01,2024-05-01,xgboost_change,cv,10,440482.0,448459.66748046875
2024-07-01,2024-06-01,constrained_level,holdout,0,427672.0,439668.8159483863
2024-07-01,2024-06-01,damped_ridge_change,holdout,0,427672.0,438455.0357583716
2024-07-01,2024-06-01,ensemble_change,holdout,0,427672.0,434152.31211928406
2024-07-01,2024-06-01,forecast_flow_identity,holdout,0,427672.0,413630.9503801342
2024-07-01,2024-06-01,huber_change,holdout,0,427672.0,435195.3446030464
2024-07-01,2024-06-01,neural_network_change,holdout,0,427672.0,435921.58258447517
2024-07-01,2024-06-01,persistence,holdout,0,427672.0,440482.0
2024-07-01,2024-06-01,polynomial_ridge_change,holdout,0,427672.0,438414.45672222215
2024-07-01,2024-06-01,random_forest_change,holdout,0,427672.0,430578.7907109104
2024-07-01,2024-06-01,ridge_change,holdout,0,427672.0,440070.7757810885
2024-07-01,2024-06-01,rolling_ridge_change,holdout,0,427672.0,438244.3089911061
2024-07-01,2024-06-01,seasonal_change,holdout,0,427672.0,431437.2
2024-07-01,2024-06-01,seasonal_naive,holdout,0,427672.0,439947.0
2024-07-01,2024-06-01,seasonal_residual_change,holdout,0,427672.0,435896.20657238556
2024-07-01,2024-06-01,seasonal_ridge_change,holdout,0,427672.0,436477.1957580203
2024-07-01,2024-06-01,selected_padd_models,holdout,0,427672.0,437278.1163655432
2024-07-01,2024-06-01,spline_ridge_change,holdout,0,427672.0,434772.4428515047
2024-07-01,2024-06-01,xgboost_change,holdout,0,427672.0,431009.65185546875
2024-08-01,2024-07-01,constrained_level,holdout,0,417661.0,427744.7389775741
2024-08-01,2024-07-01,damped_ridge_change,holdout,0,417661.0,425676.0432988435
2024-08-01,2024-07-01,ensemble_change,holdout,0,417661.0,425872.51888209034
2024-08-01,2024-07-01,forecast_flow_identity,holdout,0,417661.0,399735.48672618624
2024-08-01,2024-07-01,huber_change,holdout,0,417661.0,423187.81199901114
2024-08-01,2024-07-01,neural_network_change,holdout,0,417661.0,425293.1961567148
2024-08-01,2024-07-01,persistence,holdout,0,417661.0,427672.0
2024-08-01,2024-07-01,polynomial_ridge_change,holdout,0,417661.0,428226.83696868824
2024-08-01,2024-07-01,random_forest_change,holdout,0,417661.0,427157.240350061
2024-08-01,2024-07-01,ridge_change,holdout,0,417661.0,426936.2598335297
2024-08-01,2024-07-01,rolling_ridge_change,holdout,0,417661.0,429319.735997405
2024-08-01,2024-07-01,seasonal_change,holdout,0,417661.0,416135.2
2024-08-01,2024-07-01,seasonal_naive,holdout,0,417661.0,417301.0
2024-08-01,2024-07-01,seasonal_residual_change,holdout,0,417661.0,419750.9904196396
2024-08-01,2024-07-01,seasonal_ridge_change,holdout,0,417661.0,423526.75274992036
2024-08-01,2024-07-01,selected_padd_models,holdout,0,417661.0,419833.0056456329
2024-08-01,2024-07-01,spline_ridge_change,holdout,0,417661.0,427015.83103966166
2024-08-01,2024-07-01,xgboost_change,holdout,0,417661.0,428825.6513671875
2024-09-01,2024-08-01,constrained_level,holdout,0,415151.0,420674.2342594463
2024-09-01,2024-08-01,damped_ridge_change,holdout,0,415151.0,415994.3219989723
2024-09-01,2024-08-01,ensemble_change,holdout,0,415151.0,417856.56707998156
2024-09-01,2024-08-01,forecast_flow_identity,holdout,0,415151.0,403721.86975491175
2024-09-01,2024-08-01,huber_change,holdout,0,415151.0,416209.822197592
2024-09-01,2024-08-01,neural_network_change,holdout,0,415151.0,417607.4163442416
2024-09-01,2024-08-01,persistence,holdout,0,415151.0,417661.0
2024-09-01,2024-08-01,polynomial_ridge_change,holdout,0,415151.0,417691.86677684064
2024-09-01,2024-08-01,random_forest_change,holdout,0,415151.0,419337.26158119325
2024-09-01,2024-08-01,ridge_change,holdout,0,415151.0,416601.8062911801
2024-09-01,2024-08-01,rolling_ridge_change,holdout,0,415151.0,418283.8284960894
2024-09-01,2024-08-01,seasonal_change,holdout,0,415151.0,420299.8
2024-09-01,2024-08-01,seasonal_naive,holdout,0,415151.0,417865.0
2024-09-01,2024-08-01,seasonal_residual_change,holdout,0,415151.0,419045.79329424846
2024-09-01,2024-08-01,seasonal_ridge_change,holdout,0,415151.0,414655.14505577506
2024-09-01,2024-08-01,selected_padd_models,holdout,0,415151.0,420135.50417564507
2024-09-01,2024-08-01,spline_ridge_change,holdout,0,415151.0,418966.8075787133
2024-09-01,2024-08-01,xgboost_change,holdout,0,415151.0,424747.33251953125
2024-10-01,2024-09-01,constrained_level,holdout,0,423765.0,419179.4579544018
2024-10-01,2024-09-01,damped_ridge_change,holdout,0,423765.0,415151.5495514287
2024-10-01,2024-09-01,ensemble_change,holdout,0,423765.0,417883.1843164082
2024-10-01,2024-09-01,forecast_flow_identity,holdout,0,423765.0,412472.0982509559
2024-10-01,2024-09-01,huber_change,holdout,0,423765.0,418885.8426281369
2024-10-01,2024-09-01,neural_network_change,holdout,0,423765.0,417245.57484674983
2024-10-01,2024-09-01,persistence,holdout,0,423765.0,415151.0
2024-10-01,2024-09-01,polynomial_ridge_change,holdout,0,423765.0,416651.39035037777
2024-10-01,2024-09-01,random_forest_change,holdout,0,423765.0,422321.90366219066
2024-10-01,2024-09-01,ridge_change,holdout,0,423765.0,415831.8540422007
2024-10-01,2024-09-01,rolling_ridge_change,holdout,0,423765.0,419036.37689615495
2024-10-01,2024-09-01,seasonal_change,holdout,0,423765.0,429135.0
2024-10-01,2024-09-01,seasonal_naive,holdout,0,423765.0,425993.0
2024-10-01,2024-09-01,seasonal_residual_change,holdout,0,423765.0,426116.8204563622
2024-10-01,2024-09-01,seasonal_ridge_change,holdout,0,423765.0,414748.8130115485
2024-10-01,2024-09-01,selected_padd_models,holdout,0,423765.0,425209.039174584
2024-10-01,2024-09-01,spline_ridge_change,holdout,0,423765.0,416572.72950135893
2024-10-01,2024-09-01,xgboost_change,holdout,0,423765.0,424133.14794921875
2024-11-01,2024-10-01,constrained_level,holdout,0,421225.0,431343.5558428571
2024-11-01,2024-10-01,damped_ridge_change,holdout,0,421225.0,426488.60165517963
2024-11-01,2024-10-01,ensemble_change,holdout,0,421225.0,426083.4188089143
2024-11-01,2024-10-01,forecast_flow_identity,holdout,0,421225.0,410841.3471974097
2024-11-01,2024-10-01,huber_change,holdout,0,421225.0,432992.5847057059
2024-11-01,2024-10-01,neural_network_change,holdout,0,421225.0,427499.3243732543
2024-11-01,2024-10-01,persistence,holdout,0,421225.0,423765.0
2024-11-01,2024-10-01,polynomial_ridge_change,holdout,0,421225.0,426025.26998597203
2024-11-01,2024-10-01,random_forest_change,holdout,0,421225.0,429286.5883171815
2024-11-01,2024-10-01,ridge_change,holdout,0,421225.0,427369.3110535893
2024-11-01,2024-10-01,rolling_ridge_change,holdout,0,421225.0,426336.1871630992
2024-11-01,2024-10-01,seasonal_change,holdout,0,421225.0,425302.2
2024-11-01,2024-10-01,seasonal_naive,holdout,0,421225.0,441838.0
2024-11-01,2024-10-01,seasonal_residual_change,holdout,0,421225.0,428363.9479436527
2024-11-01,2024-10-01,seasonal_ridge_change,holdout,0,421225.0,427297.7929444803
2024-11-01,2024-10-01,selected_padd_models,holdout,0,421225.0,425851.7087083964
2024-11-01,2024-10-01,spline_ridge_change,holdout,0,421225.0,422402.4956591704
2024-11-01,2024-10-01,xgboost_change,holdout,0,421225.0,426472.44775390625
2024-12-01,2024-11-01,constrained_level,holdout,0,413380.0,423472.8153031666
2024-12-01,2024-11-01,damped_ridge_change,holdout,0,413380.0,423675.3059120982
2024-12-01,2024-11-01,ensemble_change,holdout,0,413380.0,422270.75793290813
2024-12-01,2024-11-01,forecast_flow_identity,holdout,0,413380.0,400873.49279596936
2024-12-01,2024-11-01,huber_change,holdout,0,413380.0,430809.95226928074
2024-12-01,2024-11-01,neural_network_change,holdout,0,413380.0,425943.16201266454
2024-12-01,2024-11-01,persistence,holdout,0,413380.0,421225.0
2024-12-01,2024-11-01,polynomial_ridge_change,holdout,0,413380.0,424641.4405164295
2024-12-01,2024-11-01,random_forest_change,holdout,0,413380.0,419532.50970023155
2024-12-01,2024-11-01,ridge_change,holdout,0,413380.0,421585.3962171882
2024-12-01,2024-11-01,rolling_ridge_change,holdout,0,413380.0,429523.5238195216
2024-12-01,2024-11-01,seasonal_change,holdout,0,413380.0,414412.6
2024-12-01,2024-11-01,seasonal_naive,holdout,0,413380.0,426491.0
2024-12-01,2024-11-01,seasonal_residual_change,holdout,0,413380.0,416884.0156537911
2024-12-01,2024-11-01,seasonal_ridge_change,holdout,0,413380.0,425253.1499996954
2024-12-01,2024-11-01,selected_padd_models,holdout,0,413380.0,415181.9121966786
2024-12-01,2024-11-01,spline_ridge_change,holdout,0,413380.0,421613.7103214882
2024-12-01,2024-11-01,xgboost_change,holdout,0,413380.0,422007.3525390625
2025-01-01,2024-12-01,constrained_level,holdout,0,419021.0,414729.74993233255
2025-01-01,2024-12-01,damped_ridge_change,holdout,0,419021.0,415766.15664497716
2025-01-01,2024-12-01,ensemble_change,holdout,0,419021.0,421044.96645886614
2025-01-01,2024-12-01,forecast_flow_identity,holdout,0,419021.0,415711.1025261422
2025-01-01,2024-12-01,huber_change,holdout,0,419021.0,424101.29135924124
2025-01-01,2024-12-01,neural_network_change,holdout,0,419021.0,418586.2684037258
2025-01-01,2024-12-01,persistence,holdout,0,419021.0,413380.0
2025-01-01,2024-12-01,polynomial_ridge_change,holdout,0,419021.0,415994.47413523385
2025-01-01,2024-12-01,random_forest_change,holdout,0,419021.0,423197.6358670698
2025-01-01,2024-12-01,ridge_change,holdout,0,419021.0,412747.3689374678
2025-01-01,2024-12-01,rolling_ridge_change,holdout,0,419021.0,425237.5656165345
2025-01-01,2024-12-01,seasonal_change,holdout,0,419021.0,420820.6
2025-01-01,2024-12-01,seasonal_naive,holdout,0,419021.0,428155.0
2025-01-01,2024-12-01,seasonal_residual_change,holdout,0,419021.0,421677.2164310343
2025-01-01,2024-12-01,seasonal_ridge_change,holdout,0,419021.0,417748.94856832386
2025-01-01,2024-12-01,selected_padd_models,holdout,0,419021.0,420444.9239674082
2025-01-01,2024-12-01,spline_ridge_change,holdout,0,419021.0,417071.47174185456
2025-01-01,2024-12-01,xgboost_change,holdout,0,419021.0,427232.978515625
2025-02-01,2025-01-01,constrained_level,holdout,0,430016.0,422483.82195174764
2025-02-01,2025-01-01,damped_ridge_change,holdout,0,430016.0,421516.1680913643
2025-02-01,2025-01-01,ensemble_change,holdout,0,430016.0,425480.37122986134
2025-02-01,2025-01-01,forecast_flow_identity,holdout,0,430016.0,420827.5805259504
2025-02-01,2025-01-01,huber_change,holdout,0,430016.0,426542.8734451175
2025-02-01,2025-01-01,neural_network_change,holdout,0,430016.0,425424.2250173252
2025-02-01,2025-01-01,persistence,holdout,0,430016.0,419021.0
2025-02-01,2025-01-01,polynomial_ridge_change,holdout,0,430016.0,421908.3148177569
2025-02-01,2025-01-01,random_forest_change,holdout,0,430016.0,426209.4422734147
2025-02-01,2025-01-01,ridge_change,holdout,0,430016.0,419717.0642357767
2025-02-01,2025-01-01,rolling_ridge_change,holdout,0,430016.0,425342.317566899
2025-02-01,2025-01-01,seasonal_change,holdout,0,430016.0,427661.39999999997
2025-02-01,2025-01-01,seasonal_naive,holdout,0,430016.0,448337.0
2025-02-01,2025-01-01,seasonal_residual_change,holdout,0,430016.0,427140.7197266667
2025-02-01,2025-01-01,seasonal_ridge_change,holdout,0,430016.0,423583.45881159813
2025-02-01,2025-01-01,selected_padd_models,holdout,0,430016.0,425383.06207983627
2025-02-01,2025-01-01,spline_ridge_change,holdout,0,430016.0,425708.15455049026
2025-02-01,2025-01-01,xgboost_change,holdout,0,430016.0,426990.9580078125
2025-03-01,2025-02-01,constrained_level,holdout,0,432168.0,437900.93947145785
2025-03-01,2025-02-01,damped_ridge_change,holdout,0,432168.0,433393.1684602535
2025-03-01,2025-02-01,ensemble_change,holdout,0,432168.0,437884.64981288224
2025-03-01,2025-02-01,forecast_flow_identity,holdout,0,432168.0,422399.18781572883
2025-03-01,2025-02-01,huber_change,holdout,0,432168.0,438730.63347060414
2025-03-01,2025-02-01,neural_network_change,holdout,0,432168.0,439701.3399433598
2025-03-01,2025-02-01,persistence,holdout,0,432168.0,430016.0
2025-03-01,2025-02-01,polynomial_ridge_change,holdout,0,432168.0,433808.525241659
2025-03-01,2025-02-01,random_forest_change,holdout,0,432168.0,438008.6097034342
2025-03-01,2025-02-01,ridge_change,holdout,0,432168.0,433302.5486153761
2025-03-01,2025-02-01,rolling_ridge_change,holdout,0,432168.0,433797.9049213932
2025-03-01,2025-02-01,seasonal_change,holdout,0,432168.0,431310.5
2025-03-01,2025-02-01,seasonal_naive,holdout,0,432168.0,447754.0
2025-03-01,2025-02-01,seasonal_residual_change,holdout,0,432168.0,434829.8642597094
2025-03-01,2025-02-01,seasonal_ridge_change,holdout,0,432168.0,435741.75869936234
2025-03-01,2025-02-01,selected_padd_models,holdout,0,432168.0,434748.2505299654
2025-03-01,2025-02-01,spline_ridge_change,holdout,0,432168.0,437855.3481960491
2025-03-01,2025-02-01,xgboost_change,holdout,0,432168.0,437330.9677734375
2025-04-01,2025-03-01,constrained_level,holdout,0,435430.0,436962.4701437195
2025-04-01,2025-03-01,damped_ridge_change,holdout,0,435430.0,434095.9299620817
2025-04-01,2025-03-01,ensemble_change,holdout,0,435430.0,434069.8415097945
2025-04-01,2025-03-01,forecast_flow_identity,holdout,0,435430.0,428614.1968996546
2025-04-01,2025-03-01,huber_change,holdout,0,435430.0,438292.0304063491
2025-04-01,2025-03-01,neural_network_change,holdout,0,435430.0,436742.26739443827
2025-04-01,2025-03-01,persistence,holdout,0,435430.0,432168.0
2025-04-01,2025-03-01,polynomial_ridge_change,holdout,0,435430.0,432470.2361518841
2025-04-01,2025-03-01,random_forest_change,holdout,0,435430.0,434366.3799363295
2025-04-01,2025-03-01,ridge_change,holdout,0,435430.0,434510.8409441041
2025-04-01,2025-03-01,rolling_ridge_change,holdout,0,435430.0,435449.7485748673
2025-04-01,2025-03-01,seasonal_change,holdout,0,435430.0,438503.25
2025-04-01,2025-03-01,seasonal_naive,holdout,0,435430.0,464600.0
2025-04-01,2025-03-01,seasonal_residual_change,holdout,0,435430.0,439762.1655811379
2025-04-01,2025-03-01,seasonal_ridge_change,holdout,0,435430.0,434830.84165488044
2025-04-01,2025-03-01,selected_padd_models,holdout,0,435430.0,439009.0742569654
2025-04-01,2025-03-01,spline_ridge_change,holdout,0,435430.0,434195.19126897544
2025-04-01,2025-03-01,xgboost_change,holdout,0,435430.0,430578.53173828125
2025-05-01,2025-04-01,constrained_level,holdout,0,431108.0,441086.36694057833
2025-05-01,2025-04-01,damped_ridge_change,holdout,0,431108.0,436123.5495479576
2025-05-01,2025-04-01,ensemble_change,holdout,0,431108.0,434237.44329033646
2025-05-01,2025-04-01,forecast_flow_identity,holdout,0,431108.0,426485.9621011588
2025-05-01,2025-04-01,huber_change,holdout,0,431108.0,438411.117588202
2025-05-01,2025-04-01,neural_network_change,holdout,0,431108.0,435024.97724996763
2025-05-01,2025-04-01,persistence,holdout,0,431108.0,435430.0
2025-05-01,2025-04-01,polynomial_ridge_change,holdout,0,431108.0,434181.1689642113
2025-05-01,2025-04-01,random_forest_change,holdout,0,431108.0,430663.05625806306
2025-05-01,2025-04-01,ridge_change,holdout,0,431108.0,437250.6517442834
2025-05-01,2025-04-01,rolling_ridge_change,holdout,0,431108.0,438199.07792177034
2025-05-01,2025-04-01,seasonal_change,holdout,0,431108.0,433084.0
2025-05-01,2025-04-01,seasonal_naive,holdout,0,431108.0,455026.0
2025-05-01,2025-04-01,seasonal_residual_change,holdout,0,431108.0,433011.79999275604
2025-05-01,2025-04-01,seasonal_ridge_change,holdout,0,431108.0,435829.7789401856
2025-05-01,2025-04-01,selected_padd_models,holdout,0,431108.0,432335.72144497436
2025-05-01,2025-04-01,spline_ridge_change,holdout,0,431108.0,433996.9320591282
2025-05-01,2025-04-01,xgboost_change,holdout,0,431108.0,433456.388671875
2025-06-01,2025-05-01,constrained_level,holdout,0,414250.0,434827.3988559906
2025-06-01,2025-05-01,damped_ridge_change,holdout,0,414250.0,429581.3836399061
2025-06-01,2025-05-01,ensemble_change,holdout,0,414250.0,426571.6867958344
2025-06-01,2025-05-01,forecast_flow_identity,holdout,0,414250.0,413639.36592635774
2025-06-01,2025-05-01,huber_change,holdout,0,414250.0,428643.5637872728
2025-06-01,2025-05-01,neural_network_change,holdout,0,414250.0,425930.39748660196
2025-06-01,2025-05-01,persistence,holdout,0,414250.0,431108.0
2025-06-01,2025-05-01,polynomial_ridge_change,holdout,0,414250.0,427899.2350511725
2025-06-01,2025-05-01,random_forest_change,holdout,0,414250.0,424994.5746711529
2025-06-01,2025-05-01,ridge_change,holdout,0,414250.0,430711.98745986907
2025-06-01,2025-05-01,rolling_ridge_change,holdout,0,414250.0,433054.8873084488
2025-06-01,2025-05-01,seasonal_change,holdout,0,414250.0,418250.2
2025-06-01,2025-05-01,seasonal_naive,holdout,0,414250.0,440482.0
2025-06-01,2025-05-01,seasonal_residual_change,holdout,0,414250.0,420623.5947664895
2025-06-01,2025-05-01,seasonal_ridge_change,holdout,0,414250.0,428570.7283266397
2025-06-01,2025-05-01,selected_padd_models,holdout,0,414250.0,421366.4834323006
2025-06-01,2025-05-01,spline_ridge_change,holdout,0,414250.0,427365.9289857666
2025-06-01,2025-05-01,xgboost_change,holdout,0,414250.0,429654.2724609375
2025-07-01,2025-06-01,constrained_level,holdout,0,420169.0,416258.88772028545
2025-07-01,2025-06-01,damped_ridge_change,holdout,0,420169.0,411243.88044788386
2025-07-01,2025-06-01,ensemble_change,holdout,0,420169.0,409913.77395327366
2025-07-01,2025-06-01,forecast_flow_identity,holdout,0,420169.0,405130.9827217823
2025-07-01,2025-06-01,huber_change,holdout,0,420169.0,407117.7094789409
2025-07-01,2025-06-01,neural_network_change,holdout,0,420169.0,409178.07310781203
2025-07-01,2025-06-01,persistence,holdout,0,420169.0,414250.0
2025-07-01,2025-06-01,polynomial_ridge_change,holdout,0,420169.0,411153.1224824898
2025-07-01,2025-06-01,random_forest_change,holdout,0,420169.0,410902.5768816703
2025-07-01,2025-06-01,ridge_change,holdout,0,420169.0,413143.1153945229
2025-07-01,2025-06-01,rolling_ridge_change,holdout,0,420169.0,416789.5796304876
2025-07-01,2025-06-01,seasonal_change,holdout,0,420169.0,403745.4
2025-07-01,2025-06-01,seasonal_naive,holdout,0,420169.0,427672.0
2025-07-01,2025-06-01,seasonal_residual_change,holdout,0,420169.0,405069.14571825444
2025-07-01,2025-06-01,seasonal_ridge_change,holdout,0,420169.0,409863.1801659012
2025-07-01,2025-06-01,selected_padd_models,holdout,0,420169.0,405754.0762558771
2025-07-01,2025-06-01,spline_ridge_change,holdout,0,420169.0,409950.30781491706
2025-07-01,2025-06-01,xgboost_change,holdout,0,420169.0,414023.375
2025-08-01,2025-07-01,constrained_level,holdout,0,417294.0,428025.4174148645
2025-08-01,2025-07-01,damped_ridge_change,holdout,0,417294.0,418985.9727404305
2025-08-01,2025-07-01,ensemble_change,holdout,0,417294.0,419200.9433845962
2025-08-01,2025-07-01,forecast_flow_identity,holdout,0,417294.0,412262.15939694893
2025-08-01,2025-07-01,huber_change,holdout,0,417294.0,417616.97958356683
2025-08-01,2025-07-01,neural_network_change,holdout,0,417294.0,420834.1772862128
2025-08-01,2025-07-01,persistence,holdout,0,417294.0,420169.0
2025-08-01,2025-07-01,polynomial_ridge_change,holdout,0,417294.0,420058.4537826242
2025-08-01,2025-07-01,random_forest_change,holdout,0,417294.0,418837.94220364577
2025-08-01,2025-07-01,ridge_change,holdout,0,417294.0,422148.85431006306
2025-08-01,2025-07-01,rolling_ridge_change,holdout,0,417294.0,418127.9138247201
2025-08-01,2025-07-01,seasonal_change,holdout,0,417294.0,407041.6
2025-08-01,2025-07-01,seasonal_naive,holdout,0,417294.0,417661.0
2025-08-01,2025-07-01,seasonal_residual_change,holdout,0,417294.0,413954.6096111278
2025-08-01,2025-07-01,seasonal_ridge_change,holdout,0,417294.0,417936.70738272346
2025-08-01,2025-07-01,selected_padd_models,holdout,0,417294.0,413525.5823190324
2025-08-01,2025-07-01,spline_ridge_change,holdout,0,417294.0,418190.0202764848
2025-08-01,2025-07-01,xgboost_change,holdout,0,417294.0,421557.607421875
2025-09-01,2025-08-01,constrained_level,holdout,0,407764.0,422911.00829139765
2025-09-01,2025-08-01,damped_ridge_change,holdout,0,407764.0,416812.7022836915
2025-09-01,2025-08-01,ensemble_change,holdout,0,407764.0,418968.91486566263
2025-09-01,2025-08-01,forecast_flow_identity,holdout,0,407764.0,421374.8050791904
2025-09-01,2025-08-01,huber_change,holdout,0,407764.0,417338.3487999538
2025-09-01,2025-08-01,neural_network_change,holdout,0,407764.0,420134.5850211693
2025-09-01,2025-08-01,persistence,holdout,0,407764.0,417294.0
2025-09-01,2025-08-01,polynomial_ridge_change,holdout,0,407764.0,419850.16302146646
2025-09-01,2025-08-01,random_forest_change,holdout,0,407764.0,421637.7887858957
2025-09-01,2025-08-01,ridge_change,holdout,0,407764.0,418852.21451231465
2025-09-01,2025-08-01,rolling_ridge_change,holdout,0,407764.0,419861.94215112156
2025-09-01,2025-08-01,seasonal_change,holdout,0,407764.0,417610.6
2025-09-01,2025-08-01,seasonal_naive,holdout,0,407764.0,415151.0
2025-09-01,2025-08-01,seasonal_residual_change,holdout,0,407764.0,418653.44746945606
2025-09-01,2025-08-01,seasonal_ridge_change,holdout,0,407764.0,415781.0029276324
2025-09-01,2025-08-01,selected_padd_models,holdout,0,407764.0,419852.81297766895
2025-09-01,2025-08-01,spline_ridge_change,holdout,0,407764.0,421166.06038011203
2025-09-01,2025-08-01,xgboost_change,holdout,0,407764.0,425315.75341796875
2025-10-01,2025-09-01,constrained_level,holdout,0,420994.0,412381.27180448326
2025-10-01,2025-09-01,damped_ridge_change,holdout,0,420994.0,408132.3205794297
2025-10-01,2025-09-01,ensemble_change,holdout,0,420994.0,410822.7539077817
2025-10-01,2025-09-01,forecast_flow_identity,holdout,0,420994.0,425188.982936485
2025-10-01,2025-09-01,huber_change,holdout,0,420994.0,411424.8253692612
2025-10-01,2025-09-01,neural_network_change,holdout,0,420994.0,410947.5914735696
2025-10-01,2025-09-01,persistence,holdout,0,420994.0,407764.0
2025-10-01,2025-09-01,polynomial_ridge_change,holdout,0,420994.0,410327.9039025165
2025-10-01,2025-09-01,random_forest_change,holdout,0,420994.0,415536.7922871757
2025-10-01,2025-09-01,ridge_change,holdout,0,420994.0,408852.7061661003
2025-10-01,2025-09-01,rolling_ridge_change,holdout,0,420994.0,413422.94405679824
2025-10-01,2025-09-01,seasonal_change,holdout,0,420994.0,420046.0
2025-10-01,2025-09-01,seasonal_naive,holdout,0,420994.0,423765.0
2025-10-01,2025-09-01,seasonal_residual_change,holdout,0,420994.0,418891.229089174
2025-10-01,2025-09-01,seasonal_ridge_change,holdout,0,420994.0,407710.2046288702
2025-10-01,2025-09-01,selected_padd_models,holdout,0,420994.0,418586.61094475666
2025-10-01,2025-09-01,spline_ridge_change,holdout,0,420994.0,410905.1585699495
2025-10-01,2025-09-01,xgboost_change,holdout,0,420994.0,421465.47216796875
2025-11-01,2025-10-01,constrained_level,holdout,0,421287.0,431132.41852106544
2025-11-01,2025-10-01,damped_ridge_change,holdout,0,421287.0,423699.67831393855
2025-11-01,2025-10-01,ensemble_change,holdout,0,421287.0,423789.48929616937
2025-11-01,2025-10-01,forecast_flow_identity,holdout,0,421287.0,426704.4179053489
2025-11-01,2025-10-01,huber_change,holdout,0,421287.0,430378.4638359279
2025-11-01,2025-10-01,neural_network_change,holdout,0,421287.0,423580.958955111
2025-11-01,2025-10-01,persistence,holdout,0,421287.0,420994.0
2025-11-01,2025-10-01,polynomial_ridge_change,holdout,0,421287.0,423527.5891013037
2025-11-01,2025-10-01,random_forest_change,holdout,0,421287.0,427216.23795548175
2025-11-01,2025-10-01,ridge_change,holdout,0,421287.0,424723.5037190405
2025-11-01,2025-10-01,rolling_ridge_change,holdout,0,421287.0,426646.7251613317
2025-11-01,2025-10-01,seasonal_change,holdout,0,421287.0,418909.0
2025-11-01,2025-10-01,seasonal_naive,holdout,0,421287.0,421225.0
2025-11-01,2025-10-01,seasonal_residual_change,holdout,0,421287.0,422856.79543224454
2025-11-01,2025-10-01,seasonal_ridge_change,holdout,0,421287.0,424868.9035224948
2025-11-01,2025-10-01,selected_padd_models,holdout,0,421287.0,418782.67238448624
2025-11-01,2025-10-01,spline_ridge_change,holdout,0,421287.0,420080.4650887366
2025-11-01,2025-10-01,xgboost_change,holdout,0,421287.0,425248.01806640625
2025-12-01,2025-11-01,constrained_level,holdout,0,411171.0,427161.03464305564
2025-12-01,2025-11-01,damped_ridge_change,holdout,0,411171.0,423426.564159938
2025-12-01,2025-11-01,ensemble_change,holdout,0,411171.0,421567.725971733
2025-12-01,2025-11-01,forecast_flow_identity,holdout,0,411171.0,427440.97662097187
2025-12-01,2025-11-01,huber_change,holdout,0,411171.0,428360.3269451366
2025-12-01,2025-11-01,neural_network_change,holdout,0,411171.0,423483.9787636999
2025-12-01,2025-11-01,persistence,holdout,0,411171.0,421287.0
2025-12-01,2025-11-01,polynomial_ridge_change,holdout,0,411171.0,423414.44709840784
2025-12-01,2025-11-01,random_forest_change,holdout,0,411171.0,419390.8978050168
2025-12-01,2025-11-01,ridge_change,holdout,0,411171.0,422410.38217436074
2025-12-01,2025-11-01,rolling_ridge_change,holdout,0,411171.0,426238.2469167812
2025-12-01,2025-11-01,seasonal_change,holdout,0,411171.0,414281.2
2025-12-01,2025-11-01,seasonal_naive,holdout,0,411171.0,413380.0
2025-12-01,2025-11-01,seasonal_residual_change,holdout,0,411171.0,417193.7746598405
2025-12-01,2025-11-01,seasonal_ridge_change,holdout,0,411171.0,425203.7916789728
2025-12-01,2025-11-01,selected_padd_models,holdout,0,411171.0,415611.45332629164
2025-12-01,2025-11-01,spline_ridge_change,holdout,0,411171.0,420844.53064427833
2025-12-01,2025-11-01,xgboost_change,holdout,0,411171.0,423909.685546875
2026-01-01,2025-12-01,constrained_level,holdout,0,406144.0,420790.47178776894
2026-01-01,2025-12-01,damped_ridge_change,holdout,0,406144.0,416477.959841767
2026-01-01,2025-12-01,ensemble_change,holdout,0,406144.0,421938.5199477627
2026-01-01,2025-12-01,forecast_flow_identity,holdout,0,406144.0,438331.77080305055
2026-01-01,2025-12-01,huber_change,holdout,0,406144.0,425883.71854626294
2026-01-01,2025-12-01,neural_network_change,holdout,0,406144.0,424597.0504052061
2026-01-01,2025-12-01,persistence,holdout,0,406144.0,411171.0
2026-01-01,2025-12-01,polynomial_ridge_change,holdout,0,406144.0,418482.6467765689
2026-01-01,2025-12-01,random_forest_change,holdout,0,406144.0,425393.05624930264
2026-01-01,2025-12-01,ridge_change,holdout,0,406144.0,415391.8140052601
2026-01-01,2025-12-01,rolling_ridge_change,holdout,0,406144.0,423394.8126213504
2026-01-01,2025-12-01,seasonal_change,holdout,0,406144.0,418445.60000000003
2026-01-01,2025-12-01,seasonal_naive,holdout,0,406144.0,419021.0
2026-01-01,2025-12-01,seasonal_residual_change,holdout,0,406144.0,423936.8400875627
2026-01-01,2025-12-01,seasonal_ridge_change,holdout,0,406144.0,419107.86523853417
2026-01-01,2025-12-01,selected_padd_models,holdout,0,406144.0,422219.2228745412
2026-01-01,2025-12-01,spline_ridge_change,holdout,0,406144.0,419924.54289346834
2026-01-01,2025-12-01,xgboost_change,holdout,0,406144.0,430420.10595703125
2026-02-01,2026-01-01,constrained_level,holdout,0,434907.0,412318.5768005725
2026-02-01,2026-01-01,damped_ridge_change,holdout,0,434907.0,410229.7766553704
2026-02-01,2026-01-01,ensemble_change,holdout,0,434907.0,415527.0291168693
2026-02-01,2026-01-01,forecast_flow_identity,holdout,0,434907.0,430147.33786002174
2026-02-01,2026-01-01,huber_change,holdout,0,434907.0,418525.87602296687
2026-02-01,2026-01-01,neural_network_change,holdout,0,434907.0,417607.001755494
2026-02-01,2026-01-01,persistence,holdout,0,434907.0,406144.0
2026-02-01,2026-01-01,polynomial_ridge_change,holdout,0,434907.0,410751.312098694
2026-02-01,2026-01-01,random_forest_change,holdout,0,434907.0,418414.1856126138
2026-02-01,2026-01-01,ridge_change,holdout,0,434907.0,408658.71327537973
2026-02-01,2026-01-01,rolling_ridge_change,holdout,0,434907.0,418994.77679957537
2026-02-01,2026-01-01,seasonal_change,holdout,0,434907.0,416445.8
2026-02-01,2026-01-01,seasonal_naive,holdout,0,434907.0,430016.0
2026-02-01,2026-01-01,seasonal_residual_change,holdout,0,434907.0,418069.9301213308
2026-02-01,2026-01-01,seasonal_ridge_change,holdout,0,434907.0,412304.6018301899
2026-02-01,2026-01-01,selected_padd_models,holdout,0,434907.0,417758.3298753921
2026-02-01,2026-01-01,spline_ridge_change,holdout,0,434907.0,416653.0021982878
2026-02-01,2026-01-01,xgboost_change,holdout,0,434907.0,423734.68359375
2026-03-01,2026-02-01,constrained_level,holdout,0,453424.0,446064.95604071254
2026-03-01,2026-02-01,damped_ridge_change,holdout,0,453424.0,438522.18584202265
2026-03-01,2026-02-01,ensemble_change,holdout,0,453424.0,440591.12018494227
2026-03-01,2026-02-01,forecast_flow_identity,holdout,0,453424.0,445471.1112096807
2026-03-01,2026-02-01,huber_change,holdout,0,453424.0,444136.06241093314
2026-03-01,2026-02-01,neural_network_change,holdout,0,453424.0,444608.53988716437
2026-03-01,2026-02-01,persistence,holdout,0,453424.0,434907.0
2026-03-01,2026-02-01,polynomial_ridge_change,holdout,0,453424.0,438546.6883673046
2026-03-01,2026-02-01,random_forest_change,holdout,0,453424.0,440972.1658916009
2026-03-01,2026-02-01,ridge_change,holdout,0,453424.0,438796.1229581208
2026-03-01,2026-02-01,rolling_ridge_change,holdout,0,453424.0,435094.8579424444
2026-03-01,2026-02-01,seasonal_change,holdout,0,453424.0,434932.0
2026-03-01,2026-02-01,seasonal_naive,holdout,0,453424.0,432168.0
2026-03-01,2026-02-01,seasonal_residual_change,holdout,0,453424.0,438708.2637125959
2026-03-01,2026-02-01,seasonal_ridge_change,holdout,0,453424.0,440290.52672752517
2026-03-01,2026-02-01,selected_padd_models,holdout,0,453424.0,438678.2175606062
2026-03-01,2026-02-01,spline_ridge_change,holdout,0,453424.0,446510.54078810266
2026-03-01,2026-02-01,xgboost_change,holdout,0,453424.0,438766.6982421875
2026-04-01,2026-03-01,constrained_level,holdout,0,450173.0,461881.18183552736
2026-04-01,2026-03-01,damped_ridge_change,holdout,0,450173.0,456759.36556110316
2026-04-01,2026-03-01,ensemble_change,holdout,0,450173.0,456285.9746597888
2026-04-01,2026-03-01,forecast_flow_identity,holdout,0,450173.0,470402.19057248544
2026-04-01,2026-03-01,huber_change,holdout,0,450173.0,459917.6359336721
2026-04-01,2026-03-01,neural_network_change,holdout,0,450173.0,459711.3387526176
2026-04-01,2026-03-01,persistence,holdout,0,450173.0,453424.0
2026-04-01,2026-03-01,polynomial_ridge_change,holdout,0,450173.0,456105.78690023534
2026-04-01,2026-03-01,random_forest_change,holdout,0,450173.0,455148.2664739039
2026-04-01,2026-03-01,ridge_change,holdout,0,450173.0,458146.67425725475
2026-04-01,2026-03-01,rolling_ridge_change,holdout,0,450173.0,452882.37242407096
2026-04-01,2026-03-01,seasonal_change,holdout,0,450173.0,457846.75
2026-04-01,2026-03-01,seasonal_naive,holdout,0,450173.0,435430.0
2026-04-01,2026-03-01,seasonal_residual_change,holdout,0,450173.0,459817.55263413815
2026-04-01,2026-03-01,seasonal_ridge_change,holdout,0,450173.0,457647.66530319053
2026-04-01,2026-03-01,selected_padd_models,holdout,0,450173.0,458561.1637203303
2026-04-01,2026-03-01,spline_ridge_change,holdout,0,450173.0,457516.5855032563
2026-04-01,2026-03-01,xgboost_change,holdout,0,450173.0,450876.818359375
2026-05-01,2026-04-01,constrained_level,holdout,0,425203.0,448484.58739155787
2026-05-01,2026-04-01,damped_ridge_change,holdout,0,425203.0,450393.1768223507
2026-05-01,2026-04-01,ensemble_change,holdout,0,425203.0,448011.55553850194
2026-05-01,2026-04-01,forecast_flow_identity,holdout,0,425203.0,457469.9000058623
2026-05-01,2026-04-01,huber_change,holdout,0,425203.0,447427.44290720334
2026-05-01,2026-04-01,neural_network_change,holdout,0,425203.0,445584.23734866106
2026-05-01,2026-04-01,persistence,holdout,0,425203.0,450173.0
2026-05-01,2026-04-01,polynomial_ridge_change,holdout,0,425203.0,448963.1233201629
2026-05-01,2026-04-01,random_forest_change,holdout,0,425203.0,444232.47309133713
2026-05-01,2026-04-01,ridge_change,holdout,0,425203.0,452201.7725933023
2026-05-01,2026-04-01,rolling_ridge_change,holdout,0,425203.0,449858.06189923943
2026-05-01,2026-04-01,seasonal_change,holdout,0,425203.0,444698.0
2026-05-01,2026-04-01,seasonal_naive,holdout,0,425203.0,431108.0
2026-05-01,2026-04-01,seasonal_residual_change,holdout,0,425203.0,445107.1308174165
2026-05-01,2026-04-01,seasonal_ridge_change,holdout,0,425203.0,450288.17927119567
2026-05-01,2026-04-01,selected_padd_models,holdout,0,425203.0,444641.4858967488
2026-05-01,2026-04-01,spline_ridge_change,holdout,0,425203.0,448253.58113161055
2026-05-01,2026-04-01,xgboost_change,holdout,0,425203.0,445389.4931640625
2026-06-01,2026-05-01,constrained_level,holdout,0,404121.0,416396.1522713388
2026-06-01,2026-05-01,damped_ridge_change,holdout,0,404121.0,423237.30614655843
2026-06-01,2026-05-01,ensemble_change,holdout,0,404121.0,420423.84769127733
2026-06-01,2026-05-01,forecast_flow_identity,holdout,0,404121.0,420350.86877476564
2026-06-01,2026-05-01,huber_change,holdout,0,404121.0,420444.4911987973
2026-06-01,2026-05-01,neural_network_change,holdout,0,404121.0,421189.8079459667
2026-06-01,2026-05-01,persistence,holdout,0,404121.0,425203.0
2026-06-01,2026-05-01,polynomial_ridge_change,holdout,0,404121.0,422781.865593991
2026-06-01,2026-05-01,random_forest_change,holdout,0,404121.0,418020.469498947
2026-06-01,2026-05-01,ridge_change,holdout,0,404121.0,423689.36510693433
2026-06-01,2026-05-01,rolling_ridge_change,holdout,0,404121.0,430022.44752657466
2026-06-01,2026-05-01,seasonal_change,holdout,0,404121.0,412509.4
2026-06-01,2026-05-01,seasonal_naive,holdout,0,404121.0,414250.0
2026-06-01,2026-05-01,seasonal_residual_change,holdout,0,404121.0,414352.08656451514
2026-06-01,2026-05-01,seasonal_ridge_change,holdout,0,404121.0,421361.4868397148
2026-06-01,2026-05-01,selected_padd_models,holdout,0,404121.0,417516.9817955046
2026-06-01,2026-05-01,spline_ridge_change,holdout,0,404121.0,423310.1444768209
2026-06-01,2026-05-01,xgboost_change,holdout,0,404121.0,424159.6416015625
