month,padd,demand_kb,exports_kb,imports_kb,production_kb,reported_stock_change_kb,stock_kb,exports_imputed_zero,padd_name,stock_t_kb,stock_t1_actual_kb,demand_outflow_kb,exports_outflow_kb,fundamental_balance_kb,identity_stock_t1_kb,identity_error_kb,regression_stock_t1_kb,regression_stock_change_kb,regression_error_kb,cv_regression_stock_t1_kb,cv_regression_error_kb,cv_fold,sample
2007-01-01,1,46832.0,0.0,44930.0,615.0,-1357.0,13112.0,True,East Coast,13112.0,14335.0,-46832.0,-0.0,-1287.0,11825.0,2510.0,12964.858364844857,-147.14163515514338,1370.1416351551434,,,,initial_train
2007-02-01,1,38438.0,165.0,40166.0,549.0,1223.0,14335.0,False,East Coast,14335.0,15425.0,-38438.0,-165.0,2112.0,16447.0,-1022.0,14081.90922106587,-253.09077893413087,1343.0907789341309,,,,initial_train
2007-03-01,1,41866.0,586.0,42790.0,657.0,1090.0,15425.0,False,East Coast,15425.0,15126.0,-41866.0,-586.0,995.0,16420.0,-1294.0,15077.481938384679,-347.51806161532113,48.51806161532113,,,,initial_train
2007-04-01,1,43962.0,0.0,42533.0,595.0,-299.0,15126.0,True,East Coast,15126.0,15840.0,-43962.0,-0.0,-834.0,14292.0,1548.0,14804.384468221078,-321.61553177892165,1035.6155317789216,,,,initial_train
2007-05-01,1,49159.0,104.0,48917.0,608.0,714.0,15840.0,False,East Coast,15840.0,15442.0,-49159.0,-104.0,262.0,16102.0,-660.0,15456.53026653817,-383.4697334618304,-14.530266538169599,,,,initial_train
2007-06-01,1,46406.0,0.0,44269.0,589.0,-398.0,15442.0,True,East Coast,15442.0,14415.0,-46406.0,-0.0,-1548.0,13894.0,521.0,15093.00921929699,-348.9907807030104,-678.0092192969896,,,,initial_train
2007-07-01,1,48094.0,388.0,46248.0,576.0,-1027.0,14415.0,False,East Coast,14415.0,14295.0,-48094.0,-388.0,-1658.0,12757.0,1538.0,14154.978778300278,-260.02122169972245,140.02122169972245,,,,initial_train
2007-08-01,1,46726.0,1047.0,48207.0,602.0,-120.0,14295.0,False,East Coast,14295.0,14853.0,-46726.0,-1047.0,1036.0,15331.0,-478.0,14045.374442448665,-249.62555755133508,807.6255575513351,,,,initial_train
2007-09-01,1,46419.0,663.0,45997.0,601.0,558.0,14853.0,False,East Coast,14853.0,16194.0,-46419.0,-663.0,-484.0,14369.0,1825.0,14555.034604158662,-297.96539584133825,1638.9653958413382,,,,initial_train
2007-10-01,1,49319.0,0.0,51414.0,619.0,1341.0,16194.0,False,East Coast,16194.0,13004.0,-49319.0,-0.0,2714.0,18908.0,-5904.0,15779.863057300425,-414.13694269957523,-2775.8630573004248,,,,initial_train
2007-11-01,1,47534.0,300.0,42917.0,606.0,-3190.0,13004.0,False,East Coast,13004.0,12868.0,-47534.0,-300.0,-4311.0,8693.0,4175.0,12866.214462578406,-137.7855374215942,1.7855374215941993,,,,initial_train
2007-12-01,1,47655.0,440.0,47074.0,640.0,-136.0,12868.0,False,East Coast,12868.0,12607.0,-47655.0,-440.0,-381.0,12487.0,120.0,12741.996215279913,-126.00378472008742,-134.99621527991258,,,,initial_train
2008-01-01,1,47631.0,0.0,48000.0,659.0,-261.0,12607.0,False,East Coast,12607.0,13615.0,-47631.0,-0.0,1028.0,13635.0,-20.0,12503.606784802656,-103.39321519734403,1111.393215197344,,,,initial_train
2008-02-01,1,41823.0,311.0,41055.0,605.0,1008.0,13615.0,False,East Coast,13615.0,15424.0,-41823.0,-311.0,-474.0,13141.0,2283.0,13424.283205956197,-190.71679404380302,1999.716794043803,,,,initial_train
2008-03-01,1,41072.0,237.0,43554.0,698.0,1809.0,15424.0,False,East Coast,15424.0,16074.0,-41072.0,-237.0,2943.0,18367.0,-2293.0,15076.568568919249,-347.4314310807513,997.4314310807513,,,,initial_train
2008-04-01,1,42005.0,0.0,43311.0,648.0,650.0,16074.0,True,East Coast,16074.0,15899.0,-42005.0,-0.0,1954.0,18028.0,-2129.0,15670.258721448814,-403.74127855118604,228.74127855118604,,,,initial_train
2008-05-01,1,44240.0,124.0,42357.0,578.0,-175.0,15899.0,False,East Coast,15899.0,14070.0,-44240.0,-124.0,-1429.0,14470.0,-400.0,15510.419064998545,-388.58093500145515,-1440.4190649985449,,,,initial_train
2008-06-01,1,43394.0,259.0,38842.0,615.0,-1829.0,14070.0,False,East Coast,14070.0,13845.0,-43394.0,-259.0,-4196.0,9874.0,3971.0,13839.866312726892,-230.13368727310808,5.13368727310808,,,,initial_train
2008-07-01,1,44553.0,146.0,42496.0,629.0,-225.0,13845.0,False,East Coast,13845.0,14225.0,-44553.0,-146.0,-1574.0,12271.0,1954.0,13634.35818300512,-210.64181699487926,590.6418169948793,,,,initial_train
2008-08-01,1,45380.0,433.0,47701.0,621.0,380.0,14225.0,False,East Coast,14225.0,12741.0,-45380.0,-433.0,2509.0,16734.0,-3993.0,13981.438579868558,-243.561420131442,-1240.438579868558,,,,initial_train
2008-09-01,1,43677.0,0.0,40122.0,606.0,-1484.0,12741.0,True,East Coast,12741.0,13490.0,-43677.0,-0.0,-2949.0,9792.0,3698.0,12625.998293170289,-115.00170682971111,864.0017068297111,,,,initial_train
2008-10-01,1,46322.0,775.0,48888.0,634.0,749.0,13490.0,False,East Coast,13490.0,13903.0,-46322.0,-775.0,2425.0,15915.0,-2012.0,13310.112022777434,-179.8879772225664,592.8879772225664,,,,initial_train
2008-11-01,1,40379.0,240.0,40178.0,608.0,413.0,13903.0,False,East Coast,13903.0,14564.0,-40379.0,-240.0,167.0,14070.0,494.0,13687.333612000066,-215.66638799993416,876.6663879999342,15053.39883897232,-489.39883897231994,1,cv_test
2008-12-01,1,39741.0,0.0,40184.0,581.0,661.0,14564.0,True,East Coast,14564.0,13179.0,-39741.0,-0.0,1024.0,15588.0,-2409.0,14291.070828649363,-272.92917135063726,-1112.0708286493627,15446.53214166967,-2267.5321416696697,1,cv_test
2009-01-01,1,42004.0,92.0,42155.0,419.0,-1385.0,13179.0,False,East Coast,13179.0,14751.0,-42004.0,-92.0,478.0,13657.0,1094.0,13026.054119028673,-152.94588097132691,1724.945880971327,14484.449953014255,266.5500469857452,1,cv_test
2009-02-01,1,35053.0,13.0,37108.0,399.0,1572.0,14751.0,False,East Coast,14751.0,15742.0,-35053.0,-13.0,2441.0,17192.0,-1450.0,14461.87091868479,-289.12908131521,1280.12908131521,16359.613079167462,-617.6130791674623,1,cv_test
2009-03-01,1,35760.0,131.0,32432.0,508.0,991.0,15742.0,False,East Coast,15742.0,14641.0,-35760.0,-131.0,-2951.0,12791.0,1850.0,15367.02005892602,-374.9799410739797,-726.0200589260203,16539.27334654959,-1898.2733465495912,1,cv_test
2009-04-01,1,34693.0,110.0,34853.0,435.0,-1101.0,14641.0,False,East Coast,14641.0,12901.0,-34693.0,-110.0,485.0,15126.0,-2225.0,14361.400277487479,-279.5997225125211,-1460.400277487479,16339.271976299264,-3438.2719762992638,1,cv_test
2009-05-01,1,39098.0,182.0,36348.0,446.0,-1740.0,12901.0,False,East Coast,12901.0,14309.0,-39098.0,-182.0,-2486.0,10415.0,3894.0,12772.137407639106,-128.86259236089427,1536.8625923608943,14812.690544008925,-503.6905440089249,1,cv_test
2009-06-01,1,40563.0,922.0,38409.0,499.0,1408.0,14309.0,False,East Coast,14309.0,11143.0,-40563.0,-922.0,-2577.0,11732.0,-589.0,14058.161614964687,-250.83838503531297,-2915.161614964687,15150.076444133349,-4007.0764441333486,1,cv_test
2009-07-01,1,41786.0,0.0,38366.0,451.0,-3166.0,11143.0,True,East Coast,11143.0,13542.0,-41786.0,-0.0,-2969.0,8174.0,5368.0,11166.43388741299,23.43388741298986,2375.56611258701,13617.322890351363,-75.32289035136273,1,cv_test
2009-08-01,1,40794.0,60.0,40396.0,463.0,2399.0,13542.0,False,East Coast,13542.0,14255.0,-40794.0,-60.0,5.0,13547.0,708.0,13357.6072349798,-184.3927650202004,897.3927650202004,14830.28913480294,-575.2891348029407,1,cv_test
2009-09-01,1,40076.0,63.0,40576.0,500.0,713.0,14255.0,False,East Coast,14255.0,11767.0,-40076.0,-63.0,937.0,15192.0,-3425.0,14008.83966383146,-246.1603361685393,-2241.8396638314607,15263.443501561962,-3496.443501561962,1,cv_test
2009-10-01,1,41059.0,699.0,42023.0,449.0,-2488.0,11767.0,False,East Coast,11767.0,10672.0,-41059.0,-699.0,714.0,12481.0,-1809.0,11736.376433841371,-30.62356615862882,-1064.3764338413712,14083.693306396035,-3411.693306396035,1,cv_test
2009-11-01,1,34887.0,74.0,34096.0,429.0,-1095.0,10672.0,False,East Coast,10672.0,12630.0,-34887.0,-74.0,-436.0,10236.0,2394.0,10736.236869195413,64.23686919541251,1893.7631308045875,14660.12919354514,-2030.1291935451409,1,cv_test
2009-12-01,1,33906.0,208.0,37439.0,511.0,1958.0,12630.0,False,East Coast,12630.0,14051.0,-33906.0,-208.0,3836.0,16466.0,-2415.0,12524.614282507548,-105.38571749245239,1526.3857174924524,15715.859602218838,-1664.8596022188376,1,cv_test
2010-01-01,1,33145.0,599.0,35904.0,542.0,1421.0,14051.0,False,East Coast,14051.0,11478.0,-33145.0,-599.0,2702.0,16753.0,-5275.0,13822.51229288372,-228.48770711627913,-2344.512292883721,16413.976217981384,-4935.976217981384,1,cv_test
2010-02-01,1,33064.0,949.0,30092.0,509.0,-2573.0,11478.0,False,East Coast,11478.0,13450.0,-33064.0,-949.0,-3412.0,8066.0,5384.0,11472.412658332072,-5.587341667927831,1977.5873416679278,15260.930823159037,-1810.9308231590367,1,cv_test
2010-03-01,1,33634.0,63.0,35875.0,579.0,1972.0,13450.0,False,East Coast,13450.0,10769.0,-33634.0,-63.0,2757.0,16207.0,-5438.0,13273.57724416023,-176.42275583977062,-2504.5772441602294,16073.487958311454,-5304.487958311454,1,cv_test
2010-04-01,1,36413.0,106.0,34278.0,585.0,-2681.0,10769.0,False,East Coast,10769.0,11665.0,-36413.0,-106.0,-1656.0,9113.0,2552.0,10824.833707342132,55.833707342131675,840.1662926578683,14411.616661960294,-2746.6166619602936,1,cv_test
2010-05-01,1,39072.0,0.0,39712.0,625.0,896.0,11665.0,False,East Coast,11665.0,11864.0,-39072.0,-0.0,1265.0,12930.0,-1066.0,11643.212748367501,-21.787251632498737,220.78725163249874,14376.69276170082,-2512.6927617008205,1,cv_test
2010-06-01,1,37304.0,0.0,34819.0,627.0,199.0,11864.0,True,East Coast,11864.0,11631.0,-37304.0,-0.0,-1858.0,10006.0,1625.0,11824.973271988092,-39.026728011907835,-193.97327198809216,14700.73145993634,-3069.73145993634,1,cv_test
2010-07-01,1,38457.0,69.0,38098.0,645.0,-233.0,11631.0,False,East Coast,11631.0,9503.0,-38457.0,-69.0,217.0,11848.0,-2345.0,11612.158186542878,-18.841813457122043,-2109.158186542878,14448.811268615911,-4945.811268615911,1,cv_test
2010-08-01,1,37676.0,180.0,34238.0,635.0,-2128.0,9503.0,False,East Coast,9503.0,10523.0,-37676.0,-180.0,-2983.0,6520.0,4003.0,9668.507964107625,165.5079641076245,854.4920358923755,11106.464562491443,-583.4645624914428,2,cv_test
2010-09-01,1,32790.0,0.0,33017.0,619.0,1020.0,10523.0,True,East Coast,10523.0,10908.0,-32790.0,-0.0,846.0,11369.0,-461.0,10600.144818846327,77.14481884632733,307.8551811536727,11674.177319632632,-766.1773196326321,2,cv_test
2010-10-01,1,26185.0,47.0,27657.0,633.0,385.0,10908.0,False,East Coast,10908.0,9514.0,-26185.0,-47.0,2058.0,12966.0,-3452.0,10951.792063036915,43.79206303691535,-1437.7920630369154,11680.95949644579,-2166.95949644579,2,cv_test
2010-11-01,1,28205.0,48.0,26375.0,620.0,-1394.0,9514.0,False,East Coast,9514.0,9028.0,-28205.0,-48.0,-1258.0,8256.0,772.0,9678.555028227356,164.55502822735616,-650.5550282273562,10872.945280223707,-1844.9452802237065,2,cv_test
2010-12-01,1,32173.0,175.0,29465.0,632.0,-486.0,9028.0,False,East Coast,9028.0,10707.0,-32173.0,-175.0,-2251.0,6777.0,3930.0,9234.657468028327,206.65746802832655,1472.3425319716735,10679.113829315698,27.88617068430176,2,cv_test
2011-01-01,1,32905.0,160.0,32219.0,661.0,1679.0,10707.0,False,East Coast,10707.0,10556.0,-32905.0,-160.0,-185.0,10522.0,34.0,10768.204800485466,61.20480048546597,-212.20480048546597,11699.258932117242,-1143.2589321172418,2,cv_test
2011-02-01,1,28268.0,0.0,26630.0,593.0,-151.0,10556.0,True,East Coast,10556.0,11370.0,-28268.0,-0.0,-1045.0,9511.0,1859.0,10630.28601120552,74.28601120552048,739.7139887944795,11465.975080095239,-95.97508009523881,2,cv_test
2011-03-01,1,30105.0,1.0,31031.0,681.0,814.0,11370.0,False,East Coast,11370.0,12684.0,-30105.0,-1.0,1606.0,12976.0,-292.0,11373.768756065621,3.7687560656213464,1310.2312439343787,12066.711624751711,617.2883752482885,2,cv_test
2011-04-01,1,27844.0,355.0,30391.0,657.0,1314.0,12684.0,False,East Coast,12684.0,12504.0,-27844.0,-355.0,2849.0,15533.0,-3029.0,12573.936233640774,-110.06376635922607,-69.93623364077393,12658.012701277505,-154.01270127750468,2,cv_test
2011-05-01,1,35607.0,349.0,34609.0,679.0,-180.0,12504.0,False,East Coast,12504.0,11733.0,-35607.0,-349.0,-668.0,11836.0,-103.0,12409.529729863356,-94.4702701366441,-676.5297298633559,12710.767923429892,-977.7679234298921,2,cv_test
2011-06-01,1,33501.0,259.0,32801.0,649.0,-771.0,11733.0,False,East Coast,11733.0,12160.0,-33501.0,-259.0,-310.0,11423.0,737.0,11705.321872016748,-27.678127983252125,454.6781279832521,12251.692620936366,-91.69262093636644,2,cv_test
2011-07-01,1,39857.0,227.0,35726.0,665.0,427.0,12160.0,False,East Coast,12160.0,12382.0,-39857.0,-227.0,-3693.0,8467.0,3915.0,12095.3306337554,-64.66936624459959,286.6693662445996,12598.263848438077,-216.26384843807682,2,cv_test
2011-08-01,1,37925.0,162.0,36138.0,701.0,222.0,12382.0,False,East Coast,12382.0,11002.0,-37925.0,-162.0,-1248.0,11134.0,-132.0,12298.098655080883,-83.90134491911704,-1296.098655080883,12753.462205518455,-1751.4622055184554,2,cv_test
2011-09-01,1,37103.0,166.0,31016.0,667.0,-1380.0,11002.0,False,East Coast,11002.0,10358.0,-37103.0,-166.0,-5586.0,5416.0,4942.0,11037.648792787344,35.648792787344064,-679.6487927873441,11816.192300286948,-1458.192300286948,2,cv_test
2011-10-01,1,35070.0,81.0,34059.0,686.0,-644.0,10358.0,False,East Coast,10358.0,10670.0,-35070.0,-81.0,-406.0,9952.0,718.0,10449.43885705036,91.43885705035973,220.56114294964027,11596.927621982122,-926.9276219821222,2,cv_test
2011-11-01,1,33055.0,287.0,30447.0,666.0,312.0,10670.0,False,East Coast,10670.0,9794.0,-33055.0,-287.0,-2229.0,8441.0,1353.0,10734.410130264552,64.41013026455221,-940.4101302645522,11578.734469641313,-1784.734469641313,2,cv_test
2011-12-01,1,28999.0,100.0,26471.0,679.0,-876.0,9794.0,False,East Coast,9794.0,10424.0,-28999.0,-100.0,-1949.0,7845.0,2579.0,9934.298478547784,140.29847854778382,489.7015214522162,11014.1003928699,-590.1003928698992,2,cv_test
2012-01-01,1,25554.0,130.0,26368.0,732.0,630.0,10424.0,False,East Coast,10424.0,11309.0,-25554.0,-130.0,1416.0,11840.0,-531.0,10509.721241768748,85.72124176874786,799.2787582312521,11346.102817831603,-37.102817831602806,2,cv_test
2012-02-01,1,24857.0,416.0,27288.0,706.0,885.0,11309.0,False,East Coast,11309.0,12229.0,-24857.0,-416.0,2721.0,14030.0,-1801.0,11318.053218674386,9.05321867438579,910.9467813256142,11778.156373804788,450.843626195212,2,cv_test
2012-03-01,1,28012.0,163.0,27671.0,769.0,920.0,12229.0,False,East Coast,12229.0,10923.0,-28012.0,-163.0,265.0,12494.0,-1571.0,12158.353126870077,-70.64687312992282,-1235.3531268700772,12369.570450420797,-1446.570450420797,2,cv_test
2012-04-01,1,27567.0,48.0,24465.0,727.0,-1306.0,10923.0,False,East Coast,10923.0,10414.0,-27567.0,-48.0,-2423.0,8500.0,1914.0,10965.492605018368,42.49260501836761,-551.4926050183676,11575.795797681782,-1161.7957976817816,2,cv_test
2012-05-01,1,26189.0,172.0,26180.0,738.0,-509.0,10414.0,False,East Coast,10414.0,9445.0,-26189.0,-172.0,557.0,10971.0,-1526.0,10500.587547114446,86.58754711444635,-1055.5875471144464,10610.15721724883,-1165.1572172488304,3,cv_test
2012-06-01,1,28162.0,99.0,26846.0,735.0,-969.0,9445.0,False,East Coast,9445.0,9937.0,-28162.0,-99.0,-680.0,8765.0,1172.0,9615.53253511268,170.5325351126794,321.4674648873206,10072.950254073607,-135.95025407360663,3,cv_test
2012-07-01,1,29827.0,182.0,26220.0,804.0,492.0,9937.0,False,East Coast,9937.0,10588.0,-29827.0,-182.0,-2985.0,6952.0,3636.0,10064.910312104288,127.9103121042881,523.0896878957119,10319.30815584346,268.69184415653945,3,cv_test
2012-08-01,1,29255.0,276.0,29102.0,821.0,651.0,10588.0,False,East Coast,10588.0,10210.0,-29255.0,-276.0,392.0,10980.0,-770.0,10659.513834099283,71.51383409928349,-449.5138340992835,10877.864021635147,-667.8640216351469,3,cv_test
2012-09-01,1,28500.0,408.0,24765.0,779.0,-378.0,10210.0,False,East Coast,10210.0,9739.0,-28500.0,-408.0,-3364.0,6846.0,2893.0,10314.260176166705,104.2601761667047,-575.2601761667047,10353.808864546296,-614.8088645462958,3,cv_test
2012-10-01,1,31081.0,761.0,26911.0,843.0,-471.0,9739.0,False,East Coast,9739.0,11056.0,-31081.0,-761.0,-4088.0,5651.0,5405.0,9884.06315794913,145.06315794912916,1171.9368420508708,10132.824809890797,923.175190109203,3,cv_test
2012-11-01,1,27120.0,372.0,25521.0,861.0,1317.0,11056.0,False,East Coast,11056.0,8170.0,-27120.0,-372.0,-1110.0,9946.0,-1776.0,11086.97074392057,30.970743920570385,-2916.9707439205704,10924.247485250029,-2754.247485250029,3,cv_test
2012-12-01,1,30106.0,407.0,24803.0,883.0,-2886.0,8170.0,False,East Coast,8170.0,10187.0,-30106.0,-407.0,-4827.0,3343.0,6844.0,8450.9864666893,280.98646668930087,1736.0135333106991,9109.874709244023,1077.1252907559774,3,cv_test
2013-01-01,1,32324.0,1015.0,30338.0,972.0,2017.0,10187.0,False,East Coast,10187.0,11715.0,-32324.0,-1015.0,-2029.0,8158.0,3557.0,10293.252678461813,106.25267846181305,1421.747321538187,10571.155104682963,1143.8448953170373,3,cv_test
2013-02-01,1,24606.0,1416.0,19989.0,924.0,1528.0,11715.0,False,East Coast,11715.0,11514.0,-24606.0,-1416.0,-5109.0,6606.0,4908.0,11688.881221639007,-26.11877836099302,-174.88122163900698,10789.325597456735,724.6744025432654,3,cv_test
2013-03-01,1,31578.0,1255.0,23915.0,1099.0,-201.0,11514.0,False,East Coast,11514.0,11253.0,-31578.0,-1255.0,-7819.0,3695.0,7558.0,11505.293959087556,-8.706040912444223,-252.29395908755578,10939.589119816354,313.41088018364644,3,cv_test
2013-04-01,1,32499.0,1906.0,25120.0,1003.0,-261.0,11253.0,False,East Coast,11253.0,10288.0,-32499.0,-1906.0,-8282.0,2971.0,7317.0,11266.9045286103,13.904528610299167,-978.9045286102992,10732.958987681637,-444.95898768163715,3,cv_test
2013-05-01,1,35153.0,966.0,26993.0,1191.0,-965.0,10288.0,False,East Coast,10288.0,9957.0,-35153.0,-966.0,-7935.0,2353.0,7604.0,10385.502994470253,97.50299447025282,-428.5029944702528,10435.014677774732,-478.01467777473226,3,cv_test
2013-06-01,1,34008.0,2235.0,25573.0,1264.0,-331.0,9957.0,False,East Coast,9957.0,10447.0,-34008.0,-2235.0,-9406.0,551.0,9896.0,10083.17770141289,126.17770141288929,363.8222985871107,9907.59790436837,539.4020956316308,3,cv_test
2013-07-01,1,33627.0,1501.0,24472.0,1479.0,490.0,10447.0,False,East Coast,10447.0,11437.0,-33627.0,-1501.0,-9177.0,1270.0,10167.0,10530.72873947364,83.72873947363951,906.2712605263605,10276.107196693185,1160.892803306815,3,cv_test
2013-08-01,1,33274.0,936.0,26840.0,1507.0,990.0,11437.0,False,East Coast,11437.0,10172.0,-33274.0,-936.0,-5863.0,5574.0,4598.0,11434.964510249438,-2.035489750562192,-1262.9645102494378,11133.21300967907,-961.2130096790697,3,cv_test
2013-09-01,1,32517.0,94.0,26908.0,1385.0,-1265.0,10172.0,False,East Coast,10172.0,11143.0,-32517.0,-94.0,-4318.0,5854.0,5289.0,10279.552136480363,107.5521364803626,863.4478635196374,10521.930980942809,621.0690190571913,3,cv_test
2013-10-01,1,27517.0,1115.0,18018.0,1382.0,971.0,11143.0,False,East Coast,11143.0,10738.0,-27517.0,-1115.0,-9232.0,1911.0,8827.0,11166.43388741299,23.43388741298986,-428.43388741298986,10374.126802044837,363.87319795516305,3,cv_test
2013-11-01,1,28670.0,895.0,15139.0,1420.0,-405.0,10738.0,False,East Coast,10738.0,10145.0,-28670.0,-895.0,-13006.0,-2268.0,12413.0,10796.519253913799,58.51925391379882,-651.5192539137988,9989.627216702756,155.3727832972436,3,cv_test
2013-12-01,1,33070.0,2468.0,19735.0,1466.0,-593.0,10145.0,False,East Coast,10145.0,10084.0,-33070.0,-2468.0,-14337.0,-4192.0,14276.0,10254.891160913749,109.89116091374854,-170.89116091374854,9617.597990422091,466.40200957790876,3,cv_test
2014-01-01,1,29616.0,1496.0,16199.0,1382.0,-61.0,10084.0,False,East Coast,10084.0,10542.0,-29616.0,-1496.0,-13531.0,-3447.0,13989.0,10199.175623522513,115.17562352251298,342.824376477487,9543.243445241264,998.7565547587365,3,cv_test
2014-02-01,1,27400.0,782.0,15902.0,1263.0,458.0,10542.0,False,East Coast,10542.0,10893.0,-27400.0,-782.0,-11017.0,-475.0,11368.0,10617.498838689498,75.49883868949837,275.50116131050163,9996.765944211034,896.2340557889656,4,cv_test
2014-03-01,1,31428.0,522.0,16553.0,1423.0,351.0,10893.0,False,East Coast,10893.0,12302.0,-31428.0,-522.0,-13974.0,-3081.0,15383.0,10938.091521055463,45.09152105546309,1363.908478944537,10244.641675640145,2057.358324359855,4,cv_test
2014-04-01,1,32194.0,778.0,19312.0,1299.0,1409.0,12302.0,False,East Coast,12302.0,13846.0,-32194.0,-778.0,-12361.0,-59.0,13905.0,12225.029097846475,-76.97090215352546,1620.9709021535255,11249.306528245133,2596.6934717548666,4,cv_test
2014-05-01,1,35600.0,458.0,20107.0,1374.0,1544.0,13846.0,False,East Coast,13846.0,11838.0,-35600.0,-458.0,-14577.0,-731.0,12569.0,13635.271552470549,-210.72844752945093,-1797.271552470549,12202.961505006337,-364.96150500633667,4,cv_test
2014-06-01,1,35362.0,1527.0,19070.0,1363.0,-2008.0,11838.0,False,East Coast,11838.0,9805.0,-35362.0,-1527.0,-16456.0,-4618.0,14423.0,11801.225665886908,-36.774334113091754,-1996.2256658869082,10962.511824834442,-1157.5118248344425,4,cv_test
2014-07-01,1,35183.0,984.0,19222.0,1428.0,-2033.0,9805.0,False,East Coast,9805.0,10256.0,-35183.0,-984.0,-15517.0,-5712.0,15968.0,9944.345542667515,139.34554266751547,311.6544573324845,9786.051510903357,469.94848909664324,4,cv_test
2014-08-01,1,33549.0,2705.0,15479.0,1475.0,451.0,10256.0,False,East Coast,10256.0,10049.0,-33549.0,-2705.0,-19300.0,-9044.0,19093.0,10356.27517157649,100.27517157648981,-307.2751715764898,9801.89403309604,247.1059669039605,4,cv_test
2014-09-01,1,34665.0,1599.0,20571.0,1459.0,-207.0,10049.0,False,East Coast,10049.0,12030.0,-34665.0,-1599.0,-14234.0,-4185.0,16215.0,10167.20769223246,118.20769223245952,1862.7923077675405,10017.609760351566,2012.3902396484336,4,cv_test
2014-10-01,1,35052.0,1808.0,22144.0,1521.0,1981.0,12030.0,False,East Coast,12030.0,12754.0,-35052.0,-1808.0,-13195.0,-1165.0,13919.0,11976.592603249488,-53.40739675051191,777.4073967505119,11277.725375416192,1476.274624583808,4,cv_test
2014-11-01,1,33330.0,4767.0,16816.0,1488.0,724.0,12754.0,False,East Coast,12754.0,14890.0,-33330.0,-4767.0,-19793.0,-7039.0,21929.0,12637.87209622088,-116.12790377911915,2252.127903779119,11348.145786544243,3541.8542134557574,4,cv_test
2014-12-01,1,33474.0,1629.0,17323.0,1548.0,2136.0,14890.0,False,East Coast,14890.0,14787.0,-33474.0,-1629.0,-16232.0,-1342.0,16129.0,14588.829274379574,-301.1707256204263,198.1707256204263,12628.272004291797,2158.727995708203,4,cv_test
2015-01-01,1,33707.0,2386.0,16750.0,1509.0,-103.0,14787.0,False,East Coast,14787.0,15115.0,-33707.0,-2386.0,-17834.0,-3047.0,18162.0,14494.752219440274,-292.2477805597264,620.2477805597264,12530.289763438052,2584.7102365619485,4,cv_test
2015-02-01,1,24375.0,2304.0,12196.0,1452.0,328.0,15115.0,False,East Coast,15115.0,15064.0,-24375.0,-2304.0,-13031.0,2084.0,12980.0,14794.337404101347,-320.6625958986533,269.6625958986533,12420.748375033954,2643.2516249660457,4,cv_test
2015-03-01,1,33415.0,1632.0,19728.0,1622.0,-51.0,15064.0,False,East Coast,15064.0,14823.0,-33415.0,-1632.0,-13697.0,1367.0,13456.0,14747.755561364413,-316.24443863558736,75.24443863558736,12888.766727506607,1934.233272493393,4,cv_test
2015-04-01,1,33897.0,1349.0,15274.0,1510.0,-241.0,14823.0,False,East Coast,14823.0,16615.0,-33897.0,-1349.0,-18462.0,-3639.0,20254.0,14527.633520195757,-295.3664798042428,2087.3664798042428,12453.752678903338,4161.247321096662,4,cv_test
2015-05-01,1,36034.0,4323.0,19847.0,1626.0,1792.0,16615.0,False,East Coast,16615.0,15455.0,-36034.0,-4323.0,-18884.0,-2269.0,17724.0,16164.391602246498,-450.6083977535018,-709.3916022464982,13801.830831845376,1653.1691681546235,4,cv_test
2015-06-01,1,35011.0,2328.0,16847.0,1566.0,-1160.0,15455.0,False,East Coast,15455.0,14161.0,-35011.0,-2328.0,-18926.0,-3471.0,17632.0,15104.883022347582,-350.1169776524184,-943.8830223475816,12926.560668717268,1234.4393312827324,4,cv_test
2015-07-01,1,36609.0,3921.0,21673.0,1543.0,-1294.0,14161.0,False,East Coast,14161.0,13910.0,-36609.0,-3921.0,-17314.0,-3153.0,17063.0,13922.982934081032,-238.017065918968,-12.982934081031999,12490.298333504034,1419.7016664959665,4,cv_test
2015-08-01,1,37189.0,2402.0,23697.0,1453.0,-251.0,13910.0,False,East Coast,13910.0,14637.0,-37189.0,-2402.0,-14441.0,-531.0,15168.0,13693.727198258077,-216.2728017419231,943.2728017419231,12477.57327055338,2159.426729446621,4,cv_test
2015-09-01,1,32167.0,1410.0,16890.0,1390.0,727.0,14637.0,False,East Coast,14637.0,15795.0,-32167.0,-1410.0,-15297.0,-660.0,16455.0,14357.74679962576,-279.2532003742399,1437.25320037424,12451.998765984345,3343.0012340156554,4,cv_test
2015-10-01,1,35421.0,1661.0,20978.0,1388.0,1158.0,15795.0,False,East Coast,15795.0,14984.0,-35421.0,-1661.0,-14716.0,1079.0,13905.0,15415.428640593815,-379.57135940618537,-431.42864059381463,13398.006628207382,1585.9933717926178,4,cv_test
2015-11-01,1,36025.0,1250.0,21963.0,1334.0,-811.0,14984.0,False,East Coast,14984.0,16151.0,-36025.0,-1250.0,-13978.0,1006.0,15145.0,14674.686004130004,-309.3139958699958,1476.3139958699958,14518.598551745725,1632.4014482542752,5,cv_test
2015-12-01,1,35500.0,1723.0,21806.0,1506.0,1167.0,16151.0,False,East Coast,16151.0,18005.0,-35500.0,-1723.0,-13911.0,2240.0,15765.0,15740.58817028693,-410.4118297130699,2264.41182971307,15528.127991276158,2476.8720087238416,5,cv_test
2016-01-01,1,35235.0,6152.0,22498.0,1444.0,1854.0,18005.0,False,East Coast,18005.0,20742.0,-35235.0,-6152.0,-17445.0,560.0,20182.0,17433.975159194335,-571.024840805665,3308.024840805665,16965.58949453747,3776.410505462529,5,cv_test
2016-02-01,1,31685.0,5173.0,25519.0,1313.0,2737.0,20742.0,False,East Coast,20742.0,19278.0,-31685.0,-5173.0,-10026.0,10716.0,8562.0,19933.86738607652,-808.1326139234807,-655.8673860765193,19108.663709438246,169.33629056175414,5,cv_test
2016-03-01,1,32884.0,7449.0,22822.0,1368.0,-1464.0,19278.0,False,East Coast,19278.0,22080.0,-32884.0,-7449.0,-16143.0,3135.0,18945.0,18596.69448868685,-681.3055113131486,3483.3055113131486,17930.730234824994,4149.269765175006,5,cv_test
2016-04-01,1,34745.0,5358.0,25960.0,1362.0,2802.0,22080.0,False,East Coast,22080.0,19368.0,-34745.0,-5358.0,-12781.0,9299.0,10069.0,21155.955730821996,-924.0442691780045,-1787.9557308219955,20196.976488757486,-828.9764887574856,5,cv_test
2016-05-01,1,36690.0,7568.0,22320.0,1390.0,-2712.0,19368.0,False,East Coast,19368.0,18229.0,-36690.0,-7568.0,-20548.0,-1180.0,19409.0,18678.897740575565,-689.102259424435,-449.89774057556497,18002.920561707688,226.07943829231226,5,cv_test
2016-06-01,1,33768.0,5490.0,25741.0,1282.0,-1139.0,18229.0,False,East Coast,18229.0,19348.0,-33768.0,-5490.0,-12235.0,5994.0,13354.0,17638.56991945068,-590.4300805493185,1709.4300805493185,17121.158357125303,2226.841642874697,5,cv_test
2016-07-01,1,32893.0,8279.0,28713.0,1349.0,1119.0,19348.0,False,East Coast,19348.0,19605.0,-32893.0,-8279.0,-11110.0,8238.0,11367.0,18660.630351266962,-687.369648733038,944.369648733038,18101.76138843553,1503.2386115644695,5,cv_test
2016-08-01,1,34037.0,5008.0,26257.0,1375.0,257.0,19605.0,False,East Coast,19605.0,16292.0,-34037.0,-5008.0,-11413.0,8192.0,8100.0,18895.366303882496,-709.6336961175039,-2603.366303882496,18265.43750591414,-1973.4375059141385,5,cv_test
2016-09-01,1,33245.0,5720.0,24302.0,1234.0,-3313.0,16292.0,False,East Coast,16292.0,19574.0,-33245.0,-5720.0,-13429.0,2863.0,16711.0,15869.373264912576,-422.6267350874241,3704.626735087424,15541.188897975735,4032.811102024265,5,cv_test
2016-10-01,1,33825.0,5772.0,31553.0,1281.0,3282.0,19574.0,False,East Coast,19574.0,15731.0,-33825.0,-5772.0,-6763.0,12811.0,2920.0,18867.05185045416,-706.9481495458385,-3136.0518504541615,18302.560848751345,-2571.5608487513455,5,cv_test
2016-11-01,1,33537.0,738.0,25934.0,1290.0,-3843.0,15731.0,False,East Coast,15731.0,13812.0,-33537.0,-738.0,-7051.0,8680.0,5132.0,15356.972994806289,-374.0270051937114,-1544.9729948062886,15166.525397702704,-1354.5253977027041,5,cv_test
2016-12-01,1,32952.0,0.0,24757.0,1298.0,-1919.0,13812.0,True,East Coast,13812.0,17923.0,-32952.0,-0.0,-6897.0,6915.0,11008.0,13604.216990645926,-207.78300935407424,4318.783009354074,13637.501310651289,4285.498689348711,5,cv_test
2017-01-01,1,32542.0,1722.0,30157.0,1308.0,4111.0,17923.0,False,East Coast,17923.0,16550.0,-32542.0,-1722.0,-2799.0,15124.0,1426.0,17359.07886302907,-563.9211369709301,-809.0788630290699,16990.032830996315,-440.03283099631517,5,cv_test
2017-02-01,1,25268.0,610.0,18545.0,1174.0,-1373.0,16550.0,False,East Coast,16550.0,18812.0,-25268.0,-610.0,-6159.0,10391.0,8421.0,16105.02258699354,-444.97741300645976,2706.9774130064598,15586.84959331262,3225.1504066873804,5,cv_test
2017-03-01,1,27610.0,0.0,23345.0,1283.0,2262.0,18812.0,True,East Coast,18812.0,17348.0,-27610.0,-0.0,-2982.0,15830.0,1518.0,18171.06431779643,-640.9356822035697,-823.0643177964303,17528.419786496903,-180.41978649690282,5,cv_test
2017-04-01,1,31846.0,654.0,25576.0,1290.0,-1464.0,17348.0,False,East Coast,17348.0,16805.0,-31846.0,-654.0,-5634.0,11714.0,5091.0,16833.891420406762,-514.1085795932377,-28.891420406762336,16429.668110042792,375.33188995720775,5,cv_test
2017-05-01,1,34451.0,887.0,29347.0,1359.0,-543.0,16805.0,False,East Coast,16805.0,15773.0,-34451.0,-887.0,-4632.0,12173.0,3600.0,16337.931800678216,-467.06819932178405,-564.931800678216,16122.35175716751,-349.3517571675093,5,cv_test
2017-06-01,1,33863.0,0.0,31683.0,1316.0,-1032.0,15773.0,False,East Coast,15773.0,16155.0,-33863.0,-0.0,-864.0,14909.0,1246.0,15395.334512354353,-377.66548764564686,759.6654876456469,15337.54554306147,817.4544569385307,5,cv_test
2017-07-01,1,33420.0,0.0,29160.0,1488.0,382.0,16155.0,False,East Coast,16155.0,17334.0,-33420.0,-0.0,-2772.0,13383.0,3951.0,15744.24164814865,-410.7583518513493,1589.7583518513493,15679.283287088958,1654.7167129110421,5,cv_test
2017-08-01,1,35333.0,1.0,35049.0,1508.0,1179.0,17334.0,False,East Coast,17334.0,11969.0,-35333.0,-1.0,1223.0,18557.0,-6588.0,16821.10424789074,-512.8957521092598,-4852.10424789074,17094.731090844893,-5125.731090844893,6,cv_test
2017-09-01,1,33169.0,0.0,24050.0,1400.0,-5365.0,11969.0,True,East Coast,11969.0,13740.0,-33169.0,-0.0,-7719.0,4250.0,9490.0,11920.877065858253,-48.122934141747464,1819.1229341417475,12418.838422759567,1321.161577240433,6,cv_test
2017-10-01,1,33981.0,0.0,32208.0,1652.0,1771.0,13740.0,True,East Coast,13740.0,13016.0,-33981.0,-0.0,-121.0,13619.0,-603.0,13538.454389134959,-201.54561086504145,-522.4543891349585,14087.328810088062,-1071.3288100880618,6,cv_test
2017-11-01,1,34795.0,0.0,28323.0,1619.0,-724.0,13016.0,False,East Coast,13016.0,11479.0,-34795.0,-0.0,-4853.0,8163.0,3316.0,12877.174896163568,-138.8251038364324,-1398.1748961635676,13440.565502568616,-1961.5655025686156,6,cv_test
2017-12-01,1,34587.0,0.0,25697.0,1636.0,-1537.0,11479.0,True,East Coast,11479.0,13729.0,-34587.0,-0.0,-7254.0,4225.0,9504.0,11473.326027797502,-5.67397220249768,2255.6739722024977,12127.463134266985,1601.5368657330146,6,cv_test
2018-01-01,1,33107.0,1087.0,30292.0,1630.0,2250.0,13729.0,False,East Coast,13729.0,12392.0,-33107.0,-1087.0,-2272.0,11457.0,935.0,13528.407325015229,-200.5926749847713,-1136.4073250152287,14061.513000006886,-1669.5130000068857,6,cv_test
2018-02-01,1,27091.0,1875.0,19098.0,1479.0,-1337.0,12392.0,False,East Coast,12392.0,12309.0,-27091.0,-1875.0,-8389.0,4003.0,8306.0,12307.232349735184,-84.76765026481553,1.7676502648155292,12809.706097296823,-500.7060972968229,6,cv_test
2018-03-01,1,28513.0,3258.0,21057.0,1667.0,-83.0,12309.0,False,East Coast,12309.0,15788.0,-28513.0,-3258.0,-9047.0,3262.0,12526.0,12231.422684104486,-77.5773158955144,3556.5773158955144,12842.254247235454,2945.7457527645456,6,cv_test
2018-04-01,1,33308.0,760.0,26688.0,1607.0,3479.0,15788.0,False,East Coast,15788.0,14913.0,-33308.0,-760.0,-5773.0,10015.0,4898.0,15409.035054335805,-378.9649456641946,-496.0350543358054,15802.379987600632,-889.3799876006324,6,cv_test
2018-05-01,1,35878.0,2.0,26580.0,1650.0,-875.0,14913.0,False,East Coast,14913.0,16070.0,-35878.0,-2.0,-7650.0,7263.0,8807.0,14609.836772084467,-303.16322791553284,1460.1632279155328,15075.840652429,994.1593475709997,6,cv_test
2018-06-01,1,33838.0,7.0,27113.0,1630.0,1157.0,16070.0,False,East Coast,16070.0,11942.0,-33838.0,-7.0,-5102.0,10968.0,974.0,15666.605243587093,-403.39475641290664,-3724.6052435870934,16056.855919897293,-4114.855919897293,6,cv_test
2018-07-01,1,35314.0,1313.0,26679.0,1764.0,-4128.0,11942.0,False,East Coast,11942.0,11359.0,-35314.0,-1313.0,-8184.0,3758.0,7601.0,11896.216090291638,-45.783909708361534,-537.2160902916385,12593.324299171622,-1234.3242991716215,6,cv_test
2018-08-01,1,33108.0,850.0,22360.0,1913.0,-583.0,11359.0,False,East Coast,11359.0,12259.0,-33108.0,-850.0,-9685.0,1674.0,10585.0,11363.721691945892,4.721691945891507,895.2783080541085,12161.586098647052,97.4139013529475,6,cv_test
2018-09-01,1,30088.0,884.0,23425.0,1970.0,900.0,12259.0,False,East Coast,12259.0,10961.0,-30088.0,-884.0,-5577.0,6682.0,4279.0,12185.754210832982,-73.2457891670183,-1224.7542108329817,12964.39966624928,-2003.399666249279,6,cv_test
2018-10-01,1,28585.0,1.0,19030.0,2124.0,-1298.0,10961.0,False,East Coast,10961.0,12290.0,-28585.0,-1.0,-7432.0,3529.0,8761.0,11000.200644704712,39.20064470471152,1289.7993552952885,11923.19906558153,366.8009344184702,6,cv_test
2018-11-01,1,30235.0,170.0,24976.0,1864.0,1329.0,12290.0,False,East Coast,12290.0,11655.0,-30235.0,-170.0,-3565.0,8725.0,2930.0,12214.068664261315,-75.93133573868545,-559.0686642613146,12939.268356202329,-1284.2683562023285,6,cv_test
2018-12-01,1,32486.0,2.0,23478.0,1897.0,-635.0,11655.0,False,East Coast,11655.0,13175.0,-32486.0,-2.0,-7113.0,4542.0,8633.0,11634.0790537132,-20.920946286800245,1540.9209462868002,12409.346356719525,765.6536432804751,6,cv_test
2019-01-01,1,31404.0,2.0,24129.0,2035.0,1520.0,13175.0,False,East Coast,13175.0,11704.0,-31404.0,-2.0,-5242.0,7933.0,3771.0,13022.400641166952,-152.59935883304752,-1318.4006411669525,13784.185706826067,-2080.185706826067,6,cv_test
2019-02-01,1,21722.0,3.0,13671.0,1682.0,-1471.0,11704.0,False,East Coast,11704.0,13873.0,-21722.0,-3.0,-6372.0,5332.0,8541.0,11678.834157519275,-25.165842480724677,2194.1658424807247,12313.620662588268,1559.3793374117322,6,cv_test
2019-03-01,1,28301.0,2.0,22610.0,1722.0,2169.0,13873.0,False,East Coast,13873.0,12654.0,-28301.0,-2.0,-3971.0,9902.0,2752.0,13659.932528037163,-213.06747196283686,-1005.9325280371631,14213.50397776225,-1559.5039777622496,6,cv_test
2019-04-01,1,30861.0,0.0,23190.0,1900.0,-1219.0,12654.0,False,East Coast,12654.0,15125.0,-30861.0,-0.0,-5771.0,6883.0,8242.0,12546.535149677871,-107.46485032212877,2578.4648503221288,13265.126151760353,1859.8738482396475,6,cv_test
2019-05-01,1,33700.0,733.0,25555.0,1970.0,2471.0,15125.0,False,East Coast,15125.0,14786.0,-33700.0,-733.0,-6908.0,8217.0,6569.0,14803.471098755648,-321.5289012443518,-17.4710987556482,15071.725641342171,-285.725641342171,7,cv_test
2019-06-01,1,31053.0,1.0,23820.0,2035.0,-339.0,14786.0,False,East Coast,14786.0,10651.0,-31053.0,-1.0,-5199.0,9587.0,1064.0,14493.838849974843,-292.16115002515653,-3842.8388499748435,14810.355933911755,-4159.355933911755,7,cv_test
2019-07-01,1,27510.0,1362.0,16560.0,2237.0,-4135.0,10651.0,False,East Coast,10651.0,10412.0,-27510.0,-1362.0,-10075.0,576.0,9836.0,10717.05611042138,66.05611042137934,-305.05611042137934,11456.395781722025,-1044.3957817220253,7,cv_test
2019-08-01,1,26235.0,0.0,21398.0,2328.0,-239.0,10412.0,True,East Coast,10412.0,9779.0,-26235.0,-0.0,-2509.0,7903.0,1876.0,10498.760808183586,86.76080818358605,-719.760808183586,11284.807850527373,-1505.8078505273734,7,cv_test
2019-09-01,1,24566.0,1455.0,17047.0,2355.0,-633.0,9779.0,False,East Coast,9779.0,10744.0,-24566.0,-1455.0,-6619.0,3160.0,7584.0,9920.597936566332,141.59793656633155,823.4020634336684,10770.270862132014,-26.270862132014372,7,cv_test
2019-10-01,1,22644.0,1.0,16372.0,2583.0,965.0,10744.0,False,East Coast,10744.0,10698.0,-22644.0,-1.0,-3690.0,7054.0,3644.0,10801.99947070638,57.999470706379725,-103.99947070637973,11630.236357314117,-932.2363573141174,7,cv_test
2019-11-01,1,23966.0,0.0,14703.0,2385.0,-46.0,10698.0,False,East Coast,10698.0,9646.0,-23966.0,-0.0,-6878.0,3820.0,5826.0,10759.984475296595,61.98447529659461,-1113.9844752965946,11536.710311969568,-1890.7103119695676,7,cv_test
2019-12-01,1,24919.0,0.0,15925.0,2362.0,-1052.0,9646.0,False,East Coast,9646.0,9729.0,-24919.0,-0.0,-6632.0,3014.0,6715.0,9799.119797664129,153.11979766412878,-70.11979766412878,10662.533723301769,-933.533723301769,7,cv_test
2020-01-01,1,23790.0,2904.0,14785.0,2495.0,83.0,9729.0,False,East Coast,9729.0,10374.0,-23790.0,-2904.0,-9414.0,315.0,10059.0,9874.929463294828,145.92946329482766,499.07053670517234,10768.331186260119,-394.33118626011856,7,cv_test
2020-02-01,1,19986.0,948.0,12160.0,2318.0,645.0,10374.0,False,East Coast,10374.0,11369.0,-19986.0,-948.0,-6456.0,3918.0,7451.0,10464.052768497242,90.05276849724214,904.9472315027579,11250.657088332491,118.34291166750882,7,cv_test
2020-03-01,1,19747.0,757.0,12238.0,2203.0,995.0,11369.0,False,East Coast,11369.0,11968.0,-19747.0,-757.0,-6063.0,5306.0,6662.0,11372.855386600191,3.8553866001911956,595.1446133998088,12039.078127784722,-71.0781277847218,7,cv_test
2020-04-01,1,15822.0,1.0,10211.0,1952.0,599.0,11968.0,False,East Coast,11968.0,12820.0,-15822.0,-1.0,-3660.0,8308.0,4512.0,11919.963696392822,-48.036303607177615,900.0363036071776,12462.688117313213,357.3118826867867,7,cv_test
2020-05-01,1,18523.0,0.0,14096.0,1884.0,852.0,12820.0,True,East Coast,12820.0,12539.0,-18523.0,-0.0,-2543.0,10277.0,2262.0,12698.154480939267,-121.84551906073284,-159.15448093926716,13146.352805289916,-607.3528052899164,7,cv_test
2020-06-01,1,18167.0,733.0,14867.0,1985.0,-281.0,12539.0,False,East Coast,12539.0,11454.0,-18167.0,-733.0,-2048.0,10491.0,963.0,12441.49766115341,-97.50233884659065,-987.4976611534094,12942.92933435197,-1488.9293343519694,7,cv_test
2020-07-01,1,16212.0,1111.0,11357.0,2005.0,-1085.0,11454.0,False,East Coast,11454.0,12065.0,-16212.0,-1111.0,-3961.0,7493.0,4572.0,11450.49179116175,-3.5082088382496295,614.5082088382496,12053.604651863938,11.395348136062239,7,cv_test
2020-08-01,1,18573.0,450.0,14442.0,2274.0,611.0,12065.0,False,East Coast,12065.0,11148.0,-18573.0,-450.0,-2307.0,9758.0,1390.0,12008.560534539542,-56.43946546045845,-860.5605345395415,12633.09056294402,-1485.0905629440203,7,cv_test
2020-09-01,1,16451.0,2399.0,11956.0,2411.0,-917.0,11148.0,False,East Coast,11148.0,10510.0,-16451.0,-2399.0,-4483.0,6665.0,3845.0,11171.000734740139,23.000734740138796,-661.0007347401388,11915.182159184855,-1405.1821591848548,7,cv_test
2020-10-01,1,17657.0,64.0,12075.0,2396.0,-638.0,10510.0,False,East Coast,10510.0,9916.0,-17657.0,-64.0,-3250.0,7260.0,2656.0,10588.271015795735,78.27101579573537,-672.2710157957354,11384.730498066521,-1468.7304980665212,7,cv_test
2020-11-01,1,17734.0,0.0,13543.0,2250.0,-594.0,9916.0,True,East Coast,9916.0,9876.0,-17734.0,-0.0,-1941.0,7975.0,1901.0,10045.729553330257,129.72955333025675,-169.72955333025675,10853.796082071545,-977.7960820715452,7,cv_test
2020-12-01,1,18362.0,729.0,13780.0,2340.0,-40.0,9876.0,False,East Coast,9876.0,9925.0,-18362.0,-729.0,-2971.0,6905.0,3020.0,10009.194774713053,133.19477471305254,-84.19477471305254,10846.068350070684,-921.0683500706837,7,cv_test
2021-01-01,1,18510.0,749.0,14179.0,2356.0,49.0,9925.0,False,East Coast,9925.0,7396.0,-18510.0,-749.0,-2724.0,7201.0,195.0,10053.949878519126,128.9498785191263,-2657.9498785191263,10890.976590046614,-3494.9765900466136,7,cv_test
2021-02-01,1,16567.0,932.0,11421.0,1984.0,-2529.0,7396.0,False,East Coast,7396.0,8357.0,-16567.0,-932.0,-4094.0,3302.0,5055.0,7744.038500446403,348.0385004464033,612.9614995535967,8208.678988785163,148.3210112148372,8,cv_test
2021-03-01,1,20986.0,698.0,15706.0,2327.0,961.0,8357.0,False,East Coast,8357.0,8739.0,-20986.0,-698.0,-3651.0,4706.0,4033.0,8621.78655672473,264.78655672472996,117.21344327527004,9025.127949502821,-286.12794950282114,8,cv_test
2021-04-01,1,18903.0,724.0,17836.0,2421.0,382.0,8739.0,False,East Coast,8739.0,8347.0,-18903.0,-724.0,630.0,9369.0,-1022.0,8970.693692519028,231.69369251902754,-623.6936925190275,9349.668535344805,-1002.6685353448047,8,cv_test
2021-05-01,1,21682.0,0.0,17679.0,2424.0,-392.0,8347.0,True,East Coast,8347.0,7753.0,-21682.0,-0.0,-1579.0,6768.0,985.0,8612.652862070428,265.65286207042845,-859.6528620704285,9016.63212264832,-1263.6321226483196,8,cv_test
2021-06-01,1,21517.0,567.0,16668.0,2212.0,-594.0,7753.0,False,East Coast,7753.0,8102.0,-21517.0,-567.0,-3204.0,4549.0,3553.0,8070.111399604949,317.11139960494893,31.88860039505107,8511.98000749089,-409.9800074908908,8,cv_test
2021-07-01,1,20906.0,489.0,18311.0,2092.0,349.0,8102.0,False,East Coast,8102.0,8501.0,-20906.0,-489.0,-992.0,7110.0,1391.0,8388.877343040054,286.87734304005426,112.12265695994574,8808.484364713016,-307.4843647130165,8,cv_test
2021-08-01,1,21173.0,714.0,17261.0,2258.0,399.0,8501.0,False,East Coast,8501.0,7728.0,-21173.0,-714.0,-2368.0,6133.0,1595.0,8753.311759746664,252.3117597466644,-1025.3117597466644,9147.467856207653,-1419.4678562076533,8,cv_test
2021-09-01,1,21108.0,0.0,16172.0,2243.0,-773.0,7728.0,True,East Coast,7728.0,7439.0,-21108.0,-0.0,-2693.0,5035.0,2404.0,8047.277162969197,319.277162969197,-608.277162969197,8490.740440354635,-1051.7404403546352,8,cv_test
2021-10-01,1,19667.0,0.0,16686.0,1981.0,-289.0,7439.0,True,East Coast,7439.0,7418.0,-19667.0,-0.0,-1000.0,6439.0,979.0,7783.313387459898,344.31338745989797,-365.31338745989797,8245.211044259522,-827.2110442595222,8,cv_test
2021-11-01,1,21657.0,0.0,18172.0,1892.0,-21.0,7418.0,False,East Coast,7418.0,7395.0,-21657.0,-0.0,-1593.0,5825.0,1570.0,7764.132628685866,346.1326286858657,-369.1326286858657,8227.369807865067,-832.3698078650668,8,cv_test
2021-12-01,1,22725.0,735.0,20643.0,1870.0,-23.0,7395.0,False,East Coast,7395.0,7035.0,-22725.0,-735.0,-947.0,6448.0,587.0,7743.125130980973,348.12513098097315,-708.1251309809732,8207.829406099714,-1172.829406099714,8,cv_test
2022-01-01,1,21529.0,1721.0,16109.0,1841.0,-360.0,7035.0,False,East Coast,7035.0,7823.0,-21529.0,-1721.0,-5300.0,1735.0,6088.0,7414.312123426137,379.3121234261371,408.6878765738629,7901.979639337635,-78.97963933763458,8,cv_test
2022-02-01,1,18318.0,1459.0,16409.0,1700.0,788.0,7823.0,False,East Coast,7823.0,6984.0,-18318.0,-1459.0,-1668.0,6155.0,829.0,8134.047262185056,311.04726218505584,-1150.0472621850558,8571.450795472407,-1587.4507954724068,8,cv_test
2022-03-01,1,19790.0,714.0,14437.0,2054.0,-839.0,6984.0,False,East Coast,6984.0,7739.0,-19790.0,-714.0,-4013.0,2971.0,4768.0,7367.730280689202,383.7302806892021,371.2697193107979,7858.650922379674,-119.65092237967383,8,cv_test
2022-04-01,1,20388.0,1462.0,17021.0,1904.0,755.0,7739.0,False,East Coast,7739.0,7120.0,-20388.0,-1462.0,-2925.0,4814.0,2306.0,8057.324227088928,318.3242270889277,-937.3242270889277,8500.085849894589,-1380.085849894589,8,cv_test
2022-05-01,1,24185.0,747.0,17489.0,1885.0,-619.0,7120.0,False,East Coast,7120.0,8711.0,-24185.0,-747.0,-5558.0,1562.0,7149.0,7491.948527987696,371.94852798769625,1219.0514720123037,7974.194167600903,736.8058323990972,8,cv_test
2022-06-01,1,23669.0,732.0,19131.0,1694.0,1591.0,8711.0,False,East Coast,8711.0,7451.0,-23669.0,-732.0,-3576.0,5135.0,2316.0,8945.119347486985,234.11934748698513,-1494.1193474869851,9325.8802201522,-1874.8802201521994,8,cv_test
2022-07-01,1,24634.0,3567.0,20289.0,1914.0,-1260.0,7451.0,False,East Coast,7451.0,7044.0,-24634.0,-3567.0,-5998.0,1453.0,5591.0,7794.273821045059,343.27382104505887,-750.2738210450589,8255.406036484925,-1211.4060364849247,8,cv_test
2022-08-01,1,25131.0,2899.0,19735.0,1829.0,-407.0,7044.0,False,East Coast,7044.0,7597.0,-25131.0,-2899.0,-6466.0,578.0,7019.0,7422.532448615008,378.53244861500843,174.46755138499157,7909.6258835066865,-312.6258835066865,8,cv_test
2022-09-01,1,22457.0,936.0,17698.0,1757.0,553.0,7597.0,False,East Coast,7597.0,8411.0,-22457.0,-936.0,-3938.0,3659.0,4752.0,7927.625762997854,330.6257629978536,483.3742370021464,8379.445108560656,31.55489143934392,8,cv_test
2022-10-01,1,24143.0,0.0,20628.0,1750.0,814.0,8411.0,False,East Coast,8411.0,7340.0,-24143.0,-0.0,-1765.0,6646.0,694.0,8671.108507857956,260.1085078579563,-1331.1085078579563,9071.005414517134,-1731.0054145171343,8,cv_test
2022-11-01,1,24623.0,0.0,19062.0,1765.0,-1071.0,7340.0,False,East Coast,7340.0,7612.0,-24623.0,-0.0,-3796.0,3544.0,4068.0,7692.889810382318,352.8898103823176,-80.88981038231759,7869.9494902534,-257.94949025339974,9,cv_test
2022-12-01,1,23493.0,1383.0,18987.0,1779.0,272.0,7612.0,False,East Coast,7612.0,7164.0,-23493.0,-1383.0,-4110.0,3502.0,3662.0,7941.326304979305,329.32630497930495,-777.326304979305,8112.080503415645,-948.0805034156447,9,cv_test
2023-01-01,1,23799.0,0.0,16521.0,2033.0,-448.0,7164.0,False,East Coast,7164.0,7617.0,-23799.0,-0.0,-5245.0,1919.0,5698.0,7532.13678446662,368.13678446662016,84.86321553337984,7713.276481736653,-96.2764817366533,9,cv_test
2023-02-01,1,18846.0,0.0,16053.0,1947.0,453.0,7617.0,False,East Coast,7617.0,7033.0,-18846.0,-0.0,-846.0,6771.0,262.0,7945.893152306456,328.8931523064557,-912.8931523064557,8116.531441157598,-1083.5314411575982,9,cv_test
2023-03-01,1,19259.0,0.0,16154.0,2078.0,-584.0,7033.0,False,East Coast,7033.0,8147.0,-19259.0,-0.0,-1027.0,6006.0,2141.0,7412.485384495277,379.4853844952768,734.5146155047232,7596.6619128974835,550.3380871025165,9,cv_test
2023-04-01,1,23465.0,0.0,20050.0,2006.0,1114.0,8147.0,False,East Coast,8147.0,7900.0,-23465.0,-0.0,-1409.0,6738.0,1162.0,8429.978968984407,282.9789689844074,-529.9789689844074,8588.330841804618,-688.3308418046181,9,cv_test
2023-05-01,1,23334.0,0.0,19172.0,2083.0,-247.0,7900.0,False,East Coast,7900.0,7493.0,-23334.0,-0.0,-2079.0,5821.0,1672.0,8204.376711023175,304.3767110231747,-711.3767110231747,8368.45451735214,-875.4545173521401,9,cv_test
2023-06-01,1,19262.0,1.0,16165.0,2080.0,-407.0,7493.0,False,East Coast,7493.0,7796.0,-19262.0,-1.0,-1018.0,6475.0,1321.0,7832.635338593123,339.6353385931234,-36.63533859312338,8006.1481851571625,-210.14818515716252,9,cv_test
2023-07-01,1,20546.0,0.0,17262.0,2027.0,303.0,7796.0,False,East Coast,7796.0,6905.0,-20546.0,-0.0,-1257.0,6539.0,366.0,8109.386286618444,313.3862866184436,-1204.3862866184436,8275.875012319517,-1370.8750123195168,9,cv_test
2023-08-01,1,24518.0,0.0,20452.0,2048.0,-891.0,6905.0,False,East Coast,6905.0,7540.0,-24518.0,-0.0,-2018.0,4887.0,2653.0,7295.574092920224,390.57409292022385,244.42590707977615,7482.717906703486,57.28209329651418,9,cv_test
2023-09-01,1,20235.0,1.0,17487.0,1894.0,635.0,7540.0,False,East Coast,7540.0,8621.0,-20235.0,-1.0,-855.0,6685.0,1936.0,7875.563703468338,335.56370346833774,745.4362965316623,8047.9869999315215,573.0130000684785,9,cv_test
2023-10-01,1,18553.0,1.0,17005.0,2172.0,1081.0,8621.0,False,East Coast,8621.0,8518.0,-18553.0,-1.0,623.0,9244.0,-726.0,8862.916095598277,241.91609559827702,-344.916095598277,9010.279739741767,-492.2797397417671,9,cv_test
2023-11-01,1,22182.0,1.0,20943.0,2028.0,-103.0,8518.0,False,East Coast,8518.0,7201.0,-22182.0,-1.0,788.0,9306.0,-2105.0,8768.839040658975,250.83904065897514,-1567.8390406589751,8918.590422257534,-1717.5904222575336,9,cv_test
2023-12-01,1,24036.0,1.0,17878.0,1873.0,-1317.0,7201.0,False,East Coast,7201.0,8093.0,-24036.0,-1.0,-4286.0,2915.0,5178.0,7565.931454687534,364.9314546875339,527.0685453124661,7746.213421027105,346.78657897289486,9,cv_test
2024-01-01,1,21573.0,0.0,20781.0,1857.0,892.0,8093.0,False,East Coast,8093.0,8615.0,-21573.0,-0.0,1065.0,9158.0,-543.0,8380.657017851183,287.6570178511829,234.3429821488171,8540.260714191527,74.73928580847314,9,cv_test
2024-02-01,1,22372.0,1.0,18682.0,1600.0,522.0,8615.0,False,East Coast,8615.0,8824.0,-22372.0,-1.0,-2091.0,6524.0,2300.0,8857.435878805696,242.43587880569612,-33.43587880569612,9004.938614451423,-180.93861445142284,9,cv_test
2024-03-01,1,23627.0,333.0,19365.0,1651.0,209.0,8824.0,False,East Coast,8824.0,8943.0,-23627.0,-333.0,-2944.0,5880.0,3063.0,9048.330097080587,224.3300970805867,-105.33009708058671,9190.987812065061,-247.987812065061,9,cv_test
2024-04-01,1,23338.0,4.0,18831.0,1711.0,119.0,8943.0,False,East Coast,8943.0,7981.0,-23338.0,-4.0,-2800.0,6143.0,1838.0,9157.021063466767,214.02106346676737,-1176.0210634667674,9296.920130323542,-1315.9201303235423,9,cv_test
2024-05-01,1,25689.0,322.0,21376.0,1731.0,-962.0,7981.0,False,East Coast,7981.0,7754.0,-25689.0,-322.0,-2904.0,5077.0,2677.0,8278.359637723013,297.3596377230133,-524.3596377230133,8440.55970877178,-686.5597087717797,9,cv_test
2024-06-01,1,24534.0,63.0,18838.0,1588.0,-227.0,7754.0,False,East Coast,7754.0,8245.0,-24534.0,-63.0,-4171.0,3583.0,4662.0,8071.024769070379,317.0247690703791,173.97523092962092,8238.48713528711,6.512864712889495,9,cv_test
2024-07-01,1,25408.0,348.0,23327.0,1588.0,491.0,8245.0,False,East Coast,8245.0,7460.0,-25408.0,-348.0,-841.0,7404.0,56.0,8519.489176596559,274.48917659655854,-1059.4891765965585,8675.569221546899,-1215.569221546899,9,cv_test
2024-08-01,1,23476.0,21.0,16955.0,1545.0,-785.0,7460.0,False,East Coast,7460.0,7911.0,-23476.0,-21.0,-4997.0,2463.0,5448.0,7802.49414623393,342.4941462339302,108.50585376606978,7853.160754366342,57.83924563365781,10,cv_test
2024-09-01,1,23105.0,310.0,20049.0,1424.0,451.0,7911.0,False,East Coast,7911.0,7822.0,-23105.0,-310.0,-1942.0,5969.0,1853.0,8214.423775142906,303.4237751429064,-392.4237751429064,8262.331501406767,-440.3315014067666,10,cv_test
2024-10-01,1,22182.0,322.0,17055.0,1634.0,-89.0,7822.0,False,East Coast,7822.0,8416.0,-22182.0,-322.0,-3815.0,4007.0,4409.0,8133.133892719627,311.1338927196266,282.8661072803734,8181.58605465156,234.4139453484404,10,cv_test
2024-11-01,1,22283.0,3.0,17925.0,1446.0,594.0,8416.0,False,East Coast,8416.0,7872.0,-22283.0,-3.0,-2915.0,5501.0,2371.0,8675.675355185107,259.67535518510704,-803.675355185107,8720.493867826752,-848.4938678267517,10,cv_test
2024-12-01,1,23086.0,439.0,18705.0,1418.0,-544.0,7872.0,False,East Coast,7872.0,8666.0,-23086.0,-439.0,-3402.0,4470.0,4196.0,8178.802365991131,306.8023659911314,487.1976340088686,8226.948665188193,439.05133481180746,10,cv_test
2025-01-01,1,22789.0,327.0,19536.0,1430.0,459.0,8666.0,False,East Coast,8666.0,8068.0,-22789.0,-327.0,-2150.0,6516.0,1552.0,8904.01772154263,238.01772154263017,-836.0177215426302,8947.306920509913,-879.3069205099127,10,cv_test
2025-02-01,1,16227.0,9.0,10048.0,1399.0,-598.0,8068.0,False,East Coast,8068.0,7651.0,-16227.0,-9.0,-4789.0,3279.0,4372.0,8357.822781215431,289.82278121543095,-706.822781215431,8404.77009849179,-753.7700984917901,10,cv_test
2025-03-01,1,15958.0,439.0,11405.0,1467.0,-417.0,7651.0,False,East Coast,7651.0,8110.0,-15958.0,-439.0,-3525.0,4126.0,3984.0,7976.947714131079,325.947714131079,133.052285868921,8026.445926616278,83.55407338372243,10,cv_test
2025-04-01,1,21458.0,474.0,17924.0,1504.0,459.0,8110.0,False,East Coast,8110.0,8824.0,-21458.0,-474.0,-2504.0,5606.0,3218.0,8396.184298763495,286.18429876349546,427.81570123650454,8442.874691342562,381.1253086574379,10,cv_test
2025-05-01,1,25145.0,652.0,20414.0,1868.0,714.0,8824.0,False,East Coast,8824.0,9739.0,-25145.0,-652.0,-3515.0,5309.0,4430.0,9048.330097080587,224.3300970805867,690.6699029194133,9090.65276980567,648.3472301943293,10,cv_test
2025-06-01,1,23826.0,318.0,20645.0,1643.0,915.0,9739.0,False,East Coast,9739.0,8439.0,-23826.0,-318.0,-1856.0,7883.0,556.0,9884.06315794913,145.06315794912916,-1445.0631579491292,9920.788542626042,-1481.7885426260418,10,cv_test
2025-07-01,1,23471.0,318.0,18462.0,1666.0,-1300.0,8439.0,False,East Coast,8439.0,7752.0,-23471.0,-318.0,-3661.0,4778.0,2974.0,8696.682852889997,257.68285288999687,-944.6828528899969,8741.360668673602,-989.360668673602,10,cv_test
2025-08-01,1,25075.0,645.0,19613.0,1698.0,-687.0,7752.0,False,East Coast,7752.0,7395.0,-25075.0,-645.0,-4409.0,3343.0,4052.0,8069.198030139519,317.1980301395188,-674.1980301395188,8118.078399900274,-723.0783999002742,10,cv_test
2025-09-01,1,23824.0,600.0,19281.0,1722.0,-357.0,7395.0,False,East Coast,7395.0,7832.0,-23824.0,-600.0,-3421.0,3974.0,3858.0,7743.125130980973,348.12513098097315,88.87486901902685,7794.18936066872,37.81063933128007,10,cv_test
2025-10-01,1,26043.0,767.0,22719.0,1926.0,437.0,7832.0,False,East Coast,7832.0,8383.0,-26043.0,-767.0,-2165.0,5667.0,2716.0,8142.267587373927,310.2675873739272,240.7324126260728,8190.658576758887,192.34142324111326,10,cv_test
2025-11-01,1,25483.0,326.0,19253.0,1719.0,551.0,8383.0,False,East Coast,8383.0,6591.0,-25483.0,-326.0,-4837.0,3546.0,3045.0,8645.534162825912,262.53416282591206,-2054.534162825912,8690.554544872575,-2099.554544872575,10,cv_test
2025-12-01,1,25629.0,661.0,18230.0,1975.0,-1792.0,6591.0,False,East Coast,6591.0,6482.0,-25629.0,-661.0,-6085.0,506.0,5976.0,7008.776080775173,417.7760807751729,-526.7760807751729,7064.758583239673,-582.7585832396726,10,cv_test
2026-01-01,1,24004.0,335.0,19694.0,1766.0,-109.0,6482.0,False,East Coast,6482.0,8564.0,-24004.0,-335.0,-2879.0,3603.0,4961.0,6909.218809043292,427.2188090432919,1654.781190956708,6965.868092269814,1598.131907730186,10,cv_test
2026-02-01,1,22261.0,679.0,19791.0,1849.0,2082.0,8564.0,False,East Coast,8564.0,8537.0,-22261.0,-679.0,-1300.0,7264.0,1273.0,8810.85403606876,246.85403606876025,-273.85403606876025,8854.767195015183,-317.76719501518346,10,cv_test
2026-03-01,1,25506.0,324.0,19883.0,2035.0,-27.0,8537.0,False,East Coast,8537.0,8832.0,-25506.0,-324.0,-3912.0,4625.0,4207.0,8786.193060502148,249.193060502148,45.806939497852,8830.271385325403,1.7286146745973383,10,cv_test
2026-04-01,1,24338.0,333.0,20346.0,1782.0,295.0,8832.0,False,East Coast,8832.0,8707.0,-24338.0,-333.0,-2543.0,6289.0,2418.0,9055.637052804028,223.63705280402792,-348.6370528040279,9097.910787491532,-390.91078749153166,10,cv_test
2026-05-01,1,24920.0,329.0,15105.0,1707.0,-125.0,8707.0,False,East Coast,8707.0,,-24920.0,-329.0,-8437.0,270.0,,8941.465869625265,234.46586962526453,,,,,forecast
2007-01-01,2,102168.0,270.0,36503.0,13511.0,-2524.0,66002.0,False,Midwest,66002.0,67873.0,-102168.0,-270.0,-52424.0,13578.0,54295.0,66052.56290654269,50.56290654269105,1820.437093457309,,,,initial_train
2007-02-01,2,90138.0,524.0,31303.0,12761.0,1871.0,67873.0,False,Midwest,67873.0,72997.0,-90138.0,-524.0,-46598.0,21275.0,51722.0,69775.63034425059,1902.6303442505887,3221.3696557494113,,,,initial_train
2007-03-01,2,99728.0,434.0,34623.0,14737.0,5124.0,72997.0,False,Midwest,72997.0,74366.0,-99728.0,-434.0,-50802.0,22195.0,52171.0,73135.04340293616,138.04340293616406,1230.956597063836,,,,initial_train
2007-04-01,2,99259.0,553.0,36806.0,14189.0,1369.0,74366.0,False,Midwest,74366.0,74234.0,-99259.0,-553.0,-48817.0,25549.0,48685.0,74419.75232365294,53.752323652937775,-185.75232365293778,,,,initial_train
2007-05-01,2,102629.0,985.0,33555.0,15083.0,-132.0,74234.0,False,Midwest,74234.0,69559.0,-102629.0,-985.0,-54976.0,19258.0,50301.0,73817.54782021714,-416.4521797828638,-4258.547820217136,,,,initial_train
2007-06-01,2,97117.0,1535.0,30784.0,14215.0,-4675.0,69559.0,False,Midwest,69559.0,66293.0,-97117.0,-1535.0,-53653.0,15906.0,50387.0,70315.52772089437,756.5277208943735,-4022.5277208943735,,,,initial_train
2007-07-01,2,99300.0,407.0,32350.0,14917.0,-3266.0,66293.0,False,Midwest,66293.0,63055.0,-99300.0,-407.0,-52440.0,13853.0,49202.0,67005.9721928563,712.972192856294,-3950.972192856294,,,,initial_train
2007-08-01,2,102554.0,234.0,36295.0,15115.0,-3238.0,63055.0,False,Midwest,63055.0,60288.0,-102554.0,-234.0,-51378.0,11677.0,48611.0,63473.38901843238,418.3890184323827,-3185.3890184323827,,,,initial_train
2007-09-01,2,96647.0,326.0,34450.0,14859.0,-2767.0,60288.0,False,Midwest,60288.0,59547.0,-96647.0,-326.0,-47664.0,12624.0,46923.0,61900.126587144325,1612.1265871443247,-2353.1265871443247,,,,initial_train
2007-10-01,2,94953.0,298.0,35220.0,14291.0,-741.0,59547.0,False,Midwest,59547.0,62335.0,-94953.0,-298.0,-45740.0,13807.0,48528.0,61433.77274675488,1886.772746754883,901.227253245117,,,,initial_train
2007-11-01,2,93188.0,253.0,34548.0,14875.0,2788.0,62335.0,False,Midwest,62335.0,59039.0,-93188.0,-253.0,-44018.0,18317.0,40722.0,64409.39035370281,2074.390353702809,-5370.390353702809,,,,initial_train
2007-12-01,2,99934.0,169.0,35743.0,14972.0,-3296.0,59039.0,False,Midwest,59039.0,59972.0,-99934.0,-169.0,-49388.0,9651.0,50321.0,60184.970698155885,1145.9706981558847,-212.97069815588475,,,,initial_train
2008-01-01,2,99612.0,340.0,38582.0,15830.0,933.0,59972.0,False,Midwest,59972.0,60213.0,-99612.0,-340.0,-45540.0,14432.0,45781.0,61238.101101351844,1266.1011013518437,-1025.1011013518437,,,,initial_train
2008-02-01,2,92462.0,260.0,35564.0,14182.0,241.0,60213.0,False,Midwest,60213.0,63320.0,-92462.0,-260.0,-42976.0,17237.0,46083.0,62475.227847369155,2262.227847369155,844.7721526308451,,,,initial_train
2008-03-01,2,91248.0,673.0,35405.0,16035.0,3107.0,63320.0,False,Midwest,63320.0,65084.0,-91248.0,-673.0,-40481.0,22839.0,42245.0,65829.19103402052,2509.1910340205213,-745.1910340205213,,,,initial_train
2008-04-01,2,97447.0,417.0,36194.0,15886.0,1764.0,65084.0,False,Midwest,65084.0,64094.0,-97447.0,-417.0,-45784.0,19300.0,44794.0,66359.86930055813,1275.86930055813,-2265.86930055813,,,,initial_train
2008-05-01,2,104661.0,453.0,34912.0,16541.0,-990.0,64094.0,False,Midwest,64094.0,63519.0,-104661.0,-453.0,-53661.0,10433.0,53086.0,64261.04938393903,167.04938393903285,-742.0493839390329,,,,initial_train
2008-06-01,2,100779.0,397.0,34193.0,16083.0,-575.0,63519.0,False,Midwest,63519.0,62878.0,-100779.0,-397.0,-50900.0,12619.0,50259.0,64342.36718720482,823.3671872048217,-1464.3671872048217,,,,initial_train
2008-07-01,2,101800.0,744.0,37622.0,16772.0,-641.0,62878.0,False,Midwest,62878.0,61593.0,-101800.0,-744.0,-48150.0,14728.0,46865.0,63677.984972394835,799.9849723948355,-2084.9849723948355,,,,initial_train
2008-08-01,2,100781.0,799.0,34423.0,17389.0,-1285.0,61593.0,False,Midwest,61593.0,59503.0,-100781.0,-799.0,-49768.0,11825.0,47678.0,62738.10114918903,1145.1011491890313,-3235.1011491890313,,,,initial_train
2008-09-01,2,96380.0,1170.0,33712.0,17123.0,-2090.0,59503.0,False,Midwest,59503.0,63306.0,-96380.0,-1170.0,-46715.0,12788.0,50518.0,61531.65401635752,2028.6540163575191,1774.3459836424809,,,,initial_train
2008-10-01,2,98907.0,544.0,38304.0,18065.0,3803.0,63306.0,False,Midwest,63306.0,69364.0,-98907.0,-544.0,-43082.0,20224.0,49140.0,64766.15897088123,1460.1589708812317,4597.841029118768,,,,initial_train
2008-11-01,2,97769.0,673.0,36630.0,17728.0,6058.0,69364.0,False,Midwest,69364.0,78375.0,-97769.0,-673.0,-44084.0,25280.0,53095.0,70533.33974836659,1169.3397483665904,7841.66025163341,70689.52884156289,7685.471158437111,1,cv_test
2008-12-01,2,97015.0,1410.0,39348.0,17572.0,9011.0,78375.0,False,Midwest,78375.0,83218.0,-97015.0,-1410.0,-41505.0,36870.0,46348.0,79015.61850383307,640.6185038330732,4202.381496166927,81137.25300436096,2080.7469956390414,1,cv_test
2009-01-01,2,96921.0,1029.0,39046.0,17232.0,4843.0,83218.0,False,Midwest,83218.0,86289.0,-96921.0,-1029.0,-41672.0,41546.0,44743.0,83477.12740070221,259.1274007022148,2811.872599297785,85731.60437920595,557.39562079405,1,cv_test
2009-02-01,2,88608.0,818.0,30372.0,16215.0,3071.0,86289.0,False,Midwest,86289.0,83546.0,-88608.0,-818.0,-42839.0,43450.0,40096.0,87610.091968474,1321.091968473993,-4064.091968473993,87521.35058351661,-3975.3505835166143,1,cv_test
2009-03-01,2,91590.0,812.0,35362.0,17543.0,-2743.0,83546.0,False,Midwest,83546.0,85164.0,-91590.0,-812.0,-39497.0,44049.0,41115.0,84746.3527210966,1200.3527210965985,417.64727890340146,86358.6116256201,-1194.6116256201058,1,cv_test
2009-04-01,2,93231.0,687.0,34461.0,17031.0,1618.0,85164.0,False,Midwest,85164.0,82798.0,-93231.0,-687.0,-42426.0,42738.0,40060.0,85884.52544240915,720.5254424091545,-3086.5254424091545,86760.54063837204,-3962.54063837204,1,cv_test
2009-05-01,2,99593.0,937.0,30603.0,18060.0,-2366.0,82798.0,False,Midwest,82798.0,79916.0,-99593.0,-937.0,-51867.0,30931.0,48985.0,82700.60800140645,-97.39199859354994,-2784.60800140645,80008.08267520196,-92.08267520196387,1,cv_test
2009-06-01,2,98952.0,776.0,38443.0,17830.0,-2882.0,79916.0,False,Midwest,79916.0,83181.0,-98952.0,-776.0,-43455.0,36461.0,46720.0,80137.80823285878,221.80823285877705,3043.191767141223,81459.89438353237,1721.1056164676265,1,cv_test
2009-07-01,2,101897.0,970.0,40858.0,18698.0,3265.0,83181.0,False,Midwest,83181.0,79596.0,-101897.0,-970.0,-43311.0,39870.0,39726.0,82780.84013447633,-400.15986552367394,-3184.840134476326,84794.51338574768,-5198.513385747676,1,cv_test
2009-08-01,2,98196.0,1032.0,38566.0,18471.0,-3585.0,79596.0,False,Midwest,79596.0,76130.0,-98196.0,-1032.0,-42191.0,37405.0,38725.0,80063.55737371277,467.55737371277064,-3933.5573737127706,81577.73560484865,-5447.7356048486545,1,cv_test
2009-09-01,2,95238.0,1202.0,36082.0,18502.0,-3466.0,76130.0,False,Midwest,76130.0,76287.0,-95238.0,-1202.0,-41856.0,34274.0,42013.0,77361.48520149029,1231.4852014902863,-1074.4852014902863,78103.57422970637,-1816.5742297063698,1,cv_test
2009-10-01,2,92010.0,1539.0,35321.0,18812.0,157.0,76287.0,False,Midwest,76287.0,85201.0,-92010.0,-1539.0,-39416.0,36871.0,48330.0,78114.17659075503,1827.1765907550289,7086.823409244971,79187.5134465252,6013.486553474795,1,cv_test
2009-11-01,2,90433.0,1291.0,38943.0,18449.0,8914.0,85201.0,False,Midwest,85201.0,87868.0,-90433.0,-1291.0,-34332.0,50869.0,36999.0,86625.62219844545,1424.622198445446,1242.377801554554,90364.01697092228,-2496.016970922283,1,cv_test
2009-12-01,2,97720.0,1811.0,41305.0,18525.0,2667.0,87868.0,False,Midwest,87868.0,83164.0,-97720.0,-1811.0,-39701.0,48167.0,34997.0,87840.72281650381,-27.277183496189537,-4676.7228165038105,91224.62506019117,-8060.625060191174,1,cv_test
2010-01-01,2,99184.0,409.0,34743.0,18165.0,-4704.0,83164.0,False,Midwest,83164.0,81035.0,-99184.0,-409.0,-46685.0,36479.0,44556.0,83142.95911718323,-21.040882816771045,-2107.959117183229,82697.55847989972,-1662.5584798997152,1,cv_test
2010-02-01,2,91717.0,665.0,31836.0,17778.0,-2129.0,81035.0,False,Midwest,81035.0,84879.0,-91717.0,-665.0,-42768.0,38267.0,46612.0,82413.1093162573,1378.1093162572943,2465.8906837427057,82078.00336289198,2800.9966371080227,1,cv_test
2010-03-01,2,95614.0,1326.0,37751.0,20488.0,3844.0,84879.0,False,Midwest,84879.0,91220.0,-95614.0,-1326.0,-38701.0,46178.0,45042.0,85697.03830555239,818.0383055523853,5522.961694447615,87585.1765336112,3634.8234663887997,1,cv_test
2010-04-01,2,93994.0,989.0,34094.0,20165.0,6341.0,91220.0,False,Midwest,91220.0,93753.0,-93994.0,-989.0,-40724.0,50496.0,43257.0,91805.58105363544,585.5810536354402,1947.4189463645598,92535.00242933503,1217.9975706649711,1,cv_test
2010-05-01,2,105719.0,1120.0,38636.0,20917.0,2533.0,93753.0,False,Midwest,93753.0,94526.0,-105719.0,-1120.0,-47286.0,46467.0,48059.0,92220.05981144661,-1532.940188553388,2305.940188553388,92693.93073670001,1832.0692632999853,1,cv_test
2010-06-01,2,103253.0,936.0,40839.0,20933.0,773.0,94526.0,False,Midwest,94526.0,96060.0,-103253.0,-936.0,-42417.0,52109.0,43951.0,93381.16520263998,-1144.8347973600175,2678.8347973600175,95587.49949472287,472.5005052771303,1,cv_test
2010-07-01,2,107177.0,1123.0,40357.0,21785.0,1534.0,96060.0,False,Midwest,96060.0,92541.0,-107177.0,-1123.0,-46158.0,49902.0,42639.0,94232.54719631434,-1827.4528036856645,-1691.5471963143355,95346.0183391779,-2805.018339177899,1,cv_test
2010-08-01,2,106469.0,932.0,36993.0,21998.0,-3519.0,92541.0,False,Midwest,92541.0,91083.0,-106469.0,-932.0,-48410.0,44131.0,46952.0,91108.19037425089,-1432.8096257491125,-25.190374250887544,91033.61979037545,49.380209624549025,2,cv_test
2010-09-01,2,99368.0,1838.0,33755.0,22024.0,-1458.0,91083.0,False,Midwest,91083.0,89274.0,-99368.0,-1838.0,-45427.0,45656.0,43618.0,90993.00487322891,-89.99512677108578,-1719.0048732289142,91516.84033681553,-2242.840336815527,2,cv_test
2010-10-01,2,94946.0,681.0,33838.0,22627.0,-1809.0,89274.0,False,Midwest,89274.0,90795.0,-94946.0,-681.0,-39162.0,50112.0,40683.0,90175.36153979697,901.3615397969697,619.6384602030303,92864.01296580254,-2069.01296580254,2,cv_test
2010-11-01,2,97325.0,905.0,38176.0,22607.0,1521.0,90795.0,False,Midwest,90795.0,96793.0,-97325.0,-905.0,-37447.0,53348.0,43445.0,91183.22940626231,388.2294062623114,5609.770593737689,94168.73654144883,2624.2634585511696,2,cv_test
2010-12-01,2,102911.0,1072.0,41160.0,23250.0,5998.0,96793.0,False,Midwest,96793.0,97198.0,-102911.0,-1072.0,-39573.0,57220.0,39978.0,95869.26009241396,-923.7399075860449,1328.7399075860449,98178.5890468868,-980.589046886802,2,cv_test
2011-01-01,2,102491.0,1164.0,45573.0,22724.0,405.0,97198.0,False,Midwest,97198.0,101452.0,-102491.0,-1164.0,-35358.0,61840.0,39612.0,96262.75183418787,-935.2481658121251,5189.248165812125,99381.73374644315,2070.2662535568525,2,cv_test
2011-02-01,2,92559.0,847.0,43812.0,19928.0,4254.0,101452.0,False,Midwest,101452.0,103778.0,-92559.0,-847.0,-29666.0,71786.0,31992.0,101556.58910284849,104.58910284849117,2221.410897151509,104703.17688744582,-925.1768874458212,2,cv_test
2011-03-01,2,100459.0,962.0,46692.0,24313.0,2326.0,103778.0,False,Midwest,103778.0,101938.0,-100459.0,-962.0,-30416.0,73362.0,28576.0,102950.99084255689,-827.0091574431135,-1012.9908425568865,107531.25988302668,-5593.25988302668,2,cv_test
2011-04-01,2,97215.0,866.0,41696.0,22912.0,-1840.0,101938.0,False,Midwest,101938.0,99563.0,-97215.0,-866.0,-33473.0,68465.0,31098.0,101598.12654109678,-339.8734589032247,-2035.1265410967753,104964.72485372846,-5401.724853728461,2,cv_test
2011-05-01,2,102588.0,794.0,40978.0,24166.0,-2375.0,99563.0,False,Midwest,99563.0,96677.0,-102588.0,-794.0,-38238.0,61325.0,35352.0,98623.25477486203,-939.7452251379727,-1946.2547748620273,101504.00845628814,-4827.008456288138,2,cv_test
2011-06-01,2,104065.0,800.0,40641.0,24279.0,-2886.0,96677.0,False,Midwest,96677.0,93732.0,-104065.0,-800.0,-39945.0,56732.0,37000.0,95700.56287402454,-976.4371259754553,-1968.5628740245447,98401.0808631368,-4669.080863136798,2,cv_test
2011-07-01,2,107810.0,1697.0,43561.0,26094.0,-2945.0,93732.0,False,Midwest,93732.0,93855.0,-107810.0,-1697.0,-39852.0,53880.0,39975.0,92575.24396965659,-1156.7560303434147,1279.7560303434147,96052.72849921061,-2197.7284992106142,2,cv_test
2011-08-01,2,104162.0,880.0,46193.0,26938.0,123.0,93855.0,False,Midwest,93855.0,90055.0,-104162.0,-880.0,-31911.0,61944.0,28111.0,93457.99717015427,-397.0028298457328,-3402.997170154267,99421.75812055476,-9366.758120554761,2,cv_test
2011-09-01,2,103775.0,898.0,48806.0,26810.0,-3800.0,90055.0,False,Midwest,90055.0,90351.0,-103775.0,-898.0,-29057.0,60998.0,29353.0,89992.48805818261,-62.51194181738538,358.5119418173854,96879.58262759069,-6528.5826275906875,2,cv_test
2011-10-01,2,103671.0,1482.0,46889.0,28574.0,296.0,90351.0,False,Midwest,90351.0,90438.0,-103671.0,-1482.0,-29690.0,60661.0,29777.0,90524.00517430891,173.0051743089134,-86.00517430891341,97797.2063992091,-7359.206399209099,2,cv_test
2011-11-01,2,102654.0,1639.0,47738.0,28752.0,87.0,90438.0,False,Midwest,90438.0,90455.0,-102654.0,-1639.0,-27803.0,62635.0,27820.0,90811.4677223594,373.46772235940443,-356.46772235940443,98583.47790402942,-8128.477904029423,2,cv_test
2011-12-01,2,109175.0,1544.0,52642.0,30226.0,17.0,90455.0,False,Midwest,90455.0,92203.0,-109175.0,-1544.0,-27851.0,62604.0,29599.0,89907.30688224731,-547.6931177526858,2295.693117752686,98330.81085655646,-6127.810856556462,2,cv_test
2012-01-01,2,108247.0,2295.0,53695.0,31185.0,1748.0,92203.0,False,Midwest,92203.0,96046.0,-108247.0,-2295.0,-25662.0,66541.0,29505.0,91830.10875525424,-372.8912447457551,4215.891244745755,100894.38103963094,-4848.381039630942,2,cv_test
2012-02-01,2,100557.0,1707.0,53080.0,29986.0,3843.0,96046.0,False,Midwest,96046.0,100436.0,-100557.0,-1707.0,-19198.0,76848.0,23588.0,96576.31719397123,530.3171939712338,3859.682806028766,106604.04771145424,-6168.047711454245,2,cv_test
2012-03-01,2,104646.0,1423.0,54318.0,32413.0,4390.0,100436.0,False,Midwest,100436.0,103977.0,-104646.0,-1423.0,-19338.0,81098.0,22879.0,100275.2533927979,-160.74660720210522,3701.746607202105,111030.33756242259,-7053.337562422588,2,cv_test
2012-04-01,2,105817.0,1180.0,52982.0,32062.0,3541.0,103977.0,False,Midwest,103977.0,107733.0,-105817.0,-1180.0,-21953.0,82024.0,25709.0,103300.98012077593,-676.0198792240699,4432.01987922407,113078.83375721687,-5345.8337572168675,2,cv_test
2012-05-01,2,107901.0,1720.0,53249.0,34950.0,3756.0,107733.0,False,Midwest,107733.0,107366.0,-107901.0,-1720.0,-21422.0,86311.0,21055.0,106824.18592525517,-908.8140747448342,541.8140747448342,109661.01168406317,-2295.011684063167,3,cv_test
2012-06-01,2,103987.0,1282.0,52974.0,34084.0,-367.0,107366.0,False,Midwest,107366.0,102315.0,-103987.0,-1282.0,-18211.0,89155.0,13160.0,107048.93117144075,-317.0688285592478,-4733.931171440752,110477.04397323793,-8162.043973237931,3,cv_test
2012-07-01,2,108462.0,2205.0,55187.0,35894.0,-5051.0,102315.0,False,Midwest,102315.0,100879.0,-108462.0,-2205.0,-19586.0,82729.0,18150.0,101837.88489153332,-477.11510846667807,-958.8848915333219,105206.60037248828,-4327.600372488276,3,cv_test
2012-08-01,2,109339.0,1590.0,54389.0,37098.0,-1436.0,100879.0,False,Midwest,100879.0,103558.0,-109339.0,-1590.0,-19442.0,81437.0,22121.0,100516.36535288347,-362.6346471165307,3041.6346471165307,103792.33058298008,-234.3305829800811,3,cv_test
2012-09-01,2,101146.0,1631.0,50528.0,36508.0,2679.0,103558.0,False,Midwest,103558.0,102014.0,-101146.0,-1631.0,-15741.0,87817.0,14197.0,104343.06377537934,785.0637753793417,-2329.0637753793417,108357.55296948324,-6343.552969483237,3,cv_test
2012-10-01,2,103356.0,1318.0,48671.0,39191.0,-1544.0,102014.0,False,Midwest,102014.0,105330.0,-103356.0,-1318.0,-16812.0,85202.0,20128.0,102889.5115008307,875.5115008307039,2440.488499169296,106589.8335691319,-1259.8335691318935,3,cv_test
2012-11-01,2,99582.0,1829.0,48761.0,37487.0,3316.0,105330.0,False,Midwest,105330.0,111592.0,-99582.0,-1829.0,-15163.0,90167.0,21425.0,106391.49317404637,1061.4931740463653,5200.506825953635,110496.15509287715,1095.8449071228533,3,cv_test
2012-12-01,2,106786.0,1784.0,55389.0,39425.0,6262.0,111592.0,False,Midwest,111592.0,115786.0,-106786.0,-1784.0,-13756.0,97836.0,17950.0,111233.4485400128,-358.5514599871967,4552.551459987197,115276.75999715582,509.24000284417707,3,cv_test
2013-01-01,2,105564.0,1727.0,60908.0,39301.0,4194.0,115786.0,False,Midwest,115786.0,113545.0,-105564.0,-1727.0,-7082.0,108704.0,4841.0,115343.87024261919,-442.1297573808115,-1798.8702426191885,120506.67652200106,-6961.676522001057,3,cv_test
2013-02-01,2,95098.0,1834.0,56615.0,35322.0,-2241.0,113545.0,False,Midwest,113545.0,116269.0,-95098.0,-1834.0,-4995.0,108550.0,7719.0,114529.9541092193,984.9541092192958,1739.0458907807042,120397.45308186876,-4128.453081868764,3,cv_test
2013-03-01,2,101355.0,1646.0,57010.0,41164.0,2724.0,116269.0,False,Midwest,116269.0,115089.0,-101355.0,-1646.0,-4827.0,111442.0,3647.0,116775.64866027511,506.64866027511016,-1686.6486602751102,122328.79405473851,-7239.794054738508,3,cv_test
2013-04-01,2,95632.0,780.0,53321.0,40584.0,-1180.0,115089.0,False,Midwest,115089.0,116038.0,-95632.0,-780.0,-2507.0,112582.0,3456.0,116590.12994851706,1501.1299485170603,-552.1299485170603,122530.99390990192,-6492.993909901925,3,cv_test
2013-05-01,2,97233.0,1960.0,51194.0,42362.0,949.0,116038.0,False,Midwest,116038.0,112844.0,-97233.0,-1960.0,-5637.0,110401.0,2443.0,117429.31457046603,1391.3145704660274,-4585.314570466027,122920.27767939366,-10076.277679393665,3,cv_test
2013-06-01,2,100703.0,955.0,53160.0,41474.0,-3194.0,112844.0,False,Midwest,112844.0,101869.0,-100703.0,-955.0,-7024.0,105820.0,-3951.0,113740.30193565915,896.301935659154,-11871.301935659154,118855.07698228642,-16986.076982286424,3,cv_test
2013-07-01,2,110793.0,1026.0,59149.0,44343.0,-10975.0,101869.0,False,Midwest,101869.0,99217.0,-110793.0,-1026.0,-8327.0,93542.0,5675.0,102209.38480416739,340.38480416739185,-2992.384804167392,107173.18667254719,-7956.186672547192,3,cv_test
2013-08-01,2,109491.0,525.0,58548.0,46514.0,-2652.0,99217.0,False,Midwest,99217.0,99588.0,-109491.0,-525.0,-4954.0,94263.0,5325.0,100277.87384594517,1060.8738459451706,-689.8738459451706,105794.12078243094,-6206.120782430939,3,cv_test
2013-09-01,2,102476.0,2412.0,55246.0,45816.0,371.0,99588.0,False,Midwest,99588.0,104054.0,-102476.0,-2412.0,-3826.0,95762.0,8292.0,101743.36845870745,2155.368458707453,2310.631541292547,107912.53912091155,-3858.539120911548,3,cv_test
2013-10-01,2,107377.0,1110.0,60057.0,48114.0,4466.0,104054.0,False,Midwest,104054.0,104988.0,-107377.0,-1110.0,-316.0,103738.0,1250.0,105366.31532954976,1312.3153295497614,-378.3153295497614,111696.17328419434,-6708.173284194345,3,cv_test
2013-11-01,2,107082.0,2283.0,57124.0,46649.0,934.0,104988.0,False,Midwest,104988.0,104988.0,-107082.0,-2283.0,-5592.0,99396.0,5592.0,106068.76090849562,1080.7609084956202,-1080.7609084956202,111668.08033878349,-6680.080338783489,3,cv_test
2013-12-01,2,110247.0,2393.0,61584.0,46750.0,0.0,104988.0,False,Midwest,104988.0,105744.0,-110247.0,-2393.0,-4306.0,100682.0,5062.0,105544.71347042927,556.7134704292694,199.28652957073064,111354.40143834127,-5610.401438341272,3,cv_test
2014-01-01,2,108047.0,1685.0,65863.0,48329.0,756.0,105744.0,False,Midwest,105744.0,97942.0,-108047.0,-1685.0,4460.0,110204.0,-12262.0,106869.61759305175,1125.6175930517493,-8927.61759305175,114118.50967681654,-16176.509676816539,3,cv_test
2014-02-01,2,99075.0,3995.0,51530.0,43419.0,-7802.0,97942.0,False,Midwest,97942.0,95403.0,-99075.0,-3995.0,-8121.0,89821.0,5582.0,100464.12681740202,2522.1268174020224,-5061.126817402022,99214.2741807096,-3811.2741807096027,4,cv_test
2014-03-01,2,99778.0,1795.0,58417.0,49478.0,-2539.0,95403.0,False,Midwest,95403.0,89083.0,-99778.0,-1795.0,6322.0,101725.0,-12642.0,98857.44789445655,3454.447894456549,-9774.447894456549,97645.78076002195,-8562.780760021953,4,cv_test
2014-04-01,2,104466.0,3277.0,57477.0,47940.0,-6320.0,89083.0,False,Midwest,89083.0,86821.0,-104466.0,-3277.0,-2326.0,86757.0,64.0,91951.94930614562,2868.949306145616,-5130.949306145616,90514.59212703591,-3693.5921270359104,4,cv_test
2014-05-01,2,111415.0,2034.0,58879.0,52296.0,-2262.0,86821.0,False,Midwest,86821.0,85805.0,-111415.0,-2034.0,-2274.0,84547.0,1258.0,89246.42608421702,2425.426084217019,-3441.426084217019,87023.10272097906,-1218.1027209790627,4,cv_test
2014-06-01,2,109863.0,2541.0,63536.0,51934.0,-1016.0,85805.0,False,Midwest,85805.0,81491.0,-109863.0,-2541.0,3066.0,88871.0,-7380.0,88544.0204063377,2739.0204063377023,-7053.020406337702,87077.66471603417,-5586.664716034167,4,cv_test
2014-07-01,2,115223.0,3179.0,63424.0,55417.0,-4314.0,81491.0,False,Midwest,81491.0,82048.0,-115223.0,-3179.0,439.0,81930.0,118.0,84085.73180854466,2594.7318085446605,-2037.7318085446605,81799.17410360152,248.82589639848447,4,cv_test
2014-08-01,2,110791.0,3081.0,65232.0,55847.0,557.0,82048.0,False,Midwest,82048.0,86512.0,-110791.0,-3081.0,7207.0,89255.0,-2743.0,85447.81406717694,3399.814067176936,1064.185932823064,83576.58014701639,2935.419852983614,4,cv_test
2014-09-01,2,107127.0,2779.0,67073.0,56077.0,4464.0,86512.0,False,Midwest,86512.0,93374.0,-107127.0,-2779.0,13244.0,99756.0,-6382.0,90272.43534012533,3760.435340125332,3101.564659874668,88859.92261212989,4514.077387870115,4,cv_test
2014-10-01,2,101768.0,3475.0,65932.0,58632.0,6862.0,93374.0,False,Midwest,93374.0,98813.0,-101768.0,-3475.0,19321.0,112695.0,-13882.0,97932.37176657721,4558.371766577213,880.6282334227872,96356.45387583195,2456.546124168046,4,cv_test
2014-11-01,2,103976.0,3854.0,61248.0,56435.0,5439.0,98813.0,False,Midwest,98813.0,104555.0,-103976.0,-3854.0,9853.0,108666.0,-4111.0,102266.33977054276,3453.3397705427633,2288.6602294572367,100309.74245128948,4245.2575487105205,4,cv_test
2014-12-01,2,114244.0,2701.0,76613.0,59857.0,5742.0,104555.0,False,Midwest,104555.0,116913.0,-114244.0,-2701.0,19525.0,124080.0,-7167.0,106329.31088918542,1774.3108891854208,10583.68911081458,105579.65471690445,11333.34528309555,4,cv_test
2015-01-01,2,106293.0,4114.0,70637.0,58974.0,12358.0,116913.0,False,Midwest,116913.0,126655.0,-106293.0,-4114.0,19204.0,136117.0,-9462.0,119045.09228127018,2132.0922812701756,7609.907718729824,118141.50242994235,8513.497570057647,4,cv_test
2015-02-01,2,99743.0,3015.0,66069.0,52101.0,9742.0,126655.0,False,Midwest,126655.0,139376.0,-99743.0,-3015.0,15412.0,142067.0,-2691.0,128257.28426949789,1602.28426949789,11118.71573050211,128127.95146317933,11248.048536820672,4,cv_test
2015-03-01,2,108900.0,3027.0,72732.0,59770.0,12721.0,139376.0,False,Midwest,139376.0,139444.0,-108900.0,-3027.0,20575.0,159951.0,-20507.0,139549.26568931277,173.26568931277143,-105.26568931277143,138975.84506344257,468.15493655743194,4,cv_test
2015-04-01,2,110992.0,3947.0,71104.0,57442.0,68.0,139444.0,False,Midwest,139444.0,135599.0,-110992.0,-3947.0,13607.0,153051.0,-17452.0,138913.79669360915,-530.2033063908457,-3314.7966936091543,138338.1415628959,-2739.1415628959076,4,cv_test
2015-05-01,2,113904.0,2093.0,65664.0,59937.0,-3845.0,135599.0,False,Midwest,135599.0,133942.0,-113904.0,-2093.0,9604.0,145203.0,-11261.0,135161.64601383818,-437.3539861618192,-1219.6460138381808,133295.36922986293,646.6307701370679,4,cv_test
2015-06-01,2,111139.0,2887.0,65266.0,58520.0,-1657.0,133942.0,False,Midwest,133942.0,133792.0,-111139.0,-2887.0,9760.0,143702.0,-9910.0,133910.34176701773,-31.65823298227042,-118.34176701772958,132302.73873782344,1489.2612621765584,4,cv_test
2015-07-01,2,118280.0,2777.0,67732.0,59481.0,-150.0,133792.0,False,Midwest,133792.0,135307.0,-118280.0,-2777.0,6156.0,139948.0,-4641.0,132661.1924227763,-1130.8075772236916,2645.8075772236916,130905.10036416768,4401.89963583232,4,cv_test
2015-08-01,2,112781.0,2924.0,77583.0,58605.0,1515.0,135307.0,False,Midwest,135307.0,127240.0,-112781.0,-2924.0,20483.0,155790.0,-28550.0,134948.9119808508,-358.0880191492033,-7708.911980850797,134964.7230456717,-7724.723045671708,4,cv_test
2015-09-01,2,104493.0,2854.0,73555.0,56188.0,-8067.0,127240.0,False,Midwest,127240.0,132906.0,-104493.0,-2854.0,22396.0,149636.0,-16730.0,128565.87756791021,1325.877567910211,4340.122432089789,128671.72402892243,4234.275971077572,4,cv_test
2015-10-01,2,93315.0,1191.0,65168.0,58546.0,5666.0,132906.0,False,Midwest,132906.0,142507.0,-93315.0,-1191.0,29208.0,162114.0,-19607.0,136081.75215868998,3175.752158689982,6425.247841310018,135324.46421231586,7182.535787684144,4,cv_test
2015-11-01,2,106601.0,860.0,70472.0,55892.0,9601.0,142507.0,False,Midwest,142507.0,144504.0,-106601.0,-860.0,18903.0,161410.0,-16906.0,142308.00683052564,-198.99316947435727,2195.9931694743573,143654.45726952417,849.5427304758341,5,cv_test
2015-12-01,2,113496.0,908.0,79607.0,57944.0,1997.0,144504.0,False,Midwest,144504.0,145942.0,-113496.0,-908.0,23147.0,167651.0,-21709.0,143272.65452662093,-1231.3454733790713,2669.3454733790713,145464.23263371421,477.7673662857851,5,cv_test
2016-01-01,2,115438.0,1289.0,78383.0,56043.0,1438.0,145942.0,False,Midwest,145942.0,148304.0,-115438.0,-1289.0,17699.0,163641.0,-15337.0,143995.86790991647,-1946.1320900835271,4308.132090083527,145949.4656415583,2354.5343584417133,5,cv_test
2016-02-01,2,105169.0,1591.0,78337.0,50840.0,2362.0,148304.0,False,Midwest,148304.0,150319.0,-105169.0,-1591.0,22417.0,170721.0,-20402.0,147264.22669840744,-1039.7733015925623,3054.7733015925623,151262.5478445487,-943.5478445487097,5,cv_test
2016-03-01,2,105672.0,953.0,76945.0,55529.0,2015.0,150319.0,False,Midwest,150319.0,153620.0,-105672.0,-953.0,25849.0,176168.0,-22548.0,149694.39512485237,-624.6048751476337,3925.6048751476337,152686.65526584568,933.3447341543215,5,cv_test
2016-04-01,2,100007.0,2394.0,66797.0,50218.0,3301.0,153620.0,False,Midwest,153620.0,151708.0,-100007.0,-2394.0,14614.0,168234.0,-16526.0,152970.84969074125,-649.1503092587518,-1262.8496907412482,155237.66782904603,-3529.667829046026,5,cv_test
2016-05-01,2,111828.0,3507.0,64135.0,52605.0,-1912.0,151708.0,False,Midwest,151708.0,145355.0,-111828.0,-3507.0,1405.0,153113.0,-7758.0,149443.92844065995,-2264.0715593400528,-4088.9284406599472,149273.426301217,-3918.4263012169977,5,cv_test
2016-06-01,2,110479.0,3805.0,61488.0,50491.0,-6353.0,145355.0,False,Midwest,145355.0,147655.0,-110479.0,-3805.0,-2305.0,143050.0,4605.0,143480.6573624257,-1874.3426375743002,4174.3426375743,143147.71520653047,4507.284793469531,5,cv_test
2016-07-01,2,115425.0,3212.0,66094.0,51297.0,2300.0,147655.0,False,Midwest,147655.0,148120.0,-115425.0,-3212.0,-1246.0,146409.0,1711.0,144876.9484211682,-2778.0515788318007,3243.0515788318007,144825.1292558542,3294.8707441457955,5,cv_test
2016-08-01,2,116117.0,3591.0,74727.0,49947.0,465.0,148120.0,False,Midwest,148120.0,143651.0,-116117.0,-3591.0,4966.0,153086.0,-9435.0,145032.4964706538,-3087.503529346199,-1381.4964706538012,146969.54942915414,-3318.54942915414,5,cv_test
2016-09-01,2,108732.0,2723.0,72810.0,47835.0,-4469.0,143651.0,False,Midwest,143651.0,141439.0,-108732.0,-2723.0,9190.0,152841.0,-11402.0,141880.23555745702,-1770.7644425429753,-441.2355574570247,144598.98882223488,-3159.988822234882,5,cv_test
2016-10-01,2,110888.0,2889.0,74461.0,51798.0,-2212.0,141439.0,False,Midwest,141439.0,149205.0,-110888.0,-2889.0,12482.0,153921.0,-4716.0,140008.7717671754,-1430.2282328245929,9196.228232824593,142242.11990493906,6962.880095060944,5,cv_test
2016-11-01,2,110228.0,7479.0,76785.0,50082.0,7766.0,149205.0,False,Midwest,149205.0,151751.0,-110228.0,-7479.0,9160.0,158365.0,-6614.0,147100.12024635763,-2104.8797536423663,4650.879753642366,150227.49098348053,1523.5090165194706,5,cv_test
2016-12-01,2,115145.0,5451.0,81022.0,48489.0,2546.0,151751.0,False,Midwest,151751.0,150558.0,-115145.0,-5451.0,8915.0,160666.0,-10108.0,148393.54140717222,-3357.458592827781,2164.458592827781,152061.92252106965,-1503.9225210696459,5,cv_test
2017-01-01,2,115384.0,7226.0,81991.0,49398.0,-1193.0,150558.0,False,Midwest,150558.0,152242.0,-115384.0,-7226.0,8779.0,159337.0,-7095.0,147375.2970169956,-3182.7029830043903,4866.70298300439,151088.25755059478,1153.7424494052248,5,cv_test
2017-02-01,2,101597.0,7124.0,73520.0,46338.0,1684.0,152242.0,False,Midwest,152242.0,156144.0,-101597.0,-7124.0,11137.0,163379.0,-7235.0,150898.12167289195,-1343.8783271080465,5245.8783271080465,154960.35564350995,1183.6443564900546,5,cv_test
2017-03-01,2,114641.0,7135.0,82995.0,51897.0,3902.0,156144.0,False,Midwest,156144.0,159074.0,-114641.0,-7135.0,13116.0,169260.0,-10186.0,153041.45723859195,-3102.5427614080545,6032.5427614080545,156764.961340204,2309.0386597960023,5,cv_test
2017-04-01,2,114023.0,7210.0,76852.0,50631.0,2930.0,159074.0,False,Midwest,159074.0,157036.0,-114023.0,-7210.0,6250.0,165324.0,-8288.0,155667.76391729325,-3406.236082706746,1368.236082706746,158329.20761088212,-1293.2076108821202,5,cv_test
2017-05-01,2,118383.0,6703.0,83124.0,51761.0,-2038.0,157036.0,False,Midwest,157036.0,149105.0,-118383.0,-6703.0,9799.0,166835.0,-17730.0,153193.64193036465,-3842.3580696353456,-4088.6419303646544,156494.31686842995,-7389.316868429945,5,cv_test
2017-06-01,2,117307.0,7605.0,74228.0,50785.0,-7931.0,149105.0,False,Midwest,149105.0,144641.0,-117307.0,-7605.0,101.0,149206.0,-4565.0,145852.48116036554,-3252.51883963446,-1211.4811603655398,147419.87253677688,-2778.8725367768784,5,cv_test
2017-07-01,2,119644.0,7512.0,77165.0,52558.0,-4464.0,144641.0,False,Midwest,144641.0,140560.0,-119644.0,-7512.0,2567.0,147208.0,-6648.0,141559.15363552183,-3081.846364478173,-999.1536355218268,143186.18843246892,-2626.1884324689163,5,cv_test
2017-08-01,2,123424.0,6188.0,82569.0,54524.0,-4081.0,140560.0,False,Midwest,140560.0,149558.0,-123424.0,-6188.0,7481.0,148041.0,1517.0,137404.48382416234,-3155.5161758376635,12153.516175837663,138918.28680718946,10639.713192810537,6,cv_test
2017-09-01,2,110971.0,5559.0,76611.0,53024.0,8998.0,149558.0,False,Midwest,149558.0,153828.0,-110971.0,-5559.0,13105.0,162663.0,-8835.0,147707.054878245,-1850.9451217550086,6120.945121755009,149990.43961675855,3837.560383241449,6,cv_test
2017-10-01,2,105756.0,4267.0,78548.0,57706.0,4270.0,153828.0,False,Midwest,153828.0,142790.0,-105756.0,-4267.0,26231.0,180059.0,-37269.0,153245.60949765772,-582.3905023422849,-10455.609497657715,156123.95242350223,-13333.952423502225,6,cv_test
2017-11-01,2,112056.0,5480.0,77403.0,57083.0,-11038.0,142790.0,False,Midwest,142790.0,132031.0,-112056.0,-5480.0,16950.0,159740.0,-27709.0,141806.30536778917,-983.694632210827,-9775.305367789173,143586.22834222612,-11555.228342226124,6,cv_test
2017-12-01,2,118372.0,6423.0,84645.0,57910.0,-10759.0,132031.0,False,Midwest,132031.0,118434.0,-118372.0,-6423.0,17760.0,149791.0,-31357.0,130858.40731045189,-1172.5926895481098,-12424.40731045189,133067.85226329404,-14633.852263294044,6,cv_test
2018-01-01,2,115808.0,5834.0,87203.0,58477.0,-13597.0,118434.0,False,Midwest,118434.0,111232.0,-115808.0,-5834.0,24038.0,142472.0,-31240.0,118781.62037398774,347.6203739877383,-7549.620373987738,121743.50960301499,-10511.509603014987,6,cv_test
2018-02-01,2,101857.0,6964.0,75762.0,52485.0,-7202.0,111232.0,False,Midwest,111232.0,122305.0,-101857.0,-6964.0,19426.0,130658.0,-8353.0,113667.42571966826,2435.4257196682593,8637.57428033174,116957.1292555441,5347.870744455897,6,cv_test
2018-03-01,2,114873.0,6511.0,83739.0,59379.0,11073.0,122305.0,False,Midwest,122305.0,125576.0,-114873.0,-6511.0,21734.0,144039.0,-18463.0,122649.77417721575,344.774177215746,2926.225822784254,124952.20835887782,623.7916411221813,6,cv_test
2018-04-01,2,117135.0,6228.0,86196.0,58543.0,3271.0,125576.0,False,Midwest,125576.0,123718.0,-117135.0,-6228.0,21376.0,146952.0,-23234.0,125180.67440882395,-395.3255911760498,-1462.6744088239502,127775.33658513299,-4057.3365851329872,6,cv_test
2018-05-01,2,125381.0,7114.0,88335.0,61368.0,-1858.0,123718.0,False,Midwest,123718.0,112849.0,-125381.0,-7114.0,17208.0,140926.0,-28077.0,122411.54787007616,-1306.4521299238404,-9562.54787007616,123932.21940779744,-11083.219407797442,6,cv_test
2018-06-01,2,119361.0,5753.0,89968.0,58412.0,-10869.0,112849.0,False,Midwest,112849.0,107744.0,-119361.0,-5753.0,23266.0,136115.0,-28371.0,112977.50399276183,128.50399276183452,-5233.5039927618345,115980.46778334038,-8236.467783340384,6,cv_test
2018-07-01,2,120652.0,8365.0,82979.0,62298.0,-5105.0,107744.0,False,Midwest,107744.0,111093.0,-120652.0,-8365.0,16260.0,124004.0,-12911.0,108528.86099319454,784.8609931945393,2564.1390068054607,109449.61970599006,1643.3802940099413,6,cv_test
2018-08-01,2,123851.0,4928.0,84906.0,64709.0,3349.0,111093.0,False,Midwest,111093.0,113024.0,-123851.0,-4928.0,20836.0,131929.0,-18905.0,111418.63198445376,325.63198445376474,1605.3680155462353,112007.99949130583,1016.0005086941674,6,cv_test
2018-09-01,2,109414.0,2915.0,80410.0,63595.0,1931.0,113024.0,False,Midwest,113024.0,124368.0,-109414.0,-2915.0,31676.0,144700.0,-20332.0,115571.95483418435,2547.9548341843474,8796.045165815653,117430.07821005721,6937.9217899427895,6,cv_test
2018-10-01,2,100442.0,6336.0,88687.0,67379.0,11344.0,124368.0,False,Midwest,124368.0,129427.0,-100442.0,-6336.0,49288.0,173656.0,-44229.0,128233.48002626318,3865.480026263176,1193.5199737368239,132641.01188559877,-3214.0118855987675,6,cv_test
2018-11-01,2,114588.0,4731.0,88182.0,64991.0,5059.0,129427.0,False,Midwest,129427.0,132102.0,-114588.0,-4731.0,33854.0,163281.0,-31179.0,130108.64859722664,681.6485972266382,1993.3514027733618,132720.4275162486,-618.427516248601,6,cv_test
2018-12-01,2,121859.0,5977.0,88184.0,68625.0,2675.0,132102.0,False,Midwest,132102.0,133648.0,-121859.0,-5977.0,28973.0,161075.0,-27427.0,131821.18826107937,-280.8117389206309,1826.811738920631,132988.2156088699,659.7843911300879,6,cv_test
2019-01-01,2,120238.0,5876.0,91994.0,67852.0,1546.0,133648.0,False,Midwest,133648.0,138140.0,-120238.0,-5876.0,33732.0,167380.0,-29240.0,133447.3955994508,-200.60440054920036,4692.6044005492,135714.36705322162,2425.63294677838,6,cv_test
2019-02-01,2,98749.0,5589.0,76560.0,58268.0,4492.0,138140.0,False,Midwest,138140.0,138437.0,-98749.0,-5589.0,30490.0,168630.0,-30193.0,139990.1510151673,1850.1510151672992,-1553.1510151672992,143318.1366847701,-4881.136684770114,6,cv_test
2019-03-01,2,109578.0,5022.0,86502.0,67625.0,297.0,138437.0,False,Midwest,138437.0,137310.0,-109578.0,-5022.0,39527.0,177964.0,-40654.0,139709.26108453356,1272.2610845335585,-2399.2610845335585,142417.3610995222,-5107.361099522212,6,cv_test
2019-04-01,2,112300.0,5581.0,86618.0,66129.0,-1127.0,137310.0,False,Midwest,137310.0,143617.0,-112300.0,-5581.0,34866.0,172176.0,-28559.0,137977.34743361964,667.3474336196377,5639.652566380362,140496.2615816042,3120.7384183958056,6,cv_test
2019-05-01,2,109421.0,3950.0,84655.0,67895.0,6307.0,143617.0,False,Midwest,143617.0,142220.0,-109421.0,-3950.0,39179.0,182796.0,-40576.0,144573.5621904047,956.5621904046857,-2353.5621904046857,145907.38238009583,-3687.3823800958344,7,cv_test
2019-06-01,2,117498.0,3979.0,86567.0,66667.0,-1397.0,142220.0,False,Midwest,142220.0,134881.0,-117498.0,-3979.0,31757.0,173977.0,-39096.0,141695.3912506438,-524.6087493562081,-6814.391250643792,142446.18525707402,-7565.185257074016,7,cv_test
2019-07-01,2,126585.0,5535.0,96680.0,69853.0,-7339.0,134881.0,False,Midwest,134881.0,125698.0,-126585.0,-5535.0,34413.0,169294.0,-43596.0,133774.7467185804,-1106.253281419602,-8076.746718580398,134196.29512159378,-8498.29512159378,7,cv_test
2019-08-01,2,127293.0,5036.0,87014.0,70185.0,-9183.0,125698.0,False,Midwest,125698.0,128143.0,-127293.0,-5036.0,24870.0,150568.0,-22425.0,125138.17001773248,-559.8299822675181,3004.829982267518,124287.27722271979,3855.7227772802144,7,cv_test
2019-09-01,2,116636.0,5268.0,83996.0,68581.0,2445.0,128143.0,False,Midwest,128143.0,134781.0,-116636.0,-5268.0,30673.0,158816.0,-24035.0,129042.18405446078,899.184054460784,5738.815945539216,129109.80710302936,5671.192896970635,7,cv_test
2019-10-01,2,113258.0,5933.0,84574.0,72737.0,6638.0,134781.0,False,Midwest,134781.0,130126.0,-113258.0,-5933.0,38120.0,172901.0,-42775.0,136376.63980963506,1595.6398096350604,-6250.63980963506,136612.87035527287,-6486.870355272869,7,cv_test
2019-11-01,2,114679.0,5534.0,74388.0,69356.0,-4655.0,130126.0,False,Midwest,130126.0,126547.0,-114679.0,-5534.0,23531.0,153657.0,-27110.0,131296.0706159643,1170.0706159643014,-4749.070615964301,130443.32748306837,-3896.327483068366,7,cv_test
2019-12-01,2,121730.0,5670.0,96894.0,71492.0,-3579.0,126547.0,False,Midwest,126547.0,127714.0,-121730.0,-5670.0,40986.0,167533.0,-39819.0,127123.90638417663,576.9063841766329,590.0936158233671,127827.843532903,-113.8435329030035,7,cv_test
2020-01-01,2,117548.0,7150.0,87781.0,67772.0,1167.0,127714.0,False,Midwest,127714.0,126836.0,-117548.0,-7150.0,30855.0,158569.0,-31733.0,128386.01178448583,672.0117844858323,-1550.0117844858323,128633.52814742301,-1797.5281474230142,7,cv_test
2020-02-01,2,108849.0,4737.0,88877.0,64337.0,-878.0,126836.0,False,Midwest,126836.0,139824.0,-108849.0,-4737.0,39628.0,166464.0,-26640.0,128623.65073286425,1787.6507328642474,11200.349267135753,130395.5649286526,9428.435071347398,7,cv_test
2020-03-01,2,106648.0,4972.0,89978.0,67473.0,12988.0,139824.0,False,Midwest,139824.0,156466.0,-106648.0,-4972.0,45831.0,185655.0,-29189.0,141503.10668730992,1679.106687309919,14962.893312690081,143591.68625188002,12874.313748119981,7,cv_test
2020-04-01,2,87405.0,3900.0,81163.0,55761.0,16642.0,156466.0,False,Midwest,156466.0,140663.0,-87405.0,-3900.0,45619.0,202085.0,-61422.0,158654.1510787136,2188.151078713592,-17991.151078713592,162981.7105079955,-22318.710507995507,7,cv_test
2020-05-01,2,95814.0,5386.0,71776.0,40761.0,-15803.0,140663.0,False,Midwest,140663.0,136483.0,-95814.0,-5386.0,11337.0,152000.0,-15517.0,140384.6531082132,-278.3468917867867,-3901.6531082132133,143406.3677227547,-6923.367722754687,7,cv_test
2020-06-01,2,99667.0,3136.0,73435.0,46476.0,-4180.0,136483.0,False,Midwest,136483.0,140336.0,-99667.0,-3136.0,17108.0,153591.0,-13255.0,136633.71745744883,150.71745744883083,3702.282542551169,139206.38135972666,1129.6186402733438,7,cv_test
2020-07-01,2,111416.0,3540.0,77235.0,53458.0,3853.0,140336.0,False,Midwest,140336.0,140141.0,-111416.0,-3540.0,15737.0,156073.0,-15932.0,139135.19384674553,-1200.806153254467,1005.8061532544671,140418.9873820743,-277.98738207429415,7,cv_test
2020-08-01,2,113605.0,4790.0,76772.0,56354.0,-195.0,140141.0,False,Midwest,140141.0,140970.0,-113605.0,-4790.0,14731.0,154872.0,-13902.0,138972.2233955255,-1168.776604474493,1997.776604474493,139636.64449206536,1333.3555079346406,7,cv_test
2020-09-01,2,105215.0,7012.0,72926.0,55493.0,829.0,140970.0,False,Midwest,140970.0,146472.0,-105215.0,-7012.0,16192.0,157162.0,-10690.0,141079.20722095884,109.20722095883684,5392.792779041163,142043.39160188707,4428.608398112934,7,cv_test
2020-10-01,2,106378.0,4955.0,76425.0,56740.0,5502.0,146472.0,False,Midwest,146472.0,148412.0,-106378.0,-4955.0,21832.0,168304.0,-19892.0,146167.89311509999,-304.10688490001485,2244.106884900015,147615.26904566737,796.7309543326264,7,cv_test
2020-11-01,2,105090.0,5455.0,81778.0,55861.0,1940.0,148412.0,False,Midwest,148412.0,147225.0,-105090.0,-5455.0,27094.0,175506.0,-28281.0,148092.49249413484,-319.5075058651564,-867.4924941348436,150315.67445165227,-3090.674451652274,7,cv_test
2020-12-01,2,106235.0,4296.0,87901.0,56181.0,-1187.0,147225.0,False,Midwest,147225.0,136136.0,-106235.0,-4296.0,33551.0,180776.0,-44640.0,146858.83616457583,-366.16383542417316,-10722.836164575827,149727.76035289423,-13591.760352894227,7,cv_test
2021-01-01,2,112467.0,2747.0,86936.0,54368.0,-11089.0,136136.0,False,Midwest,136136.0,134483.0,-112467.0,-2747.0,26090.0,162226.0,-27743.0,135218.8022601797,-917.1977398202871,-735.8022601797129,137433.46656559326,-2950.466565593262,7,cv_test
2021-02-01,2,92328.0,3375.0,74897.0,43391.0,-1653.0,134483.0,False,Midwest,134483.0,127473.0,-92328.0,-3375.0,22585.0,157068.0,-29595.0,135641.79420061066,1158.7942006106605,-8168.7942006106605,136372.87923497416,-8899.879234974156,8,cv_test
2021-03-01,2,112124.0,4071.0,89301.0,52937.0,-7010.0,127473.0,False,Midwest,127473.0,133881.0,-112124.0,-4071.0,26043.0,153516.0,-19635.0,127050.57222785483,-422.42777214516536,6830.427772145165,127759.18770647486,6121.812293525145,8,cv_test
2021-04-01,2,103620.0,2752.0,74315.0,51254.0,6408.0,133881.0,False,Midwest,133881.0,134056.0,-103620.0,-2752.0,19197.0,153078.0,-19022.0,134195.57409578143,314.5740957814269,-139.57409578142688,134637.7690668987,-581.7690668987052,8,cv_test
2021-05-01,2,115634.0,4088.0,76248.0,53299.0,175.0,134056.0,False,Midwest,134056.0,124235.0,-115634.0,-4088.0,9825.0,143881.0,-19646.0,132541.5744356922,-1514.4255643078068,-8306.574435692193,132886.74383866752,-8651.74383866752,8,cv_test
2021-06-01,2,122067.0,4331.0,88353.0,51456.0,-9821.0,124235.0,False,Midwest,124235.0,119009.0,-122067.0,-4331.0,13411.0,137646.0,-18637.0,122090.02615923539,-2144.9738407646073,-3081.0261592353927,122705.194500382,-3696.194500382,8,cv_test
2021-07-01,2,121182.0,3800.0,82220.0,50978.0,-5226.0,119009.0,False,Midwest,119009.0,116402.0,-121182.0,-3800.0,8216.0,127225.0,-10823.0,117305.56401507645,-1703.435984923548,-903.564015076452,117752.20678631889,-1350.2067863188859,8,cv_test
2021-08-01,2,120676.0,2462.0,80726.0,51818.0,-2607.0,116402.0,False,Midwest,116402.0,113164.0,-120676.0,-2462.0,9406.0,125808.0,-12644.0,115086.8040225566,-1315.1959774434072,-1922.8040225565928,115468.55361386022,-2304.5536138602183,8,cv_test
2021-09-01,2,118360.0,2030.0,80314.0,51060.0,-3238.0,113164.0,False,Midwest,113164.0,108697.0,-118360.0,-2030.0,10984.0,124148.0,-15451.0,112381.62015375587,-782.3798462441337,-3684.6201537558663,112775.83073876353,-4078.8307387635286,8,cv_test
2021-10-01,2,116032.0,1204.0,80169.0,52498.0,-4467.0,108697.0,False,Midwest,108697.0,114800.0,-116032.0,-1204.0,15431.0,124128.0,-9328.0,108845.6872944948,148.68729449479724,5954.312705505203,109206.60538701032,5593.394612989679,8,cv_test
2021-11-01,2,115010.0,1213.0,90152.0,51887.0,6103.0,114800.0,False,Midwest,114800.0,117519.0,-115010.0,-1213.0,25816.0,140616.0,-23097.0,114641.89280611406,-158.1071938859386,2877.1071938859386,115319.19536392558,2199.8046360744192,8,cv_test
2021-12-01,2,120439.0,2105.0,97585.0,53707.0,2719.0,117519.0,False,Midwest,117519.0,110478.0,-120439.0,-2105.0,28748.0,146267.0,-35789.0,116494.77725902492,-1024.2227409750776,-6016.777259024922,117296.26047782763,-6818.260477827629,8,cv_test
2022-01-01,2,121369.0,1160.0,93354.0,51077.0,-7041.0,110478.0,False,Midwest,110478.0,102418.0,-121369.0,-1160.0,21902.0,132380.0,-29962.0,109414.76583940117,-1063.2341605988331,-6996.765839401167,110122.71779145244,-7704.717791452436,8,cv_test
2022-02-01,2,108695.0,1540.0,79386.0,45452.0,-8060.0,102418.0,False,Midwest,102418.0,106991.0,-108695.0,-1540.0,14603.0,117021.0,-10030.0,103321.52510441179,903.5251044117904,3669.4748955882096,103853.86282409017,3137.1371759098256,8,cv_test
2022-03-01,2,115295.0,2881.0,94146.0,53801.0,4573.0,106991.0,False,Midwest,106991.0,105393.0,-115295.0,-2881.0,29771.0,136762.0,-31369.0,107628.9784730485,637.9784730484971,-2235.978473048497,108337.56955704573,-2944.569557045732,8,cv_test
2022-04-01,2,110541.0,2036.0,81286.0,45661.0,-1598.0,105393.0,False,Midwest,105393.0,103433.0,-110541.0,-2036.0,14370.0,119763.0,-16330.0,105794.44742091185,401.4474209118489,-2361.447420911849,106369.4672948044,-2936.4672948044026,8,cv_test
2022-05-01,2,120848.0,1511.0,86795.0,51596.0,-1960.0,103433.0,False,Midwest,103433.0,103711.0,-120848.0,-1511.0,16032.0,119465.0,-15754.0,103016.06084635192,-416.93915364808345,694.9391536480834,103511.56363428273,199.4363657172653,8,cv_test
2022-06-01,2,120595.0,3440.0,85072.0,51186.0,278.0,103711.0,False,Midwest,103711.0,108992.0,-120595.0,-3440.0,12223.0,115934.0,-6942.0,103254.43394294014,-456.56605705985567,5737.566057059856,103715.8167072569,5276.183292743095,8,cv_test
2022-07-01,2,117910.0,1259.0,83060.0,51585.0,5281.0,108992.0,False,Midwest,108992.0,106416.0,-117910.0,-1259.0,15476.0,124468.0,-18052.0,108673.65232356252,-318.3476764374791,-2257.652323562521,109117.22799920465,-2701.2279992046533,8,cv_test
2022-08-01,2,119440.0,1532.0,91267.0,51897.0,-2576.0,106416.0,False,Midwest,106416.0,109108.0,-119440.0,-1532.0,22192.0,128608.0,-19500.0,106090.68352766192,-325.316472338076,3017.316472338076,106724.68388382718,2383.3161161728203,8,cv_test
2022-09-01,2,114616.0,2126.0,85382.0,51112.0,2692.0,109108.0,False,Midwest,109108.0,113699.0,-114616.0,-2126.0,19752.0,128860.0,-15161.0,109302.75921758176,194.75921758175537,4396.240782418245,109848.55898592944,3850.4410140705586,8,cv_test
2022-10-01,2,118356.0,2545.0,86977.0,53421.0,4591.0,113699.0,False,Midwest,113699.0,106829.0,-118356.0,-2545.0,19497.0,133196.0,-26367.0,113234.40993166693,-464.5900683330692,-6405.409931666931,113758.8060790919,-6929.806079091897,8,cv_test
2022-11-01,2,115856.0,2556.0,85935.0,51522.0,-6870.0,106829.0,False,Midwest,106829.0,107006.0,-115856.0,-2556.0,19045.0,125874.0,-18868.0,107029.83748196442,200.8374819644232,-23.837481964423205,106959.7553319457,46.24466805430711,9,cv_test
2022-12-01,2,114315.0,2173.0,82495.0,48316.0,177.0,107006.0,False,Midwest,107006.0,123976.0,-114315.0,-2173.0,14323.0,121329.0,2647.0,107003.7170620751,-2.282937924901489,16972.2829379249,106934.66121950526,17041.33878049474,9,cv_test
2023-01-01,2,113697.0,2654.0,91278.0,52077.0,16970.0,123976.0,False,Midwest,123976.0,127518.0,-113697.0,-2654.0,27004.0,150980.0,-23462.0,123417.43189452677,-558.5681054732268,4100.568105473227,123395.05608891738,4122.943911082621,9,cv_test
2023-02-01,2,107388.0,3366.0,85043.0,49423.0,3542.0,127518.0,False,Midwest,127518.0,121224.0,-107388.0,-3366.0,23712.0,151230.0,-30006.0,127416.73512134203,-101.26487865796662,-6192.735121342033,127467.62097494793,-6243.620974947931,9,cv_test
2023-03-01,2,115973.0,2088.0,89039.0,54587.0,-6294.0,121224.0,False,Midwest,121224.0,120647.0,-115973.0,-2088.0,25565.0,146789.0,-26142.0,120805.78968339825,-418.21031660174776,-158.78968339825224,120784.82775760691,-137.82775760690856,9,cv_test
2023-04-01,2,111324.0,1366.0,80747.0,53027.0,-577.0,120647.0,False,Midwest,120647.0,125119.0,-111324.0,-1366.0,21084.0,141731.0,-16612.0,120836.33968926259,189.33968926258967,4282.66031073741,120879.61767842348,4239.382321576515,9,cv_test
2023-05-01,2,117937.0,3375.0,93777.0,55464.0,4472.0,125119.0,False,Midwest,125119.0,126189.0,-117937.0,-3375.0,27929.0,153048.0,-26859.0,124216.01046627761,-902.9895337223861,1972.989533722386,124173.93599541082,2015.0640045891778,9,cv_test
2023-06-01,2,120442.0,2352.0,84789.0,54327.0,1070.0,126189.0,False,Midwest,126189.0,118771.0,-120442.0,-2352.0,16322.0,142511.0,-23740.0,124574.98038757266,-1614.0196124273352,-5803.980387572665,124535.53320104128,-5764.533201041282,9,cv_test
2023-07-01,2,125214.0,3051.0,85592.0,56101.0,-7418.0,118771.0,False,Midwest,118771.0,109216.0,-125214.0,-3051.0,13428.0,132199.0,-22983.0,117104.96596925304,-1666.0340307469596,-7888.96596925304,117011.81438132211,-7795.81438132211,9,cv_test
2023-08-01,2,128872.0,3104.0,92371.0,57215.0,-9555.0,109216.0,False,Midwest,109216.0,104432.0,-128872.0,-3104.0,17610.0,126826.0,-22394.0,107779.11724622115,-1436.8827537788457,-3347.1172462211543,107608.87722225257,-3176.877222252573,9,cv_test
2023-09-01,2,114469.0,4993.0,84709.0,57399.0,-4784.0,104432.0,False,Midwest,104432.0,105146.0,-114469.0,-4993.0,22646.0,127078.0,-21932.0,105864.5421031235,1432.5421031235019,-718.5421031235019,105859.61393376747,-713.6139337674686,9,cv_test
2023-10-01,2,113985.0,3417.0,88529.0,58385.0,714.0,105146.0,False,Midwest,105146.0,110776.0,-113985.0,-3417.0,29512.0,134658.0,-23882.0,106764.63554165832,1618.6355416583247,4011.3644583416753,106760.06666729753,4015.933332702465,9,cv_test
2023-11-01,2,114217.0,3524.0,98292.0,57364.0,5630.0,110776.0,False,Midwest,110776.0,116557.0,-114217.0,-3524.0,37915.0,148691.0,-32134.0,111843.71376812753,1067.7137681275344,4713.286231872466,111803.11385232939,4753.886147670608,9,cv_test
2023-12-01,2,122474.0,3899.0,90172.0,59003.0,5781.0,116557.0,False,Midwest,116557.0,109117.0,-122474.0,-3899.0,22802.0,139359.0,-30242.0,115954.72844096558,-602.271559034416,-6837.728440965584,115891.54372872565,-6774.54372872565,9,cv_test
2024-01-01,2,121137.0,1972.0,97971.0,51752.0,-7440.0,109117.0,False,Midwest,109117.0,117652.0,-121137.0,-1972.0,26614.0,135731.0,-18079.0,108305.0384207613,-811.9615792387049,9346.961579238705,108141.98617394413,9510.013826055874,9,cv_test
2024-02-01,2,104713.0,3287.0,85074.0,54258.0,8535.0,117652.0,False,Midwest,117652.0,119599.0,-104713.0,-3287.0,31332.0,148984.0,-29385.0,119406.91711955723,1754.9171195572271,192.08288044277288,119503.43483196922,95.5651680307783,9,cv_test
2024-03-01,2,117115.0,5381.0,89139.0,56981.0,1947.0,119599.0,False,Midwest,119599.0,122265.0,-117115.0,-5381.0,23624.0,143223.0,-20958.0,119431.96693561187,-167.0330643881316,2833.0330643881316,119416.38233857634,2848.617661423661,9,cv_test
2024-04-01,2,110822.0,3947.0,93035.0,56131.0,2666.0,122265.0,False,Midwest,122265.0,116543.0,-110822.0,-3947.0,34397.0,156662.0,-40119.0,122907.25623575319,642.256235753186,-6364.256235753186,122938.78609136924,-6395.786091369242,9,cv_test
2024-05-01,2,124874.0,3529.0,99421.0,56275.0,-5722.0,116543.0,False,Midwest,116543.0,114321.0,-124874.0,-3529.0,27293.0,143836.0,-29515.0,115176.08355909788,-1366.9164409021178,-855.0835590978822,115028.02640863328,-707.0264086332754,9,cv_test
2024-06-01,2,119223.0,3081.0,87020.0,53835.0,-2222.0,114321.0,False,Midwest,114321.0,110115.0,-119223.0,-3081.0,18551.0,132872.0,-22757.0,113717.25762429442,-603.7423757055803,-3602.2576242944197,113647.86427978217,-3532.8642797821667,9,cv_test
2024-07-01,2,120315.0,3172.0,96051.0,55185.0,-4206.0,110115.0,False,Midwest,110115.0,104799.0,-120315.0,-3172.0,27749.0,137864.0,-33065.0,109846.86267437124,-268.1373256287625,-5047.8626743712375,109732.60387668181,-4933.603876681809,9,cv_test
2024-08-01,2,124880.0,4350.0,85409.0,55616.0,-5316.0,104799.0,False,Midwest,104799.0,106571.0,-124880.0,-4350.0,11795.0,116594.0,-10023.0,104131.11474082491,-667.885259175091,2439.885259175091,103932.52344320732,2638.4765567926806,10,cv_test
2024-09-01,2,114572.0,3350.0,83649.0,54731.0,1772.0,106571.0,False,Midwest,106571.0,106183.0,-114572.0,-3350.0,20458.0,127029.0,-20846.0,107454.68381548011,883.683815480108,-1271.683815480108,107579.19039170012,-1396.1903917001182,10,cv_test
2024-10-01,2,115762.0,1572.0,91398.0,56501.0,-388.0,106183.0,False,Midwest,106183.0,106836.0,-115762.0,-1572.0,30565.0,136748.0,-29912.0,107163.22469607394,980.224696073943,-327.22469607394305,107369.26339316735,-533.2633931673481,10,cv_test
2024-11-01,2,114207.0,3421.0,85718.0,55961.0,653.0,106836.0,False,Midwest,106836.0,103681.0,-114207.0,-3421.0,24051.0,130887.0,-27206.0,107944.43168370503,1108.4316837050283,-4263.431683705028,108114.97924722706,-4433.979247227064,10,cv_test
2024-12-01,2,122213.0,3307.0,96279.0,56933.0,-3155.0,103681.0,False,Midwest,103681.0,102928.0,-122213.0,-3307.0,27692.0,131373.0,-28445.0,103788.57416389466,107.5741638946638,-860.5741638946638,103854.19569771578,-926.1956977157824,10,cv_test
2025-01-01,2,122723.0,4742.0,96172.0,55912.0,-1040.0,102928.0,False,Midwest,102928.0,108370.0,-122723.0,-4742.0,24619.0,127547.0,-19177.0,102857.45645098915,-70.54354901085026,5512.54354901085,102903.90624262877,5466.093757371229,10,cv_test
2025-02-01,2,109113.0,2884.0,83632.0,49095.0,5442.0,108370.0,False,Midwest,108370.0,107856.0,-109113.0,-2884.0,20730.0,129100.0,-21244.0,109295.83642853588,925.8364285358839,-1439.836428535884,109589.57741029012,-1733.5774102901196,10,cv_test
2025-03-01,2,117579.0,1657.0,87058.0,56570.0,-514.0,107856.0,False,Midwest,107856.0,108279.0,-117579.0,-1657.0,24392.0,132248.0,-23969.0,108389.07022630911,533.070226309108,-110.07022630910797,108460.59514002471,-181.59514002471406,10,cv_test
2025-04-01,2,109315.0,2418.0,83378.0,54598.0,423.0,108279.0,False,Midwest,108279.0,107003.0,-109315.0,-2418.0,26243.0,134522.0,-27519.0,109942.84051963159,1663.840519631587,-2939.840519631587,110239.5288605296,-3236.5288605295937,10,cv_test
2025-05-01,2,122694.0,2696.0,90376.0,55273.0,-1276.0,107003.0,False,Midwest,107003.0,103186.0,-122694.0,-2696.0,20259.0,127262.0,-24076.0,106531.61145703269,-471.38854296731006,-3345.61145703269,106475.42662366651,-3289.4266236665135,10,cv_test
2025-06-01,2,123774.0,4856.0,80852.0,54386.0,-3817.0,103186.0,False,Midwest,103186.0,102773.0,-123774.0,-4856.0,6608.0,109794.0,-7021.0,102639.08710534053,-546.9128946594719,133.91289465947193,102412.72252462487,360.27747537512914,10,cv_test
2025-07-01,2,129677.0,5548.0,93136.0,56959.0,-413.0,102773.0,False,Midwest,102773.0,105652.0,-129677.0,-5548.0,14870.0,117643.0,-11991.0,101626.8495379964,-1146.1504620035994,4025.1504620035994,101388.88826138795,4263.111738612046,10,cv_test
2025-08-01,2,125936.0,4191.0,83570.0,56981.0,2879.0,105652.0,False,Midwest,105652.0,102148.0,-125936.0,-4191.0,10424.0,116076.0,-13928.0,104920.41454447755,-731.5854555224505,-2772.4145444775495,104657.64789614514,-2509.6478961451357,10,cv_test
2025-09-01,2,120407.0,3050.0,89556.0,54877.0,-3504.0,102148.0,False,Midwest,102148.0,105721.0,-120407.0,-3050.0,20976.0,123124.0,-17403.0,102369.89132878397,221.89132878396777,3351.1086712160322,102397.0033921591,3323.996607840905,10,cv_test
2025-10-01,2,112693.0,2394.0,87358.0,56968.0,3573.0,105721.0,False,Midwest,105721.0,102571.0,-112693.0,-2394.0,29239.0,134960.0,-32389.0,107322.65774522212,1601.6577452221245,-4751.6577452221245,107577.02566482131,-5006.025664821311,10,cv_test
2025-11-01,2,121942.0,3423.0,81227.0,55057.0,-3150.0,102571.0,False,Midwest,102571.0,105687.0,-121942.0,-3423.0,10919.0,113490.0,-7803.0,102485.21254223958,-85.78745776042342,3201.7874577604234,102331.99521012968,3355.0047898703197,10,cv_test
2025-12-01,2,126684.0,3327.0,103082.0,54193.0,3116.0,105687.0,False,Midwest,105687.0,107268.0,-126684.0,-3327.0,27264.0,132951.0,-25683.0,104509.2974937938,-1177.702506206202,2758.702506206202,104508.61357754275,2759.386422457246,10,cv_test
2026-01-01,2,124669.0,2650.0,90356.0,53767.0,1581.0,107268.0,False,Midwest,107268.0,108017.0,-124669.0,-2650.0,16804.0,124072.0,-16055.0,106220.50563967491,-1047.4943603250867,1796.4943603250867,106090.7668161795,1926.233183820499,10,cv_test
2026-02-01,2,108037.0,3686.0,83200.0,49371.0,749.0,108017.0,False,Midwest,108017.0,114145.0,-108037.0,-3686.0,20848.0,128865.0,-14720.0,109194.03261929702,1177.0326192970242,4950.967380702976,109520.55489388903,4624.445106110972,10,cv_test
2026-03-01,2,117151.0,3336.0,93195.0,54771.0,6128.0,114145.0,False,Midwest,114145.0,110594.0,-117151.0,-3336.0,27479.0,141624.0,-31030.0,114072.65537289984,-72.34462710015941,-3478.6553728998406,114225.15273784463,-3631.1527378446335,10,cv_test
2026-04-01,2,108598.0,3647.0,90760.0,53073.0,-3551.0,110594.0,False,Midwest,110594.0,100616.0,-108598.0,-3647.0,31588.0,142182.0,-41566.0,112032.97518525043,1438.9751852504269,-11416.975185250427,112454.25481853574,-11838.254818535745,10,cv_test
2026-05-01,2,123433.0,1306.0,87297.0,54481.0,-9978.0,100616.0,False,Midwest,100616.0,,-123433.0,-1306.0,17039.0,117655.0,,100352.97009469036,-263.0299053096387,,,,,forecast
2007-01-01,3,221459.0,0.0,189739.0,88402.0,16700.0,854382.0,True,Gulf Coast,854382.0,841229.0,-221459.0,-0.0,56682.0,911064.0,-69835.0,856039.8910519253,1657.8910519252531,-14810.891051925253,,,,initial_train
2007-02-01,3,195758.0,0.0,146841.0,80427.0,-13153.0,841229.0,True,Gulf Coast,841229.0,846831.0,-195758.0,-0.0,31510.0,872739.0,-25908.0,842494.9786605227,1265.9786605227273,4336.021339477273,,,,initial_train
2007-03-01,3,231831.0,0.0,206071.0,87839.0,5602.0,846831.0,True,Gulf Coast,846831.0,857898.0,-231831.0,-0.0,62079.0,908910.0,-51012.0,847532.7380978416,701.7380978416186,10365.261902158381,,,,initial_train
2007-04-01,3,215600.0,0.0,183578.0,86654.0,11067.0,857898.0,True,Gulf Coast,857898.0,867953.0,-215600.0,-0.0,54632.0,912530.0,-44577.0,859814.0855098934,1916.085509893368,8138.914490106632,,,,initial_train
2007-05-01,3,224853.0,0.0,186240.0,89591.0,10055.0,867953.0,True,Gulf Coast,867953.0,872585.0,-224853.0,-0.0,50978.0,918931.0,-46346.0,868519.2396220354,566.239622035413,4065.760377964587,,,,initial_train
2007-06-01,3,219730.0,0.0,179823.0,84806.0,4632.0,872585.0,True,Gulf Coast,872585.0,861712.0,-219730.0,-0.0,44899.0,917484.0,-55772.0,872235.9000769326,-349.09992306737695,-10523.900076932623,,,,initial_train
2007-07-01,3,237931.0,0.0,185942.0,86372.0,-10873.0,861712.0,False,Gulf Coast,861712.0,853018.0,-237931.0,-0.0,34383.0,896095.0,-43077.0,857897.157506191,-3814.8424938089447,-4879.157506191055,,,,initial_train
2007-08-01,3,234699.0,0.0,182848.0,86311.0,-8694.0,853018.0,True,Gulf Coast,853018.0,847268.0,-234699.0,-0.0,34460.0,887478.0,-40210.0,849793.8002955465,-3224.1997044534655,-2525.8002955465345,,,,initial_train
2007-09-01,3,218305.0,0.0,176544.0,81479.0,-5750.0,847268.0,True,Gulf Coast,847268.0,839495.0,-218305.0,-0.0,39718.0,886986.0,-47491.0,846217.5157909773,-1050.4842090227176,-6722.515790977282,,,,initial_train
2007-10-01,3,225091.0,0.0,169008.0,86968.0,-7773.0,839495.0,True,Gulf Coast,839495.0,834211.0,-225091.0,-0.0,30885.0,870380.0,-36169.0,837604.5313753338,-1890.4686246662168,-3393.531375333783,,,,initial_train
2007-11-01,3,218979.0,0.0,175998.0,82168.0,-5284.0,834211.0,True,Gulf Coast,834211.0,827851.0,-218979.0,-0.0,39187.0,873398.0,-45547.0,833300.385267959,-910.6147320410237,-5449.385267958976,,,,initial_train
2007-12-01,3,225628.0,0.0,178054.0,88246.0,-6360.0,827851.0,True,Gulf Coast,827851.0,838998.0,-225628.0,-0.0,40672.0,868523.0,-29525.0,827383.5378455307,-467.4621544693364,11614.462154469336,,,,initial_train
2008-01-01,3,214653.0,0.0,177075.0,88720.0,11147.0,838998.0,True,Gulf Coast,838998.0,845164.0,-214653.0,-0.0,51142.0,890140.0,-44976.0,841305.8696604619,2307.8696604619035,3858.1303395380965,,,,initial_train
2008-02-01,3,201088.0,0.0,158447.0,84477.0,6166.0,845164.0,True,Gulf Coast,845164.0,854309.0,-201088.0,-0.0,41836.0,887000.0,-32691.0,847541.3963373308,2377.396337330807,6767.603662669193,,,,initial_train
2008-03-01,3,217228.0,0.0,173440.0,89918.0,9145.0,854309.0,True,Gulf Coast,854309.0,855380.0,-217228.0,-0.0,46130.0,900439.0,-45059.0,855705.5419864155,1396.541986415512,-325.54198641551193,,,,initial_train
2008-04-01,3,214948.0,0.0,176154.0,86850.0,1071.0,855380.0,True,Gulf Coast,855380.0,843046.0,-214948.0,-0.0,48056.0,903436.0,-60390.0,856721.2310281977,1341.2310281976825,-13675.231028197682,,,,initial_train
2008-05-01,3,229430.0,0.0,176079.0,89231.0,-12334.0,843046.0,True,Gulf Coast,843046.0,839109.0,-229430.0,-0.0,35880.0,878926.0,-39817.0,841468.3184871408,-1577.6815128591843,-2359.3184871408157,,,,initial_train
2008-06-01,3,221067.0,0.0,175934.0,87042.0,-3937.0,839109.0,True,Gulf Coast,839109.0,841602.0,-221067.0,-0.0,41909.0,881018.0,-39416.0,839084.9183871581,-24.081612841924652,2517.0816128419247,,,,initial_train
2008-07-01,3,228379.0,0.0,182816.0,91664.0,2493.0,841602.0,True,Gulf Coast,841602.0,855411.0,-228379.0,-0.0,46101.0,887703.0,-32292.0,841830.3037841242,228.30378412420396,13580.696215875796,,,,initial_train
2008-08-01,3,217581.0,0.0,187719.0,88182.0,13809.0,855411.0,True,Gulf Coast,855411.0,854209.0,-217581.0,-0.0,58320.0,913731.0,-59522.0,857777.8559460355,2366.8559460354736,-3568.8559460354736,,,,initial_train
2008-09-01,3,146697.0,0.0,131201.0,49933.0,-1202.0,854209.0,True,Gulf Coast,854209.0,853634.0,-146697.0,-0.0,34437.0,888646.0,-35012.0,857012.8999858635,2803.899985863478,-3378.899985863478,,,,initial_train
2008-10-01,3,210482.0,0.0,176664.0,73917.0,-575.0,853634.0,True,Gulf Coast,853634.0,858049.0,-210482.0,-0.0,40099.0,893733.0,-35684.0,852236.2900566442,-1397.7099433557596,5812.70994335576,,,,initial_train
2008-11-01,3,206747.0,0.0,177417.0,80991.0,4415.0,858049.0,True,Gulf Coast,858049.0,850683.0,-206747.0,-0.0,51661.0,909710.0,-59027.0,859843.8440968444,1794.8440968444338,-9160.844096844434,858517.5637135436,-7834.563713543583,1,cv_test
2008-12-01,3,216801.0,0.0,166688.0,86696.0,-7366.0,850683.0,True,Gulf Coast,850683.0,871114.0,-216801.0,-0.0,36583.0,887266.0,-16152.0,850480.787216761,-202.21278323896695,20633.212783238967,848757.0458095476,22356.95419045235,1,cv_test
2009-01-01,3,209780.0,0.0,177346.0,89100.0,20431.0,871114.0,True,Gulf Coast,871114.0,872430.0,-209780.0,-0.0,56666.0,927780.0,-55350.0,874441.0916598774,3327.0916598774493,-2011.0916598774493,870018.4930208405,2411.506979159545,1,cv_test
2009-02-01,3,188723.0,0.0,146950.0,81726.0,1316.0,872430.0,True,Gulf Coast,872430.0,889615.0,-188723.0,-0.0,39953.0,912383.0,-22768.0,875559.7119843212,3129.711984321242,14055.288015678758,867777.0782574441,21837.921742555918,1,cv_test
2009-03-01,3,219487.0,0.0,180754.0,91042.0,17185.0,889615.0,True,Gulf Coast,889615.0,896605.0,-219487.0,-0.0,52309.0,941924.0,-45319.0,891142.9733212857,1527.9733212856809,5462.026678714319,879834.7017463801,16770.298253619927,1,cv_test
2009-04-01,3,217169.0,0.0,171287.0,91123.0,6990.0,896605.0,True,Gulf Coast,896605.0,894728.0,-217169.0,-0.0,45241.0,941846.0,-47118.0,897608.4820359396,1003.4820359395817,-2880.4820359395817,882785.9161277378,11942.083872262156,1,cv_test
2009-05-01,3,217803.0,514.0,164352.0,96078.0,-1877.0,894728.0,False,Gulf Coast,894728.0,891504.0,-217803.0,-514.0,42113.0,936841.0,-45337.0,896164.5678377835,1436.5678377834847,-4660.567837783485,881780.591502617,9723.408497383003,1,cv_test
2009-06-01,3,213811.0,0.0,155748.0,92483.0,-3224.0,891504.0,True,Gulf Coast,891504.0,890262.0,-213811.0,-0.0,34420.0,925924.0,-35662.0,892118.5093924794,614.5093924794346,-1856.5093924794346,877052.3491270463,13209.650872953702,1,cv_test
2009-07-01,3,219273.0,0.0,155769.0,100467.0,-1242.0,890262.0,True,Gulf Coast,890262.0,881648.0,-219273.0,-0.0,36963.0,927225.0,-45577.0,891924.6272838054,1662.6272838053992,-10276.6272838054,877880.6630093876,3767.3369906124426,1,cv_test
2009-08-01,3,225597.0,0.0,151376.0,100770.0,-8614.0,881648.0,True,Gulf Coast,881648.0,885687.0,-225597.0,-0.0,26549.0,908197.0,-22510.0,881357.17943208,-290.8205679199891,4329.820567919989,868074.3653309142,17612.634669085848,1,cv_test
2009-09-01,3,215487.0,0.0,157722.0,98641.0,4039.0,885687.0,True,Gulf Coast,885687.0,883225.0,-215487.0,-0.0,40876.0,926563.0,-43338.0,888058.7302868147,2371.730286814738,-4833.730286814738,876221.9582643486,7003.041735651437,1,cv_test
2009-10-01,3,214753.0,0.0,143606.0,101173.0,-2462.0,883225.0,True,Gulf Coast,883225.0,879002.0,-214753.0,-0.0,30026.0,913251.0,-34249.0,885007.770837211,1782.77083721105,-6005.77083721105,872060.3751178831,6941.624882116914,1,cv_test
2009-11-01,3,207558.0,0.0,148654.0,93579.0,-4223.0,879002.0,True,Gulf Coast,879002.0,870712.0,-207558.0,-0.0,34675.0,913677.0,-42965.0,880953.8910481118,1951.8910481118364,-10241.891048111836,870115.4821401107,596.5178598893108,1,cv_test
2009-12-01,3,212721.0,0.0,139125.0,99871.0,-8290.0,870712.0,True,Gulf Coast,870712.0,884948.0,-212721.0,-0.0,26275.0,896987.0,-12039.0,872279.2642520034,1567.2642520033987,12668.735747996601,862676.0059065999,22271.994093400077,1,cv_test
2010-01-01,3,206666.0,0.0,155363.0,99080.0,14236.0,884948.0,True,Gulf Coast,884948.0,892440.0,-206666.0,-0.0,47777.0,932725.0,-40285.0,889513.896816218,4565.896816218039,2926.103183781961,879355.9411479704,13084.058852029615,1,cv_test
2010-02-01,3,187838.0,0.0,139001.0,92180.0,7492.0,892440.0,True,Gulf Coast,892440.0,900528.0,-187838.0,-0.0,43343.0,935783.0,-35255.0,897876.2237933532,5436.223793353187,2651.776206646813,884600.5334180683,15927.466581931687,1,cv_test
2010-03-01,3,227053.0,0.0,173979.0,99258.0,8088.0,900528.0,True,Gulf Coast,900528.0,898584.0,-227053.0,-0.0,46184.0,946712.0,-48128.0,901701.3768931627,1173.3768931627274,-3117.3768931627274,885865.567008202,12718.432991798036,1,cv_test
2010-04-01,3,234510.0,0.0,177030.0,92252.0,-1944.0,898584.0,True,Gulf Coast,898584.0,890875.0,-234510.0,-0.0,34772.0,933356.0,-42481.0,896006.937789791,-2577.062210208969,-5131.937789791031,878346.7159790047,12528.284020995256,1,cv_test
2010-05-01,3,238069.0,0.0,176452.0,97511.0,-7709.0,890875.0,True,Gulf Coast,890875.0,895898.0,-238069.0,-0.0,35894.0,926769.0,-30871.0,889019.1906891828,-1855.8093108171597,6878.80931081716,874155.6990000167,21742.30099998333,1,cv_test
2010-06-01,3,231218.0,0.0,175377.0,94326.0,5023.0,895898.0,True,Gulf Coast,895898.0,891983.0,-231218.0,-0.0,38485.0,934383.0,-42400.0,894672.6358367762,-1225.3641632237704,-2689.6358367762296,878686.1825024212,13296.817497578799,1,cv_test
2010-07-01,3,242243.0,949.0,183231.0,94633.0,-3915.0,891983.0,False,Gulf Coast,891983.0,898210.0,-242243.0,-949.0,34672.0,926655.0,-28445.0,888580.617191519,-3402.382808480994,9629.382808480994,873459.5706267051,24750.42937329493,1,cv_test
2010-08-01,3,235378.0,0.0,176492.0,98917.0,6227.0,898210.0,True,Gulf Coast,898210.0,899527.0,-235378.0,-0.0,40031.0,938241.0,-38714.0,897405.889614834,-804.1103851660155,2121.1103851660155,895451.0287090102,4075.971290989779,2,cv_test
2010-09-01,3,221038.0,0.0,164039.0,97440.0,1317.0,899527.0,True,Gulf Coast,899527.0,902612.0,-221038.0,-0.0,40441.0,939968.0,-37356.0,900608.4858059563,1081.4858059562976,2003.5141940437024,898868.1014413605,3743.8985586394556,2,cv_test
2010-10-01,3,223936.0,0.0,154133.0,100966.0,3085.0,902612.0,True,Gulf Coast,902612.0,887832.0,-223936.0,-0.0,31163.0,933775.0,-45943.0,902862.8179485248,250.81794852484018,-15030.81794852484,902035.5395376787,-14203.539537678706,2,cv_test
2010-11-01,3,226058.0,0.0,152973.0,96165.0,-14780.0,887832.0,True,Gulf Coast,887832.0,870269.0,-226058.0,-0.0,23080.0,910912.0,-40643.0,886100.8605935965,-1731.1394064035267,-15831.860593596473,886413.8499374961,-16144.849937496125,2,cv_test
2010-12-01,3,239047.0,0.0,157703.0,100694.0,-17563.0,870269.0,True,Gulf Coast,870269.0,880517.0,-239047.0,-0.0,19350.0,889619.0,-9102.0,867282.8888210299,-2986.111178970081,13234.11117897008,870155.0002649844,10361.99973501556,2,cv_test
2011-01-01,3,228297.0,903.0,166832.0,102954.0,10248.0,880517.0,False,Gulf Coast,880517.0,877115.0,-228297.0,-903.0,40586.0,921103.0,-43988.0,881652.3941057223,1135.3941057223128,-4537.394105722313,883076.0209984012,-5961.020998401218,2,cv_test
2011-02-01,3,184394.0,0.0,118473.0,86572.0,-3402.0,877115.0,True,Gulf Coast,877115.0,885458.0,-184394.0,-0.0,20651.0,897766.0,-12308.0,879600.8771704433,2485.877170443302,5857.122829556698,881329.3528061664,4128.6471938336035,2,cv_test
2011-03-01,3,226704.0,0.0,161096.0,99747.0,8343.0,885458.0,True,Gulf Coast,885458.0,890157.0,-226704.0,-0.0,34139.0,919597.0,-29440.0,885610.2771580915,152.27715809154324,4546.722841908457,886113.5466172074,4043.45338279265,2,cv_test
2011-04-01,3,217778.0,0.0,150482.0,95388.0,4699.0,890157.0,True,Gulf Coast,890157.0,891802.0,-217778.0,-0.0,28092.0,918249.0,-26447.0,890048.9122888508,-108.08771114924457,1753.0877111492446,889982.3354378226,1819.6645621773787,2,cv_test
2011-05-01,3,231310.0,0.0,159422.0,100795.0,1645.0,891802.0,True,Gulf Coast,891802.0,883598.0,-231310.0,-0.0,28907.0,920709.0,-37111.0,890798.8516298358,-1003.1483701642137,-7200.851629835786,890956.2315477962,-7358.231547796167,2,cv_test
2011-06-01,3,230193.0,0.0,155785.0,96274.0,-8204.0,883598.0,True,Gulf Coast,883598.0,873582.0,-230193.0,-0.0,21866.0,905464.0,-31882.0,881186.3331213512,-2411.666878648801,-7604.333121351199,881884.5235755336,-8302.523575533647,2,cv_test
2011-07-01,3,238340.0,334.0,156884.0,97223.0,-10016.0,873582.0,False,Gulf Coast,873582.0,852770.0,-238340.0,-334.0,15433.0,889015.0,-36245.0,869465.1682852196,-4116.831714780419,-16695.16828521958,871641.1365225454,-18871.136522545363,2,cv_test
2011-08-01,3,244911.0,0.0,146248.0,100974.0,-20812.0,852770.0,True,Gulf Coast,852770.0,839962.0,-244911.0,-0.0,2311.0,855081.0,-15119.0,847259.3574089529,-5510.642591047101,-7297.357408952899,853099.6643928273,-13137.664392827312,2,cv_test
2011-09-01,3,227078.0,0.0,138867.0,93612.0,-12808.0,839962.0,True,Gulf Coast,839962.0,845276.0,-227078.0,-0.0,5401.0,845363.0,-87.0,836190.093704651,-3771.9062953490065,9085.906295349007,842586.5962954911,2689.4037045089062,2,cv_test
2011-10-01,3,227757.0,0.0,150948.0,105155.0,5314.0,845276.0,True,Gulf Coast,845276.0,841248.0,-227757.0,-0.0,28346.0,873622.0,-32374.0,846185.0085369002,909.0085369001608,-4937.008536900161,852712.804800168,-11464.804800168029,2,cv_test
2011-11-01,3,229514.0,0.0,142347.0,103744.0,-4028.0,841248.0,True,Gulf Coast,841248.0,835742.0,-229514.0,-0.0,16577.0,857825.0,-22083.0,840340.0518573915,-907.9481426085113,-4598.051857391489,847786.3701215556,-12044.370121555636,2,cv_test
2011-12-01,3,231989.0,0.0,144034.0,109216.0,-5506.0,835742.0,True,Gulf Coast,835742.0,840785.0,-231989.0,-0.0,21261.0,857003.0,-16218.0,836133.4484666268,391.44846662681084,4651.551533373189,844886.2391448249,-4101.239144824911,2,cv_test
2012-01-01,3,222236.0,0.0,142073.0,110036.0,5043.0,840785.0,True,Gulf Coast,840785.0,838594.0,-222236.0,-0.0,29873.0,870658.0,-32064.0,843704.3741234518,2919.3741234517656,-5110.374123451766,851918.2418577977,-13324.241857797722,2,cv_test
2012-02-01,3,215422.0,0.0,126882.0,104799.0,-2191.0,838594.0,True,Gulf Coast,838594.0,858631.0,-215422.0,-0.0,16259.0,854853.0,3778.0,839998.178545192,1404.1785451920005,18632.821454808,848675.7051695428,9955.294830457191,2,cv_test
2012-03-01,3,232284.0,610.0,148998.0,114632.0,20037.0,858631.0,False,Gulf Coast,858631.0,865460.0,-232284.0,-610.0,30736.0,889367.0,-23907.0,860684.3437002015,2053.3437002014834,4775.656299798517,867451.1239184903,-1991.1239184902515,2,cv_test
2012-04-01,3,224878.0,0.0,140289.0,109954.0,6829.0,865460.0,True,Gulf Coast,865460.0,869179.0,-224878.0,-0.0,25365.0,890825.0,-21646.0,867145.5613726343,1685.5613726342563,2033.4386273657437,872754.7122953916,-3575.712295391597,2,cv_test
2012-05-01,3,244221.0,679.0,154035.0,112897.0,3719.0,869179.0,False,Gulf Coast,869179.0,870200.0,-244221.0,-679.0,22032.0,891211.0,-21011.0,867975.2211571076,-1203.7788428923814,2224.7788428923814,868213.98033891,1986.0196610899875,3,cv_test
2012-06-01,3,241331.0,0.0,142970.0,107893.0,1021.0,870200.0,True,Gulf Coast,870200.0,862527.0,-241331.0,-0.0,9532.0,879732.0,-17205.0,867172.7942679512,-3027.2057320488384,-4645.794267951162,866174.939638018,-3647.939638018026,3,cv_test
2012-07-01,3,249107.0,0.0,130225.0,117594.0,-7673.0,862527.0,False,Gulf Coast,862527.0,856116.0,-249107.0,-0.0,-1288.0,861239.0,-5123.0,859110.1522989678,-3416.8477010321803,-2994.1522989678197,859307.9929948057,-3191.9929948056815,3,cv_test
2012-08-01,3,240702.0,0.0,136607.0,113998.0,-6411.0,856116.0,True,Gulf Coast,856116.0,857811.0,-240702.0,-0.0,9903.0,866019.0,-8208.0,854598.1802347205,-1517.8197652795352,3212.819765279535,856078.2977108287,1732.702289171284,3,cv_test
2012-09-01,3,229021.0,0.0,130568.0,113945.0,1695.0,857811.0,True,Gulf Coast,857811.0,862723.0,-229021.0,-0.0,15492.0,873303.0,-10580.0,858639.7885666669,828.7885666668881,4083.211433333112,861166.5180434046,1556.4819565954385,3,cv_test
2012-10-01,3,238598.0,0.0,128441.0,125643.0,4912.0,862723.0,True,Gulf Coast,862723.0,861156.0,-238598.0,-0.0,15486.0,878209.0,-17053.0,864344.9938696326,1621.993869632599,-3188.993869632599,867198.2064961118,-6042.206496111816,3,cv_test
2012-11-01,3,242061.0,0.0,131387.0,124981.0,-1567.0,861156.0,True,Gulf Coast,861156.0,842404.0,-242061.0,-0.0,14307.0,875463.0,-33059.0,862017.2086837993,861.2086837992538,-19613.208683799254,864590.354265193,-22186.35426519299,3,cv_test
2012-12-01,3,250918.0,0.0,118433.0,129666.0,-18752.0,842404.0,False,Gulf Coast,842404.0,847107.0,-250918.0,-0.0,-2819.0,839585.0,7522.0,841160.9472901442,-1243.0527098558377,5946.052709855838,845079.7915542996,2027.2084457003511,3,cv_test
2013-01-01,3,228670.0,317.0,114000.0,129396.0,4703.0,847107.0,False,Gulf Coast,847107.0,856100.0,-228670.0,-317.0,14409.0,861516.0,-5416.0,850955.9185113193,3848.9185113193234,5144.081488680677,857013.9972699428,-913.9972699427744,3,cv_test
2013-02-01,3,199111.0,397.0,91474.0,118351.0,8993.0,856100.0,False,Gulf Coast,856100.0,860986.0,-199111.0,-397.0,10317.0,866417.0,-5431.0,861615.5118413742,5515.511841374217,-629.5118413742166,867650.84225779,-6664.842257790035,3,cv_test
2013-03-01,3,236300.0,334.0,111140.0,130671.0,4886.0,860986.0,False,Gulf Coast,860986.0,865442.0,-236300.0,-334.0,5177.0,866163.0,-721.0,862720.3794343091,1734.379434309085,2721.620565690915,866493.1484398573,-1051.1484398572939,3,cv_test
2013-04-01,3,234604.0,1400.0,114745.0,130531.0,4456.0,865442.0,False,Gulf Coast,865442.0,864889.0,-234604.0,-1400.0,9272.0,874714.0,-9825.0,867576.0379827752,2134.0379827752477,-2687.0379827752477,871523.5154583307,-6634.515458330745,3,cv_test
2013-05-01,3,253376.0,1050.0,121352.0,133066.0,-553.0,864889.0,False,Gulf Coast,864889.0,855850.0,-253376.0,-1050.0,-8.0,864881.0,-9031.0,863746.3409147707,-1142.659085229272,-7896.340914770728,866001.8407013023,-10151.84070130228,3,cv_test
2013-06-01,3,248992.0,497.0,113017.0,127595.0,-9039.0,855850.0,False,Gulf Coast,855850.0,857120.0,-248992.0,-497.0,-8877.0,846973.0,10147.0,853526.4107504508,-2323.5892495492008,3593.5892495492008,855855.3266072224,1264.673392777564,3,cv_test
2013-07-01,3,261352.0,646.0,120808.0,137049.0,1270.0,857120.0,False,Gulf Coast,857120.0,854885.0,-261352.0,-646.0,-4141.0,852979.0,1906.0,855283.6040983899,-1836.3959016101435,-398.6040983898565,857957.0655980323,-3072.065598032321,3,cv_test
2013-08-01,3,252263.0,701.0,117132.0,136615.0,-2235.0,854885.0,False,Gulf Coast,854885.0,862765.0,-252263.0,-701.0,783.0,855668.0,7097.0,854895.763470707,10.763470706995577,7869.236529293004,858746.0935765397,4018.906423460343,3,cv_test
2013-09-01,3,243185.0,598.0,110719.0,137959.0,7880.0,862765.0,False,Gulf Coast,862765.0,865275.0,-243185.0,-598.0,4895.0,867660.0,-2385.0,864783.4349514713,2018.4349514712812,491.56504852871876,868901.1619100855,-3626.161910085473,3,cv_test
2013-10-01,3,237405.0,1419.0,106482.0,138702.0,2510.0,865275.0,False,Gulf Coast,865275.0,858288.0,-237405.0,-1419.0,6360.0,871635.0,-13347.0,868257.8768715559,2982.876871555927,-9969.876871555927,873083.3472608811,-14795.347260881099,3,cv_test
2013-11-01,3,245608.0,4334.0,111548.0,137734.0,-6987.0,858288.0,False,Gulf Coast,858288.0,843725.0,-245608.0,-4334.0,-660.0,857628.0,-13903.0,858514.4517916031,226.45179160311818,-14789.451791603118,864038.8286119207,-20313.828611920704,3,cv_test
2013-12-01,3,261605.0,1899.0,114956.0,144852.0,-14563.0,843725.0,False,Gulf Coast,843725.0,849673.0,-261605.0,-1899.0,-3696.0,840029.0,9644.0,843324.5586417367,-400.4413582632551,6348.441358263255,849029.8137448739,643.1862551261438,3,cv_test
2014-01-01,3,247183.0,4468.0,110498.0,147168.0,5948.0,849673.0,False,Gulf Coast,849673.0,864199.0,-247183.0,-4468.0,6015.0,855688.0,8511.0,852343.804200268,2670.8042002680013,11855.195799731999,860302.5255596854,3896.474440314574,3,cv_test
2014-02-01,3,217642.0,2093.0,97943.0,135759.0,14526.0,864199.0,False,Gulf Coast,864199.0,874147.0,-217642.0,-2093.0,13967.0,878166.0,-4019.0,870288.039366964,6089.039366964018,3858.960633035982,871255.8178218234,2891.1821781765902,4,cv_test
2014-03-01,3,245118.0,5442.0,104836.0,152326.0,9948.0,874147.0,False,Gulf Coast,874147.0,884429.0,-245118.0,-5442.0,6602.0,880749.0,3680.0,877678.8553641558,3531.855364155839,6750.144635844161,875032.7341581045,9396.265841895482,4,cv_test
2014-04-01,3,250260.0,4324.0,106652.0,153215.0,10282.0,884429.0,False,Gulf Coast,884429.0,880920.0,-250260.0,-4324.0,5283.0,889712.0,-8792.0,887329.9563537695,2900.9563537695212,-6409.956353769521,883844.3253524639,-2924.3253524638712,4,cv_test
2014-05-01,3,255600.0,7016.0,100143.0,158724.0,-3509.0,880920.0,False,Gulf Coast,880920.0,874843.0,-255600.0,-7016.0,-3749.0,877171.0,-2328.0,882537.2969714728,1617.2969714727951,-7694.296971472795,877687.3439750354,-2844.3439750353573,4,cv_test
2014-06-01,3,242746.0,7554.0,90120.0,155825.0,-6077.0,874843.0,False,Gulf Coast,874843.0,867623.0,-242746.0,-7554.0,-4355.0,870488.0,-2865.0,877707.1935391831,2864.193539183121,-10084.193539183121,873734.9460914707,-6111.946091470658,4,cv_test
2014-07-01,3,266533.0,8489.0,107958.0,164038.0,-7220.0,867623.0,False,Gulf Coast,867623.0,863183.0,-266533.0,-8489.0,-3026.0,864597.0,-1414.0,868573.8802937438,950.8802937438013,-5390.880293743801,864219.6476581583,-1036.6476581583265,4,cv_test
2014-08-01,3,269372.0,6212.0,107081.0,166050.0,-4440.0,863183.0,False,Gulf Coast,863183.0,856901.0,-269372.0,-6212.0,-2453.0,860730.0,-3829.0,864720.7134457771,1537.7134457770735,-7819.7134457770735,862072.5620226797,-5171.562022679718,4,cv_test
2014-09-01,3,250714.0,4172.0,92907.0,160536.0,-6282.0,856901.0,False,Gulf Coast,856901.0,866769.0,-250714.0,-4172.0,-1443.0,855458.0,11311.0,860789.6332688602,3888.6332688601688,5979.366731139831,860622.4073197503,6146.592680249712,4,cv_test
2014-10-01,3,248404.0,6259.0,89776.0,169476.0,9868.0,866769.0,False,Gulf Coast,866769.0,868014.0,-248404.0,-6259.0,4589.0,871358.0,-3344.0,872853.023584271,6084.023584270966,-4839.023584270966,871476.1836946458,-3462.1836946457624,4,cv_test
2014-11-01,3,252875.0,6346.0,99965.0,165662.0,1245.0,868014.0,False,Gulf Coast,868014.0,867012.0,-252875.0,-6346.0,6406.0,874420.0,-7408.0,872853.422531545,4839.422531545046,-5841.422531545046,870873.0609322186,-3861.060932218563,4,cv_test
2014-12-01,3,266620.0,7595.0,87690.0,176414.0,-1002.0,867012.0,False,Gulf Coast,867012.0,880450.0,-266620.0,-7595.0,-10111.0,856901.0,23549.0,869773.9263105001,2761.92631050013,10676.07368949987,866464.7026276328,13985.297372367233,4,cv_test
2015-01-01,3,248385.0,8370.0,90880.0,172425.0,13438.0,880450.0,False,Gulf Coast,880450.0,893237.0,-248385.0,-8370.0,6550.0,887000.0,6237.0,886701.0653232335,6251.065323233488,6535.934676766512,882965.1787125169,10271.821287483093,4,cv_test
2015-02-01,3,224691.0,6627.0,81839.0,159839.0,12787.0,893237.0,False,Gulf Coast,893237.0,902630.0,-224691.0,-6627.0,10360.0,903597.0,-967.0,901217.8131839439,7980.813183943857,1412.1868160561426,897603.6120885494,5026.3879114505835,4,cv_test
2015-03-01,3,253337.0,8317.0,96122.0,177179.0,9393.0,902630.0,False,Gulf Coast,902630.0,912245.0,-253337.0,-8317.0,11647.0,914277.0,-2032.0,909376.0004877509,6746.000487750862,2868.999512249138,903466.301414891,8778.69858510897,4,cv_test
2015-04-01,3,257645.0,9977.0,89602.0,173882.0,9615.0,912245.0,False,Gulf Coast,912245.0,912769.0,-257645.0,-9977.0,-4138.0,908107.0,4662.0,915434.4505531763,3189.4505531763425,-2665.4505531763425,906401.7135061555,6367.286493844469,4,cv_test
2015-05-01,3,269249.0,9585.0,97887.0,174689.0,524.0,912769.0,False,Gulf Coast,912769.0,909638.0,-269249.0,-9585.0,-6258.0,906511.0,3127.0,914220.0143761039,1451.014376103878,-4582.014376103878,904658.2585109927,4979.741489007254,4,cv_test
2015-06-01,3,264430.0,7871.0,93338.0,167223.0,-3131.0,909638.0,False,Gulf Coast,909638.0,901436.0,-264430.0,-7871.0,-11740.0,897898.0,3538.0,910143.5732444547,505.5732444546884,-8707.573244454688,901355.4393377414,80.56066225864924,4,cv_test
2015-07-01,3,270691.0,9796.0,92125.0,176633.0,-8202.0,901436.0,False,Gulf Coast,901436.0,903460.0,-270691.0,-9796.0,-11729.0,889707.0,13753.0,902531.6904010084,1095.6904010083526,928.3095989916474,893928.8173129486,9531.182687051361,4,cv_test
2015-08-01,3,269100.0,8945.0,88357.0,177759.0,2024.0,903460.0,False,Gulf Coast,903460.0,913989.0,-269100.0,-8945.0,-11929.0,891531.0,22458.0,905151.3316089452,1691.3316089451546,8837.668391054845,896926.1302146026,17062.86978539743,4,cv_test
2015-09-01,3,254604.0,8036.0,80393.0,173124.0,10529.0,913989.0,False,Gulf Coast,913989.0,927812.0,-254604.0,-8036.0,-9123.0,904866.0,22946.0,917323.2644858551,3334.264485855121,10488.735514144879,909013.4694789493,18798.530521050678,4,cv_test
2015-10-01,3,256696.0,12636.0,84905.0,175425.0,13823.0,927812.0,False,Gulf Coast,927812.0,917915.0,-256696.0,-12636.0,-9002.0,918810.0,-895.0,930118.1689107125,2306.1689107124694,-12203.16891071247,917874.1348530244,40.86514697561506,4,cv_test
2015-11-01,3,259995.0,7287.0,85445.0,168003.0,-9897.0,917915.0,False,Gulf Coast,917915.0,909794.0,-259995.0,-7287.0,-13834.0,904081.0,5713.0,919022.3421543599,1107.3421543599106,-9228.34215435991,914393.8069993418,-4599.806999341818,5,cv_test
2015-12-01,3,278162.0,9046.0,101693.0,172150.0,-8121.0,909794.0,False,Gulf Coast,909794.0,926164.0,-278162.0,-9046.0,-13365.0,896429.0,29735.0,908767.6910822552,-1026.3089177447837,17396.308917744784,903775.7529029793,22388.247097020736,5,cv_test
2016-01-01,3,252514.0,6416.0,87032.0,172903.0,16370.0,926164.0,False,Gulf Coast,926164.0,941054.0,-252514.0,-6416.0,1005.0,927169.0,13885.0,931110.2868124684,4946.286812468432,9943.713187531568,927634.2845641479,13419.715435852064,5,cv_test
2016-02-01,3,239811.0,6388.0,84907.0,160210.0,14890.0,941054.0,False,Gulf Coast,941054.0,954397.0,-239811.0,-6388.0,-1082.0,939972.0,14425.0,944998.1846665102,3944.1846665102057,9398.815333489794,939718.5721270542,14678.427872945787,5,cv_test
2016-03-01,3,267947.0,9240.0,106398.0,171712.0,13343.0,954397.0,False,Gulf Coast,954397.0,954850.0,-267947.0,-9240.0,923.0,955320.0,-470.0,955817.834933378,1420.8349333780352,-967.8349333780352,948119.2263518836,6730.773648116388,5,cv_test
2016-04-01,3,254036.0,9057.0,91568.0,163880.0,453.0,954850.0,False,Gulf Coast,954850.0,955225.0,-254036.0,-9057.0,-7645.0,947205.0,8020.0,955885.7353614677,1035.7353614676977,-660.7353614676977,947923.2150307368,7301.784969263244,5,cv_test
2016-05-01,3,265512.0,12426.0,106361.0,167749.0,375.0,955225.0,False,Gulf Coast,955225.0,953039.0,-265512.0,-12426.0,-3828.0,951397.0,1642.0,954992.5482936325,-232.45170636754483,-1953.5482936324552,946227.3449350437,6811.655064956285,5,cv_test
2016-06-01,3,257359.0,5747.0,92388.0,160118.0,-2186.0,953039.0,False,Gulf Coast,953039.0,946026.0,-257359.0,-5747.0,-10600.0,942439.0,3587.0,953252.9196047713,213.91960477130488,-7226.919604771305,945268.5538779424,757.4461220576195,5,cv_test
2016-07-01,3,270287.0,4078.0,107530.0,165935.0,-7013.0,946026.0,False,Gulf Coast,946026.0,942134.0,-270287.0,-4078.0,-900.0,945126.0,-2992.0,946992.9869044911,966.9869044910884,-4858.986904491088,940120.6781664832,2013.3218335168203,5,cv_test
2016-08-01,3,266752.0,12697.0,99930.0,167400.0,-3892.0,942134.0,False,Gulf Coast,942134.0,934996.0,-266752.0,-12697.0,-12119.0,930015.0,4981.0,940818.5344705587,-1315.4655294412514,-5822.534470558749,932647.083614811,2348.916385189048,5,cv_test
2016-09-01,3,254903.0,14743.0,93286.0,158559.0,-7138.0,934996.0,False,Gulf Coast,934996.0,950199.0,-254903.0,-14743.0,-17801.0,917195.0,33004.0,932725.7071843384,-2270.29281566164,17473.29281566164,924538.8286360534,25660.171363946632,5,cv_test
2016-10-01,3,251344.0,6863.0,90564.0,168126.0,15203.0,950199.0,False,Gulf Coast,950199.0,944791.0,-251344.0,-6863.0,483.0,950682.0,-5891.0,953923.8707395846,3724.870739584556,-9132.870739584556,947770.3736815685,-2979.3736815685406,5,cv_test
2016-11-01,3,259490.0,9896.0,96629.0,165328.0,-5408.0,944791.0,False,Gulf Coast,944791.0,939104.0,-259490.0,-9896.0,-7429.0,937362.0,1742.0,945263.3720419945,472.37204199447297,-6159.372041994473,937863.0093752932,1240.990624706843,5,cv_test
2016-12-01,3,275248.0,9044.0,94265.0,172426.0,-5687.0,939104.0,False,Gulf Coast,939104.0,960380.0,-275248.0,-9044.0,-17601.0,921503.0,38877.0,937717.2850183672,-1386.7149816327728,22662.714981632773,930029.7488455832,30350.251154416823,5,cv_test
2017-01-01,3,259998.0,13055.0,105578.0,173522.0,21276.0,960380.0,False,Gulf Coast,960380.0,972797.0,-259998.0,-13055.0,6047.0,966427.0,6370.0,963014.5079060465,2634.507906046463,9782.492093953537,955118.3497761369,17678.65022386308,5,cv_test
2017-02-01,3,228979.0,24315.0,86603.0,160733.0,12417.0,972797.0,False,Gulf Coast,972797.0,974127.0,-228979.0,-24315.0,-5958.0,966839.0,7288.0,973599.1876805064,802.1876805063803,527.8123194936197,962953.014518271,11173.985481729032,5,cv_test
2017-03-01,3,263568.0,21629.0,95857.0,178854.0,1330.0,974127.0,False,Gulf Coast,974127.0,958981.0,-263568.0,-21629.0,-10486.0,963641.0,-4660.0,973358.4729816274,-768.5270183725515,-14377.472981627448,962145.7499415185,-3164.7499415185302,5,cv_test
2017-04-01,3,267757.0,25849.0,96732.0,170180.0,-15146.0,958981.0,False,Gulf Coast,958981.0,947102.0,-267757.0,-25849.0,-26694.0,932287.0,14815.0,953329.9535072524,-5651.046492747613,-6227.953507252387,940838.3099388004,6263.690061199595,5,cv_test
2017-05-01,3,288212.0,24130.0,99579.0,179326.0,-11879.0,947102.0,False,Gulf Coast,947102.0,938694.0,-288212.0,-24130.0,-33437.0,913665.0,25029.0,939945.0555687376,-7156.94443126244,-1251.05556873756,927936.8109924115,10757.189007588546,5,cv_test
2017-06-01,3,275420.0,17982.0,89224.0,172074.0,-8408.0,938694.0,False,Gulf Coast,938694.0,928830.0,-275420.0,-17982.0,-32104.0,906590.0,22240.0,933630.0959760472,-5063.904023952782,-4800.095976047218,923672.3898767106,5157.6101232894,5,cv_test
2017-07-01,3,286021.0,22009.0,90922.0,182637.0,-9864.0,928830.0,False,Gulf Coast,928830.0,910451.0,-286021.0,-22009.0,-34471.0,894359.0,16092.0,923226.6131037498,-5603.386896250187,-12775.613103749813,913650.8928503316,-3199.892850331613,5,cv_test
2017-08-01,3,266929.0,18807.0,72889.0,178767.0,-18379.0,910451.0,False,Gulf Coast,910451.0,912311.0,-266929.0,-18807.0,-34080.0,876371.0,35940.0,907922.3455016036,-2528.6544983964413,4388.654498396441,906823.0158784284,5487.984121571644,6,cv_test
2017-09-01,3,223108.0,38300.0,66983.0,178875.0,1860.0,912311.0,False,Gulf Coast,912311.0,887682.0,-223108.0,-38300.0,-15550.0,896761.0,-9079.0,914175.2258235072,1864.2258235071786,-26493.22582350718,914629.5876600154,-26947.587660015444,6,cv_test
2017-10-01,3,268322.0,49021.0,77866.0,185303.0,-24629.0,887682.0,False,Gulf Coast,887682.0,881971.0,-268322.0,-49021.0,-54174.0,833508.0,48463.0,877652.505771869,-10029.494228131021,4318.494228131021,875747.7826876795,6223.217312320485,6,cv_test
2017-11-01,3,268422.0,40809.0,77582.0,190060.0,-5711.0,881971.0,False,Gulf Coast,881971.0,867357.0,-268422.0,-40809.0,-41589.0,840382.0,26975.0,876142.6390619511,-5828.3609380489215,-8785.639061951078,875526.1392636909,-8169.139263690915,6,cv_test
2017-12-01,3,285809.0,40739.0,77386.0,194437.0,-14614.0,867357.0,False,Gulf Coast,867357.0,881098.0,-285809.0,-40739.0,-54725.0,812632.0,68466.0,858501.5320622016,-8855.467937798356,22596.467937798356,857594.3399020006,23503.660097999382,6,cv_test
2018-01-01,3,271933.0,35018.0,80772.0,194506.0,13741.0,881098.0,False,Gulf Coast,881098.0,894999.0,-271933.0,-35018.0,-31673.0,849425.0,45574.0,878008.6703232287,-3089.3296767713036,16990.329676771304,878086.8044618232,16912.195538176806,6,cv_test
2018-02-01,3,232240.0,39456.0,69355.0,183004.0,13901.0,894999.0,False,Gulf Coast,894999.0,883010.0,-232240.0,-39456.0,-19337.0,875662.0,7348.0,895845.1267594219,846.1267594218953,-12835.126759421895,896667.3388551493,-13657.33885514934,6,cv_test
2018-03-01,3,275001.0,50965.0,80252.0,208245.0,-11989.0,883010.0,False,Gulf Coast,883010.0,884390.0,-275001.0,-50965.0,-37469.0,845541.0,38849.0,877992.252401394,-5017.747598606045,6397.747598606045,877775.4064497483,6614.59355025168,6,cv_test
2018-04-01,3,265981.0,50294.0,85880.0,200588.0,1380.0,884390.0,False,Gulf Coast,884390.0,877138.0,-265981.0,-50294.0,-29807.0,854583.0,22555.0,880217.536924941,-4172.463075059,-3079.5369249409996,880083.7814767461,-2945.7814767460804,6,cv_test
2018-05-01,3,274736.0,56068.0,75061.0,205660.0,-7252.0,877138.0,False,Gulf Coast,877138.0,873052.0,-274736.0,-56068.0,-50083.0,827055.0,45997.0,869190.8382358019,-7947.161764198099,3861.1617641980993,868495.715199545,4556.284800454974,6,cv_test
2018-06-01,3,278192.0,61505.0,83015.0,207122.0,-4086.0,873052.0,False,Gulf Coast,873052.0,879521.0,-278192.0,-61505.0,-49560.0,823492.0,56029.0,863798.8523378388,-9253.147662161151,15722.147662161151,862894.0061489715,16626.9938510285,6,cv_test
2018-07-01,3,281733.0,61828.0,84039.0,221892.0,6469.0,879521.0,False,Gulf Coast,879521.0,874105.0,-281733.0,-61828.0,-37630.0,841891.0,32214.0,873822.8538342322,-5698.146165767801,282.146165767801,873734.3515887242,370.64841127581894,6,cv_test
2018-08-01,3,289856.0,51842.0,78202.0,231123.0,-5416.0,874105.0,False,Gulf Coast,874105.0,880801.0,-289856.0,-51842.0,-32373.0,841732.0,39069.0,871838.8637370014,-2266.136262998567,8962.136262998567,872860.9870498565,7940.012950143544,6,cv_test
2018-09-01,3,273792.0,56654.0,74943.0,222334.0,6696.0,880801.0,False,Gulf Coast,880801.0,882042.0,-273792.0,-56654.0,-33169.0,847632.0,34410.0,877993.4301554578,-2807.5698445421876,4048.5698445421876,878691.3950119652,3350.6049880348146,6,cv_test
2018-10-01,3,286111.0,63614.0,69944.0,230306.0,1241.0,882042.0,False,Gulf Coast,882042.0,887119.0,-286111.0,-63614.0,-49475.0,832567.0,54552.0,875575.8190472791,-6466.180952720926,11543.180952720926,875395.135225439,11723.864774561021,6,cv_test
2018-11-01,3,277537.0,65949.0,63627.0,232959.0,5077.0,887119.0,False,Gulf Coast,887119.0,881191.0,-277537.0,-65949.0,-46900.0,840219.0,40972.0,882171.3919057515,-4947.608094248455,-980.391905751545,882348.5332936492,-1157.533293649205,6,cv_test
2018-12-01,3,290610.0,68130.0,60479.0,242170.0,-5928.0,881191.0,False,Gulf Coast,881191.0,881131.0,-290610.0,-68130.0,-56091.0,825100.0,56031.0,874651.5857925147,-6539.414207485272,6479.414207485272,874708.0363640141,6422.963635985856,6,cv_test
2019-01-01,3,274595.0,76053.0,64295.0,239856.0,-60.0,881131.0,False,Gulf Coast,881131.0,878584.0,-274595.0,-76053.0,-46497.0,834634.0,43950.0,875890.3642769228,-5240.635723077226,2693.6357230772264,876393.1548255525,2190.845174447517,6,cv_test
2019-02-01,3,240551.0,76025.0,50196.0,214122.0,-2547.0,878584.0,False,Gulf Coast,878584.0,883034.0,-240551.0,-76025.0,-52258.0,826326.0,56708.0,872788.4323884941,-5795.5676115058595,10245.56761150586,873280.2633077685,9753.736692231498,6,cv_test
2019-03-01,3,264130.0,77838.0,54407.0,243610.0,4450.0,883034.0,False,Gulf Coast,883034.0,891193.0,-264130.0,-77838.0,-43951.0,839083.0,52110.0,879967.2386831128,-3066.7613168872194,11225.76131688722,881166.2512040506,10026.748795949388,6,cv_test
2019-04-01,3,263752.0,80987.0,55336.0,240183.0,8159.0,891193.0,False,Gulf Coast,891193.0,889878.0,-263752.0,-80987.0,-49220.0,841973.0,47905.0,886126.5827336131,-5066.41726638691,3751.4172663869103,886483.5863285065,3394.4136714935303,6,cv_test
2019-05-01,3,280897.0,85989.0,63734.0,248400.0,-1315.0,889878.0,False,Gulf Coast,889878.0,878690.0,-280897.0,-85989.0,-54752.0,835126.0,43564.0,882155.4706586873,-7722.529341312707,-3465.4706586872926,888131.6668438922,-9441.666843892192,7,cv_test
2019-06-01,3,273773.0,87919.0,52241.0,241750.0,-11188.0,878690.0,False,Gulf Coast,878690.0,871011.0,-273773.0,-87919.0,-67701.0,810989.0,60022.0,868990.5471194951,-9699.45288050489,2020.4528805048903,875422.6839384827,-4411.68393848266,7,cv_test
2019-07-01,3,279199.0,76037.0,50581.0,239425.0,-7679.0,871011.0,False,Gulf Coast,871011.0,872940.0,-279199.0,-76037.0,-65230.0,805781.0,67159.0,863013.6280122647,-7997.3719877352705,9926.37198773527,869548.5263472138,3391.473652786226,7,cv_test
2019-08-01,3,282182.0,80370.0,50140.0,258986.0,1929.0,872940.0,False,Gulf Coast,872940.0,865421.0,-282182.0,-80370.0,-53426.0,819514.0,45907.0,868687.1755722408,-4252.824427759158,-3266.1755722408416,875732.2904467046,-10311.290446704603,7,cv_test
2019-09-01,3,261038.0,83531.0,42538.0,250688.0,-7519.0,865421.0,False,Gulf Coast,865421.0,864734.0,-261038.0,-83531.0,-51343.0,814078.0,50656.0,862348.5692733907,-3072.430726609309,2385.430726609309,869287.6598555134,-4553.659855513368,7,cv_test
2019-10-01,3,258510.0,99752.0,37712.0,261672.0,-687.0,864734.0,False,Gulf Coast,864734.0,863236.0,-258510.0,-99752.0,-58878.0,805856.0,57380.0,859808.0037495845,-4925.996250415454,3427.9962504154537,867574.325402955,-4338.325402954943,7,cv_test
2019-11-01,3,265681.0,86590.0,36792.0,259495.0,-1498.0,863236.0,False,Gulf Coast,863236.0,854758.0,-265681.0,-86590.0,-55984.0,807252.0,47506.0,860028.5104095788,-3207.4895904212026,-5270.510409578797,867510.6706426971,-12752.670642697136,7,cv_test
2019-12-01,3,279028.0,103977.0,47360.0,269008.0,-8478.0,854758.0,False,Gulf Coast,854758.0,862880.0,-279028.0,-103977.0,-66637.0,788121.0,74759.0,846526.9622976976,-8231.037702302448,16353.037702302448,855740.119401114,7139.880598886055,7,cv_test
2020-01-01,3,272540.0,92700.0,46527.0,269978.0,8122.0,862880.0,False,Gulf Coast,862880.0,876756.0,-272540.0,-92700.0,-48735.0,814145.0,62611.0,860188.0060290805,-2691.993970919517,16567.993970919517,868313.2391680179,8442.76083198213,7,cv_test
2020-02-01,3,243346.0,96678.0,41507.0,251946.0,13876.0,876756.0,False,Gulf Coast,876756.0,886386.0,-243346.0,-96678.0,-46571.0,830185.0,56201.0,874103.1495914597,-2652.85040854034,12282.85040854034,880432.4958601122,5953.504139887751,7,cv_test
2020-03-01,3,261727.0,106656.0,46865.0,270897.0,9630.0,886386.0,False,Gulf Coast,886386.0,916045.0,-261727.0,-106656.0,-50621.0,835765.0,80280.0,881935.2295988565,-4450.770401143469,34109.77040114347,888892.4105100597,27152.58948994032,7,cv_test
2020-04-01,3,217152.0,81278.0,43023.0,246615.0,29659.0,916045.0,False,Gulf Coast,916045.0,934148.0,-217152.0,-81278.0,-8792.0,907253.0,26895.0,923394.5073667192,7349.50736671919,10753.49263328081,925922.3341517249,8225.665848275064,7,cv_test
2020-05-01,3,221336.0,89537.0,68651.0,210863.0,18103.0,934148.0,False,Gulf Coast,934148.0,956570.0,-221336.0,-89537.0,-31359.0,902789.0,53781.0,929296.045103537,-4851.954896462965,27273.954896462965,930429.9232293327,26140.076770667336,7,cv_test
2020-06-01,3,224330.0,77253.0,66304.0,217591.0,22422.0,956570.0,False,Gulf Coast,956570.0,944808.0,-224330.0,-77253.0,-17688.0,938882.0,5926.0,956525.5270199327,-44.47298006725032,-11717.52701993275,955994.6359160228,-11186.635916022817,7,cv_test
2020-07-01,3,240724.0,98895.0,58815.0,233471.0,-11762.0,944808.0,False,Gulf Coast,944808.0,920344.0,-240724.0,-98895.0,-47333.0,897475.0,22869.0,937498.4530981217,-7309.546901878319,-17154.45309812168,939263.5959964937,-18919.595996493706,7,cv_test
2020-08-01,3,228684.0,99124.0,36555.0,217752.0,-24464.0,920344.0,False,Gulf Coast,920344.0,912855.0,-228684.0,-99124.0,-73501.0,846843.0,66012.0,909065.1405939125,-11278.859406087548,3789.8594060875475,911737.9934659535,1117.0065340464935,7,cv_test
2020-09-01,3,209989.0,86159.0,36543.0,220810.0,-7489.0,912855.0,False,Gulf Coast,912855.0,900201.0,-209989.0,-86159.0,-38795.0,874060.0,26141.0,911814.0900219419,-1040.9099780580727,-11613.090021941927,914038.697795672,-13837.697795671993,7,cv_test
2020-10-01,3,218513.0,83975.0,37379.0,215299.0,-12654.0,900201.0,False,Gulf Coast,900201.0,909291.0,-218513.0,-83975.0,-49810.0,850391.0,58900.0,896199.8643132183,-4001.135686781723,13091.135686781723,899230.0867835156,10060.913216484361,7,cv_test
2020-11-01,3,228017.0,76029.0,36221.0,229097.0,9090.0,909291.0,False,Gulf Coast,909291.0,896960.0,-228017.0,-76029.0,-38728.0,870563.0,26397.0,909437.4998648881,146.49986488814466,-12477.499864888145,912103.3601184402,-15143.360118440236,7,cv_test
2020-12-01,3,240269.0,97973.0,37041.0,237728.0,-12331.0,896960.0,False,Gulf Coast,896960.0,896086.0,-240269.0,-97973.0,-63473.0,833487.0,62599.0,889537.4300373323,-7422.5699626676505,6548.5699626676505,894302.7217800299,1783.2782199700596,7,cv_test
2021-01-01,3,245489.0,93776.0,38590.0,238828.0,-874.0,896086.0,False,Gulf Coast,896086.0,915386.0,-245489.0,-93776.0,-61847.0,834239.0,81147.0,889208.1389118041,-6877.861088195932,26177.861088195932,894017.0474359553,21368.95256404474,7,cv_test
2021-02-01,3,169035.0,66482.0,28380.0,187782.0,19300.0,915386.0,False,Gulf Coast,915386.0,932466.0,-169035.0,-66482.0,-19355.0,896031.0,36435.0,920464.7448063998,5078.744806399802,12001.255193600198,920953.182910188,11512.817089812015,8,cv_test
2021-03-01,3,232935.0,81282.0,35768.0,247835.0,17080.0,932466.0,False,Gulf Coast,932466.0,906599.0,-232935.0,-81282.0,-30614.0,901852.0,4747.0,935019.2553476209,2553.2553476209287,-28420.25534762093,937880.5528379282,-31281.552837928175,8,cv_test
2021-04-01,3,254083.0,89413.0,36361.0,237985.0,-25867.0,906599.0,False,Gulf Coast,906599.0,888487.0,-254083.0,-89413.0,-69150.0,837449.0,51038.0,898264.0941936187,-8334.905806381255,-9777.094193618745,903247.1583992133,-14760.158399213338,8,cv_test
2021-05-01,3,263225.0,82726.0,38544.0,248095.0,-18112.0,888487.0,False,Gulf Coast,888487.0,865066.0,-263225.0,-82726.0,-59312.0,829175.0,35891.0,883562.663357227,-4924.336642773007,-18496.663357226993,889819.0742874171,-24753.074287417112,8,cv_test
2021-06-01,3,258213.0,96461.0,40935.0,239925.0,-23421.0,865066.0,False,Gulf Coast,865066.0,863624.0,-258213.0,-96461.0,-73814.0,791252.0,72372.0,854956.202391719,-10109.79760828102,8667.79760828102,863198.2857575847,425.71424241526984,8,cv_test
2021-07-01,3,262710.0,79541.0,46607.0,252452.0,-1442.0,863624.0,False,Gulf Coast,863624.0,847675.0,-262710.0,-79541.0,-43192.0,820432.0,27243.0,862460.4362303815,-1163.563769618515,-14785.436230381485,870392.1349907026,-22717.134990702616,8,cv_test
2021-08-01,3,258163.0,88335.0,40937.0,247116.0,-15949.0,847675.0,False,Gulf Coast,847675.0,846108.0,-258163.0,-88335.0,-58445.0,789230.0,56878.0,842709.0421506328,-4965.9578493671725,3398.9578493671725,851866.9571111075,-5758.957111107535,8,cv_test
2021-09-01,3,232365.0,73977.0,46494.0,226299.0,-1567.0,846108.0,False,Gulf Coast,846108.0,858522.0,-232365.0,-73977.0,-33549.0,812559.0,45963.0,846891.7860791973,783.7860791973071,11630.213920802693,854500.3954314712,4021.6045685288263,8,cv_test
2021-10-01,3,247890.0,84950.0,38950.0,254700.0,12414.0,858522.0,False,Gulf Coast,858522.0,839483.0,-247890.0,-84950.0,-39190.0,819332.0,20151.0,859351.9437812727,829.943781272741,-19868.94378127274,867683.6204616881,-28200.620461688144,8,cv_test
2021-11-01,3,254392.0,92883.0,35143.0,251565.0,-19039.0,839483.0,False,Gulf Coast,839483.0,818876.0,-254392.0,-92883.0,-60567.0,778916.0,39960.0,834823.8711790261,-4659.128820973914,-15947.871179026086,844771.2951026605,-25895.295102660544,8,cv_test
2021-12-01,3,263027.0,101930.0,33080.0,256771.0,-20607.0,818876.0,False,Gulf Coast,818876.0,809576.0,-263027.0,-101930.0,-75106.0,743770.0,65806.0,810589.9444203805,-8286.055579619482,-1013.9444203805178,822609.8164323354,-13033.816432335414,8,cv_test
2022-01-01,3,254725.0,101086.0,40840.0,251391.0,-9300.0,809576.0,False,Gulf Coast,809576.0,803457.0,-254725.0,-101086.0,-63580.0,745996.0,57461.0,803083.1558620272,-6492.844137972803,373.84413797280286,815491.7326434709,-12034.732643470867,8,cv_test
2022-02-01,3,228755.0,87236.0,33943.0,227279.0,-6119.0,803457.0,False,Gulf Coast,803457.0,793798.0,-228755.0,-87236.0,-54769.0,748688.0,45110.0,800225.2396583355,-3231.7603416645434,-6427.239658335457,811160.0467035428,-17362.046703542816,8,cv_test
2022-03-01,3,267871.0,94535.0,40084.0,260889.0,-9659.0,793798.0,False,Gulf Coast,793798.0,780525.0,-267871.0,-94535.0,-61433.0,732365.0,48160.0,789069.0935103477,-4728.906489652349,-8544.093510347651,802605.089501942,-22080.089501942042,8,cv_test
2022-04-01,3,259598.0,101643.0,37049.0,257111.0,-13273.0,780525.0,False,Gulf Coast,780525.0,755399.0,-259598.0,-101643.0,-67081.0,713444.0,41955.0,774274.5015690867,-6250.498430913314,-18875.501569086686,788800.2242750166,-33401.224275016575,8,cv_test
2022-05-01,3,275074.0,100214.0,44668.0,259899.0,-25126.0,755399.0,False,Gulf Coast,755399.0,728278.0,-275074.0,-100214.0,-70721.0,684678.0,43600.0,747598.8363390869,-7800.163660913124,-19320.836339086876,764070.3835832459,-35792.383583245915,8,cv_test
2022-06-01,3,268411.0,99454.0,40007.0,255945.0,-27121.0,728278.0,False,Gulf Coast,728278.0,701873.0,-268411.0,-99454.0,-71913.0,656365.0,45508.0,721076.5201717485,-7201.479828251526,-19203.520171748474,739021.0244164955,-37148.024416495464,8,cv_test
2022-07-01,3,279234.0,109262.0,50679.0,267341.0,-26405.0,701873.0,False,Gulf Coast,701873.0,680061.0,-279234.0,-109262.0,-70476.0,631397.0,48664.0,693640.4599008897,-8232.540099110338,-13579.459900889662,714441.7669459676,-34380.76694596757,8,cv_test
2022-08-01,3,276575.0,106065.0,37472.0,271727.0,-21812.0,680061.0,False,Gulf Coast,680061.0,656779.0,-276575.0,-106065.0,-73441.0,606620.0,50159.0,673723.9516308944,-6337.048369105556,-16944.951630894444,695716.6855929677,-38937.68559296767,8,cv_test
2022-09-01,3,264249.0,108407.0,35132.0,269962.0,-23282.0,656779.0,False,Gulf Coast,656779.0,643035.0,-264249.0,-108407.0,-67562.0,589217.0,53818.0,652389.1900087356,-4389.8099912643665,-9354.190008735633,675786.565566069,-32751.56556606898,8,cv_test
2022-10-01,3,261787.0,121520.0,35278.0,279603.0,-13744.0,643035.0,False,Gulf Coast,643035.0,617247.0,-261787.0,-121520.0,-68426.0,574609.0,42638.0,638116.2723382578,-4918.727661742247,-20869.272338257753,663364.2908996197,-46117.29089961969,8,cv_test
2022-11-01,3,266602.0,120608.0,30404.0,270993.0,-25788.0,617247.0,False,Gulf Coast,617247.0,615091.0,-266602.0,-120608.0,-85813.0,531434.0,83657.0,608486.1724867518,-8760.827513248194,6604.827513248194,599919.4837155892,15171.516284410842,9,cv_test
2022-12-01,3,252026.0,112379.0,34367.0,277857.0,-2156.0,615091.0,False,Gulf Coast,615091.0,627659.0,-252026.0,-112379.0,-52181.0,562910.0,64749.0,615474.4967234269,383.49672342685517,12184.503276573145,604491.9012105693,23167.09878943069,9,cv_test
2023-01-01,3,252976.0,103032.0,39696.0,286858.0,12568.0,627659.0,False,Gulf Coast,627659.0,634789.0,-252976.0,-103032.0,-29454.0,598205.0,36584.0,634107.7473306967,6448.747330696671,681.2526693033287,621930.4970818829,12858.502918117098,9,cv_test
2023-02-01,3,224632.0,111799.0,39201.0,255849.0,7130.0,634789.0,False,Gulf Coast,634789.0,632979.0,-224632.0,-111799.0,-41381.0,593408.0,39571.0,636060.1824997512,1271.1824997512158,-3081.182499751216,625889.1772101199,7089.822789880098,9,cv_test
2023-03-01,3,261306.0,133647.0,39962.0,290499.0,-1810.0,632979.0,False,Gulf Coast,632979.0,616409.0,-261306.0,-133647.0,-64492.0,568487.0,47922.0,628190.7326319828,-4788.26736801723,-11781.73263198277,619026.5860059006,-2617.5860059006372,9,cv_test
2023-04-01,3,261552.0,122740.0,36960.0,276266.0,-16570.0,616409.0,False,Gulf Coast,616409.0,604090.0,-261552.0,-122740.0,-71066.0,545343.0,58747.0,610646.4078612169,-5762.592138783075,-6556.407861216925,601263.1944802226,2826.80551977735,9,cv_test
2023-05-01,3,276503.0,115857.0,40033.0,284073.0,-12319.0,604090.0,False,Gulf Coast,604090.0,593587.0,-276503.0,-115857.0,-68254.0,535836.0,57751.0,599594.0847246603,-4495.915275339736,-6007.084724660264,589302.8756215669,4284.124378433102,9,cv_test
2023-06-01,3,264639.0,113748.0,41969.0,275579.0,-10503.0,593587.0,False,Gulf Coast,593587.0,591983.0,-264639.0,-113748.0,-60839.0,532748.0,59235.0,590634.7484209612,-2952.251579038799,1348.2515790387988,579708.6218235274,12274.378176472615,9,cv_test
2023-07-01,3,280117.0,118548.0,45905.0,290083.0,-1604.0,591983.0,False,Gulf Coast,591983.0,582019.0,-280117.0,-118548.0,-62677.0,529306.0,52713.0,588319.0488467412,-3663.951153258793,-6300.048846741207,577316.5945324167,4702.405467583332,9,cv_test
2023-08-01,3,274111.0,132718.0,45200.0,290856.0,-9964.0,582019.0,False,Gulf Coast,582019.0,589125.0,-274111.0,-132718.0,-70773.0,511246.0,77879.0,575525.7436426858,-6493.2563573141815,13599.256357314182,564921.5226970239,24203.47730297607,9,cv_test
2023-09-01,3,263607.0,119115.0,44042.0,284083.0,7106.0,589125.0,False,Gulf Coast,589125.0,595213.0,-263607.0,-119115.0,-54597.0,534528.0,60685.0,587581.8890089267,-1543.1109910733066,7631.110991073307,576066.4601679476,19146.539832052425,9,cv_test
2023-10-01,3,259375.0,124564.0,36369.0,293217.0,6088.0,595213.0,False,Gulf Coast,595213.0,599648.0,-259375.0,-124564.0,-54353.0,540860.0,58788.0,594851.62864133,-361.37135866994504,4796.371358669945,583182.7000135792,16465.29998642078,9,cv_test
2023-11-01,3,261731.0,114341.0,37031.0,286416.0,4435.0,599648.0,False,Gulf Coast,599648.0,582167.0,-261731.0,-114341.0,-52625.0,547023.0,35144.0,599972.4624609038,324.4624609038001,-17805.4624609038,588332.5906835479,-6165.590683547896,9,cv_test
2023-12-01,3,280359.0,139372.0,44940.0,295618.0,-17481.0,582167.0,False,Gulf Coast,582167.0,598600.0,-280359.0,-139372.0,-79173.0,502994.0,95606.0,573268.7442555473,-8898.255744452705,25331.255744452705,563215.9221942619,35384.07780573808,9,cv_test
2024-01-01,3,252784.0,119016.0,37743.0,281370.0,16433.0,598600.0,False,Gulf Coast,598600.0,608050.0,-252784.0,-119016.0,-52687.0,545913.0,62137.0,598261.9575867878,-338.04241321224254,9788.042413212243,586846.6323121442,21203.367687855847,9,cv_test
2024-02-01,3,231610.0,128916.0,38658.0,273863.0,9450.0,608050.0,False,Gulf Coast,608050.0,609462.0,-231610.0,-128916.0,-48005.0,560045.0,49417.0,607659.5237514535,-390.4762485465035,1802.4762485465035,596770.3369248586,12691.663075141376,9,cv_test
2024-03-01,3,269574.0,128611.0,37916.0,295546.0,1412.0,609462.0,False,Gulf Coast,609462.0,629996.0,-269574.0,-128611.0,-64723.0,544739.0,85257.0,605795.6845666381,-3666.315433361917,24200.315433361917,595415.3614121762,34580.638587823836,9,cv_test
2024-04-01,3,261869.0,115777.0,41003.0,289031.0,20534.0,629996.0,False,Gulf Coast,629996.0,629892.0,-261869.0,-115777.0,-47612.0,582384.0,47508.0,630678.914424482,682.9144244820345,-786.9144244820345,620008.3770843258,9883.622915674234,9,cv_test
2024-05-01,3,281509.0,126103.0,48547.0,298151.0,-104.0,629892.0,False,Gulf Coast,629892.0,624154.0,-281509.0,-126103.0,-60914.0,568978.0,55176.0,625667.9198008504,-4224.080199149554,-1513.9198008504463,616085.665345694,8068.334654305945,9,cv_test
2024-06-01,3,274635.0,120661.0,42827.0,290640.0,-5738.0,624154.0,False,Gulf Coast,624154.0,613406.0,-274635.0,-120661.0,-61829.0,562325.0,51081.0,620645.2361688694,-3508.763831130578,-7239.236168869422,610769.4300432692,2636.5699567308184,9,cv_test
2024-07-01,3,278793.0,128627.0,41374.0,299829.0,-10748.0,613406.0,False,Gulf Coast,613406.0,614415.0,-278793.0,-128627.0,-66217.0,547189.0,67226.0,608976.3717451779,-4429.628254822106,5438.628254822106,598851.871315643,15563.128684357041,9,cv_test
2024-08-01,3,283408.0,119159.0,38652.0,305306.0,1009.0,614415.0,False,Gulf Coast,614415.0,616735.0,-283408.0,-119159.0,-58609.0,555806.0,60929.0,613278.5298764937,-1136.4701235062676,3456.4701235062676,613400.6295806842,3334.370419315761,10,cv_test
2024-09-01,3,263617.0,108227.0,40458.0,287414.0,2320.0,616735.0,False,Gulf Coast,616735.0,628939.0,-263617.0,-108227.0,-43972.0,572763.0,56176.0,619066.6147474155,2331.6147474155296,9872.38525258447,618515.9129265599,10423.087073440081,10,cv_test
2024-10-01,3,276911.0,117914.0,39845.0,306555.0,12204.0,628939.0,False,Gulf Coast,628939.0,624167.0,-276911.0,-117914.0,-48425.0,580514.0,43653.0,630256.0628913693,1317.0628913693363,-6089.062891369336,630136.2500950369,-5969.2500950369285,10,cv_test
2024-11-01,3,275638.0,125233.0,41504.0,290461.0,-4772.0,624167.0,False,Gulf Coast,624167.0,621631.0,-275638.0,-125233.0,-68906.0,555261.0,66370.0,618676.3585158598,-5490.641484140186,2954.6414841401856,619334.8297455357,2296.1702544642612,10,cv_test
2024-12-01,3,291097.0,112566.0,40653.0,303509.0,-2536.0,621631.0,False,Gulf Coast,621631.0,629758.0,-291097.0,-112566.0,-59501.0,562130.0,67628.0,620238.6195872704,-1392.3804127295734,9519.380412729573,620386.0649142814,9371.935085718636,10,cv_test
2025-01-01,3,258388.0,115741.0,37857.0,296245.0,8127.0,629758.0,False,Gulf Coast,629758.0,636603.0,-258388.0,-115741.0,-40027.0,589731.0,46872.0,633240.6475439864,3482.6475439864444,3362.3524560135556,632681.6546230629,3921.345376937068,10,cv_test
2025-02-01,3,230318.0,117342.0,31912.0,271799.0,6845.0,636603.0,False,Gulf Coast,636603.0,642891.0,-230318.0,-117342.0,-43949.0,592654.0,50237.0,638622.1679335102,2019.1679335101508,4268.832066489849,637909.9214126174,4981.078587382566,10,cv_test
2025-03-01,3,277844.0,123178.0,38015.0,305107.0,6288.0,642891.0,False,Gulf Coast,642891.0,644388.0,-277844.0,-123178.0,-57900.0,584991.0,59397.0,641389.5152340432,-1501.4847659567604,2998.4847659567604,641663.1565538123,2724.843446187675,10,cv_test
2025-04-01,3,278631.0,112557.0,36493.0,296093.0,1497.0,644388.0,False,Gulf Coast,644388.0,642323.0,-278631.0,-112557.0,-58602.0,585786.0,56537.0,643223.737436623,-1164.2625633770367,-900.7374366229633,643252.1238611302,-929.1238611302106,10,cv_test
2025-05-01,3,290030.0,109144.0,36270.0,306115.0,-2065.0,642323.0,False,Gulf Coast,642323.0,632950.0,-290030.0,-109144.0,-56789.0,585534.0,47416.0,642390.0744368882,67.07443688821513,-9440.074436888215,642328.4362910248,-9378.436291024787,10,cv_test
2025-06-01,3,280709.0,107697.0,37017.0,300259.0,-9373.0,632950.0,False,Gulf Coast,632950.0,644270.0,-280709.0,-107697.0,-51130.0,581820.0,62450.0,634339.406513762,1389.4065137619618,9930.593486238038,634021.6431117568,10248.35688824323,10,cv_test
2025-07-01,3,285777.0,103173.0,34331.0,314908.0,11320.0,644270.0,False,Gulf Coast,644270.0,640338.0,-285777.0,-103173.0,-39711.0,604559.0,35779.0,649900.3382823669,5630.338282366865,-9562.338282366865,649139.4380948084,-8801.43809480837,10,cv_test
2025-08-01,3,284788.0,119926.0,38210.0,317216.0,-3932.0,640338.0,False,Gulf Coast,640338.0,637300.0,-284788.0,-119926.0,-49288.0,591050.0,46250.0,641881.5602570846,1543.5602570845513,-4581.560257084551,641862.7503001501,-4562.750300150132,10,cv_test
2025-09-01,3,265753.0,126454.0,35450.0,306911.0,-3038.0,637300.0,False,Gulf Coast,637300.0,644610.0,-265753.0,-126454.0,-49846.0,587454.0,57156.0,638226.1014020396,926.1014020396397,6383.89859796036,638164.4870101213,6445.5129898786545,10,cv_test
2025-10-01,3,264363.0,133618.0,29851.0,317922.0,7310.0,644610.0,False,Gulf Coast,644610.0,651840.0,-264363.0,-133618.0,-50208.0,594402.0,57438.0,646201.8971090333,1591.897109033307,5638.102890966693,646136.7875546264,5703.212445373647,10,cv_test
2025-11-01,3,275502.0,112885.0,33474.0,306488.0,7230.0,651840.0,False,Gulf Coast,651840.0,641399.0,-275502.0,-112885.0,-48425.0,603415.0,37984.0,654160.8751689349,2320.87516893493,-12761.87516893493,653817.2149377175,-12418.214937717537,10,cv_test
2025-12-01,3,292782.0,124445.0,32066.0,314705.0,-10441.0,641399.0,False,Gulf Coast,641399.0,639513.0,-292782.0,-124445.0,-70456.0,570943.0,68570.0,637865.4425139974,-3533.5574860025663,1647.5574860025663,638386.5085264356,1126.4914735644124,10,cv_test
2026-01-01,3,276138.0,118590.0,42359.0,305326.0,-1886.0,639513.0,False,Gulf Coast,639513.0,665153.0,-276138.0,-118590.0,-47043.0,592470.0,72683.0,640579.5340352292,1066.5340352292405,24573.46596477076,640567.1174741881,24585.882525811903,10,cv_test
2026-02-01,3,244527.0,116561.0,38137.0,285912.0,25640.0,665153.0,False,Gulf Coast,665153.0,675361.0,-244527.0,-116561.0,-37039.0,628114.0,47247.0,668396.2611620853,3243.261162085342,6964.738837914658,667881.6918979126,7479.308102087351,10,cv_test
2026-03-01,3,287565.0,121672.0,46143.0,315913.0,10208.0,675361.0,False,Gulf Coast,675361.0,653282.0,-287565.0,-121672.0,-47181.0,628180.0,25102.0,675646.4512043246,285.4512043246068,-22364.451204324607,676055.5452877447,-22773.545287744724,10,cv_test
2026-04-01,3,280808.0,163062.0,36891.0,312731.0,-22079.0,653282.0,False,Gulf Coast,653282.0,599784.0,-280808.0,-163062.0,-94248.0,559034.0,40750.0,639891.1150969461,-13390.88490305387,-40107.11509694613,642085.4817870107,-42301.48178701068,10,cv_test
2026-05-01,3,296239.0,173714.0,39653.0,316242.0,-53498.0,599784.0,False,Gulf Coast,599784.0,,-296239.0,-173714.0,-114058.0,485726.0,,580890.3239949754,-18893.67600502458,,,,,forecast
2007-01-01,4,16833.0,24.0,11133.0,10939.0,-135.0,12495.0,False,Rocky Mountain,12495.0,11811.0,-16833.0,-24.0,5215.0,17710.0,-5899.0,12693.269803316738,198.26980331673803,-882.269803316738,,,,initial_train
2007-02-01,4,15444.0,14.0,9395.0,10100.0,-684.0,11811.0,False,Rocky Mountain,11811.0,12458.0,-15444.0,-14.0,4037.0,15848.0,-3390.0,12106.208165750148,295.2081657501476,351.7918342498524,,,,initial_train
2007-03-01,4,16561.0,27.0,10247.0,11465.0,647.0,12458.0,False,Rocky Mountain,12458.0,12193.0,-16561.0,-27.0,5124.0,17582.0,-5389.0,12702.814815804151,244.8148158041513,-509.8148158041513,,,,initial_train
2007-04-01,4,15506.0,20.0,9097.0,11274.0,-265.0,12193.0,False,Rocky Mountain,12193.0,13036.0,-15506.0,-20.0,4845.0,17038.0,-4002.0,12511.949949536809,318.9499495368091,524.0500504631909,,,,initial_train
2007-05-01,4,15903.0,28.0,9370.0,11708.0,843.0,13036.0,False,Rocky Mountain,13036.0,13297.0,-15903.0,-28.0,5147.0,18183.0,-4886.0,13279.032951712723,243.03295171272293,17.967048287277066,,,,initial_train
2007-06-01,4,17155.0,30.0,10778.0,11188.0,261.0,13297.0,False,Rocky Mountain,13297.0,12538.0,-17155.0,-30.0,4781.0,18078.0,-5540.0,13417.605943588582,120.6059435885818,-879.6059435885818,,,,initial_train
2007-07-01,4,18255.0,28.0,11216.0,11400.0,-759.0,12538.0,False,Rocky Mountain,12538.0,11990.0,-18255.0,-28.0,4333.0,16871.0,-4881.0,12675.4020625551,137.4020625551002,-685.4020625551002,,,,initial_train
2007-08-01,4,17166.0,27.0,10972.0,11554.0,-548.0,11990.0,False,Rocky Mountain,11990.0,12832.0,-17166.0,-27.0,5333.0,17323.0,-4491.0,12247.162144004818,257.1621440048184,584.8378559951816,,,,initial_train
2007-09-01,4,16161.0,24.0,10954.0,11057.0,842.0,12832.0,False,Rocky Mountain,12832.0,13790.0,-16161.0,-24.0,5826.0,18658.0,-4868.0,13044.458622777656,212.45862277765627,745.5413772223437,,,,initial_train
2007-10-01,4,16112.0,39.0,10564.0,11571.0,958.0,13790.0,False,Rocky Mountain,13790.0,13601.0,-16112.0,-39.0,5984.0,19774.0,-6173.0,13945.852141998925,155.8521419989247,-344.8521419989247,,,,initial_train
2007-11-01,4,16178.0,29.0,10313.0,11193.0,-189.0,13601.0,False,Rocky Mountain,13601.0,11706.0,-16178.0,-29.0,5299.0,18900.0,-7194.0,13750.252731675026,149.25273167502564,-2044.2527316750256,,,,initial_train
2007-12-01,4,16574.0,16.0,9296.0,11290.0,-1895.0,11706.0,False,Rocky Mountain,11706.0,11681.0,-16574.0,-16.0,3996.0,15702.0,-4021.0,12008.721521786709,302.72152178670876,-327.72152178670876,,,,initial_train
2008-01-01,4,16566.0,23.0,11017.0,11136.0,-25.0,11681.0,False,Rocky Mountain,11681.0,11515.0,-16566.0,-23.0,5564.0,17245.0,-5730.0,11978.333956650795,297.3339566507948,-463.3339566507948,,,,initial_train
2008-02-01,4,15615.0,7.0,10741.0,10545.0,-166.0,11515.0,False,Rocky Mountain,11515.0,12569.0,-15615.0,-7.0,5664.0,17179.0,-4610.0,11850.554833756318,335.55483375631775,718.4451662436823,,,,initial_train
2008-03-01,4,16352.0,1.0,11129.0,11488.0,1054.0,12569.0,False,Rocky Mountain,12569.0,12623.0,-16352.0,-1.0,6264.0,18833.0,-6210.0,12816.948676093827,247.9486760938271,-193.9486760938271,,,,initial_train
2008-04-01,4,16203.0,3.0,10232.0,11339.0,54.0,12623.0,False,Rocky Mountain,12623.0,12210.0,-16203.0,-3.0,5365.0,17988.0,-5778.0,12866.750873068058,243.75087306805835,-656.7508730680584,,,,initial_train
2008-05-01,4,17443.0,3.0,9934.0,11575.0,-413.0,12210.0,False,Rocky Mountain,12210.0,12526.0,-17443.0,-3.0,4063.0,16273.0,-3747.0,12432.591215356202,222.59121535620216,93.40878464379784,,,,initial_train
2008-06-01,4,16145.0,2.0,10810.0,11195.0,316.0,12526.0,False,Rocky Mountain,12526.0,13089.0,-16145.0,-2.0,5858.0,18384.0,-5295.0,12774.242412172045,248.24241217204508,314.7575878279549,,,,initial_train
2008-07-01,4,15981.0,4.0,9627.0,11492.0,563.0,13089.0,False,Rocky Mountain,13089.0,13528.0,-15981.0,-4.0,5134.0,18223.0,-4695.0,13311.43307939909,222.43307939909027,216.56692060090973,,,,initial_train
2008-08-01,4,16750.0,2.0,11793.0,11557.0,439.0,13528.0,False,Rocky Mountain,13528.0,13004.0,-16750.0,-2.0,6598.0,20126.0,-7122.0,13670.308684135425,142.3086841354252,-666.3086841354252,,,,initial_train
2008-09-01,4,16277.0,3.0,10622.0,11446.0,-524.0,13004.0,False,Rocky Mountain,13004.0,13187.0,-16277.0,-3.0,5788.0,18792.0,-5605.0,13214.773237232053,210.77323723205336,-27.77323723205336,,,,initial_train
2008-10-01,4,16684.0,2.0,11357.0,11804.0,183.0,13187.0,False,Rocky Mountain,13187.0,12967.0,-16684.0,-2.0,6475.0,19662.0,-6695.0,13376.840390866428,189.8403908664277,-409.8403908664277,,,,initial_train
2008-11-01,4,16214.0,3.0,10146.0,11571.0,-220.0,12967.0,False,Rocky Mountain,12967.0,12452.0,-16214.0,-3.0,5500.0,18467.0,-6015.0,13191.285883879904,224.28588387990385,-739.2858838799038,13049.753396717333,-597.7533967173331,1,cv_test
2008-12-01,4,16063.0,3.0,10756.0,11480.0,-515.0,12452.0,False,Rocky Mountain,12452.0,12274.0,-16063.0,-3.0,6170.0,18622.0,-6348.0,12726.59506079525,274.5950607952509,-452.5950607952509,12971.326562044029,-697.3265620440288,1,cv_test
2009-01-01,4,16692.0,0.0,9971.0,11599.0,-178.0,12274.0,True,Rocky Mountain,12274.0,12795.0,-16692.0,-0.0,4878.0,17152.0,-4357.0,12534.982069845802,260.98206984580247,260.01793015419753,12614.606849984913,180.39315001508658,1,cv_test
2009-02-01,4,15497.0,1.0,10053.0,10593.0,521.0,12795.0,False,Rocky Mountain,12795.0,14186.0,-15497.0,-1.0,5148.0,17943.0,-3757.0,13024.323979585497,229.323979585497,1161.676020414503,12843.093888800428,1342.9061111995725,1,cv_test
2009-03-01,4,15894.0,0.0,10461.0,11536.0,1391.0,14186.0,True,Rocky Mountain,14186.0,15285.0,-15894.0,-0.0,6103.0,20289.0,-5004.0,14316.73328098805,130.73328098804996,968.26671901195,13595.984837095973,1689.0151629040265,1,cv_test
2009-04-01,4,14909.0,1.0,8788.0,11039.0,1099.0,15285.0,False,Rocky Mountain,15285.0,15390.0,-14909.0,-1.0,4917.0,20202.0,-4812.0,15346.697607328259,61.69760732825853,43.30239267174147,14025.573157560091,1364.4268424399088,1,cv_test
2009-05-01,4,17106.0,0.0,9931.0,11404.0,105.0,15390.0,False,Rocky Mountain,15390.0,14879.0,-17106.0,-0.0,4229.0,19619.0,-4740.0,15335.91152627186,-54.088473728139434,-456.91152627186057,13229.062630736471,1649.937369263529,1,cv_test
2009-06-01,4,17143.0,1.0,10972.0,10998.0,-511.0,14879.0,False,Rocky Mountain,14879.0,14399.0,-17143.0,-1.0,4826.0,19705.0,-5306.0,14847.550695563761,-31.44930443623889,-448.5506955637611,12917.524412971725,1481.4755870282752,1,cv_test
2009-07-01,4,17581.0,0.0,12024.0,11059.0,-480.0,14399.0,False,Rocky Mountain,14399.0,13931.0,-17581.0,-0.0,5502.0,19901.0,-5970.0,14389.048421612659,-9.951578387341215,-458.0484216126588,12670.263091962435,1260.7369080375647,1,cv_test
2009-08-01,4,17657.0,0.0,11165.0,10990.0,-468.0,13931.0,False,Rocky Mountain,13931.0,13683.0,-17657.0,-0.0,4498.0,18429.0,-4746.0,13955.305792696076,24.305792696075514,-272.3057926960755,12388.280038446137,1294.719961553863,1,cv_test
2009-09-01,4,16829.0,0.0,9914.0,10740.0,-248.0,13683.0,False,Rocky Mountain,13683.0,13985.0,-16829.0,-0.0,3825.0,17508.0,-3523.0,13763.83548301045,80.83548301045084,221.16451698954916,12504.243432413637,1480.7565675863625,1,cv_test
2009-10-01,4,16602.0,1.0,10502.0,11061.0,302.0,13985.0,False,Rocky Mountain,13985.0,14250.0,-16602.0,-1.0,4960.0,18945.0,-4695.0,14068.43814173749,83.43814173748979,181.5618582625102,12922.003440854143,1327.9965591458567,1,cv_test
2009-11-01,4,16345.0,0.0,9735.0,10859.0,265.0,14250.0,True,Rocky Mountain,14250.0,13599.0,-16345.0,-0.0,4249.0,18499.0,-4900.0,14313.583468706687,63.5834687066872,-714.5834687066872,12969.045354367507,629.9546456324933,1,cv_test
2009-12-01,4,14751.0,1.0,9745.0,10825.0,-651.0,13599.0,False,Rocky Mountain,13599.0,13577.0,-14751.0,-1.0,5818.0,19417.0,-5840.0,13810.598399699467,211.59839969946734,-233.59839969946734,13561.98581353066,15.01418646933962,1,cv_test
2010-01-01,4,16099.0,0.0,8862.0,10956.0,-22.0,13577.0,False,Rocky Mountain,13577.0,13164.0,-16099.0,-0.0,3719.0,17296.0,-4132.0,13720.465245295498,143.46524529549788,-556.4652452954979,12876.629171866494,287.3708281335057,1,cv_test
2010-02-01,4,14548.0,7.0,9020.0,10158.0,-413.0,13164.0,False,Rocky Mountain,13164.0,14424.0,-14548.0,-7.0,4623.0,17787.0,-3363.0,13391.362142495866,227.36214249586556,1032.6378575041344,13096.442362625758,1327.5576373742424,1,cv_test
2010-03-01,4,15125.0,5.0,9368.0,11435.0,1260.0,14424.0,False,Rocky Mountain,14424.0,15254.0,-15125.0,-5.0,5673.0,20097.0,-4843.0,14571.877110098781,147.8771100987815,682.1228899012185,13896.536806831842,1357.4631931681579,1,cv_test
2010-04-01,4,16100.0,0.0,9869.0,11083.0,830.0,15254.0,False,Rocky Mountain,15254.0,16047.0,-16100.0,-0.0,4852.0,20106.0,-4059.0,15252.769477784386,-1.230522215613746,794.2305222156137,13523.3940603992,2523.6059396008004,1,cv_test
2010-05-01,4,16332.0,1.0,9841.0,11539.0,793.0,16047.0,False,Rocky Mountain,16047.0,14708.0,-16332.0,-1.0,5047.0,21094.0,-6386.0,15984.947427949563,-62.05257205043745,-1276.9474279495626,13878.983599782627,829.0164002173733,1,cv_test
2010-06-01,4,17174.0,1.0,10214.0,11067.0,-1339.0,14708.0,False,Rocky Mountain,14708.0,13983.0,-17174.0,-1.0,4106.0,18814.0,-4831.0,14693.838763040314,-14.161236959685993,-710.838763040314,12828.560114106394,1154.4398858936056,1,cv_test
2010-07-01,4,17721.0,0.0,10307.0,11377.0,-725.0,13983.0,True,Rocky Mountain,13983.0,14392.0,-17721.0,-0.0,3963.0,17946.0,-3554.0,14019.313698088132,36.31369808813179,372.6863019118682,12510.894988791206,1881.1050112087942,1,cv_test
2010-08-01,4,16838.0,0.0,10602.0,11746.0,409.0,14392.0,False,Rocky Mountain,14392.0,13918.0,-16838.0,-0.0,5510.0,19902.0,-5984.0,14461.262458185718,69.26245818571806,-543.2624581857181,14151.049914174608,-233.0499141746077,2,cv_test
2010-09-01,4,17839.0,1.0,10155.0,11588.0,-474.0,13918.0,False,Rocky Mountain,13918.0,14569.0,-17839.0,-1.0,3903.0,17821.0,-3252.0,13964.53622141857,46.53622141856977,604.4637785814302,13448.741195623714,1120.2588043762862,2,cv_test
2010-10-01,4,16611.0,0.0,10808.0,12619.0,651.0,14569.0,True,Rocky Mountain,14569.0,14688.0,-16611.0,-0.0,6816.0,21385.0,-6697.0,14681.179254281042,112.17925428104172,6.820745718958278,14357.996346464024,330.0036535359759,2,cv_test
2010-11-01,4,16437.0,0.0,9961.0,11555.0,119.0,14688.0,True,Rocky Mountain,14688.0,13986.0,-16437.0,-0.0,5079.0,19767.0,-5781.0,14743.415660714896,55.41566071489615,-757.4156607148961,14504.286071315484,-518.2860713154842,2,cv_test
2010-12-01,4,16348.0,2.0,10257.0,11828.0,-702.0,13986.0,False,Rocky Mountain,13986.0,14224.0,-16348.0,-2.0,5735.0,19721.0,-5497.0,14124.202615843637,138.20261584363652,99.79738415636348,13981.465640295046,242.5343597049541,2,cv_test
2011-01-01,4,16271.0,1.0,10060.0,11420.0,238.0,14224.0,False,Rocky Mountain,14224.0,14082.0,-16271.0,-1.0,5208.0,19432.0,-5350.0,14323.665539720405,99.66553972040492,-241.66553972040492,14199.91566215321,-117.91566215320927,2,cv_test
2011-02-01,4,15480.0,0.0,8806.0,10525.0,-142.0,14082.0,True,Rocky Mountain,14082.0,13120.0,-15480.0,-0.0,3851.0,17933.0,-4813.0,14192.589961351503,110.589961351503,-1072.589961351503,14376.105669238994,-1256.1056692389939,2,cv_test
2011-03-01,4,16534.0,163.0,8821.0,12041.0,-962.0,13120.0,False,Rocky Mountain,13120.0,13940.0,-16534.0,-163.0,4165.0,17285.0,-3345.0,13336.921339557957,216.92133955795725,603.0786604420427,10612.036900723555,3327.963099276445,2,cv_test
2011-04-01,4,14818.0,4.0,9202.0,11775.0,820.0,13940.0,False,Rocky Mountain,13940.0,13116.0,-14818.0,-4.0,6155.0,20095.0,-6979.0,14166.971666928448,226.97166692844803,-1050.971666928448,14426.320017476668,-1310.320017476668,2,cv_test
2011-05-01,4,17564.0,4.0,9188.0,12097.0,-824.0,13116.0,False,Rocky Mountain,13116.0,12758.0,-17564.0,-4.0,3717.0,16833.0,-4075.0,13277.385792722745,161.38579272274546,-519.3857927227455,12897.604508038405,-139.60450803840467,2,cv_test
2011-06-01,4,17287.0,7.0,9296.0,11905.0,-358.0,12758.0,False,Rocky Mountain,12758.0,12979.0,-17287.0,-7.0,3907.0,16665.0,-3686.0,12957.4141319997,199.41413199969975,21.585868000300252,12675.69849319668,303.3015068033201,2,cv_test
2011-07-01,4,16945.0,1.0,9455.0,12229.0,221.0,12979.0,False,Rocky Mountain,12979.0,13366.0,-16945.0,-1.0,4738.0,17717.0,-4351.0,13195.05311677252,216.0531167725203,170.9468832274797,13053.05672289693,312.9432771030697,2,cv_test
2011-08-01,4,17076.0,4.0,9303.0,12406.0,387.0,13366.0,False,Rocky Mountain,13366.0,14842.0,-17076.0,-4.0,4629.0,17995.0,-3153.0,13548.959775345877,182.95977534587655,1293.0402246541234,13245.915202127719,1596.0847978722813,2,cv_test
2011-09-01,4,15128.0,0.0,8989.0,12098.0,1476.0,14842.0,False,Rocky Mountain,14842.0,14335.0,-15128.0,-0.0,5959.0,20801.0,-6466.0,14986.862553847715,144.8625538477154,-651.8625538477154,15056.30533528511,-721.3053352851093,2,cv_test
2011-10-01,4,17328.0,4.0,8232.0,12716.0,-507.0,14335.0,False,Rocky Mountain,14335.0,13555.0,-17328.0,-4.0,3616.0,17951.0,-4396.0,14432.43476565434,97.43476565433957,-877.4347656543396,13878.646018325191,-323.6460183251911,2,cv_test
2011-11-01,4,17008.0,2.0,8429.0,12524.0,-780.0,13555.0,False,Rocky Mountain,13555.0,13699.0,-17008.0,-2.0,3943.0,17498.0,-3799.0,13730.997463362593,175.9974633625934,-31.997463362593408,13441.654333040873,257.3456669591269,2,cv_test
2011-12-01,4,17407.0,1.0,10176.0,12726.0,144.0,13699.0,False,Rocky Mountain,13699.0,15398.0,-17407.0,-1.0,5494.0,19193.0,-3795.0,13849.8350980619,150.83509806189977,1548.1649019381002,13431.249959858373,1966.7500401416273,2,cv_test
2012-01-01,4,17893.0,0.0,10783.0,12837.0,1699.0,15398.0,False,Rocky Mountain,15398.0,15039.0,-17893.0,-0.0,5727.0,21125.0,-6086.0,15373.605442783473,-24.394557216526664,-334.60544278347334,14542.435705132544,496.5642948674558,2,cv_test
2012-02-01,4,16857.0,4.0,8874.0,12281.0,-359.0,15039.0,False,Rocky Mountain,15039.0,14837.0,-16857.0,-4.0,4294.0,19333.0,-4496.0,15076.937964928838,37.93796492883848,-239.93796492883848,14557.22903786659,279.77096213341065,2,cv_test
2012-03-01,4,17763.0,0.0,10735.0,13352.0,-202.0,14837.0,False,Rocky Mountain,14837.0,15510.0,-17763.0,-0.0,6324.0,21161.0,-5651.0,14897.74114304575,60.741143045750505,612.2588569542495,14170.798666948927,1339.2013330510727,2,cv_test
2012-04-01,4,15854.0,0.0,8081.0,12860.0,673.0,15510.0,True,Rocky Mountain,15510.0,15664.0,-15854.0,-0.0,5087.0,20597.0,-4933.0,15593.193719317973,83.19371931797286,70.80628068202714,15307.670420790058,356.3295792099416,2,cv_test
2012-05-01,4,16632.0,0.0,9062.0,13613.0,154.0,15664.0,True,Rocky Mountain,15664.0,14455.0,-16632.0,-0.0,6043.0,21707.0,-7252.0,15728.45999387222,64.45999387222037,-1273.4599938722204,15733.162915029656,-1278.1629150296558,3,cv_test
2012-06-01,4,18356.0,0.0,9634.0,12938.0,-1209.0,14455.0,False,Rocky Mountain,14455.0,13951.0,-18356.0,-0.0,4216.0,18671.0,-4720.0,14494.55631108281,39.55631108280977,-543.5563110828098,14355.142607218959,-404.1426072189588,3,cv_test
2012-07-01,4,18800.0,0.0,11428.0,13735.0,-504.0,13951.0,True,Rocky Mountain,13951.0,13499.0,-18800.0,-0.0,6363.0,20314.0,-6815.0,14052.590372284425,101.59037228442503,-553.590372284425,14102.557099205402,-603.5570992054018,3,cv_test
2012-08-01,4,18617.0,0.0,10189.0,14040.0,-452.0,13499.0,True,Rocky Mountain,13499.0,14880.0,-18617.0,-0.0,5612.0,19111.0,-4231.0,13667.872612807163,168.87261280716302,1212.127387192837,13867.774176976609,1012.2258230233911,3,cv_test
2012-09-01,4,16852.0,0.0,9606.0,13902.0,1381.0,14880.0,True,Rocky Mountain,14880.0,15663.0,-16852.0,-0.0,6656.0,21536.0,-5873.0,15017.83493928883,137.83493928883036,645.1650607111696,15175.054544858465,487.9454551415347,3,cv_test
2012-10-01,4,16357.0,0.0,9469.0,14950.0,783.0,15663.0,True,Rocky Mountain,15663.0,15815.0,-16357.0,-0.0,8062.0,23725.0,-7910.0,15813.586577801636,150.58657780163594,1.41342219836406,16120.560194798974,-305.5601947989744,3,cv_test
2012-11-01,4,16957.0,0.0,9279.0,14682.0,152.0,15815.0,True,Rocky Mountain,15815.0,15042.0,-16957.0,-0.0,7004.0,22819.0,-7777.0,15903.497623205498,88.4976232054978,-861.4976232054978,16067.56916409781,-1025.5691640978093,3,cv_test
2012-12-01,4,18637.0,0.0,8705.0,15083.0,-773.0,15042.0,True,Rocky Mountain,15042.0,16269.0,-18637.0,-0.0,5151.0,20193.0,-3924.0,15125.364003419996,83.36400341999615,1143.6359965800038,15303.618475096795,965.381524903205,3,cv_test
2013-01-01,4,17907.0,46.0,10547.0,14753.0,1227.0,16269.0,False,Rocky Mountain,16269.0,16534.0,-17907.0,-46.0,7347.0,23616.0,-7082.0,16265.995141189853,-3.004858810147198,268.0048588101472,16245.148576511534,288.851423488466,3,cv_test
2013-02-01,4,16099.0,52.0,8018.0,13831.0,265.0,16534.0,False,Rocky Mountain,16534.0,15785.0,-16099.0,-52.0,5698.0,22232.0,-6447.0,16561.874400881752,27.87440088175208,-776.8744008817521,16507.51219306914,-722.5121930691384,3,cv_test
2013-03-01,4,18051.0,52.0,9707.0,15704.0,-749.0,15785.0,False,Rocky Mountain,15785.0,15428.0,-18051.0,-52.0,7308.0,23093.0,-7665.0,15867.463419512922,82.46341951292197,-439.463419512922,16093.525169181443,-665.5251691814428,3,cv_test
2013-04-01,4,16869.0,65.0,8916.0,15380.0,-357.0,15428.0,False,Rocky Mountain,15428.0,15146.0,-16869.0,-65.0,7362.0,22790.0,-7644.0,15593.159379539138,165.15937953913817,-447.1593795391382,15928.256803296887,-782.2568032968866,3,cv_test
2013-05-01,4,16785.0,57.0,7841.0,16000.0,-282.0,15146.0,False,Rocky Mountain,15146.0,14356.0,-16785.0,-57.0,6999.0,22145.0,-7789.0,15374.015484074203,228.0154840742034,-1018.0154840742034,15891.576989497069,-1535.576989497069,3,cv_test
2013-06-01,4,17603.0,37.0,7391.0,15535.0,-790.0,14356.0,False,Rocky Mountain,14356.0,14452.0,-17603.0,-37.0,5286.0,19642.0,-5190.0,14584.10880490665,228.1088049066493,-132.1088049066493,15048.250721596783,-596.2507215967835,3,cv_test
2013-07-01,4,18094.0,42.0,8844.0,16391.0,96.0,14452.0,False,Rocky Mountain,14452.0,15558.0,-18094.0,-42.0,7099.0,21551.0,-5993.0,14688.422118916465,236.42211891646548,869.5778810835345,15255.733562727673,302.2664372723266,3,cv_test
2013-08-01,4,19059.0,29.0,9773.0,17098.0,1106.0,15558.0,False,Rocky Mountain,15558.0,15418.0,-19059.0,-29.0,7783.0,23341.0,-7923.0,15676.685088983328,118.68508898332766,-258.68508898332766,16124.12606162204,-706.1260616220407,3,cv_test
2013-09-01,4,17601.0,58.0,8344.0,16650.0,-140.0,15418.0,False,Rocky Mountain,15418.0,16281.0,-17601.0,-58.0,7335.0,22753.0,-6472.0,15609.045735112973,191.0457351129735,671.9542648870265,16128.3100978891,152.68990211090022,3,cv_test
2013-10-01,4,17787.0,33.0,8629.0,17761.0,863.0,16281.0,False,Rocky Mountain,16281.0,15879.0,-17787.0,-33.0,8570.0,24851.0,-8972.0,16441.988299823865,160.9882998238645,-562.9882998238645,17052.331573387626,-1173.3315733876261,3,cv_test
2013-11-01,4,17385.0,64.0,9300.0,17572.0,-402.0,15879.0,False,Rocky Mountain,15879.0,16160.0,-17385.0,-64.0,9423.0,25302.0,-9142.0,16089.285668563527,210.285668563527,70.714331436473,16746.966605992922,-586.9666059929223,3,cv_test
2013-12-01,4,17797.0,64.0,10569.0,17326.0,281.0,16160.0,False,Rocky Mountain,16160.0,16482.0,-17797.0,-64.0,10034.0,26194.0,-9712.0,16308.454108178945,148.4541081789448,173.5458918210552,16828.87285353517,-346.87285353516927,3,cv_test
2014-01-01,4,17645.0,43.0,9589.0,17794.0,322.0,16482.0,False,Rocky Mountain,16482.0,17334.0,-17645.0,-43.0,9695.0,26177.0,-8843.0,16634.699700971465,152.69970097146506,699.3002990285349,17231.12332677494,102.87667322505877,3,cv_test
2014-02-01,4,14267.0,37.0,8178.0,16385.0,852.0,17334.0,False,Rocky Mountain,17334.0,17553.0,-14267.0,-37.0,10259.0,27593.0,-10040.0,17528.68800887138,194.6880088713806,24.31199112861941,17334.52441481159,218.47558518841106,4,cv_test
2014-03-01,4,17563.0,30.0,9366.0,18939.0,219.0,17553.0,False,Rocky Mountain,17553.0,17417.0,-17563.0,-30.0,10712.0,28265.0,-10848.0,17673.972799828538,120.97279982853797,-256.972799828538,17701.659471545376,-284.6594715453757,4,cv_test
2014-04-01,4,16847.0,64.0,9047.0,18798.0,-136.0,17417.0,False,Rocky Mountain,17417.0,16963.0,-16847.0,-64.0,10934.0,28351.0,-11388.0,17583.73155195942,166.73155195941945,-620.7315519594194,17565.18661260434,-602.1866126043387,4,cv_test
2014-05-01,4,18406.0,51.0,9482.0,20017.0,-454.0,16963.0,False,Rocky Mountain,16963.0,16917.0,-18406.0,-51.0,11042.0,28005.0,-11088.0,17145.753217031168,182.75321703116788,-228.75321703116788,17362.4827122352,-445.48271223519987,4,cv_test
2014-06-01,4,16699.0,204.0,6832.0,20023.0,-46.0,16917.0,False,Rocky Mountain,16917.0,16906.0,-16699.0,-204.0,9952.0,26869.0,-9963.0,17201.737358767008,284.7373587670081,-295.7373587670081,17144.60927204378,-238.60927204378095,4,cv_test
2014-07-01,4,17647.0,387.0,8685.0,20908.0,-11.0,16906.0,False,Rocky Mountain,16906.0,16470.0,-17647.0,-387.0,11559.0,28465.0,-11995.0,17184.12328149254,278.1232814925388,-714.1232814925388,16826.175756169097,-356.17575616909744,4,cv_test
2014-08-01,4,19792.0,132.0,9310.0,21531.0,-436.0,16470.0,False,Rocky Mountain,16470.0,15792.0,-19792.0,-132.0,10917.0,27387.0,-11595.0,16697.69408310914,227.6940831091415,-905.6940831091415,16998.386093167403,-1206.3860931674026,4,cv_test
2014-09-01,4,18790.0,1044.0,9160.0,21102.0,-678.0,15792.0,False,Rocky Mountain,15792.0,16434.0,-18790.0,-1044.0,10428.0,26220.0,-9786.0,16115.548398574992,323.54839857499246,318.45160142500754,14551.539577560701,1882.4604224392988,4,cv_test
2014-10-01,4,17322.0,97.0,8518.0,22412.0,642.0,16434.0,False,Rocky Mountain,16434.0,16050.0,-17322.0,-97.0,13511.0,29945.0,-13895.0,16852.389668898264,418.38966889826406,-802.3896688982641,17419.334849186438,-1369.334849186438,4,cv_test
2014-11-01,4,18354.0,631.0,10245.0,21581.0,-384.0,16050.0,False,Rocky Mountain,16050.0,16412.0,-18354.0,-631.0,12841.0,28891.0,-12479.0,16400.371844831046,350.3718448310465,11.628155168953526,15752.18114689416,659.8188531058404,4,cv_test
2014-12-01,4,18803.0,1126.0,10951.0,23085.0,362.0,16412.0,False,Rocky Mountain,16412.0,17304.0,-18803.0,-1126.0,14107.0,30519.0,-13215.0,16783.16761654282,371.16761654282163,520.8323834571784,15184.825905032543,2119.1740949674568,4,cv_test
2015-01-01,4,17896.0,471.0,10475.0,23139.0,892.0,17304.0,False,Rocky Mountain,17304.0,17595.0,-17896.0,-471.0,15247.0,32551.0,-14956.0,17649.33649144324,345.33649144323863,-54.33649144323863,17322.217992436592,272.7820075634081,4,cv_test
2015-02-01,4,17231.0,434.0,9835.0,21234.0,291.0,17595.0,False,Rocky Mountain,17595.0,19977.0,-17231.0,-434.0,13404.0,30999.0,-11022.0,17851.866444211068,256.8664442110676,2125.1335557889324,17313.642532026046,2663.357467973954,4,cv_test
2015-03-01,4,17519.0,281.0,11197.0,23904.0,2382.0,19977.0,False,Rocky Mountain,19977.0,20717.0,-17519.0,-281.0,17301.0,37278.0,-16561.0,20142.923007716967,165.92300771696682,574.0769922830332,19819.38793568201,897.6120643179893,4,cv_test
2015-04-01,4,17983.0,315.0,10127.0,23318.0,740.0,20717.0,False,Rocky Mountain,20717.0,18960.0,-17983.0,-315.0,15147.0,35864.0,-16904.0,20758.820383865135,41.82038386513523,-1798.8203838651352,20128.37231793259,-1168.3723179325898,4,cv_test
2015-05-01,4,18622.0,130.0,8701.0,23748.0,-1757.0,18960.0,False,Rocky Mountain,18960.0,18599.0,-18622.0,-130.0,13697.0,32657.0,-14058.0,19146.470791919146,186.470791919146,-547.470791919146,19294.869542967623,-695.8695429676227,4,cv_test
2015-06-01,4,18464.0,263.0,9009.0,22576.0,-361.0,18599.0,False,Rocky Mountain,18599.0,18948.0,-18464.0,-263.0,12858.0,31457.0,-12509.0,18765.423648321696,166.4236483216955,182.5763516783045,18545.891983381378,402.10801661862206,4,cv_test
2015-07-01,4,19337.0,437.0,8958.0,23403.0,349.0,18948.0,False,Rocky Mountain,18948.0,18041.0,-19337.0,-437.0,12587.0,31535.0,-13494.0,19076.55992297908,128.5599229790787,-1035.5599229790787,18500.23227617835,-459.23227617835073,4,cv_test
2015-08-01,4,19188.0,14.0,10698.0,23394.0,-907.0,18041.0,False,Rocky Mountain,18041.0,18428.0,-19188.0,-14.0,14890.0,32931.0,-14503.0,18259.438925795,218.4389257949988,168.5610742050012,18773.647920206044,-345.64792020604364,4,cv_test
2015-09-01,4,18040.0,15.0,9679.0,22293.0,387.0,18428.0,False,Rocky Mountain,18428.0,19229.0,-18040.0,-15.0,13917.0,32345.0,-13116.0,18619.189886031785,191.18988603178514,609.8101139682149,18941.46680733085,287.5331926691506,4,cv_test
2015-10-01,4,18765.0,15.0,11646.0,23015.0,801.0,19229.0,False,Rocky Mountain,19229.0,19611.0,-18765.0,-15.0,15881.0,35110.0,-15499.0,19344.473345638387,115.4733456383874,266.5266543616126,19587.658763190797,23.34123680920311,4,cv_test
2015-11-01,4,18127.0,195.0,9071.0,21997.0,382.0,19611.0,False,Rocky Mountain,19611.0,19746.0,-18127.0,-195.0,12746.0,32357.0,-12611.0,19674.905864657543,63.905864657543134,71.09413534245687,19306.698437629828,439.3015623701722,5,cv_test
2015-12-01,4,18615.0,486.0,9624.0,22285.0,135.0,19746.0,False,Rocky Mountain,19746.0,20688.0,-18615.0,-486.0,12808.0,32554.0,-11866.0,19784.994767219687,38.994767219686764,903.0052327803132,19416.101148845242,1271.8988511547577,5,cv_test
2016-01-01,4,17826.0,1319.0,9582.0,21838.0,942.0,20688.0,False,Rocky Mountain,20688.0,20769.0,-17826.0,-1319.0,12275.0,32963.0,-12194.0,20663.558359755367,-24.441640244633163,105.44164024463316,20150.609926489262,618.3900735107381,5,cv_test
2016-02-01,4,16681.0,9.0,8463.0,19970.0,81.0,20769.0,False,Rocky Mountain,20769.0,21354.0,-16681.0,-9.0,11743.0,32512.0,-11158.0,20704.40474710461,-64.59525289538942,649.5952528953894,20040.90546179169,1313.0945382083082,5,cv_test
2016-03-01,4,18058.0,829.0,9299.0,21009.0,585.0,21354.0,False,Rocky Mountain,21354.0,22094.0,-18058.0,-829.0,11421.0,32775.0,-10681.0,21212.60486112529,-141.3951388747082,881.3951388747082,20496.07649413598,1597.9235058640188,5,cv_test
2016-04-01,4,15420.0,1905.0,9391.0,20228.0,740.0,22094.0,False,Rocky Mountain,22094.0,21160.0,-15420.0,-1905.0,12294.0,34388.0,-13228.0,21995.45700097937,-98.54299902062849,-835.4570009793715,21259.215508222835,-99.21550822283461,5,cv_test
2016-05-01,4,17826.0,0.0,9082.0,20298.0,-934.0,21160.0,False,Rocky Mountain,21160.0,20849.0,-17826.0,-0.0,11554.0,32714.0,-11865.0,21011.965047769103,-148.03495223089703,-162.96504776910297,20272.880000719764,576.1199992802358,5,cv_test
2016-06-01,4,19403.0,42.0,9453.0,19348.0,-311.0,20849.0,False,Rocky Mountain,20849.0,20925.0,-19403.0,-42.0,9356.0,30205.0,-9280.0,20588.966026120524,-260.0339738794755,336.0339738794755,19747.129141404504,1177.8708585954955,5,cv_test
2016-07-01,4,19575.0,47.0,9903.0,20372.0,76.0,20925.0,False,Rocky Mountain,20925.0,21737.0,-19575.0,-47.0,10653.0,31578.0,-9841.0,20702.144666737488,-222.85533326251243,1034.8553332625124,19942.593800614835,1794.4061993851647,5,cv_test
2016-08-01,4,18963.0,39.0,10316.0,20286.0,812.0,21737.0,False,Rocky Mountain,21737.0,21705.0,-18963.0,-39.0,11600.0,33337.0,-11632.0,21471.315276076337,-265.6847239236631,233.6847239236631,20630.014115858903,1074.985884141097,5,cv_test
2016-09-01,4,19318.0,55.0,10700.0,19521.0,-32.0,21705.0,False,Rocky Mountain,21705.0,24299.0,-19318.0,-55.0,10848.0,32553.0,-8254.0,21381.683238937218,-323.31676106278246,2917.3167610627825,20481.54857271303,3817.451427286971,5,cv_test
2016-10-01,4,18362.0,28.0,11132.0,20412.0,2594.0,24299.0,False,Rocky Mountain,24299.0,23970.0,-18362.0,-28.0,13154.0,37453.0,-13483.0,23843.102902961433,-455.89709703856715,126.89709703856715,22671.322408667213,1298.6775913327874,5,cv_test
2016-11-01,4,18783.0,57.0,11952.0,19622.0,-329.0,23970.0,False,Rocky Mountain,23970.0,23332.0,-18783.0,-57.0,12734.0,36704.0,-13372.0,23478.184267511813,-491.81573248818677,-146.18426751181323,22311.702753096368,1020.2972469036322,5,cv_test
2016-12-01,4,18655.0,24.0,9498.0,19641.0,-638.0,23332.0,False,Rocky Mountain,23332.0,23208.0,-18655.0,-24.0,10460.0,33792.0,-10584.0,22906.064005066197,-425.93599493380316,301.93599493380316,21730.564877131153,1477.4351228688465,5,cv_test
2017-01-01,4,19014.0,44.0,12040.0,19293.0,-124.0,23208.0,False,Rocky Mountain,23208.0,24658.0,-19014.0,-44.0,12275.0,35483.0,-10825.0,22754.43895206142,-453.5610479385796,1903.5610479385796,21676.04446617669,2981.9555338233113,5,cv_test
2017-02-01,4,16518.0,43.0,9940.0,17703.0,1450.0,24658.0,False,Rocky Mountain,24658.0,25831.0,-16518.0,-43.0,11082.0,35740.0,-9909.0,24132.560929889914,-525.4390701100856,1698.4390701100856,22735.62960652652,3095.3703934734804,5,cv_test
2017-03-01,4,18783.0,66.0,11690.0,20448.0,1173.0,25831.0,False,Rocky Mountain,25831.0,24922.0,-18783.0,-66.0,13289.0,39120.0,-14198.0,25214.710308896527,-616.2896911034732,-292.71030889652684,23798.48768308266,1123.5123169173385,5,cv_test
2017-04-01,4,19440.0,121.0,10127.0,20376.0,-909.0,24922.0,False,Rocky Mountain,24922.0,23830.0,-19440.0,-121.0,10942.0,35864.0,-12034.0,24346.410632835894,-575.5893671641061,-516.4106328358939,22954.977232133904,875.0227678660958,5,cv_test
2017-05-01,4,19114.0,121.0,9630.0,21322.0,-1092.0,23830.0,False,Rocky Mountain,23830.0,22902.0,-19114.0,-121.0,11717.0,35547.0,-12645.0,23421.32714714887,-408.6728528511303,-519.3271471488697,22279.16743527325,622.8325647267484,5,cv_test
2017-06-01,4,18335.0,115.0,9571.0,20637.0,-928.0,22902.0,False,Rocky Mountain,22902.0,21810.0,-18335.0,-115.0,11758.0,34660.0,-12850.0,22585.534254757633,-316.4657452423671,-775.5342547576329,21583.47598268761,226.52401731238933,5,cv_test
2017-07-01,4,20148.0,120.0,9547.0,21787.0,-1092.0,21810.0,False,Rocky Mountain,21810.0,21958.0,-20148.0,-120.0,11066.0,32876.0,-10918.0,21548.983883385936,-261.01611661406423,409.01611661406423,20707.020228049543,1250.9797719504568,5,cv_test
2017-08-01,4,20338.0,93.0,11131.0,22877.0,148.0,21958.0,False,Rocky Mountain,21958.0,21053.0,-20338.0,-93.0,13577.0,35535.0,-14482.0,21730.109116688654,-227.89088331134553,-677.1091166886545,22073.52163879262,-1020.5216387926193,6,cv_test
2017-09-01,4,20119.0,40.0,10531.0,23082.0,-905.0,21053.0,False,Rocky Mountain,21053.0,20934.0,-20119.0,-40.0,13454.0,34507.0,-13573.0,20930.063013907748,-122.93698609225248,3.936986092252482,21212.75820517257,-278.75820517256943,6,cv_test
2017-10-01,4,19332.0,39.0,10601.0,24274.0,-119.0,20934.0,False,Rocky Mountain,20934.0,22659.0,-19332.0,-39.0,15504.0,36438.0,-13779.0,20929.459619324614,-4.540380675385677,1729.5403806753857,21209.17743628248,1449.82256371752,6,cv_test
2017-11-01,4,17471.0,34.0,10428.0,23996.0,1725.0,22659.0,False,Rocky Mountain,22659.0,22502.0,-17471.0,-34.0,16919.0,39578.0,-17076.0,22590.502506879257,-68.49749312074346,-88.50250687925654,22838.767330396135,-336.76733039613464,6,cv_test
2017-12-01,4,18519.0,23.0,10853.0,25143.0,-157.0,22502.0,False,Rocky Mountain,22502.0,21769.0,-18519.0,-23.0,17454.0,39956.0,-18187.0,22448.13063742675,-53.86936257324851,-679.1306374267515,22765.42141681614,-996.4214168161416,6,cv_test
2018-01-01,4,19538.0,38.0,12034.0,25122.0,-733.0,21769.0,False,Rocky Mountain,21769.0,21673.0,-19538.0,-38.0,17580.0,39349.0,-17676.0,21721.952333142126,-47.04766685787399,-48.95233314212601,22143.437341619363,-470.437341619363,6,cv_test
2018-02-01,4,18343.0,19.0,10182.0,22573.0,-96.0,21673.0,False,Rocky Mountain,21673.0,23148.0,-18343.0,-19.0,14393.0,36066.0,-12918.0,21568.80562647932,-104.19437352068053,1579.1943735206805,21788.72089713569,1359.2791028643114,6,cv_test
2018-03-01,4,19058.0,53.0,11566.0,25572.0,1475.0,23148.0,False,Rocky Mountain,23148.0,23739.0,-19058.0,-53.0,18027.0,41175.0,-17436.0,23027.614108727685,-120.38589127231535,711.3858912723153,23426.70916517316,312.2908348268393,6,cv_test
2018-04-01,4,17223.0,20.0,10467.0,25120.0,591.0,23739.0,False,Rocky Mountain,23739.0,23830.0,-17223.0,-20.0,18344.0,42083.0,-18253.0,23646.34220573341,-92.65779426658992,183.65779426658992,23922.89659958436,-92.89659958436096,6,cv_test
2018-05-01,4,18151.0,0.0,11319.0,25699.0,91.0,23830.0,True,Rocky Mountain,23830.0,22056.0,-18151.0,-0.0,18867.0,42697.0,-20641.0,23706.57146822382,-123.42853177617872,-1650.5714682238213,24082.568058932295,-2026.5680589322947,6,cv_test
2018-06-01,4,19473.0,0.0,11665.0,24187.0,-1774.0,22056.0,True,Rocky Mountain,22056.0,21418.0,-19473.0,-0.0,16379.0,38435.0,-17017.0,21937.588200277496,-118.41179972250393,-519.5882002774961,22327.353730901727,-909.3537309017265,6,cv_test
2018-07-01,4,19893.0,0.0,11717.0,25703.0,-638.0,21418.0,False,Rocky Mountain,21418.0,22309.0,-19893.0,-0.0,17527.0,38945.0,-16636.0,21412.903749290945,-5.096250709055312,896.0962507090553,21821.54283689404,487.4571631059589,6,cv_test
2018-08-01,4,18868.0,0.0,11992.0,27718.0,891.0,22309.0,True,Rocky Mountain,22309.0,21523.0,-18868.0,-0.0,20842.0,43151.0,-21628.0,22388.0524261162,79.05242611619906,-865.0524261161991,22829.664379533293,-1306.664379533293,6,cv_test
2018-09-01,4,19689.0,0.0,11297.0,27567.0,-786.0,21523.0,True,Rocky Mountain,21523.0,22068.0,-19689.0,-0.0,19175.0,40698.0,-18630.0,21618.129809180762,95.1298091807621,449.8701908192379,22009.262785709674,58.73721429032594,6,cv_test
2018-10-01,4,19710.0,0.0,11825.0,28607.0,545.0,22068.0,True,Rocky Mountain,22068.0,23711.0,-19710.0,-0.0,20722.0,42790.0,-19079.0,22167.457667911174,99.45766791117421,1543.5423320888258,22620.90010302928,1090.0998969707216,6,cv_test
2018-11-01,4,17372.0,0.0,13199.0,28466.0,1643.0,23711.0,True,Rocky Mountain,23711.0,21540.0,-17372.0,-0.0,24293.0,48004.0,-26464.0,23788.355919150035,77.35591915003533,-2248.3559191500353,24321.53579800635,-2781.535798006349,6,cv_test
2018-12-01,4,19010.0,0.0,10543.0,29530.0,-2171.0,21540.0,True,Rocky Mountain,21540.0,20798.0,-19010.0,-0.0,21063.0,42603.0,-21805.0,21775.639570572974,235.63957057297375,-977.6395705729738,22110.87135788308,-1312.8713578830793,6,cv_test
2019-01-01,4,19638.0,0.0,12662.0,28984.0,-742.0,20798.0,True,Rocky Mountain,20798.0,20715.0,-19638.0,-0.0,22008.0,42806.0,-22091.0,21035.995531125012,237.99553112501235,-320.99553112501235,21536.738466403825,-821.7384664038254,6,cv_test
2019-02-01,4,16927.0,0.0,9874.0,25868.0,-83.0,20715.0,True,Rocky Mountain,20715.0,22905.0,-16927.0,-0.0,18815.0,39530.0,-16625.0,20951.458042699105,236.45804269910514,1953.5419573008949,21132.438037256354,1772.5619627436463,6,cv_test
2019-03-01,4,18833.0,0.0,10886.0,28152.0,2190.0,22905.0,True,Rocky Mountain,22905.0,24151.0,-18833.0,-0.0,20205.0,43110.0,-18959.0,22955.102090005883,50.10209000588293,1195.897909994117,23322.360469134233,828.6395308657666,6,cv_test
2019-04-01,4,17078.0,0.0,10669.0,28361.0,1246.0,24151.0,True,Rocky Mountain,24151.0,25317.0,-17078.0,-0.0,21952.0,46103.0,-20786.0,24199.926606976194,48.92660697619431,1117.0733930238057,24531.14090957305,785.8590904269513,6,cv_test
2019-05-01,4,20437.0,0.0,12204.0,29807.0,1166.0,25317.0,True,Rocky Mountain,25317.0,21857.0,-20437.0,-0.0,21574.0,46891.0,-25034.0,25144.882039183056,-172.1179608169441,-3287.882039183056,25440.318563265326,-3583.318563265326,7,cv_test
2019-06-01,4,20312.0,0.0,11537.0,29018.0,-3460.0,21857.0,True,Rocky Mountain,21857.0,20832.0,-20312.0,-0.0,20243.0,42100.0,-21268.0,21962.723966495047,105.72396649504662,-1130.7239664950466,22196.19821928549,-1364.1982192854884,7,cv_test
2019-07-01,4,21289.0,0.0,13704.0,29844.0,-1025.0,20832.0,True,Rocky Mountain,20832.0,20542.0,-21289.0,-0.0,22259.0,43091.0,-22549.0,21017.84488142721,185.84488142720875,-475.84488142720875,21288.66673577601,-746.6667357760089,7,cv_test
2019-08-01,4,21445.0,0.0,12855.0,30161.0,-290.0,20542.0,True,Rocky Mountain,20542.0,20850.0,-21445.0,-0.0,21571.0,42113.0,-21263.0,20761.774292079575,219.7742920795754,88.22570792042461,21036.108431772813,-186.10843177281276,7,cv_test
2019-09-01,4,19164.0,0.0,11959.0,29490.0,308.0,20850.0,True,Rocky Mountain,20850.0,23255.0,-19164.0,-0.0,22285.0,43135.0,-19880.0,21136.997810770874,286.9978107708739,2118.002189229126,21287.459688770814,1967.540311229186,7,cv_test
2019-10-01,4,16870.0,0.0,12011.0,31778.0,2405.0,23255.0,False,Rocky Mountain,23255.0,24381.0,-16870.0,-0.0,26919.0,50174.0,-25793.0,23576.390944524133,321.3909445241334,804.6090554758666,23630.251722428096,750.7482775719036,7,cv_test
2019-11-01,4,17723.0,0.0,11584.0,31160.0,1126.0,24381.0,True,Rocky Mountain,24381.0,23890.0,-17723.0,-0.0,25021.0,49402.0,-25512.0,24519.552746648573,138.5527466485728,-629.5527466485728,24641.82226560336,-751.8222656033613,7,cv_test
2019-12-01,4,20029.0,0.0,12345.0,31723.0,-491.0,23890.0,False,Rocky Mountain,23890.0,22824.0,-20029.0,-0.0,24039.0,47929.0,-25105.0,23970.73266155382,80.73266155381862,-1146.7326615538186,24215.54236090709,-1391.5423609070895,7,cv_test
2020-01-01,4,19304.0,1.0,12583.0,30745.0,-1066.0,22824.0,False,Rocky Mountain,22824.0,21253.0,-19304.0,-1.0,24023.0,46847.0,-25594.0,22990.895065718138,166.89506571813763,-1737.8950657181376,23178.89355922106,-1925.8935592210582,7,cv_test
2020-02-01,4,18059.0,214.0,11864.0,27953.0,-1571.0,21253.0,False,Rocky Mountain,21253.0,23655.0,-18059.0,-214.0,21544.0,42797.0,-19142.0,21485.914983290535,232.91498329053502,2169.085016709465,21572.971893868904,2082.028106131096,7,cv_test
2020-03-01,4,17077.0,0.0,11270.0,29736.0,2402.0,23655.0,True,Rocky Mountain,23655.0,25662.0,-17077.0,-0.0,23929.0,47584.0,-21922.0,23821.063625304578,166.06362530457773,1840.9363746954223,23897.569082100043,1764.4309178999574,7,cv_test
2020-04-01,4,13218.0,0.0,10138.0,26582.0,2007.0,25662.0,True,Rocky Mountain,25662.0,24897.0,-13218.0,-0.0,23502.0,49164.0,-24267.0,25701.525952983673,39.52595298367305,-804.525952983673,25596.960415119192,-699.9604151191925,7,cv_test
2020-05-01,4,15070.0,0.0,10599.0,22979.0,-765.0,24897.0,True,Rocky Mountain,24897.0,26525.0,-15070.0,-0.0,18508.0,43405.0,-16880.0,24710.234351163035,-186.76564883696483,1814.7656488369648,24706.55204936595,1818.4479506340504,7,cv_test
2020-06-01,4,17315.0,0.0,11535.0,24202.0,1628.0,26525.0,True,Rocky Mountain,26525.0,25529.0,-17315.0,-0.0,18422.0,44947.0,-19418.0,26127.41372278947,-397.58627721052835,-598.4137227894716,26275.989423302042,-746.9894233020423,7,cv_test
2020-07-01,4,18947.0,0.0,12418.0,26120.0,-996.0,25529.0,True,Rocky Mountain,25529.0,24575.0,-18947.0,-0.0,19591.0,45120.0,-20545.0,25228.938038480188,-300.06196151981203,-653.938038480188,25450.45964783047,-875.4596478304702,7,cv_test
2020-08-01,4,18450.0,0.0,11024.0,26189.0,-954.0,24575.0,True,Rocky Mountain,24575.0,23509.0,-18450.0,-0.0,18763.0,43338.0,-19829.0,24393.04135394016,-181.95864605984025,-884.0413539401598,24570.452814571257,-1061.4528145712575,7,cv_test
2020-09-01,4,17582.0,0.0,11996.0,24616.0,-1066.0,23509.0,True,Rocky Mountain,23509.0,24222.0,-17582.0,-0.0,19030.0,42539.0,-18317.0,23390.076142617112,-118.92385738288795,831.923857382888,23503.804156219292,718.195843780708,7,cv_test
2020-10-01,4,16479.0,0.0,10847.0,24325.0,713.0,24222.0,True,Rocky Mountain,24222.0,24528.0,-16479.0,-0.0,18693.0,42915.0,-18387.0,24086.446680326873,-135.55331967312668,441.5533196731267,24149.41213448773,378.58786551226876,7,cv_test
2020-11-01,4,16546.0,0.0,11754.0,23428.0,306.0,24528.0,True,Rocky Mountain,24528.0,24398.0,-16546.0,-0.0,18636.0,43164.0,-18766.0,24313.826013583395,-214.17398641660475,84.17398641660475,24387.498404085098,10.501595914902282,7,cv_test
2020-12-01,4,16945.0,0.0,12396.0,23719.0,-130.0,24398.0,True,Rocky Mountain,24398.0,24949.0,-16945.0,-0.0,19170.0,43568.0,-18619.0,24188.06857059909,-209.9314294009091,760.9314294009091,24281.801759653987,667.1982403460133,7,cv_test
2021-01-01,4,17332.0,0.0,12581.0,24010.0,551.0,24949.0,True,Rocky Mountain,24949.0,22852.0,-17332.0,-0.0,19259.0,44208.0,-21356.0,24682.548769756817,-266.4512302431831,-1830.548769756817,24806.773414267846,-1954.7734142678455,7,cv_test
2021-02-01,4,16233.0,0.0,10298.0,21094.0,-2097.0,22852.0,True,Rocky Mountain,22852.0,23617.0,-16233.0,-0.0,15159.0,38011.0,-14394.0,22684.16753516586,-167.8324648341404,932.8324648341404,22732.023151436228,884.9768485637724,8,cv_test
2021-03-01,4,17271.0,0.0,11774.0,23387.0,765.0,23617.0,True,Rocky Mountain,23617.0,25326.0,-17271.0,-0.0,17890.0,41507.0,-16181.0,23441.452679544574,-175.5473204554255,1884.5473204554255,23485.982048688995,1840.0179513110052,8,cv_test
2021-04-01,4,15923.0,0.0,12158.0,23887.0,1709.0,25326.0,True,Rocky Mountain,25326.0,25379.0,-15923.0,-0.0,20122.0,45448.0,-20069.0,25099.55523487618,-226.4447651238188,279.4447651238188,25177.649665749115,201.35033425088477,8,cv_test
2021-05-01,4,16650.0,0.0,12710.0,24590.0,53.0,25379.0,True,Rocky Mountain,25379.0,24512.0,-16650.0,-0.0,20650.0,46029.0,-21517.0,25143.21847073108,-235.78152926891926,-631.2184707310807,25211.150086852536,-699.1500868525363,8,cv_test
2021-06-01,4,16606.0,0.0,12768.0,23494.0,-867.0,24512.0,True,Rocky Mountain,24512.0,24171.0,-16606.0,-0.0,19656.0,44168.0,-19997.0,24299.313624566537,-212.68637543346267,-128.31362456653733,24359.05119563034,-188.05119563034168,8,cv_test
2021-07-01,4,18713.0,0.0,12799.0,24628.0,-341.0,24171.0,True,Rocky Mountain,24171.0,23904.0,-18713.0,-0.0,18714.0,42885.0,-18981.0,23928.361830216876,-242.63816978312389,-24.361830216876115,23950.820938945486,-46.82093894548598,8,cv_test
2021-08-01,4,18547.0,0.0,12750.0,24975.0,-267.0,23904.0,True,Rocky Mountain,23904.0,23216.0,-18547.0,-0.0,19178.0,43082.0,-19866.0,23713.18919345051,-190.81080654948892,-497.1891934505111,23742.948069006477,-526.9480690064775,8,cv_test
2021-09-01,4,18162.0,0.0,13350.0,24626.0,-688.0,23216.0,True,Rocky Mountain,23216.0,23663.0,-18162.0,-0.0,19814.0,43030.0,-19367.0,23090.905707381102,-125.09429261889818,572.0942926188982,23126.985322975717,536.0146770242827,8,cv_test
2021-10-01,4,16864.0,0.0,11929.0,26566.0,447.0,23663.0,True,Rocky Mountain,23663.0,24529.0,-16864.0,-0.0,21631.0,45294.0,-20765.0,23673.768340974315,10.768340974314924,855.2316590256851,23756.988368363232,772.0116316367676,8,cv_test
2021-11-01,4,17317.0,0.0,13113.0,25807.0,866.0,24529.0,True,Rocky Mountain,24529.0,24328.0,-17317.0,-0.0,21603.0,46132.0,-21804.0,24395.82512737617,-133.1748726238293,-67.82512737617071,24460.714555988758,-132.71455598875764,8,cv_test
2021-12-01,4,18081.0,1.0,13947.0,26476.0,-201.0,24328.0,False,Rocky Mountain,24328.0,23746.0,-18081.0,-1.0,22341.0,46669.0,-22923.0,24204.50511415123,-123.49488584876963,-458.5051141512304,24258.34957796603,-512.3495779660298,8,cv_test
2022-01-01,4,18217.0,0.0,11882.0,25603.0,-582.0,23746.0,True,Rocky Mountain,23746.0,24060.0,-18217.0,-0.0,19268.0,43014.0,-18954.0,23621.330889574736,-124.66911042526408,438.6691104252641,23664.620401064203,395.3795989357968,8,cv_test
2022-02-01,4,16027.0,0.0,11155.0,23522.0,314.0,24060.0,True,Rocky Mountain,24060.0,25698.0,-16027.0,-0.0,18650.0,42710.0,-17012.0,23922.648464036458,-137.35153596354212,1775.3515359635421,23996.37312871856,1701.6268712814417,8,cv_test
2022-03-01,4,17479.0,0.0,13505.0,26751.0,1638.0,25698.0,True,Rocky Mountain,25698.0,23192.0,-17479.0,-0.0,22777.0,48475.0,-25283.0,25499.74363398283,-198.25636601716906,-2307.743633982831,25568.39180451739,-2376.3918045173887,8,cv_test
2022-04-01,4,16456.0,0.0,10956.0,25887.0,-2506.0,23192.0,True,Rocky Mountain,23192.0,25732.0,-16456.0,-0.0,20387.0,43579.0,-17847.0,23232.860517421315,40.86051742131531,2499.1394825786847,23319.633161693648,2412.3668383063523,8,cv_test
2022-05-01,4,14707.0,0.0,10415.0,26776.0,2540.0,25732.0,False,Rocky Mountain,25732.0,24100.0,-14707.0,-0.0,22484.0,48216.0,-24116.0,25690.350182884325,-41.64981711567452,-1590.3501828843255,25822.544218852094,-1722.5442188520938,8,cv_test
2022-06-01,4,18198.0,0.0,11333.0,26052.0,-1632.0,24100.0,True,Rocky Mountain,24100.0,23644.0,-18198.0,-0.0,19187.0,43287.0,-19643.0,23968.091610745756,-131.90838925424396,-324.09161074575604,24015.58547399514,-371.5854739951392,8,cv_test
2022-07-01,4,19591.0,0.0,12621.0,26872.0,-456.0,23644.0,True,Rocky Mountain,23644.0,22754.0,-19591.0,-0.0,19902.0,43546.0,-20792.0,23516.78965716214,-127.21034283786139,-762.7896571621386,23540.54107597886,-786.541075978861,8,cv_test
2022-08-01,4,19202.0,0.0,12385.0,27488.0,-890.0,22754.0,True,Rocky Mountain,22754.0,23471.0,-19202.0,-0.0,20671.0,43425.0,-19954.0,22761.720440809073,7.7204408090728975,709.2795591909271,22801.04182700469,669.9581729953097,8,cv_test
2022-09-01,4,18268.0,0.0,12003.0,26539.0,717.0,23471.0,True,Rocky Mountain,23471.0,23509.0,-18268.0,-0.0,20274.0,43745.0,-20236.0,23417.464635161978,-53.53536483802236,91.53536483802236,23468.557827842516,40.44217215748358,8,cv_test
2022-10-01,4,18683.0,0.0,12893.0,27934.0,38.0,23509.0,True,Rocky Mountain,23509.0,24902.0,-18683.0,-0.0,22144.0,45653.0,-20751.0,23501.704497943418,-7.295502056582336,1400.2955020565823,23556.19012820427,1345.8098717957291,8,cv_test
2022-11-01,4,17432.0,0.0,11807.0,27470.0,1393.0,24902.0,False,Rocky Mountain,24902.0,24421.0,-17432.0,-0.0,21845.0,46747.0,-22326.0,24816.07256212141,-85.92743787858853,-395.07256212141147,24932.41785511392,-511.41785511391936,9,cv_test
2022-12-01,4,17289.0,0.0,12460.0,26479.0,-481.0,24421.0,True,Rocky Mountain,24421.0,23934.0,-17289.0,-0.0,21650.0,46071.0,-22137.0,24334.516903565607,-86.48309643439279,-400.5169035656072,24443.966419375858,-509.9664193758581,9,cv_test
2023-01-01,4,14653.0,0.0,12786.0,26724.0,-487.0,23934.0,True,Rocky Mountain,23934.0,24737.0,-14653.0,-0.0,24857.0,48791.0,-24054.0,24054.9367951236,120.93679512360177,682.0632048763982,24259.6485210692,477.3514789307992,9,cv_test
2023-02-01,4,14484.0,0.0,12228.0,24230.0,803.0,24737.0,True,Rocky Mountain,24737.0,25756.0,-14484.0,-0.0,21974.0,46711.0,-20955.0,24663.951085186327,-73.04891481367304,1092.048914813673,24836.60078486762,919.39921513238,9,cv_test
2023-03-01,4,16763.0,0.0,11717.0,27828.0,1019.0,25756.0,True,Rocky Mountain,25756.0,25956.0,-16763.0,-0.0,22782.0,48538.0,-22582.0,25650.064105776488,-105.93589422351215,305.93589422351215,25790.704255602483,165.2957443975174,9,cv_test
2023-04-01,4,15397.0,0.0,9682.0,27378.0,200.0,25956.0,True,Rocky Mountain,25956.0,26155.0,-15397.0,-0.0,21663.0,47619.0,-21464.0,25886.384923215715,-69.61507678428461,268.6150767842846,26066.554886265847,88.44511373415298,9,cv_test
2023-05-01,4,16365.0,0.0,10932.0,29030.0,199.0,26155.0,True,Rocky Mountain,26155.0,24830.0,-16365.0,-0.0,23597.0,49752.0,-24922.0,26099.023728241857,-55.97627175814341,-1269.0237282418566,26268.26450071598,-1438.2645007159808,9,cv_test
2023-06-01,4,18285.0,0.0,11028.0,28389.0,-1325.0,24830.0,True,Rocky Mountain,24830.0,24055.0,-18285.0,-0.0,21132.0,45962.0,-21907.0,24750.178206702996,-79.82179329700375,-695.1782067029962,24850.463299366827,-795.4632993668274,9,cv_test
2023-07-01,4,18839.0,0.0,11157.0,29016.0,-775.0,24055.0,True,Rocky Mountain,24055.0,23585.0,-18839.0,-0.0,21334.0,45389.0,-21804.0,24046.439011275754,-8.560988724246272,-461.4390112757537,24139.676333837775,-554.676333837775,9,cv_test
2023-08-01,4,19214.0,0.0,13253.0,29923.0,-470.0,23585.0,True,Rocky Mountain,23585.0,24045.0,-19214.0,-0.0,23962.0,47547.0,-23502.0,23645.13302764218,60.13302764217951,399.8669723578205,23740.063792261288,304.93620773871226,9,cv_test
2023-09-01,4,19055.0,0.0,12392.0,29084.0,460.0,24045.0,True,Rocky Mountain,24045.0,23932.0,-19055.0,-0.0,22421.0,46466.0,-22534.0,24028.578428147328,-16.42157185267206,-96.57842814732794,24115.43326946294,-183.4332694629411,9,cv_test
2023-10-01,4,19804.0,0.0,12459.0,30449.0,-113.0,23932.0,True,Rocky Mountain,23932.0,24684.0,-19804.0,-0.0,23104.0,47036.0,-22352.0,23954.78447772772,22.784477727720514,729.2155222722795,24035.47178499945,648.5282150005514,9,cv_test
2023-11-01,4,18388.0,0.0,12419.0,30532.0,752.0,24684.0,False,Rocky Mountain,24684.0,25827.0,-18388.0,-0.0,24563.0,49247.0,-23420.0,24724.189476143485,40.18947614348508,1102.810523856515,24851.248651022925,975.7513489770754,9,cv_test
2023-12-01,4,17848.0,1.0,13766.0,31821.0,1143.0,25827.0,False,Rocky Mountain,25827.0,24185.0,-17848.0,-1.0,27738.0,53565.0,-29380.0,25862.704995464082,35.70499546408246,-1677.7049954640825,26021.38269286692,-1836.3826928669187,9,cv_test
2024-01-01,4,17683.0,0.0,12601.0,29561.0,-1642.0,24185.0,True,Rocky Mountain,24185.0,25631.0,-17683.0,-0.0,24479.0,48664.0,-23033.0,24259.416050760476,74.41605076047563,1371.5839492395244,24399.093415228832,1231.9065847711681,9,cv_test
2024-02-01,4,15732.0,0.0,11559.0,28869.0,1446.0,25631.0,True,Rocky Mountain,25631.0,26186.0,-15732.0,-0.0,24696.0,50327.0,-24141.0,25649.998801105685,18.998801105684834,536.0011988943152,25840.7271801148,345.27281988519826,9,cv_test
2024-03-01,4,16424.0,0.0,11811.0,31043.0,555.0,26186.0,True,Rocky Mountain,26186.0,24951.0,-16424.0,-0.0,26430.0,52616.0,-27665.0,26229.739610930832,43.73961093083199,-1278.739610930832,26424.73289752967,-1473.7328975296696,9,cv_test
2024-04-01,4,17184.0,0.0,11657.0,29924.0,-1235.0,24951.0,True,Rocky Mountain,24951.0,24254.0,-17184.0,-0.0,24397.0,49348.0,-25094.0,25003.899199759326,52.89919975932571,-749.8991997593257,25162.502222073166,-908.5022220731662,9,cv_test
2024-05-01,4,19002.0,0.0,10069.0,31784.0,-697.0,24254.0,True,Rocky Mountain,24254.0,22935.0,-19002.0,-0.0,22851.0,47105.0,-24170.0,24363.767544625523,109.76754462552344,-1428.7675446255234,24488.987706574513,-1553.9877065745131,9,cv_test
2024-06-01,4,19284.0,0.0,11585.0,30069.0,-1319.0,22935.0,True,Rocky Mountain,22935.0,22660.0,-19284.0,-0.0,22370.0,45305.0,-22645.0,23057.464348980517,122.46434898051666,-397.46434898051666,23154.677836149414,-494.67783614941436,9,cv_test
2024-07-01,4,19234.0,0.0,11967.0,30562.0,-275.0,22660.0,True,Rocky Mountain,22660.0,22246.0,-19234.0,-0.0,23295.0,45955.0,-23709.0,22836.06628129285,176.06628129284945,-590.0662812928495,22942.935132236664,-696.9351322366638,9,cv_test
2024-08-01,4,20237.0,0.0,11039.0,31123.0,-414.0,22246.0,True,Rocky Mountain,22246.0,22265.0,-20237.0,-0.0,21925.0,44171.0,-21906.0,22431.6312177352,185.63121773520106,-166.63121773520106,22404.87994598256,-139.87994598256046,10,cv_test
2024-09-01,4,18032.0,0.0,11702.0,30560.0,19.0,22265.0,True,Rocky Mountain,22265.0,22786.0,-18032.0,-0.0,24230.0,46495.0,-23709.0,22545.270790138853,280.27079013885304,240.72920986114696,22573.680779957052,212.31922004294756,10,cv_test
2024-10-01,4,18644.0,0.0,10076.0,32423.0,521.0,22786.0,True,Rocky Mountain,22786.0,23917.0,-18644.0,-0.0,23855.0,46641.0,-22724.0,23082.291166452796,296.29116645279646,834.7088335472035,23101.2126244733,815.7873755266992,10,cv_test
2024-11-01,4,18385.0,0.0,10699.0,32338.0,1131.0,23917.0,True,Rocky Mountain,23917.0,24434.0,-18385.0,-0.0,24652.0,48569.0,-24135.0,24121.5641497071,204.56414970710102,312.435850292899,24148.30918883394,285.6908111660596,10,cv_test
2024-12-01,4,17635.0,0.0,11205.0,32571.0,517.0,24434.0,False,Rocky Mountain,24434.0,23927.0,-17635.0,-0.0,26141.0,50575.0,-26648.0,24647.016226398307,213.01622639830748,-720.0162263983075,24694.44287887802,-767.4428788780206,10,cv_test
2025-01-01,4,17818.0,0.0,10742.0,31563.0,-239.0,23927.0,True,Rocky Mountain,23927.0,24910.0,-17818.0,-0.0,24487.0,48414.0,-23504.0,24122.2885968863,195.2885968863011,787.7114031136989,24161.31593575042,748.6840642495808,10,cv_test
2025-02-01,4,15984.0,0.0,10637.0,28425.0,983.0,24910.0,True,Rocky Mountain,24910.0,24271.0,-15984.0,-0.0,23078.0,47988.0,-23717.0,24956.30529611733,46.30529611733073,-685.3052961173307,25034.32953901687,-763.3295390168714,10,cv_test
2025-03-01,4,18060.0,0.0,8115.0,31798.0,-639.0,24271.0,True,Rocky Mountain,24271.0,24801.0,-18060.0,-0.0,21853.0,46124.0,-21323.0,24433.784787938148,162.78478793814793,367.21521206185207,24467.712333934756,333.2876660652437,10,cv_test
2025-04-01,4,17333.0,4.0,11560.0,30360.0,530.0,24801.0,False,Rocky Mountain,24801.0,24909.0,-17333.0,-4.0,24583.0,49384.0,-24475.0,24881.85543787414,80.85543787413917,27.14456212586083,24930.827922793298,-21.827922793298058,10,cv_test
2025-05-01,4,18540.0,3.0,11802.0,31682.0,108.0,24909.0,False,Rocky Mountain,24909.0,24042.0,-18540.0,-3.0,24941.0,49850.0,-25808.0,24980.69372381164,71.69372381164067,-938.6937238116407,25002.68827305951,-960.6882730595098,10,cv_test
2025-06-01,4,19000.0,1.0,10986.0,31194.0,-867.0,24042.0,False,Rocky Mountain,24042.0,22926.0,-19000.0,-1.0,23179.0,47221.0,-24295.0,24139.977003566233,97.97700356623318,-1213.9770035662332,24147.55910865256,-1221.55910865256,10,cv_test
2025-07-01,4,19635.0,0.0,11195.0,31978.0,-1116.0,22926.0,True,Rocky Mountain,22926.0,22414.0,-19635.0,-0.0,23538.0,46464.0,-24050.0,23129.63767344248,203.63767344248117,-715.6376734424812,23121.83857398135,-707.8385739813493,10,cv_test
2025-08-01,4,19709.0,0.0,10838.0,31934.0,-512.0,22414.0,True,Rocky Mountain,22414.0,22582.0,-19709.0,-0.0,23063.0,45477.0,-22895.0,22657.29450076081,243.29450076081048,-75.29450076081048,22646.818836612332,-64.81883661233223,10,cv_test
2025-09-01,4,19125.0,0.0,12939.0,30832.0,168.0,22582.0,True,Rocky Mountain,22582.0,23643.0,-19125.0,-0.0,24646.0,47228.0,-23585.0,22785.53332060231,203.5333206023097,857.4666793976903,22786.984189819963,856.0158101800371,10,cv_test
2025-10-01,4,18985.0,0.0,12885.0,31630.0,1061.0,23643.0,True,Rocky Mountain,23643.0,24528.0,-18985.0,-0.0,25530.0,49173.0,-24645.0,23800.770003348305,157.77000334830518,727.2299966516948,23809.563637096773,718.4363629032268,10,cv_test
2025-11-01,4,18615.0,0.0,10662.0,29912.0,885.0,24528.0,True,Rocky Mountain,24528.0,24600.0,-18615.0,-0.0,21959.0,46487.0,-21887.0,24536.685590317273,8.685590317272727,63.31440968272727,24550.91399948721,49.08600051279063,10,cv_test
2025-12-01,4,18830.0,0.0,13142.0,31024.0,72.0,24600.0,True,Rocky Mountain,24600.0,23734.0,-18830.0,-0.0,25336.0,49936.0,-26202.0,24648.39743759293,48.39743759292833,-914.3974375929283,24660.539988206732,-926.5399882067322,10,cv_test
2026-01-01,4,19033.0,5.0,10673.0,30312.0,-866.0,23734.0,False,Rocky Mountain,23734.0,24618.0,-19033.0,-5.0,21947.0,45681.0,-21063.0,23811.4900571057,77.49005710570054,806.5099428942995,23815.168295245396,802.8317047546043,10,cv_test
2026-02-01,4,17562.0,0.0,12832.0,27930.0,884.0,24618.0,True,Rocky Mountain,24618.0,25225.0,-17562.0,-0.0,23200.0,47818.0,-22593.0,24574.467703727354,-43.53229627264591,650.5322962726459,24609.951407374563,615.0485926254369,10,cv_test
2026-03-01,4,18342.0,0.0,12605.0,31570.0,607.0,25225.0,True,Rocky Mountain,25225.0,25900.0,-18342.0,-0.0,25833.0,51058.0,-25158.0,25273.600653418132,48.600653418132424,626.3993465818676,25300.752621873653,599.247378126347,10,cv_test
2026-04-01,4,14227.0,0.0,10915.0,30548.0,675.0,25900.0,True,Rocky Mountain,25900.0,24106.0,-14227.0,-0.0,27236.0,53136.0,-29030.0,26069.01966923716,169.019669237161,-1963.019669237161,26199.995193692437,-2093.995193692437,10,cv_test
2026-05-01,4,17626.0,0.0,10990.0,31278.0,-1794.0,24106.0,True,Rocky Mountain,24106.0,,-17626.0,-0.0,24642.0,48748.0,,24281.114736086707,175.11473608670713,,,,,forecast
2007-01-01,5,77447.0,0.0,34233.0,44875.0,-1170.0,49947.0,True,West Coast,49947.0,53643.0,-77447.0,-0.0,1661.0,51608.0,2035.0,52728.76985019206,2781.7698501920604,914.2301498079396,,,,initial_train
2007-02-01,5,64406.0,0.0,24533.0,39464.0,3696.0,53643.0,False,West Coast,53643.0,54432.0,-64406.0,-0.0,-409.0,53234.0,1198.0,54778.42606807909,1135.4260680790903,-346.4260680790903,,,,initial_train
2007-03-01,5,70053.0,0.0,28050.0,43999.0,789.0,54432.0,False,West Coast,54432.0,54600.0,-70053.0,-0.0,1996.0,56428.0,-1828.0,55765.69607189471,1333.6960718947084,-1165.6960718947084,,,,initial_train
2007-04-01,5,77033.0,0.0,32801.0,42694.0,168.0,54600.0,True,West Coast,54600.0,55295.0,-77033.0,-0.0,-1538.0,53062.0,2233.0,55137.73483144429,537.7348314442934,157.26516855570662,,,,initial_train
2007-05-01,5,84246.0,0.0,42086.0,44557.0,695.0,55295.0,True,West Coast,55295.0,56340.0,-84246.0,-0.0,2397.0,57692.0,-1352.0,55521.56136840067,226.56136840066756,818.4386315993324,,,,initial_train
2007-06-01,5,77024.0,0.0,34783.0,41457.0,1045.0,56340.0,True,West Coast,56340.0,54792.0,-77024.0,-0.0,-784.0,55556.0,-764.0,55990.41977227624,-349.5802277237599,-1198.41977227624,,,,initial_train
2007-07-01,5,82227.0,0.0,32364.0,42911.0,-1548.0,54792.0,True,West Coast,54792.0,51549.0,-82227.0,-0.0,-6952.0,47840.0,3709.0,54872.01071553456,80.01071553456131,-3323.0107155345613,,,,initial_train
2007-08-01,5,85097.0,0.0,41483.0,40479.0,-3243.0,51549.0,False,West Coast,51549.0,51603.0,-85097.0,-0.0,-3135.0,48414.0,3189.0,52356.210704552854,807.2107045528537,-753.2107045528537,,,,initial_train
2007-09-01,5,79245.0,0.0,41255.0,39064.0,54.0,51603.0,True,West Coast,51603.0,55136.0,-79245.0,-0.0,1074.0,52677.0,2459.0,52575.71108093798,972.711080937981,2560.288919062019,,,,initial_train
2007-10-01,5,77451.0,0.0,37111.0,42231.0,3533.0,55136.0,True,West Coast,55136.0,54532.0,-77451.0,-0.0,1891.0,57027.0,-2495.0,55419.127049517905,283.1270495179051,-887.1270495179051,,,,initial_train
2007-11-01,5,78656.0,21.0,36339.0,42178.0,-604.0,54532.0,False,West Coast,54532.0,53870.0,-78656.0,-21.0,-160.0,54372.0,-502.0,54925.59769087049,393.5976908704906,-1055.5976908704906,,,,initial_train
2007-12-01,5,81475.0,0.0,34703.0,43280.0,-662.0,53870.0,True,West Coast,53870.0,53818.0,-81475.0,-0.0,-3492.0,50378.0,3440.0,54487.38897306119,617.3889730611918,-669.3889730611918,,,,initial_train
2008-01-01,5,80469.0,0.0,37862.0,42222.0,-52.0,53818.0,True,West Coast,53818.0,52942.0,-80469.0,-0.0,-385.0,53433.0,-491.0,54386.36317380084,568.3631738008407,-1444.3631738008407,,,,initial_train
2008-02-01,5,73142.0,0.0,33632.0,39488.0,-876.0,52942.0,False,West Coast,52942.0,51968.0,-73142.0,-0.0,-22.0,52920.0,-952.0,53823.43363738455,881.4336373845508,-1855.4336373845508,,,,initial_train
2008-03-01,5,79389.0,0.0,35184.0,42729.0,-974.0,51968.0,True,West Coast,51968.0,54546.0,-79389.0,-0.0,-1476.0,50492.0,4054.0,53397.161712036985,1429.1617120369847,1148.8382879630153,,,,initial_train
2008-04-01,5,73363.0,0.0,33482.0,40681.0,2578.0,54546.0,True,West Coast,54546.0,55154.0,-73363.0,-0.0,800.0,55346.0,-192.0,55014.97940415674,468.97940415673656,139.02059584326344,,,,initial_train
2008-05-01,5,77381.0,1.0,36302.0,41511.0,608.0,55154.0,False,West Coast,55154.0,54985.0,-77381.0,-1.0,431.0,55585.0,-600.0,55278.339635016804,124.3396350168041,-293.3396350168041,,,,initial_train
2008-06-01,5,81137.0,0.0,40749.0,39198.0,-169.0,54985.0,True,West Coast,54985.0,53649.0,-81137.0,-0.0,-1190.0,53795.0,-146.0,54499.80284313677,-485.1971568632289,-850.8028431367711,,,,initial_train
2008-07-01,5,82206.0,0.0,41531.0,39925.0,-1336.0,53649.0,False,West Coast,53649.0,47469.0,-82206.0,-0.0,-750.0,52899.0,-5430.0,53758.56478321904,109.56478321903705,-6289.564783219037,,,,initial_train
2008-08-01,5,82874.0,0.0,38413.0,37342.0,-6180.0,47469.0,True,West Coast,47469.0,49440.0,-82874.0,-0.0,-7119.0,40350.0,9090.0,49374.464888805625,1905.4648888056254,65.53511119437462,,,,initial_train
2008-09-01,5,79750.0,0.0,37739.0,40100.0,1971.0,49440.0,True,West Coast,49440.0,53374.0,-79750.0,-0.0,-1911.0,47529.0,5845.0,51357.46229949445,1917.4622994944511,2016.5377005055489,,,,initial_train
2008-10-01,5,78730.0,0.0,37468.0,42449.0,3934.0,53374.0,True,West Coast,53374.0,51556.0,-78730.0,-0.0,1187.0,54561.0,-3005.0,54293.2709009745,919.2709009745013,-2737.2709009745013,,,,initial_train
2008-11-01,5,77075.0,0.0,33938.0,41445.0,-1818.0,51556.0,True,West Coast,51556.0,53994.0,-77075.0,-0.0,-1692.0,49864.0,4130.0,53055.61983861579,1499.619838615792,938.3801613842079,53018.34034770136,975.6596522986365,1,cv_test
2008-12-01,5,75299.0,0.0,35019.0,41855.0,2438.0,53994.0,True,West Coast,53994.0,57155.0,-75299.0,-0.0,1575.0,55569.0,1586.0,54783.67118951602,789.6711895160188,2371.328810483981,54411.169231400825,2743.830768599175,1,cv_test
2009-01-01,5,73134.0,0.0,34618.0,41118.0,3161.0,57155.0,True,West Coast,57155.0,58561.0,-73134.0,-0.0,2602.0,59757.0,-1196.0,56729.189411581196,-425.8105884188044,1831.8105884188044,55139.173827748586,3421.8261722514144,1,cv_test
2009-02-01,5,67864.0,0.0,29578.0,37765.0,1406.0,58561.0,True,West Coast,58561.0,58139.0,-67864.0,-0.0,-521.0,58040.0,99.0,57253.074430010325,-1307.9255699896748,885.9255699896748,54217.05416146732,3921.9458385326798,1,cv_test
2009-03-01,5,74941.0,0.0,31719.0,41147.0,-422.0,58139.0,True,West Coast,58139.0,59262.0,-74941.0,-0.0,-2075.0,56064.0,3198.0,57134.96172817355,-1004.0382718264518,2127.038271826452,54113.917180489036,5148.082819510964,1,cv_test
2009-04-01,5,71467.0,0.0,31829.0,38716.0,1123.0,59262.0,True,West Coast,59262.0,56987.0,-71467.0,-0.0,-922.0,58340.0,-1353.0,57619.919817168,-1642.0801828320036,-632.9198171679964,54177.9689392572,2809.0310607427964,1,cv_test
2009-05-01,5,75361.0,0.0,31482.0,40696.0,-2275.0,56987.0,False,West Coast,56987.0,52147.0,-75361.0,-0.0,-3183.0,53804.0,-1657.0,56306.40264047347,-680.5973595265314,-4159.402640473469,53516.82508791417,-1369.8250879141706,1,cv_test
2009-06-01,5,75038.0,0.0,30482.0,36269.0,-4840.0,52147.0,False,West Coast,52147.0,52323.0,-75038.0,-0.0,-8287.0,43860.0,8463.0,52493.050089988836,346.0500899888357,-170.05008998883568,50381.433801900246,1941.5661980997538,1,cv_test
2009-07-01,5,73190.0,0.0,34894.0,36661.0,176.0,52323.0,False,West Coast,52323.0,52921.0,-73190.0,-0.0,-1635.0,50688.0,2233.0,52908.03222319637,585.0322231963728,12.967776803627203,52150.95420496877,770.0457950312266,1,cv_test
2009-08-01,5,70128.0,0.0,31732.0,37251.0,598.0,52921.0,True,West Coast,52921.0,52405.0,-70128.0,-0.0,-1145.0,51776.0,629.0,53575.896364526605,654.8963645266049,-1170.8963645266049,52809.475000810366,-404.4750008103656,1,cv_test
2009-09-01,5,73674.0,1.0,33325.0,38383.0,-516.0,52405.0,False,West Coast,52405.0,54226.0,-73674.0,-1.0,-1967.0,50438.0,3788.0,53229.69042496631,824.690424966313,996.309575033687,52538.514271328146,1687.4857286718543,1,cv_test
2009-10-01,5,72530.0,1.0,34084.0,39762.0,1821.0,54226.0,False,West Coast,54226.0,55850.0,-72530.0,-1.0,1315.0,55541.0,309.0,54716.636185742915,490.6361857429147,1133.3638142570853,54052.601223840116,1797.3987761598837,1,cv_test
2009-11-01,5,67705.0,0.0,30773.0,38522.0,1624.0,55850.0,False,West Coast,55850.0,48947.0,-67705.0,-0.0,1590.0,57440.0,-8493.0,55786.9615148947,-63.03848510530224,-6839.961514894698,54471.66612166443,-5524.666121664428,1,cv_test
2009-12-01,5,74388.0,2.0,25646.0,39271.0,-6903.0,48947.0,False,West Coast,48947.0,46976.0,-74388.0,-2.0,-9473.0,39474.0,7502.0,51099.47331755413,2152.4733175541332,-4123.473317554133,50522.66647558889,-3546.6664755888924,1,cv_test
2010-01-01,5,68567.0,0.0,28377.0,38785.0,-1971.0,46976.0,True,West Coast,46976.0,50866.0,-68567.0,-0.0,-1405.0,45571.0,5295.0,50322.36973706965,3346.3697370696464,543.6302629303536,52374.473244916895,-1508.473244916895,1,cv_test
2010-02-01,5,63426.0,1.0,35353.0,34870.0,3890.0,50866.0,False,West Coast,50866.0,51765.0,-63426.0,-1.0,6796.0,57662.0,-5897.0,52460.255557545264,1594.2555575452643,-695.2555575452643,54161.41693572386,-2396.416935723857,1,cv_test
2010-03-01,5,72298.0,0.0,32609.0,39217.0,899.0,51765.0,False,West Coast,51765.0,53407.0,-72298.0,-0.0,-472.0,51293.0,2114.0,53102.15483882998,1337.154838829978,304.84516117002204,53128.807983914354,278.1920160856462,1,cv_test
2010-04-01,5,72908.0,0.0,36495.0,37684.0,1642.0,53407.0,False,West Coast,53407.0,55536.0,-72908.0,-0.0,1271.0,54678.0,858.0,53822.36453785276,415.3645378527581,1713.635462147242,53281.25464104905,2254.7453589509532,1,cv_test
2010-05-01,5,72476.0,1.0,34663.0,36834.0,2129.0,55536.0,False,West Coast,55536.0,54583.0,-72476.0,-1.0,-980.0,54556.0,27.0,54951.23566981903,-584.764330180973,-368.23566981902695,52930.63658451809,1652.3634154819083,1,cv_test
2010-06-01,5,72505.0,0.0,36565.0,34431.0,-953.0,54583.0,True,West Coast,54583.0,49946.0,-72505.0,-0.0,-1509.0,53074.0,-3128.0,53929.80619704106,-653.1938029589364,-3983.8061970410636,51971.14861930254,-2025.1486193025412,1,cv_test
2010-07-01,5,75489.0,0.0,35901.0,35794.0,-4637.0,49946.0,True,West Coast,49946.0,50654.0,-75489.0,-0.0,-3794.0,46152.0,4502.0,51123.655381654404,1177.6553816544038,-469.65538165440375,50831.20784589098,-177.20784589098184,1,cv_test
2010-08-01,5,72047.0,0.0,37512.0,35571.0,708.0,50654.0,True,West Coast,50654.0,53780.0,-72047.0,-0.0,1036.0,51690.0,2090.0,51817.17189212086,1163.1718921208594,1962.8281078791406,51704.78605894752,2075.2139410524833,2,cv_test
2010-09-01,5,71169.0,0.0,35897.0,36802.0,3126.0,53780.0,True,West Coast,53780.0,56017.0,-71169.0,-0.0,1530.0,55310.0,707.0,54003.95231433335,223.95231433334993,2013.04768566665,53571.93745739116,2445.0625426088372,2,cv_test
2010-10-01,5,72323.0,0.0,38290.0,37703.0,2237.0,56017.0,True,West Coast,56017.0,55160.0,-72323.0,-0.0,3670.0,59687.0,-4527.0,55495.505120440655,-521.4948795593446,-335.50512044065545,55187.86623763248,-27.86623763247917,2,cv_test
2010-11-01,5,71085.0,0.0,33481.0,36324.0,-857.0,55160.0,True,West Coast,55160.0,48551.0,-71085.0,-0.0,-1280.0,53880.0,-5329.0,54711.64173423945,-448.35826576055115,-6160.641734239449,53506.12223454502,-4955.122234545022,2,cv_test
2010-12-01,5,73780.0,0.0,30968.0,37428.0,-6609.0,48551.0,True,West Coast,48551.0,47356.0,-73780.0,-0.0,-5384.0,43167.0,4189.0,50642.625125530765,2091.625125530765,-3286.625125530765,49844.309897854786,-2488.309897854786,2,cv_test
2011-01-01,5,67143.0,0.0,29994.0,32633.0,-1195.0,47356.0,True,West Coast,47356.0,50151.0,-67143.0,-0.0,-4516.0,42840.0,7311.0,49483.62160295206,2127.6216029520583,667.3783970479417,48582.38451585622,1568.615484143782,2,cv_test
2011-02-01,5,62228.0,0.0,31419.0,33736.0,2795.0,50151.0,True,West Coast,50151.0,51237.0,-62228.0,-0.0,2927.0,53078.0,-1841.0,51824.45186193549,1673.451861935493,-587.4518619354931,51875.32733401554,-638.3273340155429,2,cv_test
2011-03-01,5,74186.0,0.0,37037.0,37375.0,1086.0,51237.0,True,West Coast,51237.0,52236.0,-74186.0,-0.0,226.0,51463.0,773.0,52347.57985180703,1110.5798518070296,-111.57985180702963,52159.26125106157,76.7387489384273,2,cv_test
2011-04-01,5,69262.0,1.0,33396.0,36126.0,999.0,52236.0,False,West Coast,52236.0,55629.0,-69262.0,-1.0,259.0,52495.0,3134.0,53037.038329665236,801.0383296652362,2591.9616703347638,52500.23890031043,3128.7610996895673,2,cv_test
2011-05-01,5,69183.0,0.0,36643.0,36627.0,3393.0,55629.0,False,West Coast,55629.0,55464.0,-69183.0,-0.0,4087.0,59716.0,-4252.0,55268.56129598237,-360.4387040176298,195.4387040176298,54976.901749059034,487.09825094096595,2,cv_test
2011-06-01,5,73779.0,1.0,38527.0,34566.0,-165.0,55464.0,False,West Coast,55464.0,50054.0,-73779.0,-1.0,-687.0,54777.0,-4723.0,54426.713331978586,-1037.2866680214138,-4372.713331978586,53142.654987284586,-3088.6549872845862,2,cv_test
2011-07-01,5,80319.0,3.0,41937.0,32425.0,-5410.0,50054.0,False,West Coast,50054.0,48900.0,-80319.0,-3.0,-5960.0,44094.0,4806.0,50247.70632251285,193.70632251285133,-1347.7063225128513,48687.891142900306,212.10885709969443,2,cv_test
2011-08-01,5,78165.0,0.0,39124.0,34598.0,-1154.0,48900.0,False,West Coast,48900.0,48335.0,-78165.0,-0.0,-4443.0,44457.0,3878.0,50095.544968249626,1195.5449682496255,-1760.5449682496255,49253.46276529928,-918.4627652992785,2,cv_test
2011-09-01,5,75164.0,1.0,39732.0,35225.0,-565.0,48335.0,False,West Coast,48335.0,50553.0,-75164.0,-1.0,-208.0,48127.0,2426.0,50127.570018437866,1792.5700184378657,425.42998156213434,50126.504590136654,426.49540986334614,2,cv_test
2011-10-01,5,67833.0,1.0,35997.0,35846.0,2218.0,50553.0,False,West Coast,50553.0,54642.0,-67833.0,-1.0,4009.0,54562.0,80.0,52120.23313945251,1567.23313945251,2521.76686054749,52500.742437005574,2141.257562994426,2,cv_test
2011-11-01,5,66571.0,0.0,32768.0,35471.0,4089.0,54642.0,False,West Coast,54642.0,54482.0,-66571.0,-0.0,1668.0,56310.0,-1828.0,54577.326478862364,-64.67352113763627,-95.32647886236373,53874.388320185324,607.6116798146759,2,cv_test
2011-12-01,5,72540.0,0.0,36714.0,36639.0,-160.0,54482.0,False,West Coast,54482.0,55023.0,-72540.0,-0.0,813.0,55295.0,-272.0,54304.18369370681,-177.8163062931926,718.8163062931926,53633.90268557551,1389.0973144244927,2,cv_test
2012-01-01,5,71666.0,0.0,31429.0,36683.0,541.0,55023.0,True,West Coast,55023.0,57842.0,-71666.0,-0.0,-3554.0,51469.0,6373.0,54614.30965056971,-408.69034943028964,3227.6903494302896,53046.40884718408,4795.5911528159195,2,cv_test
2012-02-01,5,66153.0,0.0,32172.0,34011.0,2819.0,57842.0,True,West Coast,57842.0,57426.0,-66153.0,-0.0,30.0,57872.0,-446.0,56259.85558638905,-1582.1444136109494,1166.1444136109494,54632.08705930956,2793.9129406904394,2,cv_test
2012-03-01,5,66060.0,0.0,30166.0,34973.0,-416.0,57426.0,False,West Coast,57426.0,57126.0,-66060.0,-0.0,-921.0,56505.0,621.0,56166.71842226929,-1259.2815777307114,959.2815777307114,54502.173604128024,2623.8263958719763,2,cv_test
2012-04-01,5,64167.0,0.0,33260.0,33998.0,-300.0,57126.0,True,West Coast,57126.0,56720.0,-64167.0,-0.0,3091.0,60217.0,-3497.0,56001.153400696334,-1124.8465993036662,718.8465993036662,55024.410526613734,1695.589473386266,2,cv_test
2012-05-01,5,73054.0,0.0,36194.0,35258.0,-406.0,56720.0,True,West Coast,56720.0,56638.0,-73054.0,-0.0,-1602.0,55118.0,1520.0,55343.140296269674,-1376.8597037303261,1294.8597037303261,54254.64557626082,2383.3544237391834,3,cv_test
2012-06-01,5,77260.0,0.0,43366.0,32612.0,-82.0,56638.0,True,West Coast,56638.0,53897.0,-77260.0,-0.0,-1282.0,55356.0,-1459.0,54566.08695544848,-2071.9130445515184,-669.0869554484816,53372.8491489755,524.1508510244967,3,cv_test
2012-07-01,5,79428.0,0.0,47001.0,31343.0,-2741.0,53897.0,True,West Coast,53897.0,51259.0,-79428.0,-0.0,-1084.0,52813.0,-1554.0,52540.070297172795,-1356.929702827205,-1281.070297172795,51655.444353093364,-396.44435309336404,3,cv_test
2012-08-01,5,77149.0,0.0,38313.0,30911.0,-2638.0,51259.0,True,West Coast,51259.0,51835.0,-77149.0,-0.0,-7925.0,43334.0,8501.0,50870.44038812645,-388.5596118735484,964.5596118735484,48971.60277095309,2863.39722904691,3,cv_test
2012-09-01,5,71785.0,0.0,35964.0,32807.0,576.0,51835.0,True,West Coast,51835.0,54344.0,-71785.0,-0.0,-3014.0,48821.0,5523.0,51982.81604391597,147.8160439159692,2361.183956084031,51202.41588798676,3141.584112013239,3,cv_test
2012-10-01,5,70755.0,0.0,37846.0,35429.0,2509.0,54344.0,True,West Coast,54344.0,54006.0,-70755.0,-0.0,2520.0,56864.0,-2858.0,54145.733853389735,-198.26614661026542,-139.73385338973458,54274.17307956297,-268.1730795629701,3,cv_test
2012-11-01,5,66839.0,0.0,30539.0,34461.0,-338.0,54006.0,True,West Coast,54006.0,55856.0,-66839.0,-0.0,-1839.0,52167.0,3689.0,53927.77645476176,-78.22354523823742,1928.2235452382374,53274.0289693183,2581.9710306816996,3,cv_test
2012-12-01,5,68790.0,0.0,28389.0,35224.0,1850.0,55856.0,True,West Coast,55856.0,55750.0,-68790.0,-0.0,-5177.0,50679.0,5071.0,55008.04590888142,-847.9540911185832,741.9540911185832,53403.00063644156,2346.9993635584397,3,cv_test
2013-01-01,5,67119.0,279.0,30836.0,35147.0,-106.0,55750.0,False,West Coast,55750.0,54874.0,-67119.0,-279.0,-1415.0,54335.0,539.0,55052.61274581564,-697.3872541843593,-178.61274581564066,44378.28716123561,10495.71283876439,3,cv_test
2013-02-01,5,63536.0,7.0,28095.0,31642.0,-876.0,54874.0,False,West Coast,54874.0,56036.0,-63536.0,-7.0,-3806.0,51068.0,4968.0,54118.31377417924,-755.686225820762,1917.686225820762,52696.97042985173,3339.0295701482682,3,cv_test
2013-03-01,5,68497.0,23.0,30626.0,35006.0,1162.0,56036.0,False,West Coast,56036.0,56312.0,-68497.0,-23.0,-2888.0,53148.0,3164.0,55135.12152603918,-900.8784739608236,1176.8784739608236,53160.88389953258,3151.1161004674213,3,cv_test
2013-04-01,5,66329.0,0.0,30705.0,33708.0,276.0,56312.0,True,West Coast,56312.0,52912.0,-66329.0,-0.0,-1916.0,54396.0,-1484.0,55227.13755279778,-1084.8624472022202,-2315.13755279778,54246.14949691754,-1334.14949691754,3,cv_test
2013-05-01,5,71903.0,0.0,32590.0,34483.0,-3400.0,52912.0,False,West Coast,52912.0,51769.0,-71903.0,-0.0,-4830.0,48082.0,3687.0,52897.258416883196,-14.741583116803668,-1128.2584168831963,51650.44459328724,118.55540671275958,3,cv_test
2013-06-01,5,73685.0,0.0,32789.0,32446.0,-1143.0,51769.0,True,West Coast,51769.0,51472.0,-73685.0,-0.0,-8450.0,43319.0,8153.0,51659.7231599762,-109.27684002379829,-187.7231599762017,49716.625092457805,1755.3749075421947,3,cv_test
2013-07-01,5,73426.0,2.0,36515.0,33911.0,-297.0,51472.0,False,West Coast,51472.0,51999.0,-73426.0,-2.0,-3002.0,48470.0,3529.0,51857.74906296473,385.7490629647291,141.2509370352709,51048.93061862467,950.0693813753314,3,cv_test
2013-08-01,5,75502.0,1.0,38786.0,31828.0,527.0,51999.0,False,West Coast,51999.0,52042.0,-75502.0,-1.0,-4889.0,47110.0,4932.0,51642.937562356325,-356.06243764367537,399.06243764367537,50301.509319452525,1740.4906805474748,3,cv_test
2013-09-01,5,73295.0,0.0,36482.0,33332.0,43.0,52042.0,True,West Coast,52042.0,51813.0,-73295.0,-0.0,-3481.0,48561.0,3252.0,52100.78289142647,58.78289142646827,-287.78289142646827,51176.21217892113,636.7878210788695,3,cv_test
2013-10-01,5,74639.0,2.0,38636.0,34608.0,-229.0,51813.0,False,West Coast,51813.0,50248.0,-74639.0,-2.0,-1397.0,50416.0,-168.0,52144.89460191076,331.8946019107607,-1896.8946019107607,51611.42215726328,-1363.4221572632814,3,cv_test
2013-11-01,5,70244.0,2.0,29137.0,34189.0,-1565.0,50248.0,False,West Coast,50248.0,48142.0,-70244.0,-2.0,-6920.0,43328.0,4814.0,51286.06403588435,1038.064035884352,-3144.064035884352,49920.268615150795,-1778.268615150795,3,cv_test
2013-12-01,5,75429.0,8.0,34075.0,35510.0,-2106.0,48142.0,False,West Coast,48142.0,50224.0,-75429.0,-8.0,-5852.0,42290.0,7934.0,49938.57513474143,1796.5751347414334,285.42486525856657,48766.78838647217,1457.2116135278266,3,cv_test
2014-01-01,5,72152.0,6.0,33120.0,35568.0,2082.0,50224.0,False,West Coast,50224.0,51226.0,-72152.0,-6.0,-3470.0,46754.0,4472.0,51463.57720932589,1239.577209325893,-237.5772093258929,50660.40125801003,565.5987419899684,3,cv_test
2014-02-01,5,65188.0,1.0,28019.0,31340.0,1002.0,51226.0,False,West Coast,51226.0,52920.0,-65188.0,-1.0,-5830.0,45396.0,7524.0,51704.72341594958,478.72341594957834,1215.2765840504217,51505.691108265586,1414.308891734414,4,cv_test
2014-03-01,5,74701.0,4.0,36315.0,34853.0,1694.0,52920.0,False,West Coast,52920.0,55423.0,-74701.0,-4.0,-3537.0,49383.0,6040.0,52818.747898671136,-101.25210132886423,2604.2521013288642,52315.39455851322,3107.605441486783,4,cv_test
2014-04-01,5,72157.0,5.0,34151.0,34346.0,2503.0,55423.0,False,West Coast,55423.0,57882.0,-72157.0,-5.0,-3665.0,51758.0,6124.0,54406.572690004454,-1016.4273099955462,3475.4273099955462,53796.38924199485,4085.6107580051466,4,cv_test
2014-05-01,5,73291.0,8.0,33566.0,35320.0,2459.0,57882.0,False,West Coast,57882.0,55874.0,-73291.0,-8.0,-4413.0,53469.0,2405.0,55993.39508122486,-1888.6049187751414,-119.39508122485859,55015.64216994216,858.3578300578374,4,cv_test
2014-06-01,5,69849.0,8.0,32467.0,32882.0,-2008.0,55874.0,False,West Coast,55874.0,53884.0,-69849.0,-8.0,-4508.0,51366.0,2518.0,54545.70036073402,-1328.299639265977,-661.700360734023,53929.053190906416,-45.05319090641569,4,cv_test
2014-07-01,5,77982.0,5.0,37245.0,32161.0,-1990.0,53884.0,False,West Coast,53884.0,50091.0,-77982.0,-5.0,-8581.0,45303.0,4788.0,52627.63480354457,-1256.3651964554301,-2536.63480354457,51389.48203796582,-1298.4820379658195,4,cv_test
2014-08-01,5,76767.0,6.0,34547.0,31609.0,-3793.0,50091.0,False,West Coast,50091.0,53870.0,-76767.0,-6.0,-10617.0,39474.0,14396.0,50256.683073387605,165.68307338760496,3613.316926612395,49121.08070090385,4748.919299096153,4,cv_test
2014-09-01,5,70909.0,886.0,35140.0,32938.0,3779.0,53870.0,False,West Coast,53870.0,54076.0,-70909.0,-886.0,-3717.0,50153.0,3923.0,53126.756947963666,-743.2430520363341,949.2430520363341,53019.49132513042,1056.508674869583,4,cv_test
2014-10-01,5,73646.0,14.0,35230.0,34717.0,206.0,54076.0,False,West Coast,54076.0,52061.0,-73646.0,-14.0,-3713.0,50363.0,1698.0,53558.33580742293,-517.6641925770673,-1497.3358074229327,52985.74075827889,-924.7407582788874,4,cv_test
2014-11-01,5,72768.0,21.0,30571.0,34034.0,-2015.0,52061.0,False,West Coast,52061.0,48955.0,-72768.0,-21.0,-8184.0,43877.0,5078.0,52179.325559223595,118.32555922359461,-3224.3255592235946,51250.0236409474,-2295.023640947402,4,cv_test
2014-12-01,5,77399.0,2.0,31401.0,35010.0,-3106.0,48955.0,False,West Coast,48955.0,50715.0,-77399.0,-2.0,-10990.0,37965.0,12750.0,50128.07359447509,1173.0735944750922,586.9264055249078,48879.11740737327,1835.882592626731,4,cv_test
2015-01-01,5,72859.0,1.0,33573.0,34650.0,1760.0,50715.0,False,West Coast,50715.0,53664.0,-72859.0,-1.0,-4637.0,46078.0,7586.0,51533.875169394574,818.8751693945742,2130.124830605426,51134.50530499781,2529.4946950021913,4,cv_test
2015-02-01,5,63524.0,0.0,28868.0,30944.0,2949.0,53664.0,True,West Coast,53664.0,57103.0,-63524.0,-0.0,-3712.0,49952.0,7151.0,53260.540474602705,-403.4595253972948,3842.459525397295,53213.626378182016,3889.373621817984,4,cv_test
2015-03-01,5,71669.0,309.0,35581.0,34491.0,3439.0,57103.0,False,West Coast,57103.0,56431.0,-71669.0,-309.0,-1906.0,55197.0,1234.0,55463.42586343424,-1639.5741365657595,967.5741365657595,55057.32382744403,1373.67617255597,4,cv_test
2015-04-01,5,67667.0,2381.0,30122.0,33412.0,-672.0,56431.0,False,West Coast,56431.0,57363.0,-67667.0,-2381.0,-6514.0,49917.0,7446.0,54649.91416894502,-1781.085831054981,2713.085831054981,54562.67194014843,2800.3280598515703,4,cv_test
2015-05-01,5,70641.0,207.0,32505.0,33440.0,932.0,57363.0,False,West Coast,57363.0,55067.0,-70641.0,-207.0,-4903.0,52460.0,2607.0,55459.953487097984,-1903.0465129020158,-392.9534870979842,54690.33704794901,376.6629520509887,4,cv_test
2015-06-01,5,71990.0,6.0,35158.0,30621.0,-2296.0,55067.0,False,West Coast,55067.0,51606.0,-71990.0,-6.0,-6217.0,48850.0,2756.0,53486.34629982222,-1580.6537001777833,-1880.3462998222167,52726.65890075998,-1120.6589007599832,4,cv_test
2015-07-01,5,78321.0,3.0,37672.0,31448.0,-3461.0,51606.0,False,West Coast,51606.0,50265.0,-78321.0,-3.0,-9204.0,42402.0,7863.0,51081.04784990185,-524.95215009815,-816.04784990185,49958.67230070643,306.32769929357164,4,cv_test
2015-08-01,5,79449.0,2.0,38877.0,30195.0,-1341.0,50265.0,False,West Coast,50265.0,49963.0,-79449.0,-2.0,-10379.0,39886.0,10077.0,49949.17926753868,-315.8207324613177,13.820732461317675,48791.14154091563,1171.8584590843675,4,cv_test
2015-09-01,5,75724.0,0.0,36321.0,31132.0,-302.0,49963.0,True,West Coast,49963.0,54597.0,-75724.0,-0.0,-8271.0,41692.0,12905.0,50202.52963837984,239.52963837984134,4394.470361620159,49431.942473681345,5165.057526318655,4,cv_test
2015-10-01,5,74439.0,0.0,37474.0,32845.0,4634.0,54597.0,False,West Coast,54597.0,56100.0,-74439.0,-0.0,-4120.0,50477.0,5623.0,53486.69889139625,-1110.3011086037513,2613.3011086037513,52861.069232161666,3238.930767838334,4,cv_test
2015-11-01,5,72993.0,0.0,34179.0,32612.0,1503.0,56100.0,False,West Coast,56100.0,54144.0,-72993.0,-0.0,-6202.0,49898.0,4246.0,54410.7549182406,-1689.2450817594,-266.7549182406001,54232.64501466116,-88.64501466116053,5,cv_test
2015-12-01,5,73215.0,0.0,32235.0,33489.0,-1956.0,54144.0,False,West Coast,54144.0,56084.0,-73215.0,-0.0,-7491.0,46653.0,9431.0,53339.08102053655,-804.9189794634513,2744.9189794634513,53123.71759469832,2960.282405301681,5,cv_test
2016-01-01,5,73477.0,0.0,38570.0,33243.0,1940.0,56084.0,True,West Coast,56084.0,56398.0,-73477.0,-0.0,-1664.0,54420.0,1978.0,54568.2576083486,-1515.7423916514017,1829.7423916514017,54624.89757911855,1773.1024208814488,5,cv_test
2016-02-01,5,66096.0,0.0,32266.0,30609.0,314.0,56398.0,True,West Coast,56398.0,54575.0,-66096.0,-0.0,-3221.0,53177.0,1398.0,54715.393330357314,-1682.606669642686,-140.39333035731397,55186.415647550355,-611.4156475503551,5,cv_test
2016-03-01,5,73995.0,0.0,32919.0,32752.0,-1823.0,54575.0,True,West Coast,54575.0,51786.0,-73995.0,-0.0,-8324.0,46251.0,5535.0,53406.0150513293,-1168.9849486707026,-1620.0150513292974,53140.96422870897,-1354.9642287089664,5,cv_test
2016-04-01,5,73400.0,0.0,34628.0,30703.0,-2789.0,51786.0,False,West Coast,51786.0,59504.0,-73400.0,-0.0,-8069.0,43717.0,15787.0,51383.0196294263,-402.9803705736995,8120.9803705736995,51561.4595951862,7942.540404813801,5,cv_test
2016-05-01,5,71485.0,913.0,43851.0,31969.0,7718.0,59504.0,False,West Coast,59504.0,58485.0,-71485.0,-913.0,3422.0,62926.0,-4441.0,56475.748881115156,-3028.251118884844,2009.251118884844,57076.11675932815,1408.8832406718502,5,cv_test
2016-06-01,5,71969.0,831.0,37732.0,29144.0,-1019.0,58485.0,False,West Coast,58485.0,54600.0,-71969.0,-831.0,-5924.0,52561.0,2039.0,55161.36856335602,-3323.6314366439765,-561.3685633560235,55421.40345417532,-821.4034541753208,5,cv_test
2016-07-01,5,77077.0,996.0,38746.0,29776.0,-3885.0,54600.0,False,West Coast,54600.0,50172.0,-77077.0,-996.0,-9551.0,45049.0,5123.0,52496.470039650325,-2103.529960349675,-2324.470039650325,52574.22046122902,-2402.2204612290225,5,cv_test
2016-08-01,5,78525.0,995.0,37252.0,30521.0,-4428.0,50172.0,False,West Coast,50172.0,49983.0,-78525.0,-995.0,-11747.0,38425.0,11558.0,49803.75734940222,-368.24265059777827,179.24265059777827,49928.03066647789,54.96933352210908,5,cv_test
2016-09-01,5,73997.0,0.0,40115.0,29263.0,-189.0,49983.0,True,West Coast,49983.0,50779.0,-73997.0,-0.0,-4619.0,45364.0,5415.0,50054.955694098826,71.95569409882592,724.0443059011741,50718.94280976562,60.05719023437996,5,cv_test
2016-10-01,5,64666.0,0.0,26956.0,31448.0,796.0,50779.0,True,West Coast,50779.0,52121.0,-64666.0,-0.0,-6262.0,44517.0,7604.0,51476.296368906296,697.2963689062963,644.7036310937037,52128.93563904021,-7.935639040209935,5,cv_test
2016-11-01,5,65019.0,0.0,29391.0,30906.0,1342.0,52121.0,True,West Coast,52121.0,51705.0,-65019.0,-0.0,-4722.0,47399.0,4306.0,52203.204584115716,82.20458411571599,-498.204584115716,52900.8908280255,-1195.8908280254982,5,cv_test
2016-12-01,5,69992.0,0.0,32793.0,31559.0,-416.0,51705.0,True,West Coast,51705.0,49807.0,-69992.0,-0.0,-5640.0,46065.0,3742.0,51742.45319073476,37.45319073476276,-1935.4531907347628,52147.718167802464,-2340.7181678024644,5,cv_test
2017-01-01,5,72727.0,0.0,33045.0,31603.0,-1898.0,49807.0,True,West Coast,49807.0,53997.0,-72727.0,-0.0,-8079.0,41728.0,12269.0,50380.502912007156,573.5029120071558,3616.497087992844,50644.9593186953,3352.040681304701,5,cv_test
2017-02-01,5,61445.0,0.0,31950.0,28767.0,4190.0,53997.0,True,West Coast,53997.0,55191.0,-61445.0,-0.0,-728.0,53269.0,1922.0,53257.78199259916,-739.2180074008429,1933.218007400843,54439.14872185336,751.8512781466416,5,cv_test
2017-03-01,5,72884.0,0.0,39227.0,31713.0,1194.0,55191.0,True,West Coast,55191.0,52748.0,-72884.0,-0.0,-1944.0,53247.0,-499.0,53782.36475517285,-1408.63524482715,-1034.36475517285,54055.70980341085,-1307.7098034108494,5,cv_test
2017-04-01,5,75567.0,0.0,36845.0,30682.0,-2443.0,52748.0,False,West Coast,52748.0,56513.0,-75567.0,-0.0,-8040.0,44708.0,11805.0,51831.625120454984,-916.3748795450156,4681.374879545016,51857.05006359548,4655.949936404519,5,cv_test
2017-05-01,5,73734.0,2207.0,41426.0,31085.0,3765.0,56513.0,False,West Coast,56513.0,54257.0,-73734.0,-2207.0,-3430.0,53083.0,1174.0,53997.460730194165,-2515.539269805835,259.5392698058349,54687.667256622735,-430.6672566227353,5,cv_test
2017-06-01,5,71197.0,250.0,37971.0,28591.0,-2256.0,54257.0,False,West Coast,54257.0,50858.0,-71197.0,-250.0,-4885.0,49372.0,1486.0,52659.92820587809,-1597.0717941219118,-1801.9282058780882,53232.126489122136,-2374.1264891221363,5,cv_test
2017-07-01,5,77608.0,0.0,38575.0,28578.0,-3399.0,50858.0,True,West Coast,50858.0,48478.0,-77608.0,-0.0,-10455.0,40403.0,8075.0,50133.69315490348,-724.306845096522,-1655.693154903478,50252.62451157028,-1774.6245115702768,5,cv_test
2017-08-01,5,80372.0,250.0,43973.0,29440.0,-2380.0,48478.0,False,West Coast,48478.0,48337.0,-80372.0,-250.0,-7209.0,41269.0,7068.0,48683.37960907902,205.37960907902016,-346.37960907902016,49263.964835528415,-926.9648355284153,6,cv_test
2017-09-01,5,76439.0,0.0,41533.0,29023.0,-141.0,48337.0,True,West Coast,48337.0,52498.0,-76439.0,-0.0,-5883.0,42454.0,10044.0,48835.56193253857,498.56193253857055,3662.4380674614295,49633.31733597606,2864.682664023938,6,cv_test
2017-10-01,5,70506.0,0.0,38886.0,30740.0,4161.0,52498.0,True,West Coast,52498.0,53896.0,-70506.0,-0.0,-880.0,51618.0,2278.0,52135.4351227957,-362.5648772042987,1760.5648772042987,52910.65602255109,985.3439774489088,6,cv_test
2017-11-01,5,72444.0,0.0,36494.0,29827.0,1398.0,53896.0,True,West Coast,53896.0,51108.0,-72444.0,-0.0,-6123.0,47773.0,3335.0,52606.179538646276,-1289.8204613537237,-1498.1795386462763,53003.83056754441,-1895.8305675444135,6,cv_test
2017-12-01,5,78219.0,0.0,42664.0,30459.0,-2788.0,51108.0,True,West Coast,51108.0,49964.0,-78219.0,-0.0,-5096.0,46012.0,3952.0,50684.11139626405,-423.888603735948,-720.111396264052,51075.99062440259,-1111.9906244025915,6,cv_test
2018-01-01,5,74189.0,245.0,38251.0,30255.0,-1144.0,49964.0,False,West Coast,49964.0,49005.0,-74189.0,-245.0,-5928.0,44036.0,4969.0,50140.52362321911,176.52362321910914,-1135.5236232191091,50832.527816150134,-1827.5278161501337,6,cv_test
2018-02-01,5,66684.0,274.0,35545.0,27834.0,-959.0,49005.0,False,West Coast,49005.0,49623.0,-66684.0,-274.0,-3579.0,45426.0,4197.0,49625.70487424273,620.7048742427287,-2.7048742427286925,51063.04265538525,-1440.0426553852521,6,cv_test
2018-03-01,5,79174.0,264.0,39602.0,29615.0,618.0,49623.0,False,West Coast,49623.0,51051.0,-79174.0,-264.0,-10221.0,39402.0,11649.0,49427.330806967766,-195.66919303223403,1623.669193032234,49792.82409427621,1258.1759057237869,6,cv_test
2018-04-01,5,69339.0,279.0,38377.0,28940.0,1428.0,51051.0,False,West Coast,51051.0,54765.0,-69339.0,-279.0,-2301.0,48750.0,6015.0,50927.99739833217,-123.00260166783119,3837.002601667831,52043.303970152905,2721.696029847095,6,cv_test
2018-05-01,5,71885.0,895.0,41562.0,29004.0,3714.0,54765.0,False,West Coast,54765.0,51140.0,-71885.0,-895.0,-2214.0,52551.0,-1411.0,52934.062316261436,-1830.9376837385644,-1794.0623162614356,53780.84039126643,-2640.840391266429,6,cv_test
2018-06-01,5,79106.0,1101.0,42862.0,27886.0,-3625.0,51140.0,False,West Coast,51140.0,49029.0,-79106.0,-1101.0,-9459.0,41681.0,7348.0,49909.35310493885,-1230.6468950611525,-880.3531049388475,50560.73692887192,-1531.73692887192,6,cv_test
2018-07-01,5,80475.0,2.0,40600.0,26326.0,-2111.0,49029.0,False,West Coast,49029.0,48728.0,-80475.0,-2.0,-13551.0,35478.0,13250.0,48382.393011958746,-646.6069880412542,345.6069880412542,48824.73314571457,-96.73314571457013,6,cv_test
2018-08-01,5,80627.0,0.0,50196.0,27814.0,-301.0,48728.0,True,West Coast,48728.0,49086.0,-80627.0,-0.0,-2617.0,46111.0,2975.0,48659.324432589216,-68.67556741078442,426.6755674107844,49534.366546227546,-448.36654622754577,6,cv_test
2018-09-01,5,76743.0,0.0,37720.0,27842.0,358.0,49086.0,True,West Coast,49086.0,49209.0,-76743.0,-0.0,-11181.0,37905.0,11304.0,48963.16640057168,-122.83359942831885,245.83359942831885,49528.079975442684,-319.0799754426844,6,cv_test
2018-10-01,5,73931.0,0.0,38489.0,28339.0,123.0,49209.0,False,West Coast,49209.0,46399.0,-73931.0,-0.0,-7103.0,42106.0,4293.0,49376.40324661898,167.40324661898194,-2977.403246618982,50205.29425512316,-3806.294255123161,6,cv_test
2018-11-01,5,75131.0,1162.0,36267.0,28478.0,-2810.0,46399.0,False,West Coast,46399.0,45152.0,-75131.0,-1162.0,-11548.0,34851.0,10301.0,47324.554487073896,925.5544870738959,-2172.554487073896,48394.822554368744,-3242.822554368744,6,cv_test
2018-12-01,5,75726.0,0.0,37318.0,28265.0,-1247.0,45152.0,True,West Coast,45152.0,49359.0,-75726.0,-0.0,-10143.0,35009.0,14350.0,46725.79417864761,1573.7941786476076,2633.2058213523924,47680.03109381815,1678.96890618185,6,cv_test
2019-01-01,5,74397.0,0.0,41227.0,29336.0,4207.0,49359.0,True,West Coast,49359.0,51643.0,-74397.0,-0.0,-3834.0,45525.0,6118.0,49677.97237425714,318.97237425713683,1965.0276257428632,50546.08956279686,1096.9104372031434,6,cv_test
2019-02-01,5,65732.0,0.0,36456.0,26353.0,2284.0,51643.0,True,West Coast,51643.0,49767.0,-65732.0,-0.0,-2923.0,48720.0,1047.0,51087.24480855919,-555.7551914408104,-1320.2448085591896,52444.74009698433,-2677.7400969843293,6,cv_test
2019-03-01,5,73133.0,1.0,35871.0,28153.0,-1876.0,49767.0,False,West Coast,49767.0,53082.0,-73133.0,-1.0,-9110.0,40657.0,12425.0,49694.70339332856,-72.29660667144344,3387.2966066714434,50424.53385522468,2657.466144775317,6,cv_test
2019-04-01,5,66245.0,754.0,34145.0,27756.0,3315.0,53082.0,False,West Coast,53082.0,52006.0,-66245.0,-754.0,-5098.0,47984.0,4022.0,52006.437584843894,-1075.562415156106,-0.4375848438940011,53163.97496454201,-1157.9749645420088,6,cv_test
2019-05-01,5,73848.0,1050.0,35621.0,28603.0,-1076.0,52006.0,False,West Coast,52006.0,50711.0,-73848.0,-1050.0,-10674.0,41332.0,9379.0,50876.2729202967,-1129.727079703298,-165.27292029670207,51125.643525177715,-414.64352517771476,7,cv_test
2019-06-01,5,74438.0,1096.0,40398.0,27187.0,-1295.0,50711.0,False,West Coast,50711.0,49031.0,-74438.0,-1096.0,-7949.0,42762.0,6269.0,49840.47095055869,-870.529049441313,-809.470950558687,50389.44453177554,-1358.444531775538,7,cv_test
2019-07-01,5,77848.0,950.0,37558.0,27750.0,-1680.0,49031.0,False,West Coast,49031.0,45344.0,-77848.0,-950.0,-13490.0,35541.0,9803.0,48631.038301983106,-399.96169801689393,-3287.038301983106,48895.255621610995,-3551.255621610995,7,cv_test
2019-08-01,5,79047.0,0.0,43866.0,25462.0,-3687.0,45344.0,True,West Coast,45344.0,46239.0,-79047.0,-0.0,-9719.0,35625.0,10614.0,46144.08476908204,800.0847690820374,94.91523091796262,47012.89050290636,-773.8905029063608,7,cv_test
2019-09-01,5,70689.0,2526.0,38945.0,26756.0,895.0,46239.0,False,West Coast,46239.0,51006.0,-70689.0,-2526.0,-7514.0,38725.0,12281.0,47022.92901942952,783.9290194295172,3983.070980570483,48102.94072045808,2903.0592795419216,7,cv_test
2019-10-01,5,74825.0,84.0,42824.0,28319.0,4767.0,51006.0,False,West Coast,51006.0,52413.0,-74825.0,-84.0,-3766.0,47240.0,5173.0,50458.52172277011,-547.4782772298931,1954.4782772298931,51090.15130308739,1322.8486969126097,7,cv_test
2019-11-01,5,72404.0,284.0,37064.0,27557.0,1407.0,52413.0,False,West Coast,52413.0,52898.0,-72404.0,-284.0,-8067.0,44346.0,8552.0,51212.527006501936,-1200.4729934980642,1685.4729934980642,51702.08189721208,1195.9181027879167,7,cv_test
2019-12-01,5,74863.0,0.0,39313.0,27879.0,485.0,52898.0,True,West Coast,52898.0,52073.0,-74863.0,-0.0,-7671.0,45227.0,6846.0,51471.975760620786,-1426.0242393792141,601.0242393792141,51818.04824003797,254.95175996203034,7,cv_test
2020-01-01,5,69902.0,2262.0,37056.0,27841.0,-825.0,52073.0,False,West Coast,52073.0,52311.0,-69902.0,-2262.0,-7267.0,44806.0,7505.0,50869.62690081942,-1203.3730991805787,1441.3730991805787,51450.07482573237,860.9251742676279,7,cv_test
2020-02-01,5,69857.0,0.0,34651.0,26490.0,238.0,52311.0,True,West Coast,52311.0,57074.0,-69857.0,-0.0,-8716.0,43595.0,13479.0,51156.01526541301,-1154.984734586993,5917.984734586993,51822.96422123478,5251.035778765217,7,cv_test
2020-03-01,5,66945.0,0.0,34830.0,26638.0,4763.0,57074.0,True,West Coast,57074.0,56720.0,-66945.0,-0.0,-5477.0,51597.0,5123.0,54322.39370142266,-2751.6062985773387,2397.6062985773387,54857.115840326886,1862.8841596731145,7,cv_test
2020-04-01,5,49573.0,1300.0,21051.0,26640.0,-354.0,56720.0,False,West Coast,56720.0,57391.0,-49573.0,-1300.0,-3182.0,53538.0,3853.0,54988.99286472886,-1731.0071352711384,2402.0071352711384,56357.30716989616,1033.6928301038424,7,cv_test
2020-05-01,5,51266.0,3570.0,23571.0,24922.0,671.0,57391.0,False,West Coast,57391.0,56563.0,-51266.0,-3570.0,-6343.0,51048.0,5515.0,54518.26182122885,-2872.7381787711493,2044.7381787711493,55688.05415472115,874.9458452788531,7,cv_test
2020-06-01,5,52552.0,1300.0,25648.0,23243.0,-828.0,56563.0,False,West Coast,56563.0,54137.0,-52552.0,-1300.0,-4961.0,51602.0,2535.0,54068.77383149,-2494.226168510002,68.22616851000203,55499.409486125805,-1362.4094861258054,7,cv_test
2020-07-01,5,57042.0,85.0,23262.0,26378.0,-2426.0,54137.0,False,West Coast,54137.0,54804.0,-57042.0,-85.0,-7487.0,46650.0,8154.0,53046.90224446444,-1090.0977555355566,1757.0977555355566,54174.176059310106,629.8239406898938,7,cv_test
2020-08-01,5,59391.0,1300.0,29134.0,26035.0,667.0,54804.0,False,West Coast,54804.0,51428.0,-59391.0,-1300.0,-5522.0,49282.0,2146.0,53064.28186435337,-1739.7181356466317,-1636.2818643533683,54111.61181627237,-2683.6118162723724,7,cv_test
2020-09-01,5,57948.0,2368.0,28505.0,25559.0,-3376.0,51428.0,False,West Coast,51428.0,51073.0,-57948.0,-2368.0,-6252.0,45176.0,5897.0,50807.04574991927,-620.9542500807293,265.95425008072925,52162.22993668867,-1089.2299366886728,7,cv_test
2020-10-01,5,57760.0,2112.0,27362.0,26481.0,-355.0,51073.0,False,West Coast,51073.0,46690.0,-57760.0,-2112.0,-6029.0,45044.0,1646.0,50817.65791288823,-255.34208711177052,-4127.6579128882295,52157.65611135557,-5467.656111355573,7,cv_test
2020-11-01,5,56324.0,2101.0,23811.0,26104.0,-4383.0,46690.0,False,West Coast,46690.0,45098.0,-56324.0,-2101.0,-8510.0,38180.0,6918.0,48126.34367786702,1436.343677867022,-3028.343677867022,49803.99507109805,-4705.995071098048,7,cv_test
2020-12-01,5,56523.0,1051.0,25974.0,26866.0,-1592.0,45098.0,False,West Coast,45098.0,47258.0,-56523.0,-1051.0,-4734.0,40364.0,6894.0,47540.25531145504,2442.255311455039,-282.2553114550392,49472.12258420457,-2214.122584204568,7,cv_test
2021-01-01,5,56999.0,1077.0,27102.0,26261.0,2160.0,47258.0,False,West Coast,47258.0,51532.0,-56999.0,-1077.0,-4713.0,42545.0,8987.0,48713.42440494448,1455.4244049444824,2818.5755950555176,50495.92869173466,1036.0713082653383,7,cv_test
2021-02-01,5,52223.0,1052.0,31507.0,23806.0,4274.0,51532.0,False,West Coast,51532.0,48325.0,-52223.0,-1052.0,2038.0,53570.0,-5245.0,51301.422574733035,-230.5774252669653,-2976.4225747330347,52996.10774446023,-4671.107744460227,8,cv_test
2021-03-01,5,62685.0,998.0,27847.0,26162.0,-3207.0,48325.0,False,West Coast,48325.0,48041.0,-62685.0,-998.0,-9674.0,38651.0,9390.0,48916.151677251226,591.1516772512259,-875.1516772512259,49593.25856554225,-1552.2585655422517,8,cv_test
2021-04-01,5,62336.0,2346.0,33893.0,25114.0,-284.0,48041.0,False,West Coast,48041.0,48296.0,-62336.0,-2346.0,-5675.0,42366.0,5930.0,48408.95405226735,367.95405226734874,-112.95405226734874,48992.41728869305,-696.4172886930464,8,cv_test
2021-05-01,5,66275.0,1048.0,35473.0,25767.0,255.0,48296.0,False,West Coast,48296.0,47846.0,-66275.0,-1048.0,-6083.0,42213.0,5633.0,48663.7677664118,367.76776641180186,-817.7677664118019,49521.864804623605,-1675.8648046236049,8,cv_test
2021-06-01,5,67304.0,1046.0,39483.0,24940.0,-450.0,47846.0,False,West Coast,47846.0,45141.0,-67304.0,-1046.0,-3927.0,43919.0,1222.0,48218.72246452376,372.7224645237584,-3077.7224645237584,49295.111195471036,-4154.111195471036,8,cv_test
2021-07-01,5,67896.0,0.0,38405.0,23886.0,-2705.0,45141.0,True,West Coast,45141.0,46345.0,-67896.0,-0.0,-5605.0,39536.0,6809.0,46503.9129396621,1362.9129396620992,-158.91293966209923,48036.00857805202,-1691.0085780520167,8,cv_test
2021-08-01,5,68947.0,1252.0,41657.0,24689.0,1204.0,46345.0,False,West Coast,46345.0,47895.0,-68947.0,-1252.0,-3853.0,42492.0,5403.0,47122.765466523764,777.7654665237642,772.2345334762358,48182.182298045416,-287.18229804541625,8,cv_test
2021-09-01,5,66955.0,0.0,39425.0,24592.0,1550.0,47895.0,True,West Coast,47895.0,48905.0,-66955.0,-0.0,-2938.0,44957.0,3948.0,48414.56580636889,519.5658063688898,490.43419363111025,49953.55991910501,-1048.5599191050133,8,cv_test
2021-10-01,5,65953.0,0.0,37378.0,25101.0,1010.0,48905.0,True,West Coast,48905.0,48624.0,-65953.0,-0.0,-3474.0,45431.0,3193.0,49172.46293279326,267.46293279326346,-548.4629327932635,50606.83624286731,-1982.8362428673136,8,cv_test
2021-11-01,5,62143.0,0.0,33430.0,24976.0,-281.0,48624.0,True,West Coast,48624.0,46748.0,-62143.0,-0.0,-3737.0,44887.0,1861.0,49209.51105095881,585.5110509588121,-2461.511050958812,50717.236193113014,-3969.2361931130145,8,cv_test
2021-12-01,5,64192.0,1028.0,34034.0,25722.0,-1876.0,46748.0,False,West Coast,46748.0,51196.0,-64192.0,-1028.0,-5464.0,41284.0,9912.0,47857.031870600396,1109.0318706003964,3338.9681293996036,48852.56584161121,2343.434158388787,8,cv_test
2022-01-01,5,63658.0,0.0,36130.0,25056.0,4448.0,51196.0,True,West Coast,51196.0,49640.0,-63658.0,-0.0,-2472.0,48724.0,916.0,50719.631298922264,-476.36870107773575,-1079.6312989222642,52181.779585785785,-2541.7795857857855,8,cv_test
2022-02-01,5,59329.0,603.0,31579.0,23070.0,-1556.0,49640.0,False,West Coast,49640.0,46797.0,-59329.0,-603.0,-5283.0,44357.0,2440.0,49523.75323994382,-116.24676005617948,-2726.7532399438205,50953.29526399147,-4156.295263991473,8,cv_test
2022-03-01,5,70816.0,945.0,36752.0,25045.0,-2843.0,46797.0,False,West Coast,46797.0,48399.0,-70816.0,-945.0,-9964.0,36833.0,11566.0,47287.931512869,490.93151286899956,1111.0684871310004,47998.506103156746,400.49389684325433,8,cv_test
2022-04-01,5,62466.0,0.0,35475.0,24325.0,1602.0,48399.0,True,West Coast,48399.0,46490.0,-62466.0,-0.0,-2666.0,45733.0,757.0,48956.03159363258,557.0315936325787,-2466.0315936325787,50601.413470947955,-4111.413470947955,8,cv_test
2022-05-01,5,68588.0,0.0,31705.0,24331.0,-1909.0,46490.0,True,West Coast,46490.0,46323.0,-68588.0,-0.0,-12552.0,33938.0,12385.0,47233.027905022434,743.0279050224344,-910.0279050224344,48240.50344753651,-1917.50344753651,8,cv_test
2022-06-01,5,66257.0,0.0,38668.0,22696.0,-167.0,46323.0,True,West Coast,46323.0,50121.0,-66257.0,-0.0,-4893.0,41430.0,8691.0,47125.193700199445,802.1937001994447,2995.8062998005553,48818.77747556434,1302.2225244356596,8,cv_test
2022-07-01,5,65729.0,0.0,37862.0,24566.0,3798.0,50121.0,True,West Coast,50121.0,48567.0,-65729.0,-0.0,-3301.0,46820.0,1747.0,49834.16520184993,-286.8347981500701,-1267.1652018499299,51300.29205336944,-2733.2920533694414,8,cv_test
2022-08-01,5,68910.0,0.0,35466.0,23227.0,-1554.0,48567.0,True,West Coast,48567.0,48438.0,-68910.0,-0.0,-10217.0,38350.0,10088.0,48323.59280463846,-243.4071953615421,114.40719536154211,49516.73295420209,-1078.7329542020889,8,cv_test
2022-09-01,5,64646.0,0.0,37855.0,23507.0,-129.0,48438.0,True,West Coast,48438.0,49593.0,-64646.0,-0.0,-3284.0,45154.0,4439.0,48687.323381244234,249.32338124423404,905.676618755766,50345.770559124874,-752.7705591248741,8,cv_test
2022-10-01,5,66081.0,0.0,37646.0,22993.0,1155.0,49593.0,True,West Coast,49593.0,48722.0,-66081.0,-0.0,-5442.0,44151.0,4571.0,49169.85869325801,-423.1413067419926,-447.8586932580074,50690.644578001935,-1968.6445780019349,8,cv_test
2022-11-01,5,69001.0,0.0,40374.0,23044.0,-871.0,48722.0,True,West Coast,48722.0,48002.0,-69001.0,-0.0,-5583.0,43139.0,4863.0,48465.68224232522,-256.31775767477666,-463.68224232522334,49021.83455365501,-1019.8345536550114,9,cv_test
2022-12-01,5,69562.0,980.0,37673.0,23815.0,-720.0,48002.0,False,West Coast,48002.0,48005.0,-69562.0,-980.0,-9054.0,38948.0,9057.0,47889.65346860985,-112.34653139014699,115.34653139014699,48217.00987619413,-212.00987619413354,9,cv_test
2023-01-01,5,62558.0,0.0,35031.0,24152.0,3.0,48005.0,True,West Coast,48005.0,49287.0,-62558.0,-0.0,-3375.0,44630.0,4657.0,48666.3592885829,661.3592885828984,620.6407114171016,49179.30997159556,107.69002840443864,9,cv_test
2023-02-01,5,58167.0,0.0,33136.0,21938.0,1282.0,49287.0,True,West Coast,49287.0,49402.0,-58167.0,-0.0,-3093.0,46194.0,3208.0,49327.40327030189,40.40327030188928,74.59672969811072,49954.12652007411,-552.1265200741109,9,cv_test
2023-03-01,5,67587.0,1053.0,38525.0,23889.0,115.0,49402.0,False,West Coast,49402.0,52191.0,-67587.0,-1053.0,-6226.0,43176.0,9015.0,48916.64325057396,-485.35674942604237,3274.3567494260424,49261.37007880218,2929.6299211978185,9,cv_test
2023-04-01,5,63457.0,0.0,39169.0,23347.0,2789.0,52191.0,True,West Coast,52191.0,51745.0,-63457.0,-0.0,-941.0,51250.0,495.0,51060.61436733701,-1130.3856326629902,684.3856326629902,51661.39732352615,83.60267647384899,9,cv_test
2023-05-01,5,68527.0,0.0,36493.0,24050.0,-446.0,51745.0,True,West Coast,51745.0,49774.0,-68527.0,-0.0,-7984.0,43761.0,6013.0,50470.781967627925,-1274.218032372075,-696.781967627925,50976.11811609172,-1202.1181160917185,9,cv_test
2023-06-01,5,69556.0,1300.0,41578.0,23236.0,-1971.0,49774.0,False,West Coast,49774.0,44796.0,-69556.0,-1300.0,-6042.0,43732.0,1064.0,48863.6471843879,-910.3528156121029,-4067.647184387897,49205.84098556795,-4409.840985567949,9,cv_test
2023-07-01,5,70751.0,0.0,35549.0,23059.0,-4978.0,44796.0,False,West Coast,44796.0,45906.0,-70751.0,-0.0,-12143.0,32653.0,13253.0,45848.146651132796,1052.1466511327963,57.85334886720375,46321.43165948623,-415.4316594862321,9,cv_test
2023-08-01,5,70659.0,760.0,45378.0,22932.0,1110.0,45906.0,False,West Coast,45906.0,43997.0,-70659.0,-760.0,-3109.0,42797.0,1200.0,46537.88493099388,631.8849309938814,-2540.8849309938814,46983.27326188265,-2986.2732618826485,9,cv_test
2023-09-01,5,69813.0,0.0,41862.0,22878.0,-1909.0,43997.0,True,West Coast,43997.0,44355.0,-69813.0,-0.0,-5073.0,38924.0,5431.0,45518.58596799981,1521.5859679998102,-1163.5859679998102,46057.704643777,-1702.7046437769968,9,cv_test
2023-10-01,5,64347.0,0.0,35680.0,25390.0,358.0,44355.0,True,West Coast,44355.0,50123.0,-64347.0,-0.0,-3277.0,41078.0,9045.0,46556.85191084567,2201.8519108456676,3566.1480891543324,46989.20446965675,3133.7955303432536,9,cv_test
2023-11-01,5,61597.0,2.0,39109.0,23130.0,5768.0,50123.0,False,West Coast,50123.0,49423.0,-61597.0,-2.0,640.0,50763.0,-1340.0,49906.656225010716,-216.3437749892837,-483.6562250107163,50516.9796085368,-1093.9796085367998,9,cv_test
2023-12-01,5,66840.0,0.0,32319.0,23891.0,-700.0,49423.0,True,West Coast,49423.0,46173.0,-66840.0,-0.0,-10630.0,38793.0,7380.0,49083.7145831829,-339.2854168171034,-2910.7145831828966,49556.989556000495,-3383.989556000495,9,cv_test
2024-01-01,5,64063.0,0.0,36317.0,23498.0,-3250.0,46173.0,False,West Coast,46173.0,49347.0,-64063.0,-0.0,-4248.0,41925.0,7422.0,47324.82666323453,1151.826663234533,2022.173336765467,47850.91776744343,1496.0822325565678,9,cv_test
2024-02-01,5,57147.0,1000.0,35575.0,22148.0,3174.0,49347.0,False,West Coast,49347.0,47617.0,-57147.0,-1000.0,-424.0,48923.0,-1306.0,49334.03942451447,-12.960575485529262,-1717.0394245144707,49814.18635676442,-2197.1863567644177,9,cv_test
2024-03-01,5,65063.0,0.0,33354.0,23679.0,-1730.0,47617.0,True,West Coast,47617.0,45362.0,-65063.0,-0.0,-8030.0,39587.0,5775.0,48104.32347107101,487.3234710710094,-2742.3234710710094,48598.03105289754,-3236.0310528975388,9,cv_test
2024-04-01,5,63240.0,0.0,33264.0,22619.0,-2255.0,45362.0,True,West Coast,45362.0,46523.0,-63240.0,-0.0,-7357.0,38005.0,8518.0,46666.95221150863,1304.9522115086293,-143.95221150862926,47201.80949079634,-678.8094907963387,9,cv_test
2024-05-01,5,67200.0,760.0,38922.0,22998.0,1161.0,46523.0,False,West Coast,46523.0,44390.0,-67200.0,-760.0,-6040.0,40483.0,3907.0,47084.5825553086,561.5825553086033,-2694.5825553086033,47501.95403174528,-3111.9540317452775,9,cv_test
2024-06-01,5,66793.0,1000.0,40276.0,21418.0,-2133.0,44390.0,False,West Coast,44390.0,48679.0,-66793.0,-1000.0,-6099.0,38291.0,10388.0,45484.2042203477,1094.204220347703,3194.795779652297,45924.731358233534,2754.2686417664663,9,cv_test
2024-07-01,5,70227.0,0.0,47881.0,22416.0,4289.0,48679.0,True,West Coast,48679.0,48397.0,-70227.0,-0.0,70.0,48749.0,-352.0,48356.44507245094,-322.554927549063,40.554927549062995,48993.81800028356,-596.8180002835579,9,cv_test
2024-08-01,5,70443.0,0.0,44041.0,22136.0,-282.0,48397.0,True,West Coast,48397.0,44599.0,-70443.0,-0.0,-4266.0,44131.0,468.0,48040.79601194557,-356.20398805443256,-3441.7960119455674,48305.19875761957,-3706.198757619568,10,cv_test
2024-09-01,5,66749.0,1989.0,37798.0,20989.0,-3798.0,44599.0,False,West Coast,44599.0,45253.0,-66749.0,-1989.0,-9951.0,34648.0,10605.0,45287.83471465696,688.8347146569577,-34.83471465695766,45332.06121374615,-79.06121374615032,10,cv_test
2024-10-01,5,66124.0,0.0,38549.0,22315.0,654.0,45253.0,True,West Coast,45253.0,49689.0,-66124.0,-0.0,-5260.0,39993.0,9696.0,46407.004222936754,1154.0042229367536,3281.9957770632464,46693.12772985224,2995.87227014776,10,cv_test
2024-11-01,5,66098.0,1.0,41480.0,21669.0,4436.0,49689.0,False,West Coast,49689.0,49330.0,-66098.0,-1.0,-2950.0,46739.0,2591.0,49036.564312263115,-652.4356877368846,293.4356877368846,49340.0416218834,-10.041621883399785,10,cv_test
2024-12-01,5,65905.0,0.0,36435.0,22124.0,-359.0,49330.0,True,West Coast,49330.0,48567.0,-65905.0,-0.0,-7346.0,41984.0,6583.0,48829.82308503065,-500.17691496935004,-262.82308503064996,49128.99790141433,-561.9979014143319,10,cv_test
2025-01-01,5,66129.0,1048.0,41823.0,22202.0,-763.0,48567.0,False,West Coast,48567.0,47148.0,-66129.0,-1048.0,-3152.0,45415.0,1733.0,48254.617718419075,-312.38228158092534,-1106.6177184190747,48407.31254534412,-1259.312545344117,10,cv_test
2025-02-01,5,58365.0,0.0,33030.0,19989.0,-1419.0,47148.0,True,West Coast,47148.0,45729.0,-58365.0,-0.0,-5346.0,41802.0,3927.0,47622.458771840604,474.45877184060373,-1893.4587718406037,48007.06900061418,-2278.0690006141813,10,cv_test
2025-03-01,5,61278.0,72.0,33844.0,22099.0,-1419.0,45729.0,False,West Coast,45729.0,48608.0,-61278.0,-72.0,-5407.0,40322.0,8286.0,46941.8532221108,1212.8532221108035,1666.1467778891965,47256.160768029906,1351.8392319700943,10,cv_test
2025-04-01,5,55981.0,1048.0,31647.0,21414.0,2879.0,48608.0,False,West Coast,48608.0,49527.0,-55981.0,-1048.0,-3968.0,44640.0,4887.0,48750.401922768375,142.4019227683748,776.5980772316252,48987.14337833426,539.8566216657418,10,cv_test
2025-05-01,5,62022.0,0.0,35180.0,21906.0,919.0,49527.0,False,West Coast,49527.0,46992.0,-62022.0,-0.0,-4936.0,44591.0,2401.0,49195.41660223252,-331.58339776747744,-2203.4166022325226,49523.54183475318,-2531.5418347531813,10,cv_test
2025-06-01,5,65549.0,0.0,35439.0,20832.0,-2535.0,46992.0,True,West Coast,46992.0,44754.0,-65549.0,-0.0,-9278.0,37714.0,7040.0,47161.41328386656,169.41328386656096,-2407.413283866561,47484.349615433035,-2730.349615433035,10,cv_test
2025-07-01,5,68427.0,71.0,39050.0,19415.0,-2238.0,44754.0,False,West Coast,44754.0,46079.0,-68427.0,-71.0,-10033.0,34721.0,11358.0,45340.82214293684,586.8221429368423,738.1778570631577,45657.719756519975,421.2802434800251,10,cv_test
2025-08-01,5,69702.0,0.0,42538.0,20285.0,1325.0,46079.0,True,West Coast,46079.0,45411.0,-69702.0,-0.0,-6879.0,39200.0,6211.0,46295.72043120902,216.720431209018,-884.720431209018,46597.28003215059,-1186.280032150593,10,cv_test
2025-09-01,5,64824.0,46.0,34813.0,20503.0,-668.0,45411.0,False,West Coast,45411.0,48782.0,-64824.0,-46.0,-9554.0,35857.0,12925.0,46171.39287029194,760.3928702919366,2610.6071297080634,46496.83599665975,2285.164003340251,10,cv_test
2025-10-01,5,59215.0,0.0,30019.0,21332.0,3371.0,48782.0,True,West Coast,48782.0,45164.0,-59215.0,-0.0,-7864.0,40918.0,4246.0,48758.20181789287,-23.798182107129833,-3594.20181789287,49116.84504314943,-3952.8450431494275,10,cv_test
2025-11-01,5,57286.0,0.0,28788.0,20500.0,-3618.0,45164.0,False,West Coast,45164.0,46424.0,-57286.0,-0.0,-7998.0,37166.0,9258.0,46523.33369803474,1359.3336980347376,-99.33369803473761,46904.62753281438,-480.627532814382,10,cv_test
2025-12-01,5,62624.0,85.0,32179.0,21459.0,1260.0,46424.0,False,West Coast,46424.0,44359.0,-62624.0,-85.0,-9071.0,37353.0,7006.0,47096.977080668104,672.9770806681045,-2737.9770806681045,47415.92125156958,-3056.9212515695835,10,cv_test
2026-01-01,5,62534.0,0.0,37456.0,21284.0,-2065.0,44359.0,True,West Coast,44359.0,43997.0,-62534.0,-0.0,-3794.0,40565.0,3432.0,45927.32509120907,1568.3250912090734,-1930.3250912090734,46254.2536185061,-2257.2536185061035,10,cv_test
2026-02-01,5,53046.0,735.0,26839.0,18836.0,-362.0,43997.0,False,West Coast,43997.0,44981.0,-53046.0,-735.0,-8106.0,35891.0,9090.0,45642.82250285726,1645.8225028572633,-661.8225028572633,45983.97468613476,-1002.9746861347594,10,cv_test
2026-03-01,5,59721.0,0.0,30787.0,21208.0,984.0,44981.0,True,West Coast,44981.0,46089.0,-59721.0,-0.0,-7726.0,37255.0,8834.0,46393.169449625246,1412.1694496252458,-304.16944962524576,46744.44274227931,-655.4427422793087,10,cv_test
2026-04-01,5,56368.0,760.0,28793.0,20888.0,1108.0,46089.0,False,West Coast,46089.0,47371.0,-56368.0,-760.0,-7447.0,38642.0,8729.0,47086.01053285855,997.0105328585487,284.9894671414513,47366.51309978187,4.486900218129449,10,cv_test
2026-05-01,5,58174.0,2230.0,31505.0,21441.0,1282.0,47371.0,False,West Coast,47371.0,,-58174.0,-2230.0,-7458.0,39913.0,,47589.00277380203,218.00277380202897,,,,,forecast
